true_temperature,true_u,true_density,pred_temperature,pred_u,pred_density
512.531112,1.168608429,610.0754296,513.3399433615003,1.2115097393199998,609.1001170145001
1077.606261,0.7116918756,49.25490825,1111.4389974550038,0.7398847960555008,47.34586310884993
957.1902887,1.27335816,58.09624201,983.6824914519972,1.310324007952004,55.86990126712007
670.7811873,0.2912914956,250.2199476,702.2948924724997,0.2420053668576997,197.2628672519998
850.1837745,1.891595699,70.67531303,878.7790871665014,2.179054607370004,67.12987888774997
804.8726436,2.045241697,78.94475549,817.5651364824995,2.254031395725002,76.3082987455002
1148.220444,0.3215908345,45.44673314,1186.7361555600019,0.33444080421225025,43.67099462184995
1031.341915,0.9631760508,52.21073787,1056.0055561020004,1.029671612080002,50.65535815039997
667.5623593,0.0576083123,279.7199755,687.3549612294985,0.21051858223638983,148.63383710699983
597.1179798,1.699946113,497.2932622,598.1925703574999,1.7570559439000046,494.76676190250015
655.9245027,2.29108198,368.0228011,664.7965782190015,2.6054219164500023,305.036490821499
740.5310224,0.8926435055,102.165574,942.3816925040009,0.9845247811519994,70.40954997284983
476.6313071,1.048576039,646.4277893,477.95932541549985,1.0383375177039986,645.164547375501
1189.855304,0.2366945748,43.50148533,1235.6908345599984,0.22209242666604992,41.60461845349993
1247.080655,0.01605318617,41.1457021,1273.606520535003,0.016160912264030027,40.169585094599896
533.1108891,1.129462072,587.190702,532.4635232030004,1.1639125881399979,587.642333055999
659.2175146,1.656469101,354.7289249,674.9798522240013,2.2631300713200067,221.57302224649956
473.0,0.1465250034,649.8533325,473.0,0.14638121901250034,649.8533325000019
975.4053112,0.6130002096,56.49111641,1208.1453489686223,0.6647539170141232,43.20034618192497
800.4612023,0.4776280674,79.66987662,961.8068717699991,0.41164584637508994,67.64795953549991
607.1255919,1.771161105,481.9727523,608.5748704919988,1.8369204547400044,477.9184021635003
1128.263564,0.1678381321,46.43778427,1162.2897534399997,0.1540038909349,44.76370363035009
526.7785762,1.47752864,594.2322595,534.7500085342501,1.4928094999249995,585.360956307
549.6621471,1.553215652,567.6807096,561.4032888669994,1.6187697552150018,551.7111534175004
473.0,0.8050287952,649.8533325,473.0,0.8140025309257517,649.8533325000019
473.0,0.05618926681,649.8533325,473.0,0.05490263424049987,649.8533325000019
473.0,0.01331516312,649.8533325,473.0,0.013342585330600025,649.8533325000019
484.210404,1.073760607,638.9890786,484.8808374249991,1.071235931505,638.3105941829998
657.4929847,0.07508267482,361.6908419,669.0057490699988,0.6854618177275014,266.00644736199934
979.1677073,1.260869245,56.26411629,980.668109872002,1.3017134761500047,65.53951752720019
1167.307264,0.1387609801,44.53181623,1204.680952150001,0.14551916646005014,42.8708955835999
1107.993706,0.04634683601,47.52087153,1125.2555649149979,0.05219597223274992,46.60227482015006
505.6887317,1.220675519,617.2530085,504.2999863815001,1.272438295669997,618.6565378004996
975.2073489,1.208801877,56.48610412,1003.8042607649969,1.2549084294450006,54.2188183935998
759.210166,1.855590483,91.06395358,781.952298205999,1.0077755809849993,84.91413783544998
504.5166197,1.004214165,618.4391898,508.36419537600034,1.032765149038002,614.3928380369989
591.3387422,1.813660278,505.7978111,608.297919699836,1.9490649496302646,479.7773192670009
1112.014764,0.2248319561,47.30601281,1144.5174284199993,0.2131684787517996,45.63118700674996
705.0184301,0.1815309607,121.4517966,727.901538242499,1.2597178884510012,104.90702445630012
473.0,0.4232706112,649.8533325,473.0,0.42847137457900075,649.8533325000019
738.8473261,0.4188499586,99.01787081,851.3692696421672,0.3128319294093824,71.87343795495019
617.9368755,2.1022122,464.1987415,635.5579924960001,2.381056026745002,429.22460134299973
473.2352274,1.038307244,649.6314379,473.7226514999994,0.9980222466345008,649.171631878501
473.0,0.02626194671,649.8533325,473.0,0.025644618831843345,649.8533325000019
620.6959808,1.643474912,458.6980841,622.4533059439992,1.6749214733400004,454.37068473550016
948.2778889,1.425056068,58.84866073,962.7356881690004,1.6620678953615033,57.850299375499944
540.8480272,1.119941806,578.3577891,540.9051691705007,1.1320716619599998,577.4427783405001
941.034134,1.502768907,59.54672368,955.9129356580014,1.7089053275765036,58.58886681409994
484.7815887,1.074415572,638.4110327,484.7875079844988,1.0736244021699988,638.4050445445006
473.0,0.0343330304,649.8533325,473.0,0.03439854623804669,649.8533325000019
898.4203236,1.532926954,64.15232987,917.0184749494974,1.633861189339998,62.09397846684991
655.2477184,2.271153155,370.7549492,662.4786069730005,2.5348077756799996,322.05642208599966
583.7302127,0.5714853337,516.5714629,589.1489428140003,0.5982465010614996,507.8163654725003
1126.077798,0.519605972,46.55817159,1236.3304650669975,0.5332491814999996,41.83635010614998
1197.212709,0.09796760021,43.18746076,1234.5500072700013,0.09393450914165498,41.64233521864994
1032.997675,0.6851281263,52.09309649,1042.2293400100018,0.8529697486185005,51.493413184049956
899.1017716,0.1135388948,64.00312981,1065.656444243002,0.07563613804678009,50.0838055422
1064.111148,0.7519394797,50.0669234,1094.0202825125027,0.8040803364134992,48.32098863512496
1131.685314,0.4009940316,46.2619152,1157.1324854249985,0.46756272459050074,45.04513709685003
1187.100548,0.1960538303,43.62660254,1226.7227717200003,0.17203300113387,41.96420056929989
473.0,0.08704444505,649.8533325,473.0,0.08695315478944979,649.8533325000019
473.8130507,0.7424641636,649.0863495,477.2063147089996,0.7038337718915507,645.2913050565012
509.6407865,1.233917235,613.2289946,508.6587437385004,1.291029227104996,614.2151811594999
519.5452967,1.324544632,602.2756584,518.7400844520492,1.326791156933003,603.1702489673501
473.0,0.8625476132,649.8533325,473.0,0.8668156378405023,649.8533325000019
1145.065161,0.05292669801,45.60228924,1171.105961170002,0.07774286664385001,44.35866508024999
758.4303515,0.5743716968,91.51036659,922.9150229820002,0.5053436935891501,67.01843603585002
705.0219223,0.006864507577,121.4483419,726.859653221999,1.2101516229432012,105.7446728421001
672.4955195,1.583594144,244.8710091,672.0218356574989,1.5901647219399968,270.07327203700044
661.79724,1.118621219,334.4943519,678.5477452514989,1.0826342382712983,181.43663725749997
473.0,0.03203238432,649.8533325,473.0,0.033212137467106696,649.8533325000019
473.0,0.9911259448,649.8533325,473.0,0.9897365241215003,649.8533325000019
657.3772277,1.295518275,362.1581922,668.7773992370014,1.5726297358669996,268.17598680699996
683.3052642,0.06089766647,159.477132,704.6476562560013,1.159935766640502,122.06395939550009
473.0,0.07036407723,649.8533325,473.0,0.0703595933106746,649.8533325000019
590.7583385,1.785080286,506.5482661,606.6593536227485,1.9060534014358301,482.1267511280003
657.4044926,0.05149187471,362.0481163,668.7618073270007,1.2490234940840024,268.3240932994999
473.0192469,1.126483441,649.8351665,473.1879010409998,1.090008975109003,649.6760851624992
670.5001181,0.9744411628,252.3202033,691.9451086144991,0.7509783102703986,138.5221926450002
1050.400312,0.5447517535,50.93984894,1073.8344012615812,0.5724930811977097,49.506743241812465
473.0,1.006834266,649.8533325,473.0,0.943515078884807,649.8533325000019
975.4051393,0.6130003135,56.49113007,1208.1453489686223,0.6647539170141232,43.20034618192497
835.4343301,1.734862011,73.15070342,850.9399020015017,1.8930040497699998,70.52835785565011
651.4989559,0.3140983852,385.5833926,672.3309840600015,0.31689633448264887,262.0798036115496
514.3196263,1.33980097,608.0866035,512.0795700569997,1.3699697108049975,610.5759736099989
1015.357672,0.938792281,53.33769154,1042.3200392529977,1.0273562854074978,51.50828158979998
1081.589631,0.5074240204,49.01825731,1105.0042141949966,0.5839576737399997,47.699612453599904
1140.809198,0.3316354834,45.81210858,1174.367961555,0.3645805133400007,44.246590679049994
516.9911443,1.321891642,605.1158754,514.7033251064987,1.3490523793250047,607.6592078540009
989.2022026,1.10182147,55.33107001,1024.3290855669998,1.1112789152669984,52.77979670769998
1186.487899,0.04341133827,43.65462018,1224.3405462900025,0.04655761649964998,42.05008810275007
669.6701642,1.563049551,259.8974184,702.6438810654997,2.3391739339620012,134.93054608095005
473.0,1.223430027,649.8533325,473.0,1.221629454160003,649.8533325000019
1095.215805,0.2978323298,48.22612359,1115.0015085100003,0.3526859116689004,47.149733778649995
583.7734924,0.3018943911,516.0601216,595.2882542265004,0.3405934914279992,499.17162773249925
1155.297299,0.1074509917,45.09784567,1330.050405680002,0.10947808223234995,39.923356041249875
708.5955399,1.811192571,128.0559941,705.9526319220008,1.8370359593649974,151.85811367880024
658.000335,0.0,359.6426468,670.068161406999,0.5830221869992795,255.9932979919996
473.0,0.009608463224,649.8533325,473.0,0.009635400091576412,649.8533325000019
473.0,0.6910395681,649.8533325,473.00005004999997,0.6798062981703257,649.8532865450019
797.3476692,0.1819717697,80.36524485,894.5475894096645,0.18754084725278353,64.66594300129992
490.6265279,0.8395612303,632.4959639,488.5564324134992,0.8416343494885002,634.5809052739988
473.0,1.060571798,649.8533325,473.0000132010006,1.0625044475150025,649.8533212730016
473.1821465,1.008978816,649.6815051,473.6065549004997,1.0018423252145008,649.2805069455007
819.0836249,0.9026655926,76.43021967,996.4557743240008,0.9912567157070005,70.88345072629994
731.1789443,0.007028612778,102.8887261,748.5038672925016,0.4624841679631009,95.6345131824502
1024.923505,0.1471062147,53.44697761,1053.7591584868326,0.3713694201378418,51.45276183430002
473.0000102,1.176957624,649.8533095,473.0000589795013,1.1758912259499983,649.8532709460018
683.1468327,0.644588985,159.9124937,704.3403977880014,1.2719916443155024,122.31466824200004
1285.077574,0.02361480704,39.92300034,1299.060493109998,0.03127850741064003,39.923000339999874
602.5166059,1.601880737,488.98931,612.018183904,1.6705083539650056,473.5664882984988
679.2393399,0.0,178.7418633,702.2306360860014,0.7478249533840023,124.4476809720002
484.6760403,0.9814821619,638.5178529,483.94594499199974,0.9849239009335016,639.2501780595011
659.3801395,1.778023406,354.0335198,667.2199315195003,2.685268835099998,283.34755102199983
928.8826566,1.561197864,60.77013017,930.6847514719993,1.9380513969700022,60.62456034725003
473.0,0.908428247,649.8533325,473.0,0.8638460346405022,649.8533325000019
657.6061828,1.346570175,361.2339121,669.376564728001,1.6623215474150004,262.48656568549995
707.2859108,1.944960805,119.3775867,725.5155556600001,1.8942566763434996,112.83531704485007
657.1973132,1.799562435,362.884378,668.1785903675018,2.390701656764998,273.87322074750017
529.1701344,1.434379453,591.5728252,535.6871350395014,1.4779297422300033,584.2341167314992
836.1573971,0.003272747362,72.83110493,922.3846976129145,0.04586986655565832,61.5693756949249
473.0,0.908428247,649.8533325,473.0,0.8412253356629994,649.8533325000019
679.7072649,0.1985127421,177.3800928,723.2670295154986,0.13598714030714992,123.32373614285011
698.5084052,0.1327535614,128.9665992,723.0810232649981,0.5673897886469985,107.64528010875003
473.0,0.9143403648,649.8533325,473.0,0.8989347807159997,649.8533325000019
534.5187881,1.042862544,585.6251339,542.6089717614999,1.104823876440002,574.7048233225004
587.1442156,0.4138983887,511.5938925,610.2416857619991,0.43035926071850056,466.29890352869944
473.0,0.2602272889,649.8533325,473.0,0.28551339738099957,649.8533325000019
1159.231941,0.04725888781,44.90728914,1336.981530459333,0.05784740397197334,39.923000339999874
473.0,0.02629633872,649.8533325,473.0,0.025644618831843345,649.8533325000019
874.136937,1.817157714,67.15137215,889.395880523998,2.0915117383700026,65.21646188380012
597.3698399,1.753470998,496.9900227,604.9769677404986,1.8365406128000061,484.8287218450007
1116.095346,0.428270825,47.08797485,1147.403481513249,0.4644552746278006,45.50029487563083
636.323865,1.896671305,427.5138021,637.8683850789993,1.9345448022549985,421.6372557690003
978.4209392,0.008018451049,56.20205,1190.6526889299953,0.043545392252340026,43.50277006130012
688.9975415,1.994223293,144.9243733,721.8742867414999,2.454721202875001,131.54716953444992
661.4594266,0.5526506734,337.7041454,676.6139241234982,0.9399322754002,198.35745870650032
794.2295372,0.7184051096,81.53138936,1024.8151551325013,0.7600739240984987,54.12122375814994
1100.018205,0.1977861699,47.9483394,1126.8019815450027,0.17233299546600006,46.52080818244994
587.9975301,1.791344645,510.4252364,605.8993916991996,1.933919749760332,483.6397638750012
662.6957965,0.005442152252,325.9571991,679.0370617114995,0.1888157919659902,177.52839781449993
1129.514568,0.5310356956,46.37135196,1175.3379335949994,0.4837907264419996,44.18828082764997
473.0,0.05319945172,649.8533325,473.0,0.05297313640340011,649.8533325000019
492.7278043,0.9719964988,630.3694749,493.0640170814999,0.9756960309069993,630.0289421175005
473.0,0.5402241267,649.8533325,473.0,0.5459372726199987,649.8533325000019
1021.717104,0.8212132466,52.91916077,1141.2020220134991,0.896911263959,52.19314109080006
1083.939351,0.2226957439,48.88166012,1096.9401672999977,0.2948552893835499,48.14016938375002
568.7446268,1.65232022,541.8821124,582.2307414319984,1.7382790131549997,519.4930938665011
571.2468618,0.6134306046,537.7823198,581.398014588084,0.645265464956582,520.9962062845005
742.1726741,1.193790935,105.3033433,937.5636331900017,1.3218873105474966,67.06758013995028
518.44643,1.383937281,603.497586,517.215027063499,1.412482326774999,604.8665037214997
653.6613044,1.971643615,377.1593247,664.2365922370014,2.5979116587249984,311.0476361365006
1225.923618,0.002745523953,41.98422764,1263.5806730656673,0.015748099721485834,40.53467185463579
473.0,0.01355323197,649.8533325,473.0,0.013667688459300014,649.8533325000019
1145.371459,0.4419168378,45.58718913,1184.5437198449986,0.4300068436374992,43.752820195649974
551.9507122,1.278993004,564.6328792,572.9043413389996,1.306320838655,531.8602381580001
1253.16534,0.2540242447,40.91319721,1305.2155238149987,0.2534387625969994,39.92964739444987
501.9693137,0.9966084179,621.0170554,505.4277216695001,1.0087185642030008,617.4152918954986
528.1369227,1.151105547,592.7217725,528.9322853890001,1.1691049902049988,591.7364880560002
800.677471,1.787204194,80.0481116,809.9071081010001,1.8882154555099964,78.16433522474993
1219.089258,0.4477930714,42.25788855,1244.070248650001,0.43016988774049947,41.28314356710003
525.0694172,1.185612199,596.1328257,525.0664177170005,1.2288674990400008,596.1235630000016
485.7151085,1.04929413,637.4663003,485.3030402899994,1.056783881710002,637.8833222589991
473.0,0.026240786,649.8533325,473.0,0.026050000431609977,649.8533325000019
509.5539128,1.174320098,613.3000679,508.83050172599985,1.1781587446149993,614.0285931619984
473.0,0.4632764687,649.8533325,473.0000000160001,0.46739594157500103,649.8533325000019
639.231648,1.498059098,418.8966872,642.6842960804986,1.5368715623449989,403.7446730076494
528.2657547,1.446643455,592.5785041,532.8422081776513,1.4867200536453344,587.4764531710009
520.4335247,1.354355902,601.2879399,521.0007936949996,1.3809210737550028,600.657141333499
1237.293225,0.0259131585,41.53361307,1272.3141230500034,0.022978346261739988,40.21083334264992
976.1551663,1.204631795,56.41022299,1005.1920868369979,1.250581424775001,54.11472473789982
1113.986473,0.6317359975,47.20287464,1152.7461240200003,0.632594888880002,45.24304458229987
473.0,0.9409624062,649.8533325,473.0,0.9395988161639904,649.8533325000019
656.4942668,1.970326569,365.7226722,665.5568125625005,2.610326187770006,298.2392638709997
651.1138537,1.997002432,387.4141265,661.6837882640003,2.6491121890550007,333.322115699
649.4417575,0.5494580357,392.4600044,709.3925103109997,0.4851928443629994,196.10440825375017
756.2222352,0.1828598627,92.09712486,776.7219194614987,0.30090184986867,85.78911942890004
1270.367491,0.0153507427,40.27843918,1290.2182356249994,0.03144736705505002,39.94079118129987
973.0841652,1.231801849,56.70602431,998.5264324349969,1.2619933199405013,54.71536870205003
621.165684,1.563411567,457.7372072,623.8233352629998,1.598313437060003,447.91350731100067
551.5497132,1.562962697,565.2739312,565.7457866534992,1.6379761017700007,545.9625606040003
544.2947237,1.595309593,574.3591455,567.2345523354978,1.6993143405649973,543.8153820940009
473.0,0.005633677699,649.8533325,473.0000000058816,0.006047220110832401,649.8533325000019
535.5497109,1.006540806,584.4787632,545.2785815704991,1.0616676921155004,572.5205291310006
675.1090337,2.31640127,212.7578075,698.7933855990007,2.7878098441699994,134.2549279724997
473.0,0.03318568125,649.8533325,473.0,0.033329291108306694,649.8533325000019
582.0379028,1.558428757,520.6460868,594.2463345279996,1.6280734404299992,501.2708694384993
1234.212249,0.2614511404,41.65572118,1251.050413509998,0.27123926908120044,41.00358830330002
617.2971932,1.969076639,465.2610022,633.9024653416011,2.182811196649997,432.69810380199925
582.8105062,1.508807934,519.6810166,598.8176104734999,1.5762426037800037,493.94994790400096
501.8929011,1.098520144,621.0944055,501.78599884000016,1.1244323567350016,621.1884333159995
473.0,0.0,649.8533325,473.00004717,0.0005998097638356662,649.8532880210018
584.9980933,0.9025659857,515.4645836,692.231068430999,0.9521848856029997,237.80314608980004
647.0790258,1.679316784,398.1257034,644.2139367970003,1.6832301071749987,395.8007869635
1031.580803,0.75619273,52.19246669,1049.975223179998,0.8643463663825005,50.98501278834998
662.9052598,1.651394807,323.9670458,677.8689344185005,2.3293382448950024,200.06010479599988
550.0935169,1.528386457,567.0873243,555.0655344880006,1.5382437510349993,559.7171031874994
901.3392858,1.491041253,63.81174697,922.4650920755,1.5807008520700003,61.53889152220004
655.8347206,1.79946648,366.4590488,659.1710173625003,1.8628017584533325,339.88790687150015
473.0,1.10260776,649.8533325,473.0,1.107302656598002,649.8533325000019
1092.649208,0.4792561936,48.37532771,1116.6748751749976,0.5376531135479988,47.063748215699974
512.7877735,1.326518077,609.7900179,510.65725381949994,1.350171645924999,612.133329993501
1160.734441,0.3070543579,44.8324667,1203.9723435450007,0.2755497475480007,42.90754519154987
1108.284954,0.4450372091,47.50530898,1144.2832129424978,0.4628455570650014,45.64581755340837
494.3210363,0.8508826919,628.7571254,493.74903737850065,0.8478095316269996,629.3268950859989
656.8348218,1.835588279,364.3478381,667.5953416349979,2.457908824555003,279.4066869284992
693.2245702,1.50028795,199.0001226,712.6101682131657,1.514156302511666,222.00936091411677
1179.03698,0.01054136758,43.99537578,1218.315983285001,0.014449727357010016,42.29193909660002
634.4359482,2.207967777,431.8843855,647.5965106755,2.52866848078,396.3561857890003
521.8867584,1.275447364,599.671947,522.3568041834989,1.3058799024149996,598.9456224670015
518.878578,1.021817177,603.0170345,522.3994996605002,1.0467401866454997,599.0920153785007
493.8807702,1.124980066,629.2026703,493.99813572000085,1.1494839659850025,629.0838954020006
555.9541392,0.9823794702,559.5210753,585.4906772980017,1.0636394721870004,513.8661281065497
629.1681993,1.90606893,442.6612545,633.0231756735002,1.999316770610002,432.8577529335006
1123.792184,0.3579180618,46.67670592,1157.594421369998,0.38426858711790046,45.01410464078334
1110.929374,0.007901073002,47.36400924,1337.9583884397496,0.02491368926670862,39.96431236484987
894.6602291,1.571390874,64.59745877,911.7839078184983,1.689057079919998,62.67542753369991
659.3610095,1.523587253,354.1495962,672.7111461169994,2.027252895045003,233.1121527709998
1100.449644,0.5236530034,47.92413339,1135.4158882085003,0.5449200754963998,46.0780731216383
473.0,0.7685878828,649.8533325,473.0,0.7772016137554998,649.8533325000019
657.520602,1.121880859,361.5792956,669.1663041025002,1.1873435330145024,264.48087569350025
473.0,0.03435667434,649.8533325,473.0,0.03439854623804669,649.8533325000019
754.4365797,0.731686981,94.01941762,965.6089345399996,0.7794582177132289,59.20112731570001
473.0,1.138449485,649.8533325,473.0,1.154502490950001,649.8533325000019
659.1942342,0.1825524177,354.8228451,672.1345815785003,0.6896560030570003,237.77568058450044
925.0149725,0.713449231,61.20980343,1119.1866918221256,0.8019292384946242,53.512480165325044
1088.792529,0.753906935,48.602008,1121.7925540849983,0.7618817557969995,46.825652642800016
672.8165458,0.8202064716,231.7742772,694.7433774935001,0.900180470941503,134.13066230149977
509.1986782,1.228147854,613.6943811,508.1194980179996,1.2772485694349969,614.775847229501
627.3364349,1.968958366,446.5539676,635.2106788400005,2.126082156630001,428.97236262700017
1084.921269,0.7617759855,48.82987349,1114.9264241099982,0.784361568970499,47.176328177050046
1178.211306,0.03108172846,44.03313612,1218.6958494999992,0.022719995338439956,42.277149285600075
473.0,0.8248306262,649.8533325,473.0,0.825387894571851,649.8533325000019
639.7289997,2.050198295,419.1624874,647.2092265954999,2.212864128890001,397.01720270600015
1212.27385,0.09409658983,42.54736198,1253.4044119989978,0.08488202918300514,40.90801679686493
845.9583757,2.068652193,71.26817413,858.3717375235003,2.4067987864799987,69.50072150709985
942.4398966,0.04856152649,59.40769348,1114.612257766001,0.07150794131421014,47.21756153844997
473.0,0.05605907624,649.8533325,473.0,0.05490155221669988,649.8533325000019
541.1430608,1.482886104,578.046568,549.8331352915009,1.50409278397,566.5974265229997
498.5542357,1.038195411,624.4731194,499.3589094969986,1.0552668272149972,623.6583051839987
526.3977604,0.5414929113,594.6557133,534.5600016479995,0.5762958398934992,583.6778296179996
518.3709787,1.089197913,603.5814935,517.6619378144986,1.0940948136999993,604.345207719
529.6787336,1.352508973,591.0072575,536.7818747379588,1.3749354447508344,582.5610117767079
922.2374599,1.539765244,61.46050881,940.9652368229986,1.7193799226950017,59.59327506359994
1142.654123,0.1558343366,45.72115437,1179.4392775099982,0.15061122671660004,43.97828465230002
691.1001826,0.0,141.9510193,712.2077720994996,0.015341026246575032,121.26947914449966
556.6058611,0.7570819137,558.6388168,585.9265808379998,0.799426463848503,509.71929242099935
473.0,0.6225553997,649.8533325,473.0,0.6193292163344986,649.8533325000019
1210.843939,0.03977811685,42.60813383,1249.6480787650019,0.02503728062140003,41.0528235972
1153.948407,0.1813101376,45.16434333,1196.2132667450005,0.15889051267369989,43.232371860799915
1022.861589,0.9930192019,52.81687866,1054.938996639999,1.0290983490120025,50.70396234904996
701.2152115,2.095536154,133.7801304,715.0548159829997,2.305963914950003,119.99825309174985
1128.919026,0.04001735712,46.40275965,1152.3820647200012,0.06305032317999988,45.24525628765003
1181.377756,0.0,43.90788603,1219.8960765249985,0.007857435228405013,42.231993655550006
478.9255609,1.099986729,644.2635588,479.1686086589998,1.1057681862200006,644.0162059530007
526.0129295,1.465078556,595.0836323,534.7890585987491,1.5061883683183332,585.3188992029995
595.4027164,1.563326002,499.4921364,607.5719753629986,1.6333884091350026,480.60490911749883
657.8373462,1.054878694,360.3006314,669.9265840285001,0.6701308925854994,257.2873826980004
473.0,0.08739625478,649.8533325,473.0,0.08726641038387507,649.8533325000019
589.5964163,1.654497972,507.9554803,588.6755362855005,1.6987439715900021,509.39686036349934
559.0221543,1.503157512,555.587498,576.3509531384998,1.5701223298800002,528.3327921604996
475.8400139,1.112772951,647.1742614,476.8438780884995,1.0928445269299978,646.2271777975006
972.3637068,0.03462491992,56.70839429,1189.129407138747,0.05873452693685505,43.56973676220005
660.9989237,0.005337764882,342.079158,676.5493172839982,0.311992041049951,198.95795607550033
770.6093702,0.2394648021,87.34005676,876.4123020467117,0.18549770534035326,67.97203553156226
473.0,0.005766606389,649.8533325,473.0000000058816,0.006047220110832401,649.8533325000019
804.6724935,2.160105933,78.95748255,812.6041701664992,2.3754053557750026,77.3483954217502
533.3142139,1.482532014,586.9645987,541.376996906551,1.5200264347423345,577.6943674155007
1078.942338,0.4482618138,49.17215244,1107.877904779998,0.4675723036684996,47.540413813800015
657.7106132,1.239526047,360.8122731,669.5707038375007,1.5685096407785002,260.65162299049973
1194.489739,0.0,43.32105017,1229.540680175001,0.020225160401600002,41.842081921549976
591.8132448,1.857649825,505.1826067,611.4449118790004,2.0211742174349983,474.419386325001
1032.592547,0.005590946283,53.00077381,1058.5765717066681,0.2956799616201462,51.210746795299954
882.5477476,0.05440086305,66.02940071,1017.3019468445012,0.07536081635838016,53.29909147660007
1152.915362,0.0120273561,45.21527415,1180.8388284949976,0.02691382574192004,43.91357524280008
699.3050003,0.03828192648,127.8103739,722.4587370740004,0.0835454657420998,111.37477679669972
473.0,0.8902676239,649.8533325,473.0,0.8883714450559999,649.8533325000019
609.2756502,1.999410023,478.7453796,626.9271688414999,2.217060787375003,447.2793821579995
693.2686897,0.8354623005,169.3982619,927.9824831644986,0.831617083616499,62.816586488550094
1024.800141,0.5088585549,52.67362976,1235.9832728164977,0.5285249527934998,41.81055750859997
949.9077751,1.294584816,58.75421482,983.1905337739994,1.3165600027650022,55.94661499340003
1007.41636,1.058488365,53.92052471,1035.8727535150017,1.1177638027990024,51.93183205745003
1097.433901,0.0501505993,48.09717687,1110.9266012999988,0.052728477304737426,47.378790387099954
577.7755983,1.383556142,526.9814937,598.2275696655014,1.4554763830449957,494.8216782890007
592.7237305,0.7114110998,503.7194953,635.7951459255015,0.7472370276974997,412.52394851499923
643.4957476,2.113019203,409.8085722,651.9380294885004,2.3246075836600038,380.4227505520003
1153.344477,0.7558103902,45.1950552,1159.3134084049998,0.8254826063820014,45.013489154550086
478.0914719,0.9104377613,645.0503757,479.3066578175005,0.8970936284160028,643.8614726980005
586.195634,1.681415548,512.7699834,594.6379828594999,1.7546988646450052,500.85234072450015
657.9692093,0.9041062822,359.7683126,670.0656183550004,1.016116952630498,256.0054400170005
764.5208835,1.671650846,89.31421857,783.0937299399992,0.9848305764834994,84.40865429690001
767.1016717,1.919120538,89.14285172,778.8002492134999,2.0406461727699936,85.6993407188001
575.5855907,1.755189971,529.9947641,598.6201163456986,1.8969972485336641,494.6853298455012
740.5693798,0.1184286892,98.21015166,783.8055937529978,0.08836572295569997,85.28343869220011
474.9053451,1.070878075,648.0559474,475.5744666404998,1.0723568384674997,647.4209770970001
611.8712577,1.738473648,474.1693691,617.3808160500002,1.8214291666100046,462.7481420200005
805.8909697,0.0,78.71839903,886.0697190639978,0.022839483442800027,65.69504755160014
607.5377511,1.957095852,481.4857386,623.0913780672015,2.1384231089625003,454.51131449000036
637.5850721,2.210548616,424.9090587,649.8335210134991,2.614047918650001,390.6949560554993
1088.731063,0.6059508841,48.60945584,1192.6939481699985,0.7106842862989988,44.194287990099994
658.3006283,0.297482007,358.4303056,670.6986203309997,0.9256137580241801,250.41703750550022
1173.990082,0.00332469194,44.2261877,1209.4866976250019,0.01946041755871503,42.668771657549904
927.890448,0.1088263417,60.8466354,1113.185541338501,0.10109518161327996,47.298339534149946
485.7888914,1.105970127,637.3916383,486.7603770449995,1.1149977356749972,636.4085050919988
580.3339674,1.341518234,523.5553844,599.7576289809996,1.3954966506400013,489.80994005550065
624.8104198,2.162189877,451.5701826,639.7255439950011,2.4561106247950004,419.8406261209998
798.9277015,0.03557757918,80.01292841,885.979844404998,0.025235604986155034,65.69079978350015
594.328134,1.438161303,500.848105,606.6140420695011,1.504158689914994,481.8138822029993
658.4882408,0.03251155947,357.6729889,671.0733487259993,0.8337169403805202,247.11569884700063
473.0,0.02519554481,649.8533325,473.0,0.025155906099514184,649.8533325000019
882.5951843,0.3112286129,66.02308806,1128.2466086999964,0.10943812649863002,46.694692832699985
719.2499592,0.6757672059,113.2920871,888.8443434189996,0.600011272447501,72.94663780925
657.7569872,0.8186674387,360.6250458,669.5321636179993,1.363031879446,261.0073273005005
509.0205369,1.168945001,613.8672206,508.82738729299984,1.1755051435599992,614.0343290859985
473.0,0.908428247,649.8533325,473.000030751,0.9432899033028069,649.8533033680019
473.0,0.3428633132,649.8533325,473.0,0.3419635410582872,649.8533325000019
1010.934388,0.00240454879,53.64233171,1258.0275661950052,0.020751177335909973,40.916519358699915
569.702059,0.9691829157,539.7237721,645.1546390225021,1.0518869728084979,407.7353168932006
478.7432917,0.9438611386,644.4354856,477.57731077500006,0.9545785237169998,645.5069367085003
1250.608001,0.2582352403,41.00763712,1301.798197579999,0.24895932073399943,39.95157580754988
525.0578028,0.7306510405,596.1457551,523.1009560310006,0.7377675869969998,597.8481183259996
661.4731908,0.4609854817,337.5733619,676.6877120824986,0.4034968718368004,197.7081481090002
635.9153494,0.3351991344,428.6074865,648.5284252570011,0.34142775848599954,354.7544663899999
1177.64138,0.003255732269,44.05920107,1214.4958987100013,0.011483432228155002,42.46362818240001
540.0313507,1.556853134,579.4165178,556.9007561209995,1.6338826532700006,558.2249098114993
1253.94366,0.2584931191,40.88447818,1303.9187031349986,0.2549591893879994,39.941221070249874
552.2532657,1.630999723,564.4796199,574.3905448334986,1.7389644806149969,532.0390344829999
484.6011501,1.105315214,638.5936486,485.06393565700085,1.1104763018400012,638.1250048660003
473.0,1.057428263,649.8533325,473.0000020875,1.0595439687349966,649.8533305650018
1071.143881,0.4713122979,49.62550412,1099.7237043174998,0.47718182662025044,47.99591930532502
652.9639424,2.292807337,379.919007,660.4763293060013,2.6163693070799963,337.2851880515003
1193.939459,0.04202921649,43.32657288,1231.8349398499981,0.042702742962909844,41.75077529869999
1269.842773,0.08376024282,40.29780078,1283.9276423449985,0.08733998808039999,40.01338015054989
946.7013026,1.306128844,59.04354053,985.8155323705005,1.3131830329350012,55.748875659450015
606.2421591,1.054222194,482.9803335,740.5725036245002,1.1979035971160001,257.78607950070034
510.5336045,1.023791905,612.2170155,512.4861848070012,1.0450258606970024,610.0460055574983
473.0,0.003256307146,649.8533325,473.0,0.003176908646296825,649.8533325000019
620.4907842,0.798232631,459.0012174,729.6679541500012,0.7465728666695015,177.0521821354003
894.8526141,0.0,64.55673504,1021.3188676745003,0.04989164502136505,53.00027461200008
544.260782,0.009366814843,563.5933108,559.6188336289373,0.035284053897851386,539.0629961670004
803.0420954,1.976418794,79.37916005,818.082980315,2.1607447614299935,76.20866920705028
852.9161194,0.09977121863,70.15864294,987.6858651924991,0.04035769144550005,55.549950482599996
481.4957517,0.9767872425,641.7362934,482.1034623870005,0.9729121681335003,641.0987697745005
473.0,1.120674431,649.8533325,473.0,1.1137104076399955,649.8533325000019
980.1221313,0.5079573962,56.06198461,1205.791797584498,0.5591666969595002,43.35655948465
497.6805656,1.155589002,625.3572727,499.04507143399945,1.2119887195050012,623.9763961414999
513.1396849,1.03330202,609.3986845,517.3365107410003,1.0620132068715018,604.6898607915003
474.4912919,1.072962882,648.446535,474.5972252969992,1.0768703758405016,648.3451723169986
1127.557219,0.3509906948,46.47552681,1162.32465897875,0.3713556659412003,44.79855818122914
576.227645,1.582354164,529.4689446,581.9438907600011,1.63512705047,519.947024492499
797.0207664,0.6308091607,80.79946055,1005.4018115722497,0.6783314452315038,56.240999414749965
581.9572279,1.793522491,518.4666726,603.6929853964104,1.9324438616560127,486.96901058650155
1117.461425,0.8842957929,47.02590776,1131.6296297869997,0.8849476444400003,46.71399909810003
1095.451309,0.2486596745,48.21243333,1122.342811810002,0.2568523766667506,46.756380071100004
568.3718942,1.544356069,541.3698765,579.3052114575006,1.5934006676749977,523.9436909279985
526.4471078,1.460255811,594.6008399,534.6482697087492,1.5055518635766676,585.4663385234992
1090.798214,0.0023376682,48.48293306,1314.2732691525043,0.011714716334507522,40.03369141184988
473.0,0.7597668783,649.8533325,473.0,0.7798044879995,649.8533325000019
539.4538621,1.498381916,580.031523,545.7767469207506,1.5200455481499984,572.2201743859999
473.0,0.3427436601,649.8533325,473.0,0.3416800666566499,649.8533325000019
473.0,0.1171606736,649.8533325,473.0,0.3885590528957015,649.8533325000019
1169.997285,0.08432014801,44.40879108,1213.848888990001,0.0606545593453099,42.48050637895003
473.0,0.06594692871,649.8533325,473.0,0.0663187085400224,649.8533325000019
499.5827898,1.106811301,623.4322388,498.9201638965008,1.1347800157000012,624.1027898184996
831.8458723,1.534073761,73.95049926,856.2349726815013,1.5603881946408327,70.27845224517492
473.0,1.119807424,649.8533325,473.000033812,1.1191989503399988,649.8533004840018
526.3232481,1.446542397,594.738563,529.845373904451,1.4780263867260013,590.8134960565004
1117.452711,0.1415725662,47.01544543,1143.0499028199995,0.17927246202055014,45.70227084559996
916.0462086,1.513332064,62.11484731,947.3458583599987,1.5752475929250005,59.12607583869997
473.0,0.01948713777,649.8533325,473.0,0.019415830203749988,649.8533325000019
473.0,0.1004983969,649.8533325,473.0,0.1011566290240499,649.8533325000019
684.8755732,1.044802071,209.3567205,901.6418997670002,1.2085557622065015,85.01313391044985
632.5923336,2.165264059,435.9678678,647.9326246100012,2.4636411143449988,395.11996919650034
913.0155626,0.5038939523,62.44382905,1162.9918890680012,0.5070233375394995,45.476473981950036
953.5224527,1.378760928,58.38063434,967.9198435945004,1.6183605487415034,57.34543457659997
1070.293779,0.2979240941,49.67579061,1091.3344971699985,0.27202058986475014,48.452671066750135
1096.271374,0.2957846321,48.16475957,1118.1116280400006,0.3432432535309002,46.98312254684997
657.5468595,0.18276005,361.4733355,669.1307976124991,0.4035235757844994,264.8182672835003
980.2262655,0.0,56.09846403,1196.873156679999,0.040039473819379987,43.294250024600075
825.5994578,0.6086316938,74.80383487,1042.253307060251,0.6516747720956237,52.443041111499944
524.3572139,0.6078309878,596.924785,531.4814521195008,0.6457470861634999,588.6900911465016
522.8001341,1.355293756,598.6562659,525.6992097907751,1.3752052501315024,595.4226249304239
658.2963754,1.660178584,358.4475479,672.9226545754998,2.211632455805007,237.7122282569997
721.3017478,0.1007326607,108.4643094,754.2331145605001,0.09556143994674972,93.70488677560012
642.4761804,2.115755733,412.7208058,656.4341750714995,2.6937091658749948,365.3456390709998
759.1601144,1.829678678,92.15915604,773.2335874500008,1.916937999404994,87.57544345524998
657.2258747,1.759804275,362.7691763,668.2954546675013,2.3706397889699984,272.8192424805
988.1558929,1.158999487,55.43499808,1017.824726110501,1.2150693264914998,53.25776144660001
863.2672108,0.6052000279,68.74149137,1088.9171838130012,0.7115095004864984,49.75353402164998
1124.2134,0.0,46.6788063,1145.0695547699997,0.005576797037875,45.62300459760001
668.9275412,0.7106488205,266.7494853,690.548727446499,0.7757083271029986,141.59770041200022
836.4450947,1.553388107,73.09561671,853.1237596210005,1.6382662050374994,70.44978366132507
545.832919,1.573653624,572.5071702,561.6667060364982,1.653905418614999,551.9968409089988
703.5194682,2.119029726,130.2768095,718.5307462290008,2.3413926480050042,114.61646991014999
473.0,0.7358130239,649.8533325,473.0,0.7592471622125013,649.8533325000019
473.0,0.003267011097,649.8533325,473.0,0.003172742950324716,649.8533325000019
1137.229691,0.1973628452,45.98857817,1173.5939262099994,0.19711871061754987,44.24963116589999
692.3694004,2.003368891,162.1716061,695.0521005905,2.0651997007850014,170.94669654395
473.0306102,1.135492701,649.8244512,473.13230605049915,1.1175022177774996,649.7285285189992
522.4477256,1.32435692,599.0481523,520.9664240507497,1.3132176093550023,600.6909757172506
473.0,0.04416025107,649.8533325,473.0,0.04406702275096328,649.8533325000019
551.548948,1.603367595,565.3543867,570.0144116894983,1.6945842072449973,539.5292661120006
689.9284359,1.463255753,215.3574156,710.8630771721654,1.5116909242166656,216.23860772616695
1145.788688,0.2748405609,45.56661861,1180.7846369850015,0.28130691651229994,43.94168063714993
599.8497704,1.850437026,493.3751182,618.1786276316748,2.0020352964517554,462.94293890800066
876.6293234,1.488859666,66.90299384,897.1555023430013,1.5472043347091684,64.36608326287512
531.2176527,1.39837462,589.2959984,534.9937998340009,1.4342188219350005,584.8228601469997
473.0,0.160710046,649.8533325,473.0,0.1515161979159975,649.8533325000019
543.139962,0.7274270717,575.6677553,549.5747543067512,0.7395454287312502,562.4600374709997
545.8363257,1.55566471,572.503074,558.4121900839989,1.6241185311500002,556.3003968180005
676.0223525,0.243603347,203.5632508,728.4679784864991,0.15194773241819978,125.52056210700017
880.5349638,1.462482547,66.43017183,900.8010346335002,1.5131773167561644,63.95202685049504
1172.496528,0.1680104593,44.29449284,1211.4639305300016,0.17171245755760012,42.58412266029998
818.7095941,0.08577507303,76.04436284,913.8050860156991,0.09184428733638994,62.479849857229944
1213.774167,0.05422698702,42.48359982,1253.710915298334,0.045106834617321664,40.89581916809167
1112.554279,0.0,47.30214882,1127.080965489998,0.031270804286449974,46.514095091500046
677.2632461,2.115923237,213.3948551,685.336802435999,2.269306417775002,186.94789883455036
662.5464258,2.314188182,322.6851758,676.6191509594994,2.6362020100699994,225.99904579999972
704.7383396,0.7588994582,138.243968,889.5915183120007,0.7496809328753309,81.0187473722501
601.7204806,1.831081947,490.4939126,615.6183821444993,1.9612875403733327,467.85897457349927
659.0437268,1.09778,314.5001751,887.4186021140014,1.265462482948501,96.27874782644987
1085.970603,0.8409492564,48.77232017,1118.8191027600005,0.8371853304510007,46.981723506950004
1110.021526,0.3265285581,47.41251906,1130.6602425749975,0.4067900918504992,46.31957020410002
1075.035326,0.5239124862,49.39928221,1098.9816904299987,0.5925114074690007,48.02405399609992
544.0498169,1.352027536,574.5748426,563.557586625501,1.391345203359998,547.0578595129998
741.7433149,0.1842111539,97.69032288,804.6156942274976,0.15123715965730006,83.26378526465008
1205.51295,0.002905318528,42.83470082,1241.6578014899947,0.011160476566535016,41.365710104100025
588.6572004,1.591820317,509.2713675,593.4055970379998,1.6313189656100002,502.5250343914987
481.94029,1.088847805,641.2864338,482.2293467990006,1.0905478654500023,640.9932010820006
473.0000001,1.173402619,649.8533325,473.0000174000005,1.172020875032997,649.8533112730019
827.1592987,0.04626806329,74.37550975,917.2960460801492,0.0770294880336099,62.09406873918496
670.1421597,1.174990917,255.5859132,690.8134827119994,1.5905277437093963,140.58082921300024
473.0,0.06792430556,649.8533325,473.0,0.06800552807502251,649.8533325000019
657.4859108,0.7325238084,361.7192994,668.9995774034992,0.8685549694560025,266.06506189649946
493.7514394,1.083298997,629.3335444,493.37308990949913,1.0969416285399998,629.7164403940002
473.0,1.006948313,649.8533325,473.0,1.0252343107524964,649.8533325000019
646.71032,0.6585587549,400.2841638,688.0721921359998,0.6594552918580007,252.41055492995002
473.0,0.009693943457,649.8533325,473.0,0.009661040463820414,649.8533325000019
473.0,0.8753206085,649.8533325,473.0,0.8743280345459999,649.8533325000019
652.8525403,2.011263897,380.4242465,664.5319267950009,2.595954873154998,308.18375365700064
1139.93842,0.05442650996,45.85503748,1164.9256593900034,0.07497454134575,44.643744068599936
1094.261768,0.1309452749,48.28158386,1108.9087697599969,0.16014584387329964,47.481077348299976
523.1604751,1.230270745,598.2555809,523.4405717894983,1.2293089238749983,597.8356310525007
646.615583,2.174937381,401.2811517,655.1611300219996,2.4351658878850064,368.3677304670002
473.0,0.009563978032,649.8533325,473.0,0.009477261011958083,649.8533325000019
677.2632483,2.115923205,213.3948243,685.336802435999,2.269306417775002,186.94789883455036
1062.966816,0.9537264908,50.15113318,1084.041326495002,0.9717401251955015,48.98699119910002
473.0,0.0009069891121,649.8533325,473.0,0.0009591240201018314,649.8533325000019
541.3034579,1.456409302,577.8384959,547.8558136013744,1.4781821329137528,569.6400762658747
687.3041437,0.9536725814,148.4882261,708.3300987475018,1.2495903967225006,118.5779343389998
917.950132,1.499115608,61.91957078,949.4689428394992,1.5517500377149998,58.924012217049984
962.4026923,0.0,57.62690926,1146.89601371,0.024410634212830025,45.54969754865004
577.302165,1.743160894,526.5535379,596.7260173054485,1.8769724303444957,497.55354484800125
473.0,0.8755047498,649.8533325,473.0,0.8746140028129983,649.8533325000019
575.0743521,1.687657002,531.0295149,589.6807308652484,1.7818335509225,508.0840725890009
473.0,1.027124069,649.8533325,473.00000103800005,1.0202165926380002,649.8533315325018
666.8090681,2.189676655,287.485386,682.4860183634986,2.4854600106549936,189.06088997800063
1098.230609,0.6596044242,48.0520897,1135.3899726399968,0.6694862500470016,46.100260182699955
1016.581562,1.046206456,53.27521036,1046.7289980175028,1.0825862545745013,51.24531168384996
482.4840884,1.098928052,640.7361021,482.90900920400054,1.1065437982300028,640.305501812499
766.3714883,1.908532841,89.3988619,778.3296728160005,2.0105701709949946,85.89019572830006
516.0425553,0.7009103927,606.1707011,515.2057632215008,0.7337233495589995,606.9585673724993
1061.745282,0.3757892774,50.21754858,1082.9952904564984,0.40848815320465076,48.968043505075045
713.1476366,1.396624607,160.419578,735.3728128939995,1.4280114777990027,192.81538502635027
539.2946297,1.413902834,580.1540081,549.0401644069013,1.4509846876240005,567.3212594275001
1200.801169,0.009630480417,43.03494957,1239.5388853099969,0.008093709115984995,41.44562850764994
618.6835571,1.471647416,461.9108323,620.7310425725002,1.5137447082349982,453.1449351724995
659.1443811,1.76696179,355.024139,667.2281241830003,2.6755062763999984,283.2793224019999
609.5840844,1.306046391,476.9320989,636.244309147502,1.3956207453750025,414.13667166220034
473.0,1.150210205,649.8533325,473.0000051260002,1.1511421377453754,649.8533277320017
473.0,0.03983741203,649.8533325,473.0,0.04017532620107501,649.8533325000019
1278.510887,0.08302561054,39.97794775,1295.6816029213298,0.07010794516480655,39.92420999059987
473.0,0.4335173431,649.8533325,473.0,0.4304773235595013,649.8533325000019
926.4920808,1.349849961,61.09946526,951.3275369394987,1.3904010824814999,58.7533111501149
1164.517548,0.0479801533,44.65939785,1200.37363654,0.049233065247915014,43.057829648199956
473.0,0.7103955923,649.8533325,473.0,0.7263369519165017,649.8533325000019
679.2104868,0.3559318374,178.9083694,702.2387430995014,0.7915909272895028,124.39031487950018
656.3634699,2.146498441,366.2506659,665.8612162385009,2.736015564609994,294.9516239855008
476.920889,1.086829467,646.1546287,476.3288770574994,1.089918927679997,646.7113892375006
1147.576281,0.5893354029,45.47932381,1177.2898819200009,0.5999123346350003,44.12355366709998
692.8112912,0.2282672553,136.9558486,715.0571594885014,0.4565005996384998,113.20286206334991
1125.613299,0.02607413001,46.57939579,1147.39538674,0.052455351710499996,45.49011295550005
734.0232308,0.154621702,101.2898885,776.6496992979978,0.10923681555625014,91.26337044735011
594.0456399,0.5199080662,501.9478573,609.6986426555012,0.5470573065680006,465.2267234044998
473.0,0.1933531023,649.8533325,473.0,0.18979193033300043,649.8533325000019
1171.19674,0.003374205467,44.35393605,1206.5460533600021,0.010783852919080003,42.802603278700055
1035.780689,0.853538681,51.89791346,1064.4595223945005,0.9068288454679972,50.0752078645999
1121.540949,0.004442093882,46.79699763,1143.7523458950002,0.011673283981474986,45.68184376670004
663.3853237,0.4723902829,319.4061246,679.8994967319996,0.3938771649155456,172.3701948815
519.9159336,1.393889368,601.8635121,519.6105946444994,1.426919520020002,602.2022373740003
1012.056489,1.003699999,53.57980335,1028.097316629001,1.1421109151779993,52.523775322799914
473.0,0.1950159017,649.8533325,473.0,0.1903128352228337,649.8533325000019
473.0,1.064031772,649.8533325,473.0,1.0445536668649984,649.8533325000019
516.5844026,1.362296688,605.568155,514.3722849784997,1.39374624668,608.0276298554996
790.5449555,1.13340607,83.76992895,997.444902269999,1.2410847119345003,60.32798476255012
641.1237647,2.16748023,416.4553897,655.4143820284995,2.6796197965199973,369.1477430069998
852.0690476,1.914169143,70.29373443,870.8097118814989,2.143013627230004,67.65348019200005
667.998322,1.542621692,275.5778505,700.9002327754996,2.3390281678200013,138.3040769380001
473.0,0.5125875085,649.8533325,473.0,0.5202874203137997,649.8533325000019
978.5047976,1.192514653,56.18230791,992.9366971100004,1.4033490424230002,55.28500798800006
522.6935652,1.423402206,598.7747815,521.8083114090007,1.4496306942600008,599.7591866714989
563.8764539,1.695207196,549.1565,589.7245976142484,1.8392537967075,507.8100748075009
657.3707012,1.62918508,362.1844771,668.7205624295013,2.1561450188450006,268.7536611799995
1150.082041,0.7570955782,45.3588521,1159.4993101099988,0.857887775534002,44.952773084400015
877.5849475,1.756870022,66.68961551,891.2837440189993,1.9881950228900045,65.01903011544997
547.170466,1.411678893,570.6984715,560.7317404552347,1.465681170612335,552.226600535501
574.7893426,1.526077714,531.1607442,590.0664416909998,1.5995258621700006,507.50349001400036
473.0,1.190486724,649.8533325,473.0,1.1916489727149984,649.8533325000019
522.4490823,1.428126531,599.0466487,523.5103813515001,1.4547648759750007,597.866484431501
654.5887649,2.284778067,373.4151278,663.4635655230007,2.6789631536249976,312.2519663
1290.595129,0.02372602287,39.92300034,1345.3248504150035,0.02124345854327006,39.923000339999874
657.3649349,1.137967534,362.2077715,668.7288186250012,1.2457477629240032,268.63751452699944
647.5945995,2.197467821,398.1596704,655.9750896804986,2.4811577852200055,365.4941829150002
1162.441698,0.0,44.77439594,1191.3962826700001,0.05161850410490997,43.447723089349985
1029.31539,0.9700968386,52.35557498,1056.69157847,1.025012946160502,50.60996080574998
711.5578963,0.6212960064,118.7641283,826.679380777502,0.5718611914340007,88.229296138
660.983588,1.687114799,323.0440653,668.1336178064978,1.7463391232149976,275.70645490050043
652.8525403,2.011263905,380.4242465,664.5319267950009,2.595954873154998,308.18375365700064
1197.538486,0.154635792,43.1736165,1238.371053069999,0.1471089440298201,41.49470744144992
657.4906423,0.4556350527,361.7002565,669.0022835824991,0.746197198570502,266.0393627669992
1168.867901,0.0,44.48033142,1205.099213210002,0.007894988909120014,42.86099189060006
910.702904,1.415006847,62.72999398,932.0474296985005,1.492241283750001,60.58600300824994
652.562463,2.048671332,380.662118,658.1389709890005,2.2237194244999987,332.7880277414998
897.1802746,1.691651007,64.26719494,918.1534993509995,1.9114674853100029,62.030260253500046
804.0704477,2.198657349,79.08176834,812.5409671649998,2.388847422635004,77.35863271865016
473.0,1.017258458,649.8533325,473.0,0.943515078884807,649.8533325000019
473.0,0.0009953319786,649.8533325,473.0,0.0005811991229391667,649.8533325000019
1035.548436,0.9478611441,51.91782118,1060.7759259700006,1.0126809401550028,50.359108056849976
790.1656924,0.377546564,82.1458571,803.1580113129992,0.3613061289626012,79.5779196944002
1172.512601,0.04593126589,44.29375623,1209.5489645699981,0.059958512066560124,42.66430174414996
1175.678406,0.003292742547,44.1489751,1211.9974259199998,0.010499235909895006,42.56110074814991
1233.098678,0.01656124412,41.69985652,1268.6429444700025,0.01927190809289502,40.34746865229996
657.516207,1.538591777,361.5970509,669.2920101084992,2.0313328218749995,263.7677632114995
1090.018432,0.3622063285,48.52826292,1117.3636032633349,0.39835342408183344,47.02882814934994
474.0895327,1.090227884,648.8255238,474.1058610109994,1.0904635574070018,648.8101335244983
473.0,1.174292921,649.8533325,473.0000000965,1.1771323344249993,649.8533323475018
524.1418007,0.9353321168,597.1643299,528.5127344654986,0.9601671099075003,592.2240780380013
657.3982273,0.8187223225,362.0734295,668.7533651160012,1.4062627784310013,268.40432074699964
1122.46866,0.02665207345,46.74742611,1143.510145219998,0.03647103670782499,45.6897212542
667.7000057,1.752093896,272.0425474,675.6334041745005,1.8246448208099997,238.1964719835005
808.8618221,0.2119307215,77.9906071,947.0796269254989,0.14893418668901004,59.196650147700055
516.0402786,0.7986482515,606.1732098,514.7362167735013,0.775831270961,607.340480266
1000.843569,0.1972704871,54.41898167,1241.021718705003,0.16792405559744983,41.39610894775009
473.0,1.105040373,649.8533325,473.0,1.1038031961300028,649.8533325000019
473.0,0.1290622854,649.8533325,473.0,0.13213990504740936,649.8533325000019
1264.954471,0.002541087104,40.47817922,1285.6677229300024,0.025002391454770023,39.96001987219988
1207.335843,0.009419976507,42.75722788,1243.8583182299963,0.015093832845920025,41.273899478950014
730.5178378,2.010118619,105.5698509,738.7796974480002,2.145525427505002,106.06124101389982
605.2437258,0.3902739021,485.0873475,624.3783068394997,0.4172970250754998,423.05193676999954
1110.021492,0.3265285773,47.41252002,1130.6602425749975,0.4067900918504992,46.31957020410002
646.0846262,2.072461469,402.7542989,658.0871941340017,2.709032504354994,358.9207144015002
1280.832053,0.1059203899,39.92300034,1304.6198242934765,0.09336058941589799,39.936351961149875
650.2453478,0.4938266454,389.7880686,683.0579660819993,0.45914585618639964,259.3283692519999
1071.121495,0.5339657462,49.62680493,1097.247174214999,0.5929806403550009,48.12508355874993
1040.926336,0.9928521835,51.58014673,1077.1612025390016,0.9808170590845003,49.3600215035
1130.956206,0.004166134703,46.29786004,1153.7621108100038,0.015402163469724985,45.1761956551501
534.6066008,1.47001393,585.5274843,542.8337100775008,1.5122140802849964,575.7761707929989
1151.761284,0.0922801217,45.27216951,1189.3740294000002,0.07663339874768982,43.527558023299946
665.1270555,0.5795556677,302.8579376,683.3839516325007,0.8459479190859018,159.2969571114998
473.0,0.7800589224,649.8533325,473.0,0.8262696063185012,649.8533325000019
655.2493005,2.106733017,370.7485557,660.8695252300002,2.310284938139997,318.8655396304994
1290.562703,0.008091341972,39.92300034,1337.8015139262504,0.028311548491338778,39.923000339999874
657.3788614,0.04196664422,362.1516113,668.7344055735002,0.910204305567001,268.5843862855001
657.4388437,1.628159387,361.90938,668.9687664379989,2.144534395994997,266.3955175769992
635.0160136,2.205965838,430.599536,647.4441174050003,2.585811737855003,398.0964354109998
1133.382716,0.04598548307,46.19170651,1338.7187905459975,0.05232580033024004,39.93320366914987
512.4594681,0.6878596344,610.1135217,511.53013303700004,0.7275534508195003,610.9562656234997
660.5894051,1.479134368,345.9699591,675.0357654364988,2.0695978688786956,213.10417346649967
933.1880134,0.0,60.38077021,1106.528098142002,0.031084554948445076,47.64201068410005
655.6894179,1.963446101,368.9718092,665.342638584502,2.583232969775003,300.8095818185002
473.0,1.173555535,649.8533325,473.0000030875001,1.1729232989454972,649.8533278855018
1231.667486,0.02621859905,41.75658001,1268.081226103336,0.025810560584246647,40.36683558421666
1113.622001,0.8856123146,47.23626848,1140.9354348099994,0.9172730677450008,45.85782332110008
702.0425038,1.485838697,124.6827084,725.6656033809995,1.8891551853300035,107.09957865134994
845.1764924,0.2352932658,71.39285896,1010.4516593475023,0.14118968697319992,53.84491740970001
1223.762279,0.008993114053,42.06988907,1263.8714522316689,0.007532942504845832,40.52800670302076
982.8730432,1.145231657,55.82787271,1021.757383117,1.1125305917279975,52.980660953800005
524.3420619,1.006374925,596.9416518,524.1653427269998,1.0299300164615004,597.1122284190003
761.743471,0.9065065637,92.09655838,954.1084807915008,0.9763436271539996,71.62012949599983
903.390352,1.047318495,63.78517922,1063.4797923969986,1.1115484081760014,56.328631781800055
1195.093717,0.01839742301,43.27751589,1229.8734187649993,0.04182434057736994,41.8278972545
1153.930409,0.01196558516,45.16523213,1182.5066677349976,0.026281240462090013,43.83867945545006
495.7302877,1.073602454,627.330942,495.3239323394997,1.0813642647449995,627.7421898695005
580.1105129,0.6925244973,522.1866688,615.2730308205017,0.7355303639509998,461.2913707412496
630.354589,1.626553434,439.8772406,631.7577081419997,1.67654693273,433.2502096965004
657.4916371,0.3712406621,361.6962587,669.000200525499,0.7443352913845019,266.05915536349926
899.5179317,1.661393627,63.99023774,920.1350108314996,1.8781635085900026,61.820044104
546.4060703,1.2334588,571.7737539,558.8754630364997,1.2311446422550008,551.8406837189999
665.8610991,2.169346065,295.7063074,681.1054495489983,2.4586272259350004,195.48153640850055
473.0,1.089127764,649.8533325,473.00005389300003,1.0892649153833331,649.8532817425017
576.1318437,1.693740564,528.9849984,589.4354263617483,1.7832880955825001,508.49010971700096
1085.390149,0.6905374707,48.79939855,1120.7556509800017,0.7049613606569999,46.853646341449924
845.0930893,2.107087365,71.40615661,854.7994725565003,2.4347542767199988,70.02101246054984
1083.16476,0.4377112828,48.92669053,1112.835899094999,0.46088143560799916,47.264338590049995
1142.141779,0.6810102857,45.75202677,1156.8927380449998,0.7276771612144991,45.10431750640005
520.9547604,0.9610561185,600.7083284,524.8954389794992,0.9713026946830006,596.272934974501
473.0,0.4011060818,649.8533325,473.0,0.4847245129510003,649.8533325000019
1133.841263,0.1299288804,46.15562588,1162.9456098949988,0.1437393750220001,44.73324891255011
1206.873074,0.002892846654,42.77689566,1242.2465434249953,0.014450403014240025,41.34138129105003
473.0,1.218750226,649.8533325,473.0,1.2168999476500029,649.8533325000019
473.0,0.9821901344,649.8533325,473.0,0.8890370540265005,649.8533325000019
1063.690945,0.1286992798,50.10027044,1301.5028158800028,0.13934155595114972,40.20145214554992
551.3719062,0.3684692659,565.6144254,576.2049559560004,0.4076136704190004,525.2897542719995
1036.678384,0.9439331547,51.84459527,1061.2225361150008,1.0109749064700029,50.33095509659998
631.2610373,1.834106783,438.2704179,635.1347958299997,1.9007125101149969,428.14564700900024
705.7121058,0.2618050062,120.7664499,739.4557837294986,0.22349050239044974,145.38964470320025
1218.540051,0.009100613697,42.28104955,1254.9217909850026,0.011478054962215038,40.850976220949946
621.7814298,2.132434972,457.3252824,638.0965032799992,2.416064669860002,423.6941174495004
657.8785279,0.1828211468,360.1344607,669.910111387,0.32837546919014104,257.4371734475001
1067.225357,0.4232821145,49.86865257,1081.797674347082,0.5228732515782089,49.010177005312514
1221.97736,0.07126403591,42.14063241,1260.7532860850013,0.06830857389081503,40.63642534135002
1000.031295,0.08225565668,54.48222951,1254.5614939510026,0.08038350812696975,40.909028563800064
652.829788,1.758205973,378.5416916,657.8198238755027,1.8330687133049994,352.0164887019999
828.1965965,2.064584469,74.31837751,845.374600032,2.4082190775750068,71.36193631974983
852.9397471,1.890118852,70.16657431,869.6235140440015,2.121169523260004,67.80093577009995
502.1226601,1.178420611,620.861877,501.8513991175002,1.2233520504549986,621.1363930269985
473.0,0.7874611157,649.8533325,473.0,0.7899887928972498,649.8533325000019
1206.963658,0.07350316048,42.77304678,1246.1737266299997,0.0715557138615799,41.18419969454995
898.9368346,1.528445872,64.09094865,917.6217158264975,1.6305573264899977,62.02636354489991
803.564358,1.923699257,79.29152449,816.7007166735,2.133263980889993,76.54536192345024
1213.73003,0.09397708559,42.48547473,1253.1039914589978,0.0900053724711652,40.91881779853992
532.6938855,0.6993948834,587.6544281,532.5870001530003,0.7210380028604996,586.6279446685002
763.3222334,1.481932906,93.7180787,755.4936805769999,1.5008935748700014,163.0760767037
1288.605562,0.06319733819,39.92300034,1317.2929434494758,0.04410850308761814,39.92328883499987
866.1735564,0.2232132861,68.20771035,1034.6514566135033,0.14537599824550018,52.10944907249989
479.2189421,0.9129171307,643.9777262,479.4113376875002,0.9077568378400026,643.7617566335003
473.0,1.113615761,649.8533325,473.00017134850015,1.1131399126200023,649.8531706885018
627.9853067,1.892312857,445.0900545,632.441878963,1.993933815805002,433.8366015170005
651.655181,2.281959893,384.4639467,659.2791842655014,2.593104047854996,346.4364422205002
523.7001643,0.8605795515,597.6554417,537.8639095985005,0.8863124613175023,578.9493043044997
778.0004629,2.155444921,85.50112089,791.1463744464974,2.362921532979995,82.3617949825499
505.711728,1.035792081,617.229747,505.8216271085,1.037116405983,617.0547680995008
656.8096404,1.835409705,364.4494987,667.4150462624981,2.468709175285003,281.1196747919992
507.0194713,0.7699275063,615.9063061,511.19309829950186,0.7819721132344991,611.387414708501
657.8668309,0.6412640452,360.1815797,669.9363410690005,0.5615303080510003,257.1919569075003
656.9701222,1.835454641,363.8016016,667.8559295324991,2.438019351230005,276.93083692699946
1202.583303,0.3073604783,42.95921004,1300.0724447649968,0.31059274701149936,39.95421998769987
879.0978412,1.460035376,66.63149668,904.3380658950002,1.499786775426831,63.57226785073505
1248.515069,0.08742767777,41.08920719,1277.864450615002,0.08532244128884996,40.110534433799984
605.287189,1.618800894,484.6523903,611.5941331465004,1.6701828476150058,474.1238140979989
1151.123764,0.1495938334,45.30359887,1187.8214595499971,0.15834198475765018,43.59825885439996
473.0,0.7398226027,649.8533325,473.00000048350006,0.7380020798085012,649.8533321010018
657.5331511,0.9050571732,361.5286563,669.1283487630006,1.0771539659965021,264.84146201450045
532.8925792,1.529089332,587.4334785,549.0234530835007,1.590493187775001,568.3219048700004
1169.158289,0.04681525423,44.44716024,1206.2294621500014,0.0508385794688001,42.80429077369984
862.1271436,0.7084617392,68.93377862,1065.750569153501,0.805433106402999,53.03346607914997
1058.023541,0.977130022,50.49360558,1126.258130444,1.0085651126369992,46.60655009335005
660.6908946,2.063778019,334.4054311,674.2054269155009,2.2531114588400007,243.60884770804995
1150.419383,0.0,45.36028671,1174.0101685000018,0.03889426072335999,44.22962658084999
604.9252903,1.810878968,485.5820736,615.5464975844992,1.922383610249999,467.87231300649967
473.0,1.217689222,649.8533325,473.0,1.2143102809200008,649.8533325000019
614.6016529,2.003595264,469.8385868,627.7836936364995,2.2015952054500008,445.5096647430003
473.0,0.9391872843,649.8533325,473.0,0.9395988161639904,649.8533325000019
546.9152756,1.538838472,571.1772299,557.5638782080001,1.5900967306000007,556.8840750999996
521.2853315,1.409183525,600.3407444,521.9157275155005,1.44622143967,599.6397357599994
1215.907585,0.02703442262,42.39292959,1253.7930344483354,0.022657087867771715,40.89429115936663
956.8900102,0.02375398431,58.05873184,1144.4530037775003,0.02577913537671004,45.65454334395002
773.9894568,2.058999594,86.77079127,789.5408560664986,2.2737115182199963,82.95273724330005
473.0,1.027124068,649.8533325,473.00000103800005,1.0202165926380002,649.8533315325018
1100.889208,0.3427265483,47.90048705,1127.7792080999984,0.37822352679299903,46.476449539700035
504.9179782,0.6599633702,618.0330097,506.4670338784992,0.666803981887,616.2726605400012
926.1640492,1.438212084,61.0775733,954.3457732834981,1.4792140534949965,58.44897943324996
1167.749778,0.08502027305,44.51157812,1209.0127762799973,0.0708084073409501,42.686146482699975
523.1686431,1.402797509,598.2464978,524.9067171184997,1.4354024081033336,596.3121461129999
497.6531325,1.059309731,625.3850401,496.9688085444991,1.070749296703998,626.0749572695
473.0050819,1.099793001,649.8485394,473.00202779479224,1.1059940975941684,649.8514175690018
1185.452061,0.03015789461,43.70199324,1225.0981874650026,0.020362744026250004,42.01862152140001
899.1556331,0.8193205057,64.14357929,1144.5533343824975,0.844034589701499,53.420269818250155
721.1027835,1.605235895,117.2521853,735.0201408333319,1.6227829887783292,126.1292085821336
473.0,1.225471812,649.8533325,473.0,1.2261990153550018,649.8533325000019
770.1322783,1.991777051,88.04294908,783.2665069015001,2.094092263224994,84.55924386370015
660.7312364,2.054991049,341.3889175,667.9776869584994,2.725324183804996,276.07691656950016
1101.437917,0.2869597796,47.87116764,1125.588692680003,0.3379412064284996,46.585018037449885
473.0,0.006111318076,649.8533325,473.00000008625057,0.006108909942771405,649.8533325000019
809.7642401,1.239567875,77.85253882,867.3210050930006,0.8541486448915984,69.88433118760013
612.7707654,1.985250093,472.9346079,627.6220151365001,2.1949868809225004,445.8076195535001
960.9277066,1.27947125,57.80231347,953.2535510990006,1.3369017134150014,64.95504129335
496.1259358,1.106316309,626.9305584,496.1142223819999,1.1220942822450006,626.9424138099992
473.0,1.121499091,649.8533325,473.0,1.1126217351949959,649.8533325000019
657.8668322,0.6412633293,360.1815797,669.9363410690005,0.5615303080510003,257.1919569075003
1257.826428,0.04971438624,40.74120368,1282.4764912250007,0.06148411639059996,39.99434320494988
1282.056859,0.1055856273,39.92300034,1311.6392305370007,0.10347698814787992,39.92793455919987
515.2008766,1.074074651,607.1066454,514.2643004284992,1.0669430228599992,608.0913031404992
473.0,0.9862045282,649.8533325,473.0,0.985377717561498,649.8533325000019
664.1467439,0.004100485701,312.1718902,671.5300152440011,0.020228951062699996,240.46140366049974
633.9831312,2.201406754,432.8873607,646.614638771001,2.577635904220005,400.3729792440003
679.2105031,0.3559315769,178.9083275,702.2387430995014,0.7915909272895028,124.39031487950018
1120.960835,0.1389976853,46.8279931,1156.3025356200012,0.11239003089720015,45.050711220150006
885.4639931,1.664829907,65.68827471,898.4650953099994,1.8648802798700037,64.14770502014998
473.0,0.7881715619,649.8533325,473.0,0.7920036946900849,649.8533325000019
1021.71692,0.8212131897,52.91917371,1141.2020220134991,0.896911263959,52.19314109080006
473.0,0.005468457123,649.8533325,473.0000000058816,0.006042102212007401,649.8533325000019
953.4847886,1.325343595,58.40745749,977.5797637934992,1.3922306207249973,56.36657874750003
1043.790937,0.01423999044,51.36828131,1256.7900029875045,0.045383085598487485,40.859454723599995
728.9460709,1.62494458,110.1917135,734.9828712301999,1.6703746226290006,113.06940333660005
720.8323834,2.390717547,110.2721861,729.9910357265007,2.7591145405250033,105.13070741149991
473.0,0.02534313339,649.8533325,473.0,0.025199245410014184,649.8533325000019
710.9836435,1.267022996,116.1682703,730.9448358395005,1.5791197400100023,104.45594924520023
645.3153187,1.545037267,402.2826638,645.5130628730004,1.560974900115,382.08493523650003
720.8683235,1.907448864,113.2773116,718.7519788795007,1.9030795492049999,118.04811210284976
989.819822,0.5189514682,55.28743679,1224.514425780998,0.5377692755369998,42.52907117104997
1127.93653,0.04024423204,46.45525788,1151.155640060001,0.06417739319339985,45.30265917955005
593.095723,1.552379361,502.8386572,608.7439568424983,1.6362314174150017,478.8458645114985
727.2082522,1.080627718,118.1316218,978.908160614499,1.2337212914550004,69.44019509085018
502.4329478,0.5315078822,620.547857,517.5048369879992,0.5815981618834986,603.8936516525002
473.0,1.083979071,649.8533325,473.0,1.0921624827900016,649.8533325000019
1016.581544,1.046206526,53.27521201,1046.7289980175028,1.0825862545745013,51.24531168384996
1166.106749,0.6526071249,44.59425161,1170.4650488694992,0.7134791018669993,44.50657955030003
944.0906274,1.318278251,59.27922548,986.0210480065002,1.312685196350001,55.74124821425
632.3304062,0.3231100716,436.5481734,648.7772956155005,0.35485980395049954,355.8656306489998
508.5016491,0.6137571958,614.3613449,508.82646504450065,0.6259327097449989,613.8453541830005
891.0363521,0.01705609577,64.9317642,1021.3295448790007,0.054980648480685144,52.99923538585007
654.0792233,2.294928958,375.4721877,662.4587583345009,2.6529150922999984,320.3350271915
557.9931156,0.9872078123,556.8754193,586.9721825880019,1.0716438401610007,511.5267745510498
1069.961947,0.4749664006,49.69596359,1099.409142055,0.47700672053900045,48.01382149155002
657.5470584,0.03252433784,361.4725345,669.1307976124991,0.4035235757844994,264.8182672835003
571.797685,1.560561149,535.6678957,579.955100521501,1.603064913234997,522.8764459494984
1129.07466,0.07880770919,46.39444604,1160.6220755550003,0.058420671052100005,44.841888325800056
683.1622183,1.604551093,159.8702073,707.3089095815012,1.6954920873400026,122.41318617969988
1046.866768,0.6840877548,51.16481537,1067.4948771099992,0.7838915645965023,49.887231039749956
636.3396159,1.682177927,426.9550442,642.6451293350016,1.7616515680450004,409.16726250749997
1000.49889,1.131978977,54.46230386,1038.4131361830014,1.1242362504735015,51.910120605900026
1001.976586,0.9760991746,54.33075683,1024.8086160505009,1.0541209078469982,52.684865418750036
539.7272323,1.374574275,579.6304858,548.8599222190012,1.4137137413750014,567.9493622400014
522.4078693,1.420553966,599.0924675,521.6413485465007,1.449586926130001,599.9448495364989
549.493884,0.8799060436,567.8757268,573.1998849965001,0.9278092783265015,533.1814164620012
1137.039963,0.3921807284,45.99793006,1171.9365544900008,0.4234636791810005,44.3371751289499
649.3293387,1.847272774,391.1819545,655.4177790821245,1.9256353321404156,353.2315175243741
473.1706403,0.8688791074,649.6923578,473.1627716885,0.8736618493864996,649.6976687240018
757.7602467,1.810752583,92.74956062,770.8071412360015,1.8880703137349932,88.39676876784992
494.3210363,0.8508826898,628.7571254,493.74903737850065,0.8478095316269996,629.3268950859989
575.4913651,1.759112246,530.1854628,600.975164790199,1.911132049083663,491.19992142800135
502.6817799,1.171395234,620.2960491,501.31785605650003,1.2192539226399983,621.6763385999988
652.044623,2.017919706,383.685824,664.160001719501,2.602706281314998,311.5660575220006
1091.641993,0.6068192242,48.43388021,1138.3033377000022,0.5676528765580011,45.94631871809993
804.6323849,2.022054685,79.00624382,818.1898078914995,2.245667651275002,76.17516999020022
473.0,0.908428247,649.8533325,473.0,0.8708802791402522,649.8533325000019
1267.233537,0.1679162631,40.39408212,1285.234201460143,0.16304771295901166,40.04653451944988
473.0,0.00551176775,649.8533325,473.0000000058816,0.006042102212007401,649.8533325000019
649.7796166,2.255025067,390.8580165,657.1345905394996,2.5292460872050033,358.1002876875001
506.2527962,1.16859044,616.6821797,505.9343570690006,1.2182264545199968,617.0019922129989
481.4957516,0.976787243,641.7362934,482.1034623870005,0.9729121681335003,641.0987697745005
473.0,1.188328053,649.8533325,473.0000086765003,1.1849956295899982,649.8533232885019
657.6107199,0.05153650576,361.2155459,669.2569547309994,0.8821742558114991,263.61957437449985
473.0,0.5766538082,649.8533325,473.0,0.5731191947669992,649.8533325000019
654.9224515,2.259190698,372.0680616,662.7350264980004,2.5323625141000004,320.4814924824996
473.0,0.005811917648,649.8533325,473.0,0.25698234649242363,649.8533325000019
647.9352274,2.050568913,397.6428834,661.3452317570003,2.6500593656150007,335.3729841630001
607.61934,1.9126056,481.3425581,625.7591582318004,2.0903863613150038,449.0045472544997
473.0,1.021057986,649.8533325,473.00000103800005,1.0246932446525003,649.8533315325018
514.3176633,1.325873093,608.0887711,512.0944013819999,1.3494981370000019,610.5520328385002
1293.313287,0.03409578182,39.92300034,1322.2061670949959,0.03220283148128007,39.923000339999874
1043.124806,1.057451292,51.449239,1078.6318002275004,1.0389814754250006,49.48026962710002
1208.913662,0.02762286883,42.69016944,1244.9625574700035,0.03240219810758997,41.22976997605005
1155.719945,0.02211422059,45.07700798,1184.229799290001,0.04889424476291999,43.76065319660009
597.117978,1.699946182,497.2932622,598.1925703574999,1.7570559439000046,494.76676190250015
705.0423375,0.4094081473,121.4281739,798.5861146469999,0.27569166228439973,81.83157190144985
943.2705817,1.32239543,59.35493103,983.7961703899986,1.325074416105001,55.912289737749944
955.6582743,1.312416432,58.21196343,978.8080975909991,1.385154792594997,56.266268245650025
679.2393087,0.03840466756,178.7419508,702.2306360860014,0.7478249533840023,124.4476809720002
916.6413268,1.363194294,62.29960117,927.1351958835006,1.3762931962525013,73.78670029397516
1102.753739,0.1228266517,47.80086022,1124.707005959999,0.1139977810409998,46.629546530849964
672.6367723,0.9829789543,233.3564328,694.7560078735002,0.9064588504005031,134.11814169099978
492.6108671,1.063948598,630.4878135,493.52784447799996,1.0675790750449985,629.5598255169997
1132.844947,0.05652737123,46.20474486,1162.9234026150004,0.05124155018635002,44.73588883670004
490.1960608,1.072940399,632.931586,491.3434200810003,1.0792596734149986,631.7704649175
530.6226647,0.06348636944,585.9172195,547.3783850220002,0.05547486081697002,558.8969241855004
637.5151375,1.804066071,424.3979984,643.6380984409999,1.897917795049999,408.3120680929994
473.0,0.03436000908,649.8533325,473.0,0.03439854623804669,649.8533325000019
539.3854803,0.5101206756,580.1328892,551.3220907839997,0.5676930896514992,561.304481221
524.3464785,1.394774684,596.9367294,526.5270262175009,1.416057761094999,594.4960893345011
993.9851118,0.9753103063,55.00953965,1115.6250119395017,1.0036288183770015,51.98487482835005
523.0467783,1.416267679,598.3820077,523.7578245640002,1.4428879076249999,597.5898041410002
503.2707153,0.5964006727,619.7000401,507.1871375069995,0.6184229269684988,615.4916335689996
473.0,0.908428247,649.8533325,473.0,0.8914970391090006,649.8533325000019
659.6193097,2.293910376,347.0551757,667.3731550125008,2.689261448400002,280.0490220879994
621.326171,1.821465179,457.7381922,628.3552421035001,1.9088347137300012,441.4550332265004
759.8135349,1.459218661,96.03054673,750.1523271904988,1.4753324466550024,158.6865264269502
1297.331604,0.002414523351,39.92300034,1323.1281738374978,0.024858270175932486,39.923000339999874
1055.366406,0.5260874982,50.62367176,1075.7375065165807,0.5782090913027094,49.38742194076247
1189.589281,0.3140482932,43.52151004,1300.0724447649968,0.31059274701149936,39.95421998769987
488.1893333,1.108744053,634.9624005,488.74511479499887,1.1174635217999969,634.3999460244996
473.0,0.009678787441,649.8533325,473.0000000035953,0.009611712274951393,649.8533325000019
473.0,0.9885917073,649.8533325,473.0,0.9868701963189982,649.8533325000019
943.3028908,0.8080070893,59.40819834,1148.104686932999,0.8358258642179998,55.30550458200014
589.9261281,1.312208,508.2218519,613.720389546001,1.3838275003050002,465.97444867055094
1170.132414,0.06362480558,44.40261093,1208.8963539499973,0.06722221494981011,42.69156703214997
473.0,0.05608179792,649.8533325,473.0,0.054901720698499884,649.8533325000019
473.0,0.005493009988,649.8533325,473.0000000058816,0.006042102212007401,649.8533325000019
473.0,0.6723205018,649.8533325,473.00000693000004,0.6581781906665927,649.8533261370019
482.008943,1.003156839,641.2169539,482.44626682550035,0.9964283017260016,640.7493221489999
536.0141321,1.549355941,583.9622999,557.1784269659995,1.6360253554200002,557.7225254059994
527.4812731,1.484453088,593.4508418,534.9270038419996,1.5107986084599994,585.1630249730001
558.8919781,1.158694641,555.7280196,564.5065582810012,1.2303310002199968,542.6136841194995
613.6794293,1.230512945,470.0231539,642.4567009070016,1.2931014189245018,374.91969889180035
494.2378627,1.025967861,628.8412944,494.4854704540001,1.0347433226549998,628.5907146014982
542.5155165,1.570283699,576.5007696,558.0442698554998,1.6422757616149979,556.7243321434993
1134.404203,0.1010305406,46.12787425,1158.7899860800019,0.12910188118705018,44.93377522959995
970.2887163,1.267102869,57.00542823,955.4263120860014,1.3266780579450026,64.95343746690007
1222.401464,0.02666149376,42.12382345,1262.3903615166655,0.027796534312323328,40.57364669503333
727.2084962,1.080627758,118.131326,978.908160614499,1.2337212914550004,69.44019509085018
1115.806713,0.02790081905,47.10339562,1135.1607777900035,0.032226124781449934,46.09445745139997
644.4419453,1.775176333,406.8951232,649.8415484824984,1.846693643990004,385.858655691999
971.9131934,1.262798122,56.90069914,998.7059197605022,1.2827944263750035,58.39388857615021
644.1562782,1.071954002,402.7264133,884.9940783330014,1.2464478316175018,91.60932460854981
520.7339936,1.403269801,600.9538124,520.9055078374994,1.4349397660200014,600.7630962074999
535.319422,1.451044442,584.7348339,542.8294747010254,1.4754288229239207,575.770673610591
652.3722205,2.288231021,382.0294053,659.5801275850015,2.599998320889996,343.91311416500037
869.1185059,0.02830146813,67.81593579,991.8931781104978,0.023700929941900047,55.192389445949956
544.5307493,1.21762918,574.0512679,553.0862086145003,1.2065910995949993,560.0742985890005
477.7185123,1.104901628,645.4022049,477.7811364919993,1.0979861064249976,645.3372525764998
1028.629944,0.07920119639,53.23114599,1055.9484772201672,0.3347407345970839,51.3303763442
1287.020335,0.01479045669,39.92300034,1347.8149196950028,0.014212874518730023,39.923000339999874
669.5431561,1.339890245,261.05091,690.5854568859992,1.7830018003604966,140.91605895800026
936.4351164,1.484573611,60.00168853,939.5043090834993,1.8562778474550035,59.74050921585009
653.1056998,1.977241328,379.4023011,662.5716754670007,2.6341043801249997,326.23211741850014
1107.341446,0.5703976875,47.55572319,1149.2466200249983,0.5630736762919998,45.398644688549965
1272.927026,0.08334184561,40.18399398,1287.8346614283305,0.08707904475541665,39.95373467339988
582.1839765,1.658196842,519.4227385,593.0339432184995,1.7365117731550057,503.2679756140009
666.5116018,0.04871176438,289.7031477,672.6174171470011,0.04935771102352498,262.81767968099973
671.6855275,0.01798192784,241.8727874,673.194465956501,0.04143246715960005,255.41260453599966
473.0,0.05196032721,649.8533325,473.0,0.051438261361900064,649.8533325000019
473.0,1.15305675,649.8533325,473.0,1.145259728380001,649.8533325000019
473.0,1.179602905,649.8533325,473.0,1.1730885265355016,649.8533325000019
592.5799375,1.431909172,503.497876,606.3025598565011,1.501763515119994,482.45670737799924
660.1321474,0.547607584,350.1700737,673.9648455579986,0.7903142168660984,221.66942345950065
628.3106582,0.8082630767,443.9145469,754.1617875165003,0.7731813269745014,148.00155915670032
758.8963033,0.5120050996,91.07009546,901.397631613501,0.45419467902609995,73.50067545809995
930.9965623,1.399723436,60.58264864,958.7782106079982,1.4484367344199967,58.032365744699966
1041.146626,0.8320960107,51.53751662,1068.2497692999998,0.8941317921024985,49.818510624249974
1052.907742,0.01442499382,50.78020922,1257.3378005425043,0.07048673659078739,40.88316815565
647.7054845,2.024413244,398.2774816,659.4256685099994,2.686620022310001,349.76605164249975
628.7875045,2.186227332,444.0013326,642.7256240705009,2.502234100965002,411.3096151815
1109.265204,0.443113196,47.45293106,1144.6174179074978,0.46182699736800154,45.628444220558364
646.7134743,2.158440521,401.0173765,658.7365897945023,2.711386913750006,355.5091753985
920.4923536,1.480156673,61.65882701,949.7639877079994,1.5471177326849999,58.89591895294998
473.0,0.1947320544,649.8533325,473.0,0.19363906883766685,649.8533325000019
473.0,0.0,649.8533325,473.00004717,0.0005998097638356662,649.8532880210018
523.6725255,1.172312841,597.6861863,523.4773154279999,1.1780921668799995,597.8906385670008
473.0,1.025035479,649.8533325,473.00000103800005,1.0195797555059993,649.8533315325018
483.2161453,1.102246465,639.9952681,483.6840551440006,1.1096662731850002,639.5211563364993
1110.915476,0.06492730898,47.36475007,1130.1417907150012,0.06939520134709992,46.34858789634999
658.6870742,1.338770819,356.870275,671.8979324895002,0.7256080662814997,239.85817504099967
473.0,0.0262274964,649.8533325,473.0,0.026050000431609977,649.8533325000019
748.0531026,2.287173453,95.84243033,763.0971347085001,2.6467712763500013,90.82129740049986
551.0584468,1.533212408,565.8556935,554.6737494040007,1.5383054918399994,560.4232040664995
474.3188391,1.002118269,648.6092252,474.7346601464997,0.9800804097975013,648.2156292750014
501.2880078,1.096048819,621.7065375,501.77155760750014,1.1242075351500018,621.2030478979996
1264.825695,0.1681209639,40.48292992,1281.5733842929985,0.1562703061261401,40.0782021062999
473.0,0.6375437883,649.8533325,473.0,0.6317873998094998,649.8533325000019
602.9507263,1.67610731,488.410437,610.2857246870007,1.7345312839200029,474.5791129649996
473.0,1.162590532,649.8533325,473.00002041600004,1.164766067359498,649.8533134280017
657.1345055,1.835206364,363.138052,668.0465070395012,2.413797169159997,275.1201091089996
1163.053343,0.0661460091,44.72636031,1198.7609777749985,0.07633026118009506,43.12555871804991
580.2661946,0.6325742029,521.6240827,610.6881154258839,0.6453423512288821,468.9198553304992
473.0,0.0009444788812,649.8533325,473.0,0.0009597227243718315,649.8533325000019
1120.419782,0.5446032464,46.856904,1163.3068282349975,0.5167849712419994,44.742065348399976
755.7300729,0.3982324311,92.17587712,897.6494345799998,0.25739921835904933,65.82024063590012
648.0592895,1.959480616,396.0051526,651.3615895660009,2.0285086360700015,373.08861160349943
556.8718133,1.52950664,558.370672,559.1365333250003,1.5291295350650012,554.1631480834989
1242.566196,0.310196147,41.32462582,1292.4403944799978,0.3103868054744991,40.04598855144992
729.0784593,0.158177262,103.8721719,776.6496992979978,0.10923681555625014,91.26337044735011
473.0,0.901542382,649.8533325,473.0,0.8886714239710004,649.8533325000019
1154.334869,0.3695047602,45.14529128,1190.5029662700001,0.3815323688494998,43.49453692324998
619.0189168,2.052214635,462.3038504,633.8442949439991,2.288085609214999,432.92677053750083
730.835363,0.2778232875,102.9279165,808.0086744659986,0.22297403029344978,79.60097954799994
870.0541093,1.556813048,67.80770726,892.7936226335015,1.620018096953335,64.86844170514992
1289.498047,0.01517268193,39.92300034,1335.2055630975,0.03409759950263253,39.923000339999874
578.8394177,0.8930175684,524.7360287,662.6529579554979,0.9321107402565026,302.9174310327999
1279.499643,0.06294992606,39.99611001,1341.1667977000016,0.042414986668110055,39.923000339999874
669.5263868,1.769699285,257.8909851,677.1693313610009,1.8354921473499994,229.5283938685005
596.4119188,1.029691255,498.091596,724.4716397835001,1.1848590930994995,276.2801857352504
491.8390657,1.11613163,631.2688836,492.20499062799865,1.134090081675004,630.8985604375008
473.0,0.635325195,649.8533325,473.0,0.6270007985830005,649.8533325000019
473.0,0.5228246636,649.8533325,473.0,0.5228951730542989,649.8533325000019
617.4405574,2.076822293,465.0380104,634.4012664269984,2.348623845145002,431.95251890899914
608.2746767,1.989736662,480.3287775,626.640941128,2.212517459905003,447.8658018934995
1241.424012,0.01627712278,41.36989395,1273.441473760003,0.014813007489600027,40.17048630504989
473.0,1.24312392,649.8533325,473.0,1.232637175185003,649.8533325000019
1021.74169,0.8590541416,52.88251711,1051.8181072249995,0.887087940933001,50.88780328335001
1184.903646,0.0192200991,43.72707275,1221.62269004,0.02799713892446995,42.161078239749976
473.0,0.2863945173,649.8533325,473.000000001,0.28265248834000095,649.8533325000019
1046.116805,0.6272565251,51.21256532,1057.489174864081,0.777691527603459,50.503954872987535
657.3909903,1.539889972,362.1025755,668.8745689255006,2.053812010369999,267.73372397100013
473.0,1.20714988,649.8533325,473.0,1.2058431675300028,649.8533325000019
1069.77915,0.9429614039,49.73938739,1084.5383617950022,0.9701950181085014,48.97313378685003
1166.27647,0.1725059841,44.57895649,1206.5289292299997,0.1686626963917299,42.79231455665007
1135.318298,0.01322008246,46.08281026,1163.2002609750034,0.018977419306874976,44.725007330800025
1282.958169,0.08255607024,39.92300034,1319.0439967099994,0.06618936945209003,39.92328883499987
946.7890404,1.304126794,59.11971011,945.5051492579992,1.3549403228150008,61.11203824139997
473.0,0.02623076702,649.8533325,473.0,0.026050000431609977,649.8533325000019
473.0,0.6372386284,649.8533325,473.0,0.6285950516515004,649.8533325000019
474.3054705,0.9711121168,648.6218281,474.62605297050027,0.9529559515360008,648.3187974225011
476.941479,1.000510737,646.1352026,476.4108226399995,1.0009572522199992,646.615961955499
473.0,0.0009873890512,649.8533325,473.0,0.0009586822262132067,649.8533325000019
638.7049673,2.128135444,421.890984,648.3710870184997,2.3961537079059996,393.18522590100116
473.0,0.6000442081,649.8533325,473.0,0.6111570423985001,649.8533325000019
534.903321,1.38813009,585.1975156,544.2944959550014,1.438362839340001,573.2967818179997
764.3273829,2.066959919,89.3812919,806.0920107955005,1.669504142636199,80.86963133120001
473.0,1.22198093,649.8533325,473.0,1.2235833818500041,649.8533325000019
872.5372551,1.515679874,67.46885221,895.7454059730017,1.5633127621950027,64.52869200195005
834.0160902,0.04521145138,73.17401931,938.8901574022321,0.045104624937451536,59.81624357945988
1094.740742,0.03266393097,48.2537395,1104.8356912596696,0.04481422291988327,47.69133771576994
1230.221616,0.002396158033,41.81388418,1348.683330796001,0.009841724072629041,39.923000339999874
1265.333493,0.0,40.47818708,1285.9214592000023,0.02373715642970002,39.95599810994988
559.54427,1.464920571,554.9316555,573.3138302489015,1.5132401634340038,532.9845802585002
512.6674578,1.208960325,609.9237961,511.6911975559994,1.2650415934099986,610.975260977
1128.122153,0.533029745,46.44534078,1173.201704899999,0.4865425492869994,44.29109455674998
1018.225031,0.7276700434,53.15944377,1174.963381600402,0.7698533950559008,47.49508065230011
657.7041473,1.826946984,353.0621358,662.7567975092511,1.8994485010224957,315.6536935147497
1131.930251,0.004140588106,46.24983908,1153.6282607600035,0.028753106266224963,45.182729737500075
923.8851743,1.045811973,61.45703794,1057.9431892909984,1.1289324620810015,56.62566065535004
518.196285,0.5120146727,603.7748834,530.2721348979991,0.5485725093584992,589.0067619624991
666.5989494,1.527898239,288.8733435,698.0431959279998,2.3079200582300015,143.4476269027501
553.1266107,0.9311613689,563.1746311,593.2210041755005,0.9722429297460004,475.12972052320015
678.9328379,0.4954147531,182.2016365,761.0987652079997,0.3906502385585003,101.34139453514983
643.1415541,2.212502353,410.8830494,655.3120036769998,2.6697029232700027,370.13619265699947
547.8189263,1.543589088,570.0318364,558.8379283074995,1.5981579837900008,555.2886442585
1132.035937,0.2025631119,46.24462959,1164.2387714700008,0.2141944017756502,44.68406839920007
619.5319222,1.719754013,460.8636938,628.5758920584993,1.804323651374998,443.45809247000017
478.9263046,1.082790643,644.262847,478.7191225069997,1.0813324616899964,644.4291433795005
473.0,1.14976153,649.8533325,473.0000025660001,1.1508750655053754,649.8533301160019
605.4345407,1.482760143,484.1422742,608.3147491045013,1.5163060988499961,476.42943438999913
1056.60303,0.9652758557,50.55979765,1084.2050435950018,0.9686200177320013,48.97136622790001
576.8565764,1.097333881,527.9596024,602.1575940750006,1.1495920960560007,477.97936625059924
473.0,1.185739843,649.8533325,473.0000074230003,1.1837538643399979,649.8533247400019
680.0759426,1.486830001,174.0575195,704.3894826015015,1.581751676483,122.35006029900006
474.4798037,1.113064432,648.4573831,474.85520279299897,1.1019888322499976,648.103260130501
662.4774595,1.53992749,328.0317464,677.2103504624995,2.141228366018229,195.0397940800002
1163.880189,0.01138214533,44.68854741,1199.6195865650004,0.017757307815089975,43.08736748134997
977.5741274,1.26261424,56.3962818,976.5840591620018,1.3052078091150046,66.59928767130017
554.6418965,0.5672631019,561.1940601,570.9181551531659,0.5863325427276664,535.7666999604996
652.0428025,2.16868578,382.7688284,658.0915905700025,2.4000887239600037,353.2751742265003
495.7548256,1.125703308,627.3061215,495.14948410950063,1.149716629120003,627.9187330555011
1126.698099,0.3526411113,46.52143248,1161.8296307587498,0.37340268224770035,44.82096289452914
1232.577734,0.0,41.73629046,1270.7610235350012,0.004077005730769997,40.27691595889985
721.1778599,0.09949509197,108.7055183,744.4024104340015,0.4939189423550511,97.41771875045023
495.2425904,0.9782897415,627.824501,497.6376847909996,0.9794165141190001,625.3955696015005
650.3451682,2.271106243,389.5445391,659.0719324185012,2.6535743131349987,341.4870003639995
1218.540003,0.009100615201,42.28105146,1254.9217909850026,0.011478054962215038,40.850976220949946
516.5320087,1.161498674,605.6264375,518.2777447025,1.1848249019399983,603.6653694394995
899.4276467,1.524082894,64.03263935,917.6217158264975,1.6305573264899977,62.02636354489991
580.5867471,0.5639089989,520.7853718,586.2510979100002,0.5997014649074999,512.9803672415002
535.7303954,0.5784064439,584.2778234,549.077774715501,0.6180003672489989,566.812499151999
590.6824903,1.750690433,506.5893322,603.5095057084982,1.8439330798550027,487.28816213550033
774.7339284,0.196535394,86.1219234,875.1109307384124,0.127048221688993,68.09256518114218
551.145491,1.62537264,565.9380964,571.1570915394983,1.7239074921999977,538.0489686274991
705.0204836,0.1352729519,121.449761,727.5735628144989,1.2591119716870012,105.0624758276001
988.1469692,0.1331013267,55.407623,1250.965668345003,0.10155791525869992,41.00570055315007
473.0,1.05756154,649.8533325,473.0000029804999,1.0593671708799965,649.8533297890018
473.0000001,0.006098295727,649.8533325,473.0000471085007,0.0060785560353484895,649.8532881020018
483.987352,1.09605921,639.2148126,484.0258818730001,1.1060033504750015,639.1758126249989
1233.409,0.06953961013,41.68755778,1264.653474035001,0.0688734360216849,40.4925955124
831.5363983,0.00331290424,73.57377877,917.6319930524144,0.03506499696084341,62.01545731812493
758.8962477,0.5120051438,91.07011739,901.397631613501,0.45419467902609995,73.50067545809995
671.5109658,1.351099298,243.2634362,693.4507644220009,1.6974221384999981,136.0930152059998
1130.561946,0.02526730387,46.31729796,1152.4870382450008,0.06065595006717488,45.24068050445002
660.1422009,0.4563390535,350.1006842,673.9447230689988,0.7730680354395986,221.84649960300067
659.1305466,2.032643049,345.9789908,673.3752753365005,2.2150558409400016,248.0305507909999
473.0,1.121957385,649.8533325,473.0,1.1126217351949959,649.8533325000019
473.0,0.03097350853,649.8533325,473.0,0.03317956519969003,649.8533325000019
522.8864665,0.9319293158,598.5602664,525.4523318979986,0.9630131837885014,595.6349117595012
1211.016734,0.07262103679,42.60078939,1250.5613302250001,0.06732806520741001,41.01362577140004
803.0421012,1.976418769,79.37915815,818.082980315,2.1607447614299935,76.20866920705028
473.0,1.057099175,649.8533325,473.00000207600004,1.0624191804449978,649.8533305650018
642.602454,2.05208096,412.3720174,656.5897153544985,2.696065956014997,364.96574531399995
473.0,0.1324571293,649.8533325,473.0,0.1322889676237674,649.8533325000019
979.2492253,1.257865497,56.26807743,991.2553815850016,1.292707670405004,59.34955776125019
593.4740399,0.2528934548,502.7761129,599.310826237502,0.27659729343249945,491.3832360454988
976.0030407,0.2927136199,56.40336839,1238.584124335002,0.22358911729149994,41.50156429275009
1127.120237,0.6979478942,46.50297763,1137.6673902299992,0.7574465812515004,46.03192547720001
533.4177223,0.9609920321,586.849532,534.1473932294998,0.9839481022275006,585.3480850564996
1261.844858,0.0,40.6069932,1286.0376820200033,0.01011485684435,39.96932833779988
612.4072597,0.1357287475,473.4176411,604.0836223500008,0.13673488135409448,479.72801628249977
958.9290255,0.01500921437,57.88079415,1144.7120244150005,0.025085623399330036,45.64480510810003
657.7645047,0.6413325095,360.5946733,669.5326552219994,1.3529076129739996,261.00276903650047
679.0838191,0.641387252,179.6295415,701.9985920470016,0.851423760938003,124.62950796400017
669.0293664,0.4266954642,265.7820594,690.6017854049991,0.5835845601608439,141.45627775850014
1113.986528,0.6317359319,47.20287084,1152.7461240200003,0.632594888880002,45.24304458229987
660.5414833,1.334989238,346.4254041,676.1548686970002,1.3528747199130504,202.39725275800032
473.0,0.7242491556,649.8533325,473.0,0.7258110247260018,649.8533325000019
505.9590631,1.187877074,616.9794421,506.2454759034996,1.2063921854899988,616.6803701550002
1238.642548,0.2149597897,41.48013243,1259.9456051149987,0.20882509503140023,40.67860735714999
1021.818595,0.9964834001,52.89142197,1054.938996639999,1.0290983490120025,50.70396234904996
513.0978414,1.174052012,609.445226,513.6656055994999,1.2325772628200005,608.7555736100003
517.908656,1.018365357,604.0955841,522.641234684,1.0457896182599995,598.8232064650006
831.35712,1.630925922,73.85754224,895.5586608050018,2.0301375438206026,65.18719908275
473.0,0.3429529504,649.8533325,473.0,0.3419635410582872,649.8533325000019
655.6865171,2.218449119,368.9834741,664.5160403290006,2.7144183135099964,305.4609372840005
712.6870628,1.589261477,127.1732225,724.3604533645819,1.5992683731808288,154.24360567725864
583.773495,0.3018944094,516.0601139,595.2882542265004,0.3405934914279992,499.17162773249925
586.89988,0.5788761245,512.2636533,589.9132379590001,0.6001514526844993,506.5143234865001
489.8700789,1.094428268,633.2614972,490.80155689100013,1.1015021237299976,632.3188295654992
865.4347609,1.670820965,68.42856303,885.7329605870013,1.7695148872050028,65.70148816110013
909.2054543,1.658579678,62.91877349,917.7589583690019,2.038030229623002,62.08503068085
473.0001567,1.140825916,649.8531785,473.000707845,1.1473204677228754,649.8526655680013
1094.740747,0.03266393002,48.25373949,1104.8356912596696,0.04481422291988327,47.69133771576994
1292.991084,0.002444690126,39.92300034,1328.2359835725001,0.02567878068828749,39.923000339999874
488.5232883,0.9622511691,634.6244358,486.8583428040001,0.9831105107485009,636.3093615425007
473.0,0.8755659695,649.8533325,473.0,0.8748381535204998,649.8533325000019
494.4514853,1.099409456,628.6251092,493.89012654250075,1.1157068620699997,629.1932006194988
815.6681485,0.0,76.78386307,908.8518116037309,0.011939121007061664,62.94327666645989
568.8500971,0.8277306945,541.5613178,596.9798572299983,0.8808220037280005,495.229876289
666.9311525,1.93092185,285.7169811,689.9405712219997,2.589528433070003,160.04854216949977
1027.608497,0.4333082382,52.47105894,1263.5677421599967,0.41588305396699987,40.58065296629989
650.1047823,0.09501446223,390.2876464,661.474863459502,0.09974705985734995,307.2189303834996
473.0,0.2796427678,649.8533325,473.0,0.28049382801350087,649.8533325000019
664.8062739,1.394830248,269.2803628,701.8789348059996,1.458415919485,247.69190409475007
522.8001395,1.355293718,598.6562659,525.6992097907751,1.3752052501315024,595.4226249304239
665.1933871,0.08034238389,302.2275918,683.3730001874994,0.29376806411240564,159.3497345165
669.0652389,0.0,265.4410856,690.7330729450003,0.43094694978684495,141.31024790149985
1080.113829,0.3862489022,49.10405029,1103.0953896933358,0.4179766304193338,47.80635375100002
660.9835847,1.687114866,323.0441623,668.1336178064978,1.7463391232149976,275.70645490050043
1243.489317,0.3084595062,41.2880403,1299.084599669997,0.3031472767574992,39.967833931049874
1091.613657,0.2441765144,48.44033379,1300.0898793949996,0.2508011156817495,39.96399705819987
473.6480901,1.130431057,649.241968,474.10421944899963,1.1179731797329973,648.8110571415021
512.6607901,1.310069187,609.9312286,510.9039253225012,1.3382469208250012,611.8597747754997
1059.025667,0.7697552254,50.39125753,1093.0120519200027,0.8007092680389993,48.37592333514993
649.4052048,1.707693435,390.2067007,653.5491322305024,1.7841339396199967,374.4634474004989
927.697921,1.490437151,60.90229008,956.2058292964997,1.5755879270250017,58.16691122299991
473.0,1.180736591,649.8533325,473.00000212300006,1.1738791261199994,649.8533291450018
1122.993521,0.007874583808,46.72146559,1343.4020001430822,0.023513544805090283,39.93889713289987
484.7601164,1.104160245,638.432766,485.32201733500085,1.108127579635001,637.8641278215008
473.0,0.729240557,649.8533325,473.0,0.7344458771555012,649.8533325000019
888.6847893,0.4287634548,65.24054773,1140.5701878389998,0.3123650900962496,46.53534054399998
1055.990656,0.0,50.61582851,1263.2807190450042,0.0620120650752999,40.77747575904999
684.428388,0.1962712856,156.3907706,732.8076329444988,0.12283822494634994,116.64386512890009
524.703959,1.398237686,596.5392266,527.9996219790011,1.4184172015199996,592.8570462955006
1200.020564,0.2587367093,43.06812591,1305.343153064998,0.2642830596289994,39.924288732499875
635.6496539,1.574044879,428.0305207,631.1925075575004,1.5828133447900024,427.132065499
880.5330973,1.438836872,66.50413656,913.3560594900008,1.459032314987501,62.65658526097505
757.3279259,0.9924701945,94.60630407,961.4207514500004,1.0696013637455006,75.08884249229993
474.2781881,1.119411503,648.6475683,474.81662187199896,1.1028599466999975,648.1396545240009
473.0,1.180582422,649.8533325,473.0000023160001,1.173702409529999,649.8533288400018
473.0,0.0234992101,649.8533325,473.0,0.023631808064619633,649.8533325000019
584.4460816,1.800097798,515.16895,604.0829452421602,1.932470390970179,486.4406670235016
1146.54441,0.4332151578,45.52936022,1270.0906813899958,0.4127432976139995,40.347757849249895
680.5746438,1.877432242,209.4376675,691.3778511235015,1.9698639596950032,181.8149937819999
863.3175708,1.702973448,68.72217678,883.0081636180009,1.8120713669300033,66.04998672960014
487.6735667,1.107326484,635.4843504,487.7586386755004,1.114756163124997,635.3982619470003
518.4535014,1.365828004,603.4897272,516.5186185359996,1.396532043145002,605.6401275394994
1205.708567,0.04039858774,42.82638708,1242.2759350900028,0.04547692119434003,41.336129375199995
802.6431961,1.832048174,79.55082949,813.24056326,2.0200985464849937,77.35428650050014
831.5364186,0.003312903243,73.57377591,917.6319930524144,0.03506499696084341,62.01545731812493
1039.686773,0.03278006617,51.64294966,1260.2175074360039,0.052049545985639864,40.72446813205008
804.6323774,2.022054688,79.0062444,818.1898078914995,2.245667651275002,76.17516999020022
522.7457822,1.41335363,598.7167067,523.2926902870005,1.4428535725349996,598.1085497290004
1198.350697,0.002985083084,43.13909574,1231.7808282849992,0.03407961782780994,41.75303741150001
1006.323337,1.03058301,53.9922911,1023.433668514501,1.1693301179179998,52.85660580994991
609.3757203,0.9449589305,478.0520999,786.4784936384997,1.0110318099574986,127.24156009349994
608.9297498,1.844547981,479.1063069,620.1661882294994,1.9750808314249984,459.6923989555
545.2024393,1.584511655,573.2662864,566.2828136329989,1.6809702455049975,545.0634487340002
473.0,0.002917328672,649.8533325,473.0,0.0029722974815270227,649.8533325000019
490.9754914,1.040415406,632.142795,491.73154884350026,1.0423670429299996,631.3776779059992
997.9241835,0.02280204919,54.64630449,1198.3786298437535,0.06342935109860498,43.197709231149965
474.9053451,1.070878075,648.0559474,475.5744666404998,1.0723568384674997,647.4209770970001
572.6154799,0.3525525494,536.0062492,585.1546295200002,0.3602809390994998,513.9005989209996
863.0784929,0.01832136289,68.62527794,986.6834193704985,0.01928918135008501,55.585280938699974
704.4953154,0.0,122.8011703,717.1932497959999,0.0688663823085999,118.85872019084977
526.6370239,0.07909213389,591.0866931,547.3783850220002,0.05618653932720004,558.8969241855004
1137.455754,0.07540299094,45.97743087,1164.0592664050027,0.08123005715959997,44.68469123274995
882.9539557,1.429013932,66.20810432,913.6966380000008,1.4582272289575011,62.61338297092505
570.3198998,1.019671543,538.5192717,605.8378193270014,1.1200163231425007,476.8708965138493
688.301665,0.02169628968,146.0481454,715.9877004489991,0.01837027812500005,119.75216221249964
657.9825924,1.577743533,359.7142925,670.4970527144992,2.053302216900002,252.33277193300012
854.6127729,1.840952015,69.93547952,871.8062866639989,2.059385956589999,67.51523406470001
726.6798346,0.238073397,105.2055752,759.695460664498,0.23499606910724974,126.60739288510005
1024.725365,0.9492101009,52.678898,1053.815343827501,1.0050180312699988,50.76443268504989
644.2976014,2.179146653,407.690026,657.5837156765025,2.700232469469999,360.6454421790001
533.6102618,1.379874291,586.6354236,540.1020742050016,1.4249124521650018,578.6998604464993
588.0926653,1.823573837,510.3314628,607.1484684839605,1.964193566616511,481.5298563495014
1200.674544,0.5409250514,43.04233758,1235.9810563819976,0.5218545123490003,41.73015784340003
1105.800865,0.03409080224,47.63804142,1334.981621310998,0.03849984557433997,39.96144038284987
1152.734517,0.09184970495,45.22418935,1191.9386988000012,0.06626207608475983,43.41416592909994
1261.932175,0.2110862681,40.589703,1309.347129615,0.21420967902599944,39.93220644739988
837.0375792,0.03105358434,72.69074495,939.3845558841651,0.03419195262360825,59.75034310144987
643.8997721,2.038857008,408.7888084,656.3951177279976,2.6924674899850003,365.7151096520001
1091.37327,0.1053864958,48.44950104,1325.1247141050017,0.11356280100734992,39.96011600404987
505.315873,1.240828951,617.6303502,505.3618935130008,1.2790933639399982,617.5835413445001
1123.925458,0.05935135083,46.66958756,1149.7360123650014,0.06406414150734992,45.372467424900066
799.3680789,1.7535154,80.39458043,807.1659648735003,1.8623219334699967,78.91747780314991
922.4351334,1.360644745,61.51554203,951.1354360264985,1.3927972142448335,58.785129063964895
663.4139789,0.2443695432,319.1337149,679.9128836649991,0.11131086833724511,172.11455126400003
829.5293311,1.989994421,74.09892918,846.2275927989999,2.3362230924800054,71.23389282029991
775.1302078,2.080231788,86.41116768,790.0339921469987,2.2890490401499974,82.82243908625006
473.0,0.6902879025,649.8533325,473.0000885499995,0.6799031109580751,649.8532511950019
558.8864744,1.641724636,555.6549973,573.8326341567486,1.7266563133024961,533.4023907189999
473.0,0.1196610265,649.8533325,473.0,0.12382374397091711,649.8533325000019
662.6043727,0.743124585,326.8258882,678.8033061399987,1.0363260463110433,179.29455090749997
473.0000001,0.5217831851,649.8533325,473.0,0.5227509639982997,649.8533325000019
771.3025775,0.8473651264,87.21455543,786.0302854289992,0.8645179150935002,83.38650723269998
1039.01796,0.9361789397,51.69297541,1062.2296463250009,1.0111564238335027,50.26965433349997
555.4361104,1.301173767,560.155143,584.7143320004999,1.3708015414000005,514.7977014140001
1032.381924,0.8050353726,52.13628312,1060.316901714998,0.8730180312645003,50.35553665399999
1087.324421,0.4926211494,48.68487452,1111.464892209997,0.5597995213129988,47.347729674299934
1022.640974,1.031278311,52.84002287,1058.0606409945017,1.0409521470689989,50.521660318150055
657.6490946,1.121450416,361.0605974,669.3818763639999,1.5874608439899989,262.4331519365003
1177.289803,0.08183628356,44.07527885,1220.4529419050027,0.05542897177121994,42.208814275349994
473.0,0.8531208105,649.8533325,473.0,0.8565582233860017,649.8533325000019
503.2512213,1.213065815,619.7197681,502.67511643250094,1.268287782190001,620.3027899325009
519.1049566,1.384359253,602.7652993,517.8122164594995,1.4160047785199996,604.2028336234999
473.0,1.217689222,649.8533325,473.0,1.2143102809200008,649.8533325000019
593.0922878,1.871117496,503.3292602,615.3663701609006,2.0596324344049988,468.128679744001
474.9450806,1.113860748,648.0184793,474.9384122359986,1.1090649531999988,648.0247662890006
473.0,1.113793979,649.8533325,473.0001670815,1.1157001101349984,649.8531746905018
777.0291664,1.584475506,86.87999434,777.2779271529179,1.6069393613141645,100.41733672114178
473.0,0.06594692902,649.8533325,473.0,0.0663187085400224,649.8533325000019
870.6481248,1.540718238,67.72881219,892.9251480395016,1.6174031399408353,64.85324519147493
478.3044983,1.091158823,644.8494106,478.26930367749975,1.0878937565199962,644.8669769130004
1104.596623,0.6483120357,47.70773885,1138.402856994998,0.6664443697420013,45.960077572199964
1284.585443,0.007975874192,39.92300034,1295.594153834999,0.03377104925614003,39.93916713124988
703.6266528,2.13476128,123.1312669,751.8273972274998,2.594951060188001,97.72537566494987
1106.786145,0.0,47.61054135,1117.6821831149966,0.042763071402199995,47.01970460290003
1094.376847,0.5388809035,48.27489463,1133.9808337980003,0.5367104953262012,46.16074567090659
1189.227681,0.4014026522,43.53076383,1215.1320980799994,0.40640546191300025,42.44362698005004
473.0,1.133675999,649.8533325,473.0000001520008,1.1351878165676683,649.8533325000019
603.0474042,1.899521546,488.5355847,620.1006355466493,2.0766330636475034,460.19769402499946
520.8613321,1.205179034,600.812228,520.7019985074994,1.2183777003899987,600.9792484640005
1167.206917,0.08523476674,44.5364042,1208.8446094799974,0.0698028467684051,42.69357711689997
621.4320341,2.143792004,457.9891143,637.8198842084998,2.43092213223,424.0048116750002
536.7896179,0.7111448973,583.0982389,532.2229794840013,0.717552170166999,586.9415952285007
1054.565298,0.6528871863,50.67467822,1078.6651464099978,0.7251237635830013,49.231564446799936
1298.398068,0.0,39.92300034,1320.716373772,0.014739817798094962,39.923000339999874
1106.382793,0.4488858313,47.60694764,1144.2560213749987,0.4543260929220012,45.649107903050016
803.8038883,2.226530051,79.13407691,812.5622954419996,2.398354469895004,77.35147997995017
1009.729847,0.007857546582,53.73147324,1255.414391227505,0.02179459746432747,40.96862520969992
1210.122399,0.0,42.65627909,1244.8130664199969,0.012224679944055019,41.24043068825001
473.0,0.5530649997,649.8533325,473.0,0.5523774131489987,649.8533325000019
489.7695377,1.108649157,633.3632398,489.4030383209993,1.1231866505099968,633.7341281519981
627.4799621,2.179002693,446.4980543,641.3727482410007,2.4799862624000015,414.9101975565
903.7699185,1.611959966,63.4873121,937.1659627549994,1.7078926390650009,60.11083117114994
473.0,0.1077751227,649.8533325,473.0,0.10780160919749977,649.8533325000019
632.807309,1.852352486,435.0886677,637.7504693469997,1.9290106444199973,421.8338628610002
1026.827868,0.7806742288,52.52580691,1038.1509502799972,0.9529920540334991,51.753357732199895
568.0577962,1.013708877,542.5454981,604.7092977740016,1.1160678612800004,479.30965071534933
1153.555703,0.7539014015,45.18451653,1161.2770621299996,0.8319961547575017,44.852544989450095
537.4323871,1.1010977,582.3491547,540.3062576280003,1.1377431706250016,577.9564800480009
473.0,0.01087602942,649.8533325,473.00000000311906,0.25894726165892384,649.8533325000019
737.2418115,0.0,100.1114578,757.8673612935013,0.0536538448459999,96.0642971520999
656.4684928,1.870592982,365.8267022,666.6857440999996,2.509907993214995,288.04871982150036
796.7186261,2.267618645,80.64802196,812.4084057669995,2.4066403370000042,77.38896357100022
496.9738744,1.077989946,626.0724558,496.04496778999965,1.09084868919,627.0113619004998
514.7635378,0.975689344,607.5929615,517.0979325739992,0.9823951204754997,604.9223373815006
935.1963967,1.370758298,60.15398998,974.719590255499,1.3696338772749976,56.67292178935006
473.0,0.238569835,649.8533325,473.0,0.23840210947500062,649.8533325000019
605.9845906,1.295128951,482.923108,636.3238892135021,1.3928155466950027,413.58030019720024
662.9773024,1.883971248,323.2826423,673.7488058759998,2.549396414610004,235.40830800099948
1174.826149,0.02004439191,44.18794941,1214.0734845300005,0.01596457759808,42.478252630549996
657.4016539,1.628704862,362.0595096,668.957696878999,2.146230187739997,266.50068968699924
593.7361021,1.619816112,502.0491214,603.9730843990002,1.6757234042750029,485.12500438149965
659.8056568,0.0,352.3546066,673.5839981039991,0.4882130384230495,225.02082080650024
1060.144821,0.5704405338,50.31944815,1075.5600994949987,0.7051977123000016,49.39936580210003
545.6075048,0.9549541951,572.7728987,554.2188519655009,0.995395560411,554.7772569630005
964.8762713,1.280515393,57.37272374,978.3976197704983,1.436941158480002,56.25393327739987
696.7812581,0.4731358252,131.131893,782.7961750830009,0.3753517256424997,95.24504508824995
994.4580242,1.147871269,54.94335104,1024.0939551435001,1.1696353255360004,52.89522931555004
480.4296624,1.098699834,642.8149732,480.5471306994999,1.1108955295250014,642.6854677359999
817.9357718,0.04753642761,76.19729399,914.7615129077831,0.049613400121786694,62.31598284830501
499.6503221,1.066252147,623.3638858,498.604711761999,1.0804528161299987,624.4182380585
554.0150158,1.644788445,562.1259166,575.8810942364985,1.748758309739997,529.4106620045002
490.6846185,1.121729976,632.4371723,491.79279892249923,1.1411526498750013,631.3156944114997
987.8754178,1.165003776,55.47117701,1021.4684541680002,1.177235368130001,53.07936013665
667.5624428,0.0,279.7192613,687.4723809144983,0.20831948262544486,148.31116726099984
513.9500078,0.279164603,608.1687443,552.2527780195002,0.2329426118679333,559.2161321794999
568.6865742,0.8741723796,541.7507006,606.2762773724988,0.9320950816635012,465.6839437288501
587.3836368,1.136406119,511.9047332,614.2944894325011,1.1926901245430008,439.75482997014973
1133.314032,0.5251843623,46.18161964,1180.9948966449992,0.47734089352099973,43.92764467464995
572.078631,1.726241449,537.0326812,592.5037634794485,1.8529320933661644,503.75127746400096
678.8024781,0.9151888585,181.1976637,702.3531396590015,0.897372148448003,124.29163372700015
1015.321561,1.157235774,53.39780681,1014.8462376429975,1.2077093117269992,55.27865809130003
803.6529329,1.882632555,79.29401894,814.13150404,2.1121972610349933,77.15028895590022
473.0,0.2882712308,649.8533325,473.0000000035,0.28561604936500085,649.8533325000019
613.6517622,1.593806004,471.0486784,621.2643505729988,1.6617247937449986,456.9389413030001
771.5365236,0.7161214712,87.14445591,788.7387498924988,0.8052425723560003,82.63721507860005
537.5389671,0.9730490119,582.2337315,536.1766987015002,1.0019599587605001,582.8268131950007
1163.587541,0.04819536503,44.70193006,1199.9297894600002,0.04572710608794499,43.076234126849975
1269.287221,0.1675124231,40.318301,1285.537484225143,0.16260730811401164,40.03991456874988
750.568678,1.085395366,98.86210508,980.954585896499,1.2328360161505005,70.12561364925018
1119.837647,0.6229987962,46.88830663,1161.028705214997,0.6096627893085023,44.84062434499988
586.0075134,1.465919138,514.4569161,595.4594292690512,1.5063059587404988,499.1438870694991
753.5371105,2.38705777,93.54725672,763.46807846,2.658682131730002,90.45047086029984
517.3431118,1.374315529,604.7244783,516.2928399074991,1.4034805742249998,605.8923771749999
473.0,0.5237241011,649.8533325,473.0,0.5238882320290495,649.8533325000019
609.8561388,1.218377882,476.6484905,643.1985820315017,1.2821152011545016,369.46856918625025
1187.964385,0.01896809428,43.58709495,1226.5535633350032,0.015533693789820011,41.96014211419998
657.3788628,0.04196657587,362.1516113,668.7344055735002,0.910204305567001,268.5843862855001
473.0,0.003256605072,649.8533325,473.0,0.0031657684844491585,649.8533325000019
888.2491373,0.009133094567,65.27665333,1006.3514401629991,0.058934128450935104,54.076665856750026
473.0,0.1473830921,649.8533325,473.0,0.14638121901250034,649.8533325000019
565.7202661,1.659903399,546.7909021,579.0794075463738,1.7474558677987457,524.4633600605007
473.0,1.208222137,649.8533325,473.0,1.2050492626700022,649.8533325000019
958.7144875,1.27066698,58.07738849,998.2916197370022,1.2761714520680036,62.52790195585021
642.8806709,2.245090551,411.6035803,654.7952663640004,2.6422440975250017,372.0445940584996
507.3714762,1.24316299,615.5500883,506.5574999774999,1.291985661419997,616.3678642665003
629.350006,1.71665185,442.0802273,637.2610893414994,1.805403044935,424.0205249194993
473.0,0.2156649611,649.8533325,473.0,0.21684854399341622,649.8533325000019
1208.641668,0.2114204912,42.70173071,1310.5578728749997,0.22495680617784963,39.92357732999987
571.5480401,0.7836738822,536.6949229,598.9209721749983,0.8234256718470021,488.41327393500023
566.2986764,1.609742979,545.6344418,575.8498809920009,1.6687695327100003,529.4830838584992
1117.941465,0.03397995229,46.98932807,1339.9772417659974,0.03666599228693997,39.93889713289987
651.5245677,0.193772008,385.6265729,680.6876015525002,0.16805233575402498,236.06882317300023
476.318465,1.065875405,646.7229095,476.8664216605001,1.0623975107559975,646.2035004765015
1064.086471,0.4329402044,50.0684965,1078.1430687079146,0.532432371649293,49.23821558478744
665.1935933,0.01852336519,302.2257055,683.3063588630004,0.24591127765432033,159.55860977949996
591.5175246,1.665589958,505.2943633,591.7105170774998,1.7162459441150026,504.6696745840001
1295.902165,0.0,39.92300034,1344.1799330141691,0.012368431419215833,39.923000339999874
1096.11094,0.01740528477,48.17408703,1104.6553067463346,0.040571731770066656,47.700976618969925
503.9513092,0.8434095047,619.011281,506.1081273660012,0.859164029585498,616.7142821994988
1072.040128,0.5993868033,49.57340252,1101.560129124997,0.6288993207700002,47.894260078799896
500.008244,1.138276568,623.0016662,501.2907590994999,1.1533619596899978,621.703733552501
906.557408,0.1138465907,63.15542318,1101.9203014125014,0.06778446826057002,47.92630473605
668.9191915,1.44136386,266.8287801,690.8791711569997,2.110016350852,143.54821032630042
595.9716372,1.864352274,499.1571021,611.5767931397496,2.004400031182501,474.20276959850014
857.5354024,0.01854331829,69.42202045,978.4859347644998,0.028496594911600046,56.259658696250014
660.16003,0.005307545866,349.977552,674.156068662999,0.12058964761274982,219.9865967680002
687.6439342,0.6590606006,147.5544568,707.9184901825017,1.207850860982501,118.96897560899983
706.001487,0.3571315071,120.4805272,753.7065619429985,0.3110328532889995,136.02456875630006
1184.487952,0.0148335193,43.75028006,1341.7054219910015,0.021480095479543326,39.923000339999874
509.6617541,1.050616241,613.1510334,510.78394779199937,1.0658919775324995,611.7524188310011
983.0550649,1.185205718,55.84223119,1008.0980279880017,1.2650332752549986,53.93537077440004
1175.987968,0.0199156784,44.13481698,1213.9945919150005,0.023309409127464997,42.48115273229999
999.4028282,1.032725322,54.53116758,1035.1420686869988,1.046385686419999,52.02733896724999
1093.490805,0.03305180421,48.3264039,1097.4042150898367,0.08797360704630414,48.22099750084998
1097.396606,0.531477066,48.09934583,1135.0524743655008,0.5365909993807014,46.09728781198159
473.0,0.039837412,649.8533325,473.0,0.04017532620107501,649.8533325000019
1110.25618,0.5011356811,47.39997926,1144.4834320700002,0.5280315280200013,45.632516238399994
1204.612021,0.0,42.89060259,1240.952936069995,0.003386844530315002,41.398930164149924
621.4391308,1.902411791,457.649927,625.756913406,2.0210104554033346,448.5055480350007
473.0,0.581151174,649.8533325,473.0,0.579278089467499,649.8533325000019
510.2805217,0.8621140751,612.4846229,512.9051250720012,0.8850589793545004,609.4391131459995
858.8729617,0.1543140223,69.22484439,1011.4258953445017,0.1015824226623799,53.74188634870002
745.4338426,1.824388398,96.21343943,769.5421831409996,1.241877431868203,88.44105328134991
473.490467,0.642390841,649.3906445,489.27050031149906,0.4970679006766992,631.3246921244984
667.5617178,0.1164830667,279.7260647,687.2325527839982,0.2203228158493449,148.9702112879999
954.7355824,1.36818722,58.27237201,968.2207678710007,1.6152555527065033,57.31869989759996
916.4041062,1.3924584,62.12092066,934.1722187060003,1.4750879092750013,60.374496511499885
536.2561002,0.9302541543,583.6932446,541.6700624370003,0.956356525623499,574.7591039250012
1103.441609,0.4552834638,47.76410628,1140.3186145850002,0.45137376394950046,45.850162403499965
1177.103295,0.244673311,44.0838099,1220.2389016700006,0.2070035867875499,42.226253796699886
651.2884151,1.987547451,386.7037504,661.112315695,2.6756237270099996,338.67009809250004
642.0673228,1.624650847,412.4893811,639.9733403294994,1.6433522671600023,409.41183956265013
515.2578875,1.334222986,607.0432394,512.9195706794998,1.3661927939900003,609.6409975699993
1113.061946,0.114150989,47.25005908,1135.4222286949996,0.12601188902435007,46.09029924055
515.5629804,1.336925923,606.7039765,513.1390909684998,1.3680270258050005,609.398368862999
657.4213194,1.240859567,361.9801205,668.8219318975014,1.6243548269700006,267.7528839715001
827.8989334,0.1065171784,74.26030063,945.8904364477493,0.054876893619259876,59.23120618072492
496.7375249,1.149062067,626.3116536,498.5641670344999,1.1788589719849982,624.4630739715011
778.8520912,1.794174015,85.07403931,799.6253937264997,1.1646652185701978,80.88996720995013
484.3450403,1.083260328,638.8528158,484.39852402249954,1.083457495445,638.7986984419999
1183.030091,0.01037847912,43.81275697,1220.8578443499975,0.01892035778972999,42.19548253504997
1211.992581,0.0396309364,42.55931791,1251.1667229600018,0.022554988131930048,40.99370820755
473.0,1.08993015,649.8533325,473.00006369299996,1.0895593136183357,649.8532728335016
611.1202737,1.732675502,475.3921236,617.651687293,1.807603024845003,462.1429762020005
572.546415,1.642387903,535.2366753,589.2378667960005,1.7349735879400041,508.82776187050024
1231.273931,0.008888827009,41.77217601,1270.0077838650038,0.006267327794104989,40.29633052734989
579.7827595,1.441775835,524.4131263,596.447811381001,1.5110364136299987,497.656481436499
473.0,0.908428247,649.8533325,473.0,0.8440749573172494,649.8533325000019
598.4486322,0.9780865485,495.1057554,816.7418546699995,1.0893686911994986,118.43540482409988
1088.792576,0.7539068627,48.60200473,1121.7925540849983,0.7618817557969995,46.825652642800016
614.2457067,2.022291384,470.4405018,630.5543461624992,2.244779113915,439.9131566940006
831.1598842,0.2883492563,73.70419116,987.2204799520016,0.2165722359526,55.73321959414995
473.0214912,1.09517377,649.8330587,473.13417709733375,1.0880796658128362,649.7261164074991
1168.374158,0.1380930311,44.48302336,1205.0937437600012,0.14456854643275016,42.85369151889991
516.4857329,1.116724678,605.6778957,516.0073315400003,1.1169015370850008,606.1937812039988
513.0609591,0.9054623622,609.4809451,515.5433264690001,0.9234214818039999,606.5762608190001
474.7075095,1.119833731,648.2425933,474.9492655759985,1.110236155974998,648.0145240920012
473.0000002,0.1942514206,649.8533325,473.0,0.19363906883766685,649.8533325000019
659.7804432,0.546632961,352.4563672,673.4042270834981,0.8472407834324978,226.60286086150026
473.0,1.243010401,649.8533325,473.0,1.2282139468650015,649.8533325000019
660.5553726,0.0,346.2935486,674.5936205150007,0.15066998893675032,216.13613605799983
