case_id,x,x_over_L,r_over_R,r_signed,diameter,inlet_temperature,wall_heat_flux,true_temperature,true_u,true_density,pred_temperature,error_temperature,pred_u,error_u,pred_density,error_density
1.5-473-550,0.1867469879,0.3734939758,0.5396442233296441,0.0004852425493,1.5,473.0,550.0,512.5311,1.1686084,610.07544,708.8141,196.28296,0.8042644,-0.364344,381.13025,-228.94519
1.5-473-550,0.2939759036,0.5879518072,0.9772248215579286,-0.000878710534,1.5,473.0,550.0,1077.6063,0.71169186,49.254898,797.128,-280.47833,1.0260878,0.3143959,260.56976,211.31487
1.5-473-550,0.265060241,0.530120482,0.9442484491033019,-0.0008490585182,1.5,473.0,550.0,957.1903,1.2733581,58.096237,778.1161,-179.07422,0.9661152,-0.30724293,288.87885,230.78261
1.5-473-550,0.1204819277,0.2409638554,0.9945113832197316,-0.0008942544329,1.5,473.0,550.0,670.7812,0.29129153,250.21994,632.86743,-37.913757,0.670815,0.37952346,474.40488,224.18494
1.5-473-550,0.4020408163,0.8040816326,0.9442484492145131,-0.0008490585183,1.5,473.0,550.0,850.1838,1.8915956,70.67531,835.74023,-14.4435425,1.2426316,-0.64896405,183.3611,112.68579
1.5-473-550,0.3722891567,0.7445783134,0.8902853188558087,-0.0008005354251,1.5,473.0,550.0,804.8726,2.0452416,78.94475,829.9821,25.109497,1.18484,-0.86040163,200.31342,121.36867
1.5-473-550,0.2843373494,0.5686746988,0.9895407848051817,-0.0008897849218,1.5,473.0,550.0,1148.2205,0.32159084,45.44673,791.2049,-357.01556,1.0061315,0.6845407,269.64264,224.1959
1.5-473-550,0.2891566265,0.578313253,0.9671530515086588,0.0008696541017,1.5,473.0,550.0,1031.3419,0.9631761,52.21074,794.2185,-237.12341,1.0161155,0.052939475,265.0605,212.84975
1.5-473-550,0.4428571429,0.8857142858,0.998978267368595,0.0008982710093,1.5,473.0,550.0,667.5624,0.05760829,279.71997,838.469,170.90662,1.3189363,1.2613281,164.65541,-115.06456
1.5-473-550,0.3168674699,0.6337349398,0.5396442233296441,0.0004852425493,1.5,473.0,550.0,597.118,1.699946,497.29324,809.52423,212.40625,1.0732319,-0.6267141,240.49171,-256.8015
1.5-473-550,0.4,0.8,0.6603133567468745,0.0005937469961,1.5,473.0,550.0,655.9245,2.291082,368.0228,835.4528,179.52832,1.2387233,-1.0523586,184.42905,-183.59375
1.5-473-550,0.1831325301,0.3662650602,0.9531521908128958,-0.0008570646714,1.5,473.0,550.0,740.531,0.8926435,102.16557,705.0406,-35.490417,0.79688436,-0.09575915,385.89087,283.72528
1.5-473-550,0.1156626505,0.231325301,0.5396442233296441,-0.0004852425493,1.5,473.0,550.0,476.6313,1.048576,646.4278,626.8397,150.20844,0.66126114,-0.38731486,481.6418,-164.78598
1.5-473-550,0.2530120482,0.5060240964,0.9915009044774012,0.0008915474413,1.5,473.0,550.0,1189.8553,0.23669456,43.50148,769.1054,-420.74994,0.9410788,0.7043842,301.6286,258.12714
1.5-473-550,0.2421686747,0.4843373494,0.9993254186825348,0.0008985831642,1.5,473.0,550.0,1247.0807,0.016053127,41.145706,760.4609,-486.6198,0.9185572,0.9025041,313.57114,272.4254
1.5-473-550,0.1855421686,0.3710843372,0.7525573838264147,0.0006766918789,1.5,473.0,550.0,533.1109,1.1294621,587.1907,707.56146,174.45056,0.80180323,-0.3276589,382.7126,-204.47809
1.5-473-550,0.4591836735,0.918367347,0.7525573838264147,0.0006766918789,1.5,473.0,550.0,659.2175,1.6564691,354.7289,838.098,178.8805,1.3484347,-0.30803442,158.4512,-196.27771
1.5-473-550,0.02244897957,0.04489795914,0.9844268823757469,-0.0008851865532,1.5,473.0,550.0,473.0,0.14652501,649.85333,500.1496,27.149597,0.479262,0.33273697,631.216,-18.63733
1.5-473-550,0.191566265,0.38313253,0.9726063657286781,-0.0008745576659,1.5,473.0,550.0,975.40533,0.6130002,56.491104,713.77264,-261.6327,0.8141214,0.20112121,374.8467,318.3556
1.5-473-550,0.1662650602,0.3325301204,0.9811301446957078,-0.0008822221605,1.5,473.0,550.0,800.4612,0.47762808,79.66989,686.831,-113.63019,0.76259357,0.2849655,408.6349,328.965
1.5-473-550,0.3313253012,0.6626506024,0.5396442233296441,0.0004852425493,1.5,473.0,550.0,607.1256,1.7711611,481.97275,816.1465,209.02087,1.1027513,-0.6684098,228.87477,-253.09798
1.5-473-550,0.3457831326,0.6915662652,0.9956514833048237,0.0008952795992,1.5,473.0,550.0,1128.2635,0.16783814,46.43779,821.84827,-306.41528,1.1320127,0.96417457,218.07071,171.63292
1.5-473-550,0.2831325301,0.5662650602,0.03282169734692774,-2.951293353e-05,1.5,473.0,550.0,526.77856,1.4775286,594.23224,790.43524,263.65668,1.0036339,-0.47389472,270.80243,-323.4298
1.5-473-550,0.2975903615,0.595180723,0.3542741439827602,-0.0003185596757,1.5,473.0,550.0,549.6622,1.5532156,567.6807,799.2417,249.57953,1.0335578,-0.51965785,257.26184,-310.41888
1.5-473-550,0.03469387754,0.06938775508,0.8475322498919685,0.0007620923041,1.5,473.0,550.0,473.0,0.8050288,649.85333,517.715,44.715027,0.502977,-0.30205178,610.6543,-39.199036
1.5-473-550,0.07346938777,0.14693877554,0.9945113832197316,0.0008942544329,1.5,473.0,550.0,473.0,0.056189284,649.85333,571.66113,98.66113,0.57834697,0.52215767,547.2422,-102.611145
1.5-473-550,0.03469387754,0.06938775508,0.9985491866279087,0.0008978851843,1.5,473.0,550.0,473.0,0.013315127,649.85333,517.715,44.715027,0.502977,0.48966187,610.6543,-39.199036
1.5-473-550,0.1361445783,0.2722891566,0.4163512323516047,-0.0003743787567,1.5,473.0,550.0,484.21042,1.0737606,638.9891,652.023,167.81259,0.70200104,-0.3717596,451.28067,-187.7084
1.5-473-550,0.4938775511,0.9877551022,0.9985491866279087,-0.0008978851843,1.5,473.0,550.0,657.493,0.075082645,361.69083,834.98517,177.49219,1.4091657,1.3340831,147.27437,-214.41646
1.5-473-550,0.2240963855,0.448192771,0.9337895728803226,0.000839654004,1.5,473.0,550.0,979.1677,1.2608693,56.264114,744.95703,-234.2107,0.881098,-0.3797713,334.43286,278.16876
1.5-473-550,0.2951807229,0.5903614458,0.9956514833048237,-0.0008952795992,1.5,473.0,550.0,1167.3073,0.13876103,44.531815,797.8391,-369.46814,1.0285786,0.8898176,259.4614,214.92958
1.5-473-550,0.3843373495,0.768674699,0.998978267368595,0.0008982710093,1.5,473.0,550.0,1107.9937,0.04634677,47.52086,832.72705,-275.2666,1.2084492,1.1621025,193.08368,145.56282
1.5-473-550,0.1939759036,0.3879518072,0.22784103821928303,0.0002048723241,1.5,473.0,550.0,505.68872,1.2206755,617.253,716.2202,210.5315,0.8190569,-0.40161854,371.73267,-245.52032
1.5-473-550,0.2831325301,0.5662650602,0.9531521909241071,0.0008570646715,1.5,473.0,550.0,975.20734,1.2088019,56.4861,790.43524,-184.7721,1.0036339,-0.20516801,270.80243,214.31633
1.5-473-550,0.4102040816,0.8204081632,0.9337895728803226,0.000839654004,1.5,473.0,550.0,759.21014,1.8555905,91.06395,836.7392,77.52905,1.2581785,-0.597412,179.22208,88.15813
1.5-473-550,0.1469879518,0.2939759036,0.7525573838264147,-0.0006766918789,1.5,473.0,550.0,504.51663,1.0042142,618.4392,664.8746,160.35794,0.7237188,-0.28049535,435.64185,-182.79736
1.5-473-550,0.3530120482,0.7060240964,0.29146971579860803,-0.0002620865782,1.5,473.0,550.0,591.33875,1.8136603,505.79782,824.3599,233.02118,1.1465322,-0.6671281,212.96846,-292.82935
1.5-473-550,0.3566265061,0.7132530122,0.9945113832197316,0.0008942544329,1.5,473.0,550.0,1112.0148,0.22483198,47.306015,825.5323,-286.48248,1.1537617,0.92892975,210.49113,163.18512
1.5-473-550,0.4224489796,0.8448979592,0.9973789934503665,-0.0008968329586,1.5,473.0,550.0,705.01843,0.18153094,121.4518,837.79926,132.78082,1.2812344,1.0997034,173.39903,51.947235
1.5-473-550,0.0102040816,0.0204081632,0.9531521908128958,-0.0008570646714,1.5,473.0,550.0,473.0,0.4232706,649.85333,482.36365,9.363647,0.45556226,0.03229165,652.00934,2.1560059
1.5-473-550,0.1493975903,0.2987951806,0.9872047710533666,-0.0008876844022,1.5,473.0,550.0,738.84735,0.41884995,99.01787,667.6827,-71.16467,0.7285595,0.30970955,432.20935,333.19147
1.5-473-550,0.395180723,0.790361446,0.03282169734692774,-2.951293353e-05,1.5,473.0,550.0,617.9369,2.1022122,464.19873,834.7129,216.776,1.2294602,-0.87275195,187.0049,-277.19385
1.5-473-550,0.104819277,0.209638554,0.6021818746711394,-0.0005414757638,1.5,473.0,550.0,473.23526,1.0383072,649.6314,613.0597,139.82443,0.6398333,-0.39847392,498.12543,-151.50598
1.5-473-550,0.05918367348,0.11836734696,0.9973789933391554,0.0008968329585,1.5,473.0,550.0,473.0,0.026261972,649.85333,552.107,79.106995,0.55051297,0.524251,570.2859,-79.567444
1.5-473-550,0.2879518072,0.5759036144,0.7098470004029654,-0.0006382871403,1.5,473.0,550.0,620.696,1.6434749,458.6981,793.47485,172.77887,1.0136206,-0.6298543,266.19745,-192.50064
1.5-473-550,0.3903614458,0.7807228916,0.9671530515086588,-0.0008696541017,1.5,473.0,550.0,948.2779,1.4250561,58.848648,833.8858,-114.39209,1.2201507,-0.20490539,189.65758,130.80893
1.5-473-550,0.1855421686,0.3710843372,0.7892004020960466,-0.000709640905,1.5,473.0,550.0,540.848,1.1199418,578.3578,707.56146,166.71344,0.80180323,-0.3181386,382.7126,-195.6452
1.5-473-550,0.3987951807,0.7975903614,0.9671530516198701,-0.0008696541018,1.5,473.0,550.0,941.0341,1.5027689,59.546707,835.2759,-105.75824,1.2364119,-0.26635695,185.0659,125.519196
1.5-473-550,0.1373493975,0.274698795,0.4163512326852384,0.000374378757,1.5,473.0,550.0,484.78162,1.0744156,638.4111,653.468,168.6864,0.7044088,-0.37000674,449.52774,-188.88333
1.5-473-550,0.09387755105,0.1877551021,0.9965972946963587,0.0008961300631,1.5,473.0,550.0,473.0,0.034333035,649.85333,598.8632,125.86322,0.6183003,0.58396727,515.02954,-134.82379
1.5-473-550,0.3144578314,0.6289156628,0.9337895728803226,0.000839654004,1.5,473.0,550.0,898.4203,1.5329269,64.15233,808.33,-90.09027,1.0682904,-0.46463656,242.50772,178.3554
1.5-473-550,0.3975903615,0.795180723,0.6600967573005477,0.0005935522321,1.5,473.0,550.0,655.24774,2.271153,370.75494,835.0936,179.84589,1.2340976,-1.0370554,185.70747,-185.04747
1.5-473-550,0.1253012048,0.2506024096,0.9772248215579286,0.000878710534,1.5,473.0,550.0,583.7302,0.57148534,516.5715,638.8334,55.10315,0.6803881,0.10890275,467.2244,-49.347076
1.5-473-550,0.2012048193,0.4024096386,0.9772248215579286,0.000878710534,1.5,473.0,550.0,1126.0778,0.51960593,46.55815,723.43427,-402.6435,0.8338903,0.31428438,362.50345,315.9453
1.5-473-550,0.2686746988,0.5373493976,0.9965972946963587,0.0008961300631,1.5,473.0,550.0,1197.2128,0.09796755,43.187485,780.69556,-416.5172,0.97362465,0.8756571,285.16223,241.97475
1.5-473-550,0.395180723,0.790361446,0.9872047710533666,0.0008876844022,1.5,473.0,550.0,1032.9977,0.68512815,52.093124,834.7129,-198.28479,1.2294602,0.5443321,187.0049,134.91177
1.5-473-550,0.1650602409,0.3301204818,0.9956514833048237,0.0008952795992,1.5,473.0,550.0,899.10175,0.113538906,64.00313,685.4936,-213.60815,0.7601539,0.64661497,410.29187,346.28876
1.5-473-550,0.3120481928,0.6240963856,0.9772248215579286,-0.000878710534,1.5,473.0,550.0,1064.1112,0.7519395,50.06691,807.1098,-257.0014,1.0633433,0.3114038,244.54663,194.47972
1.5-473-550,0.2903614458,0.5807228916,0.9872047710533666,-0.0008876844022,1.5,473.0,550.0,1131.6853,0.400994,46.261887,794.9556,-336.72968,1.0186098,0.61761576,263.9292,217.66731
1.5-473-550,0.2638554217,0.5277108434,0.993141646395439,-0.0008930227796,1.5,473.0,550.0,1187.1006,0.19605385,43.626602,777.24347,-409.85712,0.96361166,0.7675578,290.1289,246.5023
1.5-473-550,0.05510204082,0.11020408164,0.9915009044774012,-0.0008915474413,1.5,473.0,550.0,473.0,0.08704446,649.85333,546.4484,73.448425,0.54257685,0.45553237,576.9403,-72.913025
1.5-473-550,0.1012048192,0.2024096384,0.8902853189670199,-0.0008005354252,1.5,473.0,550.0,473.81305,0.7424642,649.08636,608.4016,134.58856,0.63271064,-0.10975355,503.68,-145.40637
1.5-473-550,0.1975903614,0.3951807228,0.3542741439827602,-0.0003185596757,1.5,473.0,550.0,509.64078,1.2339172,613.229,719.85156,210.21078,0.82646865,-0.4074486,367.09677,-246.13223
1.5-473-550,0.221686747,0.443373494,0.4163512326852384,0.000374378757,1.5,473.0,550.0,519.5453,1.3245447,602.27563,742.7888,223.24353,0.87611413,-0.44843054,337.30264,-264.973
1.5-473-550,0.04897959184,0.09795918368,0.8206166047262803,-0.0007378900321,1.5,473.0,550.0,473.0,0.86254764,649.85333,537.9038,64.90381,0.5306839,-0.33186376,586.97845,-62.874878
1.5-473-550,0.3421686747,0.6843373494,0.9985491866279087,0.0008978851843,1.5,473.0,550.0,1145.0652,0.052926704,45.60228,820.5081,-324.55707,1.1247241,1.0717975,220.69632,175.09404
1.5-473-550,0.1638554216,0.3277108432,0.9772248215579286,0.000878710534,1.5,473.0,550.0,758.43036,0.5743717,91.51036,684.1514,-74.27893,0.75771564,0.18334395,411.95306,320.4427
1.5-473-550,0.4224489796,0.8448979592,0.9998257452316341,-0.0008990330527,1.5,473.0,550.0,705.0219,0.006864534,121.44835,837.79926,132.77734,1.2812344,1.2743698,173.39903,51.950684
1.5-473-550,0.2542168675,0.508433735,0.8475322498919685,0.0007620923041,1.5,473.0,550.0,672.49554,1.5835941,244.871,770.03485,97.53931,0.94358224,-0.64001185,300.32883,55.457825
1.5-473-550,0.4551020408,0.9102040816,0.960723235489121,0.0008638724771,1.5,473.0,550.0,661.79724,1.1186212,334.49435,838.2618,176.46454,1.3411156,0.22249436,159.9406,-174.55376
1.5-473-550,0.03061224488,0.06122448976,0.9965972946963587,-0.0008961300631,1.5,473.0,550.0,473.0,0.032032356,649.85333,511.88553,38.88553,0.49506947,0.46303713,617.48157,-32.371765
1.5-473-550,0.07755102043,0.15510204086,0.7098470004029654,-0.0006382871403,1.5,473.0,550.0,473.0,0.99112594,649.85333,577.17303,104.173035,0.586318,-0.40480793,540.7313,-109.12201
1.5-473-550,0.4979591837,0.9959183674,0.9337895729915338,-0.0008396540041,1.5,473.0,550.0,657.37726,1.2955183,362.1582,834.4351,177.05786,1.4161391,0.12062085,146.11665,-216.04155
1.5-473-550,0.4306122449,0.8612244898,0.998978267368595,-0.0008982710093,1.5,473.0,550.0,683.30524,0.060897633,159.47713,838.2262,154.92096,1.296425,1.2355274,169.76247,10.285339
1.5-473-550,0.08163265309,0.16326530618,0.993141646395439,0.0008930227796,1.5,473.0,550.0,473.0,0.0703641,649.85333,582.65,109.650024,0.59429836,0.52393425,534.25397,-115.599365
1.5-473-550,0.3457831326,0.6915662652,0.3542741439827602,-0.0003185596757,1.5,473.0,550.0,590.75836,1.7850803,506.54825,821.84827,231.0899,1.1320127,-0.6530676,218.07071,-288.47754
1.5-473-550,0.4979591837,0.9959183674,0.9989782674798061,-0.0008982710094,1.5,473.0,550.0,657.4045,0.0514919,362.04813,834.4351,177.03064,1.4161391,1.3646473,146.11665,-215.93147
1.5-473-550,0.104819277,0.209638554,0.3542741437603377,0.0003185596755,1.5,473.0,550.0,473.01926,1.1264834,649.83514,613.0597,140.04044,0.6398333,-0.48665017,498.12543,-151.70972
1.5-473-550,0.4387755102,0.8775510204,0.9772248215579286,-0.000878710534,1.5,473.0,550.0,670.5001,0.9744412,252.3202,838.4396,167.93945,1.3114693,0.33702815,166.31277,-86.00743
1.5-473-550,0.3915662651,0.7831325302,0.9895407848051817,0.0008897849218,1.5,473.0,550.0,1050.4003,0.54475176,50.939835,834.1008,-216.29944,1.2224823,0.67773056,188.98712,138.04729
1.5-473-550,0.0102040816,0.0204081632,0.7525573838264147,0.0006766918789,1.5,473.0,550.0,473.0,1.0068343,649.85333,482.36365,9.363647,0.45556226,-0.55127203,652.00934,2.1560059
1.5-473-550,0.191566265,0.38313253,0.9726063657286781,0.0008745576659,1.5,473.0,550.0,975.40515,0.61300033,56.491104,713.77264,-261.6325,0.8141214,0.20112109,374.8467,318.3556
1.5-473-550,0.321686747,0.643373494,0.9071317792997667,-0.0008156835895,1.5,473.0,550.0,835.4343,1.734862,73.15071,811.8349,-23.599426,1.0830973,-0.65176463,236.5283,163.3776
1.5-473-550,0.1180722891,0.2361445782,0.9931416465066502,-0.0008930227797,1.5,473.0,550.0,651.49896,0.31409842,385.5834,629.8612,-21.637756,0.66603565,0.35193723,478.01636,92.43295
1.5-473-550,0.2277108434,0.4554216868,0.09831793590232207,-8.84064793e-05,1.5,473.0,550.0,514.31964,1.339801,608.0866,748.1653,233.84564,0.88857913,-0.45122182,330.16663,-277.91998
1.5-473-550,0.365060241,0.730120482,0.9772248215579286,0.000878710534,1.5,473.0,550.0,1015.35767,0.9387923,53.337692,828.0544,-187.30328,1.1705482,0.23175591,204.89938,151.56169
1.5-473-550,0.3506024097,0.7012048194,0.9872047710533666,0.0008876844022,1.5,473.0,550.0,1081.5896,0.507424,49.018265,823.54755,-258.04205,1.1417011,0.6342771,214.64725,165.62898
1.5-473-550,0.2927710844,0.5855421688,0.9895407848051817,0.0008897849218,1.5,473.0,550.0,1140.8092,0.33163548,45.812088,796.4104,-344.3988,1.0235959,0.69196045,261.68384,215.87175
1.5-473-550,0.2204819277,0.4409638554,0.3542741437603377,0.0003185596755,1.5,473.0,550.0,516.99115,1.3218917,605.11584,741.6959,224.70477,0.8736233,-0.44826835,338.74518,-266.37067
1.5-473-550,0.3903614458,0.7807228916,0.9772248215579286,0.000878710534,1.5,473.0,550.0,989.2022,1.1018214,55.33107,833.8858,-155.3164,1.2201507,0.11832929,189.65758,134.3265
1.5-473-550,0.2879518072,0.5759036144,0.9985491866279087,-0.0008978851843,1.5,473.0,550.0,1186.4879,0.0434113,43.654617,793.47485,-393.01306,1.0136206,0.9702093,266.19745,222.54283
1.5-473-550,0.4367346939,0.8734693878,0.8705746216627653,-0.0007828117684,1.5,473.0,550.0,669.67017,1.5630496,259.8974,838.40576,168.7356,1.3077221,-0.25532746,167.15813,-92.73927
1.5-473-550,0.02653061223,0.05306122446,0.03282169735804886,2.951293354e-05,1.5,473.0,550.0,473.0,1.22343,649.85333,506.03015,33.03015,0.48716465,-0.7362654,624.33563,-25.5177
1.5-473-550,0.3674698796,0.7349397592,0.993141646395439,0.0008930227796,1.5,473.0,550.0,1095.2158,0.29783237,48.22612,828.7207,-266.49512,1.1753223,0.8774899,203.3497,155.12358
1.5-473-550,0.1072289156,0.2144578312,0.9872047710533666,0.0008876844022,1.5,473.0,550.0,583.7735,0.30189443,516.0601,616.1474,32.3739,0.64458716,0.34269273,494.4389,-21.621216
1.5-473-550,0.1963855422,0.3927710844,0.9956514833048237,0.0008952795992,1.5,473.0,550.0,1155.2972,0.10745101,45.097855,718.6465,-436.65076,0.82399696,0.71654594,368.63736,323.5395
1.5-473-550,0.3072289157,0.6144578314,0.8475322498919685,-0.0007620923041,1.5,473.0,550.0,708.5955,1.8111925,128.05598,804.5914,95.99585,1.0534334,-0.7577591,248.69322,120.63724
1.5-473-550,0.4816326531,0.9632653062,0.9999999997775775,-0.0008991897406,1.5,473.0,550.0,658.00037,-1.3699311e-08,359.64264,836.41534,178.41498,1.3880311,1.3880311,150.93483,-208.70781
1.5-473-550,0.05306122449,0.10612244898,0.998978267368595,-0.0008982710093,1.5,473.0,550.0,473.0,0.009608434,649.85333,543.6077,70.60773,0.53861105,0.5290026,580.2788,-69.574524
1.5-473-550,0.07755102043,0.15510204086,0.9071317792997667,-0.0008156835895,1.5,473.0,550.0,473.0,0.69103956,649.85333,577.17303,104.173035,0.586318,-0.104721546,540.7313,-109.12201
1.5-473-550,0.1493975903,0.2987951806,0.9945113832197316,-0.0008942544329,1.5,473.0,550.0,797.34766,0.18197171,80.36525,667.6827,-129.66498,0.7285595,0.54658777,432.20935,351.84412
1.5-473-550,0.1144578313,0.2289156626,0.8705746216627653,0.0007828117684,1.5,473.0,550.0,490.62653,0.8395612,632.496,625.32336,134.69684,0.6588757,-0.18068552,483.45975,-149.03622
1.5-473-550,0.09183673473,0.18367346946,0.6021818746711394,-0.0005414757638,1.5,473.0,550.0,473.0,1.0605718,649.85333,596.1843,123.184326,0.6142933,-0.4462785,518.2114,-131.6419
1.5-473-550,0.1036144578,0.2072289156,0.6600967573005477,0.0005935522321,1.5,473.0,550.0,473.18216,1.0089788,649.6815,611.5105,138.32834,0.637458,-0.37152082,499.97366,-149.70786
1.5-473-550,0.1891566265,0.378313253,0.9531521909241071,0.0008570646715,1.5,473.0,550.0,819.0836,0.9026656,76.43022,711.3039,-107.779724,0.8091906,-0.093475044,377.97928,301.54907
1.5-473-550,0.4163265306,0.8326530612,0.9998257452316341,-0.0008990330527,1.5,473.0,550.0,731.17896,0.007028566,102.88872,837.3336,106.15466,1.2697465,1.262718,176.25401,73.365295
1.5-473-550,0.4,0.8,0.99738047267098,-0.0008968342887,1.5,473.0,550.0,1024.9235,0.14710622,53.446976,835.4528,-189.47064,1.2387233,1.0916171,184.42905,130.98207
1.5-473-550,0.1012048192,0.2024096384,0.09831793590232207,-8.84064793e-05,1.5,473.0,550.0,473.0,1.1769576,649.85333,608.4016,135.40161,0.63271064,-0.544247,503.68,-146.17334
1.5-473-550,0.4306122449,0.8612244898,0.9895407848051817,0.0008897849218,1.5,473.0,550.0,683.14685,0.64458895,159.91249,838.2262,155.07935,1.296425,0.65183604,169.76247,9.849976
1.5-473-550,0.2277108433,0.4554216866,0.998978267368595,0.0008982710093,1.5,473.0,550.0,1285.0775,0.023614751,39.92299,748.1653,-536.91223,0.88857913,0.86496437,330.16663,290.24365
1.5-473-550,0.2843373494,0.5686746988,0.6600967573005477,-0.0005935522321,1.5,473.0,550.0,602.5166,1.6018807,488.98932,791.2049,188.6883,1.0061315,-0.59574914,269.64264,-219.34668
1.5-473-550,0.4326530612,0.8653061224,0.9999999997775775,0.0008991897406,1.5,473.0,550.0,679.2393,-1.3699311e-08,178.74187,838.2992,159.05988,1.3001999,1.3001999,168.88284,-9.859024
1.5-473-550,0.1216867469,0.2433734938,0.7098470004029654,-0.0006382871403,1.5,473.0,550.0,484.67606,0.98148215,638.5179,634.36475,149.68869,0.6732063,-0.30827582,472.60446,-165.91342
1.5-473-550,0.4489795918,0.8979591836,0.6600967573005477,0.0005935522321,1.5,473.0,550.0,659.3801,1.7780234,354.0335,838.41974,179.03961,1.3300676,-0.44795573,162.25075,-191.78276
1.5-473-550,0.3891566266,0.7783132532,0.960723235489121,0.0008638724771,1.5,473.0,550.0,928.8826,1.5611979,60.770126,833.6652,-95.21741,1.217816,-0.34338188,190.33295,129.56282
1.5-473-550,0.0,0.0,0.8207308238897558,-0.0007379927368,1.5,473.0,550.0,473.0,0.90842825,649.85333,467.38678,-5.61322,0.43581393,-0.47261432,669.50385,19.650513
1.5-473-550,0.4877551021,0.9755102042,0.9215172744995802,-0.0008286188792,1.5,473.0,550.0,657.6062,1.3465701,361.23392,835.74255,178.13635,1.3986388,0.05206871,149.0685,-212.16542
1.5-473-550,0.4183673469,0.8367346938,0.8902853187445975,0.000800535425,1.5,473.0,550.0,707.2859,1.9449608,119.37758,837.503,130.2171,1.2735847,-0.6713761,175.28993,55.912354
1.5-473-550,0.4999999851,0.9999999702,0.6024353944675255,0.0005417037262,1.5,473.0,550.0,657.1973,1.7995625,362.88437,834.1469,176.94958,1.4196125,-0.37994993,145.54895,-217.33542
1.5-473-550,0.2626506024,0.5253012048,0.3542741439827602,-0.0003185596757,1.5,473.0,550.0,529.1701,1.4343795,591.5728,776.36456,247.19446,0.9611081,-0.47327137,291.38452,-300.1883
1.5-473-550,0.1493975903,0.2987951806,0.9998257452316341,-0.0008990330527,1.5,473.0,550.0,836.1574,0.003272758,72.8311,667.6827,-168.47473,0.7285595,0.7252867,432.20935,359.37823
1.5-473-550,0.0,0.0,0.9811419876911479,-0.0008822328096,1.5,473.0,550.0,473.0,0.90842825,649.85333,467.38678,-5.61322,0.43581393,-0.47261432,669.50385,19.650513
1.5-473-550,0.1180722891,0.2361445782,0.9965972946963587,0.0008961300631,1.5,473.0,550.0,679.7073,0.19851272,177.38008,629.8612,-49.84607,0.66603565,0.46752292,478.01636,300.6363
1.5-473-550,0.4244897959,0.8489795918,0.9980223152919674,-0.000897411427,1.5,473.0,550.0,698.5084,0.1327536,128.9666,837.9265,139.41809,1.2850456,1.152292,172.47191,43.50531
1.5-473-550,0.06530612246,0.13061224492,0.7892004020960466,0.000709640905,1.5,473.0,550.0,473.0,0.9143404,649.85333,560.53613,87.53613,0.5624303,-0.35191005,560.3623,-89.49103
1.5-473-550,0.1710843373,0.3421686746,0.8206166047262803,0.0007378900321,1.5,473.0,550.0,534.5188,1.0428625,585.6251,692.13245,157.61365,0.77236515,-0.27049738,402.04956,-183.57556
1.5-473-550,0.1144578313,0.2289156626,0.9844268823757469,-0.0008851865532,1.5,473.0,550.0,587.1442,0.4138984,511.5939,625.32336,38.17914,0.6588757,0.2449773,483.45975,-28.134155
1.5-473-550,0.008163265274,0.016326530548,0.9726063657286781,0.0008745576659,1.5,473.0,550.0,473.0,0.26022732,649.85333,479.37918,6.379181,0.45161283,0.19138551,655.49646,5.6431274
1.5-473-550,0.1951807228,0.3903614456,0.9980223152919674,-0.000897411427,1.5,473.0,550.0,1159.2319,0.04725884,44.907303,717.43604,-441.7959,0.82152635,0.7742675,370.18268,325.2754
1.5-473-550,0.0612244898,0.1224489796,0.9973789933391554,0.0008968329585,1.5,473.0,550.0,473.0,0.026296364,649.85333,554.9246,81.92462,0.5544838,0.5281874,566.97015,-82.88318
1.5-473-550,0.3759036145,0.751807229,0.9337895728803226,0.000839654004,1.5,473.0,550.0,874.13696,1.8171576,67.15138,830.8664,-43.27057,1.1919509,-0.6252067,198.09082,130.93944
1.5-473-550,0.3325301205,0.665060241,0.47796385156444166,0.0004297801918,1.5,473.0,550.0,597.3698,1.753471,496.99002,816.65656,219.28674,1.1052002,-0.64827085,227.94357,-269.04645
1.5-473-550,0.3108433735,0.621686747,0.9872047710533666,0.0008876844022,1.5,473.0,550.0,1116.0953,0.42827085,47.087967,806.49,-309.60535,1.0608678,0.63259697,245.57468,198.48671
1.5-473-550,0.3457831326,0.6915662652,0.6600967573005477,0.0005935522321,1.5,473.0,550.0,636.32385,1.8966713,427.5138,821.84827,185.52441,1.1320127,-0.7646586,218.07071,-209.44308
1.5-473-550,0.1746987951,0.3493975902,0.9996041061370615,-0.0008988337571,1.5,473.0,550.0,978.42096,0.00801842,56.20204,696.0573,-282.36365,0.77970755,0.7716891,397.1558,340.95374
1.5-473-550,0.4224489796,0.8448979592,0.8475322498919685,0.0007620923041,1.5,473.0,550.0,688.99756,1.9942234,144.92438,837.79926,148.8017,1.2812344,-0.712989,173.39903,28.474655
1.5-473-550,0.4571428571,0.9142857142,0.9895407848051817,0.0008897849218,1.5,473.0,550.0,661.4594,0.55265063,337.70413,838.18567,176.72626,1.3447797,0.7921291,159.19093,-178.5132
1.5-473-550,0.1795180723,0.3590361446,0.9671530515086588,-0.0008696541017,1.5,473.0,550.0,794.22955,0.7184051,81.53139,701.2209,-93.00867,0.7895153,0.07111019,390.69208,309.1607
1.5-473-550,0.3759036145,0.751807229,0.9956514833048237,-0.0008952795992,1.5,473.0,550.0,1100.0182,0.19778614,47.94835,830.8664,-269.1518,1.1919509,0.99416476,198.09082,150.14247
1.5-473-550,0.3493975904,0.6987951808,0.2914697156873968,0.0002620865781,1.5,473.0,550.0,587.9975,1.7913446,510.42523,823.132,235.13452,1.1392822,-0.6520624,215.49486,-294.93036
1.5-473-550,0.4530612245,0.906122449,0.999825745120423,0.0008990330526,1.5,473.0,550.0,662.6958,0.005442129,325.95718,838.3263,175.6305,1.3374422,1.332,160.70035,-165.25684
1.5-473-550,0.265060241,0.530120482,0.9811301448069191,0.0008822221606,1.5,473.0,550.0,1129.5145,0.53103566,46.371353,778.1161,-351.39844,0.9661152,0.43507951,288.87885,242.50749
1.5-473-550,0.03673469387,0.07346938774,0.9945113832197316,-0.0008942544329,1.5,473.0,550.0,473.0,0.053199396,649.85333,520.6199,47.619873,0.506932,0.4537326,607.2509,-42.602417
1.5-473-550,0.1301204819,0.2602409638,0.7525573838264147,-0.0006766918789,1.5,473.0,550.0,492.7278,0.9719965,630.3695,644.7361,152.00827,0.6899811,-0.28201538,460.1015,-170.268
1.5-473-550,0.01836734691,0.03673469382,0.9337895728803226,-0.000839654004,1.5,473.0,550.0,473.0,0.54022413,649.85333,494.2445,21.244507,0.47136107,-0.068863064,638.1221,-11.731262
1.5-473-550,0.2,0.4,0.960723235489121,-0.0008638724771,1.5,473.0,550.0,1021.7171,0.82121325,52.919144,722.2455,-299.47162,0.83141536,0.01020211,364.0298,311.11066
1.5-473-550,0.3903614458,0.7807228916,0.9956514833048237,0.0008952795992,1.5,473.0,550.0,1083.9393,0.22269575,48.881668,833.8858,-250.05353,1.2201507,0.99745494,189.65758,140.77591
1.5-473-550,0.3204819277,0.6409638554,0.3542741437603377,0.0003185596755,1.5,473.0,550.0,568.7446,1.6523201,541.8821,811.2669,242.52228,1.0806333,-0.57168686,237.5106,-304.37146
1.5-473-550,0.126506024,0.253012048,0.9726063657286781,0.0008745576659,1.5,473.0,550.0,571.2468,0.6134306,537.7823,640.315,69.06818,0.68278444,0.06935382,465.43826,-72.344025
1.5-473-550,0.1975903614,0.3951807228,0.9215172744995802,0.0008286188792,1.5,473.0,550.0,742.17267,1.1937909,105.303345,719.85156,-22.321106,0.82646865,-0.36732227,367.09677,261.79343
1.5-473-550,0.2457831325,0.491566265,0.09831793590232207,-8.84064793e-05,1.5,473.0,550.0,518.4464,1.3839372,603.49756,763.398,244.9516,0.9260619,-0.4578753,309.54166,-293.9559
1.5-473-550,0.4632653061,0.9265306122,0.29146971579860803,-0.0002620865782,1.5,473.0,550.0,653.6613,1.9716436,377.15933,837.88885,184.22754,1.3557168,-0.61592674,157.00119,-220.15814
1.5-473-550,0.2530120482,0.5060240964,0.9998257452316341,-0.0008990330527,1.5,473.0,550.0,1225.9236,0.002745555,41.984238,769.1054,-456.81818,0.9410788,0.9383332,301.6286,259.64435
1.5-473-550,0.04081632652,0.08163265304,0.9985491866279087,-0.0008978851843,1.5,473.0,550.0,473.0,0.013553188,649.85333,526.4091,53.40912,0.51484483,0.50129163,600.46497,-49.388367
1.5-473-550,0.265060241,0.530120482,0.9844268823757469,0.0008851865532,1.5,473.0,550.0,1145.3715,0.44191685,45.587204,778.1161,-367.25537,0.9661152,0.5241983,288.87885,243.29164
1.5-473-550,0.2096385542,0.4192771084,0.7525573838264147,-0.0006766918789,1.5,473.0,550.0,551.9507,1.278993,564.6329,731.60126,179.65057,0.851244,-0.42774904,351.95404,-212.67883
1.5-473-550,0.2108433734,0.4216867468,0.9895407848051817,-0.0008897849218,1.5,473.0,550.0,1253.1653,0.25402427,40.913193,732.74567,-520.4196,0.8537269,0.59970266,350.46652,309.55334
1.5-473-550,0.1433734939,0.2867469878,0.7525573838264147,0.0006766918789,1.5,473.0,550.0,501.96933,0.99660844,621.017,660.6294,158.66006,0.7164677,-0.28014076,440.82007,-180.19696
1.5-473-550,0.1879518072,0.3759036144,0.7098470004029654,-0.0006382871403,1.5,473.0,550.0,528.1369,1.1511055,592.72174,710.0616,181.92468,0.80672693,-0.3443786,379.55246,-213.16928
1.5-473-550,0.3180722892,0.6361445784,0.8902853188558087,-0.0008005354251,1.5,473.0,550.0,800.6775,1.7872043,80.04811,810.11163,9.434143,1.0757005,-0.71150374,239.49231,159.4442
1.5-473-550,0.2240963855,0.448192771,0.9811301448069191,0.0008822221606,1.5,473.0,550.0,1219.0892,0.4477931,42.25789,744.95703,-474.1322,0.881098,0.43330488,334.43286,292.175
1.5-473-550,0.1927710843,0.3855421686,0.6600967573005477,0.0005935522321,1.5,473.0,550.0,525.0694,1.1856122,596.1328,714.9991,189.92969,0.8165886,-0.36902362,373.28738,-222.84543
1.5-473-550,0.1337349397,0.2674698794,0.5396442233296441,-0.0004852425493,1.5,473.0,550.0,485.71512,1.0492941,637.4663,649.1206,163.40549,0.6971892,-0.3521049,454.79785,-182.66846
1.5-473-550,0.08571428574,0.17142857148,0.9973789933391554,0.0008968329585,1.5,473.0,550.0,473.0,0.026240813,649.85333,588.0913,115.09131,0.6022886,0.5760478,527.8107,-122.0426
1.5-473-550,0.1867469879,0.3734939758,0.47796385156444166,0.0004297801918,1.5,473.0,550.0,509.5539,1.1743201,613.30005,708.8141,199.2602,0.8042644,-0.37005568,381.13025,-232.1698
1.5-473-550,0.07755102043,0.15510204086,0.9531521909241071,0.0008570646715,1.5,473.0,550.0,473.0,0.46327648,649.85333,577.17303,104.173035,0.586318,0.12304154,540.7313,-109.12201
1.5-473-550,0.243373494,0.486746988,0.8206166047262803,0.0007378900321,1.5,473.0,550.0,639.2316,1.498059,418.8967,761.44604,122.21442,0.9210585,-0.57700056,312.2226,-106.6741
1.5-473-550,0.2686746988,0.5373493976,0.29146971579860803,-0.0002620865782,1.5,473.0,550.0,528.26575,1.4466435,592.5785,780.69556,252.42981,0.97362465,-0.47301883,285.16223,-307.41626
1.5-473-550,0.2337349398,0.4674698796,0.3542741439827602,-0.0003185596757,1.5,473.0,550.0,520.43353,1.3543559,601.28796,753.3938,232.96027,0.9010607,-0.45329523,323.15985,-278.1281
1.5-473-550,0.2457831325,0.491566265,0.998978267368595,-0.0008982710093,1.5,473.0,550.0,1237.2932,0.025913106,41.533615,763.398,-473.8952,0.9260619,0.9001488,309.54166,268.00806
1.5-473-550,0.2819277109,0.5638554218,0.9531521908128958,-0.0008570646714,1.5,473.0,550.0,976.15515,1.2046318,56.410233,789.6592,-186.49597,1.0011356,-0.20349622,271.96793,215.5577
1.5-473-550,0.2602409639,0.5204819278,0.9772248215579286,-0.000878710534,1.5,473.0,550.0,1113.9865,0.631736,47.202866,774.58765,-339.3988,0.9561007,0.32436472,293.9124,246.70955
1.5-473-550,0.04693877551,0.09387755102,0.7525573838264147,-0.0006766918789,1.5,473.0,550.0,473.0,0.94096243,649.85333,535.0409,62.040894,0.5267223,-0.41424012,590.33923,-59.5141
1.5-473-550,0.4857142857,0.9714285714,0.03282169734692774,-2.951293353e-05,1.5,473.0,550.0,656.49426,1.9703267,365.72266,835.9764,179.48212,1.3951119,-0.57521474,149.68243,-216.04022
1.5-473-550,0.4551020408,0.9102040816,0.29146971579860803,-0.0002620865782,1.5,473.0,550.0,651.11383,1.9970024,387.41412,838.2618,187.14795,1.3411156,-0.65588677,159.9406,-227.47353
1.5-473-550,0.134939759,0.269879518,0.9844268823757469,0.0008851865532,1.5,473.0,550.0,649.4418,0.549458,392.46,650.5739,1.1321411,0.6995945,0.15013647,453.03738,60.577393
1.5-473-550,0.4122448979,0.8244897958,0.9973789934503665,-0.0008968329586,1.5,473.0,550.0,756.2222,0.18285988,92.09712,836.95184,80.729614,1.2620434,1.0791835,178.21996,86.12283
1.5-473-550,0.2337349397,0.4674698794,0.9993254186825348,0.0008985831642,1.5,473.0,550.0,1270.3676,0.015350745,40.278427,753.3938,-516.97375,0.9010607,0.88570994,323.15985,282.8814
1.5-473-550,0.2469879518,0.4939759036,0.9442484491033019,0.0008490585182,1.5,473.0,550.0,973.08417,1.2318019,56.70604,764.3648,-208.71936,0.92856413,-0.30323774,308.20926,251.50322
1.5-473-550,0.265060241,0.530120482,0.7525573838264147,-0.0006766918789,1.5,473.0,550.0,621.1657,1.5634116,457.7372,778.1161,156.95038,0.9661152,-0.5972964,288.87885,-168.85837
1.5-473-550,0.3,0.6,0.3542741439827602,-0.0003185596757,1.5,473.0,550.0,551.5497,1.5629627,565.2739,800.6182,249.06854,1.0385331,-0.52442956,255.08527,-310.18866
1.5-473-550,0.3180722892,0.6361445784,0.03282169734692774,-2.951293353e-05,1.5,473.0,550.0,544.29474,1.5953096,574.35913,810.11163,265.8169,1.0757005,-0.5196091,239.49231,-334.86682
1.5-473-550,0.02653061223,0.05306122446,0.9993254186825348,-0.0008985831642,1.5,473.0,550.0,473.0,0.0056336387,649.85333,506.03015,33.03015,0.48716465,0.481531,624.33563,-25.5177
1.5-473-550,0.1650602409,0.3301204818,0.8475322498919685,-0.0007620923041,1.5,473.0,550.0,535.54974,1.0065408,584.47876,685.4936,149.94385,0.7601539,-0.24638689,410.29187,-174.18689
1.5-473-550,0.4142857143,0.8285714286,0.7525573838264147,0.0006766918789,1.5,473.0,550.0,675.109,2.3164012,212.7578,837.14996,162.04095,1.2658993,-1.050502,177.23067,-35.52713
1.5-473-550,0.04285714285,0.0857142857,0.9965972946963587,-0.0008961300631,1.5,473.0,550.0,473.0,0.033185646,649.85333,529.2934,56.293396,0.51880294,0.48561728,597.08264,-52.77069
1.5-473-550,0.2807228916,0.5614457832,0.6021818746711394,-0.0005414757638,1.5,473.0,550.0,582.0379,1.5584288,520.64606,788.8765,206.83862,0.99863684,-0.5597919,273.13913,-247.50693
1.5-473-550,0.2325301205,0.465060241,0.9895407849163931,0.0008897849219,1.5,473.0,550.0,1234.2123,0.26145118,41.655716,752.36005,-481.85223,0.8985632,0.637112,324.55075,282.89502
1.5-473-550,0.3722891567,0.7445783134,0.4163512323516047,-0.0003743787567,1.5,473.0,550.0,617.2972,1.9690766,465.261,829.9821,212.68494,1.18484,-0.78423667,200.31342,-264.94757
1.5-473-550,0.2638554217,0.5277108434,0.6600967573005477,-0.0005935522321,1.5,473.0,550.0,582.8105,1.5088079,519.681,777.24347,194.43298,0.96361166,-0.54519624,290.1289,-229.55212
1.5-473-550,0.1650602409,0.3301204818,0.5396442233296441,-0.0004852425493,1.5,473.0,550.0,501.8929,1.0985202,621.0944,685.4936,183.60068,0.7601539,-0.33836627,410.29187,-210.80255
1.5-473-550,0.01224489793,0.02448979586,0.9999999997775775,-0.0008991897406,1.5,473.0,550.0,473.0,-1.3699311e-08,649.85333,485.34247,12.342468,0.45951176,0.45951176,648.5283,-1.3250122
1.5-473-550,0.1626506024,0.3253012048,0.9337895728803226,0.000839654004,1.5,473.0,550.0,584.9981,0.902566,515.4646,682.8045,97.8064,0.75527865,-0.14728737,413.61847,-101.84613
1.5-473-550,0.286746988,0.573493976,0.7892004020960466,0.000709640905,1.5,473.0,550.0,647.07904,1.6793168,398.1257,792.72473,145.64569,1.011125,-0.6681918,267.34015,-130.78555
1.5-473-550,0.3855421687,0.7710843374,0.9844268823757469,0.0008851865532,1.5,473.0,550.0,1031.5808,0.75619274,52.19249,832.97003,-198.61078,1.2107952,0.45460242,192.38855,140.19606
1.5-473-550,0.4448979592,0.8897959184,0.7892004020960466,-0.000709640905,1.5,473.0,550.0,662.9053,1.6513948,323.96704,838.4649,175.55963,1.322656,-0.3287388,163.84314,-160.1239
1.5-473-550,0.2879518072,0.5759036144,0.4163512326852384,0.000374378757,1.5,473.0,550.0,550.0935,1.5283865,567.08734,793.47485,243.38135,1.0136206,-0.51476586,266.19745,-300.8899
1.5-473-550,0.2987951807,0.5975903614,0.9337895728803226,0.000839654004,1.5,473.0,550.0,901.3393,1.4910412,63.811752,799.9332,-101.40607,1.0360459,-0.45499527,256.1707,192.35893
1.5-473-550,0.3132530121,0.6265060242,0.7892004020960466,-0.000709640905,1.5,473.0,550.0,655.8347,1.7994665,366.45905,807.7232,151.88849,1.0658176,-0.7336489,243.5243,-122.93474
1.5-473-550,0.0102040816,0.0204081632,0.3542741437603377,0.0003185596755,1.5,473.0,550.0,473.0,1.1026077,649.85333,482.36365,9.363647,0.45556226,-0.6470455,652.00934,2.1560059
1.5-473-550,0.3385542169,0.6771084338,0.9872047710533666,0.0008876844022,1.5,473.0,550.0,1092.6492,0.47925618,48.37532,819.1113,-273.53784,1.1174172,0.63816106,223.37202,174.9967
1.5-473-550,0.221686747,0.443373494,0.09831793590232207,-8.84064793e-05,1.5,473.0,550.0,512.7878,1.326518,609.79004,742.7888,230.00104,0.87611413,-0.45040393,337.30264,-272.4874
1.5-473-550,0.2722891566,0.5445783132,0.9895407848051817,0.0008897849218,1.5,473.0,550.0,1160.7344,0.30705434,44.832474,783.2174,-377.51697,0.9811321,0.67407775,281.49606,236.66359
1.5-473-550,0.3204819277,0.6409638554,0.9872047710533666,-0.0008876844022,1.5,473.0,550.0,1108.2849,0.44503725,47.505325,811.2669,-297.018,1.0806333,0.63559604,237.5106,190.00528
1.5-473-550,0.1180722891,0.2361445782,0.8705746216627653,-0.0007828117684,1.5,473.0,550.0,494.32104,0.8508827,628.75714,629.8612,135.54016,0.66603565,-0.18484706,478.01636,-150.74078
1.5-473-550,0.4714285714,0.9428571428,0.5396442233296441,-0.0004852425493,1.5,473.0,550.0,656.83484,1.8355882,364.34784,837.33856,180.50372,1.3701704,-0.46541786,154.21498,-210.13286
1.5-473-550,0.2361445783,0.4722891566,0.8705746216627653,0.0007828117684,1.5,473.0,550.0,693.22455,1.500288,199.00012,755.4433,62.21875,0.9060573,-0.5942307,320.39374,121.393616
1.5-473-550,0.3024096386,0.6048192772,0.9996041060258503,0.000898833757,1.5,473.0,550.0,1179.037,0.0105413655,43.995377,801.96875,-377.06824,1.0435044,1.032963,252.93163,208.93625
1.5-473-550,0.4061224489,0.8122448978,0.3542741439827602,-0.0003185596757,1.5,473.0,550.0,634.436,2.2079678,431.88437,836.26965,201.83368,1.2504224,-0.9575454,181.26524,-250.61913
1.5-473-550,0.2084337349,0.4168674698,0.5396442233296441,0.0004852425493,1.5,473.0,550.0,521.8868,1.2754474,599.67194,730.4513,208.56451,0.84876186,-0.4266855,353.4465,-246.22543
1.5-473-550,0.1602409638,0.3204819276,0.7892004020960466,-0.000709640905,1.5,473.0,550.0,518.8786,1.0218172,603.017,680.0966,161.21802,0.75040865,-0.27140856,416.96173,-186.0553
1.5-473-550,0.1638554216,0.3277108432,0.22784103833049427,-0.0002048723242,1.5,473.0,550.0,493.88077,1.1249801,629.2027,684.1514,190.27066,0.75771564,-0.36726445,411.95306,-217.24963
1.5-473-550,0.1674698795,0.334939759,0.8902853188558087,-0.0008005354251,1.5,473.0,550.0,555.95416,0.9823795,559.52106,688.1636,132.20941,0.7650345,-0.217345,406.98215,-152.53891
1.5-473-550,0.351807229,0.703614458,0.6021818746711394,-0.0005414757638,1.5,473.0,550.0,629.1682,1.9060689,442.66125,823.9568,194.78857,1.1441177,-0.7619512,213.80511,-228.85614
1.5-473-550,0.3156626506,0.6313253012,0.9895407848051817,0.0008897849218,1.5,473.0,550.0,1123.7922,0.35791808,46.676712,808.93036,-314.86188,1.0707618,0.7128437,241.49686,194.82014
1.5-473-550,0.1903614457,0.3807228914,0.9996041060258503,0.000898833757,1.5,473.0,550.0,1110.9293,0.0079010585,47.364,712.5409,-398.38843,0.8116554,0.8037543,376.4107,329.0467
1.5-473-550,0.3253012049,0.6506024098,0.9337895728803226,0.000839654004,1.5,473.0,550.0,894.6602,1.5713909,64.59746,813.5,-81.16022,1.0904801,-0.48091078,233.61565,169.01819
1.5-473-550,0.4632653061,0.9265306122,0.8475322498919685,0.0007620923041,1.5,473.0,550.0,659.361,1.5235872,354.1496,837.88885,178.52783,1.3557168,-0.1678704,157.00119,-197.1484
1.5-473-550,0.3132530121,0.6265060242,0.9844268823757469,0.0008851865532,1.5,473.0,550.0,1100.4496,0.523653,47.924118,807.7232,-292.72638,1.0658176,0.5421646,243.5243,195.60019
1.5-473-550,0.04285714285,0.0857142857,0.8705746216627653,-0.0007828117684,1.5,473.0,550.0,473.0,0.7685879,649.85333,529.2934,56.293396,0.51880294,-0.24978495,597.08264,-52.77069
1.5-473-550,0.4918367347,0.9836734694,0.960723235489121,0.0008638724771,1.5,473.0,550.0,657.5206,1.1218809,361.57928,835.2468,177.7262,1.4056656,0.28378475,147.86461,-213.71468
1.5-473-550,0.08775510207,0.17551020414,0.9965972946963587,0.0008961300631,1.5,473.0,550.0,473.0,0.0343567,649.85333,590.7983,117.79828,0.6062875,0.57193077,524.6022,-125.25116
1.5-473-550,0.1746987951,0.3493975902,0.9671530515086588,-0.0008696541017,1.5,473.0,550.0,754.4366,0.731687,94.01941,696.0573,-58.379272,0.77970755,0.04802054,397.1558,303.13638
1.5-473-550,0.01428571426,0.02857142852,0.22784103821928303,0.0002048723241,1.5,473.0,550.0,473.0,1.1384494,649.85333,488.31567,15.315674,0.46346137,-0.67498803,645.0534,-4.7999268
1.5-473-550,0.4693877551,0.9387755102,0.9965972946963587,-0.0008961300631,1.5,473.0,550.0,659.1942,0.18255244,354.82285,837.49225,178.29803,1.3665707,1.1840183,154.89764,-199.9252
1.5-473-550,0.1903614457,0.3807228914,0.9671530515086588,-0.0008696541017,1.5,473.0,550.0,925.01495,0.71344924,61.209793,712.5409,-212.47406,0.8116554,0.09820616,376.4107,315.20093
1.5-473-550,0.2614457831,0.5228915662,0.9726063657286781,-0.0008745576659,1.5,473.0,550.0,1088.7925,0.75390697,48.602036,775.47925,-313.31323,0.95860445,0.20469749,292.6457,244.04366
1.5-473-550,0.4367346939,0.8734693878,0.9844268823757469,0.0008851865532,1.5,473.0,550.0,672.8165,0.82020646,231.77428,838.40576,165.58923,1.3077221,0.48751563,167.15813,-64.61615
1.5-473-550,0.1963855421,0.3927710842,0.3542741439827602,-0.0003185596757,1.5,473.0,550.0,509.19867,1.2281479,613.6944,718.6465,209.44781,0.82399696,-0.4041509,368.63736,-245.05704
1.5-473-550,0.3662650603,0.7325301206,0.5396442233296441,-0.0004852425493,1.5,473.0,550.0,627.3364,1.9689584,446.55396,828.39056,201.05414,1.1729364,-0.79602194,204.12192,-242.43204
1.5-473-550,0.265060241,0.530120482,0.9726063657286781,-0.0008745576659,1.5,473.0,550.0,1084.9213,0.761776,48.82988,778.1161,-306.80518,0.9661152,0.2043392,288.87885,240.04897
1.5-473-550,0.3,0.6,0.998978267368595,-0.0008982710093,1.5,473.0,550.0,1178.2113,0.031081723,44.033157,800.6182,-377.59308,1.0385331,1.0074514,255.08527,211.05211
1.5-473-550,0.05306122449,0.10612244898,0.8475322498919685,0.0007620923041,1.5,473.0,550.0,473.0,0.82483065,649.85333,543.6077,70.60773,0.53861105,-0.2862196,580.2788,-69.574524
1.5-473-550,0.3746987952,0.7493975904,0.6021818746711394,-0.0005414757638,1.5,473.0,550.0,639.729,2.0501983,419.16248,830.57745,190.84845,1.1895833,-0.860615,198.8265,-220.33597
1.5-473-550,0.2530120482,0.5060240964,0.9965972946963587,-0.0008961300631,1.5,473.0,550.0,1212.2738,0.094096586,42.547348,769.1054,-443.1684,0.9410788,0.8469822,301.6286,259.08124
1.5-473-550,0.3927710844,0.7855421688,0.9215172744995802,0.0008286188792,1.5,473.0,550.0,845.9584,2.0686522,71.26817,834.31036,-11.64801,1.2248112,-0.84384096,188.32155,117.053375
1.5-473-550,0.169879518,0.339759036,0.9980223152919674,0.000897411427,1.5,473.0,550.0,942.4399,0.048561558,59.4077,690.81433,-251.62555,0.7699203,0.7213587,403.68948,344.2818
1.5-473-550,0.08571428574,0.17142857148,0.9945113832197316,0.0008942544329,1.5,473.0,550.0,473.0,0.056059107,649.85333,588.0913,115.09131,0.6022886,0.5462295,527.8107,-122.0426
1.5-473-550,0.2759036145,0.551807229,0.4163512323516047,-0.0003743787567,1.5,473.0,550.0,541.14307,1.4828861,578.0466,785.68146,244.53839,0.9886366,-0.49424946,277.88055,-300.16602
1.5-473-550,0.148192771,0.296385542,0.6600967573005477,0.0005935522321,1.5,473.0,550.0,498.55423,1.0381954,624.4731,666.2808,167.7266,0.72613853,-0.31205684,433.92365,-190.54944
1.5-473-550,0.1108433734,0.2216867468,0.9671530515086588,-0.0008696541017,1.5,473.0,550.0,526.39777,0.5414929,594.6557,620.7519,94.354126,0.6517263,0.110233426,488.93408,-105.72162
1.5-473-550,0.1734939759,0.3469879518,0.7098470004029654,0.0006382871403,1.5,473.0,550.0,518.371,1.0891979,603.5815,694.7539,176.38293,0.7772588,-0.31193906,398.78268,-204.7988
1.5-473-550,0.2313253012,0.4626506024,0.5396442233296441,0.0004852425493,1.5,473.0,550.0,529.6787,1.3525089,591.00726,751.3203,221.6416,0.89606625,-0.45644265,325.9469,-265.06036
1.5-473-550,0.3686746989,0.7373493978,0.9531521909241071,-0.0008570646715,1.5,473.0,550.0,922.2375,1.5397652,61.460526,829.045,-93.192505,1.1777055,-0.3620597,202.58278,141.12225
1.5-473-550,0.3289156627,0.6578313254,0.9956514833048237,0.0008952795992,1.5,473.0,550.0,1142.654,0.15583436,45.721146,815.1072,-327.54688,1.0978479,0.94201356,230.7541,185.03296
1.5-473-550,0.113253012,0.226506024,0.9999999997775775,0.0008991897406,1.5,473.0,550.0,691.10016,-1.3699311e-08,141.95102,623.8032,-67.296936,0.6564914,0.6564914,485.28113,343.3301
1.5-473-550,0.1373493975,0.274698795,0.9531521909241071,-0.0008570646715,1.5,473.0,550.0,556.60583,0.7570819,558.6388,653.468,96.86218,0.7044088,-0.0526731,449.52774,-109.11105
1.5-473-550,0.04489795918,0.08979591836,0.9215172744995802,0.0008286188792,1.5,473.0,550.0,473.0,0.62255543,649.85333,532.1707,59.170715,0.522762,-0.099793434,593.70734,-56.145996
1.5-473-550,0.2638554217,0.5277108434,0.9985491866279087,-0.0008978851843,1.5,473.0,550.0,1210.8439,0.0397781,42.60814,777.24347,-433.6004,0.96361166,0.92383355,290.1289,247.52077
1.5-473-550,0.3060240964,0.6120481928,0.9945113832197316,0.0008942544329,1.5,473.0,550.0,1153.9484,0.18131016,45.164352,803.9455,-350.00287,1.0509529,0.86964273,249.74422,204.57986
1.5-473-550,0.2987951807,0.5975903614,0.9671530515086588,-0.0008696541017,1.5,473.0,550.0,1022.8616,0.9930192,52.81688,799.9332,-222.92834,1.0360459,0.043026686,256.1707,203.3538
1.5-473-550,0.3638554217,0.7277108434,0.8206166047262803,0.0007378900321,1.5,473.0,550.0,701.2152,2.095536,133.78014,827.7122,126.49701,1.1681573,-0.92737865,205.68219,71.902054
1.5-473-550,0.3614457832,0.7228915664,0.998978267368595,-0.0008982710093,1.5,473.0,550.0,1128.9191,0.04001735,46.402756,827.00977,-301.9093,1.1633685,1.1233511,207.26372,160.86096
1.5-473-550,0.3012048193,0.6024096386,0.9999999997775775,0.0008991897406,1.5,473.0,550.0,1181.3777,-1.3699311e-08,43.907883,801.29675,-380.08093,1.0410192,1.0410192,254.00557,210.09769
1.5-473-550,0.1301204819,0.2602409638,0.16340484097302546,-0.0001469319566,1.5,473.0,550.0,478.92557,1.0999867,644.26355,644.7361,165.81052,0.6899811,-0.41000557,460.1015,-184.16205
1.5-473-550,0.278313253,0.556626506,0.09831793589120096,8.840647929e-05,1.5,473.0,550.0,526.01294,1.4650786,595.0836,787.29193,261.279,0.9936376,-0.47144097,275.4985,-319.5851
1.5-473-550,0.2759036145,0.551807229,0.6600967573005477,0.0005935522321,1.5,473.0,550.0,595.4027,1.563326,499.49213,785.68146,190.27875,0.9886366,-0.5746894,277.88055,-221.61157
1.5-473-550,0.4836734694,0.9673469388,0.9671530515086588,0.0008696541017,1.5,473.0,550.0,657.83734,1.0548787,360.30063,836.2007,178.36334,1.3915762,0.33669746,150.30447,-209.99615
1.5-473-550,0.08571428574,0.17142857148,0.9915009044774012,0.0008915474413,1.5,473.0,550.0,473.0,0.08739631,649.85333,588.0913,115.09131,0.6022886,0.5148923,527.8107,-122.0426
1.5-473-550,0.3072289157,0.6144578314,0.5396442233296441,0.0004852425493,1.5,473.0,550.0,589.59644,1.654498,507.95547,804.5914,214.99493,1.0534334,-0.60106456,248.69322,-259.26227
1.5-473-550,0.2734939759,0.5469879518,0.5396442233296441,0.0004852425493,1.5,473.0,550.0,559.02216,1.5031575,555.58746,784.0452,225.02307,0.98363394,-0.51952356,280.28525,-275.30222
1.5-473-550,0.1228915662,0.2457831324,0.03282169734692774,-2.951293353e-05,1.5,473.0,550.0,475.84003,1.112773,647.17426,635.8582,160.01819,0.67559904,-0.4371739,470.80753,-176.36673
1.5-473-550,0.1746987951,0.3493975902,0.9985491866279087,-0.0008978851843,1.5,473.0,550.0,972.3637,0.03462498,56.70839,696.0573,-276.3064,0.77970755,0.74508256,397.1558,340.4474
1.5-473-550,0.4591836735,0.918367347,0.999825745120423,0.0008990330526,1.5,473.0,550.0,660.9989,0.0053377612,342.07916,838.098,177.09912,1.3484347,1.343097,158.4512,-183.62796
1.5-473-550,0.1457831325,0.291566265,0.993141646395439,0.0008930227796,1.5,473.0,550.0,770.6094,0.2394648,87.34006,663.46387,-107.14551,0.7213004,0.4818356,437.364,350.02396
1.5-473-550,0.03469387754,0.06938775508,0.9993254186825348,-0.0008985831642,1.5,473.0,550.0,473.0,0.0057666167,649.85333,517.715,44.715027,0.502977,0.49721038,610.6543,-39.199036
1.5-473-550,0.386746988,0.773493976,0.8902853187445975,0.000800535425,1.5,473.0,550.0,804.6725,2.160106,78.95747,833.2074,28.534912,1.2131382,-0.9469677,191.6984,112.74092
1.5-473-550,0.2807228916,0.5614457832,0.29146971579860803,-0.0002620865782,1.5,473.0,550.0,533.3142,1.482532,586.9646,788.8765,255.56232,0.99863684,-0.48389518,273.13913,-313.82547
1.5-473-550,0.365060241,0.730120482,0.9895407848051817,-0.0008897849218,1.5,473.0,550.0,1078.9424,0.4482618,49.172134,828.0544,-250.888,1.1705482,0.7222864,204.89938,155.72725
1.5-473-550,0.4857142857,0.9714285714,0.9442484491033019,0.0008490585182,1.5,473.0,550.0,657.71063,1.239526,360.8123,835.9764,178.26575,1.3951119,0.15558589,149.68243,-211.12985
1.5-473-550,0.2855421687,0.5710843374,0.9999999997775775,0.0008991897406,1.5,473.0,550.0,1194.4897,-1.3699311e-08,43.32106,791.968,-402.52173,1.0086285,1.0086285,268.48853,225.16747
1.5-473-550,0.3638554217,0.7277108434,0.09831793589120096,8.840647929e-05,1.5,473.0,550.0,591.81323,1.8576498,505.1826,827.7122,235.89899,1.1681573,-0.68949246,205.68219,-299.5004
1.5-473-550,0.4,0.8,0.9998256639362226,-0.0008990329796,1.5,473.0,550.0,1032.5925,0.005590902,53.00078,835.4528,-197.13971,1.2387233,1.2331324,184.42905,131.42827
1.5-473-550,0.1602409638,0.3204819276,0.9980223152919674,0.000897411427,1.5,473.0,550.0,882.5477,0.054400906,66.0294,680.0966,-202.45111,0.75040865,0.6960077,416.96173,350.9323
1.5-473-550,0.3385542169,0.6771084338,0.9996041060258503,0.000898833757,1.5,473.0,550.0,1152.9154,0.012027369,45.215286,819.1113,-333.80408,1.1174172,1.1053898,223.37202,178.15674
1.5-473-550,0.1168674698,0.2337349396,0.9993254186825348,-0.0008985831642,1.5,473.0,550.0,699.305,0.038281903,127.81038,628.35236,-70.95264,0.66364783,0.6253659,479.82736,352.01697
1.5-473-550,0.03061224488,0.06122448976,0.7892004020960466,0.000709640905,1.5,473.0,550.0,473.0,0.8902676,649.85333,511.88553,38.88553,0.49506947,-0.39519814,617.48157,-32.371765
1.5-473-550,0.3831325302,0.7662650604,0.09831793589120096,8.840647929e-05,1.5,473.0,550.0,609.27563,1.99941,478.74536,832.4784,223.20276,1.2061006,-0.79330945,193.78384,-284.96152
1.5-473-550,0.1734939759,0.3469879518,0.960723235489121,0.0008638724771,1.5,473.0,550.0,693.2687,0.8354623,169.39827,694.7539,1.4852295,0.7772588,-0.05820346,398.78268,229.38441
1.5-473-550,0.1927710843,0.3855421686,0.9772248215579286,-0.000878710534,1.5,473.0,550.0,1024.8002,0.50885856,52.67363,714.9991,-309.8011,0.8165886,0.30773002,373.28738,320.61377
1.5-473-550,0.2722891566,0.5445783132,0.9442484491033019,0.0008490585182,1.5,473.0,550.0,949.9078,1.2945848,58.754227,783.2174,-166.69037,0.9811321,-0.31345266,281.49606,222.74184
1.5-473-550,0.321686747,0.643373494,0.9671530515086588,-0.0008696541017,1.5,473.0,550.0,1007.4164,1.0584884,53.920517,811.8349,-195.58148,1.0830973,0.02460897,236.5283,182.60779
1.5-473-550,0.3927710844,0.7855421688,0.998978267368595,0.0008982710093,1.5,473.0,550.0,1097.434,0.050150618,48.097183,834.31036,-263.1236,1.2248112,1.1746606,188.32155,140.22437
1.5-473-550,0.2289156626,0.4578313252,0.7525573838264147,0.0006766918789,1.5,473.0,550.0,577.7756,1.3835561,526.9815,749.2229,171.44733,0.89107424,-0.4924819,328.75485,-198.22665
1.5-473-550,0.1409638554,0.2819277108,0.9671530515086588,0.0008696541017,1.5,473.0,550.0,592.72375,0.7114111,503.71948,657.77765,65.053894,0.71164024,0.00022912025,444.29163,-59.427856
1.5-473-550,0.3831325302,0.7662650604,0.6021818746711394,-0.0005414757638,1.5,473.0,550.0,643.4957,2.1130192,409.80856,832.4784,188.98267,1.2061006,-0.90691864,193.78384,-216.02472
1.5-473-550,0.221686747,0.443373494,0.9671530515086588,0.0008696541017,1.5,473.0,550.0,1153.3445,0.7558104,45.195053,742.7888,-410.55566,0.87611413,0.12030375,337.30264,292.1076
1.5-473-550,0.1084337349,0.2168674698,0.7892004020960466,-0.000709640905,1.5,473.0,550.0,478.0915,0.91043776,645.0504,617.68585,139.59436,0.64696574,-0.26347202,492.6006,-152.44983
1.5-473-550,0.3180722892,0.6361445784,0.47796385156444166,-0.0004297801918,1.5,473.0,550.0,586.1956,1.6814156,512.76996,810.11163,223.91602,1.0757005,-0.60571504,239.49231,-273.27765
1.5-473-550,0.4816326531,0.9632653062,0.9772248215579286,0.000878710534,1.5,473.0,550.0,657.96924,0.90410626,359.7683,836.41534,178.4461,1.3880311,0.48392487,150.93483,-208.83348
1.5-473-550,0.4102040816,0.8204081632,0.9531521909241071,0.0008570646715,1.5,473.0,550.0,764.5209,1.6716508,89.314224,836.7392,72.21832,1.2581785,-0.4134723,179.22208,89.90785
1.5-473-550,0.3385542169,0.6771084338,0.8705746216627653,-0.0007828117684,1.5,473.0,550.0,767.1017,1.9191206,89.14285,819.1113,52.009644,1.1174172,-0.80170333,223.37202,134.22917
1.5-473-550,0.3481927711,0.6963855422,0.09831793590232207,-8.84064793e-05,1.5,473.0,550.0,575.5856,1.7551899,529.99475,822.7103,247.12476,1.1368612,-0.6183287,216.34798,-313.6468
1.5-473-550,0.1313253012,0.2626506024,0.9973789933391554,0.0008968329585,1.5,473.0,550.0,740.5694,0.11842869,98.210144,646.20166,-94.36774,0.69238245,0.57395375,458.32993,360.11978
1.5-473-550,0.113253012,0.226506024,0.47796385156444166,-0.0004297801918,1.5,473.0,550.0,474.90533,1.070878,648.0559,623.8032,148.89789,0.6564914,-0.41438663,485.28113,-162.77478
1.5-473-550,0.3192771085,0.638554217,0.6021818746711394,-0.0005414757638,1.5,473.0,550.0,611.8713,1.7384737,474.16937,810.6925,198.82123,1.0781677,-0.660306,238.4986,-235.67078
1.5-473-550,0.1421686747,0.2843373494,0.9999999997775775,-0.0008991897406,1.5,473.0,550.0,805.891,-1.3699311e-08,78.7184,659.2056,-146.68536,0.7140534,0.7140534,442.55392,363.8355
1.5-473-550,0.3759036145,0.751807229,0.22784103833049427,-0.0002048723242,1.5,473.0,550.0,607.5377,1.9570959,481.48572,830.8664,223.32867,1.1919509,-0.76514494,198.09082,-283.3949
1.5-473-550,0.4204081632,0.8408163264,0.22784103821928303,0.0002048723241,1.5,473.0,550.0,637.5851,2.2105486,424.90906,837.65814,200.07306,1.2774141,-0.93313456,174.33832,-250.57074
1.5-473-550,0.2,0.4,0.9726063657286781,0.0008745576659,1.5,473.0,550.0,1088.7311,0.6059509,48.60945,722.2455,-366.4856,0.83141536,0.22546446,364.0298,315.42035
1.5-473-550,0.4775510204,0.9551020408,0.9945113832197316,0.0008942544329,1.5,473.0,550.0,658.3006,0.297482,358.4303,836.81506,178.51447,1.3809142,1.0834322,152.22076,-206.20953
1.5-473-550,0.3132530121,0.6265060242,0.9998257452316341,-0.0008990330527,1.5,473.0,550.0,1173.9901,0.0033247333,44.22621,807.7232,-366.2669,1.0658176,1.0624928,243.5243,199.2981
1.5-473-550,0.169879518,0.339759036,0.9956514833048237,0.0008952795992,1.5,473.0,550.0,927.89044,0.108826324,60.846634,690.81433,-237.07611,0.7699203,0.66109395,403.68948,342.84283
1.5-473-550,0.1469879518,0.2939759036,0.09831793589120096,8.840647929e-05,1.5,473.0,550.0,485.7889,1.1059701,637.39166,664.8746,179.08566,0.7237188,-0.38225132,435.64185,-201.74982
1.5-473-550,0.2180722891,0.4361445782,0.7892004020960466,-0.000709640905,1.5,473.0,550.0,580.334,1.3415183,523.55536,739.4928,159.15881,0.8686441,-0.47287416,341.64542,-181.90994
1.5-473-550,0.4020408163,0.8040816326,0.16340484119544796,0.0001469319568,1.5,473.0,550.0,624.8104,2.1621897,451.5702,835.74023,210.92981,1.2426316,-0.91955817,183.3611,-268.2091
1.5-473-550,0.1421686747,0.2843373494,0.998978267368595,-0.0008982710093,1.5,473.0,550.0,798.9277,0.03557758,80.012924,659.2056,-139.72205,0.7140534,0.6784758,442.55392,362.54102
1.5-473-550,0.2397590361,0.4795180722,0.7525573838264147,0.0006766918789,1.5,473.0,550.0,594.3281,1.4381613,500.84808,758.4721,164.14398,0.913556,-0.5246053,316.2842,-184.56387
1.5-473-550,0.4755102041,0.9510204082,0.9993254186825348,0.0008985831642,1.5,473.0,550.0,658.4882,0.032511577,357.67297,836.9998,178.5116,1.3773421,1.3448305,152.87671,-204.79626
1.5-473-550,0.04081632652,0.08163265304,0.9973789934503665,-0.0008968329586,1.5,473.0,550.0,473.0,0.025195526,649.85333,526.4091,53.40912,0.51484483,0.4896493,600.46497,-49.388367
1.5-473-550,0.1710843373,0.3421686746,0.9872047710533666,-0.0008876844022,1.5,473.0,550.0,882.5952,0.31122863,66.02309,692.13245,-190.46277,0.77236515,0.46113652,402.04956,336.0265
1.5-473-550,0.1638554216,0.3277108432,0.9726063657286781,-0.0008745576659,1.5,473.0,550.0,719.24994,0.67576724,113.29208,684.1514,-35.09851,0.75771564,0.0819484,411.95306,298.66098
1.5-473-550,0.4857142857,0.9714285714,0.9811301446957078,-0.0008822221605,1.5,473.0,550.0,657.757,0.8186675,360.62503,835.9764,178.21936,1.3951119,0.57644445,149.68243,-210.9426
1.5-473-550,0.1855421686,0.3710843372,0.47796385156444166,-0.0004297801918,1.5,473.0,550.0,509.02054,1.168945,613.8672,707.56146,198.54092,0.80180323,-0.36714172,382.7126,-231.1546
1.5-473-550,0.0,0.0,0.7527150115145086,0.0006768336161,1.5,473.0,550.0,473.0,0.90842825,649.85333,467.38678,-5.61322,0.43581393,-0.47261432,669.50385,19.650513
1.5-473-550,0.08367346941,0.16734693882,0.9671530515086588,0.0008696541017,1.5,473.0,550.0,473.0,0.34286332,649.85333,585.3752,112.37518,0.5982922,0.25542885,531.0281,-118.82526
1.5-473-550,0.1795180723,0.3590361446,0.999825745120423,0.0008990330526,1.5,473.0,550.0,1010.9344,0.0024044972,53.64232,701.2209,-309.7135,0.7895153,0.7871108,390.69208,337.04974
1.5-473-550,0.1686746988,0.3373493976,0.9071317792997667,0.0008156835895,1.5,473.0,550.0,569.702,0.9691829,539.72375,689.4914,119.78937,0.76747674,-0.20170617,405.33368,-134.39008
1.5-473-550,0.1108433734,0.2216867468,0.7525573838264147,0.0006766918789,1.5,473.0,550.0,478.7433,0.9438611,644.4355,620.7519,142.0086,0.6517263,-0.29213482,488.93408,-155.5014
1.5-473-550,0.2156626506,0.4313253012,0.9895407848051817,-0.0008897849218,1.5,473.0,550.0,1250.608,0.25823528,41.007645,737.2666,-513.34143,0.86366826,0.605433,344.56583,303.55817
1.5-473-550,0.1240963855,0.248192771,0.9442484491033019,0.0008490585182,1.5,473.0,550.0,525.0578,0.7306511,596.14575,637.3478,112.28998,0.677993,-0.05265808,469.0142,-127.13156
1.5-473-550,0.4571428571,0.9142857142,0.9915009044774012,0.0008915474413,1.5,473.0,550.0,661.4732,0.4609855,337.57336,838.18567,176.71246,1.3447797,0.8837942,159.19093,-178.38243
1.5-473-550,0.1168674698,0.2337349396,0.9915009044774012,0.0008915474413,1.5,473.0,550.0,635.91534,0.33519918,428.60748,628.35236,-7.5629883,0.66364783,0.32844865,479.82736,51.21988
1.5-473-550,0.3072289157,0.6144578314,0.9998257452316341,-0.0008990330527,1.5,473.0,550.0,1177.6414,0.0032557112,44.05922,804.5914,-373.05,1.0534334,1.0501777,248.69322,204.634
1.5-473-550,0.3060240964,0.6120481928,0.16340484097302546,-0.0001469319566,1.5,473.0,550.0,540.0314,1.5568532,579.4165,803.9455,263.91412,1.0509529,-0.50590026,249.74422,-329.6723
1.5-473-550,0.213253012,0.426506024,0.9895407849163931,0.0008897849219,1.5,473.0,550.0,1253.9436,0.25849313,40.884476,735.0175,-518.9261,0.8586958,0.6002027,347.50623,306.62177
1.5-473-550,0.3253012049,0.6506024098,0.09831793590232207,-8.84064793e-05,1.5,473.0,550.0,552.25323,1.6309997,564.4796,813.5,261.24677,1.0904801,-0.5405196,233.61565,-330.86395
1.5-473-550,0.1445783132,0.2891566264,0.03282169734692774,-2.951293353e-05,1.5,473.0,550.0,484.60117,1.1053152,638.5936,662.04877,177.4476,0.7188834,-0.3864318,439.09012,-199.50351
1.5-473-550,0.05102040816,0.10204081632,0.6021818746711394,-0.0005414757638,1.5,473.0,550.0,473.0,1.0574282,649.85333,540.75946,67.75946,0.53464675,-0.5227815,583.62494,-66.22839
1.5-473-550,0.373493976,0.746987952,0.9895407848051817,-0.0008897849218,1.5,473.0,550.0,1071.1439,0.4713123,49.625504,830.2827,-240.8612,1.187213,0.71590066,199.56737,149.94186
1.5-473-550,0.4081632653,0.8163265306,0.6021818746711394,0.0005414757638,1.5,473.0,550.0,652.9639,2.2928073,379.919,836.51184,183.54791,1.2543048,-1.0385026,180.23714,-199.68187
1.5-473-550,0.2795180723,0.5590361446,0.9985491866279087,0.0008978851843,1.5,473.0,550.0,1193.9395,0.042029187,43.326584,788.08746,-405.852,0.99613744,0.95410824,274.31598,230.9894
1.5-473-550,0.2301204819,0.4602409638,0.9965972946963587,0.0008961300631,1.5,473.0,550.0,1269.8428,0.08376025,40.297806,750.2746,-519.5682,0.89356995,0.8098097,327.3483,287.05048
1.5-473-550,0.2759036145,0.551807229,0.9442484491033019,-0.0008490585182,1.5,473.0,550.0,946.7013,1.3061289,59.043533,785.68146,-161.01984,0.9886366,-0.31749225,277.88055,218.83702
1.5-473-550,0.1843373494,0.3686746988,0.9071317792997667,0.0008156835895,1.5,473.0,550.0,606.2422,1.0542222,482.98032,706.3036,100.0614,0.79934317,-0.25487906,384.29947,-98.68085
1.5-473-550,0.1554216867,0.3108433734,0.7525573838264147,-0.0006766918789,1.5,473.0,550.0,510.5336,1.0237919,612.217,674.62494,164.09134,0.74068457,-0.28310734,423.69788,-188.5191
1.5-473-550,0.08775510207,0.17551020414,0.9996041060258503,0.000898833757,1.5,473.0,550.0,473.0,0.0032563072,649.85333,590.7983,117.79828,0.6062875,0.60303116,524.6022,-125.25116
1.5-473-550,0.156626506,0.313253012,0.960723235489121,-0.0008638724771,1.5,473.0,550.0,620.4908,0.7982326,459.00122,675.99976,55.508972,0.7431136,-0.055119038,422.0077,-36.99353
1.5-473-550,0.1602409638,0.3204819276,0.9999999997775775,0.0008991897406,1.5,473.0,550.0,894.8526,-1.3699311e-08,64.55675,680.0966,-214.75598,0.75040865,0.75040865,416.96173,352.40497
1.5-473-550,0.1,0.2,0.9993256565633628,-0.0008985833781,1.5,473.0,550.0,544.2608,0.009366796,563.5933,606.8419,62.581116,0.63033855,0.62097174,505.53802,-58.055298
1.5-473-550,0.3602409639,0.7204819278,0.8902853188558087,-0.0008005354251,1.5,473.0,550.0,803.0421,1.9764189,79.379166,826.64954,23.607422,1.1609703,-0.8154485,208.06252,128.68335
1.5-473-550,0.156626506,0.313253012,0.9965972946963587,-0.0008961300631,1.5,473.0,550.0,852.91614,0.09977125,70.158646,675.99976,-176.91638,0.7431136,0.6433423,422.0077,351.84906
1.5-473-550,0.1168674698,0.2337349396,0.7098470004029654,0.0006382871403,1.5,473.0,550.0,481.49576,0.97678727,641.7363,628.35236,146.8566,0.66364783,-0.31313944,479.82736,-161.90897
1.5-473-550,0.02244897957,0.04489795914,0.5396442233296441,0.0004852425493,1.5,473.0,550.0,473.0,1.1206745,649.85333,500.1496,27.149597,0.479262,-0.6414125,631.216,-18.63733
1.5-473-550,0.1891566265,0.378313253,0.9772248215579286,-0.000878710534,1.5,473.0,550.0,980.12213,0.5079574,56.061996,711.3039,-268.81824,0.8091906,0.30123317,377.97928,321.9173
1.5-473-550,0.1759036144,0.3518072288,0.09831793590232207,-8.84064793e-05,1.5,473.0,550.0,497.68057,1.155589,625.3573,697.3557,199.67514,0.7821576,-0.37343138,395.53323,-229.82407
1.5-473-550,0.1590361445,0.318072289,0.7525573838264147,0.0006766918789,1.5,473.0,550.0,513.1397,1.0333021,609.3987,678.7356,165.59589,0.74797565,-0.28532642,418.63962,-190.75906
1.5-473-550,0.1120481927,0.2240963854,0.47796385156444166,-0.0004297801918,1.5,473.0,550.0,474.4913,1.0729629,648.44653,622.2794,147.78812,0.6541083,-0.4188546,487.10587,-161.34067
1.5-473-550,0.3108433735,0.621686747,0.9895407848051817,-0.0008897849218,1.5,473.0,550.0,1127.5573,0.3509907,46.47551,806.49,-321.06726,1.0608678,0.7098771,245.57468,199.09917
1.5-473-550,0.2915662651,0.5831325302,0.5396442233296441,-0.0004852425493,1.5,473.0,550.0,576.22766,1.5823542,529.46893,795.6863,219.45862,1.0211033,-0.5612509,262.80365,-266.66528
1.5-473-550,0.1746987951,0.3493975902,0.9726063657286781,0.0008745576659,1.5,473.0,550.0,797.02075,0.6308092,80.79945,696.0573,-100.96344,0.77970755,0.14889836,397.1558,316.35632
1.5-473-550,0.3542168675,0.708433735,0.09831793589120096,8.840647929e-05,1.5,473.0,550.0,581.9572,1.7935225,518.4667,824.75684,242.79962,1.1489443,-0.6445782,212.13725,-306.3294
1.5-473-550,0.2240963855,0.448192771,0.960723235489121,0.0008638724771,1.5,473.0,550.0,1117.4614,0.8842958,47.025894,744.95703,-372.5044,0.881098,-0.0031978488,334.43286,287.40698
1.5-473-550,0.3746987952,0.7493975904,0.9945113832197316,0.0008942544329,1.5,473.0,550.0,1095.4513,0.24865966,48.21245,830.57745,-264.87384,1.1895833,0.94092363,198.8265,150.61406
1.5-473-550,0.2831325301,0.5662650602,0.5396442233296441,0.0004852425493,1.5,473.0,550.0,568.3719,1.544356,541.3699,790.43524,222.06335,1.0036339,-0.54072213,270.80243,-270.56744
1.5-473-550,0.2759036145,0.551807229,0.16340484097302546,-0.0001469319566,1.5,473.0,550.0,526.4471,1.4602557,594.6008,785.68146,259.23438,0.9886366,-0.47161913,277.88055,-316.72028
1.5-473-550,0.1879518072,0.3759036144,0.999825745120423,0.0008990330526,1.5,473.0,550.0,1090.7982,0.0023376208,48.482956,710.0616,-380.73663,0.80672693,0.8043893,379.55246,331.06952
1.5-473-550,0.03469387754,0.06938775508,0.8705746216627653,0.0007828117684,1.5,473.0,550.0,473.0,0.7597669,649.85333,517.715,44.715027,0.502977,-0.25678986,610.6543,-39.199036
1.5-473-550,0.2831325301,0.5662650602,0.3542741439827602,-0.0003185596757,1.5,473.0,550.0,539.45386,1.498382,580.0315,790.43524,250.98138,1.0036339,-0.49474812,270.80243,-309.22906
1.5-473-550,0.08571428574,0.17142857148,0.9671530515086588,-0.0008696541017,1.5,473.0,550.0,473.0,0.3427437,649.85333,588.0913,115.09131,0.6022886,0.2595449,527.8107,-122.0426
1.5-473-550,0.002040816309,0.004081632618,0.9931416466178614,-0.0008930227798,1.5,473.0,550.0,473.0,0.11716066,649.85333,470.3929,-2.6070862,0.43976393,0.3226033,665.9932,16.139893
1.5-473-550,0.3012048193,0.6024096386,0.9973789933391554,0.0008968329585,1.5,473.0,550.0,1169.9973,0.08432017,44.4088,801.29675,-368.70056,1.0410192,0.956699,254.00557,209.59677
1.5-473-550,0.03265306121,0.06530612242,0.9931416465066502,-0.0008930227797,1.5,473.0,550.0,473.0,0.06594692,649.85333,514.8036,41.80359,0.49902278,0.43307585,614.0646,-35.788757
1.5-473-550,0.1650602409,0.3301204818,0.47796385156444166,-0.0004297801918,1.5,473.0,550.0,499.5828,1.1068113,623.43225,685.4936,185.9108,0.7601539,-0.3466574,410.29187,-213.14038
1.5-473-550,0.2542168675,0.508433735,0.9071317792997667,-0.0008156835895,1.5,473.0,550.0,831.8459,1.5340737,73.950516,770.03485,-61.811035,0.94358224,-0.5904915,300.32883,226.37831
1.5-473-550,0.05102040816,0.10204081632,0.47796385156444166,0.0004297801918,1.5,473.0,550.0,473.0,1.1198075,649.85333,540.75946,67.75946,0.53464675,-0.58516073,583.62494,-66.22839
1.5-473-550,0.2698795181,0.5397590362,0.22784103833049427,-0.0002048723242,1.5,473.0,550.0,526.32324,1.4465424,594.7386,781.5426,255.21936,0.9761274,-0.470415,283.93457,-310.80402
1.5-473-550,0.3614457832,0.7228915664,0.9965972946963587,-0.0008961300631,1.5,473.0,550.0,1117.4526,0.14157258,47.015457,827.00977,-290.44287,1.1633685,1.0217959,207.26372,160.24826
1.5-473-550,0.3385542169,0.6771084338,0.9442484491033019,0.0008490585182,1.5,473.0,550.0,916.0462,1.513332,62.114822,819.1113,-96.934875,1.1174172,-0.3959148,223.37202,161.2572
1.5-473-550,0.05510204082,0.11020408164,0.9980223152919674,0.000897411427,1.5,473.0,550.0,473.0,0.01948713,649.85333,546.4484,73.448425,0.54257685,0.5230897,576.9403,-72.913025
1.5-473-550,0.03061224488,0.06122448976,0.9895407848051817,0.0008897849218,1.5,473.0,550.0,473.0,0.10049842,649.85333,511.88553,38.88553,0.49506947,0.39457107,617.48157,-32.371765
1.5-473-550,0.1879518072,0.3759036144,0.9337895728803226,-0.000839654004,1.5,473.0,550.0,684.87555,1.0448021,209.35672,710.0616,25.186035,0.80672693,-0.23807514,379.55246,170.19574
1.5-473-550,0.3963855422,0.7927710844,0.4163512326852384,0.000374378757,1.5,473.0,550.0,632.59235,2.1652641,435.96786,834.90594,202.3136,1.2317804,-0.9334837,186.35379,-249.61407
1.5-473-550,0.1831325301,0.3662650602,0.9772248215579286,-0.000878710534,1.5,473.0,550.0,913.01556,0.5038939,62.443832,705.0406,-207.97498,0.79688436,0.29299045,385.89087,323.44702
1.5-473-550,0.3855421687,0.7710843374,0.9671530515086588,0.0008696541017,1.5,473.0,550.0,953.52246,1.3787609,58.38063,832.97003,-120.55243,1.2107952,-0.16796577,192.38855,134.00792
1.5-473-550,0.3963855422,0.7927710844,0.9945113832197316,-0.0008942544329,1.5,473.0,550.0,1070.2938,0.2979241,49.675797,834.90594,-235.38788,1.2317804,0.9338563,186.35379,136.678
1.5-473-550,0.3662650603,0.7325301206,0.993141646395439,0.0008930227796,1.5,473.0,550.0,1096.2714,0.29578465,48.16478,828.39056,-267.8808,1.1729364,0.8771518,204.12192,155.95714
1.5-473-550,0.4918367347,0.9836734694,0.9965972946963587,-0.0008961300631,1.5,473.0,550.0,657.5469,0.18276004,361.47333,835.2468,177.69995,1.4056656,1.2229056,147.86461,-213.60872
1.5-473-550,0.1746987951,0.3493975902,0.9999999997775775,-0.0008991897406,1.5,473.0,550.0,980.22626,-1.3699311e-08,56.098465,696.0573,-284.16895,0.77970755,0.77970755,397.1558,341.0573
1.5-473-550,0.1771084337,0.3542168674,0.9726063657286781,-0.0008745576659,1.5,473.0,550.0,825.5995,0.6086317,74.80383,698.6491,-126.95038,0.7846089,0.17597723,393.9151,319.11127
1.5-473-550,0.1144578313,0.2289156626,0.960723235489121,0.0008638724771,1.5,473.0,550.0,524.35724,0.607831,596.9248,625.32336,100.966125,0.6588757,0.051044703,483.45975,-113.46506
1.5-473-550,0.2337349398,0.4674698796,0.4163512323516047,-0.0003743787567,1.5,473.0,550.0,522.8001,1.3552938,598.65625,753.3938,230.59369,0.9010607,-0.45423305,323.15985,-275.4964
1.5-473-550,0.4673469388,0.9346938776,0.7525573838264147,-0.0006766918789,1.5,473.0,550.0,658.2964,1.6601787,358.44754,837.6353,179.33893,1.3629619,-0.29721677,155.58948,-202.85806
1.5-473-550,0.1253012048,0.2506024096,0.9980223152919674,-0.000897411427,1.5,473.0,550.0,721.30176,0.10073267,108.46431,638.8334,-82.46838,0.6803881,0.5796554,467.2244,358.76007
1.5-473-550,0.4326530612,0.8653061224,0.22784103821928303,0.0002048723241,1.5,473.0,550.0,642.4762,2.1157558,412.7208,838.2992,195.823,1.3001999,-0.81555593,168.88284,-243.83795
1.5-473-550,0.3168674699,0.6337349398,0.8705746216627653,-0.0007828117684,1.5,473.0,550.0,759.1601,1.8296787,92.15915,809.52423,50.364136,1.0732319,-0.7564467,240.49171,148.33257
1.5-473-550,0.5,1.0,0.6603133566356632,-0.000593746996,1.5,473.0,550.0,657.2259,1.7598042,362.76917,834.1469,176.92102,1.4196125,-0.34019172,145.54895,-217.22021
1.5-473-550,0.3108433735,0.621686747,0.960723235489121,0.0008638724771,1.5,473.0,550.0,988.1559,1.1589994,55.435013,806.49,-181.6659,1.0608678,-0.09813166,245.57468,190.13966
1.5-473-550,0.1819277108,0.3638554216,0.9726063657286781,0.0008745576659,1.5,473.0,550.0,863.2672,0.60520005,68.74147,703.77246,-159.49475,0.7944268,0.18922675,387.4868,318.7453
1.5-473-550,0.3722891567,0.7445783134,0.9999999997775775,0.0008991897406,1.5,473.0,550.0,1124.2134,-1.3699311e-08,46.678787,829.9821,-294.23126,1.18484,1.18484,200.31342,153.63463
1.5-473-550,0.4408163265,0.881632653,0.9872047710533666,0.0008876844022,1.5,473.0,550.0,668.92755,0.71064883,266.74948,838.46063,169.53308,1.3152075,0.60455865,165.4786,-101.270874
1.5-473-550,0.2662650602,0.5325301204,0.9071317792997667,0.0008156835895,1.5,473.0,550.0,836.44507,1.5533881,73.09563,778.9823,-57.46277,0.9686185,-0.5847696,287.6344,214.53877
1.5-473-550,0.308433735,0.61686747,0.22784103833049427,-0.0002048723242,1.5,473.0,550.0,545.83295,1.5736536,572.50714,805.2308,259.39783,1.0559129,-0.5177407,247.64798,-324.85916
1.5-473-550,0.3674698796,0.7349397592,0.8206166047262803,0.0007378900321,1.5,473.0,550.0,703.5195,2.1190298,130.27681,828.7207,125.20123,1.1753223,-0.94370747,203.3497,73.07289
1.5-473-550,0.0102040816,0.0204081632,0.8902853188558087,-0.0008005354251,1.5,473.0,550.0,473.0,0.735813,649.85333,482.36365,9.363647,0.45556226,-0.28025076,652.00934,2.1560059
1.5-473-550,0.06734693879,0.13469387758,0.9996041061370615,-0.0008988337571,1.5,473.0,550.0,473.0,0.003267036,649.85333,563.3298,90.32977,0.56640637,0.5631393,557.0702,-92.78314
1.5-473-550,0.3289156627,0.6578313254,0.9945113832197316,0.0008942544329,1.5,473.0,550.0,1137.2296,0.19736288,45.98857,815.1072,-322.12244,1.0978479,0.90048504,230.7541,184.76553
1.5-473-550,0.3493975904,0.6987951808,0.8206166047262803,0.0007378900321,1.5,473.0,550.0,692.3694,2.0033689,162.1716,823.132,130.76263,1.1392822,-0.8640866,215.49486,53.323257
1.5-473-550,0.1060240963,0.2120481926,0.2914697156873968,0.0002620865781,1.5,473.0,550.0,473.0306,1.1354927,649.82446,614.6053,141.57468,0.64220965,-0.49328303,496.28052,-153.54395
1.5-473-550,0.221686747,0.443373494,0.47796385156444166,0.0004297801918,1.5,473.0,550.0,522.44775,1.3243569,599.04816,742.7888,220.34106,0.87611413,-0.44824278,337.30264,-261.7455
1.5-473-550,0.09387755105,0.1877551021,0.9956514833048237,0.0008952795992,1.5,473.0,550.0,473.0,0.04416029,649.85333,598.8632,125.86322,0.6183003,0.57414,515.02954,-134.82379
1.5-473-550,0.3156626506,0.6313253012,0.22784103821928303,0.0002048723241,1.5,473.0,550.0,551.54895,1.6033676,565.3544,808.93036,257.3814,1.0707618,-0.53260577,241.49686,-323.8575
1.5-473-550,0.2277108433,0.4554216866,0.8705746216627653,-0.0007828117684,1.5,473.0,550.0,689.9284,1.4632558,215.3574,748.1653,58.236877,0.88857913,-0.57467663,330.16663,114.80922
1.5-473-550,0.2975903615,0.595180723,0.9915009044774012,0.0008915474413,1.5,473.0,550.0,1145.7887,0.2748406,45.566635,799.2417,-346.547,1.0335578,0.7587172,257.26184,211.6952
1.5-473-550,0.3566265061,0.7132530122,0.3542741437603377,0.0003185596755,1.5,473.0,550.0,599.84973,1.850437,493.37512,825.5323,225.68256,1.1537617,-0.6966753,210.49113,-282.88397
1.5-473-550,0.2698795181,0.5397590362,0.9215172744995802,-0.0008286188792,1.5,473.0,550.0,876.62933,1.4888597,66.903,781.5426,-95.08673,0.9761274,-0.51273227,283.93457,217.03157
1.5-473-550,0.2469879518,0.4939759036,0.47796385156444166,-0.0004297801918,1.5,473.0,550.0,531.21765,1.3983747,589.296,764.3648,233.14716,0.92856413,-0.46981055,308.20926,-281.08676
1.5-473-550,0.09387755105,0.1877551021,0.9844268823757469,0.0008851865532,1.5,473.0,550.0,473.0,0.16071002,649.85333,598.8632,125.86322,0.6183003,0.45759028,515.02954,-134.82379
1.5-473-550,0.1301204819,0.2602409638,0.9531521909241071,0.0008570646715,1.5,473.0,550.0,543.13995,0.72742707,575.6677,644.7361,101.59613,0.6899811,-0.037445962,460.1015,-115.56622
1.5-473-550,0.3012048193,0.6024096386,0.29146971579860803,-0.0002620865782,1.5,473.0,550.0,545.8363,1.5556647,572.50305,801.29675,255.46045,1.0410192,-0.51464546,254.00557,-318.4975
1.5-473-550,0.1192771084,0.2385542168,0.9956514833048237,-0.0008952795992,1.5,473.0,550.0,676.02234,0.2436034,203.56325,631.3662,-44.656128,0.6684247,0.42482132,476.2089,272.64563
1.5-473-550,0.256626506,0.513253012,0.9215172744995802,-0.0008286188792,1.5,473.0,550.0,880.535,1.4624826,66.43016,771.8748,-108.66016,0.94858944,-0.5138931,297.74576,231.3156
1.5-473-550,0.2831325301,0.5662650602,0.9945113832197316,-0.0008942544329,1.5,473.0,550.0,1172.4965,0.16801046,44.29448,790.43524,-382.06122,1.0036339,0.8356234,270.80243,226.50795
1.5-473-550,0.1493975903,0.2987951806,0.9973789934503665,-0.0008968329586,1.5,473.0,550.0,818.7096,0.08577506,76.04437,667.6827,-151.02692,0.7285595,0.6427844,432.20935,356.16498
1.5-473-550,0.2578313253,0.5156626506,0.9980223152919674,-0.000897411427,1.5,473.0,550.0,1213.7742,0.05422698,42.483597,772.7854,-440.98877,0.9510932,0.8968662,296.46246,253.97887
1.5-473-550,0.3843373495,0.768674699,0.9999999997775775,-0.0008991897406,1.5,473.0,550.0,1112.5543,-1.3699311e-08,47.30217,832.72705,-279.82727,1.2084492,1.2084492,193.08368,145.78151
1.5-473-550,0.3698795181,0.7397590362,0.7892004020960466,-0.000709640905,1.5,473.0,550.0,677.26324,2.1159232,213.39485,829.3633,152.10004,1.1800863,-0.9358369,201.82109,-11.573761
1.5-473-550,0.3987951808,0.7975903616,0.7098470004029654,0.0006382871403,1.5,473.0,550.0,662.54645,2.3141882,322.68518,835.2759,172.72943,1.2364119,-1.0777763,185.0659,-137.61928
1.5-473-550,0.1686746988,0.3373493976,0.9671530515086588,0.0008696541017,1.5,473.0,550.0,704.73834,0.75889945,138.24397,689.4914,-15.246948,0.76747674,0.008577287,405.33368,267.08972
1.5-473-550,0.3506024097,0.7012048194,0.4163512323516047,-0.0003743787567,1.5,473.0,550.0,601.72046,1.8310819,490.4939,823.54755,221.82709,1.1417011,-0.68938076,214.64725,-275.84665
1.5-473-550,0.1903614457,0.3807228914,0.9215172744995802,-0.0008286188792,1.5,473.0,550.0,659.0437,1.09778,314.50018,712.5409,53.497192,0.8116554,-0.2861246,376.4107,61.910522
1.5-473-550,0.2457831325,0.491566265,0.9671530515086588,-0.0008696541017,1.5,473.0,550.0,1085.9706,0.84094924,48.772324,763.398,-322.57257,0.9260619,0.08511269,309.54166,260.76935
1.5-473-550,0.343373494,0.686746988,0.9915009044774012,0.0008915474413,1.5,473.0,550.0,1110.0215,0.3265286,47.41252,820.9611,-289.06036,1.1271557,0.80062705,219.81557,172.40305
1.5-473-550,0.3566265061,0.7132530122,0.9872047710533666,-0.0008876844022,1.5,473.0,550.0,1075.0353,0.5239125,49.399277,825.5323,-249.50299,1.1537617,0.62984926,210.49113,161.09186
1.5-473-550,0.2277108434,0.4554216868,0.6600967573005477,0.0005935522321,1.5,473.0,550.0,544.0498,1.3520275,574.5748,748.1653,204.11548,0.88857913,-0.4634484,330.16663,-244.4082
1.5-473-550,0.134939759,0.269879518,0.9956514833048237,-0.0008952795992,1.5,473.0,550.0,741.7433,0.18421118,97.69032,650.5739,-91.16937,0.6995945,0.5153833,453.03738,355.34705
1.5-473-550,0.2734939759,0.5469879518,0.999825745120423,-0.0008990330526,1.5,473.0,550.0,1205.513,0.0029052955,42.8347,784.0452,-421.4677,0.98363394,0.9807286,280.28525,237.45055
1.5-473-550,0.2879518072,0.5759036144,0.6021818746711394,-0.0005414757638,1.5,473.0,550.0,588.6572,1.5918204,509.27136,793.47485,204.81763,1.0136206,-0.57819974,266.19745,-243.07391
1.5-473-550,0.134939759,0.269879518,0.29146971579860803,-0.0002620865782,1.5,473.0,550.0,481.94028,1.0888478,641.28644,650.5739,168.63364,0.6995945,-0.38925326,453.03738,-188.24905
1.5-473-550,0.09795918371,0.19591836742,0.22784103821928303,0.0002048723241,1.5,473.0,550.0,473.0,1.1734027,649.85333,604.19214,131.19214,0.62632287,-0.5470798,508.6927,-141.16064
1.5-473-550,0.1493975903,0.2987951806,0.9985491866279087,0.0008978851843,1.5,473.0,550.0,827.1593,0.04626809,74.3755,667.6827,-159.47662,0.7285595,0.6822914,432.20935,357.83386
1.5-473-550,0.4387755102,0.8775510204,0.960723235489121,0.0008638724771,1.5,473.0,550.0,670.14215,1.1749909,255.5859,838.4396,168.29742,1.3114693,0.13647842,166.31277,-89.27313
1.5-473-550,0.04285714285,0.0857142857,0.993141646395439,-0.0008930227796,1.5,473.0,550.0,473.0,0.067924306,649.85333,529.2934,56.293396,0.51880294,0.45087862,597.08264,-52.77069
1.5-473-550,0.4938775511,0.9877551022,0.9844268823757469,0.0008851865532,1.5,473.0,550.0,657.4859,0.7325238,361.7193,834.98517,177.49927,1.4091657,0.67664194,147.27437,-214.44493
1.5-473-550,0.1530120482,0.3060240964,0.47796385156444166,-0.0004297801918,1.5,473.0,550.0,493.75143,1.083299,629.33356,671.8616,178.11014,0.73583055,-0.3474685,427.0904,-202.24316
1.5-473-550,0.01836734691,0.03673469382,0.7098470004029654,0.0006382871403,1.5,473.0,550.0,473.0,1.0069484,649.85333,494.2445,21.244507,0.47136107,-0.5355873,638.1221,-11.731262
1.5-473-550,0.1457831325,0.291566265,0.9772248215579286,-0.000878710534,1.5,473.0,550.0,646.7103,0.6585587,400.28415,663.46387,16.75354,0.7213004,0.0627417,437.364,37.079865
1.5-473-550,0.05918367348,0.11836734696,0.998978267368595,0.0008982710093,1.5,473.0,550.0,473.0,0.009693966,649.85333,552.107,79.106995,0.55051297,0.540819,570.2859,-79.567444
1.5-473-550,0.09387755105,0.1877551021,0.8206166047262803,-0.0007378900321,1.5,473.0,550.0,473.0,0.8753206,649.85333,598.8632,125.86322,0.6183003,-0.2570203,515.02954,-134.82379
1.5-473-550,0.4653061225,0.930612245,0.16340484097302546,-0.0001469319566,1.5,473.0,550.0,652.85254,2.0112638,380.42426,837.7675,184.91498,1.359344,-0.65191984,156.29063,-224.13362
1.5-473-550,0.3481927711,0.6963855422,0.9985491866279087,-0.0008978851843,1.5,473.0,550.0,1139.9384,0.054426536,45.855057,822.7103,-317.22803,1.1368612,1.0824347,216.34798,170.49292
1.5-473-550,0.3891566266,0.7783132532,0.9973789933391554,0.0008968329585,1.5,473.0,550.0,1094.2617,0.13094531,48.28157,833.6652,-260.5965,1.217816,1.0868707,190.33295,142.05138
1.5-473-550,0.2,0.4,0.6021818746711394,-0.0005414757638,1.5,473.0,550.0,523.16046,1.2302707,598.2556,722.2455,199.08502,0.83141536,-0.3988554,364.0298,-234.22583
1.5-473-550,0.3903614458,0.7807228916,0.6021818746711394,0.0005414757638,1.5,473.0,550.0,646.6156,2.1749372,401.28116,833.8858,187.2702,1.2201507,-0.95478654,189.65758,-211.62358
1.5-473-550,0.05102040816,0.10204081632,0.998978267368595,0.0008982710093,1.5,473.0,550.0,473.0,0.0095639685,649.85333,540.75946,67.75946,0.53464675,0.52508277,583.62494,-66.22839
1.5-473-550,0.3698795181,0.7397590362,0.7892004020960466,0.000709640905,1.5,473.0,550.0,677.26324,2.1159232,213.39482,829.3633,152.10004,1.1800863,-0.9358369,201.82109,-11.57373
1.5-473-550,0.2421686747,0.4843373494,0.960723235489121,0.0008638724771,1.5,473.0,550.0,1062.9668,0.9537265,50.151108,760.4609,-302.50592,0.9185572,-0.035169244,313.57114,263.42004
1.5-473-550,0.02244897957,0.04489795914,0.9998257452316341,-0.0008990330527,1.5,473.0,550.0,473.0,0.0009069902,649.85333,500.1496,27.149597,0.479262,0.478355,631.216,-18.63733
1.5-473-550,0.265060241,0.530120482,0.47796385156444166,-0.0004297801918,1.5,473.0,550.0,541.30347,1.4564093,577.8385,778.1161,236.81262,0.9661152,-0.49029416,288.87885,-288.95966
1.5-473-550,0.4285714286,0.8571428572,0.9811301446957078,-0.0008822221605,1.5,473.0,550.0,687.30414,0.9536726,148.48824,838.13983,150.8357,1.2926409,0.33896834,170.65378,22.165543
1.5-473-550,0.3349397591,0.6698795182,0.9442484491033019,-0.0008490585182,1.5,473.0,550.0,917.95013,1.4991156,61.91957,817.6576,-100.29254,1.1100926,-0.38902295,226.0981,164.17853
1.5-473-550,0.1710843373,0.3421686746,0.9999999997775775,-0.0008991897406,1.5,473.0,550.0,962.4027,-1.3699311e-08,57.626907,692.13245,-270.27026,0.77236515,0.77236515,402.04956,344.42267
1.5-473-550,0.343373494,0.686746988,0.22784103821928303,0.0002048723241,1.5,473.0,550.0,577.3022,1.743161,526.5535,820.9611,243.65894,1.1271557,-0.6160053,219.81557,-306.73798
1.5-473-550,0.07142857145,0.1428571429,0.8206166047262803,0.0007378900321,1.5,473.0,550.0,473.0,0.87550473,649.85333,568.8924,95.892395,0.57436466,-0.30114007,550.5101,-99.34326
1.5-473-550,0.3277108434,0.6554216868,0.3542741437603377,0.0003185596755,1.5,473.0,550.0,575.07434,1.687657,531.0295,814.5779,239.50354,1.0953937,-0.59226334,231.70227,-299.3272
1.5-473-550,0.09591836738,0.19183673476,0.6600967573005477,0.0005935522321,1.5,473.0,550.0,473.0,1.027124,649.85333,601.53253,128.53253,0.6223101,-0.40481395,511.85657,-137.99677
1.5-473-550,0.3831325302,0.7662650604,0.7525573838264147,-0.0006766918789,1.5,473.0,550.0,666.8091,2.1896765,287.48538,832.4784,165.66931,1.2061006,-0.98357594,193.78384,-93.70154
1.5-473-550,0.2734939759,0.5469879518,0.9772248215579286,0.000878710534,1.5,473.0,550.0,1098.2306,0.65960443,48.05208,784.0452,-314.18536,0.98363394,0.3240295,280.28525,232.23317
1.5-473-550,0.2734939759,0.5469879518,0.960723235489121,0.0008638724771,1.5,473.0,550.0,1016.58154,1.0462065,53.275223,784.0452,-232.53632,0.98363394,-0.06257254,280.28525,227.01003
1.5-473-550,0.1385542168,0.2771084336,0.16340484119544796,0.0001469319568,1.5,473.0,550.0,482.4841,1.0989281,640.7361,654.90875,172.42465,0.70681804,-0.39211005,447.77856,-192.95752
1.5-473-550,0.3361445784,0.6722891568,0.8705746216627653,-0.0007828117684,1.5,473.0,550.0,766.37146,1.9085329,89.398865,818.1485,51.77704,1.1125361,-0.7959968,225.1838,135.78494
1.5-473-550,0.1180722891,0.2361445782,0.9442484491033019,0.0008490585182,1.5,473.0,550.0,516.04254,0.7009104,606.1707,629.8612,113.818665,0.66603565,-0.034874737,478.01636,-128.15436
1.5-473-550,0.3975903615,0.795180723,0.993141646395439,0.0008930227796,1.5,473.0,550.0,1061.7452,0.37578928,50.217545,835.0936,-226.65161,1.2340976,0.8583083,185.70747,135.48993
1.5-473-550,0.213253012,0.426506024,0.8902853188558087,0.0008005354251,1.5,473.0,550.0,713.14764,1.3966246,160.41959,735.0175,21.869873,0.8586958,-0.53792876,347.50623,187.08664
1.5-473-550,0.2493975904,0.4987951808,0.5396442233296441,0.0004852425493,1.5,473.0,550.0,539.2946,1.4139029,580.154,766.27966,226.98505,0.9335694,-0.4803335,305.5607,-274.5933
1.5-473-550,0.2771084337,0.5542168674,0.9996041060258503,0.000898833757,1.5,473.0,550.0,1200.8011,0.009630487,43.034958,786.4899,-414.31122,0.9911373,0.9815068,276.6867,233.65175
1.5-473-550,0.2421686747,0.4843373494,0.7892004020960466,-0.000709640905,1.5,473.0,550.0,618.68353,1.4716474,461.91083,760.4609,141.77734,0.9185572,-0.55309016,313.57114,-148.33969
1.5-473-550,0.4510204082,0.9020408164,0.6600967573005477,-0.0005935522321,1.5,473.0,550.0,659.1444,1.7669618,355.02414,838.379,179.23462,1.3337595,-0.43320227,161.47038,-193.55376
1.5-473-550,0.2096385542,0.4192771084,0.8475322498919685,0.0007620923041,1.5,473.0,550.0,609.5841,1.3060464,476.9321,731.60126,122.01715,0.851244,-0.4548024,351.95404,-124.97806
1.5-473-550,0.09591836738,0.19183673476,0.3542741437603377,0.0003185596755,1.5,473.0,550.0,473.0,1.1502103,649.85333,601.53253,128.53253,0.6223101,-0.52790016,511.85657,-137.99677
1.5-473-550,0.01836734691,0.03673469382,0.9956514833048237,-0.0008952795992,1.5,473.0,550.0,473.0,0.039837465,649.85333,494.2445,21.244507,0.47136107,0.43152362,638.1221,-11.731262
1.5-473-550,0.2265060241,0.4530120482,0.9965972946963587,0.0008961300631,1.5,473.0,550.0,1278.5109,0.08302562,39.97795,747.10175,-531.4091,0.88608474,0.8030591,331.58356,291.6056
1.5-473-550,0.02857142855,0.0571428571,0.9531521908128958,-0.0008570646714,1.5,473.0,550.0,473.0,0.43351734,649.85333,508.96103,35.96103,0.4911167,0.057599366,620.9053,-28.94806
1.5-473-550,0.2481927711,0.4963855422,0.9337895728803226,-0.000839654004,1.5,473.0,550.0,926.49207,1.3498499,61.099472,765.3253,-161.16675,0.93106663,-0.4187833,306.88226,245.78279
1.5-473-550,0.3180722892,0.6361445784,0.9985491866279087,-0.0008978851843,1.5,473.0,550.0,1164.5176,0.047980115,44.659378,810.11163,-354.40594,1.0757005,1.0277205,239.49231,194.83293
1.5-473-550,0.03265306121,0.06530612242,0.8902853187445975,0.000800535425,1.5,473.0,550.0,473.0,0.7103956,649.85333,514.8036,41.80359,0.49902278,-0.2113728,614.0646,-35.788757
1.5-473-550,0.4326530612,0.8653061224,0.9945113832197316,-0.0008942544329,1.5,473.0,550.0,679.2105,0.35593188,178.90837,838.2992,159.08868,1.3001999,0.944268,168.88284,-10.025528
1.5-473-550,0.4306122449,0.8612244898,0.6021818746711394,0.0005414757638,1.5,473.0,550.0,656.36346,2.1464984,366.25067,838.2262,181.86273,1.296425,-0.85007346,169.76247,-196.4882
1.5-473-550,0.1216867469,0.2433734938,0.3542741439827602,-0.0003185596757,1.5,473.0,550.0,476.9209,1.0868294,646.15466,634.36475,157.44385,0.6732063,-0.4136231,472.60446,-173.5502
1.5-473-550,0.2421686747,0.4843373494,0.9772248215579286,0.000878710534,1.5,473.0,550.0,1147.5763,0.5893354,45.479324,760.4609,-387.11542,0.9185572,0.32922184,313.57114,268.0918
1.5-473-550,0.4265306122,0.8530612244,0.9965972946963587,0.0008961300631,1.5,473.0,550.0,692.8113,0.22826724,136.95586,838.04,145.2287,1.2888478,1.0605806,171.55687,34.601013
1.5-473-550,0.3674698796,0.7349397592,0.9993254186825348,-0.0008985831642,1.5,473.0,550.0,1125.6133,0.026074158,46.57939,828.7207,-296.89258,1.1753223,1.1492481,203.3497,156.77031
1.5-473-550,0.1313253012,0.2626506024,0.9965972946963587,0.0008961300631,1.5,473.0,550.0,734.02325,0.1546217,101.2899,646.20166,-87.821594,0.69238245,0.53776073,458.32993,357.04004
1.5-473-550,0.1228915662,0.2457831324,0.9811301446957078,-0.0008822221605,1.5,473.0,550.0,594.04565,0.5199081,501.94785,635.8582,41.81256,0.67559904,0.15569097,470.80753,-31.14032
1.5-473-550,0.05306122449,0.10612244898,0.9811301446957078,-0.0008822221605,1.5,473.0,550.0,473.0,0.19335316,649.85333,543.6077,70.60773,0.53861105,0.34525788,580.2788,-69.574524
1.5-473-550,0.3168674699,0.6337349398,0.999825745120423,0.0008990330526,1.5,473.0,550.0,1171.1968,0.0033742052,44.353928,809.52423,-361.67255,1.0732319,1.0698577,240.49171,196.13779
1.5-473-550,0.3445783133,0.6891566266,0.9772248215579286,-0.000878710534,1.5,473.0,550.0,1035.7806,0.8535387,51.897903,821.4078,-214.37286,1.1295851,0.27604645,218.94037,167.04247
1.5-473-550,0.3746987952,0.7493975904,0.999825745120423,-0.0008990330526,1.5,473.0,550.0,1121.5409,0.0044420823,46.79698,830.57745,-290.96344,1.1895833,1.1851412,198.8265,152.02953
1.5-473-550,0.4510204082,0.9020408164,0.9915009044774012,-0.0008915474413,1.5,473.0,550.0,663.3853,0.4723903,319.40613,838.379,174.99371,1.3337595,0.86136925,161.47038,-157.93575
1.5-473-550,0.2493975904,0.4987951808,0.16340484119544796,0.0001469319568,1.5,473.0,550.0,519.91595,1.3938893,601.8635,766.27966,246.36371,0.9335694,-0.46031994,305.5607,-296.30283
1.5-473-550,0.3457831326,0.6915662652,0.9726063657286781,-0.0008745576659,1.5,473.0,550.0,1012.05646,1.0037,53.57982,821.84827,-190.20819,1.1320127,0.1283127,218.07071,164.49089
1.5-473-550,0.05918367348,0.11836734696,0.9811301446957078,-0.0008822221605,1.5,473.0,550.0,473.0,0.19501589,649.85333,552.107,79.106995,0.55051297,0.35549706,570.2859,-79.567444
1.5-473-550,0.006122448946,0.012244897892,0.22784103821928303,0.0002048723241,1.5,473.0,550.0,473.0,1.0640318,649.85333,476.38922,3.3892212,0.4476633,-0.61636853,658.9895,9.136169
1.5-473-550,0.2373493976,0.4746987952,0.09831793590232207,8.84064793e-05,1.5,473.0,550.0,516.5844,1.3622967,605.5681,756.4589,239.87451,0.9085564,-0.4537403,319.01862,-286.5495
1.5-473-550,0.1963855422,0.3927710844,0.9337895728803226,-0.000839654004,1.5,473.0,550.0,790.545,1.133406,83.76993,718.6465,-71.8985,0.82399696,-0.30940908,368.63736,284.86743
1.5-473-550,0.4285714286,0.8571428572,0.22784103833049427,-0.0002048723242,1.5,473.0,550.0,641.1238,2.1674802,416.45538,838.13983,197.01605,1.2926409,-0.8748393,170.65378,-245.8016
1.5-473-550,0.3759036145,0.751807229,0.9215172744995802,0.0008286188792,1.5,473.0,550.0,852.06903,1.9141691,70.29375,830.8664,-21.202637,1.1919509,-0.72221816,198.09082,127.79707
1.5-473-550,0.4387755102,0.8775510204,0.8705746216627653,-0.0007828117684,1.5,473.0,550.0,667.99835,1.5426217,275.57785,838.4396,170.44122,1.3114693,-0.23115242,166.31277,-109.265076
1.5-473-550,0.04693877551,0.09387755102,0.9442484491033019,0.0008490585182,1.5,473.0,550.0,473.0,0.5125875,649.85333,535.0409,62.040894,0.5267223,0.014134824,590.33923,-59.5141
1.5-473-550,0.3819277109,0.7638554218,0.9726063657286781,0.0008745576659,1.5,473.0,550.0,978.5048,1.1925147,56.182297,832.22406,-146.28076,1.2037492,0.011234522,194.48898,138.30669
1.5-473-550,0.2614457831,0.5228915662,0.16340484097302546,-0.0001469319566,1.5,473.0,550.0,522.69354,1.4234022,598.7748,775.47925,252.7857,0.95860445,-0.46479774,292.6457,-306.1291
1.5-473-550,0.3385542169,0.6771084338,0.03282169734692774,-2.951293353e-05,1.5,473.0,550.0,563.87646,1.6952072,549.1565,819.1113,255.23486,1.1174172,-0.57779,223.37202,-325.7845
1.5-473-550,0.4918367347,0.9836734694,0.7892004020960466,-0.000709640905,1.5,473.0,550.0,657.3707,1.6291851,362.18448,835.2468,177.8761,1.4056656,-0.22351944,147.86461,-214.31987
1.5-473-550,0.2120481927,0.4240963854,0.9671530515086588,-0.0008696541017,1.5,473.0,550.0,1150.082,0.7570956,45.35884,733.88446,-416.19757,0.85621095,0.09911537,348.9839,303.62506
1.5-473-550,0.3662650603,0.7325301206,0.9337895728803226,-0.000839654004,1.5,473.0,550.0,877.58496,1.75687,66.68959,828.39056,-49.194397,1.1729364,-0.5839336,204.12192,137.43233
1.5-473-550,0.2457831325,0.491566265,0.6021818746711394,0.0005414757638,1.5,473.0,550.0,547.1705,1.4116789,570.6985,763.398,216.22754,0.9260619,-0.48561698,309.54166,-261.15683
1.5-473-550,0.2734939759,0.5469879518,0.6021818746711394,0.0005414757638,1.5,473.0,550.0,574.78937,1.5260776,531.1607,784.0452,209.25586,0.98363394,-0.5424437,280.28525,-250.87546
1.5-473-550,0.05510204082,0.11020408164,0.22784103833049427,-0.0002048723242,1.5,473.0,550.0,473.0,1.1904867,649.85333,546.4484,73.448425,0.54257685,-0.6479098,576.9403,-72.913025
1.5-473-550,0.2638554217,0.5277108434,0.09831793589120096,8.840647929e-05,1.5,473.0,550.0,522.4491,1.4281266,599.04663,777.24347,254.79437,0.96361166,-0.4645149,290.1289,-308.91772
1.5-473-550,0.4183673469,0.8367346938,0.6021818746711394,-0.0005414757638,1.5,473.0,550.0,654.58875,2.284778,373.41513,837.503,182.91425,1.2735847,-1.0111934,175.28993,-198.1252
1.5-473-550,0.2108433734,0.4216867468,0.998978267368595,0.0008982710093,1.5,473.0,550.0,1290.5951,0.023725973,39.92299,732.74567,-557.8494,0.8537269,0.83000094,350.46652,310.54352
1.5-473-550,0.5,1.0,0.960748093980033,0.0008638948296,1.5,473.0,550.0,657.3649,1.1379676,362.20776,834.1469,176.78198,1.4196125,0.28164494,145.54895,-216.65881
1.5-473-550,0.3927710844,0.7855421688,0.6021818746711394,-0.0005414757638,1.5,473.0,550.0,647.5946,2.1974678,398.15967,834.31036,186.71576,1.2248112,-0.9726566,188.32155,-209.83812
1.5-473-550,0.3289156627,0.6578313254,0.9999999997775775,0.0008991897406,1.5,473.0,550.0,1162.4417,-1.3699311e-08,44.7744,815.1072,-347.33447,1.0978479,1.0978479,230.7541,185.9797
1.5-473-550,0.2915662651,0.5831325302,0.9671530515086588,0.0008696541017,1.5,473.0,550.0,1029.3154,0.9700968,52.355576,795.6863,-233.62915,1.0211033,0.051006436,262.80365,210.44807
1.5-473-550,0.1578313253,0.3156626506,0.9772248215579286,-0.000878710534,1.5,473.0,550.0,711.5579,0.621296,118.76413,677.37,-34.187927,0.7455439,0.12424791,420.3216,301.55746
1.5-473-550,0.2843373494,0.5686746988,0.8206166047262803,0.0007378900321,1.5,473.0,550.0,660.9836,1.6871147,323.04407,791.2049,130.22131,1.0061315,-0.6809832,269.64264,-53.40143
1.5-473-550,0.4653061225,0.930612245,0.16340484119544796,0.0001469319568,1.5,473.0,550.0,652.85254,2.0112638,380.42426,837.7675,184.91498,1.359344,-0.65191984,156.29063,-224.13362
1.5-473-550,0.2590361446,0.5180722892,0.9945113832197316,0.0008942544329,1.5,473.0,550.0,1197.5385,0.15463577,43.17363,773.6897,-423.84875,0.95359695,0.79896116,295.18466,252.01103
1.5-473-550,0.4938775511,0.9877551022,0.9915009044774012,0.0008915474413,1.5,473.0,550.0,657.49066,0.45563507,361.70026,834.98517,177.4945,1.4091657,0.95353067,147.27437,-214.42589
1.5-473-550,0.3204819277,0.6409638554,0.9999999997775775,0.0008991897406,1.5,473.0,550.0,1168.8679,-1.3699311e-08,44.48033,811.2669,-357.601,1.0806333,1.0806333,237.5106,193.03027
1.5-473-550,0.2759036145,0.551807229,0.9337895728803226,-0.000839654004,1.5,473.0,550.0,910.7029,1.4150069,62.729996,785.68146,-125.02142,0.9886366,-0.42637026,277.88055,215.15056
1.5-473-550,0.3674698796,0.7349397592,0.7098470004029654,-0.0006382871403,1.5,473.0,550.0,652.56244,2.0486712,380.6621,828.7207,176.15826,1.1753223,-0.87334895,203.3497,-177.31241
1.5-473-550,0.373493976,0.746987952,0.9442484491033019,-0.0008490585182,1.5,473.0,550.0,897.18024,1.691651,64.2672,830.2827,-66.89752,1.187213,-0.50443804,199.56737,135.30017
1.5-473-550,0.3903614458,0.7807228916,0.8902853188558087,-0.0008005354251,1.5,473.0,550.0,804.07043,2.1986573,79.08176,833.8858,29.815369,1.2201507,-0.97850657,189.65758,110.57582
1.5-473-550,0.008163265274,0.016326530548,0.7525573838264147,-0.0006766918789,1.5,473.0,550.0,473.0,1.0172584,649.85333,479.37918,6.379181,0.45161283,-0.5656456,655.49646,5.6431274
1.5-473-550,0.08775510207,0.17551020414,0.9998257452316341,-0.0008990330527,1.5,473.0,550.0,473.0,0.0009953242,649.85333,590.7983,117.79828,0.6062875,0.60529214,524.6022,-125.25116
1.5-473-550,0.2843373494,0.5686746988,0.9671530515086588,-0.0008696541017,1.5,473.0,550.0,1035.5485,0.94786114,51.91783,791.2049,-244.34357,1.0061315,0.058270395,269.64264,217.72481
1.5-473-550,0.4081632653,0.8163265306,0.9945113832197316,-0.0008942544329,1.5,473.0,550.0,790.1657,0.37754655,82.14584,836.51184,46.34613,1.2543048,0.8767582,180.23714,98.09129
1.5-473-550,0.3060240964,0.6120481928,0.9985491866279087,-0.0008978851843,1.5,473.0,550.0,1172.5126,0.045931265,44.293747,803.9455,-368.56708,1.0509529,1.0050217,249.74422,205.45047
1.5-473-550,0.3108433735,0.621686747,0.9998257452316341,-0.0008990330527,1.5,473.0,550.0,1175.6783,0.0032927257,44.14897,806.49,-369.18835,1.0608678,1.0575751,245.57468,201.4257
1.5-473-550,0.2481927711,0.4963855422,0.9993254186825348,-0.0008985831642,1.5,473.0,550.0,1233.0986,0.016561257,41.699844,765.3253,-467.77332,0.93106663,0.91450536,306.88226,265.18243
1.5-473-550,0.4877551021,0.9755102042,0.8475322498919685,0.0007620923041,1.5,473.0,550.0,657.5162,1.5385917,361.59705,835.74255,178.22638,1.3986388,-0.1399529,149.0685,-212.52855
1.5-473-550,0.3638554217,0.7277108434,0.9915009044774012,-0.0008915474413,1.5,473.0,550.0,1090.0184,0.36220634,48.528244,827.7122,-262.3062,1.1681573,0.805951,205.68219,157.15395
1.5-473-550,0.1120481927,0.2240963854,0.4163512323516047,-0.0003743787567,1.5,473.0,550.0,474.08954,1.0902278,648.82556,622.2794,148.18988,0.6541083,-0.43611956,487.10587,-161.7197
1.5-473-550,0.07142857145,0.1428571429,0.22784103821928303,0.0002048723241,1.5,473.0,550.0,473.0,1.1742929,649.85333,568.8924,95.892395,0.57436466,-0.59992826,550.5101,-99.34326
1.5-473-550,0.148192771,0.296385542,0.8705746216627653,0.0007828117684,1.5,473.0,550.0,524.1418,0.9353321,597.16437,666.2808,142.13904,0.72613853,-0.20919359,433.92365,-163.24072
1.5-473-550,0.4979591837,0.9959183674,0.9811301449181302,0.0008822221607,1.5,473.0,550.0,657.39825,0.8187223,362.07343,834.4351,177.03687,1.4161391,0.5974168,146.11665,-215.95677
1.5-473-550,0.3710843374,0.7421686748,0.9993254186825348,0.0008985831642,1.5,473.0,550.0,1122.4686,0.026652085,46.74742,829.67566,-292.79297,1.1824644,1.1558123,201.06465,154.31723
1.5-473-550,0.2975903615,0.595180723,0.8206166047262803,0.0007378900321,1.5,473.0,550.0,667.7,1.7520939,272.04254,799.2417,131.54169,1.0335578,-0.71853614,257.26184,-14.780701
1.5-473-550,0.1530120482,0.3060240964,0.993141646395439,0.0008930227796,1.5,473.0,550.0,808.8618,0.21193074,77.9906,671.8616,-137.00024,0.73583055,0.5238998,427.0904,349.0998
1.5-473-550,0.126506024,0.253012048,0.9215172744995802,0.0008286188792,1.5,473.0,550.0,516.0403,0.79864824,606.1732,640.315,124.27472,0.68278444,-0.1158638,465.43826,-140.73495
1.5-473-550,0.1831325301,0.3662650602,0.9915009044774012,0.0008915474413,1.5,473.0,550.0,1000.84357,0.1972705,54.41896,705.0406,-295.80298,0.79688436,0.59961385,385.89087,331.47192
1.5-473-550,0.0102040816,0.0204081632,0.16340484097302546,-0.0001469319566,1.5,473.0,550.0,473.0,1.1050404,649.85333,482.36365,9.363647,0.45556226,-0.6494782,652.00934,2.1560059
1.5-473-550,0.04693877551,0.09387755102,0.9872047710533666,0.0008876844022,1.5,473.0,550.0,473.0,0.12906222,649.85333,535.0409,62.040894,0.5267223,0.39766008,590.33923,-59.5141
1.5-473-550,0.2361445783,0.4722891566,0.9998257452316341,0.0008990330527,1.5,473.0,550.0,1264.9545,0.002541111,40.478195,755.4433,-509.51117,0.9060573,0.9035162,320.39374,279.91553
1.5-473-550,0.2710843374,0.5421686748,0.9996041060258503,-0.000898833757,1.5,473.0,550.0,1207.3358,0.009419964,42.757217,782.3832,-424.95264,0.9786299,0.9692099,282.7125,239.95528
1.5-473-550,0.3506024097,0.7012048194,0.8475322498919685,-0.0007620923041,1.5,473.0,550.0,730.5178,2.0101185,105.569855,823.54755,93.029724,1.1417011,-0.8684174,214.64725,109.07739
1.5-473-550,0.1156626505,0.231325301,0.9872047710533666,0.0008876844022,1.5,473.0,550.0,605.2437,0.39027393,485.08734,626.8397,21.596008,0.66126114,0.2709872,481.6418,-3.4455261
1.5-473-550,0.343373494,0.686746988,0.9915009044774012,-0.0008915474413,1.5,473.0,550.0,1110.0215,0.3265286,47.41252,820.9611,-289.06036,1.1271557,0.80062705,219.81557,172.40305
1.5-473-550,0.4367346939,0.8734693878,0.3542741439827602,-0.0003185596757,1.5,473.0,550.0,646.08466,2.0724614,402.7543,838.40576,192.3211,1.3077221,-0.7647393,167.15813,-235.59618
1.5-473-550,0.2228915662,0.4457831324,0.9956514833048237,-0.0008952795992,1.5,473.0,550.0,1280.832,0.10592042,39.92299,743.8758,-536.95624,0.87860566,0.7726852,335.8652,295.9422
1.5-473-550,0.1301204819,0.2602409638,0.9872047710533666,-0.0008876844022,1.5,473.0,550.0,650.24536,0.49382666,389.7881,644.7361,-5.5092773,0.6899811,0.19615445,460.1015,70.313416
1.5-473-550,0.3602409639,0.7204819278,0.9872047710533666,0.0008876844022,1.5,473.0,550.0,1071.1215,0.53396577,49.626816,826.64954,-244.47192,1.1609703,0.62700456,208.06252,158.4357
1.5-473-550,0.2506024096,0.5012048192,0.960723235489121,-0.0008638724771,1.5,473.0,550.0,1040.9264,0.9928522,51.580154,767.22784,-273.69855,0.9360723,-0.05677992,304.24457,252.66441
1.5-473-550,0.3638554217,0.7277108434,0.999825745120423,-0.0008990330526,1.5,473.0,550.0,1130.9562,0.0041661724,46.297867,827.7122,-303.24396,1.1681573,1.1639912,205.68219,159.38432
1.5-473-550,0.2746987952,0.5493975904,0.3542741439827602,-0.0003185596757,1.5,473.0,550.0,534.6066,1.4700139,585.52747,784.8666,250.25995,0.9861355,-0.48387837,279.08008,-306.4474
1.5-473-550,0.3277108434,0.6554216868,0.9973789933391554,0.0008968329585,1.5,473.0,550.0,1151.7612,0.092280075,45.27217,814.5779,-337.18335,1.0953937,1.0031136,231.70227,186.4301
1.5-473-550,0.4469387755,0.893877551,0.9895407848051817,-0.0008897849218,1.5,473.0,550.0,665.1271,0.57955563,302.85794,838.4484,173.32135,1.3263664,0.7468108,163.04166,-139.81628
1.5-473-550,0.01224489793,0.02448979586,0.8705746216627653,-0.0007828117684,1.5,473.0,550.0,473.0,0.7800589,649.85333,485.34247,12.342468,0.45951176,-0.32054716,648.5283,-1.3250122
1.5-473-550,0.3759036145,0.751807229,0.7098470004029654,0.0006382871403,1.5,473.0,550.0,655.2493,2.1067328,370.74857,830.8664,175.61707,1.1919509,-0.9147819,198.09082,-172.65775
1.5-473-550,0.2156626506,0.4313253012,0.9996041060258503,0.000898833757,1.5,473.0,550.0,1290.5626,0.008091317,39.92299,737.2666,-553.296,0.86366826,0.85557693,344.56583,304.64282
1.5-473-550,0.5,1.0,0.9993256565633628,-0.0008985833781,1.5,473.0,550.0,657.37885,0.041966602,362.1516,834.1469,176.76807,1.4196125,1.377646,145.54895,-216.60266
1.5-473-550,0.4877551021,0.9755102042,0.7892004020960466,0.000709640905,1.5,473.0,550.0,657.43884,1.6281594,361.90936,835.74255,178.30371,1.3986388,-0.22952056,149.0685,-212.84087
1.5-473-550,0.4183673469,0.8367346938,0.16340484097302546,-0.0001469319566,1.5,473.0,550.0,635.016,2.2059658,430.59952,837.503,202.487,1.2735847,-0.93238103,175.28993,-255.30959
1.5-473-550,0.1927710843,0.3855421686,0.9980223152919674,0.000897411427,1.5,473.0,550.0,1133.3827,0.045985505,46.191696,714.9991,-418.3836,0.8165886,0.77060306,373.28738,327.0957
1.5-473-550,0.1156626505,0.231325301,0.9442484491033019,0.0008490585182,1.5,473.0,550.0,512.4595,0.68785965,610.1135,626.8397,114.38025,0.66126114,-0.026598513,481.6418,-128.47171
1.5-473-550,0.4571428571,0.9142857142,0.8705746216627653,0.0007828117684,1.5,473.0,550.0,660.5894,1.4791343,345.96997,838.18567,177.59625,1.3447797,-0.13435459,159.19093,-186.77904
1.5-473-550,0.1674698795,0.334939759,0.9999999997775775,-0.0008991897406,1.5,473.0,550.0,933.188,-1.3699311e-08,60.380783,688.1636,-245.02441,0.7650345,0.7650345,406.98215,346.60138
1.5-473-550,0.4755102041,0.9510204082,0.22784103833049427,-0.0002048723242,1.5,473.0,550.0,655.6894,1.9634461,368.9718,836.9998,181.31042,1.3773421,-0.58610404,152.87671,-216.0951
1.5-473-550,0.09591836738,0.19183673476,0.22784103833049427,-0.0002048723242,1.5,473.0,550.0,473.0,1.1735555,649.85333,601.53253,128.53253,0.6223101,-0.5512454,511.85657,-137.99677
1.5-473-550,0.2481927711,0.4963855422,0.998978267368595,-0.0008982710093,1.5,473.0,550.0,1231.6675,0.02621858,41.756577,765.3253,-466.34216,0.93106663,0.90484804,306.88226,265.12567
1.5-473-550,0.2168674698,0.4337349396,0.960723235489121,-0.0008638724771,1.5,473.0,550.0,1113.622,0.8856123,47.236282,738.38257,-375.23938,0.8661558,-0.019456506,343.10312,295.86682
1.5-473-550,0.4224489796,0.8448979592,0.9531521908128958,-0.0008570646714,1.5,473.0,550.0,702.0425,1.4858387,124.68271,837.79926,135.75677,1.2812344,-0.20460427,173.39903,48.716324
1.5-473-550,0.1614457831,0.3228915662,0.9915009044774012,-0.0008915474413,1.5,473.0,550.0,845.1765,0.23529325,71.39285,681.4529,-163.72363,0.75284296,0.5175497,415.288,343.89514
1.5-473-550,0.2542168675,0.508433735,0.9996041060258503,0.000898833757,1.5,473.0,550.0,1223.7623,0.008993075,42.06987,770.03485,-453.72748,0.94358224,0.93458915,300.32883,258.25897
1.5-473-550,0.395180723,0.790361446,0.9772248215579286,0.000878710534,1.5,473.0,550.0,982.87305,1.1452316,55.827866,834.7129,-148.16016,1.2294602,0.084228635,187.0049,131.17703
1.5-473-550,0.1602409638,0.3204819276,0.8206166047262803,-0.0007378900321,1.5,473.0,550.0,524.34204,1.006375,596.94165,680.0966,155.75458,0.75040865,-0.2559663,416.96173,-179.97992
1.5-473-550,0.1855421686,0.3710843372,0.9531521909241071,0.0008570646715,1.5,473.0,550.0,761.74347,0.90650654,92.09656,707.56146,-54.182007,0.80180323,-0.10470331,382.7126,290.61603
1.5-473-550,0.1987951807,0.3975903614,0.9442484491033019,0.0008490585182,1.5,473.0,550.0,903.3903,1.0473185,63.78517,721.0512,-182.33911,0.82894146,-0.218377,365.5609,301.77576
1.5-473-550,0.2819277109,0.5638554218,0.9993254186825348,0.0008985831642,1.5,473.0,550.0,1195.0938,0.018397378,43.27751,789.6592,-405.43457,1.0011356,0.9827382,271.96793,228.69041
1.5-473-550,0.3373493976,0.6746987952,0.9996041060258503,0.000898833757,1.5,473.0,550.0,1153.9304,0.011965559,45.165237,818.6331,-335.2973,1.1149776,1.1030121,224.27512,179.10988
1.5-473-550,0.1530120482,0.3060240964,0.5396442233296441,-0.0004852425493,1.5,473.0,550.0,495.7303,1.0736024,627.33093,671.8616,176.13129,0.73583055,-0.3377719,427.0904,-200.24054
1.5-473-550,0.1361445783,0.2722891566,0.9671530515086588,0.0008696541017,1.5,473.0,550.0,580.11053,0.6925245,522.18665,652.023,71.912476,0.70200104,0.0094765425,451.28067,-70.905975
1.5-473-550,0.2795180723,0.5590361446,0.7525573838264147,-0.0006766918789,1.5,473.0,550.0,630.3546,1.6265534,439.87723,788.08746,157.73285,0.99613744,-0.630416,274.31598,-165.56125
1.5-473-550,0.4938775511,0.9877551022,0.9931416465066502,-0.0008930227797,1.5,473.0,550.0,657.49164,0.37124068,361.69626,834.98517,177.49353,1.4091657,1.037925,147.27437,-214.42189
1.5-473-550,0.3686746989,0.7373493978,0.9442484491033019,-0.0008490585182,1.5,473.0,550.0,899.51794,1.6613936,63.99025,829.045,-70.47296,1.1777055,-0.48368812,202.58278,138.59253
1.5-473-550,0.2024096385,0.404819277,0.7525573838264147,0.0006766918789,1.5,473.0,550.0,546.40607,1.2334588,571.77374,724.61755,178.21149,0.83636636,-0.3970924,360.98187,-210.79187
1.5-473-550,0.3807228916,0.7614457832,0.7525573838264147,0.0006766918789,1.5,473.0,550.0,665.8611,2.169346,295.7063,831.964,166.1029,1.2013949,-0.9679512,195.19919,-100.50711
1.5-473-550,0.06938775512,0.13877551024,0.5396442233296441,0.0004852425493,1.5,473.0,550.0,473.0,1.0891278,649.85333,566.1153,93.115295,0.57038456,-0.5187432,553.7861,-96.06726
1.5-473-550,0.3289156627,0.6578313254,0.3542741437603377,0.0003185596755,1.5,473.0,550.0,576.13184,1.6937406,528.985,815.1072,238.97534,1.0978479,-0.59589267,230.7541,-298.2309
1.5-473-550,0.2855421687,0.5710843374,0.9772248215579286,-0.000878710534,1.5,473.0,550.0,1085.3901,0.69053745,48.799393,791.968,-293.42212,1.0086285,0.31809103,268.48853,219.68913
1.5-473-550,0.3963855422,0.7927710844,0.9215172744995802,0.0008286188792,1.5,473.0,550.0,845.0931,2.1070874,71.40617,834.90594,-10.187134,1.2317804,-0.87530696,186.35379,114.94762
1.5-473-550,0.3602409639,0.7204819278,0.9895407848051817,0.0008897849218,1.5,473.0,550.0,1083.1648,0.4377113,48.92668,826.64954,-256.51526,1.1609703,0.72325903,208.06252,159.13583
1.5-473-550,0.2361445783,0.4722891566,0.9726063657286781,0.0008745576659,1.5,473.0,550.0,1142.1417,0.6810103,45.75203,755.4433,-386.69843,0.9060573,0.22504699,320.39374,274.64172
1.5-473-550,0.1506024096,0.3012048192,0.8475322498919685,0.0007620923041,1.5,473.0,550.0,520.9548,0.9610561,600.7083,669.08014,148.12537,0.7309819,-0.23007423,430.49902,-170.20929
1.5-473-550,0.002040816308,0.004081632616,0.9726063659511005,0.0008745576661,1.5,473.0,550.0,473.0,0.40110612,649.85333,470.3929,-2.6070862,0.43976393,0.038657814,665.9932,16.139893
1.5-473-550,0.3445783133,0.6891566266,0.9965972946963587,0.0008961300631,1.5,473.0,550.0,1133.8413,0.12992887,46.155624,821.4078,-312.43353,1.1295851,0.99965626,218.94037,172.78474
1.5-473-550,0.2722891566,0.5445783132,0.999825745120423,0.0008990330526,1.5,473.0,550.0,1206.873,0.0028928977,42.7769,783.2174,-423.65564,0.9811321,0.9782392,281.49606,238.71916
1.5-473-550,0.02653061223,0.05306122446,0.16340484119544796,0.0001469319568,1.5,473.0,550.0,473.0,1.2187502,649.85333,506.03015,33.03015,0.48716465,-0.7315856,624.33563,-25.5177
1.5-473-550,0.008163265274,0.016326530548,0.7892004020960466,-0.000709640905,1.5,473.0,550.0,473.0,0.98219013,649.85333,479.37918,6.379181,0.45161283,-0.5305773,655.49646,5.6431274
1.5-473-550,0.1879518072,0.3759036144,0.9945113832197316,0.0008942544329,1.5,473.0,550.0,1063.6909,0.12869923,50.100266,710.0616,-353.62933,0.80672693,0.6780277,379.55246,329.4522
1.5-473-550,0.1060240963,0.2120481926,0.9811301446957078,0.0008822221605,1.5,473.0,550.0,551.3719,0.3684693,565.61444,614.6053,63.2334,0.64220965,0.27374035,496.28052,-69.33392
1.5-473-550,0.2831325301,0.5662650602,0.9671530515086588,0.0008696541017,1.5,473.0,550.0,1036.6783,0.9439331,51.84462,790.43524,-246.2431,1.0036339,0.059700727,270.80243,218.95781
1.5-473-550,0.3337349398,0.6674698796,0.6600967573005477,0.0005935522321,1.5,473.0,550.0,631.26105,1.8341068,438.27042,817.1602,185.89917,1.1076473,-0.7264595,227.01804,-211.25238
1.5-473-550,0.1289156626,0.2578313252,0.9945113832197316,0.0008942544329,1.5,473.0,550.0,705.7121,0.26180506,120.76645,643.2664,-62.44568,0.68758094,0.4257759,461.87674,341.1103
1.5-473-550,0.2602409639,0.5204819278,0.9996041060258503,0.000898833757,1.5,473.0,550.0,1218.54,0.009100662,42.28105,774.58765,-443.9524,0.9561007,0.947,293.9124,251.63136
1.5-473-550,0.3975903615,0.795180723,0.16340484097302546,-0.0001469319566,1.5,473.0,550.0,621.78143,2.1324348,457.3253,835.0936,213.3122,1.2340976,-0.89833724,185.70747,-271.6178
1.5-473-550,0.4836734694,0.9673469388,0.9965972946963587,0.0008961300631,1.5,473.0,550.0,657.87854,0.18282114,360.13446,836.2007,178.32214,1.3915762,1.208755,150.30447,-209.82999
1.5-473-550,0.386746988,0.773493976,0.9915009044774012,0.0008915474413,1.5,473.0,550.0,1067.2253,0.42328212,49.868668,833.2074,-234.01794,1.2131382,0.7898561,191.6984,141.82973
1.5-473-550,0.2493975904,0.4987951808,0.9973789933391554,0.0008968329585,1.5,473.0,550.0,1221.9774,0.07126407,42.14061,766.27966,-455.69775,0.9335694,0.8623053,305.5607,263.4201
1.5-473-550,0.1807228915,0.361445783,0.9965972946963587,-0.0008961300631,1.5,473.0,550.0,1000.0313,0.08225565,54.482224,702.4992,-297.5321,0.79197043,0.7097148,389.0872,334.60498
1.5-473-550,0.3036144579,0.6072289158,0.7892004020960466,0.000709640905,1.5,473.0,550.0,652.8298,1.758206,378.5417,802.63416,149.80438,1.0459883,-0.7122177,251.86342,-126.67827
1.5-473-550,0.3843373495,0.768674699,0.9071317792997667,-0.0008156835895,1.5,473.0,550.0,828.1966,2.0645845,74.31839,832.72705,4.5304565,1.2084492,-0.85613525,193.08368,118.76529
1.5-473-550,0.3722891567,0.7445783134,0.9215172744995802,0.0008286188792,1.5,473.0,550.0,852.93976,1.8901188,70.16658,829.9821,-22.957642,1.18484,-0.7052789,200.31342,130.14684
1.5-473-550,0.1843373494,0.3686746988,0.22784103833049427,-0.0002048723242,1.5,473.0,550.0,502.12265,1.1784207,620.8619,706.3036,204.18094,0.79934317,-0.3790775,384.29947,-236.56241
1.5-473-550,0.06326530613,0.12653061226,0.8705746216627653,0.0007828117684,1.5,473.0,550.0,473.0,0.7874611,649.85333,557.7344,84.734375,0.5584561,-0.22900498,563.6623,-86.19104
1.5-473-550,0.2626506024,0.5253012048,0.9973789933391554,-0.0008968329585,1.5,473.0,550.0,1206.9636,0.07350318,42.773056,776.36456,-430.59906,0.9611081,0.8876049,291.38452,248.61147
1.5-473-550,0.3132530121,0.6265060242,0.9337895728803226,0.000839654004,1.5,473.0,550.0,898.9368,1.5284458,64.09093,807.7232,-91.21362,1.0658176,-0.46262825,243.5243,179.43338
1.5-473-550,0.3506024097,0.7012048194,0.8902853188558087,0.0008005354251,1.5,473.0,550.0,803.56433,1.9236993,79.29152,823.54755,19.983215,1.1417011,-0.78199816,214.64725,135.35573
1.5-473-550,0.2518072289,0.5036144578,0.9965972946963587,0.0008961300631,1.5,473.0,550.0,1213.73,0.09397708,42.48549,768.16974,-445.56024,0.93857545,0.84459835,302.93387,260.44836
1.5-473-550,0.1240963855,0.248192771,0.9531521909241071,-0.0008570646715,1.5,473.0,550.0,532.6939,0.6993949,587.6544,637.3478,104.65387,0.677993,-0.021401882,469.0142,-118.64023
1.5-473-550,0.2313253012,0.4626506024,0.8902853188558087,-0.0008005354251,1.5,473.0,550.0,763.3222,1.4819329,93.71808,751.3203,-12.001892,0.89606625,-0.58586663,325.9469,232.22882
1.5-473-550,0.221686747,0.443373494,0.9973789933391554,-0.0008968329585,1.5,473.0,550.0,1288.6055,0.06319736,39.92299,742.7888,-545.81665,0.87611413,0.81291676,337.30264,297.37964
1.5-473-550,0.1638554216,0.3277108432,0.9915009044774012,0.0008915474413,1.5,473.0,550.0,866.1736,0.2232133,68.20772,684.1514,-182.02216,0.75771564,0.5345023,411.95306,343.74536
1.5-473-550,0.1096385542,0.2192771084,0.7892004020960466,0.000709640905,1.5,473.0,550.0,479.21893,0.91291714,643.9777,619.22064,140.00171,0.6493454,-0.26357174,490.76566,-153.21207
1.5-473-550,0.07959183676,0.15918367352,0.47796385156444166,-0.0004297801918,1.5,473.0,550.0,473.0,1.1136158,649.85333,579.91595,106.915955,0.59030706,-0.5233087,537.48834,-112.36499
1.5-473-550,0.3493975904,0.6987951808,0.6021818746711394,-0.0005414757638,1.5,473.0,550.0,627.9853,1.8923129,445.09006,823.132,195.14673,1.1392822,-0.75303066,215.49486,-229.5952
1.5-473-550,0.4040816326,0.8081632652,0.6021818746711394,-0.0005414757638,1.5,473.0,550.0,651.65515,2.2819598,384.46396,836.0125,184.35736,1.2465314,-1.0354284,182.30653,-202.15742
1.5-473-550,0.1373493975,0.274698795,0.9071317792997667,0.0008156835895,1.5,473.0,550.0,523.70013,0.86057955,597.65546,653.468,129.76788,0.7044088,-0.15617073,449.52774,-148.12772
1.5-473-550,0.3795180723,0.7590361446,0.8705746216627653,0.0007828117684,1.5,473.0,550.0,778.0005,2.1554449,85.50113,831.69824,53.697754,1.199038,-0.95640683,195.91444,110.413315
1.5-473-550,0.1542168674,0.3084337348,0.7098470004029654,-0.0006382871403,1.5,473.0,550.0,505.71173,1.0357921,617.22974,673.2455,167.53375,0.73825693,-0.29753518,425.3921,-191.83765
1.5-473-550,0.4693877551,0.9387755102,0.5396442233296441,0.0004852425493,1.5,473.0,550.0,656.80963,1.8354098,364.4495,837.49225,180.68262,1.3665707,-0.46883905,154.89764,-209.55185
1.5-473-550,0.1192771084,0.2385542168,0.9215172744995802,0.0008286188792,1.5,473.0,550.0,507.01947,0.7699275,615.9063,631.3662,124.34674,0.6684247,-0.101502776,476.2089,-139.69742
1.5-473-550,0.4836734694,0.9673469388,0.9872047710533666,-0.0008876844022,1.5,473.0,550.0,657.8668,0.641264,360.18158,836.2007,178.33386,1.3915762,0.75031215,150.30447,-209.8771
1.5-473-550,0.4795918368,0.9591836736,0.5396442233296441,-0.0004852425493,1.5,473.0,550.0,656.9701,1.8354547,363.8016,836.6202,179.65009,1.3844773,-0.45097744,151.57355,-212.22806
1.5-473-550,0.2060240963,0.4120481926,0.9872047710533666,-0.0008876844022,1.5,473.0,550.0,1202.5833,0.30736047,42.959213,728.13446,-474.4488,0.84380066,0.5364402,356.4461,313.48688
1.5-473-550,0.2542168675,0.508433735,0.9215172744995802,-0.0008286188792,1.5,473.0,550.0,879.09784,1.4600353,66.631516,770.03485,-109.06299,0.94358224,-0.5164531,300.32883,233.69731
1.5-473-550,0.2373493976,0.4746987952,0.9965972946963587,-0.0008961300631,1.5,473.0,550.0,1248.5151,0.08742766,41.089188,756.4589,-492.0562,0.9085564,0.8211287,319.01862,277.92944
1.5-473-550,0.2879518072,0.5759036144,0.6600967573005477,0.0005935522321,1.5,473.0,550.0,605.2872,1.6188009,484.65237,793.47485,188.18768,1.0136206,-0.60518026,266.19745,-218.45493
1.5-473-550,0.3180722892,0.6361445784,0.9956514833048237,0.0008952795992,1.5,473.0,550.0,1151.1238,0.14959387,45.303604,810.11163,-341.01215,1.0757005,0.92610663,239.49231,194.1887
1.5-473-550,0.0612244898,0.1224489796,0.8902853187445975,0.000800535425,1.5,473.0,550.0,473.0,0.7398226,649.85333,554.9246,81.92462,0.5544838,-0.18533885,566.97015,-82.88318
1.5-473-550,0.4918367347,0.9836734694,0.9772248215579286,0.000878710534,1.5,473.0,550.0,657.53314,0.9050572,361.52866,835.2468,177.71368,1.4056656,0.50060844,147.86461,-213.66405
1.5-473-550,0.3,0.6,0.03282169734692774,-2.951293353e-05,1.5,473.0,550.0,532.8926,1.5290893,587.4335,800.6182,267.72565,1.0385331,-0.49055624,255.08527,-332.3482
1.5-473-550,0.3120481928,0.6240963856,0.9985491866279087,-0.0008978851843,1.5,473.0,550.0,1169.1583,0.04681526,44.44716,807.1098,-362.04852,1.0633433,1.016528,244.54663,200.09947
1.5-473-550,0.1855421686,0.3710843372,0.9671530515086588,0.0008696541017,1.5,473.0,550.0,862.12714,0.70846176,68.93376,707.56146,-154.56567,0.80180323,0.09334147,382.7126,313.7788
1.5-473-550,0.2084337349,0.4168674698,0.9531521909241071,0.0008570646715,1.5,473.0,550.0,1058.0236,0.97713,50.493607,730.4513,-327.57227,0.84876186,-0.12836814,353.4465,302.95288
1.5-473-550,0.3662650603,0.7325301206,0.7525573838264147,0.0006766918789,1.5,473.0,550.0,660.6909,2.063778,334.40543,828.39056,167.69965,1.1729364,-0.8908415,204.12192,-130.28351
1.5-473-550,0.343373494,0.686746988,0.9999999997775775,0.0008991897406,1.5,473.0,550.0,1150.4193,-1.3699311e-08,45.360275,820.9611,-329.4582,1.1271557,1.1271557,219.81557,174.45529
1.5-473-550,0.343373494,0.686746988,0.47796385156444166,-0.0004297801918,1.5,473.0,550.0,604.9253,1.8108789,485.58206,820.9611,216.03583,1.1271557,-0.6837232,219.81557,-265.76648
1.5-473-550,0.05306122449,0.10612244898,0.03282169734692774,-2.951293353e-05,1.5,473.0,550.0,473.0,1.2176893,649.85333,543.6077,70.60773,0.53861105,-0.6790782,580.2788,-69.574524
1.5-473-550,0.3807228916,0.7614457832,0.2914697156873968,0.0002620865781,1.5,473.0,550.0,614.6017,2.003595,469.83856,831.964,217.3623,1.2013949,-0.8022002,195.19919,-274.63937
1.5-473-550,0.04489795918,0.08979591836,0.7525573838264147,-0.0006766918789,1.5,473.0,550.0,473.0,0.9391873,649.85333,532.1707,59.170715,0.522762,-0.4164253,593.70734,-56.145996
1.5-473-550,0.2939759036,0.5879518072,0.3542741437603377,0.0003185596755,1.5,473.0,550.0,546.9153,1.5388385,571.17725,797.128,250.2127,1.0260878,-0.51275074,260.56976,-310.60748
1.5-473-550,0.2554216867,0.5108433734,0.16340484097302546,-0.0001469319566,1.5,473.0,550.0,521.28534,1.4091835,600.34076,770.95795,249.6726,0.9460858,-0.4630977,299.03455,-301.3062
1.5-473-550,0.2602409639,0.5204819278,0.998978267368595,-0.0008982710093,1.5,473.0,550.0,1215.9076,0.027034448,42.39293,774.58765,-441.31995,0.9561007,0.92906624,293.9124,251.51949
1.5-473-550,0.1710843373,0.3421686746,0.998978267368595,0.0008982710093,1.5,473.0,550.0,956.89,0.023753928,58.05873,692.13245,-264.75757,0.77236515,0.7486112,402.04956,343.99084
1.5-473-550,0.365060241,0.730120482,0.8705746216627653,0.0007828117684,1.5,473.0,550.0,773.98944,2.0589995,86.7708,828.0544,54.06494,1.1705482,-0.88845134,204.89938,118.128586
1.5-473-550,0.09591836738,0.19183673476,0.6600967573005477,-0.0005935522321,1.5,473.0,550.0,473.0,1.027124,649.85333,601.53253,128.53253,0.6223101,-0.40481395,511.85657,-137.99677
1.5-473-550,0.3530120482,0.7060240964,0.9915009044774012,0.0008915474413,1.5,473.0,550.0,1100.8892,0.3427266,47.900467,824.3599,-276.52924,1.1465322,0.8038056,212.96846,165.068
1.5-473-550,0.1108433734,0.2216867468,0.9442484491033019,-0.0008490585182,1.5,473.0,550.0,504.91797,0.65996337,618.033,620.7519,115.83392,0.6517263,-0.008237064,488.93408,-129.09894
1.5-473-550,0.3180722892,0.6361445784,0.9442484491033019,0.0008490585182,1.5,473.0,550.0,926.16406,1.438212,61.07759,810.11163,-116.05243,1.0757005,-0.36251152,239.49231,178.41472
1.5-473-550,0.3048192771,0.6096385542,0.9973789933391554,-0.0008968329585,1.5,473.0,550.0,1167.7498,0.08502023,44.51158,803.2931,-364.45667,1.0484712,0.96345097,250.80095,206.28937
1.5-473-550,0.2518072289,0.5036144578,0.29146971579860803,-0.0002620865782,1.5,473.0,550.0,523.16864,1.4027976,598.24646,768.16974,245.0011,0.93857545,-0.46422213,302.93387,-295.3126
1.5-473-550,0.1518072289,0.3036144578,0.6021818746711394,-0.0005414757638,1.5,473.0,550.0,497.65314,1.0593097,625.385,670.4731,172.81995,0.7334056,-0.32590413,428.79272,-196.59229
1.5-473-550,0.1024096385,0.204819277,0.47796385156444166,0.0004297801918,1.5,473.0,550.0,473.0051,1.099793,649.8485,609.9578,136.95273,0.6350838,-0.46470916,501.82523,-148.02328
1.5-473-550,0.2915662651,0.5831325302,0.998978267368595,-0.0008982710093,1.5,473.0,550.0,1185.452,0.03015791,43.70201,795.6863,-389.76575,1.0211033,0.99094534,262.80365,219.10164
1.5-473-550,0.191566265,0.38313253,0.960723235489121,0.0008638724771,1.5,473.0,550.0,899.15564,0.8193205,64.14357,713.77264,-185.383,0.8141214,-0.0051990747,374.8467,310.70312
1.5-473-550,0.2554216867,0.5108433734,0.8705746216627653,0.0007828117684,1.5,473.0,550.0,721.1028,1.6052359,117.25218,770.95795,49.855164,0.9460858,-0.6591501,299.03455,181.78236
1.5-473-550,0.04081632652,0.08163265304,0.22784103833049427,-0.0002048723242,1.5,473.0,550.0,473.0,1.2254719,649.85333,526.4091,53.40912,0.51484483,-0.710627,600.46497,-49.388367
1.5-473-550,0.3530120482,0.7060240964,0.8705746216627653,-0.0007828117684,1.5,473.0,550.0,770.13226,1.9917771,88.04295,824.3599,54.22766,1.1465322,-0.8452449,212.96846,124.92551
1.5-473-550,0.4326530612,0.8653061224,0.6600967573005477,0.0005935522321,1.5,473.0,550.0,660.73126,2.054991,341.38892,838.2992,177.56793,1.3001999,-0.75479114,168.88284,-172.50607
1.5-473-550,0.3602409639,0.7204819278,0.993141646395439,-0.0008930227796,1.5,473.0,550.0,1101.4379,0.28695977,47.87117,826.64954,-274.78833,1.1609703,0.87401056,208.06252,160.19135
1.5-473-550,0.09183673473,0.18367346946,0.9993254186825348,0.0008985831642,1.5,473.0,550.0,473.0,0.0061113103,649.85333,596.1843,123.184326,0.6142933,0.60818195,518.2114,-131.6419
1.5-473-550,0.4061224489,0.8122448978,0.9772248215579286,-0.000878710534,1.5,473.0,550.0,809.7642,1.2395679,77.852554,836.26965,26.505432,1.2504224,0.010854483,181.26524,103.41269
1.5-473-550,0.3783132531,0.7566265062,0.2914697156873968,0.0002620865781,1.5,473.0,550.0,612.77075,1.9852501,472.9346,831.42676,218.656,1.1966783,-0.78857183,196.6348,-276.2998
1.5-473-550,0.2325301205,0.465060241,0.9337895728803226,0.000839654004,1.5,473.0,550.0,960.92773,1.2794713,57.802322,752.36005,-208.56769,0.8985632,-0.38090807,324.55075,266.7484
1.5-473-550,0.1614457831,0.3228915662,0.4163512323516047,-0.0003743787567,1.5,473.0,550.0,496.12592,1.1063163,626.93054,681.4529,185.32697,0.75284296,-0.35347337,415.288,-211.64255
1.5-473-550,0.01836734691,0.03673469382,0.5396442233296441,0.0004852425493,1.5,473.0,550.0,473.0,1.1214991,649.85333,494.2445,21.244507,0.47136107,-0.650138,638.1221,-11.731262
1.5-473-550,0.4836734694,0.9673469388,0.9872047710533666,0.0008876844022,1.5,473.0,550.0,657.8668,0.6412633,360.18158,836.2007,178.33386,1.3915762,0.75031286,150.30447,-209.8771
1.5-473-550,0.2361445783,0.4722891566,0.9980223152919674,-0.000897411427,1.5,473.0,550.0,1257.8264,0.04971443,40.741196,755.4433,-502.38312,0.9060573,0.85634285,320.39374,279.65253
1.5-473-550,0.2204819277,0.4409638554,0.9956514833048237,0.0008952795992,1.5,473.0,550.0,1282.0569,0.10558562,39.92299,741.6959,-540.36096,0.8736233,0.7680377,338.74518,298.8222
1.5-473-550,0.1686746988,0.3373493976,0.7098470004029654,-0.0006382871403,1.5,473.0,550.0,515.20087,1.0740746,607.1066,689.4914,174.29053,0.76747674,-0.3065979,405.33368,-201.77295
1.5-473-550,0.05714285715,0.1142857143,0.7098470004029654,-0.0006382871403,1.5,473.0,550.0,473.0,0.9862045,649.85333,549.28156,76.281555,0.54654413,-0.43966037,573.60925,-76.24408
1.5-473-550,0.1060240963,0.2120481926,0.9998257452316341,-0.0008990330527,1.5,473.0,550.0,664.1467,0.0041004284,312.1719,614.6053,-49.541443,0.64220965,0.6381092,496.28052,184.10861
1.5-473-550,0.4183673469,0.8367346938,0.09831793589120096,8.840647929e-05,1.5,473.0,550.0,633.98315,2.2014067,432.88736,837.503,203.51984,1.2735847,-0.927822,175.28993,-257.5974
1.5-473-550,0.4326530612,0.8653061224,0.9945113832197316,0.0008942544329,1.5,473.0,550.0,679.2105,0.35593158,178.90833,838.2992,159.08868,1.3001999,0.9442683,168.88284,-10.025482
1.5-473-550,0.3578313254,0.7156626508,0.9965972946963587,-0.0008961300631,1.5,473.0,550.0,1120.9608,0.13899766,46.827988,825.91077,-295.05005,1.156167,1.0171694,209.67621,162.84822
1.5-473-550,0.3481927711,0.6963855422,0.9337895728803226,0.000839654004,1.5,473.0,550.0,885.464,1.6648299,65.68828,822.7103,-62.753662,1.1368612,-0.52796865,216.34798,150.6597
1.5-473-550,0.08571428574,0.17142857148,0.8705746216627653,0.0007828117684,1.5,473.0,550.0,473.0,0.7881716,649.85333,588.0913,115.09131,0.6022886,-0.18588299,527.8107,-122.0426
1.5-473-550,0.2,0.4,0.960723235489121,0.0008638724771,1.5,473.0,550.0,1021.7169,0.8212132,52.919174,722.2455,-299.47144,0.83141536,0.010202169,364.0298,311.1106
1.5-473-550,0.01428571426,0.02857142852,0.9993254186825348,-0.0008985831642,1.5,473.0,550.0,473.0,0.0054684742,649.85333,488.31567,15.315674,0.46346137,0.45799288,645.0534,-4.7999268
1.5-473-550,0.3204819277,0.6409638554,0.9531521909241071,0.0008570646715,1.5,473.0,550.0,953.4848,1.3253436,58.407455,811.2669,-142.2179,1.0806333,-0.24471033,237.5106,179.10315
1.5-473-550,0.1831325301,0.3662650602,0.9993254186825348,0.0008985831642,1.5,473.0,550.0,1043.7909,0.0142400125,51.3683,705.0406,-338.7503,0.79688436,0.78264433,385.89087,334.52258
1.5-473-550,0.2626506024,0.5253012048,0.8705746216627653,0.0007828117684,1.5,473.0,550.0,728.94604,1.6249446,110.19171,776.36456,47.418518,0.9611081,-0.6638365,291.38452,181.19281
1.5-473-550,0.4040816326,0.8081632652,0.8206166047262803,-0.0007378900321,1.5,473.0,550.0,720.8324,2.3907175,110.27219,836.0125,115.180115,1.2465314,-1.1441861,182.30653,72.03435
1.5-473-550,0.04285714285,0.0857142857,0.9973789934503665,-0.0008968329586,1.5,473.0,550.0,473.0,0.025343107,649.85333,529.2934,56.293396,0.51880294,0.49345982,597.08264,-52.77069
1.5-473-550,0.4204081632,0.8408163264,0.9726063657286781,0.0008745576659,1.5,473.0,550.0,710.98364,1.267023,116.168274,837.65814,126.6745,1.2774141,0.010391116,174.33832,58.170044
1.5-473-550,0.2518072289,0.5036144578,0.8206166047262803,0.0007378900321,1.5,473.0,550.0,645.3153,1.5450373,402.28265,768.16974,122.85443,0.93857545,-0.6064618,302.93387,-99.348785
1.5-473-550,0.330120482,0.660240964,0.8475322498919685,-0.0007620923041,1.5,473.0,550.0,720.86835,1.9074488,113.27731,815.63,94.76166,1.1003006,-0.8071482,229.81161,116.5343
1.5-473-550,0.1903614457,0.3807228914,0.9772248215579286,0.000878710534,1.5,473.0,550.0,989.8198,0.5189515,55.28743,712.5409,-277.27893,0.8116554,0.29270393,376.4107,321.1233
1.5-473-550,0.3626506025,0.725301205,0.998978267368595,-0.0008982710093,1.5,473.0,550.0,1127.9365,0.040244266,46.455246,827.364,-300.5725,1.1657642,1.12552,206.47029,160.01505
1.5-473-550,0.2734939759,0.5469879518,0.6600967573005477,-0.0005935522321,1.5,473.0,550.0,593.0957,1.5523794,502.83865,784.0452,190.94952,0.98363394,-0.56874543,280.28525,-222.5534
1.5-473-550,0.191566265,0.38313253,0.9337895728803226,0.000839654004,1.5,473.0,550.0,727.20825,1.0806277,118.13162,713.77264,-13.435608,0.8141214,-0.26650625,374.8467,256.7151
1.5-473-550,0.104819277,0.209638554,0.960723235489121,-0.0008638724771,1.5,473.0,550.0,502.43295,0.5315079,620.54785,613.0597,110.62674,0.6398333,0.10832536,498.12543,-122.422424
1.5-473-550,0.008163265274,0.016326530548,0.4163512326852384,0.000374378757,1.5,473.0,550.0,473.0,1.0839791,649.85333,479.37918,6.379181,0.45161283,-0.6323663,655.49646,5.6431274
1.5-473-550,0.2734939759,0.5469879518,0.960723235489121,-0.0008638724771,1.5,473.0,550.0,1016.58154,1.0462065,53.275223,784.0452,-232.53632,0.98363394,-0.06257254,280.28525,227.01003
1.5-473-550,0.2289156626,0.4578313252,0.9726063657286781,0.0008745576659,1.5,473.0,550.0,1166.1068,0.65260714,44.594254,749.2229,-416.8839,0.89107424,0.2384671,328.75485,284.16058
1.5-473-550,0.2795180723,0.5590361446,0.9442484491033019,-0.0008490585182,1.5,473.0,550.0,944.09064,1.3182783,59.27922,788.08746,-156.00317,0.99613744,-0.32214087,274.31598,215.03676
1.5-473-550,0.1156626505,0.231325301,0.9915009044774012,-0.0008915474413,1.5,473.0,550.0,632.3304,0.3231101,436.54816,626.8397,-5.4906616,0.66126114,0.33815104,481.6418,45.09366
1.5-473-550,0.1096385542,0.2192771084,0.9531521909241071,-0.0008570646715,1.5,473.0,550.0,508.50165,0.6137572,614.3613,619.22064,110.718994,0.6493454,0.035588205,490.76566,-123.59567
1.5-473-550,0.1602409638,0.3204819276,0.9993254186825348,0.0008985831642,1.5,473.0,550.0,891.0364,0.017056094,64.93178,680.0966,-210.93976,0.75040865,0.73335254,416.96173,352.02997
1.5-473-550,0.4142857143,0.8285714286,0.6021818746711394,-0.0005414757638,1.5,473.0,550.0,654.0792,2.2949288,375.4722,837.14996,183.07074,1.2658993,-1.0290295,177.23067,-198.24153
1.5-473-550,0.1686746988,0.3373493976,0.8902853188558087,-0.0008005354251,1.5,473.0,550.0,557.9931,0.98720783,556.8754,689.4914,131.49829,0.76747674,-0.21973109,405.33368,-151.54175
1.5-473-550,0.3746987952,0.7493975904,0.9895407848051817,0.0008897849218,1.5,473.0,550.0,1069.9619,0.4749664,49.69597,830.57745,-239.38446,1.1895833,0.7146169,198.8265,149.13054
1.5-473-550,0.4918367347,0.9836734694,0.9993254186825348,-0.0008985831642,1.5,473.0,550.0,657.54706,0.032524332,361.47253,835.2468,177.69977,1.4056656,1.3731413,147.86461,-213.60793
1.5-473-550,0.286746988,0.573493976,0.5396442233296441,-0.0004852425493,1.5,473.0,550.0,571.79767,1.5605612,535.6679,792.72473,220.92706,1.011125,-0.5494362,267.34015,-268.32776
1.5-473-550,0.3566265061,0.7132530122,0.9980223152919674,0.000897411427,1.5,473.0,550.0,1129.0747,0.0788077,46.394455,825.5323,-303.54242,1.1537617,1.074954,210.49113,164.09668
1.5-473-550,0.4285714286,0.8571428572,0.9071317792997667,0.0008156835895,1.5,473.0,550.0,683.16223,1.6045511,159.87021,838.13983,154.9776,1.2926409,-0.31191015,170.65378,10.783569
1.5-473-550,0.3710843374,0.7421686748,0.9844268823757469,-0.0008851865532,1.5,473.0,550.0,1046.8668,0.68408775,51.16481,829.67566,-217.19116,1.1824644,0.4983766,201.06465,149.89984
1.5-473-550,0.2915662651,0.5831325302,0.7525573838264147,0.0006766918789,1.5,473.0,550.0,636.3396,1.6821779,426.95505,795.6863,159.34668,1.0211033,-0.66107464,262.80365,-164.1514
1.5-473-550,0.2554216867,0.5108433734,0.9531521909241071,0.0008570646715,1.5,473.0,550.0,1000.4989,1.131979,54.462296,770.95795,-229.54095,0.9460858,-0.18589318,299.03455,244.57225
1.5-473-550,0.395180723,0.790361446,0.9811301448069191,0.0008822221606,1.5,473.0,550.0,1001.97656,0.9760992,54.330765,834.7129,-167.26367,1.2294602,0.25336105,187.0049,132.67413
1.5-473-550,0.2361445783,0.4722891566,0.6021818746711394,-0.0005414757638,1.5,473.0,550.0,539.72723,1.3745743,579.6305,755.4433,215.71606,0.9060573,-0.468517,320.39374,-259.23676
1.5-473-550,0.2602409639,0.5204819278,0.16340484097302546,-0.0001469319566,1.5,473.0,550.0,522.4079,1.420554,599.09247,774.58765,252.17975,0.9561007,-0.46445334,293.9124,-305.18005
1.5-473-550,0.1506024096,0.3012048192,0.9215172744995802,0.0008286188792,1.5,473.0,550.0,549.4939,0.87990606,567.87573,669.08014,119.58624,0.7309819,-0.14892417,430.49902,-137.37671
1.5-473-550,0.2843373494,0.5686746988,0.9872047710533666,-0.0008876844022,1.5,473.0,550.0,1137.0399,0.39218074,45.99794,791.2049,-345.83502,1.0061315,0.6139508,269.64264,223.6447
1.5-473-550,0.3277108434,0.6554216868,0.7525573838264147,-0.0006766918789,1.5,473.0,550.0,649.32935,1.8472728,391.18195,814.5779,165.24854,1.0953937,-0.7518791,231.70227,-159.47968
1.5-473-550,0.1012048192,0.2024096384,0.8206166048374914,-0.0007378900322,1.5,473.0,550.0,473.17065,0.8688791,649.6924,608.4016,135.23096,0.63271064,-0.23616844,503.68,-146.01239
1.5-473-550,0.3120481928,0.6240963856,0.8705746216627653,0.0007828117684,1.5,473.0,550.0,757.76025,1.8107525,92.74956,807.1098,49.34955,1.0633433,-0.7474092,244.54663,151.79707
1.5-473-550,0.1180722891,0.2361445782,0.8705746216627653,0.0007828117684,1.5,473.0,550.0,494.32104,0.8508827,628.75714,629.8612,135.54016,0.66603565,-0.18484706,478.01636,-150.74078
1.5-473-550,0.3493975904,0.6987951808,0.03282169734692774,-2.951293353e-05,1.5,473.0,550.0,575.49133,1.7591122,530.1854,823.132,247.64069,1.1392822,-0.61983,215.49486,-314.69055
1.5-473-550,0.1831325301,0.3662650602,0.29146971579860803,-0.0002620865782,1.5,473.0,550.0,502.6818,1.1713952,620.2961,705.0406,202.3588,0.79688436,-0.37451082,385.89087,-234.40521
1.5-473-550,0.4632653061,0.9265306122,0.16340484119544796,0.0001469319568,1.5,473.0,550.0,652.0446,2.0179198,383.68582,837.88885,185.84424,1.3557168,-0.66220295,157.00119,-226.68463
1.5-473-550,0.3012048193,0.6024096386,0.9811301448069191,0.0008822221606,1.5,473.0,550.0,1091.642,0.6068192,48.433884,801.29675,-290.3452,1.0410192,0.4342,254.00557,205.57169
1.5-473-550,0.3686746989,0.7373493978,0.8902853187445975,0.000800535425,1.5,473.0,550.0,804.6324,2.0220547,79.006256,829.045,24.412598,1.1777055,-0.84434915,202.58278,123.57652
1.5-473-550,0.0,0.0,0.8476293021558459,0.0007621795725,1.5,473.0,550.0,473.0,0.90842825,649.85333,467.38678,-5.61322,0.43581393,-0.47261432,669.50385,19.650513
1.5-473-550,0.2253012048,0.4506024096,0.9931416465066502,-0.0008930227797,1.5,473.0,550.0,1267.2335,0.16791628,40.39406,746.03235,-521.2012,0.883591,0.7156747,333.00565,292.61157
1.5-473-550,0.01836734691,0.03673469382,0.9993254186825348,0.0008985831642,1.5,473.0,550.0,473.0,0.005511807,649.85333,494.2445,21.244507,0.47136107,0.46584925,638.1221,-11.731262
1.5-473-550,0.3987951808,0.7975903616,0.6021818746711394,0.0005414757638,1.5,473.0,550.0,649.7796,2.2550251,390.858,835.2759,185.49628,1.2364119,-1.0186132,185.0659,-205.7921
1.5-473-550,0.1843373494,0.3686746988,0.4163512326852384,0.000374378757,1.5,473.0,550.0,506.2528,1.1685904,616.6822,706.3036,200.05078,0.79934317,-0.36924726,384.29947,-232.38272
1.5-473-550,0.1168674698,0.2337349396,0.7098470004029654,-0.0006382871403,1.5,473.0,550.0,481.49576,0.97678727,641.7363,628.35236,146.8566,0.66364783,-0.31313944,479.82736,-161.90897
1.5-473-550,0.09183673473,0.18367346946,0.03282169735804886,2.951293354e-05,1.5,473.0,550.0,473.0,1.188328,649.85333,596.1843,123.184326,0.6142933,-0.57403475,518.2114,-131.6419
1.5-473-550,0.4897959184,0.9795918368,0.998978267368595,-0.0008982710093,1.5,473.0,550.0,657.6107,0.051536486,361.21555,835.4993,177.88861,1.4021567,1.3506203,148.46263,-212.75291
1.5-473-550,0.05306122449,0.10612244898,0.9337895728803226,0.000839654004,1.5,473.0,550.0,473.0,0.5766538,649.85333,543.6077,70.60773,0.53861105,-0.038042724,580.2788,-69.574524
1.5-473-550,0.3963855422,0.7927710844,0.6600967573005477,-0.0005935522321,1.5,473.0,550.0,654.9224,2.2591908,372.06805,834.90594,179.98352,1.2317804,-1.0274104,186.35379,-185.71426
1.5-473-550,0.002040816309,0.004081632618,0.9996041062482727,0.0008988337572,1.5,473.0,550.0,473.0,0.005811916,649.85333,470.3929,-2.6070862,0.43976393,0.433952,665.9932,16.139893
1.5-473-550,0.4571428571,0.9142857142,0.03282169735804886,2.951293354e-05,1.5,473.0,550.0,647.93524,2.0505688,397.64288,838.18567,190.25043,1.3447797,-0.7057891,159.19093,-238.45195
1.5-473-550,0.3662650603,0.7325301206,0.3542741439827602,-0.0003185596757,1.5,473.0,550.0,607.6193,1.9126055,481.34256,828.39056,220.77124,1.1729364,-0.7396691,204.12192,-277.22064
1.5-473-550,0.03061224488,0.06122448976,0.6600967573005477,-0.0005935522321,1.5,473.0,550.0,473.0,1.021058,649.85333,511.88553,38.88553,0.49506947,-0.52598846,617.48157,-32.371765
1.5-473-550,0.221686747,0.443373494,0.22784103833049427,-0.0002048723242,1.5,473.0,550.0,514.3177,1.3258731,608.08875,742.7888,228.47113,0.87611413,-0.449759,337.30264,-270.7861
1.5-473-550,0.2204819277,0.4409638554,0.9985491866279087,-0.0008978851843,1.5,473.0,550.0,1293.3132,0.03409575,39.92299,741.6959,-551.6173,0.8736233,0.83952755,338.74518,298.8222
1.5-473-550,0.2361445783,0.4722891566,0.9531521909241071,0.0008570646715,1.5,473.0,550.0,1043.1248,1.0574512,51.449234,755.4433,-287.68146,0.9060573,-0.15139395,320.39374,268.94452
1.5-473-550,0.2674698795,0.534939759,0.998978267368595,-0.0008982710093,1.5,473.0,550.0,1208.9137,0.027622866,42.69017,779.8421,-429.0716,0.97112167,0.9434988,286.39554,243.70537
1.5-473-550,0.3337349398,0.6674698796,0.9993254186825348,0.0008985831642,1.5,473.0,550.0,1155.72,0.022114264,45.07701,817.1602,-338.55975,1.1076473,1.085533,227.01804,181.94102
1.5-473-550,0.3168674699,0.6337349398,0.5396442233296441,-0.0004852425493,1.5,473.0,550.0,597.118,1.6999462,497.29324,809.52423,212.40625,1.0732319,-0.6267142,240.49171,-256.8015
1.5-473-550,0.1385542168,0.2771084336,0.9895407848051817,0.0008897849218,1.5,473.0,550.0,705.04236,0.40940815,121.42818,654.90875,-50.133606,0.70681804,0.2974099,447.77856,326.3504
1.5-473-550,0.2807228916,0.5614457832,0.9442484491033019,-0.0008490585182,1.5,473.0,550.0,943.27057,1.3223954,59.354935,788.8765,-154.39404,0.99863684,-0.3237586,273.13913,213.7842
1.5-473-550,0.3168674699,0.6337349398,0.9531521909241071,-0.0008570646715,1.5,473.0,550.0,955.65826,1.3124164,58.21196,809.52423,-146.13403,1.0732319,-0.2391845,240.49171,182.27975
1.5-473-550,0.4326530612,0.8653061224,0.9993254186825348,0.0008985831642,1.5,473.0,550.0,679.2393,0.03840469,178.74194,838.2992,159.05988,1.3001999,1.2617952,168.88284,-9.8591
1.5-473-550,0.2253012048,0.4506024096,0.9215172744995802,0.0008286188792,1.5,473.0,550.0,916.6413,1.3631943,62.299606,746.03235,-170.60895,0.883591,-0.47960335,333.00565,270.70605
1.5-473-550,0.3819277109,0.7638554218,0.9973789933391554,0.0008968329585,1.5,473.0,550.0,1102.7538,0.12282662,47.800858,832.22406,-270.52972,1.2037492,1.0809226,194.48898,146.68813
1.5-473-550,0.4367346939,0.8734693878,0.9772248215579286,-0.000878710534,1.5,473.0,550.0,672.6368,0.98297894,233.35643,838.40576,165.76898,1.3077221,0.32474315,167.15813,-66.1983
1.5-473-550,0.1469879518,0.2939759036,0.5396442233296441,0.0004852425493,1.5,473.0,550.0,492.61087,1.0639486,630.4878,664.8746,172.2637,0.7237188,-0.3402298,435.64185,-194.84595
1.5-473-550,0.3554216868,0.7108433736,0.9985491866279087,-0.0008978851843,1.5,473.0,550.0,1132.845,0.05652742,46.204758,825.14764,-307.69733,1.1513542,1.0948268,211.3115,165.10674
1.5-473-550,0.1457831325,0.291566265,0.47796385156444166,-0.0004297801918,1.5,473.0,550.0,490.19604,1.0729403,632.9316,663.46387,173.26782,0.7213004,-0.35163993,437.364,-195.56757
1.5-473-550,0.1,0.2,0.9956540645175475,-0.0008952819202,1.5,473.0,550.0,530.6227,0.06348632,585.91724,606.8419,76.21924,0.63033855,0.5668522,505.53802,-80.37921
1.5-473-550,0.3228915663,0.6457831326,0.7098470004029654,-0.0006382871403,1.5,473.0,550.0,637.51514,1.8040661,424.39798,812.39636,174.88123,1.0855598,-0.7185062,235.55174,-188.84624
1.5-473-550,0.08571428574,0.17142857148,0.9965972946963587,-0.0008961300631,1.5,473.0,550.0,473.0,0.034359977,649.85333,588.0913,115.09131,0.6022886,0.5679286,527.8107,-122.0426
1.5-473-550,0.1120481927,0.2240963854,0.9726063657286781,-0.0008745576659,1.5,473.0,550.0,539.3855,0.5101207,580.1329,622.2794,82.89392,0.6541083,0.1439876,487.10587,-93.02701
1.5-473-550,0.2481927711,0.4963855422,0.3542741437603377,0.0003185596755,1.5,473.0,550.0,524.3465,1.3947747,596.9367,765.3253,240.97882,0.93106663,-0.46370804,306.88226,-290.05444
1.5-473-550,0.2024096385,0.404819277,0.9531521909241071,-0.0008570646715,1.5,473.0,550.0,993.9851,0.9753103,55.009537,724.61755,-269.36755,0.83636636,-0.13894397,360.98187,305.97235
1.5-473-550,0.2578313253,0.5156626506,0.22784103821928303,0.0002048723241,1.5,473.0,550.0,523.04675,1.4162676,598.382,772.7854,249.73865,0.9510932,-0.46517444,296.46246,-301.91956
1.5-473-550,0.1072289156,0.2144578312,0.9531521909241071,0.0008570646715,1.5,473.0,550.0,503.27072,0.5964007,619.7,616.1474,112.87668,0.64458716,0.04818648,494.4389,-125.26111
1.5-473-550,0.0,0.0,0.7893346586322618,0.0007097616271,1.5,473.0,550.0,473.0,0.90842825,649.85333,467.38678,-5.61322,0.43581393,-0.47261432,669.50385,19.650513
1.5-473-550,0.4183673469,0.8367346938,0.6600967573005477,0.0005935522321,1.5,473.0,550.0,659.6193,2.2939103,347.05518,837.503,177.88367,1.2735847,-1.0203255,175.28993,-171.76524
1.5-473-550,0.3361445784,0.6722891568,0.6021818746711394,0.0005414757638,1.5,473.0,550.0,621.3262,1.8214651,457.7382,818.1485,196.82233,1.1125361,-0.70892906,225.1838,-232.55438
1.5-473-550,0.221686747,0.443373494,0.8902853188558087,0.0008005354251,1.5,473.0,550.0,759.81354,1.4592186,96.03055,742.7888,-17.02472,0.87611413,-0.5831045,337.30264,241.2721
1.5-473-550,0.2192771084,0.4385542168,0.999825745120423,-0.0008990330526,1.5,473.0,550.0,1297.3315,0.0024145704,39.92299,740.5973,-556.73425,0.8711333,0.86871874,340.19278,300.26978
1.5-473-550,0.3879518073,0.7759036146,0.9895407848051817,0.0008897849218,1.5,473.0,550.0,1055.3663,0.52608746,50.623672,833.4391,-221.92725,1.2154785,0.6893911,191.01318,140.38951
1.5-473-550,0.2048192771,0.4096385542,0.9872047710533666,0.0008876844022,1.5,473.0,550.0,1189.5892,0.3140483,43.5215,726.96765,-462.62158,0.8413215,0.52727324,357.9532,314.4317
1.5-473-550,0.1518072289,0.3036144578,0.16340484119544796,0.0001469319568,1.5,473.0,550.0,488.18933,1.108744,634.9624,670.4731,182.28375,0.7334056,-0.37533844,428.79272,-206.16968
1.5-473-550,0.09387755105,0.1877551021,0.998978267368595,-0.0008982710093,1.5,473.0,550.0,473.0,0.009678767,649.85333,598.8632,125.86322,0.6183003,0.60862154,515.02954,-134.82379
1.5-473-550,0.06326530613,0.12653061226,0.7098470004029654,0.0006382871403,1.5,473.0,550.0,473.0,0.98859173,649.85333,557.7344,84.734375,0.5584561,-0.4301356,563.6623,-86.19104
1.5-473-550,0.1939759036,0.3879518072,0.960723235489121,0.0008638724771,1.5,473.0,550.0,943.3029,0.8080071,59.408188,716.2202,-227.0827,0.8190569,0.011049807,371.73267,312.32446
1.5-473-550,0.2120481927,0.4240963854,0.8206166047262803,-0.0007378900321,1.5,473.0,550.0,589.92615,1.312208,508.22186,733.88446,143.95831,0.85621095,-0.4559971,348.9839,-159.23798
1.5-473-550,0.3060240964,0.6120481928,0.9980223152919674,-0.000897411427,1.5,473.0,550.0,1170.1324,0.063624844,44.402603,803.9455,-366.18695,1.0509529,0.98732805,249.74422,205.34161
1.5-473-550,0.08367346941,0.16734693882,0.9945113832197316,0.0008942544329,1.5,473.0,550.0,473.0,0.056081817,649.85333,585.3752,112.37518,0.5982922,0.54221034,531.0281,-118.82526
1.5-473-550,0.01632653059,0.03265306118,0.9993254186825348,0.0008985831642,1.5,473.0,550.0,473.0,0.0054929717,649.85333,491.28302,18.28302,0.46741113,0.46191815,641.5846,-8.268738
1.5-473-550,0.04285714285,0.0857142857,0.9071317792997667,-0.0008156835895,1.5,473.0,550.0,473.0,0.6723205,649.85333,529.2934,56.293396,0.51880294,-0.15351754,597.08264,-52.77069
1.5-473-550,0.1204819277,0.2409638554,0.6600967573005477,0.0005935522321,1.5,473.0,550.0,482.00894,1.0031569,641.217,632.86743,150.85849,0.670815,-0.3323419,474.40488,-166.8121
1.5-473-550,0.3060240964,0.6120481928,0.03282169734692774,-2.951293353e-05,1.5,473.0,550.0,536.01416,1.5493559,583.9623,803.9455,267.93134,1.0509529,-0.49840295,249.74422,-334.21808
1.5-473-550,0.2855421687,0.5710843374,0.03282169735804886,2.951293354e-05,1.5,473.0,550.0,527.48126,1.4844531,593.45087,791.968,264.48676,1.0086285,-0.4758246,268.48853,-324.96234
1.5-473-550,0.1927710843,0.3855421686,0.8206166047262803,-0.0007378900321,1.5,473.0,550.0,558.89197,1.1586946,555.728,714.9991,156.10712,0.8165886,-0.34210604,373.28738,-182.44064
1.5-473-550,0.2012048193,0.4024096386,0.8705746216627653,-0.0007828117684,1.5,473.0,550.0,613.67944,1.230513,470.02313,723.43427,109.75482,0.8338903,-0.39662266,362.50345,-107.519684
1.5-473-550,0.1409638554,0.2819277108,0.6600967573005477,0.0005935522321,1.5,473.0,550.0,494.23785,1.0259678,628.8413,657.77765,163.5398,0.71164024,-0.3143276,444.29163,-184.54968
1.5-473-550,0.3096385542,0.6192771084,0.16340484119544796,0.0001469319568,1.5,473.0,550.0,542.5155,1.5702837,576.5008,805.86365,263.34814,1.058391,-0.5118927,246.60846,-329.89233
1.5-473-550,0.3481927711,0.6963855422,0.9973789933391554,-0.0008968329585,1.5,473.0,550.0,1134.4042,0.10103051,46.127884,822.7103,-311.69385,1.1368612,1.0358307,216.34798,170.2201
1.5-473-550,0.2289156626,0.4578313252,0.9337895728803226,0.000839654004,1.5,473.0,550.0,970.2887,1.2671028,57.005447,749.2229,-221.0658,0.89107424,-0.3760286,328.75485,271.7494
1.5-473-550,0.2530120482,0.5060240964,0.998978267368595,0.0008982710093,1.5,473.0,550.0,1222.4015,0.026661502,42.123825,769.1054,-453.29608,0.9410788,0.91441727,301.6286,259.50476
1.5-473-550,0.191566265,0.38313253,0.9337895728803226,-0.000839654004,1.5,473.0,550.0,727.2085,1.0806278,118.13132,713.77264,-13.435852,0.8141214,-0.26650637,374.8467,256.7154
1.5-473-550,0.3783132531,0.7566265062,0.9993254186825348,-0.0008985831642,1.5,473.0,550.0,1115.8066,0.027900802,47.10338,831.42676,-284.37988,1.1966783,1.1687775,196.6348,149.53142
1.5-473-550,0.3120481928,0.6240963856,0.7525573838264147,0.0006766918789,1.5,473.0,550.0,644.44196,1.7751763,406.8951,807.1098,162.66785,1.0633433,-0.711833,244.54663,-162.34848
1.5-473-550,0.2180722892,0.4361445784,0.9337895728803226,0.000839654004,1.5,473.0,550.0,971.9132,1.2627981,56.90071,739.4928,-232.42041,0.8686441,-0.39415395,341.64542,284.7447
1.5-473-550,0.1879518072,0.3759036144,0.9215172744995802,-0.0008286188792,1.5,473.0,550.0,644.15625,1.071954,402.7264,710.0616,65.905334,0.80672693,-0.26522708,379.55246,-23.17395
1.5-473-550,0.2530120482,0.5060240964,0.16340484097302546,-0.0001469319566,1.5,473.0,550.0,520.734,1.4032698,600.9538,769.1054,248.3714,0.9410788,-0.462191,301.6286,-299.3252
1.5-473-550,0.2662650602,0.5325301204,0.4163512326852384,0.000374378757,1.5,473.0,550.0,535.3194,1.4510444,584.7348,778.9823,243.6629,0.9686185,-0.48242593,287.6344,-297.1004
1.5-473-550,0.4061224489,0.8122448978,0.6021818746711394,-0.0005414757638,1.5,473.0,550.0,652.37225,2.288231,382.02942,836.26965,183.8974,1.2504224,-1.0378085,181.26524,-200.76418
1.5-473-550,0.156626506,0.313253012,0.998978267368595,-0.0008982710093,1.5,473.0,550.0,869.1185,0.028301405,67.81593,675.99976,-193.11877,0.7431136,0.71481216,422.0077,354.19177
1.5-473-550,0.2,0.4,0.7525573838264147,-0.0006766918789,1.5,473.0,550.0,544.53076,1.2176292,574.0513,722.2455,177.71472,0.83141536,-0.38621384,364.0298,-210.02148
1.5-473-550,0.1277108433,0.2554216866,0.09831793589120096,8.840647929e-05,1.5,473.0,550.0,477.7185,1.1049017,645.4022,641.7927,164.07422,0.6851821,-0.41971958,463.65567,-181.74655
1.5-473-550,0.4,0.8,0.9985499196211469,-0.0008978858434,1.5,473.0,550.0,1028.6299,0.07920121,53.231155,835.4528,-193.17706,1.2387233,1.159522,184.42905,131.19789
1.5-473-550,0.2096385542,0.4192771084,0.9993254186825348,0.0008985831642,1.5,473.0,550.0,1287.0203,0.014790461,39.92299,731.60126,-555.419,0.851244,0.8364535,351.95404,312.03107
1.5-473-550,0.4387755102,0.8775510204,0.9337895728803226,-0.000839654004,1.5,473.0,550.0,669.54315,1.3398902,261.0509,838.4396,168.89642,1.3114693,-0.028420925,166.31277,-94.73813
1.5-473-550,0.3807228916,0.7614457832,0.960723235489121,-0.0008638724771,1.5,473.0,550.0,936.4351,1.4845736,60.001694,831.964,-104.47113,1.2013949,-0.2831787,195.19919,135.1975
1.5-473-550,0.4612244898,0.9224489796,0.29146971579860803,-0.0002620865782,1.5,473.0,550.0,653.1057,1.9772413,379.4023,837.999,184.89331,1.3520803,-0.62516093,157.72136,-221.68095
1.5-473-550,0.2843373494,0.5686746988,0.9811301448069191,0.0008822221606,1.5,473.0,550.0,1107.3414,0.5703977,47.55574,791.2049,-316.13654,1.0061315,0.43573385,269.64264,222.0869
1.5-473-550,0.2289156626,0.4578313252,0.9965972946963587,-0.0008961300631,1.5,473.0,550.0,1272.927,0.08334188,40.183975,749.2229,-523.7041,0.89107424,0.80773234,328.75485,288.57086
1.5-473-550,0.3132530121,0.6265060242,0.47796385156444166,0.0004297801918,1.5,473.0,550.0,582.18396,1.6581968,519.4227,807.7232,225.53925,1.0658176,-0.5923792,243.5243,-275.89844
1.5-473-550,0.1084337349,0.2168674698,0.998978267368595,-0.0008982710093,1.5,473.0,550.0,666.5116,0.04871176,289.70316,617.68585,-48.825745,0.64696574,0.59825397,492.6006,202.89743
1.5-473-550,0.1084337349,0.2168674698,0.9996041060258503,0.000898833757,1.5,473.0,550.0,671.68555,0.017981933,241.87279,617.68585,-53.999695,0.64696574,0.6289838,492.6006,250.7278
1.5-473-550,0.02857142855,0.0571428571,0.9945113832197316,0.0008942544329,1.5,473.0,550.0,473.0,0.051960394,649.85333,508.96103,35.96103,0.4911167,0.4391563,620.9053,-28.94806
1.5-473-550,0.01836734691,0.03673469382,0.4163512326852384,0.000374378757,1.5,473.0,550.0,473.0,1.1530567,649.85333,494.2445,21.244507,0.47136107,-0.6816957,638.1221,-11.731262
1.5-473-550,0.02244897957,0.04489795914,0.3542741439827602,-0.0003185596757,1.5,473.0,550.0,473.0,1.1796029,649.85333,500.1496,27.149597,0.479262,-0.70034087,631.216,-18.63733
1.5-473-550,0.2385542169,0.4771084338,0.7525573838264147,0.0006766918789,1.5,473.0,550.0,592.57996,1.4319092,503.49786,757.46857,164.88861,0.911056,-0.5208532,317.64877,-185.84909
1.5-473-550,0.4632653061,0.9265306122,0.9895407848051817,0.0008897849218,1.5,473.0,550.0,660.13214,0.5476076,350.17007,837.88885,177.75671,1.3557168,0.8081092,157.00119,-193.16888
1.5-473-550,0.1590361445,0.318072289,0.960723235489121,0.0008638724771,1.5,473.0,550.0,628.31067,0.80826306,443.91455,678.7356,50.424927,0.74797565,-0.060287416,418.63962,-25.274933
1.5-473-550,0.1602409638,0.3204819276,0.9811301446957078,-0.0008822221605,1.5,473.0,550.0,758.8963,0.5120051,91.07008,680.0966,-78.79968,0.75040865,0.23840356,416.96173,325.89166
1.5-473-550,0.3060240964,0.6120481928,0.9442484491033019,-0.0008490585182,1.5,473.0,550.0,930.9966,1.3997234,60.582657,803.9455,-127.05109,1.0509529,-0.3487705,249.74422,189.16156
1.5-473-550,0.3385542169,0.6771084338,0.9772248215579286,0.000878710534,1.5,473.0,550.0,1041.1466,0.83209604,51.53752,819.1113,-222.03528,1.1174172,0.28532118,223.37202,171.8345
1.5-473-550,0.1843373494,0.3686746988,0.9993254186825348,-0.0008985831642,1.5,473.0,550.0,1052.9077,0.014424966,50.780197,706.3036,-346.60413,0.79934317,0.7849182,384.29947,333.5193
1.5-473-550,0.4469387755,0.893877551,0.29146971579860803,-0.0002620865782,1.5,473.0,550.0,647.7055,2.024413,398.27747,838.4484,190.74292,1.3263664,-0.6980467,163.04166,-235.23581
1.5-473-550,0.4081632653,0.8163265306,0.16340484097302546,-0.0001469319566,1.5,473.0,550.0,628.78754,2.1862273,444.0013,836.51184,207.7243,1.2543048,-0.93192255,180.23714,-263.76416
1.5-473-550,0.3192771085,0.638554217,0.9872047710533666,-0.0008876844022,1.5,473.0,550.0,1109.2651,0.4431132,47.452927,810.6925,-298.57263,1.0781677,0.63505447,238.4986,191.04567
1.5-473-550,0.4306122449,0.8612244898,0.4163512326852384,0.000374378757,1.5,473.0,550.0,646.7135,2.1584406,401.01736,838.2262,191.5127,1.296425,-0.8620156,169.76247,-231.2549
1.5-473-550,0.330120482,0.660240964,0.9442484491033019,0.0008490585182,1.5,473.0,550.0,920.4924,1.4801567,61.6588,815.63,-104.862366,1.1003006,-0.3798561,229.81161,168.15282
1.5-473-550,0.09183673473,0.18367346946,0.9811301446957078,0.0008822221605,1.5,473.0,550.0,473.0,0.19473206,649.85333,596.1843,123.184326,0.6142933,0.4195612,518.2114,-131.6419
1.5-473-550,0.0102040816,0.0204081632,0.9999999997775775,-0.0008991897406,1.5,473.0,550.0,473.0,-1.3699311e-08,649.85333,482.36365,9.363647,0.45556226,0.45556226,652.00934,2.1560059
1.5-473-550,0.1903614458,0.3807228916,0.6600967573005477,-0.0005935522321,1.5,473.0,550.0,523.67255,1.1723129,597.68616,712.5409,188.86835,0.8116554,-0.36065745,376.4107,-221.27545
1.5-473-550,0.06734693879,0.13469387758,0.6600967573005477,0.0005935522321,1.5,473.0,550.0,473.0,1.0250355,649.85333,563.3298,90.32977,0.56640637,-0.45862913,557.0702,-92.78314
1.5-473-550,0.1409638554,0.2819277108,0.09831793590232207,-8.84064793e-05,1.5,473.0,550.0,483.21616,1.1022465,639.99524,657.77765,174.5615,0.71164024,-0.39060628,444.29163,-195.70361
1.5-473-550,0.3795180723,0.7590361446,0.9985491866279087,-0.0008978851843,1.5,473.0,550.0,1110.9155,0.064927325,47.36476,831.69824,-279.2173,1.199038,1.1341107,195.91444,148.54968
1.5-473-550,0.4714285714,0.9428571428,0.9215172744995802,0.0008286188792,1.5,473.0,550.0,658.6871,1.3387707,356.87027,837.33856,178.65149,1.3701704,0.031399608,154.21498,-202.65529
1.5-473-550,0.0897959184,0.1795918368,0.9973789934503665,-0.0008968329586,1.5,473.0,550.0,473.0,0.02622752,649.85333,593.49603,120.49603,0.61028904,0.5840615,521.4024,-128.45093
1.5-473-550,0.3891566266,0.7783132532,0.8475322498919685,0.0007620923041,1.5,473.0,550.0,748.0531,2.2871733,95.84242,833.6652,85.61212,1.217816,-1.0693573,190.33295,94.490524
1.5-473-550,0.2891566265,0.578313253,0.4163512323516047,-0.0003743787567,1.5,473.0,550.0,551.0585,1.5332124,565.8557,794.2185,243.16003,1.0161155,-0.5170969,265.0605,-300.79523
1.5-473-550,0.1072289156,0.2144578312,0.6600967573005477,0.0005935522321,1.5,473.0,550.0,474.31885,1.0021182,648.60925,616.1474,141.82855,0.64458716,-0.35753107,494.4389,-154.17035
1.5-473-550,0.1638554216,0.3277108432,0.5396442233296441,0.0004852425493,1.5,473.0,550.0,501.288,1.0960488,621.70654,684.1514,182.86343,0.75771564,-0.3383332,411.95306,-209.75348
1.5-473-550,0.2265060241,0.4530120482,0.9931416465066502,-0.0008930227797,1.5,473.0,550.0,1264.8257,0.16812097,40.482925,747.10175,-517.72394,0.88608474,0.71796376,331.58356,291.10065
1.5-473-550,0.08163265309,0.16326530618,0.9215172744995802,0.0008286188792,1.5,473.0,550.0,473.0,0.6375438,649.85333,582.65,109.650024,0.59429836,-0.043245435,534.25397,-115.599365
1.5-473-550,0.3060240964,0.6120481928,0.6021818746711394,0.0005414757638,1.5,473.0,550.0,602.95074,1.6761073,488.41043,803.9455,200.99475,1.0509529,-0.6251544,249.74422,-238.66621
1.5-473-550,0.07959183676,0.15918367352,0.29146971579860803,-0.0002620865782,1.5,473.0,550.0,473.0,1.1625905,649.85333,579.91595,106.915955,0.59030706,-0.57228345,537.48834,-112.36499
1.5-473-550,0.4938775511,0.9877551022,0.5396442233296441,-0.0004852425493,1.5,473.0,550.0,657.1345,1.8352064,363.13806,834.98517,177.85065,1.4091657,-0.42604065,147.27437,-215.8637
1.5-473-550,0.3168674699,0.6337349398,0.9980223152919674,0.000897411427,1.5,473.0,550.0,1163.0533,0.066146,44.726364,809.52423,-353.5291,1.0732319,1.0070859,240.49171,195.76535
1.5-473-550,0.1301204819,0.2602409638,0.9726063657286781,-0.0008745576659,1.5,473.0,550.0,580.2662,0.6325742,521.6241,644.7361,64.46991,0.6899811,0.057406902,460.1015,-61.522583
1.5-473-550,0.03673469387,0.07346938774,0.999825745120423,0.0008990330526,1.5,473.0,550.0,473.0,0.0009444815,649.85333,520.6199,47.619873,0.506932,0.5059875,607.2509,-42.602417
1.5-473-550,0.2722891566,0.5445783132,0.9811301446957078,-0.0008822221605,1.5,473.0,550.0,1120.4198,0.5446032,46.85692,783.2174,-337.2024,0.9811321,0.43652886,281.49606,234.63914
1.5-473-550,0.1518072289,0.3036144578,0.9872047710533666,-0.0008876844022,1.5,473.0,550.0,755.7301,0.39823246,92.17589,670.4731,-85.25702,0.7334056,0.33517313,428.79272,336.61682
1.5-473-550,0.3530120482,0.7060240964,0.7098470004029654,-0.0006382871403,1.5,473.0,550.0,648.05927,1.9594806,396.00516,824.3599,176.30066,1.1465322,-0.81294847,212.96846,-183.0367
1.5-473-550,0.2843373494,0.5686746988,0.47796385156444166,0.0004297801918,1.5,473.0,550.0,556.8718,1.5295067,558.37067,791.2049,234.33307,1.0061315,-0.52337515,269.64264,-288.72803
1.5-473-550,0.2168674698,0.4337349396,0.9872047710533666,-0.0008876844022,1.5,473.0,550.0,1242.5662,0.31019616,41.32463,738.38257,-504.1836,0.8661558,0.55595964,343.10312,301.7785
1.5-473-550,0.1301204819,0.2602409638,0.9965972946963587,-0.0008961300631,1.5,473.0,550.0,729.0784,0.15817724,103.87216,644.7361,-84.34235,0.6899811,0.53180385,460.1015,356.22934
1.5-473-550,0.02040816324,0.04081632648,0.7892004020960466,-0.000709640905,1.5,473.0,550.0,473.0,0.90154237,649.85333,497.20004,24.200043,0.47531137,-0.426231,634.66583,-15.1875
1.5-473-550,0.2686746988,0.5373493976,0.9872047710533666,0.0008876844022,1.5,473.0,550.0,1154.3348,0.36950475,45.14528,780.69556,-373.63928,0.97362465,0.6041199,285.16223,240.01695
1.5-473-550,0.386746988,0.773493976,0.2914697156873968,0.0002620865781,1.5,473.0,550.0,619.0189,2.0522146,462.30383,833.2074,214.18848,1.2131382,-0.8390764,191.6984,-270.60544
1.5-473-550,0.1373493975,0.274698795,0.993141646395439,0.0008930227796,1.5,473.0,550.0,730.8354,0.27782333,102.92792,653.468,-77.36737,0.7044088,0.4265855,449.52774,346.59982
1.5-473-550,0.2903614458,0.5807228916,0.9215172744995802,-0.0008286188792,1.5,473.0,550.0,870.05414,1.556813,67.80769,794.9556,-75.09851,1.0186098,-0.53820324,263.9292,196.1215
1.5-473-550,0.2156626506,0.4313253012,0.9993254186825348,-0.0008985831642,1.5,473.0,550.0,1289.498,0.015172706,39.92299,737.2666,-552.23145,0.86366826,0.84849554,344.56583,304.64282
1.5-473-550,0.1602409638,0.3204819276,0.9337895728803226,-0.000839654004,1.5,473.0,550.0,578.8394,0.8930176,524.736,680.0966,101.2572,0.75040865,-0.14260894,416.96173,-107.77429
1.5-473-550,0.2096385542,0.4192771084,0.9973789933391554,0.0008968329585,1.5,473.0,550.0,1279.4996,0.06294994,39.99611,731.60126,-547.8984,0.851244,0.788294,351.95404,311.95795
1.5-473-550,0.3012048193,0.6024096386,0.8206166047262803,-0.0007378900321,1.5,473.0,550.0,669.52637,1.7696992,257.891,801.29675,131.77039,1.0410192,-0.72868,254.00557,-3.8854218
1.5-473-550,0.1807228915,0.361445783,0.9071317792997667,0.0008156835895,1.5,473.0,550.0,596.4119,1.0296912,498.09158,702.4992,106.08728,0.79197043,-0.23772079,389.0872,-109.004395
1.5-473-550,0.1590361445,0.318072289,0.22784103833049427,-0.0002048723242,1.5,473.0,550.0,491.83905,1.1161317,631.2689,678.7356,186.89655,0.74797565,-0.36815602,418.63962,-212.6293
1.5-473-550,0.05714285715,0.1142857143,0.9215172744995802,-0.0008286188792,1.5,473.0,550.0,473.0,0.6353252,649.85333,549.28156,76.281555,0.54654413,-0.08878106,573.60925,-76.24408
1.5-473-550,0.08571428574,0.17142857148,0.9442484491033019,-0.0008490585182,1.5,473.0,550.0,473.0,0.52282465,649.85333,588.0913,115.09131,0.6022886,0.07946396,527.8107,-122.0426
1.5-473-550,0.3915662651,0.7831325302,0.16340484097302546,-0.0001469319566,1.5,473.0,550.0,617.44055,2.0768223,465.038,834.1008,216.66028,1.2224823,-0.85433996,188.98712,-276.05087
1.5-473-550,0.3819277109,0.7638554218,0.09831793590232207,-8.84064793e-05,1.5,473.0,550.0,608.27466,1.9897367,480.32877,832.22406,223.9494,1.2037492,-0.7859875,194.48898,-285.83978
1.5-473-550,0.2445783133,0.4891566266,0.9993254186825348,-0.0008985831642,1.5,473.0,550.0,1241.424,0.016277121,41.36989,762.4251,-478.99884,0.92356,0.9072829,310.87943,269.50952
1.5-473-550,0.03061224488,0.06122448976,0.03282169735804886,2.951293354e-05,1.5,473.0,550.0,473.0,1.2431239,649.85333,511.88553,38.88553,0.49506947,-0.7480544,617.48157,-32.371765
1.5-473-550,0.3795180723,0.7590361446,0.9811301448069191,0.0008822221606,1.5,473.0,550.0,1021.7417,0.85905415,52.882523,831.69824,-190.04346,1.199038,0.33998388,195.91444,143.03192
1.5-473-550,0.2939759036,0.5879518072,0.9993254186825348,0.0008985831642,1.5,473.0,550.0,1184.9037,0.0192201,43.727066,797.128,-387.7757,1.0260878,1.0068676,260.56976,216.8427
1.5-473-550,0.05510204082,0.11020408164,0.9726063657286781,-0.0008745576659,1.5,473.0,550.0,473.0,0.28639454,649.85333,546.4484,73.448425,0.54257685,0.2561823,576.9403,-72.913025
1.5-473-550,0.3855421687,0.7710843374,0.9872047710533666,-0.0008876844022,1.5,473.0,550.0,1046.1168,0.6272565,51.21257,832.97003,-213.14679,1.2107952,0.58353865,192.38855,141.17598
1.5-473-550,0.4938775511,0.9877551022,0.8475322498919685,-0.0007620923041,1.5,473.0,550.0,657.391,1.5398899,362.10257,834.98517,177.59418,1.4091657,-0.13072419,147.27437,-214.8282
1.5-473-550,0.05714285715,0.1142857143,0.03282169734692774,-2.951293353e-05,1.5,473.0,550.0,473.0,1.2071499,649.85333,549.28156,76.281555,0.54654413,-0.6606057,573.60925,-76.24408
1.5-473-550,0.2397590361,0.4795180722,0.960723235489121,-0.0008638724771,1.5,473.0,550.0,1069.7792,0.9429614,49.739365,758.4721,-311.30707,0.913556,-0.029405415,316.2842,266.54486
1.5-473-550,0.2903614458,0.5807228916,0.9945113832197316,0.0008942544329,1.5,473.0,550.0,1166.2765,0.17250596,44.578964,794.9556,-371.32086,1.0186098,0.8461038,263.9292,219.35023
1.5-473-550,0.3578313254,0.7156626508,0.9996041060258503,0.000898833757,1.5,473.0,550.0,1135.3184,0.013220117,46.08281,825.91077,-309.4076,1.156167,1.142947,209.67621,163.5934
1.5-473-550,0.2180722892,0.4361445784,0.9965972946963587,-0.0008961300631,1.5,473.0,550.0,1282.9581,0.082556054,39.92299,739.4928,-543.46533,0.8686441,0.78608805,341.64542,301.7224
1.5-473-550,0.2373493976,0.4746987952,0.9337895728803226,-0.000839654004,1.5,473.0,550.0,946.78906,1.3041269,59.119705,756.4589,-190.33014,0.9085564,-0.39557046,319.01862,259.89893
1.5-473-550,0.09183673473,0.18367346946,0.9973789933391554,0.0008968329585,1.5,473.0,550.0,473.0,0.02623074,649.85333,596.1843,123.184326,0.6142933,0.5880625,518.2114,-131.6419
1.5-473-550,0.0612244898,0.1224489796,0.9215172744995802,0.0008286188792,1.5,473.0,550.0,473.0,0.6372386,649.85333,554.9246,81.92462,0.5544838,-0.08275485,566.97015,-82.88318
1.5-473-550,0.1060240963,0.2120481926,0.7098470004029654,0.0006382871403,1.5,473.0,550.0,474.30548,0.97111213,648.6218,614.6053,140.2998,0.64220965,-0.32890248,496.28052,-152.34131
1.5-473-550,0.1120481927,0.2240963854,0.6600967573005477,-0.0005935522321,1.5,473.0,550.0,476.9415,1.0005107,646.1352,622.2794,145.33792,0.6541083,-0.3464024,487.10587,-159.02933
1.5-473-550,0.05306122449,0.10612244898,0.999825745120423,-0.0008990330526,1.5,473.0,550.0,473.0,0.0009873372,649.85333,543.6077,70.60773,0.53861105,0.5376237,580.2788,-69.574524
1.5-473-550,0.3879518073,0.7759036146,0.5396442233296441,0.0004852425493,1.5,473.0,550.0,638.70496,2.1281354,421.891,833.4391,194.73413,1.2154785,-0.9126569,191.01318,-230.8778
1.5-473-550,0.0244897959,0.0489795918,0.9215172744995802,0.0008286188792,1.5,473.0,550.0,473.0,0.6000442,649.85333,503.09296,30.092957,0.483213,-0.11683118,627.7726,-22.08075
1.5-473-550,0.2421686747,0.4843373494,0.5396442233296441,0.0004852425493,1.5,473.0,550.0,534.9033,1.3881301,585.1975,760.4609,225.55756,0.9185572,-0.46957284,313.57114,-271.62637
1.5-473-550,0.4081632653,0.8163265306,0.9071317792997667,0.0008156835895,1.5,473.0,550.0,764.3274,2.0669599,89.38129,836.51184,72.18445,1.2543048,-0.8126551,180.23714,90.85585
1.5-473-550,0.02653061223,0.05306122446,0.09831793589120096,8.840647929e-05,1.5,473.0,550.0,473.0,1.2219809,649.85333,506.03015,33.03015,0.48716465,-0.7348163,624.33563,-25.5177
1.5-473-550,0.278313253,0.556626506,0.9215172744995802,0.0008286188792,1.5,473.0,550.0,872.53723,1.5156798,67.46883,787.29193,-85.2453,0.9936376,-0.5220422,275.4985,208.02968
1.5-473-550,0.1506024096,0.3012048192,0.9985491866279087,-0.0008978851843,1.5,473.0,550.0,834.0161,0.04521142,73.17401,669.08014,-164.93597,0.7309819,0.68577045,430.49902,357.325
1.5-473-550,0.3963855422,0.7927710844,0.9993254186825348,-0.0008985831642,1.5,473.0,550.0,1094.7407,0.032663926,48.25374,834.90594,-259.83478,1.2317804,1.1991165,186.35379,138.10005
1.5-473-550,0.2012048193,0.4024096386,0.999825745120423,0.0008990330526,1.5,473.0,550.0,1230.2216,0.0023962122,41.813858,723.43427,-506.7873,0.8338903,0.8314941,362.50345,320.68958
1.5-473-550,0.2361445783,0.4722891566,0.9999999998887887,0.0008991897407,1.5,473.0,550.0,1265.3335,-1.3699311e-08,40.478195,755.4433,-509.8902,0.9060573,0.9060573,320.39374,279.91553
1.5-473-550,0.2590361446,0.5180722892,0.6021818746711394,0.0005414757638,1.5,473.0,550.0,559.54425,1.4649205,554.93164,773.6897,214.14545,0.95359695,-0.5113236,295.18466,-259.74698
1.5-473-550,0.1939759036,0.3879518072,0.47796385156444166,0.0004297801918,1.5,473.0,550.0,512.6675,1.2089603,609.92377,716.2202,203.55273,0.8190569,-0.38990337,371.73267,-238.1911
1.5-473-550,0.2662650602,0.5325301204,0.9811301448069191,0.0008822221606,1.5,473.0,550.0,1128.1222,0.53302974,46.44536,778.9823,-349.1399,0.9686185,0.43558878,287.6344,241.18904
1.5-473-550,0.1975903614,0.3951807228,0.9671530515086588,-0.0008696541017,1.5,473.0,550.0,1018.22504,0.72767,53.15944,719.85156,-298.37347,0.82646865,0.09879863,367.09677,313.93732
1.5-473-550,0.3192771085,0.638554217,0.7892004020960466,-0.000709640905,1.5,473.0,550.0,657.70416,1.826947,353.06213,810.6925,152.98834,1.0781677,-0.7487793,238.4986,-114.56354
1.5-473-550,0.3626506025,0.725301205,0.9998257452316341,-0.0008990330527,1.5,473.0,550.0,1131.9303,0.004140602,46.249863,827.364,-304.56628,1.1657642,1.1616236,206.47029,160.22043
1.5-473-550,0.2,0.4,0.9442484491033019,0.0008490585182,1.5,473.0,550.0,923.8852,1.045812,61.457047,722.2455,-201.63971,0.83141536,-0.21439666,364.0298,302.57275
1.5-473-550,0.1072289156,0.2144578312,0.9671530515086588,-0.0008696541017,1.5,473.0,550.0,518.1963,0.5120147,603.77484,616.1474,97.95111,0.64458716,0.13257247,494.4389,-109.33594
1.5-473-550,0.4408163265,0.881632653,0.8705746216627653,0.0007828117684,1.5,473.0,550.0,666.59894,1.5278982,288.87335,838.46063,171.8617,1.3152075,-0.21269071,165.4786,-123.394745
1.5-473-550,0.1590361445,0.318072289,0.9071317792997667,0.0008156835895,1.5,473.0,550.0,553.1266,0.93116134,563.1746,678.7356,125.60901,0.74797565,-0.1831857,418.63962,-144.535
1.5-473-550,0.1373493975,0.274698795,0.9872047710533666,-0.0008876844022,1.5,473.0,550.0,678.93286,0.49541476,182.20163,653.468,-25.464844,0.7044088,0.20899406,449.52774,267.3261
1.5-473-550,0.4244897959,0.8489795918,0.3542741437603377,0.0003185596755,1.5,473.0,550.0,643.14154,2.2125022,410.88306,837.9265,194.78497,1.2850456,-0.9274566,172.47191,-238.41115
1.5-473-550,0.2951807229,0.5903614458,0.3542741437603377,0.0003185596755,1.5,473.0,550.0,547.8189,1.5435891,570.03186,797.8391,250.0202,1.0285786,-0.5150105,259.4614,-310.57047
1.5-473-550,0.3349397591,0.6698795182,0.9945113832197316,0.0008942544329,1.5,473.0,550.0,1132.0359,0.20256309,46.244644,817.6576,-314.3783,1.1100926,0.90752953,226.0981,179.85345
1.5-473-550,0.3096385542,0.6192771084,0.6600967573005477,-0.0005935522321,1.5,473.0,550.0,619.5319,1.719754,460.86368,805.86365,186.33173,1.058391,-0.661363,246.60846,-214.25522
1.5-473-550,0.126506024,0.253012048,0.3542741437603377,0.0003185596755,1.5,473.0,550.0,478.9263,1.0827906,644.2628,640.315,161.3887,0.68278444,-0.40000618,465.43826,-178.82455
1.5-473-550,0.09183673473,0.18367346946,0.3542741437603377,0.0003185596755,1.5,473.0,550.0,473.0,1.1497616,649.85333,596.1843,123.184326,0.6142933,-0.5354683,518.2114,-131.6419
1.5-473-550,0.2481927711,0.4963855422,0.7525573838264147,-0.0006766918789,1.5,473.0,550.0,605.4345,1.4827601,484.14227,765.3253,159.89081,0.93106663,-0.55169344,306.88226,-177.26001
1.5-473-550,0.2445783133,0.4891566266,0.960723235489121,-0.0008638724771,1.5,473.0,550.0,1056.603,0.9652759,50.5598,762.4251,-294.17792,0.92356,-0.04171586,310.87943,260.31964
1.5-473-550,0.1867469879,0.3734939758,0.8705746216627653,0.0007828117684,1.5,473.0,550.0,576.85657,1.0973339,527.9596,708.8141,131.95752,0.8042644,-0.29306948,381.13025,-146.82935
1.5-473-550,0.08163265309,0.16326530618,0.09831793590232207,-8.84064793e-05,1.5,473.0,550.0,473.0,1.1857399,649.85333,582.65,109.650024,0.59429836,-0.5914415,534.25397,-115.599365
1.5-473-550,0.4306122449,0.8612244898,0.9215172744995802,-0.0008286188792,1.5,473.0,550.0,680.0759,1.48683,174.05753,838.2262,158.15027,1.296425,-0.19040501,169.76247,-4.295059
1.5-473-550,0.1168674698,0.2337349396,0.22784103833049427,-0.0002048723242,1.5,473.0,550.0,474.4798,1.1130644,648.4574,628.35236,153.87256,0.66364783,-0.44941658,479.82736,-168.63004
1.5-473-550,0.4489795918,0.8979591836,0.8475322498919685,-0.0007620923041,1.5,473.0,550.0,662.4775,1.5399275,328.03174,838.41974,175.94226,1.3300676,-0.20985985,162.25075,-165.78099
1.5-473-550,0.3253012049,0.6506024098,0.9996041060258503,0.000898833757,1.5,473.0,550.0,1163.8801,0.011382208,44.688553,813.5,-350.38013,1.0904801,1.0790979,233.61565,188.9271
1.5-473-550,0.2253012048,0.4506024096,0.9337895728803226,0.000839654004,1.5,473.0,550.0,977.57416,1.2626143,56.396286,746.03235,-231.54181,0.883591,-0.37902325,333.00565,276.60938
1.5-473-550,0.1192771084,0.2385542168,0.9726063657286781,-0.0008745576659,1.5,473.0,550.0,554.6419,0.5672631,561.19403,631.3662,76.724304,0.6684247,0.1011616,476.2089,-84.98514
1.5-473-550,0.386746988,0.773493976,0.6600967573005477,0.0005935522321,1.5,473.0,550.0,652.0428,2.1686857,382.76883,833.2074,181.16461,1.2131382,-0.95554745,191.6984,-191.07043
1.5-473-550,0.1662650602,0.3325301204,0.2914697156873968,0.0002620865781,1.5,473.0,550.0,495.75482,1.1257033,627.3061,686.831,191.07617,0.76259357,-0.36310977,408.6349,-218.6712
1.5-473-550,0.3120481928,0.6240963856,0.9895407848051817,-0.0008897849218,1.5,473.0,550.0,1126.6981,0.3526411,46.521408,807.1098,-319.58832,1.0633433,0.7107022,244.54663,198.02522
1.5-473-550,0.2493975904,0.4987951808,0.9999999997775775,-0.0008991897406,1.5,473.0,550.0,1232.5778,-1.3699311e-08,41.736313,766.27966,-466.2981,0.9335694,0.9335694,305.5607,263.8244
1.5-473-550,0.4183673469,0.8367346938,0.9985491866279087,0.0008978851843,1.5,473.0,550.0,721.17786,0.0994951,108.70552,837.503,116.325134,1.2735847,1.1740897,175.28993,66.58441
1.5-473-550,0.1337349397,0.2674698794,0.7525573838264147,-0.0006766918789,1.5,473.0,550.0,495.24258,0.9782897,627.8245,649.1206,153.87802,0.6971892,-0.2811005,454.79785,-173.02667
1.5-473-550,0.4183673469,0.8367346938,0.5396442233296441,-0.0004852425493,1.5,473.0,550.0,650.34515,2.2711062,389.54453,837.503,187.15784,1.2735847,-0.9975215,175.28993,-214.2546
1.5-473-550,0.2602409639,0.5204819278,0.9996041060258503,-0.000898833757,1.5,473.0,550.0,1218.54,0.009100662,42.28105,774.58765,-443.9524,0.9561007,0.947,293.9124,251.63136
1.5-473-550,0.1867469879,0.3734939758,0.6021818746711394,0.0005414757638,1.5,473.0,550.0,516.532,1.1614987,605.62646,708.8141,192.2821,0.8042644,-0.35723424,381.13025,-224.49622
1.5-473-550,0.3120481928,0.6240963856,0.9337895728803226,-0.000839654004,1.5,473.0,550.0,899.4276,1.5240829,64.03264,807.1098,-92.31781,1.0633433,-0.4607396,244.54663,180.51399
1.5-473-550,0.1240963855,0.248192771,0.9772248215579286,0.000878710534,1.5,473.0,550.0,580.58673,0.563909,520.78534,637.3478,56.761047,0.677993,0.114084005,469.0142,-51.77115
1.5-473-550,0.1156626505,0.231325301,0.9671530515086588,0.0008696541017,1.5,473.0,550.0,535.7304,0.57840645,584.27783,626.8397,91.109314,0.66126114,0.08285469,481.6418,-102.63602
1.5-473-550,0.3361445784,0.6722891568,0.4163512323516047,-0.0003743787567,1.5,473.0,550.0,590.6825,1.7506903,506.58932,818.1485,227.466,1.1125361,-0.63815427,225.1838,-281.40552
1.5-473-550,0.1445783132,0.2891566264,0.9945113832197316,0.0008942544329,1.5,473.0,550.0,774.73395,0.19653545,86.12192,662.04877,-112.68518,0.7188834,0.5223479,439.09012,352.9682
1.5-473-550,0.3240963856,0.6481927712,0.09831793589120096,8.840647929e-05,1.5,473.0,550.0,551.1455,1.6253726,565.9381,812.9514,261.8059,1.0880208,-0.53735185,234.58084,-331.35727
1.5-473-550,0.4224489796,0.8448979592,0.9980223152919674,-0.000897411427,1.5,473.0,550.0,705.0205,0.1352729,121.44975,837.79926,132.77875,1.2812344,1.1459615,173.39903,51.94928
1.5-473-550,0.1807228915,0.361445783,0.9945113832197316,0.0008942544329,1.5,473.0,550.0,988.147,0.13310133,55.407608,702.4992,-285.64777,0.79197043,0.6588691,389.0872,333.67957
1.5-473-550,0.05510204082,0.11020408164,0.6021818746711394,-0.0005414757638,1.5,473.0,550.0,473.0,1.0575615,649.85333,546.4484,73.448425,0.54257685,-0.51498467,576.9403,-72.913025
1.5-473-550,0.09591836738,0.19183673476,0.9993254186825348,0.0008985831642,1.5,473.0,550.0,473.0,0.0060983165,649.85333,601.53253,128.53253,0.6223101,0.6162118,511.85657,-137.99677
1.5-473-550,0.1409638554,0.2819277108,0.22784103821928303,0.0002048723241,1.5,473.0,550.0,483.98737,1.0960592,639.21484,657.77765,173.79028,0.71164024,-0.38441896,444.29163,-194.92322
1.5-473-550,0.2445783133,0.4891566266,0.9973789934503665,-0.0008968329586,1.5,473.0,550.0,1233.4089,0.06953959,41.687576,762.4251,-470.98383,0.92356,0.8540204,310.87943,269.19183
1.5-473-550,0.148192771,0.296385542,0.999825745120423,0.0008990330526,1.5,473.0,550.0,831.5364,0.003312872,73.57376,666.2808,-165.25555,0.72613853,0.72282565,433.92365,360.34988
1.5-473-550,0.1602409638,0.3204819276,0.9811301448069191,0.0008822221606,1.5,473.0,550.0,758.89624,0.51200515,91.070114,680.0966,-78.79962,0.75040865,0.2384035,416.96173,325.8916
1.5-473-550,0.4367346939,0.8734693878,0.9337895728803226,-0.000839654004,1.5,473.0,550.0,671.511,1.3510993,243.26343,838.40576,166.89478,1.3077221,-0.04337716,167.15813,-76.1053
1.5-473-550,0.3614457832,0.7228915664,0.9993254186825348,-0.0008985831642,1.5,473.0,550.0,1130.5619,0.02526729,46.317276,827.00977,-303.55212,1.1633685,1.1381012,207.26372,160.94644
1.5-473-550,0.4632653061,0.9265306122,0.9915009044774012,-0.0008915474413,1.5,473.0,550.0,660.1422,0.45633906,350.10068,837.88885,177.74664,1.3557168,0.89937776,157.00119,-193.09949
1.5-473-550,0.3614457832,0.7228915664,0.7525573838264147,-0.0006766918789,1.5,473.0,550.0,659.13055,2.032643,345.979,827.00977,167.87921,1.1633685,-0.8692746,207.26372,-138.71529
1.5-473-550,0.02040816324,0.04081632648,0.5396442233296441,0.0004852425493,1.5,473.0,550.0,473.0,1.1219574,649.85333,497.20004,24.200043,0.47531137,-0.646646,634.66583,-15.1875
1.5-473-550,0.01836734691,0.03673469382,0.9965972946963587,-0.0008961300631,1.5,473.0,550.0,473.0,0.030973481,649.85333,494.2445,21.244507,0.47136107,0.44038758,638.1221,-11.731262
1.5-473-550,0.1469879518,0.2939759036,0.8705746216627653,0.0007828117684,1.5,473.0,550.0,522.8865,0.9319293,598.5603,664.8746,141.9881,0.7237188,-0.20821047,435.64185,-162.91846
1.5-473-550,0.2578313253,0.5156626506,0.9973789933391554,0.0008968329585,1.5,473.0,550.0,1211.0167,0.07262103,42.600784,772.7854,-438.23132,0.9510932,0.87847215,296.46246,253.86168
1.5-473-550,0.3602409639,0.7204819278,0.8902853187445975,0.000800535425,1.5,473.0,550.0,803.0421,1.9764187,79.379166,826.64954,23.607422,1.1609703,-0.8154484,208.06252,128.68335
1.5-473-550,0.04081632652,0.08163265304,0.6021818746711394,0.0005414757638,1.5,473.0,550.0,473.0,1.0570992,649.85333,526.4091,53.40912,0.51484483,-0.5422544,600.46497,-49.388367
1.5-473-550,0.4387755102,0.8775510204,0.03282169734692774,-2.951293353e-05,1.5,473.0,550.0,642.6025,2.0520809,412.372,838.4396,195.8371,1.3114693,-0.74061155,166.31277,-246.05923
1.5-473-550,0.06938775512,0.13877551024,0.9872047710533666,0.0008876844022,1.5,473.0,550.0,473.0,0.13245712,649.85333,566.1153,93.115295,0.57038456,0.43792742,553.7861,-96.06726
1.5-473-550,0.2204819277,0.4409638554,0.9337895728803226,-0.000839654004,1.5,473.0,550.0,979.2492,1.2578655,56.26808,741.6959,-237.55328,0.8736233,-0.38424224,338.74518,282.4771
1.5-473-550,0.1060240963,0.2120481926,0.9895407848051817,-0.0008897849218,1.5,473.0,550.0,593.47406,0.2528935,502.7761,614.6053,21.131226,0.64220965,0.38931614,496.28052,-6.495575
1.5-473-550,0.1831325301,0.3662650602,0.9872047710533666,-0.0008876844022,1.5,473.0,550.0,976.00305,0.29271364,56.403397,705.0406,-270.96246,0.79688436,0.5041707,385.89087,329.4875
1.5-473-550,0.2409638554,0.4819277108,0.9726063657286781,0.0008745576659,1.5,473.0,550.0,1127.1202,0.6979479,46.502975,759.46954,-367.6507,0.9160564,0.21810848,314.92502,268.42206
1.5-473-550,0.156626506,0.313253012,0.8705746216627653,0.0007828117684,1.5,473.0,550.0,533.4177,0.96099204,586.84955,675.99976,142.58203,0.7431136,-0.21787846,422.0077,-164.84186
1.5-473-550,0.2373493976,0.4746987952,0.9999999997775775,-0.0008991897406,1.5,473.0,550.0,1261.8448,-1.3699311e-08,40.60698,756.4589,-505.38593,0.9085564,0.9085564,319.01862,278.41162
1.5-473-550,0.1036144578,0.2072289156,0.9945113832197316,-0.0008942544329,1.5,473.0,550.0,612.4072,0.13572876,473.41763,611.5105,-0.8967285,0.637458,0.50172925,499.97366,26.55603
1.5-473-550,0.1710843373,0.3421686746,0.9993254186825348,-0.0008985831642,1.5,473.0,550.0,958.929,0.01500921,57.880814,692.13245,-266.79657,0.77236515,0.7573559,402.04956,344.16876
1.5-473-550,0.4857142857,0.9714285714,0.9872047710533666,-0.0008876844022,1.5,473.0,550.0,657.7645,0.6413325,360.59467,835.9764,178.21185,1.3951119,0.7537794,149.68243,-210.91223
1.5-473-550,0.4326530612,0.8653061224,0.9895407848051817,-0.0008897849218,1.5,473.0,550.0,679.0838,0.6413873,179.62955,838.2992,159.2154,1.3001999,0.6588126,168.88284,-10.746704
1.5-473-550,0.4408163265,0.881632653,0.993141646395439,-0.0008930227796,1.5,473.0,550.0,669.02936,0.42669547,265.78207,838.46063,169.43127,1.3152075,0.888512,165.4786,-100.30347
1.5-473-550,0.2602409639,0.5204819278,0.9772248215579286,0.000878710534,1.5,473.0,550.0,1113.9866,0.6317359,47.202866,774.58765,-339.39893,0.9561007,0.32436478,293.9124,246.70955
1.5-473-550,0.4591836735,0.918367347,0.9215172744995802,-0.0008286188792,1.5,473.0,550.0,660.5415,1.3349892,346.4254,838.098,177.55652,1.3484347,0.013445497,158.4512,-187.97421
1.5-473-550,0.04489795918,0.08979591836,0.8902853188558087,-0.0008005354251,1.5,473.0,550.0,473.0,0.7242492,649.85333,532.1707,59.170715,0.522762,-0.20148718,593.70734,-56.145996
1.5-473-550,0.1879518072,0.3759036144,0.3542741439827602,-0.0003185596757,1.5,473.0,550.0,505.95905,1.187877,616.97943,710.0616,204.10254,0.80672693,-0.38115013,379.55246,-237.42697
1.5-473-550,0.2337349397,0.4674698794,0.9915009044774012,-0.0008915474413,1.5,473.0,550.0,1238.6426,0.21495979,41.48015,753.3938,-485.24878,0.9010607,0.6861009,323.15985,281.6797
1.5-473-550,0.3,0.6,0.9671530515086588,-0.0008696541017,1.5,473.0,550.0,1021.8186,0.9964834,52.891434,800.6182,-221.20038,1.0385331,0.042049706,255.08527,202.19383
1.5-473-550,0.1879518072,0.3759036144,0.5396442233296441,0.0004852425493,1.5,473.0,550.0,513.09784,1.174052,609.44525,710.0616,196.96375,0.80672693,-0.36732507,379.55246,-229.89279
1.5-473-550,0.1590361445,0.318072289,0.7892004020960466,0.000709640905,1.5,473.0,550.0,517.9086,1.0183654,604.0956,678.7356,160.82697,0.74797565,-0.27038974,418.63962,-185.45596
1.5-473-550,0.4040816326,0.8081632652,0.960723235489121,-0.0008638724771,1.5,473.0,550.0,831.3571,1.6309259,73.85753,836.0125,4.6553955,1.2465314,-0.38439453,182.30653,108.449005
1.5-473-550,0.08163265309,0.16326530618,0.9671530515086588,0.0008696541017,1.5,473.0,550.0,473.0,0.34295297,649.85333,582.65,109.650024,0.59429836,0.2513454,534.25397,-115.599365
1.5-473-550,0.4265306122,0.8530612244,0.6021818746711394,-0.0005414757638,1.5,473.0,550.0,655.6865,2.218449,368.98346,838.04,182.35345,1.2888478,-0.9296013,171.55687,-197.42659
1.5-473-550,0.2518072289,0.5036144578,0.8705746216627653,0.0007828117684,1.5,473.0,550.0,712.6871,1.5892614,127.17323,768.16974,55.482666,0.93857545,-0.65068597,302.93387,175.76064
1.5-473-550,0.1072289156,0.2144578312,0.9872047710533666,-0.0008876844022,1.5,473.0,550.0,583.7735,0.30189443,516.0601,616.1474,32.3739,0.64458716,0.34269273,494.4389,-21.621216
1.5-473-550,0.126506024,0.253012048,0.9772248215579286,-0.000878710534,1.5,473.0,550.0,586.8999,0.57887614,512.2637,640.315,53.4151,0.68278444,0.1039083,465.43826,-46.82541
1.5-473-550,0.1506024096,0.3012048192,0.3542741439827602,-0.0003185596757,1.5,473.0,550.0,489.8701,1.0944283,633.2615,669.08014,179.21005,0.7309819,-0.3634464,430.49902,-202.76245
1.5-473-550,0.3265060241,0.6530120482,0.9215172744995802,-0.0008286188792,1.5,473.0,550.0,865.43475,1.670821,68.42854,814.0421,-51.39264,1.0929377,-0.57788324,232.65611,164.22757
1.5-473-550,0.4,0.8,0.960748093980033,-0.0008638948296,1.5,473.0,550.0,909.20544,1.6585797,62.918777,835.4528,-73.752625,1.2387233,-0.41985643,184.42905,121.51027
1.5-473-550,0.1012048192,0.2024096384,0.3542741439827602,-0.0003185596757,1.5,473.0,550.0,473.00015,1.1408259,649.8532,608.4016,135.40146,0.63271064,-0.50811523,503.68,-146.17322
1.5-473-550,0.3963855422,0.7927710844,0.9993254186825348,0.0008985831642,1.5,473.0,550.0,1094.7407,0.032663926,48.25374,834.90594,-259.83478,1.2317804,1.1991165,186.35379,138.10005
1.5-473-550,0.2168674698,0.4337349396,0.9998257452316341,-0.0008990330527,1.5,473.0,550.0,1292.9911,0.0024446708,39.92299,738.38257,-554.6085,0.8661558,0.8637111,343.10312,303.1801
1.5-473-550,0.1240963855,0.248192771,0.7525573838264147,0.0006766918789,1.5,473.0,550.0,488.5233,0.9622512,634.62445,637.3478,148.8245,0.677993,-0.2842582,469.0142,-165.61026
1.5-473-550,0.08571428574,0.17142857148,0.8206166047262803,-0.0007378900321,1.5,473.0,550.0,473.0,0.87556595,649.85333,588.0913,115.09131,0.6022886,-0.27327734,527.8107,-122.0426
1.5-473-550,0.1578313253,0.3156626506,0.4163512323516047,-0.0003743787567,1.5,473.0,550.0,494.45148,1.0994095,628.6251,677.37,182.91852,0.7455439,-0.35386556,420.3216,-208.30353
1.5-473-550,0.1445783132,0.2891566264,0.9999999997775775,-0.0008991897406,1.5,473.0,550.0,815.66815,-1.3699311e-08,76.78386,662.04877,-153.61938,0.7188834,0.7188834,439.09012,362.30627
1.5-473-550,0.1493975903,0.2987951806,0.9442484491033019,0.0008490585182,1.5,473.0,550.0,568.8501,0.8277307,541.5613,667.6827,98.83258,0.7285595,-0.09917122,432.20935,-109.35193
1.5-473-550,0.4326530612,0.8653061224,0.7525573838264147,-0.0006766918789,1.5,473.0,550.0,666.93115,1.9309219,285.71698,838.2992,171.36804,1.3001999,-0.63072205,168.88284,-116.83414
1.5-473-550,0.191566265,0.38313253,0.9811301448069191,0.0008822221606,1.5,473.0,550.0,1027.6085,0.43330824,52.471054,713.77264,-313.83588,0.8141214,0.38081318,374.8467,322.37567
1.5-473-550,0.1072289156,0.2144578312,0.9973789933391554,0.0008968329585,1.5,473.0,550.0,650.1048,0.0950145,390.28763,616.1474,-33.957397,0.64458716,0.54957265,494.4389,104.151276
1.5-473-550,0.04489795918,0.08979591836,0.9726063657286781,0.0008745576659,1.5,473.0,550.0,473.0,0.27964276,649.85333,532.1707,59.170715,0.522762,0.24311924,593.70734,-56.145996
1.5-473-550,0.2156626506,0.4313253012,0.8705746216627653,-0.0007828117684,1.5,473.0,550.0,664.8063,1.3948302,269.28036,737.2666,72.46033,0.86366826,-0.53116196,344.56583,75.28546
1.5-473-550,0.2337349398,0.4674698796,0.4163512326852384,0.000374378757,1.5,473.0,550.0,522.8001,1.3552938,598.65625,753.3938,230.59369,0.9010607,-0.45423305,323.15985,-275.4964
1.5-473-550,0.4469387755,0.893877551,0.9985491866279087,-0.0008978851843,1.5,473.0,550.0,665.19336,0.0803424,302.2276,838.4484,173.25507,1.3263664,1.246024,163.04166,-139.18594
1.5-473-550,0.4408163265,0.881632653,0.9999999997775775,0.0008991897406,1.5,473.0,550.0,669.06525,-1.3699311e-08,265.44107,838.46063,169.39539,1.3152075,1.3152075,165.4786,-99.96246
1.5-473-550,0.3746987952,0.7493975904,0.9915009044774012,0.0008915474413,1.5,473.0,550.0,1080.1138,0.3862489,49.10405,830.57745,-249.53632,1.1895833,0.8033344,198.8265,149.72246
1.5-473-550,0.2843373494,0.5686746988,0.8206166047262803,-0.0007378900321,1.5,473.0,550.0,660.9836,1.6871148,323.04416,791.2049,130.22131,1.0061315,-0.6809833,269.64264,-53.40152
1.5-473-550,0.2108433734,0.4216867468,0.9872047710533666,0.0008876844022,1.5,473.0,550.0,1243.4893,0.30845952,41.28804,732.74567,-510.7436,0.8537269,0.5452674,350.46652,309.17847
1.5-473-550,0.1927710843,0.3855421686,0.9895407848051817,-0.0008897849218,1.5,473.0,550.0,1091.6136,0.24417649,48.440353,714.9991,-376.61456,0.8165886,0.5724121,373.28738,324.84705
1.5-473-550,0.1144578313,0.2289156626,0.09831793589120096,8.840647929e-05,1.5,473.0,550.0,473.6481,1.130431,649.24194,625.32336,151.67526,0.6588757,-0.47155535,483.45975,-165.7822
1.5-473-550,0.2156626506,0.4313253012,0.22784103821928303,0.0002048723241,1.5,473.0,550.0,512.66077,1.3100692,609.9312,737.2666,224.60583,0.86366826,-0.44640094,344.56583,-265.3654
1.5-473-550,0.3180722892,0.6361445784,0.9772248215579286,-0.000878710534,1.5,473.0,550.0,1059.0256,0.76975524,50.39125,810.11163,-248.914,1.0757005,0.30594528,239.49231,189.10106
1.5-473-550,0.2927710844,0.5855421688,0.7892004020960466,0.000709640905,1.5,473.0,550.0,649.4052,1.7076935,390.2067,796.4104,147.00519,1.0235959,-0.6840975,261.68384,-128.52286
1.5-473-550,0.3590361446,0.7180722892,0.9531521909241071,0.0008570646715,1.5,473.0,550.0,927.69794,1.4904372,60.902298,826.2832,-101.414734,1.1585699,-0.33186722,208.86667,147.96437
1.5-473-550,0.07959183676,0.15918367352,0.16340484097302546,-0.0001469319566,1.5,473.0,550.0,473.0,1.1807365,649.85333,579.91595,106.915955,0.59030706,-0.5904295,537.48834,-112.36499
1.5-473-550,0.191566265,0.38313253,0.9996041061370615,-0.0008988337571,1.5,473.0,550.0,1122.9935,0.007874594,46.72145,713.77264,-409.2209,0.8141214,0.8062468,374.8467,328.12524
1.5-473-550,0.1445783132,0.2891566264,0.09831793589120096,8.840647929e-05,1.5,473.0,550.0,484.7601,1.1041603,638.43274,662.04877,177.28867,0.7188834,-0.3852769,439.09012,-199.34262
1.5-473-550,0.04897959184,0.09795918368,0.8902853188558087,-0.0008005354251,1.5,473.0,550.0,473.0,0.72924054,649.85333,537.9038,64.90381,0.5306839,-0.19855666,586.97845,-62.874878
1.5-473-550,0.1771084337,0.3542168674,0.9811301448069191,0.0008822221606,1.5,473.0,550.0,888.68475,0.42876345,65.240555,698.6491,-190.03564,0.7846089,0.35584545,393.9151,328.67456
1.5-473-550,0.1843373494,0.3686746988,0.9999999997775775,0.0008991897406,1.5,473.0,550.0,1055.9906,-1.3699311e-08,50.61583,706.3036,-349.687,0.79934317,0.79934317,384.29947,333.68365
1.5-473-550,0.1192771084,0.2385542168,0.9965972946963587,-0.0008961300631,1.5,473.0,550.0,684.4284,0.19627129,156.39078,631.3662,-53.062195,0.6684247,0.47215343,476.2089,319.8181
1.5-473-550,0.2493975904,0.4987951808,0.3542741437603377,0.0003185596755,1.5,473.0,550.0,524.704,1.3982377,596.5392,766.27966,241.57568,0.9335694,-0.46466833,305.5607,-290.9785
1.5-473-550,0.2048192771,0.4096385542,0.9895407848051817,0.0008897849218,1.5,473.0,550.0,1200.0205,0.25873673,43.06813,726.96765,-473.05286,0.8413215,0.5825848,357.9532,314.88507
1.5-473-550,0.2626506024,0.5253012048,0.7892004020960466,0.000709640905,1.5,473.0,550.0,635.64966,1.5740448,428.03052,776.36456,140.7149,0.9611081,-0.61293674,291.38452,-136.646
1.5-473-550,0.2469879518,0.4939759036,0.9215172744995802,-0.0008286188792,1.5,473.0,550.0,880.5331,1.4388368,66.504135,764.3648,-116.168274,0.92856413,-0.5102727,308.20926,241.70512
1.5-473-550,0.1891566265,0.378313253,0.9442484491033019,0.0008490585182,1.5,473.0,550.0,757.32794,0.9924702,94.60629,711.3039,-46.024048,0.8091906,-0.18327963,377.97928,283.373
1.5-473-550,0.1168674698,0.2337349396,0.16340484119544796,0.0001469319568,1.5,473.0,550.0,474.2782,1.1194115,648.6476,628.35236,154.07416,0.66364783,-0.45576364,479.82736,-168.82022
1.5-473-550,0.08367346941,0.16734693882,0.16340484119544796,0.0001469319568,1.5,473.0,550.0,473.0,1.1805824,649.85333,585.3752,112.37518,0.5982922,-0.58229023,531.0281,-118.82526
1.5-473-550,0.01224489793,0.02448979586,0.9973789934503665,-0.0008968329586,1.5,473.0,550.0,473.0,0.023499178,649.85333,485.34247,12.342468,0.45951176,0.43601257,648.5283,-1.3250122
1.5-473-550,0.3542168675,0.708433735,0.16340484097302546,-0.0001469319566,1.5,473.0,550.0,584.4461,1.8000978,515.16895,824.75684,240.31073,1.1489443,-0.65115356,212.13725,-303.03168
1.5-473-550,0.2012048193,0.4024096386,0.9811301448069191,0.0008822221606,1.5,473.0,550.0,1146.5444,0.4332152,45.529373,723.43427,-423.11017,0.8338903,0.40067512,362.50345,316.97406
1.5-473-550,0.3253012049,0.6506024098,0.8206166047262803,-0.0007378900321,1.5,473.0,550.0,680.57465,1.8774322,209.43767,813.5,132.92535,1.0904801,-0.78695214,233.61565,24.177979
1.5-473-550,0.3349397591,0.6698795182,0.9215172744995802,0.0008286188792,1.5,473.0,550.0,863.31757,1.7029734,68.72218,817.6576,-45.659973,1.1100926,-0.5928807,226.0981,157.37592
1.5-473-550,0.1506024096,0.3012048192,0.16340484097302546,-0.0001469319566,1.5,473.0,550.0,487.67355,1.1073265,635.4844,669.08014,181.40659,0.7309819,-0.37634462,430.49902,-204.98535
1.5-473-550,0.2385542169,0.4771084338,0.22784103821928303,0.0002048723241,1.5,473.0,550.0,518.4535,1.365828,603.48975,757.46857,239.01508,0.911056,-0.45477206,317.64877,-285.84097
1.5-473-550,0.2686746988,0.5373493976,0.9985491866279087,0.0008978851843,1.5,473.0,550.0,1205.7085,0.040398642,42.82637,780.69556,-425.01294,0.97362465,0.933226,285.16223,242.33586
1.5-473-550,0.330120482,0.660240964,0.8902853188558087,-0.0008005354251,1.5,473.0,550.0,802.6432,1.8320482,79.55084,815.63,12.986816,1.1003006,-0.7317476,229.81161,150.26077
1.5-473-550,0.148192771,0.296385542,0.9998257452316341,-0.0008990330527,1.5,473.0,550.0,831.53644,0.003312872,73.57376,666.2808,-165.25562,0.72613853,0.72282565,433.92365,360.34988
1.5-473-550,0.1831325301,0.3662650602,0.9985491866279087,-0.0008978851843,1.5,473.0,550.0,1039.6868,0.032780036,51.64296,705.0406,-334.64618,0.79688436,0.7641043,385.89087,334.24792
1.5-473-550,0.3686746989,0.7373493978,0.8902853188558087,-0.0008005354251,1.5,473.0,550.0,804.6324,2.0220547,79.006256,829.045,24.412598,1.1777055,-0.84434915,202.58278,123.57652
1.5-473-550,0.256626506,0.513253012,0.22784103821928303,0.0002048723241,1.5,473.0,550.0,522.7458,1.4133537,598.71674,771.8748,249.12903,0.94858944,-0.46476424,297.74576,-300.97098
1.5-473-550,0.2807228916,0.5614457832,0.999825745120423,0.0008990330526,1.5,473.0,550.0,1198.3507,0.0029850465,43.139114,788.8765,-409.47418,0.99863684,0.9956518,273.13913,230.00002
1.5-473-550,0.351807229,0.703614458,0.9726063657286781,0.0008745576659,1.5,473.0,550.0,1006.3233,1.030583,53.992294,823.9568,-182.36652,1.1441177,0.11353469,213.80511,159.81282
1.5-473-550,0.1722891566,0.3445783132,0.9337895728803226,0.000839654004,1.5,473.0,550.0,609.37573,0.9449589,478.0521,693.4456,84.069885,0.7748113,-0.1701476,400.41397,-77.63812
1.5-473-550,0.3493975904,0.6987951808,0.47796385156444166,0.0004297801918,1.5,473.0,550.0,608.92975,1.844548,479.1063,823.132,214.20227,1.1392822,-0.70526576,215.49486,-263.61145
1.5-473-550,0.3132530121,0.6265060242,0.16340484119544796,0.0001469319568,1.5,473.0,550.0,545.20245,1.5845116,573.2663,807.7232,262.52075,1.0658176,-0.51869404,243.5243,-329.742
1.5-473-550,0.01224489793,0.02448979586,0.9996041061370615,-0.0008988337571,1.5,473.0,550.0,473.0,0.0029173356,649.85333,485.34247,12.342468,0.45951176,0.4565944,648.5283,-1.3250122
1.5-473-550,0.1397590361,0.2795180722,0.6021818746711394,-0.0005414757638,1.5,473.0,550.0,490.9755,1.0404154,632.14276,656.34534,165.36984,0.7092285,-0.3311869,446.0332,-186.10956
1.5-473-550,0.1771084337,0.3542168674,0.998978267368595,0.0008982710093,1.5,473.0,550.0,997.9242,0.022802101,54.646317,698.6491,-299.2751,0.7846089,0.7618068,393.9151,339.2688
1.5-473-550,0.113253012,0.226506024,0.47796385156444166,0.0004297801918,1.5,473.0,550.0,474.90533,1.070878,648.0559,623.8032,148.89789,0.6564914,-0.41438663,485.28113,-162.77478
1.5-473-550,0.1084337349,0.2168674698,0.9844268823757469,0.0008851865532,1.5,473.0,550.0,572.6155,0.3525526,536.0062,617.68585,45.070374,0.64696574,0.29441315,492.6006,-43.40564
1.5-473-550,0.1554216867,0.3108433734,0.9993254186825348,-0.0008985831642,1.5,473.0,550.0,863.0785,0.018321382,68.62529,674.62494,-188.45355,0.74068457,0.7223632,423.69788,355.07257
1.5-473-550,0.1168674698,0.2337349396,0.9999999997775775,-0.0008991897406,1.5,473.0,550.0,704.4953,-1.3699311e-08,122.80118,628.35236,-76.142944,0.66364783,0.66364783,479.82736,357.02618
1.5-473-550,0.1,0.2,0.9945146915314984,0.0008942574077,1.5,473.0,550.0,526.637,0.07909213,591.0867,606.8419,80.204895,0.63033855,0.5512464,505.53802,-85.548645
1.5-473-550,0.3481927711,0.6963855422,0.9980223152919674,0.000897411427,1.5,473.0,550.0,1137.4557,0.07540302,45.977432,822.7103,-314.74536,1.1368612,1.0614582,216.34798,170.37054
1.5-473-550,0.2445783133,0.4891566266,0.9215172744995802,-0.0008286188792,1.5,473.0,550.0,882.9539,1.4290138,66.208115,762.4251,-120.52881,0.92356,-0.5054538,310.87943,244.67131
1.5-473-550,0.1759036144,0.3518072288,0.8902853187445975,0.000800535425,1.5,473.0,550.0,570.3199,1.0196716,538.5193,697.3557,127.03583,0.7821576,-0.23751396,395.53323,-142.98605
1.5-473-550,0.113253012,0.226506024,0.9996041061370615,-0.0008988337571,1.5,473.0,550.0,688.30164,0.021696316,146.04814,623.8032,-64.49841,0.6564914,0.63479507,485.28113,339.23297
1.5-473-550,0.4755102041,0.9510204082,0.8206166047262803,0.0007378900321,1.5,473.0,550.0,657.9826,1.5777435,359.7143,836.9998,179.01721,1.3773421,-0.20040143,152.87671,-206.83759
1.5-473-550,0.3638554217,0.7277108434,0.9215172744995802,0.0008286188792,1.5,473.0,550.0,854.6128,1.840952,69.9355,827.7122,-26.900574,1.1681573,-0.6727947,205.68219,135.74669
1.5-473-550,0.1337349397,0.2674698794,0.9945113832197316,-0.0008942544329,1.5,473.0,550.0,726.6798,0.2380734,105.20557,649.1206,-77.559204,0.6971892,0.4591158,454.79785,349.5923
1.5-473-550,0.3313253012,0.6626506024,0.9726063657286781,-0.0008745576659,1.5,473.0,550.0,1024.7253,0.9492101,52.67891,816.1465,-208.57886,1.1027513,0.15354115,228.87477,176.19586
1.5-473-550,0.4285714286,0.8571428572,0.3542741437603377,0.0003185596755,1.5,473.0,550.0,644.2976,2.1791465,407.69003,838.13983,193.84222,1.2926409,-0.8865056,170.65378,-237.03625
1.5-473-550,0.2397590361,0.4795180722,0.5396442233296441,0.0004852425493,1.5,473.0,550.0,533.6102,1.3798743,586.63544,758.4721,224.86188,0.913556,-0.46631837,316.2842,-270.35123
1.5-473-550,0.3578313253,0.7156626506,0.16340484097302546,-0.0001469319566,1.5,473.0,550.0,588.09265,1.8235738,510.33145,825.91077,237.81812,1.156167,-0.6674068,209.67621,-300.65524
1.5-473-550,0.2120481927,0.4240963854,0.9772248215579286,-0.000878710534,1.5,473.0,550.0,1200.6746,0.540925,43.042343,733.88446,-466.7901,0.85621095,0.31528592,348.9839,305.94153
1.5-473-550,0.1903614457,0.3807228914,0.9985491866279087,-0.0008978851843,1.5,473.0,550.0,1105.8009,0.034090802,47.638046,712.5409,-393.26,0.8116554,0.7775646,376.4107,328.77264
1.5-473-550,0.3265060241,0.6530120482,0.9973789934503665,-0.0008968329586,1.5,473.0,550.0,1152.7345,0.09184967,45.224167,814.0421,-338.69238,1.0929377,1.001088,232.65611,187.43195
1.5-473-550,0.213253012,0.426506024,0.9915009044774012,-0.0008915474413,1.5,473.0,550.0,1261.9321,0.21108626,40.589676,735.0175,-526.9146,0.8586958,0.64760953,347.50623,306.91656
1.5-473-550,0.1506024096,0.3012048192,0.998978267368595,0.0008982710093,1.5,473.0,550.0,837.0376,0.03105359,72.69075,669.08014,-167.95746,0.7309819,0.6999283,430.49902,357.8083
1.5-473-550,0.4428571429,0.8857142858,0.09831793589120096,8.840647929e-05,1.5,473.0,550.0,643.8998,2.038857,408.78882,838.469,194.56921,1.3189363,-0.71992064,164.65541,-244.1334
1.5-473-550,0.1903614457,0.3807228914,0.9956514833048237,0.0008952795992,1.5,473.0,550.0,1091.3733,0.10538648,48.44951,712.5409,-378.8324,0.8116554,0.7062689,376.4107,327.96118
1.5-473-550,0.1975903614,0.3951807228,0.03282169734692774,-2.951293353e-05,1.5,473.0,550.0,505.3159,1.240829,617.6304,719.85156,214.53568,0.82646865,-0.41436034,367.09677,-250.5336
1.5-473-550,0.365060241,0.730120482,0.9985491866279087,-0.0008978851843,1.5,473.0,550.0,1123.9254,0.05935131,46.66957,828.0544,-295.87103,1.1705482,1.1111969,204.89938,158.22981
1.5-473-550,0.308433735,0.61686747,0.8902853188558087,-0.0008005354251,1.5,473.0,550.0,799.3681,1.7535154,80.39458,805.2308,5.862671,1.0559129,-0.6976025,247.64798,167.2534
1.5-473-550,0.2506024096,0.5012048192,0.9337895728803226,0.000839654004,1.5,473.0,550.0,922.4351,1.3606447,61.51555,767.22784,-155.20728,0.9360723,-0.4245724,304.24457,242.72902
1.5-473-550,0.4510204082,0.9020408164,0.9956514833048237,-0.0008952795992,1.5,473.0,550.0,663.414,0.24436955,319.13373,838.379,174.96503,1.3337595,1.08939,161.47038,-157.66335
1.5-473-550,0.3746987952,0.7493975904,0.9071317792997667,0.0008156835895,1.5,473.0,550.0,829.52936,1.9899944,74.09894,830.57745,1.0480957,1.1895833,-0.8004111,198.8265,124.72757
1.5-473-550,0.3686746989,0.7373493978,0.8705746216627653,-0.0007828117684,1.5,473.0,550.0,775.1302,2.0802317,86.41116,829.045,53.914795,1.1777055,-0.90252614,202.58278,116.171616
1.5-473-550,0.0897959184,0.1795918368,0.9071317792997667,-0.0008156835895,1.5,473.0,550.0,473.0,0.6902879,649.85333,593.49603,120.49603,0.61028904,-0.07999885,521.4024,-128.45093
1.5-473-550,0.3240963856,0.6481927712,0.22784103821928303,0.0002048723241,1.5,473.0,550.0,558.8865,1.6417246,555.65497,812.9514,254.06494,1.0880208,-0.5537038,234.58084,-321.07413
1.5-473-550,0.02040816324,0.04081632648,0.9872047710533666,-0.0008876844022,1.5,473.0,550.0,473.0,0.11966108,649.85333,497.20004,24.200043,0.47531137,0.3556503,634.66583,-15.1875
1.5-473-550,0.4530612245,0.906122449,0.9844268823757469,-0.0008851865532,1.5,473.0,550.0,662.6044,0.7431246,326.8259,838.3263,175.72192,1.3374422,0.59431756,160.70035,-166.12555
1.5-473-550,0.09591836738,0.19183673476,0.9442484491033019,0.0008490585182,1.5,473.0,550.0,473.0,0.5217832,649.85333,601.53253,128.53253,0.6223101,0.10052693,511.85657,-137.99677
1.5-473-550,0.4102040816,0.8204081632,0.9872047710533666,-0.0008876844022,1.5,473.0,550.0,771.30255,0.84736514,87.214554,836.7392,65.436646,1.2581785,0.41081333,179.22208,92.00752
1.5-473-550,0.2807228916,0.5614457832,0.9671530515086588,-0.0008696541017,1.5,473.0,550.0,1039.018,0.9361789,51.692978,788.8765,-250.14142,0.99863684,0.06245792,273.13913,221.44615
1.5-473-550,0.213253012,0.426506024,0.7525573838264147,-0.0006766918789,1.5,473.0,550.0,555.4361,1.3011738,560.15515,735.0175,179.58142,0.8586958,-0.442478,347.50623,-212.64893
1.5-473-550,0.3686746989,0.7373493978,0.9811301446957078,-0.0008822221605,1.5,473.0,550.0,1032.382,0.80503535,52.136276,829.045,-203.33698,1.1777055,0.37267017,202.58278,150.4465
1.5-473-550,0.3445783133,0.6891566266,0.9872047710533666,-0.0008876844022,1.5,473.0,550.0,1087.3245,0.49262115,48.68486,821.4078,-265.9167,1.1295851,0.63696396,218.94037,170.25551
1.5-473-550,0.2686746988,0.5373493976,0.960723235489121,-0.0008638724771,1.5,473.0,550.0,1022.641,1.0312784,52.84001,780.69556,-241.94543,0.97362465,-0.057653725,285.16223,232.32222
1.5-473-550,0.4877551021,0.9755102042,0.960723235489121,-0.0008638724771,1.5,473.0,550.0,657.6491,1.1214504,361.0606,835.74255,178.09344,1.3986388,0.27718842,149.0685,-211.99211
1.5-473-550,0.2927710844,0.5855421688,0.9973789933391554,-0.0008968329585,1.5,473.0,550.0,1177.2898,0.08183633,44.07527,796.4104,-380.8794,1.0235959,0.9417596,261.68384,217.60857
1.5-473-550,0.02040816324,0.04081632648,0.8206166047262803,-0.0007378900321,1.5,473.0,550.0,473.0,0.8531208,649.85333,497.20004,24.200043,0.47531137,-0.37780944,634.66583,-15.1875
1.5-473-550,0.191566265,0.38313253,0.03282169734692774,-2.951293353e-05,1.5,473.0,550.0,503.25122,1.2130659,619.7198,713.77264,210.52142,0.8141214,-0.39894444,374.8467,-244.87308
1.5-473-550,0.2457831325,0.491566265,0.16340484119544796,0.0001469319568,1.5,473.0,550.0,519.1049,1.3843592,602.7653,763.398,244.29309,0.9260619,-0.4582973,309.54166,-293.22366
1.5-473-550,0.05306122449,0.10612244898,0.03282169735804886,2.951293354e-05,1.5,473.0,550.0,473.0,1.2176893,649.85333,543.6077,70.60773,0.53861105,-0.6790782,580.2788,-69.574524
1.5-473-550,0.3662650603,0.7325301206,0.03282169735804886,2.951293354e-05,1.5,473.0,550.0,593.0923,1.8711175,503.32925,828.39056,235.29828,1.1729364,-0.69818103,204.12192,-299.20734
1.5-473-550,0.1192771084,0.2385542168,0.16340484119544796,0.0001469319568,1.5,473.0,550.0,474.9451,1.1138607,648.0185,631.3662,156.42111,0.6684247,-0.445436,476.2089,-171.8096
1.5-473-550,0.06530612246,0.13061224492,0.47796385156444166,0.0004297801918,1.5,473.0,550.0,473.0,1.113794,649.85333,560.53613,87.53613,0.5624303,-0.55136365,560.3623,-89.49103
1.5-473-550,0.2542168675,0.508433735,0.8902853188558087,-0.0008005354251,1.5,473.0,550.0,777.0292,1.5844755,86.87999,770.03485,-6.9943237,0.94358224,-0.6408933,300.32883,213.44884
1.5-473-550,0.03265306121,0.06530612242,0.993141646395439,0.0008930227796,1.5,473.0,550.0,473.0,0.06594692,649.85333,514.8036,41.80359,0.49902278,0.43307585,614.0646,-35.788757
1.5-473-550,0.2855421687,0.5710843374,0.9215172744995802,-0.0008286188792,1.5,473.0,550.0,870.64813,1.5407182,67.728806,791.968,-78.680115,1.0086285,-0.5320897,268.48853,200.75972
1.5-473-550,0.126506024,0.253012048,0.29146971579860803,-0.0002620865782,1.5,473.0,550.0,478.30447,1.0911589,644.8494,640.315,162.01053,0.68278444,-0.40837443,465.43826,-179.41116
1.5-473-550,0.2686746988,0.5373493976,0.9772248215579286,-0.000878710534,1.5,473.0,550.0,1104.5966,0.64831203,47.70775,780.69556,-323.901,0.97362465,0.3253126,285.16223,237.45448
1.5-473-550,0.2289156626,0.4578313252,0.9996041061370615,-0.0008988337571,1.5,473.0,550.0,1284.5854,0.007975922,39.92299,749.2229,-535.36255,0.89107424,0.8830983,328.75485,288.83185
1.5-473-550,0.4163265306,0.8326530612,0.8475322498919685,0.0007620923041,1.5,473.0,550.0,703.62665,2.1347613,123.13127,837.3336,133.70697,1.2697465,-0.8650148,176.25401,53.12274
1.5-473-550,0.3891566266,0.7783132532,0.9999999997775775,-0.0008991897406,1.5,473.0,550.0,1106.7861,-1.3699311e-08,47.61055,833.6652,-273.1209,1.217816,1.217816,190.33295,142.7224
1.5-473-550,0.3204819277,0.6409638554,0.9844268823757469,-0.0008851865532,1.5,473.0,550.0,1094.3768,0.5388809,48.274887,811.2669,-283.10992,1.0806333,0.5417524,237.5106,189.23572
1.5-473-550,0.2397590361,0.4795180722,0.9844268823757469,-0.0008851865532,1.5,473.0,550.0,1189.2277,0.4014027,43.530746,758.4721,-430.75555,0.913556,0.51215327,316.2842,272.75348
1.5-473-550,0.09387755105,0.1877551021,0.4163512323516047,-0.0003743787567,1.5,473.0,550.0,473.0,1.133676,649.85333,598.8632,125.86322,0.6183003,-0.51537573,515.02954,-134.82379
1.5-473-550,0.3662650603,0.7325301206,0.29146971579860803,-0.0002620865782,1.5,473.0,550.0,603.0474,1.8995216,488.53558,828.39056,225.34314,1.1729364,-0.72658515,204.12192,-284.41367
1.5-473-550,0.1951807229,0.3903614458,0.6021818746711394,0.0005414757638,1.5,473.0,550.0,520.8613,1.205179,600.8122,717.43604,196.5747,0.82152635,-0.38365263,370.18268,-230.62952
1.5-473-550,0.3060240964,0.6120481928,0.9973789934503665,-0.0008968329586,1.5,473.0,550.0,1167.2069,0.085234806,44.536423,803.9455,-363.2614,1.0509529,0.9657181,249.74422,205.2078
1.5-473-550,0.4,0.8,0.032835376350859716,-2.952523355e-05,1.5,473.0,550.0,621.432,2.143792,457.9891,835.4528,214.02081,1.2387233,-0.90506864,184.42905,-273.56006
1.5-473-550,0.126506024,0.253012048,0.9531521909241071,0.0008570646715,1.5,473.0,550.0,536.7896,0.7111449,583.09827,640.315,103.52539,0.68278444,-0.028360486,465.43826,-117.66
1.5-473-550,0.3626506025,0.725301205,0.9844268823757469,0.0008851865532,1.5,473.0,550.0,1054.5653,0.65288717,50.674667,827.364,-227.2013,1.1657642,0.51287705,206.47029,155.79562
1.5-473-550,0.221686747,0.443373494,0.9999999997775775,-0.0008991897406,1.5,473.0,550.0,1298.3981,-1.3699311e-08,39.92299,742.7888,-555.60925,0.87611413,0.87611413,337.30264,297.37964
1.5-473-550,0.3228915663,0.6457831326,0.9872047710533666,0.0008876844022,1.5,473.0,550.0,1106.3828,0.44888583,47.60695,812.39636,-293.98645,1.0855598,0.63667405,235.55174,187.9448
1.5-473-550,0.3927710844,0.7855421688,0.8902853187445975,0.000800535425,1.5,473.0,550.0,803.8039,2.22653,79.13408,834.31036,30.50647,1.2248112,-1.0017189,188.32155,109.18747
1.5-473-550,0.1795180723,0.3590361446,0.9996041060258503,0.000898833757,1.5,473.0,550.0,1009.72986,0.007857547,53.73149,701.2209,-308.50897,0.7895153,0.78165776,390.69208,336.96057
1.5-473-550,0.2698795181,0.5397590362,0.9999999997775775,-0.0008991897406,1.5,473.0,550.0,1210.1224,-1.3699311e-08,42.656265,781.5426,-428.57983,0.9761274,0.9761274,283.93457,241.2783
1.5-473-550,0.03265306121,0.06530612242,0.9337895728803226,-0.000839654004,1.5,473.0,550.0,473.0,0.553065,649.85333,514.8036,41.80359,0.49902278,-0.05404222,614.0646,-35.788757
1.5-473-550,0.1542168674,0.3084337348,0.22784103821928303,0.0002048723241,1.5,473.0,550.0,489.76953,1.1086491,633.3633,673.2455,183.47595,0.73825693,-0.3703922,425.3921,-207.97119
1.5-473-550,0.4061224489,0.8122448978,0.16340484097302546,-0.0001469319566,1.5,473.0,550.0,627.48,2.1790025,446.49805,836.26965,208.78967,1.2504224,-0.92858016,181.26524,-265.2328
1.5-473-550,0.3590361446,0.7180722892,0.9442484491033019,-0.0008490585182,1.5,473.0,550.0,903.7699,1.6119599,63.48732,826.2832,-77.486694,1.1585699,-0.45339,208.86667,145.37935
1.5-473-550,0.08775510207,0.17551020414,0.9895407848051817,0.0008897849218,1.5,473.0,550.0,473.0,0.10777514,649.85333,590.7983,117.79828,0.6062875,0.49851233,524.6022,-125.25116
1.5-473-550,0.3373493976,0.6746987952,0.6600967573005477,0.0005935522321,1.5,473.0,550.0,632.8073,1.8523525,435.08865,818.6331,185.8258,1.1149776,-0.7373749,224.27512,-210.81354
1.5-473-550,0.3891566266,0.7783132532,0.9844268823757469,0.0008851865532,1.5,473.0,550.0,1026.8279,0.7806742,52.525803,833.6652,-193.16266,1.217816,0.43714178,190.33295,137.80714
1.5-473-550,0.1746987951,0.3493975902,0.8902853188558087,-0.0008005354251,1.5,473.0,550.0,568.0578,1.0137088,542.5455,696.0573,127.99951,0.77970755,-0.23400128,397.1558,-145.38968
1.5-473-550,0.2204819277,0.4409638554,0.9671530515086588,-0.0008696541017,1.5,473.0,550.0,1153.5557,0.7539014,45.184525,741.6959,-411.85974,0.8736233,0.11972189,338.74518,293.56067
1.5-473-550,0.1819277108,0.3638554216,0.7892004020960466,-0.000709640905,1.5,473.0,550.0,537.4324,1.1010977,582.3491,703.77246,166.34009,0.7944268,-0.3066709,387.4868,-194.86234
1.5-473-550,0.002040816309,0.004081632618,0.9993254189049573,-0.0008985831644,1.5,473.0,550.0,473.0,0.010876046,649.85333,470.3929,-2.6070862,0.43976393,0.42888787,665.9932,16.139893
1.5-473-550,0.1253012048,0.2506024096,0.9999999997775775,0.0008991897406,1.5,473.0,550.0,737.2418,-1.3699311e-08,100.11145,638.8334,-98.40845,0.6803881,0.6803881,467.2244,367.11295
1.5-473-550,0.4714285714,0.9428571428,0.47796385156444166,-0.0004297801918,1.5,473.0,550.0,656.4685,1.870593,365.8267,837.33856,180.87006,1.3701704,-0.5004226,154.21498,-211.61171
1.5-473-550,0.4020408163,0.8040816326,0.8902853189670199,-0.0008005354252,1.5,473.0,550.0,796.7186,2.2676187,80.648026,835.74023,39.021606,1.2426316,-1.0249871,183.3611,102.71307
1.5-473-550,0.1554216867,0.3108433734,0.5396442233296441,-0.0004852425493,1.5,473.0,550.0,496.97388,1.0779899,626.07245,674.62494,177.65106,0.74068457,-0.33730537,423.69788,-202.37457
1.5-473-550,0.1493975903,0.2987951806,0.8206166047262803,0.0007378900321,1.5,473.0,550.0,514.76355,0.97568935,607.59296,667.6827,152.91913,0.7285595,-0.24712986,432.20935,-175.3836
1.5-473-550,0.2951807229,0.5903614458,0.9442484491033019,0.0008490585182,1.5,473.0,550.0,935.1964,1.3707583,60.153976,797.8391,-137.3573,1.0285786,-0.34217966,259.4614,199.30742
1.5-473-550,0.06938775512,0.13877551024,0.9772248215579286,-0.000878710534,1.5,473.0,550.0,473.0,0.23856984,649.85333,566.1153,93.115295,0.57038456,0.3318147,553.7861,-96.06726
1.5-473-550,0.2084337349,0.4168674698,0.8475322498919685,0.0007620923041,1.5,473.0,550.0,605.9846,1.295129,482.9231,730.4513,124.466675,0.84876186,-0.44636708,353.4465,-129.4766
1.5-473-550,0.4367346939,0.8734693878,0.7098470004029654,0.0006382871403,1.5,473.0,550.0,662.9773,1.8839712,323.28265,838.40576,175.42847,1.3077221,-0.5762491,167.15813,-156.12453
1.5-473-550,0.308433735,0.61686747,0.9993254186825348,0.0008985831642,1.5,473.0,550.0,1174.8262,0.020044373,44.187973,805.2308,-369.5954,1.0559129,1.0358685,247.64798,203.46
1.5-473-550,0.4897959184,0.9795918368,0.7892004020960466,-0.000709640905,1.5,473.0,550.0,657.4017,1.6287049,362.0595,835.4993,178.09766,1.4021567,-0.2265482,148.46263,-213.59688
1.5-473-550,0.2939759036,0.5879518072,0.6021818746711394,0.0005414757638,1.5,473.0,550.0,593.7361,1.6198161,502.0491,797.128,203.3919,1.0260878,-0.5937283,260.56976,-241.47934
1.5-473-550,0.4653061225,0.930612245,0.9999999997775775,0.0008991897406,1.5,473.0,550.0,659.80566,-1.3699311e-08,352.3546,837.7675,177.96185,1.359344,1.359344,156.29063,-196.06398
1.5-473-550,0.3722891567,0.7445783134,0.9872047710533666,0.0008876844022,1.5,473.0,550.0,1060.1448,0.57044053,50.319473,829.9821,-230.16266,1.18484,0.61439943,200.31342,149.99394
1.5-473-550,0.1602409638,0.3204819276,0.8902853187445975,0.000800535425,1.5,473.0,550.0,545.6075,0.9549542,572.7729,680.0966,134.48914,0.75040865,-0.20454556,416.96173,-155.81116
1.5-473-550,0.343373494,0.686746988,0.960723235489121,-0.0008638724771,1.5,473.0,550.0,964.8763,1.2805154,57.372726,820.9611,-143.91516,1.1271557,-0.15335977,219.81557,162.44284
1.5-473-550,0.1409638554,0.2819277108,0.9872047710533666,0.0008876844022,1.5,473.0,550.0,696.78125,0.47313583,131.13188,657.77765,-39.0036,0.71164024,0.23850441,444.29163,313.15973
1.5-473-550,0.2638554217,0.5277108434,0.9531521909241071,0.0008570646715,1.5,473.0,550.0,994.458,1.1478713,54.943344,777.24347,-217.21454,0.96361166,-0.1842596,290.1289,235.18556
1.5-473-550,0.1337349397,0.2674698794,0.16340484097302546,-0.0001469319566,1.5,473.0,550.0,480.42966,1.0986998,642.81494,649.1206,168.69095,0.6971892,-0.4015106,454.79785,-188.01709
1.5-473-550,0.1469879518,0.2939759036,0.9985491866279087,-0.0008978851843,1.5,473.0,550.0,817.9358,0.047536477,76.197296,664.8746,-153.06122,0.7237188,0.6761823,435.64185,359.44455
1.5-473-550,0.1554216867,0.3108433734,0.6021818746711394,0.0005414757638,1.5,473.0,550.0,499.65033,1.0662521,623.3639,674.62494,174.97461,0.74068457,-0.32556754,423.69788,-199.66602
1.5-473-550,0.3289156627,0.6578313254,0.03282169734692774,-2.951293353e-05,1.5,473.0,550.0,554.015,1.6447884,562.1259,815.1072,261.09216,1.0978479,-0.54694045,230.7541,-331.37183
1.5-473-550,0.1590361445,0.318072289,0.03282169734692774,-2.951293353e-05,1.5,473.0,550.0,490.6846,1.12173,632.4372,678.7356,188.051,0.74797565,-0.37375432,418.63962,-213.79758
1.5-473-550,0.2698795181,0.5397590362,0.9531521908128958,-0.0008570646714,1.5,473.0,550.0,987.8754,1.1650038,55.471176,781.5426,-206.33282,0.9761274,-0.18887639,283.93457,228.4634
1.5-473-550,0.4428571429,0.8857142858,0.9999999997775775,0.0008991897406,1.5,473.0,550.0,667.56244,-1.3699311e-08,279.71927,838.469,170.90656,1.3189363,1.3189363,164.65541,-115.06386
1.5-473-550,0.1012048192,0.2024096384,0.9811301449181302,0.0008822221607,1.5,473.0,550.0,513.95,0.2791646,608.16876,608.4016,94.4516,0.63271064,0.35354602,503.68,-104.48877
1.5-473-550,0.1554216867,0.3108433734,0.9337895728803226,0.000839654004,1.5,473.0,550.0,568.6866,0.8741724,541.7507,674.62494,105.938354,0.74068457,-0.13348782,423.69788,-118.052795
1.5-473-550,0.191566265,0.38313253,0.8705746216627653,-0.0007828117684,1.5,473.0,550.0,587.3836,1.1364061,511.90472,713.77264,126.38904,0.8141214,-0.32228464,374.8467,-137.05801
1.5-473-550,0.2614457831,0.5228915662,0.9811301448069191,0.0008822221606,1.5,473.0,550.0,1133.314,0.5251844,46.181625,775.47925,-357.83472,0.95860445,0.43342006,292.6457,246.46407
1.5-473-550,0.3421686747,0.6843373494,0.16340484119544796,0.0001469319568,1.5,473.0,550.0,572.0786,1.7262414,537.03265,820.5081,248.4295,1.1247241,-0.6015172,220.69632,-316.33633
1.5-473-550,0.4326530612,0.8653061224,0.9811301446957078,-0.0008822221605,1.5,473.0,550.0,678.8025,0.91518885,181.19766,838.2992,159.4967,1.3001999,0.38501102,168.88284,-12.314819
1.5-473-550,0.2313253012,0.4626506024,0.9442484491033019,0.0008490585182,1.5,473.0,550.0,1015.32153,1.1572357,53.39781,751.3203,-264.00122,0.89606625,-0.2611695,325.9469,272.54907
1.5-473-550,0.3421686747,0.6843373494,0.8902853187445975,0.000800535425,1.5,473.0,550.0,803.65295,1.8826326,79.29402,820.5081,16.855164,1.1247241,-0.75790846,220.69632,141.4023
1.5-473-550,0.06326530613,0.12653061226,0.9726063657286781,0.0008745576659,1.5,473.0,550.0,473.0,0.28827125,649.85333,557.7344,84.734375,0.5584561,0.27018487,563.6623,-86.19104
1.5-473-550,0.2771084337,0.5542168674,0.7098470004029654,0.0006382871403,1.5,473.0,550.0,613.65173,1.593806,471.04868,786.4899,172.8382,0.9911373,-0.6026687,276.6867,-194.36197
1.5-473-550,0.4102040816,0.8204081632,0.9895407848051817,0.0008897849218,1.5,473.0,550.0,771.5365,0.7161215,87.144455,836.7392,65.2027,1.2581785,0.542057,179.22208,92.07762
1.5-473-550,0.1602409638,0.3204819276,0.8705746216627653,-0.0007828117684,1.5,473.0,550.0,537.53894,0.973049,582.2337,680.0966,142.55768,0.75040865,-0.22264034,416.96173,-165.27197
1.5-473-550,0.3192771085,0.638554217,0.9985491866279087,-0.0008978851843,1.5,473.0,550.0,1163.5875,0.048195347,44.70192,810.6925,-352.89502,1.0781677,1.0299723,238.4986,193.79668
1.5-473-550,0.2240963855,0.448192771,0.993141646395439,0.0008930227796,1.5,473.0,550.0,1269.2872,0.1675124,40.318314,744.95703,-524.3302,0.881098,0.71358556,334.43286,294.11456
1.5-473-550,0.1927710843,0.3855421686,0.9337895728803226,0.000839654004,1.5,473.0,550.0,750.56866,1.0853953,98.86211,714.9991,-35.56958,0.8165886,-0.26880676,373.28738,274.4253
1.5-473-550,0.2542168675,0.508433735,0.9772248215579286,-0.000878710534,1.5,473.0,550.0,1119.8376,0.6229988,46.88829,770.03485,-349.8028,0.94358224,0.32058346,300.32883,253.44054
1.5-473-550,0.2493975904,0.4987951808,0.7098470004029654,0.0006382871403,1.5,473.0,550.0,586.0075,1.4659191,514.4569,766.27966,180.27216,0.9335694,-0.53234977,305.5607,-208.89621
1.5-473-550,0.3975903615,0.795180723,0.8475322498919685,0.0007620923041,1.5,473.0,550.0,753.5371,2.3870578,93.54726,835.0936,81.55652,1.2340976,-1.1529602,185.70747,92.16022
1.5-473-550,0.2421686747,0.4843373494,0.03282169734692774,-2.951293353e-05,1.5,473.0,550.0,517.34314,1.3743155,604.7245,760.4609,243.11774,0.9185572,-0.45575827,313.57114,-291.15335
1.5-473-550,0.07346938777,0.14693877554,0.9442484491033019,0.0008490585182,1.5,473.0,550.0,473.0,0.5237241,649.85333,571.66113,98.66113,0.57834697,0.05462289,547.2422,-102.611145
1.5-473-550,0.2,0.4,0.8705746216627653,0.0007828117684,1.5,473.0,550.0,609.85614,1.218378,476.64847,722.2455,112.38934,0.83141536,-0.3869626,364.0298,-112.61868
1.5-473-550,0.2903614458,0.5807228916,0.9993254186825348,0.0008985831642,1.5,473.0,550.0,1187.9644,0.018968092,43.587112,794.9556,-393.00873,1.0186098,0.99964166,263.9292,220.34209
1.5-473-550,0.5,1.0,0.9993256565633628,0.0008985833781,1.5,473.0,550.0,657.37885,0.041966602,362.1516,834.1469,176.76807,1.4196125,1.377646,145.54895,-216.60266
1.5-473-550,0.08571428574,0.17142857148,0.9996041060258503,0.000898833757,1.5,473.0,550.0,473.0,0.0032566648,649.85333,588.0913,115.09131,0.6022886,0.5990319,527.8107,-122.0426
1.5-473-550,0.1590361445,0.318072289,0.9996041061370615,-0.0008988337571,1.5,473.0,550.0,888.24915,0.009133146,65.27663,678.7356,-209.51355,0.74797565,0.7388425,418.63962,353.36298
1.5-473-550,0.0244897959,0.0489795918,0.9844268823757469,-0.0008851865532,1.5,473.0,550.0,473.0,0.14738302,649.85333,503.09296,30.092957,0.483213,0.33582997,627.7726,-22.08075
1.5-473-550,0.3253012049,0.6506024098,0.29146971579860803,-0.0002620865782,1.5,473.0,550.0,565.7203,1.6599034,546.7909,813.5,247.77972,1.0904801,-0.5694233,233.61565,-313.17523
1.5-473-550,0.0244897959,0.0489795918,0.16340484119544796,0.0001469319568,1.5,473.0,550.0,473.0,1.2082222,649.85333,503.09296,30.092957,0.483213,-0.72500914,627.7726,-22.08075
1.5-473-550,0.2144578313,0.4289156626,0.9337895728803226,-0.000839654004,1.5,473.0,550.0,958.7145,1.270667,58.077408,736.1449,-222.56958,0.8611816,-0.40948534,346.03354,287.95612
1.5-473-550,0.4163265306,0.8326530612,0.4163512323516047,-0.0003743787567,1.5,473.0,550.0,642.8807,2.2450905,411.60358,837.3336,194.45294,1.2697465,-0.97534394,176.25401,-235.34956
1.5-473-550,0.1987951807,0.3975903614,0.22784103833049427,-0.0002048723242,1.5,473.0,550.0,507.3715,1.243163,615.5501,721.0512,213.67972,0.82894146,-0.41422153,365.5609,-249.9892
1.5-473-550,0.3036144579,0.6072289158,0.7098470004029654,0.0006382871403,1.5,473.0,550.0,629.35004,1.7166518,442.08023,802.63416,173.28412,1.0459883,-0.6706635,251.86342,-190.21681
1.5-473-550,0.02040816324,0.04081632648,0.9772248215579286,-0.000878710534,1.5,473.0,550.0,473.0,0.21566497,649.85333,497.20004,24.200043,0.47531137,0.25964642,634.66583,-15.1875
1.5-473-550,0.2048192771,0.4096385542,0.9915009044774012,0.0008915474413,1.5,473.0,550.0,1208.6417,0.21142046,42.701736,726.96765,-481.67407,0.8413215,0.62990105,357.9532,315.25146
1.5-473-550,0.1445783132,0.2891566264,0.9531521909241071,-0.0008570646715,1.5,473.0,550.0,571.54803,0.7836739,536.69495,662.04877,90.50073,0.7188834,-0.06479049,439.09012,-97.60483
1.5-473-550,0.3072289157,0.6144578314,0.4163512326852384,0.000374378757,1.5,473.0,550.0,566.29865,1.609743,545.63446,804.5914,238.29272,1.0534334,-0.5563096,248.69322,-296.94122
1.5-473-550,0.191566265,0.38313253,0.9985491866279087,-0.0008978851843,1.5,473.0,550.0,1117.9414,0.033979937,46.989304,713.77264,-404.16876,0.8141214,0.7801415,374.8467,327.85742
1.5-473-550,0.1120481927,0.2240963854,0.9956514833048237,-0.0008952795992,1.5,473.0,550.0,651.5246,0.19377206,385.62656,622.2794,-29.245178,0.6541083,0.4603362,487.10587,101.47931
1.5-473-550,0.1168674698,0.2337349396,0.47796385156444166,-0.0004297801918,1.5,473.0,550.0,476.31848,1.0658754,646.7229,628.35236,152.03387,0.66364783,-0.40222758,479.82736,-166.89554
1.5-473-550,0.3891566266,0.7783132532,0.9915009044774012,-0.0008915474413,1.5,473.0,550.0,1064.0864,0.4329402,50.068497,833.6652,-230.4212,1.217816,0.78487575,190.33295,140.26445
1.5-473-550,0.4469387755,0.893877551,0.9996041061370615,-0.0008988337571,1.5,473.0,550.0,665.1936,0.018523382,302.2257,838.4484,173.25482,1.3263664,1.3078431,163.04166,-139.18405
1.5-473-550,0.3096385542,0.6192771084,0.5396442233296441,0.0004852425493,1.5,473.0,550.0,591.5175,1.6655899,505.29434,805.86365,214.34613,1.058391,-0.60719895,246.60846,-258.68588
1.5-473-550,0.2120481927,0.4240963854,0.9999999998887887,0.0008991897407,1.5,473.0,550.0,1295.9021,-1.3699311e-08,39.92299,733.88446,-562.01764,0.85621095,0.85621095,348.9839,309.0609
1.5-473-550,0.3963855422,0.7927710844,0.9996041061370615,-0.0008988337571,1.5,473.0,550.0,1096.111,0.017405318,48.174088,834.90594,-261.20502,1.2317804,1.2143751,186.35379,138.1797
1.5-473-550,0.1240963855,0.248192771,0.8902853188558087,-0.0008005354251,1.5,473.0,550.0,503.9513,0.8434095,619.0113,637.3478,133.39648,0.677993,-0.16541648,469.0142,-149.9971
1.5-473-550,0.3457831326,0.6915662652,0.9844268823757469,0.0008851865532,1.5,473.0,550.0,1072.0402,0.5993868,49.57341,821.84827,-250.1919,1.1320127,0.5326259,218.07071,168.4973
1.5-473-550,0.1734939759,0.3469879518,0.3542741439827602,-0.0003185596757,1.5,473.0,550.0,500.00824,1.1382766,623.00165,694.7539,194.74567,0.7772588,-0.36101776,398.78268,-224.21896
1.5-473-550,0.1674698795,0.334939759,0.9956514833048237,-0.0008952795992,1.5,473.0,550.0,906.5574,0.113846585,63.15541,688.1636,-218.3938,0.7650345,0.6511879,406.98215,343.82672
1.5-473-550,0.4387755102,0.8775510204,0.9071317792997667,0.0008156835895,1.5,473.0,550.0,668.9192,1.4413638,266.82877,838.4396,169.52039,1.3114693,-0.1298945,166.31277,-100.51599
1.5-473-550,0.3626506025,0.725301205,0.22784103821928303,0.0002048723241,1.5,473.0,550.0,595.9716,1.8643522,499.1571,827.364,231.3924,1.1657642,-0.698588,206.47029,-292.68683
1.5-473-550,0.1542168674,0.3084337348,0.9993254186825348,-0.0008985831642,1.5,473.0,550.0,857.5354,0.01854335,69.42201,673.2455,-184.28992,0.73825693,0.71971357,425.3921,355.9701
1.5-473-550,0.4632653061,0.9265306122,0.999825745120423,0.0008990330526,1.5,473.0,550.0,660.16003,0.0053075417,349.97754,837.88885,177.72882,1.3557168,1.3504093,157.00119,-192.97635
1.5-473-550,0.4285714286,0.8571428572,0.9895407848051817,-0.0008897849218,1.5,473.0,550.0,687.6439,0.6590606,147.55446,838.13983,150.49591,1.2926409,0.6335803,170.65378,23.09932
1.5-473-550,0.134939759,0.269879518,0.9915009044774012,0.0008915474413,1.5,473.0,550.0,706.00146,0.35713154,120.48053,650.5739,-55.42755,0.6995945,0.34246296,453.03738,332.55685
1.5-473-550,0.1975903614,0.3951807228,0.9993254186825348,0.0008985831642,1.5,473.0,550.0,1184.4879,0.014833496,43.75029,719.85156,-464.63635,0.82646865,0.81163514,367.09677,323.3465
1.5-473-550,0.1602409638,0.3204819276,0.7098470004029654,0.0006382871403,1.5,473.0,550.0,509.66174,1.0506163,613.151,680.0966,170.43488,0.75040865,-0.3002076,416.96173,-196.18927
1.5-473-550,0.3180722892,0.6361445784,0.960723235489121,0.0008638724771,1.5,473.0,550.0,983.05505,1.1852057,55.84224,810.11163,-172.94342,1.0757005,-0.10950518,239.49231,183.65007
1.5-473-550,0.3060240964,0.6120481928,0.9993254186825348,-0.0008985831642,1.5,473.0,550.0,1175.9879,0.019915627,44.13481,803.9455,-372.04242,1.0509529,1.0310373,249.74422,205.6094
1.5-473-550,0.3819277109,0.7638554218,0.9772248215579286,-0.000878710534,1.5,473.0,550.0,999.40283,1.0327253,54.531143,832.22406,-167.17877,1.2037492,0.17102385,194.48898,139.95784
1.5-473-550,0.3987951807,0.7975903614,0.9993254187937461,0.0008985831643,1.5,473.0,550.0,1093.4908,0.033051834,48.32643,835.2759,-258.21497,1.2364119,1.2033601,185.0659,136.73947
1.5-473-550,0.3168674699,0.6337349398,0.9844268823757469,0.0008851865532,1.5,473.0,550.0,1097.3966,0.53147703,48.09932,809.52423,-287.87238,1.0732319,0.5417549,240.49171,192.3924
1.5-473-550,0.01836734691,0.03673469382,0.9956514833048237,0.0008952795992,1.5,473.0,550.0,473.0,0.039837465,649.85333,494.2445,21.244507,0.47136107,0.43152362,638.1221,-11.731262
1.5-473-550,0.2987951807,0.5975903614,0.9844268823757469,-0.0008851865532,1.5,473.0,550.0,1110.2562,0.5011357,47.39998,799.9332,-310.323,1.0360459,0.5349102,256.1707,208.7707
1.5-473-550,0.2746987952,0.5493975904,0.9999999997775775,-0.0008991897406,1.5,473.0,550.0,1204.612,-1.3699311e-08,42.89061,784.8666,-419.74548,0.9861355,0.9861355,279.08008,236.18947
1.5-473-550,0.3554216868,0.7108433736,0.5396442233296441,-0.0004852425493,1.5,473.0,550.0,621.43915,1.9024118,457.6499,825.14764,203.7085,1.1513542,-0.7510576,211.3115,-246.33841
1.5-473-550,0.08775510207,0.17551020414,0.9337895728803226,0.000839654004,1.5,473.0,550.0,473.0,0.5811512,649.85333,590.7983,117.79828,0.6062875,0.025136292,524.6022,-125.25116
1.5-473-550,0.1301204819,0.2602409638,0.8902853187445975,0.000800535425,1.5,473.0,550.0,510.28052,0.8621141,612.4846,644.7361,134.45557,0.6899811,-0.17213297,460.1015,-152.38312
1.5-473-550,0.1602409638,0.3204819276,0.9945113832197316,0.0008942544329,1.5,473.0,550.0,858.873,0.15431403,69.22484,680.0966,-178.77637,0.75040865,0.5960946,416.96173,347.73688
1.5-473-550,0.4122448979,0.8244897958,0.9337895728803226,-0.000839654004,1.5,473.0,550.0,745.43384,1.8243884,96.21344,836.95184,91.518005,1.2620434,-0.562345,178.21996,82.006516
1.5-473-550,0.1,0.2,0.9215671387250775,0.0008286637166,1.5,473.0,550.0,473.49045,0.64239085,649.3906,606.8419,133.35147,0.63033855,-0.012052298,505.53802,-143.8526
1.5-473-550,0.4428571429,0.8857142858,0.9980223152919674,-0.000897411427,1.5,473.0,550.0,667.5617,0.11648302,279.72607,838.469,170.90729,1.3189363,1.2024534,164.65541,-115.07066
1.5-473-550,0.3843373495,0.768674699,0.9671530515086588,0.0008696541017,1.5,473.0,550.0,954.7356,1.3681872,58.272354,832.72705,-122.008545,1.2084492,-0.15973794,193.08368,134.81133
1.5-473-550,0.2686746988,0.5373493976,0.9337895728803226,-0.000839654004,1.5,473.0,550.0,916.4041,1.3924584,62.120926,780.69556,-135.70856,0.97362465,-0.4188338,285.16223,223.0413
1.5-473-550,0.1530120482,0.3060240964,0.8902853188558087,-0.0008005354251,1.5,473.0,550.0,536.2561,0.93025416,583.69324,671.8616,135.60547,0.73583055,-0.19442362,427.0904,-156.60284
1.5-473-550,0.3265060241,0.6530120482,0.9872047710533666,0.0008876844022,1.5,473.0,550.0,1103.4417,0.4552835,47.764114,814.0421,-289.39954,1.0929377,0.6376542,232.65611,184.892
1.5-473-550,0.2662650602,0.5325301204,0.9915009044774012,-0.0008915474413,1.5,473.0,550.0,1177.1033,0.2446733,44.083817,778.9823,-398.12097,0.9686185,0.7239452,287.6344,243.55058
1.5-473-550,0.4510204082,0.9020408164,0.3542741439827602,-0.0003185596757,1.5,473.0,550.0,651.2884,1.9875474,386.70374,838.379,187.09064,1.3337595,-0.65378785,161.47038,-225.23335
1.5-473-550,0.2746987952,0.5493975904,0.7892004020960466,-0.000709640905,1.5,473.0,550.0,642.0673,1.6246508,412.48938,784.8666,142.79926,0.9861355,-0.63851535,279.08008,-133.4093
1.5-473-550,0.2253012048,0.4506024096,0.22784103833049427,-0.0002048723242,1.5,473.0,550.0,515.2579,1.3342229,607.0432,746.03235,230.77448,0.883591,-0.45063192,333.00565,-274.03757
1.5-473-550,0.3710843374,0.7421686748,0.9973789933391554,-0.0008968329585,1.5,473.0,550.0,1113.0619,0.114150986,47.250076,829.67566,-283.38623,1.1824644,1.0683134,201.06465,153.81458
1.5-473-550,0.2265060241,0.4530120482,0.22784103833049427,-0.0002048723242,1.5,473.0,550.0,515.563,1.3369259,606.704,747.10175,231.53876,0.88608474,-0.45084113,331.58356,-275.12042
1.5-473-550,0.4959183674,0.9918367348,0.9442484491033019,0.0008490585182,1.5,473.0,550.0,657.4213,1.2408595,361.98013,834.7146,177.29327,1.4126568,0.17179728,146.69174,-215.28839
1.5-473-550,0.1518072289,0.3036144578,0.9965972946963587,0.0008961300631,1.5,473.0,550.0,827.8989,0.10651718,74.260284,670.4731,-157.42584,0.7334056,0.6268884,428.79272,354.53244
1.5-473-550,0.1734939759,0.3469879518,0.09831793589120096,8.840647929e-05,1.5,473.0,550.0,496.73752,1.149062,626.31165,694.7539,198.01639,0.7772588,-0.37180322,398.78268,-227.52896
1.5-473-550,0.4081632653,0.8163265306,0.9442484491033019,-0.0008490585182,1.5,473.0,550.0,778.8521,1.794174,85.074036,836.51184,57.65973,1.2543048,-0.5398692,180.23714,95.1631
1.5-473-550,0.1385542168,0.2771084336,0.3542741439827602,-0.0003185596757,1.5,473.0,550.0,484.34506,1.0832603,638.8528,654.90875,170.56369,0.70681804,-0.37644225,447.77856,-191.07422
1.5-473-550,0.2975903615,0.595180723,0.9996041060258503,0.000898833757,1.5,473.0,550.0,1183.03,0.010378466,43.81276,799.2417,-383.78833,1.0335578,1.0231793,257.26184,213.44908
1.5-473-550,0.2626506024,0.5253012048,0.9985491866279087,0.0008978851843,1.5,473.0,550.0,1211.9926,0.039630935,42.55931,776.36456,-435.628,0.9611081,0.92147714,291.38452,248.82521
1.5-473-550,0.08367346941,0.16734693882,0.5396442233296441,-0.0004852425493,1.5,473.0,550.0,473.0,1.0899302,649.85333,585.3752,112.37518,0.5982922,-0.491638,531.0281,-118.82526
1.5-473-550,0.3180722892,0.6361445784,0.6021818746711394,-0.0005414757638,1.5,473.0,550.0,611.12024,1.7326754,475.39212,810.11163,198.9914,1.0757005,-0.6569749,239.49231,-235.89981
1.5-473-550,0.3144578314,0.6289156628,0.4163512326852384,0.000374378757,1.5,473.0,550.0,572.5464,1.642388,535.23663,808.33,235.78363,1.0682904,-0.57409763,242.50772,-292.7289
1.5-473-550,0.2493975904,0.4987951808,0.9996041060258503,0.000898833757,1.5,473.0,550.0,1231.2739,0.008888827,41.77217,766.27966,-464.99426,0.9335694,0.92468053,305.5607,263.7885
1.5-473-550,0.2445783133,0.4891566266,0.7098470004029654,0.0006382871403,1.5,473.0,550.0,579.7828,1.4417758,524.41315,762.4251,182.64233,0.92356,-0.5182158,310.87943,-213.53372
1.5-473-550,0.0,0.0,0.9945146915314984,-0.0008942574077,1.5,473.0,550.0,473.0,0.90842825,649.85333,467.38678,-5.61322,0.43581393,-0.47261432,669.50385,19.650513
1.5-473-550,0.1746987951,0.3493975902,0.9215172744995802,-0.0008286188792,1.5,473.0,550.0,598.4486,0.97808653,495.10574,696.0573,97.6087,0.77970755,-0.19837898,397.1558,-97.94995
1.5-473-550,0.2614457831,0.5228915662,0.9726063657286781,0.0008745576659,1.5,473.0,550.0,1088.7926,0.75390685,48.602005,775.47925,-313.31335,0.95860445,0.20469761,292.6457,244.04369
1.5-473-550,0.3843373495,0.768674699,0.22784103821928303,0.0002048723241,1.5,473.0,550.0,614.2457,2.0222914,470.4405,832.72705,218.48132,1.2084492,-0.8138422,193.08368,-277.3568
1.5-473-550,0.1614457831,0.3228915662,0.9895407848051817,-0.0008897849218,1.5,473.0,550.0,831.1599,0.28834927,73.70419,681.4529,-149.70703,0.75284296,0.4644937,415.288,341.5838
1.5-473-550,0.1036144578,0.2072289156,0.47796385156444166,0.0004297801918,1.5,473.0,550.0,473.02148,1.0951737,649.83307,611.5105,138.48901,0.637458,-0.4577157,499.97366,-149.8594
1.5-473-550,0.2939759036,0.5879518072,0.9956514833048237,-0.0008952795992,1.5,473.0,550.0,1168.3741,0.13809298,44.483047,797.128,-371.24615,1.0260878,0.88799477,260.56976,216.08672
1.5-473-550,0.178313253,0.356626506,0.6600967573005477,0.0005935522321,1.5,473.0,550.0,516.4857,1.1167247,605.67786,699.9375,183.45178,0.7870615,-0.32966322,392.30136,-213.3765
1.5-473-550,0.1373493975,0.274698795,0.8705746216627653,0.0007828117684,1.5,473.0,550.0,513.061,0.9054624,609.48096,653.468,140.40704,0.7044088,-0.20105356,449.52774,-159.95322
1.5-473-550,0.1192771084,0.2385542168,0.03282169735804886,2.951293354e-05,1.5,473.0,550.0,474.70752,1.1198337,648.2426,631.3662,156.65869,0.6684247,-0.45140898,476.2089,-172.03372
1.5-473-550,0.09591836738,0.19183673476,0.9811301448069191,0.0008822221606,1.5,473.0,550.0,473.0,0.1942514,649.85333,601.53253,128.53253,0.6223101,0.42805868,511.85657,-137.99677
1.5-473-550,0.4653061225,0.930612245,0.9895407848051817,-0.0008897849218,1.5,473.0,550.0,659.78046,0.54663295,352.45636,837.7675,177.98706,1.359344,0.81271106,156.29063,-196.16573
1.5-473-550,0.0387755102,0.0775510204,0.16340484097302546,-0.0001469319566,1.5,473.0,550.0,473.0,1.2430104,649.85333,523.5179,50.517883,0.51088804,-0.73212236,603.8545,-45.99884
1.5-473-550,0.4612244898,0.9224489796,0.9999999997775775,-0.0008991897406,1.5,473.0,550.0,660.55536,-1.3699311e-08,346.29355,837.999,177.44366,1.3520803,1.3520803,157.72136,-188.57219
1.5-473-550,0.1734939759,0.3469879518,0.8206166047262803,-0.0007378900321,1.5,473.0,550.0,536.8885,1.0520948,582.9725,694.7539,157.86542,0.7772588,-0.274836,398.78268,-184.18979
1.5-473-550,0.1337349397,0.2674698794,0.998978267368595,0.0008982710093,1.5,473.0,550.0,763.5739,0.041753337,89.50299,649.1206,-114.45331,0.6971892,0.65543586,454.79785,365.29486
1.5-473-550,0.1746987951,0.3493975902,0.9985491866279087,0.0008978851843,1.5,473.0,550.0,972.36365,0.03462498,56.70839,696.0573,-276.30634,0.77970755,0.74508256,397.1558,340.4474
1.5-473-550,0.3879518073,0.7759036146,0.9993254186825348,-0.0008985831642,1.5,473.0,550.0,1105.4103,0.030225204,47.65892,833.4391,-271.9712,1.2154785,1.1852534,191.01318,143.35426
1.5-473-550,0.1879518072,0.3759036144,0.9531521909241071,0.0008570646715,1.5,473.0,550.0,803.815,0.8965152,79.76941,710.0616,-93.75342,0.80672693,-0.08978826,379.55246,299.78305
1.5-473-550,0.3048192771,0.6096385542,0.9993254186825348,0.0008985831642,1.5,473.0,550.0,1176.5245,0.019866096,44.110275,803.2931,-373.23145,1.0484712,1.0286051,250.80095,206.69067
1.5-473-550,0.2698795181,0.5397590362,0.9071317792997667,-0.0008156835895,1.5,473.0,550.0,834.87897,1.5637405,73.358505,781.5426,-53.336365,0.9761274,-0.5876131,283.93457,210.57607
1.5-473-550,0.02244897957,0.04489795914,0.9965972946963587,-0.0008961300631,1.5,473.0,550.0,473.0,0.031305537,649.85333,500.1496,27.149597,0.479262,0.44795644,631.216,-18.63733
1.5-473-550,0.0387755102,0.0775510204,0.9996041060258503,0.000898833757,1.5,473.0,550.0,473.0,0.0031083089,649.85333,523.5179,50.517883,0.51088804,0.5077797,603.8545,-45.99884
1.5-473-550,0.2819277109,0.5638554218,0.8705746216627653,-0.0007828117684,1.5,473.0,550.0,736.27795,1.6951693,103.917114,789.6592,53.381226,1.0011356,-0.69403374,271.96793,168.05081
1.5-473-550,0.3975903615,0.795180723,0.47796385156444166,0.0004297801918,1.5,473.0,550.0,637.86786,2.1949093,424.18234,835.0936,197.22577,1.2340976,-0.96081173,185.70747,-238.47487
1.5-473-550,0.2096385542,0.4192771084,0.9844268823757469,-0.0008851865532,1.5,473.0,550.0,1226.4993,0.36714756,41.96141,731.60126,-494.898,0.851244,0.4840964,351.95404,309.9926
1.5-473-550,0.06326530613,0.12653061226,0.999825745120423,0.0008990330526,1.5,473.0,550.0,473.0,0.0009982449,649.85333,557.7344,84.734375,0.5584561,0.55745786,563.6623,-86.19104
1.5-473-550,0.3180722892,0.6361445784,0.7892004020960466,-0.000709640905,1.5,473.0,550.0,657.33826,1.8213103,355.7505,810.11163,152.77338,1.0757005,-0.74560976,239.49231,-116.25818
1.5-473-550,0.1903614458,0.3807228916,0.16340484119544796,0.0001469319568,1.5,473.0,550.0,503.5924,1.205811,619.37445,712.5409,208.94849,0.8116554,-0.39415562,376.4107,-242.96375
1.5-473-550,0.1855421686,0.3710843372,0.8206166047262803,0.0007378900321,1.5,473.0,550.0,550.004,1.1100328,567.1725,707.56146,157.55743,0.80180323,-0.30822957,382.7126,-184.4599
1.5-473-550,0.1373493975,0.274698795,0.16340484119544796,0.0001469319568,1.5,473.0,550.0,481.9672,1.0986736,641.25916,653.468,171.50082,0.7044088,-0.39426476,449.52774,-191.73141
1.5-473-550,0.1795180723,0.3590361446,0.9915009044774012,0.0008915474413,1.5,473.0,550.0,963.1864,0.20442198,57.509293,701.2209,-261.9655,0.7895153,0.5850933,390.69208,333.1828
1.5-473-550,0.4571428571,0.9142857142,0.8902853188558087,-0.0008005354251,1.5,473.0,550.0,660.7477,1.4327978,344.46628,838.18567,177.43799,1.3447797,-0.08801806,159.19093,-185.27534
1.5-473-550,0.0,0.0,0.41652669253852764,-0.0003745365287,1.5,473.0,550.0,473.0,0.90842825,649.85333,467.38678,-5.61322,0.43581393,-0.47261432,669.50385,19.650513
1.5-473-550,0.3614457832,0.7228915664,0.9531521908128958,-0.0008570646714,1.5,473.0,550.0,926.1412,1.5021577,61.06154,827.00977,-99.13141,1.1633685,-0.33878922,207.26372,146.20218
1.5-473-550,0.09795918371,0.19591836742,0.3542741437603377,0.0003185596755,1.5,473.0,550.0,473.0,1.1500888,649.85333,604.19214,131.19214,0.62632287,-0.5237659,508.6927,-141.16064
1.5-473-550,0.2927710844,0.5855421688,0.9915009044774012,0.0008915474413,1.5,473.0,550.0,1150.1398,0.2698419,45.352097,796.4104,-353.72937,1.0235959,0.753754,261.68384,216.33174
1.5-473-550,0.1975903614,0.3951807228,0.9215172744995802,-0.0008286188792,1.5,473.0,550.0,742.1729,1.193791,105.30318,719.85156,-22.32135,0.82646865,-0.3673224,367.09677,261.79358
1.5-473-550,0.1927710843,0.3855421686,0.22784103833049427,-0.0002048723242,1.5,473.0,550.0,505.25702,1.2152689,617.68994,714.9991,209.74207,0.8165886,-0.39868027,373.28738,-244.40256
1.5-473-550,0.3975903615,0.795180723,0.9980223152919674,-0.000897411427,1.5,473.0,550.0,1086.8932,0.10513328,48.709946,835.0936,-251.79956,1.2340976,1.1289643,185.70747,136.99753
1.5-473-550,0.2734939759,0.5469879518,0.9985491866279087,-0.0008978851843,1.5,473.0,550.0,1200.0325,0.04109244,43.067642,784.0452,-415.98724,0.98363394,0.9425415,280.28525,237.2176
1.5-473-550,0.2927710844,0.5855421688,0.8475322498919685,0.0007620923041,1.5,473.0,550.0,696.1898,1.7465047,162.2738,796.4104,100.22058,1.0235959,-0.72290874,261.68384,99.410034
1.5-473-550,0.4489795918,0.8979591836,0.7892004020960466,0.000709640905,1.5,473.0,550.0,661.633,1.6323338,336.05524,838.41974,176.78674,1.3300676,-0.30226612,162.25075,-173.80449
1.5-473-550,0.0102040816,0.0204081632,0.9215172744995802,0.0008286188792,1.5,473.0,550.0,473.0,0.6107169,649.85333,482.36365,9.363647,0.45556226,-0.15515462,652.00934,2.1560059
1.5-473-550,0.1445783132,0.2891566264,0.998978267368595,0.0008982710093,1.5,473.0,550.0,808.8168,0.03430991,77.99953,662.04877,-146.768,0.7188834,0.6845735,439.09012,361.09058
1.5-473-550,0.4775510204,0.9551020408,0.9956514833048237,0.0008952795992,1.5,473.0,550.0,658.3019,0.23493324,358.42526,836.81506,178.51318,1.3809142,1.145981,152.22076,-206.2045
1.5-473-550,0.3180722892,0.6361445784,0.6600967573005477,0.0005935522321,1.5,473.0,550.0,624.0617,1.7587951,452.74036,810.11163,186.04993,1.0757005,-0.6830946,239.49231,-213.24805
1.5-473-550,0.3397590362,0.6795180724,0.9973789933391554,-0.0008968329585,1.5,473.0,550.0,1141.5614,0.09715162,45.77504,819.58325,-321.97815,1.1198548,1.0227032,222.47456,176.69952
1.5-473-550,0.3168674699,0.6337349398,0.6021818746711394,0.0005414757638,1.5,473.0,550.0,610.3563,1.7268816,476.6361,809.52423,199.16791,1.0732319,-0.6536497,240.49171,-236.1444
1.5-473-550,0.1385542168,0.2771084336,0.9442484491033019,0.0008490585182,1.5,473.0,550.0,548.4441,0.78917736,569.2548,654.90875,106.46466,0.70681804,-0.082359314,447.77856,-121.47626
1.5-473-550,0.4163265306,0.8326530612,0.9442484491033019,-0.0008490585182,1.5,473.0,550.0,725.0807,1.6782901,106.18269,837.3336,112.25293,1.2697465,-0.4085436,176.25401,70.07132
1.5-473-550,0.4693877551,0.9387755102,0.7892004020960466,0.000709640905,1.5,473.0,550.0,658.31836,1.617685,358.35873,837.49225,179.17389,1.3665707,-0.25111425,154.89764,-203.46109
1.5-473-550,0.03265306121,0.06530612242,0.998978267368595,-0.0008982710093,1.5,473.0,550.0,473.0,0.009083078,649.85333,514.8036,41.80359,0.49902278,0.4899397,614.0646,-35.788757
1.5-473-550,0.2759036145,0.551807229,0.9671530515086588,0.0008696541017,1.5,473.0,550.0,1043.9895,0.9210678,51.370773,785.68146,-258.30804,0.9886366,0.06756884,277.88055,226.50978
1.5-473-550,0.2746987952,0.5493975904,0.5396442233296441,0.0004852425493,1.5,473.0,550.0,560.1898,1.508134,554.06116,784.8666,224.67676,0.9861355,-0.5219985,279.08008,-274.98108
1.5-473-550,0.4551020408,0.9102040816,0.7098470004029654,0.0006382871403,1.5,473.0,550.0,659.33636,1.7065396,354.2492,838.2618,178.92542,1.3411156,-0.36542404,159.9406,-194.30861
1.5-473-550,0.1337349397,0.2674698794,0.9945113832197316,0.0008942544329,1.5,473.0,550.0,726.6798,0.2380734,105.20558,649.1206,-77.559204,0.6971892,0.4591158,454.79785,349.5923
1.5-473-550,0.126506024,0.253012048,0.9772248215579286,0.000878710534,1.5,473.0,550.0,586.8999,0.57887614,512.2637,640.315,53.4151,0.68278444,0.1039083,465.43826,-46.82541
1.5-473-550,0.169879518,0.339759036,0.9965972946963587,-0.0008961300631,1.5,473.0,550.0,933.74286,0.08487181,60.267838,690.81433,-242.92853,0.7699203,0.68504846,403.68948,343.42163
1.5-473-550,0.3108433735,0.621686747,0.9980223152919674,-0.000897411427,1.5,473.0,550.0,1167.5837,0.06454711,44.51915,806.49,-361.09375,1.0608678,0.99632066,245.57468,201.05553
1.5-473-550,0.3879518073,0.7759036146,0.9945113832197316,0.0008942544329,1.5,473.0,550.0,1081.2864,0.27562892,49.035873,833.4391,-247.84729,1.2154785,0.9398496,191.01318,141.97731
1.5-473-550,0.004081632618,0.008163265236,0.9772248215579286,-0.000878710534,1.5,473.0,550.0,473.0,0.25207168,649.85333,473.39374,0.3937378,0.44371372,0.19164205,662.48846,12.635132
1.5-473-550,0.03265306121,0.06530612242,0.9726063657286781,0.0008745576659,1.5,473.0,550.0,473.0,0.2700898,649.85333,514.8036,41.80359,0.49902278,0.22893298,614.0646,-35.788757
1.5-473-550,0.4938775511,0.9877551022,0.7525573838264147,0.0006766918789,1.5,473.0,550.0,657.3146,1.6731751,362.4111,834.98517,177.6706,1.4091657,-0.26400936,147.27437,-215.13673
1.5-473-550,0.2493975904,0.4987951808,0.9726063657286781,0.0008745576659,1.5,473.0,550.0,1104.1688,0.73104894,47.73671,766.27966,-337.88916,0.9335694,0.20252043,305.5607,257.82397
1.5-473-550,0.3710843374,0.7421686748,0.9071317792997667,-0.0008156835895,1.5,473.0,550.0,829.909,1.9660815,74.03766,829.67566,-0.2333374,1.1824644,-0.78361714,201.06465,127.02699
1.5-473-550,0.1662650602,0.3325301204,0.5396442233296441,0.0004852425493,1.5,473.0,550.0,502.49786,1.101124,620.4822,686.831,184.33313,0.76259357,-0.33853048,408.6349,-211.84729
1.5-473-550,0.06734693879,0.13469387758,0.9915009044774012,0.0008915474413,1.5,473.0,550.0,473.0,0.0876783,649.85333,563.3298,90.32977,0.56640637,0.47872806,557.0702,-92.78314
1.5-473-550,0.2445783133,0.4891566266,0.9895407848051817,0.0008897849218,1.5,473.0,550.0,1199.6417,0.28017628,43.084213,762.4251,-437.2166,0.92356,0.64338374,310.87943,267.79523
1.5-473-550,0.04285714285,0.0857142857,0.4163512326852384,0.000374378757,1.5,473.0,550.0,473.0,1.1563,649.85333,529.2934,56.293396,0.51880294,-0.637497,597.08264,-52.77069
1.5-473-550,0.3012048193,0.6024096386,0.9726063657286781,0.0008745576659,1.5,473.0,550.0,1046.9993,0.8628558,51.168625,801.29675,-245.70251,1.0410192,0.17816341,254.00557,202.83694
1.5-473-550,0.1253012048,0.2506024096,0.16340484097302546,-0.0001469319566,1.5,473.0,550.0,477.01846,1.1040974,646.0626,638.8334,161.81491,0.6803881,-0.42370927,467.2244,-178.83823
1.5-473-550,0.07959183676,0.15918367352,0.9973789933391554,0.0008968329585,1.5,473.0,550.0,473.0,0.02626978,649.85333,579.91595,106.915955,0.59030706,0.56403726,537.48834,-112.36499
1.5-473-550,0.3108433735,0.621686747,0.47796385156444166,-0.0004297801918,1.5,473.0,550.0,580.1475,1.6469184,522.8342,806.49,226.34247,1.0608678,-0.5860506,245.57468,-277.25955
1.5-473-550,0.3674698796,0.7349397592,0.47796385156444166,-0.0004297801918,1.5,473.0,550.0,620.42206,1.9548976,459.5826,828.7207,208.29865,1.1753223,-0.77957535,203.3497,-256.2329
1.5-473-550,0.3048192771,0.6096385542,0.9996041060258503,-0.000898833757,1.5,473.0,550.0,1177.7594,0.010586963,44.053787,803.2931,-374.4663,1.0484712,1.0378842,250.80095,206.74716
1.5-473-550,0.4775510204,0.9551020408,0.9671530515086588,-0.0008696541017,1.5,473.0,550.0,658.239,1.0530664,358.67917,836.81506,178.57605,1.3809142,0.32784784,152.22076,-206.4584
1.5-473-550,0.09591836738,0.19183673476,0.2914697156873968,0.0002620865781,1.5,473.0,550.0,473.0,1.1632739,649.85333,601.53253,128.53253,0.6223101,-0.5409638,511.85657,-137.99677
1.5-473-550,0.06734693879,0.13469387758,0.9726063657286781,-0.0008745576659,1.5,473.0,550.0,473.0,0.28834397,649.85333,563.3298,90.32977,0.56640637,0.2780624,557.0702,-92.78314
1.5-473-550,0.395180723,0.790361446,0.9956514833048237,-0.0008952795992,1.5,473.0,550.0,1077.5393,0.23285739,49.253708,834.7129,-242.82642,1.2294602,0.99660283,187.0049,137.75119
1.5-473-550,0.3060240964,0.6120481928,0.9998257452316341,-0.0008990330527,1.5,473.0,550.0,1178.1998,0.0032458168,44.033676,803.9455,-374.25433,1.0509529,1.0477071,249.74422,205.71054
1.5-473-550,0.3373493976,0.6746987952,0.9872047710533666,0.0008876844022,1.5,473.0,550.0,1093.7415,0.47677162,48.311844,818.6331,-275.10834,1.1149776,0.638206,224.27512,175.96327
1.5-473-550,0.1831325301,0.3662650602,0.7892004020960466,0.000709640905,1.5,473.0,550.0,538.5197,1.10687,581.0788,705.0406,166.52087,0.79688436,-0.3099857,385.89087,-195.18793
1.5-473-550,0.1385542168,0.2771084336,0.9215172744995802,0.0008286188792,1.5,473.0,550.0,531.81006,0.8404774,588.6372,654.90875,123.098694,0.70681804,-0.13365936,447.77856,-140.85864
1.5-473-550,0.1144578313,0.2289156626,0.7525573838264147,-0.0006766918789,1.5,473.0,550.0,481.55704,0.9486,641.67426,625.32336,143.76633,0.6588757,-0.2897243,483.45975,-158.21451
1.5-473-550,0.3180722892,0.6361445784,0.29146971579860803,-0.0002620865782,1.5,473.0,550.0,559.3516,1.6258521,555.06354,810.11163,250.76001,1.0757005,-0.5501516,239.49231,-315.57123
1.5-473-550,0.4183673469,0.8367346938,0.9071317792997667,0.0008156835895,1.5,473.0,550.0,710.31415,1.8709074,116.72034,837.503,127.18884,1.2735847,-0.5973227,175.28993,58.569595
1.5-473-550,0.3686746988,0.7373493976,0.03282169734692774,-2.951293353e-05,1.5,473.0,550.0,595.4362,1.8880066,499.93292,829.045,233.60876,1.1777055,-0.71030104,202.58278,-297.35016
1.5-473-550,0.1373493975,0.274698795,0.9956514833048237,-0.0008952795992,1.5,473.0,550.0,751.8303,0.1761462,93.59241,653.468,-98.362305,0.7044088,0.5282626,449.52774,355.93533
1.5-473-550,0.2795180723,0.5590361446,0.9071317792997667,-0.0008156835895,1.5,473.0,550.0,832.92944,1.5954094,73.670746,788.08746,-44.84198,0.99613744,-0.59927195,274.31598,200.64523
1.5-473-550,0.4551020408,0.9102040816,0.9337895728803226,-0.000839654004,1.5,473.0,550.0,661.5866,1.2874432,336.49533,838.2618,176.67517,1.3411156,0.053672433,159.9406,-176.55473
1.5-473-550,0.1650602409,0.3301204818,0.9844268823757469,0.0008851865532,1.5,473.0,550.0,821.49567,0.39866513,75.493744,685.4936,-136.00208,0.7601539,0.36148876,410.29187,334.79813
1.5-473-550,0.2060240964,0.4120481928,0.6600967573005477,-0.0005935522321,1.5,473.0,550.0,532.1917,1.2596158,588.2128,728.13446,195.94275,0.84380066,-0.41581511,356.4461,-231.76672
1.5-473-550,0.3277108434,0.6554216868,0.9726063657286781,0.0008745576659,1.5,473.0,550.0,1027.8677,0.93669945,52.45546,814.5779,-213.2898,1.0953937,0.15869421,231.70227,179.24681
1.5-473-550,0.2975903615,0.595180723,0.9215172744995802,0.0008286188792,1.5,473.0,550.0,868.69653,1.580813,67.99248,799.2417,-69.454834,1.0335578,-0.5472553,257.26184,189.26936
1.5-473-550,0.4265306122,0.8530612244,0.09831793590232207,-8.84064793e-05,1.5,473.0,550.0,638.32556,2.1763937,423.26886,838.04,199.71442,1.2888478,-0.88754594,171.55687,-251.71199
1.5-473-550,0.2168674699,0.4337349398,0.4163512323516047,-0.0003743787567,1.5,473.0,550.0,518.17474,1.3111689,603.7997,738.38257,220.20782,0.8661558,-0.4450131,343.10312,-260.69656
1.5-473-550,0.2518072289,0.5036144578,0.8902853188558087,-0.0008005354251,1.5,473.0,550.0,770.8973,1.5771453,88.94624,768.16974,-2.727539,0.93857545,-0.6385699,302.93387,213.98763
1.5-473-550,0.07346938777,0.14693877554,0.9531521909241071,0.0008570646715,1.5,473.0,550.0,473.0,0.46359837,649.85333,571.66113,98.66113,0.57834697,0.1147486,547.2422,-102.611145
1.5-473-550,0.1963855422,0.3927710844,0.9671530515086588,0.0008696541017,1.5,473.0,550.0,1002.306,0.7337658,54.33174,718.6465,-283.65955,0.82399696,0.09023118,368.63736,314.3056
1.5-473-550,0.2469879518,0.4939759036,0.8902853187445975,0.000800535425,1.5,473.0,550.0,764.9614,1.5539435,91.44832,764.3648,-0.59661865,0.92856413,-0.6253794,308.20926,216.76094
1.5-473-550,0.1650602409,0.3301204818,0.9973789933391554,0.0008968329585,1.5,473.0,550.0,910.1807,0.067754254,62.743454,685.4936,-224.68713,0.7601539,0.6923996,410.29187,347.5484
1.5-473-550,0.4285714286,0.8571428572,0.9726063657286781,-0.0008745576659,1.5,473.0,550.0,686.89667,1.1269602,149.60797,838.13983,151.24316,1.2926409,0.16568077,170.65378,21.045807
1.5-473-550,0.3807228916,0.7614457832,0.9215172744995802,0.0008286188792,1.5,473.0,550.0,851.0041,1.9485748,70.46355,831.964,-19.0401,1.2013949,-0.74717987,195.19919,124.73564
1.5-473-550,0.4163265306,0.8326530612,0.9811301446957078,0.0008822221605,1.5,473.0,550.0,730.18005,1.0909516,103.423294,837.3336,107.153564,1.2697465,0.17879498,176.25401,72.83072
1.5-473-550,0.0244897959,0.0489795918,0.999825745120423,0.0008990330526,1.5,473.0,550.0,473.0,0.0009121758,649.85333,503.09296,30.092957,0.483213,0.48230082,627.7726,-22.08075
1.5-473-550,0.3506024097,0.7012048194,0.9442484491033019,0.0008490585182,1.5,473.0,550.0,909.4014,1.5680976,62.832047,823.54755,-85.85388,1.1417011,-0.4263965,214.64725,151.8152
1.5-473-550,0.3626506025,0.725301205,0.9985491866279087,-0.0008978851843,1.5,473.0,550.0,1125.891,0.058620557,46.56456,827.364,-298.52698,1.1657642,1.1071436,206.47029,159.90573
1.5-473-550,0.2445783133,0.4891566266,0.9985491866279087,-0.0008978851843,1.5,473.0,550.0,1238.2517,0.03751348,41.49562,762.4251,-475.8266,0.92356,0.8860465,310.87943,269.3838
1.5-473-550,0.1578313253,0.3156626506,0.9965972946963587,-0.0008961300631,1.5,473.0,550.0,861.915,0.097047076,68.8022,677.37,-184.54498,0.7455439,0.6484968,420.3216,351.5194
1.5-473-550,0.3228915663,0.6457831326,0.9215172744995802,0.0008286188792,1.5,473.0,550.0,866.11914,1.6581734,68.33443,812.39636,-53.72278,1.0855598,-0.5726136,235.55174,167.21732
1.5-473-550,0.1156626505,0.231325301,0.9811301446957078,-0.0008822221605,1.5,473.0,550.0,575.1821,0.46178892,530.81134,626.8397,51.657593,0.66126114,0.19947222,481.6418,-49.169525
1.5-473-550,0.4714285714,0.9428571428,0.9895407848051817,0.0008897849218,1.5,473.0,550.0,658.9144,0.546402,355.9525,837.33856,178.42413,1.3701704,0.8237684,154.21498,-201.73753
1.5-473-550,0.2746987952,0.5493975904,0.2914697156873968,0.0002620865781,1.5,473.0,550.0,530.59564,1.463907,589.9876,784.8666,254.27094,0.9861355,-0.47777152,279.08008,-310.90753
1.5-473-550,0.06530612246,0.13061224492,0.3542741439827602,-0.0003185596757,1.5,473.0,550.0,473.0,1.1516982,649.85333,560.53613,87.53613,0.5624303,-0.5892679,560.3623,-89.49103
1.5-473-550,0.2578313253,0.5156626506,0.9956514833048237,-0.0008952795992,1.5,473.0,550.0,1203.527,0.121885166,42.919113,772.7854,-430.74158,0.9510932,0.829208,296.46246,253.54335
1.5-473-550,0.4,0.8,0.9980233842543413,-0.0008974123882,1.5,473.0,550.0,1026.9688,0.10975538,53.327805,835.4528,-191.51593,1.2387233,1.1289679,184.42905,131.10124
1.5-473-550,0.1457831325,0.291566265,0.9071317792997667,-0.0008156835895,1.5,473.0,550.0,534.3461,0.8866052,585.81714,663.46387,129.11774,0.7213004,-0.16530478,437.364,-148.45312
1.5-473-550,0.365060241,0.730120482,0.2914697156873968,0.0002620865781,1.5,473.0,550.0,602.0254,1.8914384,490.1205,828.0544,226.02899,1.1705482,-0.72089016,204.89938,-285.22113
1.5-473-550,0.1204819277,0.2409638554,0.7098470004029654,-0.0006382871403,1.5,473.0,550.0,483.88812,0.9802127,639.31525,632.86743,148.97931,0.670815,-0.3093977,474.40488,-164.91037
1.5-473-550,0.2445783133,0.4891566266,0.6021818746711394,0.0005414757638,1.5,473.0,550.0,546.1575,1.4068439,571.9899,762.4251,216.26764,0.92356,-0.48328388,310.87943,-261.1105
1.5-473-550,0.1795180723,0.3590361446,0.9671530515086588,0.0008696541017,1.5,473.0,550.0,794.2295,0.71840507,81.53139,701.2209,-93.008606,0.7895153,0.07111025,390.69208,309.1607
1.5-473-550,0.3975903615,0.795180723,0.5396442233296441,0.0004852425493,1.5,473.0,550.0,643.3505,2.2176716,410.30392,835.0936,191.7431,1.2340976,-0.98357403,185.70747,-224.59645
1.5-473-550,0.4673469388,0.9346938776,0.9895407848051817,-0.0008897849218,1.5,473.0,550.0,659.4625,0.5462298,353.7398,837.6353,178.17279,1.3629619,0.8167321,155.58948,-198.15033
1.5-473-550,0.3361445784,0.6722891568,0.6600967573005477,-0.0005935522321,1.5,473.0,550.0,632.2948,1.8462409,436.1433,818.1485,185.8537,1.1125361,-0.7337048,225.1838,-210.9595
1.5-473-550,0.1578313253,0.3156626506,0.9980223152919674,-0.000897411427,1.5,473.0,550.0,871.5514,0.05548124,67.492294,677.37,-194.1814,0.7455439,0.69006264,420.3216,352.82928
1.5-473-550,0.2385542169,0.4771084338,0.998978267368595,-0.0008982710093,1.5,473.0,550.0,1254.7961,0.024933683,40.853012,757.46857,-497.32758,0.911056,0.8861223,317.64877,276.79578
1.5-473-550,0.2819277109,0.5638554218,0.8902853188558087,0.0008005354251,1.5,473.0,550.0,788.1756,1.6621754,83.359116,789.6592,1.4835815,1.0011356,-0.6610398,271.96793,188.60881
1.5-473-550,0.2024096385,0.404819277,0.03282169734692774,-2.951293353e-05,1.5,473.0,550.0,506.89136,1.2613741,616.03595,724.61755,217.7262,0.83636636,-0.42500776,360.98187,-255.05408
1.5-473-550,0.0,0.0,0.9999998074933552,0.0008991895677,1.5,473.0,550.0,473.0,-1.3699311e-08,649.85333,467.38678,-5.61322,0.43581393,0.43581393,669.50385,19.650513
1.5-473-550,0.01224489793,0.02448979586,0.9999999997775775,0.0008991897406,1.5,473.0,550.0,473.0,-1.3699311e-08,649.85333,485.34247,12.342468,0.45951176,0.45951176,648.5283,-1.3250122
1.5-473-550,0.4612244898,0.9224489796,0.9965972946963587,0.0008961300631,1.5,473.0,550.0,660.55396,0.18370162,346.3069,837.999,177.44507,1.3520803,1.1683787,157.72136,-188.58553
1.5-473-550,0.1445783132,0.2891566264,0.998978267368595,-0.0008982710093,1.5,473.0,550.0,808.8168,0.03430979,77.9995,662.04877,-146.768,0.7188834,0.6845736,439.09012,361.09064
1.5-473-550,0.1228915662,0.2457831324,0.9844268823757469,0.0008851865532,1.5,473.0,550.0,610.25,0.48605224,477.10648,635.8582,25.608215,0.67559904,0.1895468,470.80753,-6.29895
1.5-473-550,0.1421686747,0.2843373494,0.9985491866279087,0.0008978851843,1.5,473.0,550.0,795.7125,0.051801547,80.740555,659.2056,-136.5069,0.7140534,0.66225183,442.55392,361.81335
1.5-473-550,0.2469879518,0.4939759036,0.6600967573005477,0.0005935522321,1.5,473.0,550.0,563.6018,1.4331095,549.07715,764.3648,200.763,0.92856413,-0.5045454,308.20926,-240.86789
1.5-473-550,0.148192771,0.296385542,0.9996041061370615,-0.0008988337571,1.5,473.0,550.0,829.9849,0.010830448,73.850876,666.2808,-163.7041,0.72613853,0.71530807,433.92365,360.07275
1.5-473-550,0.1096385542,0.2192771084,0.993141646395439,0.0008930227796,1.5,473.0,550.0,627.01746,0.22356538,447.3768,619.22064,-7.796814,0.6493454,0.42578,490.76566,43.388855
1.5-473-550,0.1614457831,0.3228915662,0.8475322498919685,-0.0007620923041,1.5,473.0,550.0,531.797,0.994278,588.6518,681.4529,149.65588,0.75284296,-0.24143505,415.288,-173.3638
1.5-473-550,0.1240963855,0.248192771,0.9531521909241071,0.0008570646715,1.5,473.0,550.0,532.6939,0.6993949,587.6544,637.3478,104.65387,0.677993,-0.021401882,469.0142,-118.64023
1.5-473-550,0.1530120482,0.3060240964,0.9337895728803226,-0.000839654004,1.5,473.0,550.0,564.08966,0.86532944,548.9406,671.8616,107.77191,0.73583055,-0.1294989,427.0904,-121.85022
1.5-473-550,0.06938775512,0.13877551024,0.16340484097302546,-0.0001469319566,1.5,473.0,550.0,473.0,1.1832433,649.85333,566.1153,93.115295,0.57038456,-0.6128587,553.7861,-96.06726
1.5-473-550,0.3108433735,0.621686747,0.6021818746711394,0.0005414757638,1.5,473.0,550.0,606.3416,1.6983614,483.11298,806.49,200.14838,1.0608678,-0.6374936,245.57468,-237.5383
1.5-473-550,0.1590361445,0.318072289,0.9956514833048237,-0.0008952795992,1.5,473.0,550.0,861.9236,0.122628376,68.77986,678.7356,-183.18799,0.74797565,0.62534726,418.63962,349.85974
1.5-473-550,0.4959183674,0.9918367348,0.9531521909241071,-0.0008570646715,1.5,473.0,550.0,657.4262,1.1833347,361.9605,834.7146,177.28839,1.4126568,0.22932208,146.69174,-215.26877
1.5-473-550,0.07346938777,0.14693877554,0.9872047710533666,-0.0008876844022,1.5,473.0,550.0,473.0,0.13236253,649.85333,571.66113,98.66113,0.57834697,0.44598442,547.2422,-102.611145
1.5-473-550,0.4775510204,0.9551020408,0.9531521908128958,-0.0008570646714,1.5,473.0,550.0,658.2074,1.179428,358.8067,836.81506,178.60767,1.3809142,0.20148623,152.22076,-206.58594
1.5-473-550,0.02244897957,0.04489795914,0.29146971579860803,-0.0002620865782,1.5,473.0,550.0,473.0,1.1880245,649.85333,500.1496,27.149597,0.479262,-0.7087625,631.216,-18.63733
1.5-473-550,0.2240963855,0.448192771,0.9215172744995802,0.0008286188792,1.5,473.0,550.0,917.53046,1.3618994,62.20775,744.95703,-172.57343,0.881098,-0.4808014,334.43286,272.2251
1.5-473-550,0.1253012048,0.2506024096,0.09831793589120096,8.840647929e-05,1.5,473.0,550.0,476.8009,1.1075138,646.2678,638.8334,162.03247,0.6803881,-0.4271257,467.2244,-179.04343
1.5-473-550,0.02040816324,0.04081632648,0.998978267368595,-0.0008982710093,1.5,473.0,550.0,473.0,0.008780525,649.85333,497.20004,24.200043,0.47531137,0.46653083,634.66583,-15.1875
1.5-473-550,0.2265060241,0.4530120482,0.9442484491033019,0.0008490585182,1.5,473.0,550.0,1028.1874,1.1451952,52.480362,747.10175,-281.08563,0.88608474,-0.2591105,331.58356,279.1032
1.5-473-550,0.4816326531,0.9632653062,0.9811301446957078,0.0008822221605,1.5,473.0,550.0,657.9761,0.8182267,359.74072,836.41534,178.43927,1.3880311,0.56980443,150.93483,-208.8059
1.5-473-550,0.04285714285,0.0857142857,0.8206166047262803,-0.0007378900321,1.5,473.0,550.0,473.0,0.85585463,649.85333,529.2934,56.293396,0.51880294,-0.3370517,597.08264,-52.77069
1.5-473-550,0.3831325302,0.7662650604,0.9985491866279087,0.0008978851843,1.5,473.0,550.0,1107.2261,0.06682508,47.561874,832.4784,-274.74768,1.2061006,1.1392756,193.78384,146.22197
1.5-473-550,0.07346938777,0.14693877554,0.8705746216627653,0.0007828117684,1.5,473.0,550.0,473.0,0.78869295,649.85333,571.66113,98.66113,0.57834697,-0.21034598,547.2422,-102.611145
1.5-473-550,0.1602409638,0.3204819276,0.9726063657286781,-0.0008745576659,1.5,473.0,550.0,686.0006,0.7101459,170.8232,680.0966,-5.9039917,0.75040865,0.04026276,416.96173,246.13853
1.5-473-550,0.4897959184,0.9795918368,0.9671530515086588,-0.0008696541017,1.5,473.0,550.0,657.58514,1.0557295,361.31873,835.4993,177.91418,1.4021567,0.3464272,148.46263,-212.8561
1.5-473-550,0.3421686747,0.6843373494,0.6600967573005477,-0.0005935522321,1.5,473.0,550.0,634.82904,1.8773226,430.92776,820.5081,185.67908,1.1247241,-0.7525984,220.69632,-210.23145
1.5-473-550,0.221686747,0.443373494,0.9973789933391554,0.0008968329585,1.5,473.0,550.0,1288.6056,0.06319736,39.92299,742.7888,-545.8168,0.87611413,0.81291676,337.30264,297.37964
1.5-473-550,0.2277108433,0.4554216866,0.9671530515086588,0.0008696541017,1.5,473.0,550.0,1141.9308,0.7664735,45.766495,748.1653,-393.7655,0.88857913,0.12210566,330.16663,284.40015
1.5-473-550,0.04285714285,0.0857142857,0.9996041060258503,0.000898833757,1.5,473.0,550.0,473.0,0.0031449061,649.85333,529.2934,56.293396,0.51880294,0.515658,597.08264,-52.77069
1.5-473-550,0.1518072289,0.3036144578,0.7892004020960466,-0.000709640905,1.5,473.0,550.0,512.1658,0.9989619,610.46497,670.4731,158.30731,0.7334056,-0.26555634,428.79272,-181.67224
1.5-473-550,0.156626506,0.313253012,0.9915009044774012,-0.0008915474413,1.5,473.0,550.0,816.4303,0.25015026,76.49483,675.99976,-140.43054,0.7431136,0.4929633,422.0077,345.51288
1.5-473-550,0.1240963855,0.248192771,0.47796385156444166,0.0004297801918,1.5,473.0,550.0,479.56665,1.0608035,643.65234,637.3478,157.78113,0.677993,-0.38281053,469.0142,-174.63815
1.5-473-550,0.2951807229,0.5903614458,0.9980223152919674,-0.000897411427,1.5,473.0,550.0,1178.065,0.061684176,44.03984,797.8391,-380.22583,1.0285786,0.96689445,259.4614,215.42155
1.5-473-550,0.1204819277,0.2409638554,0.9999999997775775,0.0008991897406,1.5,473.0,550.0,718.3434,-1.3699311e-08,110.97417,632.86743,-85.47595,0.670815,0.670815,474.40488,363.43073
1.5-473-550,0.373493976,0.746987952,0.9215172744995802,-0.0008286188792,1.5,473.0,550.0,852.64575,1.8979825,70.20763,830.2827,-22.363037,1.187213,-0.71076953,199.56737,129.35974
1.5-473-550,0.3963855422,0.7927710844,0.9956514833048237,0.0008952795992,1.5,473.0,550.0,1076.1873,0.23517703,49.33232,834.90594,-241.28131,1.2317804,0.99660337,186.35379,137.02147
1.5-473-550,0.1578313253,0.3156626506,0.9945113832197316,0.0008942544329,1.5,473.0,550.0,847.4754,0.15743105,71.02623,677.37,-170.10541,0.7455439,0.58811283,420.3216,349.29535
1.5-473-550,0.1578313253,0.3156626506,0.5396442233296441,0.0004852425493,1.5,473.0,550.0,498.2139,1.0828689,624.81757,677.37,179.1561,0.7455439,-0.33732504,420.3216,-204.49597
1.5-473-550,0.4061224489,0.8122448978,0.9915009044774012,0.0008915474413,1.5,473.0,550.0,812.16925,0.5702177,77.33792,836.26965,24.100403,1.2504224,0.68020463,181.26524,103.92732
1.5-473-550,0.1542168674,0.3084337348,0.9993254186825348,0.0008985831642,1.5,473.0,550.0,857.5354,0.01854335,69.42201,673.2455,-184.28992,0.73825693,0.71971357,425.3921,355.9701
1.5-473-550,0.2819277109,0.5638554218,0.9973789933391554,0.0008968329585,1.5,473.0,550.0,1186.5328,0.0786898,43.652573,789.6592,-396.87366,1.0011356,0.9224458,271.96793,228.31535
1.5-473-550,0.4387755102,0.8775510204,0.9726063657286781,-0.0008745576659,1.5,473.0,550.0,670.39984,1.0471444,253.23529,838.4396,168.03973,1.3114693,0.2643249,166.31277,-86.922516
1.5-473-550,0.3337349398,0.6674698796,0.4163512326852384,0.000374378757,1.5,473.0,550.0,588.7598,1.7379957,509.25278,817.1602,228.40039,1.1076473,-0.63034844,227.01804,-282.23474
1.5-473-550,0.2674698795,0.534939759,0.9895407848051817,0.0008897849218,1.5,473.0,550.0,1166.7233,0.30173135,44.558517,779.8421,-386.88116,0.97112167,0.6693903,286.39554,241.83702
1.5-473-550,0.1277108433,0.2554216866,0.9811301448069191,0.0008822221606,1.5,473.0,550.0,607.8326,0.5501297,481.02277,641.7927,33.960144,0.6851821,0.13505238,463.65567,-17.367096
1.5-473-550,0.3915662651,0.7831325302,0.03282169735804886,2.951293354e-05,1.5,473.0,550.0,615.2043,2.0690005,468.8195,834.1008,218.89655,1.2224823,-0.84651816,188.98712,-279.83237
1.5-473-550,0.1927710843,0.3855421686,0.8475322498919685,0.0007620923041,1.5,473.0,550.0,572.5704,1.1526465,534.2277,714.9991,142.42871,0.8165886,-0.33605796,373.28738,-160.94034
1.5-473-550,0.3144578314,0.6289156628,0.7892004020960466,-0.000709640905,1.5,473.0,550.0,656.21783,1.8047911,363.86328,808.33,152.11218,1.0682904,-0.73650074,242.50772,-121.35556
1.5-473-550,0.2987951807,0.5975903614,0.16340484119544796,0.0001469319568,1.5,473.0,550.0,535.67615,1.5312004,584.33813,799.9332,264.25708,1.0360459,-0.4951545,256.1707,-328.16745
1.5-473-550,0.2084337349,0.4168674698,0.09831793590232207,8.84064793e-05,1.5,473.0,550.0,509.0446,1.2858135,613.8569,730.4513,221.40671,0.84876186,-0.4370516,353.4465,-260.41037
1.5-473-550,0.4714285714,0.9428571428,0.9772248215579286,-0.000878710534,1.5,473.0,550.0,658.8739,0.9010871,356.11606,837.33856,178.46466,1.3701704,0.46908325,154.21498,-201.90108
1.5-473-550,0.1710843373,0.3421686746,0.9071317792997667,0.0008156835895,1.5,473.0,550.0,574.2126,0.9796682,531.69977,692.13245,117.91986,0.77236515,-0.20730305,402.04956,-129.6502
1.5-473-550,0.1795180723,0.3590361446,0.5396442233296441,0.0004852425493,1.5,473.0,550.0,509.04874,1.1390431,613.8236,701.2209,192.17215,0.7895153,-0.34952778,390.69208,-223.13153
1.5-473-550,0.1385542168,0.2771084336,0.9973789933391554,0.0008968329585,1.5,473.0,550.0,770.8718,0.10280429,87.24808,654.90875,-115.96307,0.70681804,0.60401374,447.77856,360.5305
1.5-473-550,0.169879518,0.339759036,0.9531521909241071,0.0008570646715,1.5,473.0,550.0,643.80585,0.88178474,406.48697,690.81433,47.008484,0.7699203,-0.11186445,403.68948,-2.7974854
1.5-473-550,0.1843373494,0.3686746988,0.9956514833048237,0.0008952795992,1.5,473.0,550.0,1033.3623,0.102721795,52.06755,706.3036,-327.05872,0.79934317,0.69662136,384.29947,332.23193
1.5-473-550,0.06326530613,0.12653061226,0.8206166047262803,0.0007378900321,1.5,473.0,550.0,473.0,0.873751,649.85333,557.7344,84.734375,0.5584561,-0.31529486,563.6623,-86.19104
1.5-473-550,0.2409638554,0.4819277108,0.9985491866279087,0.0008978851843,1.5,473.0,550.0,1246.906,0.03676586,41.152634,759.46954,-487.43646,0.9160564,0.8792905,314.92502,273.7724
1.5-473-550,0.3361445784,0.6722891568,0.9811301448069191,0.0008822221606,1.5,473.0,550.0,1064.0854,0.68835956,50.068558,818.1485,-245.93695,1.1125361,0.4241765,225.1838,175.11525
1.5-473-550,0.3036144579,0.6072289158,0.9811301448069191,0.0008822221606,1.5,473.0,550.0,1089.8076,0.61095864,48.540512,802.63416,-287.17346,1.0459883,0.4350297,251.86342,203.3229
1.5-473-550,0.4816326531,0.9632653062,0.9531521909241071,0.0008570646715,1.5,473.0,550.0,657.92816,1.1810594,359.93393,836.41534,178.48718,1.3880311,0.20697176,150.93483,-208.9991
1.5-473-550,0.2240963855,0.448192771,0.16340484097302546,-0.0001469319566,1.5,473.0,550.0,514.01654,1.3317388,608.42365,744.95703,230.94049,0.881098,-0.45064086,334.43286,-273.99078
1.5-473-550,0.3168674699,0.6337349398,0.9215172744995802,0.0008286188792,1.5,473.0,550.0,867.2611,1.6368184,68.17738,809.52423,-57.736877,1.0732319,-0.5635865,240.49171,172.31433
1.5-473-550,0.2939759036,0.5879518072,0.16340484119544796,0.0001469319568,1.5,473.0,550.0,533.20795,1.5148647,587.0828,797.128,263.92004,1.0260878,-0.48877692,260.56976,-326.51306
1.5-473-550,0.05918367348,0.11836734696,0.5396442233296441,0.0004852425493,1.5,473.0,550.0,473.0,1.0892762,649.85333,552.107,79.106995,0.55051297,-0.5387632,570.2859,-79.567444
1.5-473-550,0.2915662651,0.5831325302,0.993141646395439,0.0008930227796,1.5,473.0,550.0,1158.9103,0.2167707,44.919724,795.6863,-363.224,1.0211033,0.80433255,262.80365,217.88393
1.5-473-550,0.1710843373,0.3421686746,0.9872047710533666,0.0008876844022,1.5,473.0,550.0,882.5951,0.3112287,66.02312,692.13245,-190.46265,0.77236515,0.46113646,402.04956,336.02643
1.5-473-550,0.3638554217,0.7277108434,0.9531521909241071,0.0008570646715,1.5,473.0,550.0,924.90985,1.5135132,61.18727,827.7122,-97.19763,1.1681573,-0.34535587,205.68219,144.49492
1.5-473-550,0.2289156626,0.4578313252,0.9993254186825348,-0.0008985831642,1.5,473.0,550.0,1283.5208,0.014958189,39.92299,749.2229,-534.29785,0.89107424,0.87611604,328.75485,288.83185
1.5-473-550,0.1795180723,0.3590361446,0.960723235489121,0.0008638724771,1.5,473.0,550.0,744.74164,0.8197806,98.79286,701.2209,-43.520752,0.7895153,-0.030265272,390.69208,291.89923
1.5-473-550,0.2409638554,0.4819277108,0.9671530515086588,0.0008696541017,1.5,473.0,550.0,1099.021,0.8200421,48.02263,759.46954,-339.55145,0.9160564,0.09601432,314.92502,266.9024
1.5-473-550,0.3036144579,0.6072289158,0.6600967573005477,-0.0005935522321,1.5,473.0,550.0,615.96497,1.6922333,467.1643,802.63416,186.66919,1.0459883,-0.646245,251.86342,-215.30089
1.5-473-550,0.2156626506,0.4313253012,0.9811301448069191,0.0008822221606,1.5,473.0,550.0,1214.7883,0.45390436,42.440506,737.2666,-477.52173,0.86366826,0.4097639,344.56583,302.1253
1.5-473-550,0.2855421687,0.5710843374,0.9895407848051817,-0.0008897849218,1.5,473.0,550.0,1147.1158,0.32319725,45.501205,791.968,-355.14783,1.0086285,0.68543124,268.48853,222.98732
1.5-473-550,0.2951807229,0.5903614458,0.09831793589120096,8.840647929e-05,1.5,473.0,550.0,531.7663,1.5152624,588.68585,797.8391,266.0728,1.0285786,-0.48668373,259.4614,-329.22446
1.5-473-550,0.1987951807,0.3975903614,0.9531521909241071,-0.0008570646715,1.5,473.0,550.0,957.22296,0.93851817,58.147385,721.0512,-236.17175,0.82894146,-0.1095767,365.5609,307.4135
1.5-473-550,0.3409638555,0.681927711,0.9671530515086588,0.0008696541017,1.5,473.0,550.0,991.9512,1.1291202,55.12477,820.0488,-171.90234,1.1222905,-0.0068297386,221.58264,166.45787
1.5-473-550,0.1602409638,0.3204819276,0.9998257452316341,-0.0008990330527,1.5,473.0,550.0,894.2327,0.002781735,64.55675,680.0966,-214.13611,0.75040865,0.7476269,416.96173,352.40497
1.5-473-550,0.2409638554,0.4819277108,0.9985491866279087,-0.0008978851843,1.5,473.0,550.0,1246.9059,0.03676586,41.152634,759.46954,-487.43634,0.9160564,0.8792905,314.92502,273.7724
1.5-473-550,0.4632653061,0.9265306122,0.9980223152919674,-0.000897411427,1.5,473.0,550.0,660.1598,0.10435234,349.97916,837.88885,177.72906,1.3557168,1.2513645,157.00119,-192.97797
1.5-473-550,0.2903614458,0.5807228916,0.999825745120423,0.0008990330526,1.5,473.0,550.0,1190.142,0.0030917388,43.48854,794.9556,-395.18634,1.0186098,1.0155181,263.9292,220.44066
1.5-473-550,0.3530120482,0.7060240964,0.3542741437603377,0.0003185596755,1.5,473.0,550.0,596.84735,1.828073,497.88013,824.3599,227.51257,1.1465322,-0.68154085,212.96846,-284.91168
1.5-473-550,0.2204819277,0.4409638554,0.9945113832197316,0.0008942544329,1.5,473.0,550.0,1277.5923,0.13336258,40.011856,741.6959,-535.89636,0.8736233,0.7402607,338.74518,298.73334
1.5-473-550,0.1084337349,0.2168674698,0.9772248215579286,-0.000878710534,1.5,473.0,550.0,543.9177,0.43559903,574.7666,617.68585,73.76813,0.64696574,0.21136671,492.6006,-82.166016
1.5-473-550,0.2819277109,0.5638554218,0.9965972946963587,-0.0008961300631,1.5,473.0,550.0,1183.043,0.102892384,43.81215,789.6592,-393.3838,1.0011356,0.8982432,271.96793,228.15578
1.5-473-550,0.1927710843,0.3855421686,0.960723235489121,0.0008638724771,1.5,473.0,550.0,923.07446,0.80859834,61.46141,714.9991,-208.07538,0.8165886,0.007990241,373.28738,311.826
1.5-473-550,0.2253012048,0.4506024096,0.8705746216627653,0.0007828117684,1.5,473.0,550.0,688.1722,1.4543774,219.72601,746.03235,57.86017,0.883591,-0.5707864,333.00565,113.27963
1.5-473-550,0.2265060241,0.4530120482,0.9337895728803226,-0.000839654004,1.5,473.0,550.0,975.5151,1.2640021,56.567978,747.10175,-228.41333,0.88608474,-0.37791735,331.58356,275.01556
1.5-473-550,0.2385542169,0.4771084338,0.09831793590232207,8.84064793e-05,1.5,473.0,550.0,516.855,1.3652775,605.2672,757.46857,240.61359,0.911056,-0.45422155,317.64877,-287.61844
1.5-473-550,0.3060240964,0.6120481928,0.9931416465066502,-0.0008930227797,1.5,473.0,550.0,1147.5033,0.22695361,45.4821,803.9455,-343.5578,1.0509529,0.8239993,249.74422,204.26212
1.5-473-550,0.2301204819,0.4602409638,0.03282169735804886,2.951293354e-05,1.5,473.0,550.0,514.6056,1.3450178,607.7686,750.2746,235.669,0.89356995,-0.45144784,327.3483,-280.42032
1.5-473-550,0.2481927711,0.4963855422,0.9337895728803226,0.000839654004,1.5,473.0,550.0,926.4921,1.3498499,61.099472,765.3253,-161.16681,0.93106663,-0.4187833,306.88226,245.78279
1.5-473-550,0.2927710844,0.5855421688,0.9531521908128958,-0.0008570646714,1.5,473.0,550.0,968.58044,1.2406828,57.05095,796.4104,-172.17004,1.0235959,-0.21708691,261.68384,204.63289
1.5-473-550,0.2674698795,0.534939759,0.8206166047262803,-0.0007378900321,1.5,473.0,550.0,653.3899,1.6121262,375.54266,779.8421,126.45221,0.97112167,-0.64100456,286.39554,-89.147125
1.5-473-550,0.03265306121,0.06530612242,0.9071317792997667,-0.0008156835895,1.5,473.0,550.0,473.0,0.660489,649.85333,514.8036,41.80359,0.49902278,-0.16146624,614.0646,-35.788757
1.5-473-550,0.2108433735,0.421686747,0.5396442234408553,-0.0004852425494,1.5,473.0,550.0,522.76917,1.2857565,598.6907,732.74567,209.9765,0.8537269,-0.43202955,350.46652,-248.22415
1.5-473-550,0.3457831326,0.6915662652,0.2914697156873968,0.0002620865781,1.5,473.0,550.0,584.6365,1.7697861,514.9166,821.84827,237.21179,1.1320127,-0.6377734,218.07071,-296.84592
1.5-473-550,0.0,0.0,0.8476293021558459,-0.0007621795725,1.5,473.0,550.0,473.0,0.90842825,649.85333,467.38678,-5.61322,0.43581393,-0.47261432,669.50385,19.650513
1.5-473-550,0.1240963855,0.248192771,0.9895407848051817,0.0008897849218,1.5,473.0,550.0,645.4311,0.4261439,404.5594,637.3478,-8.083313,0.677993,0.25184909,469.0142,64.4548
1.5-473-550,0.1963855422,0.3927710844,0.9531521908128958,-0.0008570646714,1.5,473.0,550.0,915.0865,0.9530577,62.354355,718.6465,-196.44,0.82399696,-0.12906075,368.63736,306.28302
1.5-473-550,0.3662650603,0.7325301206,0.3542741437603377,0.0003185596755,1.5,473.0,550.0,607.6193,1.9126055,481.34256,828.39056,220.77124,1.1729364,-0.7396691,204.12192,-277.22064
1.5-473-550,0.2771084337,0.5542168674,0.5396442233296441,0.0004852425493,1.5,473.0,550.0,562.5373,1.5182599,550.9792,786.4899,223.95264,0.9911373,-0.52712256,276.6867,-274.29248
1.5-473-550,0.4448979592,0.8897959184,0.2914697156873968,0.0002620865781,1.5,473.0,550.0,646.9251,2.030343,400.4329,838.4649,191.5398,1.322656,-0.707687,163.84314,-236.58975
1.5-473-550,0.2518072289,0.5036144578,0.9895407848051817,-0.0008897849218,1.5,473.0,550.0,1182.5094,0.2901767,43.836594,768.16974,-414.33966,0.93857545,0.64839876,302.93387,259.0973
1.5-473-550,0.01632653059,0.03265306118,0.9895407848051817,0.0008897849218,1.5,473.0,550.0,473.0,0.096772,649.85333,491.28302,18.28302,0.46741113,0.37063915,641.5846,-8.268738
1.5-473-550,0.4714285714,0.9428571428,0.4163512323516047,-0.0003743787567,1.5,473.0,550.0,656.0955,1.9013928,367.33234,837.33856,181.24304,1.3701704,-0.53122246,154.21498,-213.11736
1.5-473-550,0.04285714285,0.0857142857,0.960723235489121,-0.0008638724771,1.5,473.0,550.0,473.0,0.38967276,649.85333,529.2934,56.293396,0.51880294,0.12913018,597.08264,-52.77069
1.5-473-550,0.3927710844,0.7855421688,0.9442484491033019,-0.0008490585182,1.5,473.0,550.0,885.46497,1.8597895,65.657,834.31036,-51.154602,1.2248112,-0.6349783,188.32155,122.66455
1.5-473-550,0.4448979592,0.8897959184,0.9993254186825348,-0.0008985831642,1.5,473.0,550.0,666.288,0.035476074,291.82745,838.4649,172.17688,1.322656,1.28718,163.84314,-127.984314
1.5-473-550,0.3927710844,0.7855421688,0.16340484097302546,-0.0001469319566,1.5,473.0,550.0,618.3295,2.0877755,463.5347,834.31036,215.98083,1.2248112,-0.8629643,188.32155,-275.21313
1.5-473-550,0.3012048193,0.6024096386,0.9442484491033019,0.0008490585182,1.5,473.0,550.0,931.9467,1.3898237,60.48683,801.29675,-130.64996,1.0410192,-0.34880447,254.00557,193.51874
1.5-473-550,0.4,0.8,0.09835895158380348,8.844336018e-05,1.5,473.0,550.0,622.1098,2.1463902,456.7014,835.4528,213.34302,1.2387233,-0.9076669,184.42905,-272.27234
1.5-473-550,0.4510204082,0.9020408164,0.9965972946963587,0.0008961300631,1.5,473.0,550.0,663.41675,0.1900541,319.10776,838.379,174.96228,1.3337595,1.1437055,161.47038,-157.63737
1.5-473-550,0.2903614458,0.5807228916,0.9956514833048237,-0.0008952795992,1.5,473.0,550.0,1171.5021,0.13626485,44.33998,794.9556,-376.54645,1.0186098,0.8823449,263.9292,219.58922
1.5-473-550,0.3855421687,0.7710843374,0.9973789933391554,0.0008968329585,1.5,473.0,550.0,1098.7301,0.12664323,48.021835,832.97003,-265.76007,1.2107952,1.084152,192.38855,144.36671
1.5-473-550,0.4081632653,0.8163265306,0.9993254186825348,0.0008985831642,1.5,473.0,550.0,790.2188,0.04129754,82.13385,836.51184,46.29303,1.2543048,1.2130072,180.23714,98.10329
1.5-473-550,0.351807229,0.703614458,0.9973789933391554,0.0008968329585,1.5,473.0,550.0,1130.9714,0.10300051,46.297104,823.9568,-307.01465,1.1441177,1.0411172,213.80511,167.50801
1.5-473-550,0.04489795918,0.08979591836,0.9998257452316341,-0.0008990330527,1.5,473.0,550.0,473.0,0.00096689287,649.85333,532.1707,59.170715,0.522762,0.5217951,593.70734,-56.145996
1.5-473-550,0.1180722891,0.2361445782,0.8475322498919685,-0.0007620923041,1.5,473.0,550.0,491.39117,0.8775253,631.72217,629.8612,138.47003,0.66603565,-0.21148968,478.01636,-153.70581
1.5-473-550,0.4673469388,0.9346938776,0.9071317792997667,-0.0008156835895,1.5,473.0,550.0,659.11847,1.3859069,355.12885,837.6353,178.51685,1.3629619,-0.022945046,155.58948,-199.53937
1.5-473-550,0.3746987952,0.7493975904,0.9915009044774012,-0.0008915474413,1.5,473.0,550.0,1080.1138,0.3862489,49.10405,830.57745,-249.53632,1.1895833,0.8033344,198.8265,149.72246
1.5-473-550,0.4244897959,0.8489795918,0.960723235489121,-0.0008638724771,1.5,473.0,550.0,696.5123,1.3671287,131.52646,837.9265,141.41418,1.2850456,-0.082083106,172.47191,40.94545
1.5-473-550,0.4469387755,0.893877551,0.5396442233296441,-0.0004852425493,1.5,473.0,550.0,656.18463,1.9039707,366.97253,838.4484,182.2638,1.3263664,-0.5776043,163.04166,-203.93088
1.5-473-550,0.3349397591,0.6698795182,0.7892004020960466,-0.000709640905,1.5,473.0,550.0,662.8058,1.9031994,314.6937,817.6576,154.8518,1.1100926,-0.7931068,226.0981,-88.5956
1.5-473-550,0.2493975904,0.4987951808,0.993141646395439,-0.0008930227796,1.5,473.0,550.0,1203.6881,0.18912695,42.912247,766.27966,-437.40845,0.9335694,0.7444424,305.5607,262.64844
1.5-473-550,0.3277108434,0.6554216868,0.9811301448069191,0.0008822221606,1.5,473.0,550.0,1071.816,0.6644318,49.58641,814.5779,-257.23816,1.0953937,0.43096185,231.70227,182.11586
1.5-473-550,0.3987951807,0.7975903614,0.9337895729915338,-0.0008396540041,1.5,473.0,550.0,864.29395,2.027685,68.52785,835.2759,-29.018066,1.2364119,-0.791273,185.0659,116.538055
1.5-473-550,0.178313253,0.356626506,0.03282169735804886,2.951293354e-05,1.5,473.0,550.0,498.38397,1.1623935,624.64545,699.9375,201.55353,0.7870615,-0.37533194,392.30136,-232.34409
1.5-473-550,0.4163265306,0.8326530612,0.9993254186825348,-0.0008985831642,1.5,473.0,550.0,731.1789,0.043176755,102.88873,837.3336,106.154724,1.2697465,1.2265698,176.25401,73.36528
1.5-473-550,0.2421686747,0.4843373494,0.7098470004029654,0.0006382871403,1.5,473.0,550.0,576.56305,1.4297818,528.6226,760.4609,183.89783,0.9185572,-0.51122457,313.57114,-215.05148
1.5-473-550,0.2156626506,0.4313253012,0.9337895728803226,0.000839654004,1.5,473.0,550.0,960.1326,1.2733893,57.938065,737.2666,-222.86603,0.86366826,-0.40972108,344.56583,286.62775
1.5-473-550,0.4510204082,0.9020408164,0.16340484119544796,0.0001469319568,1.5,473.0,550.0,646.6904,2.0368133,401.08105,838.379,191.6886,1.3337595,-0.7030537,161.47038,-239.61067
1.5-473-550,0.1277108433,0.2554216866,0.9915009044774012,0.0008915474413,1.5,473.0,550.0,673.62415,0.39486176,224.66728,641.7927,-31.83142,0.6851821,0.29032034,463.65567,238.98839
1.5-473-550,0.3481927711,0.6963855422,0.993141646395439,0.0008930227796,1.5,473.0,550.0,1113.8524,0.26930672,47.20781,822.7103,-291.1421,1.1368612,0.8675545,216.34798,169.14017
1.5-473-550,0.002040816299,0.004081632598,0.7892004020960466,-0.000709640905,1.5,473.0,550.0,473.0,0.9722591,649.85333,470.3929,-2.6070862,0.43976393,-0.53249514,665.9932,16.139893
1.5-473-550,0.3578313254,0.7156626508,0.960723235489121,-0.0008638724771,1.5,473.0,550.0,952.72565,1.3508337,58.46254,825.91077,-126.81488,1.156167,-0.19466662,209.67621,151.21367
1.5-473-550,0.4081632653,0.8163265306,0.9945113832197316,0.0008942544329,1.5,473.0,550.0,790.1657,0.37754655,82.14584,836.51184,46.34613,1.2543048,0.8767582,180.23714,98.09129
1.5-473-550,0.1975903614,0.3951807228,0.22784103821928303,0.0002048723241,1.5,473.0,550.0,506.95856,1.2380903,615.96796,719.85156,212.893,0.82646865,-0.41162163,367.09677,-248.87119
1.5-473-550,0.3590361446,0.7180722892,0.5396442233296441,0.0004852425493,1.5,473.0,550.0,623.44495,1.9240323,454.05984,826.2832,202.83826,1.1585699,-0.7654624,208.86667,-245.19318
1.5-473-550,0.4755102041,0.9510204082,0.9337895728803226,0.000839654004,1.5,473.0,550.0,658.32776,1.2896265,358.32077,836.9998,178.67206,1.3773421,0.087715626,152.87671,-205.44406
1.5-473-550,0.2060240964,0.4120481928,0.7098470004029654,-0.0006382871403,1.5,473.0,550.0,539.8215,1.2578889,579.5507,728.13446,188.31299,0.84380066,-0.41408825,356.4461,-223.10461
1.5-473-550,0.3,0.6,0.7892004020960466,-0.000709640905,1.5,473.0,550.0,651.84515,1.7416973,381.87933,800.6182,148.77307,1.0385331,-0.7031642,255.08527,-126.79407
1.5-473-550,0.4510204082,0.9020408164,0.9671530515086588,0.0008696541017,1.5,473.0,550.0,663.1494,1.0628548,321.64728,838.379,175.22961,1.3337595,0.27090478,161.47038,-160.1769
1.5-473-550,0.4,0.8,0.4165266927609501,0.0003745365289,1.5,473.0,550.0,634.5969,2.195667,431.52774,835.4528,200.8559,1.2387233,-0.95694375,184.42905,-247.0987
1.5-473-550,0.1216867469,0.2433734938,0.9872047710533666,-0.0008876844022,1.5,473.0,550.0,622.57947,0.44314814,455.8089,634.36475,11.785278,0.6732063,0.2300582,472.60446,16.795563
1.5-473-550,0.4163265306,0.8326530612,0.999825745120423,0.0008990330526,1.5,473.0,550.0,731.17896,0.007028566,102.88872,837.3336,106.15466,1.2697465,1.262718,176.25401,73.365295
1.5-473-550,0.07142857145,0.1428571429,0.9215172744995802,0.0008286188792,1.5,473.0,550.0,473.0,0.6382248,649.85333,568.8924,95.892395,0.57436466,-0.06386012,550.5101,-99.34326
1.5-473-550,0.04897959184,0.09795918368,0.9965972946963587,0.0008961300631,1.5,473.0,550.0,473.0,0.033753023,649.85333,537.9038,64.90381,0.5306839,0.49693084,586.97845,-62.874878
1.5-473-550,0.2180722892,0.4361445784,0.9996041061370615,-0.0008988337571,1.5,473.0,550.0,1294.5767,0.007915542,39.92299,739.4928,-555.08386,0.8686441,0.86072856,341.64542,301.7224
1.5-473-550,0.3722891567,0.7445783134,0.9671530515086588,-0.0008696541017,1.5,473.0,550.0,965.08813,1.2831513,57.34868,829.9821,-135.10602,1.18484,-0.098311305,200.31342,142.96474
1.5-473-550,0.1674698795,0.334939759,0.8902853187445975,0.000800535425,1.5,473.0,550.0,555.9541,0.98237944,559.52106,688.1636,132.20947,0.7650345,-0.21734494,406.98215,-152.53891
1.5-473-550,0.2361445783,0.4722891566,0.8475322498919685,-0.0007620923041,1.5,473.0,550.0,653.6512,1.4776741,364.62134,755.4433,101.792114,0.9060573,-0.5716168,320.39374,-44.2276
1.5-473-550,0.4469387755,0.893877551,0.8475322498919685,0.0007620923041,1.5,473.0,550.0,663.18964,1.5466526,321.26505,838.4484,175.25879,1.3263664,-0.22028613,163.04166,-158.22339
1.5-473-550,0.4612244898,0.9224489796,0.9872047710533666,-0.0008876844022,1.5,473.0,550.0,660.51117,0.64184314,346.71353,837.999,177.48785,1.3520803,0.7102372,157.72136,-188.99217
1.5-473-550,0.4040816326,0.8081632652,0.3542741437603377,0.0003185596755,1.5,473.0,550.0,633.27783,2.200194,434.44962,836.0125,202.73468,1.2465314,-0.9536625,182.30653,-252.14308
1.5-473-550,0.3638554217,0.7277108434,0.9772248215579286,-0.000878710534,1.5,473.0,550.0,1016.38556,0.9335158,53.26506,827.7122,-188.67334,1.1681573,0.23464155,205.68219,152.41713
1.5-473-550,0.03673469387,0.07346938774,0.9996041060258503,0.000898833757,1.5,473.0,550.0,473.0,0.0030899507,649.85333,520.6199,47.619873,0.506932,0.50384206,607.2509,-42.602417
1.5-473-550,0.05714285715,0.1142857143,0.998978267368595,-0.0008982710093,1.5,473.0,550.0,473.0,0.0096738795,649.85333,549.28156,76.281555,0.54654413,0.53687024,573.60925,-76.24408
1.5-473-550,0.365060241,0.730120482,0.9531521909241071,-0.0008570646715,1.5,473.0,550.0,924.2799,1.5196233,61.251633,828.0544,-96.225525,1.1705482,-0.34907508,204.89938,143.64775
1.5-473-550,0.4795918368,0.9591836736,0.9531521908128958,-0.0008570646714,1.5,473.0,550.0,658.0577,1.1803166,359.4112,836.6202,178.5625,1.3844773,0.20416069,151.57355,-207.83765
1.5-473-550,0.3939759037,0.7879518074,0.8206166047262803,0.0007378900321,1.5,473.0,550.0,718.96875,2.3582828,111.89203,834.51434,115.54559,1.2271372,-1.1311456,187.6608,75.76877
1.5-473-550,0.4204081632,0.8408163264,0.7892004020960466,-0.000709640905,1.5,473.0,550.0,680.8593,2.1847243,174.86263,837.65814,156.79883,1.2774141,-0.90731025,174.33832,-0.52430725
1.5-473-550,0.03061224488,0.06122448976,0.999825745120423,0.0008990330526,1.5,473.0,550.0,473.0,0.00092791143,649.85333,511.88553,38.88553,0.49506947,0.49414155,617.48157,-32.371765
1.5-473-550,0.1180722891,0.2361445782,0.9215172744995802,0.0008286188792,1.5,473.0,550.0,505.51617,0.76476544,617.4277,629.8612,124.34503,0.66603565,-0.09872979,478.01636,-139.41132
1.5-473-550,0.04489795918,0.08979591836,0.9985491866279087,-0.0008978851843,1.5,473.0,550.0,473.0,0.013711498,649.85333,532.1707,59.170715,0.522762,0.5090505,593.70734,-56.145996
1.5-473-550,0.2831325301,0.5662650602,0.9872047710533666,0.0008876844022,1.5,473.0,550.0,1138.1831,0.3903063,45.941574,790.43524,-347.74786,1.0036339,0.61332756,270.80243,224.86086
1.5-473-550,0.2746987952,0.5493975904,0.3542741437603377,0.0003185596755,1.5,473.0,550.0,534.6066,1.4700139,585.52747,784.8666,250.25995,0.9861355,-0.48387837,279.08008,-306.4474
1.5-473-550,0.2530120482,0.5060240964,0.9215172744995802,-0.0008286188792,1.5,473.0,550.0,878.07294,1.4586983,66.77348,769.1054,-108.96753,0.9410788,-0.5176195,301.6286,234.85512
1.5-473-550,0.4959183674,0.9918367348,0.9998257452316341,-0.0008990330527,1.5,473.0,550.0,657.4491,0.0052941306,361.86813,834.7146,177.2655,1.4126568,1.4073627,146.69174,-215.17639
1.5-473-550,0.2951807229,0.5903614458,0.4163512326852384,0.000374378757,1.5,473.0,550.0,556.0193,1.5579308,559.4649,797.8391,241.81982,1.0285786,-0.5293522,259.4614,-300.0035
1.5-473-550,0.09387755105,0.1877551021,0.9531521908128958,-0.0008570646714,1.5,473.0,550.0,473.0,0.46240768,649.85333,598.8632,125.86322,0.6183003,0.15589264,515.02954,-134.82379
1.5-473-550,0.3180722892,0.6361445784,0.3542741439827602,-0.0003185596757,1.5,473.0,550.0,566.65045,1.6409085,545.3457,810.11163,243.46118,1.0757005,-0.56520796,239.49231,-305.8534
1.5-473-550,0.4040816326,0.8081632652,0.9872047710533666,0.0008876844022,1.5,473.0,550.0,840.9669,0.8096305,72.18028,836.0125,-4.9544067,1.2465314,0.43690085,182.30653,110.12625
1.5-473-550,0.3096385542,0.6192771084,0.22784103821928303,0.0002048723241,1.5,473.0,550.0,546.7435,1.5783806,571.4108,805.86365,259.12012,1.058391,-0.5199896,246.60846,-324.80237
1.5-473-550,0.3542168675,0.708433735,0.8475322498919685,-0.0007620923041,1.5,473.0,550.0,731.8246,2.0313888,104.599686,824.75684,92.93225,1.1489443,-0.8824445,212.13725,107.53757
1.5-473-550,0.02244897957,0.04489795914,0.6600967573005477,-0.0005935522321,1.5,473.0,550.0,473.0,1.0388064,649.85333,500.1496,27.149597,0.479262,-0.55954444,631.216,-18.63733
1.5-473-550,0.0387755102,0.0775510204,0.6600967573005477,-0.0005935522321,1.5,473.0,550.0,473.0,1.0164543,649.85333,523.5179,50.517883,0.51088804,-0.5055663,603.8545,-45.99884
1.5-473-550,0.2927710844,0.5855421688,0.993141646395439,-0.0008930227796,1.5,473.0,550.0,1157.8481,0.21773057,44.97209,796.4104,-361.43774,1.0235959,0.80586535,261.68384,216.71175
1.5-473-550,0.07959183676,0.15918367352,0.7098470004029654,0.0006382871403,1.5,473.0,550.0,473.0,0.99126095,649.85333,579.91595,106.915955,0.59030706,-0.4009539,537.48834,-112.36499
1.5-473-550,0.08367346941,0.16734693882,0.7525573838264147,0.0006766918789,1.5,473.0,550.0,473.0,0.95460343,649.85333,585.3752,112.37518,0.5982922,-0.35631126,531.0281,-118.82526
1.5-473-550,0.1650602409,0.3301204818,0.22784103833049427,-0.0002048723242,1.5,473.0,550.0,494.3856,1.126988,628.6918,685.4936,191.108,0.7601539,-0.36683416,410.29187,-218.3999
1.5-473-550,0.373493976,0.746987952,0.7098470004029654,0.0006382871403,1.5,473.0,550.0,654.4869,2.0895224,373.82642,830.2827,175.79584,1.187213,-0.9023094,199.56737,-174.25905
1.5-473-550,0.4632653061,0.9265306122,0.993141646395439,0.0008930227796,1.5,473.0,550.0,660.1497,0.37207186,350.04874,837.88885,177.73914,1.3557168,0.98364496,157.00119,-193.04755
1.5-473-550,0.213253012,0.426506024,0.16340484097302546,-0.0001469319566,1.5,473.0,550.0,511.05536,1.3027596,611.7165,735.0175,223.96216,0.8586958,-0.44406384,347.50623,-264.21027
1.5-473-550,0.3554216868,0.7108433736,0.9215172744995802,0.0008286188792,1.5,473.0,550.0,856.70135,1.7986192,69.646225,825.14764,-31.55371,1.1513542,-0.64726496,211.3115,141.66527
1.5-473-550,0.395180723,0.790361446,0.9337895728803226,0.000839654004,1.5,473.0,550.0,864.6147,1.9963161,68.48497,834.7129,-29.901794,1.2294602,-0.76685584,187.0049,118.51993
1.5-473-550,0.0387755102,0.0775510204,0.9531521908128958,-0.0008570646714,1.5,473.0,550.0,473.0,0.44457808,649.85333,523.5179,50.517883,0.51088804,0.06630996,603.8545,-45.99884
1.5-473-550,0.395180723,0.790361446,0.29146971579860803,-0.0002620865782,1.5,473.0,550.0,624.81213,2.1273704,451.56693,834.7129,209.90076,1.2294602,-0.8979101,187.0049,-264.562
1.5-473-550,0.4102040816,0.8204081632,0.03282169735804886,2.951293354e-05,1.5,473.0,550.0,628.3223,2.1851525,444.89758,836.7392,208.41687,1.2581785,-0.92697406,179.22208,-265.6755
1.5-473-550,0.2710843374,0.5421686748,0.9996041060258503,0.000898833757,1.5,473.0,550.0,1207.3358,0.009419964,42.757217,782.3832,-424.95264,0.9786299,0.9692099,282.7125,239.95528
1.5-473-550,0.330120482,0.660240964,0.9726063657286781,-0.0008745576659,1.5,473.0,550.0,1025.7821,0.94495976,52.603745,815.63,-210.1521,1.1003006,0.15534079,229.81161,177.20787
1.5-473-550,0.3927710844,0.7855421688,0.9337895728803226,0.000839654004,1.5,473.0,550.0,865.7769,1.9706936,68.322556,834.31036,-31.466553,1.2248112,-0.7458824,188.32155,119.99899
1.5-473-550,0.3168674699,0.6337349398,0.8475322498919685,0.0007620923041,1.5,473.0,550.0,713.7003,1.8489481,120.91757,809.52423,95.82391,1.0732319,-0.7757162,240.49171,119.57414
1.5-473-550,0.3626506025,0.725301205,0.9811301446957078,-0.0008822221605,1.5,473.0,550.0,1037.7808,0.7802534,51.757645,827.364,-210.41675,1.1657642,0.3855108,206.47029,154.71265
1.5-473-550,0.2301204819,0.4602409638,0.9772248215579286,0.000878710534,1.5,473.0,550.0,1185.6685,0.5495275,43.692093,750.2746,-435.39386,0.89356995,0.34404242,327.3483,283.6562
1.5-473-550,0.256626506,0.513253012,0.8206166047262803,0.0007378900321,1.5,473.0,550.0,648.0701,1.5686599,393.2582,771.8748,123.80469,0.94858944,-0.62007046,297.74576,-95.51245
1.5-473-550,0.2626506024,0.5253012048,0.999825745120423,-0.0008990330526,1.5,473.0,550.0,1217.3839,0.0028022986,42.330185,776.36456,-441.01935,0.9611081,0.9583058,291.38452,249.05434
1.5-473-550,0.3132530121,0.6265060242,0.960723235489121,-0.0008638724771,1.5,473.0,550.0,986.5605,1.1674103,55.562363,807.7232,-178.83728,1.0658176,-0.10159266,243.5243,187.96194
1.5-473-550,0.4857142857,0.9714285714,0.9215172744995802,0.0008286188792,1.5,473.0,550.0,657.68085,1.3460443,360.93256,835.9764,178.29553,1.3951119,0.049067616,149.68243,-211.25012
1.5-473-550,0.3795180723,0.7590361446,0.4163512323516047,-0.0003743787567,1.5,473.0,550.0,622.16986,2.021284,456.54312,831.69824,209.52838,1.199038,-0.8222461,195.91444,-260.62866
1.5-473-550,0.05714285715,0.1142857143,0.47796385156444166,0.0004297801918,1.5,473.0,550.0,473.0,1.1160386,649.85333,549.28156,76.281555,0.54654413,-0.5694944,573.60925,-76.24408
1.5-473-550,0.3975903615,0.795180723,0.6021818746711394,0.0005414757638,1.5,473.0,550.0,649.37573,2.2440584,392.20966,835.0936,185.7179,1.2340976,-1.0099608,185.70747,-206.50218
1.5-473-550,0.3373493976,0.6746987952,0.7525573838264147,-0.0006766918789,1.5,473.0,550.0,652.18835,1.8949473,381.37097,818.6331,166.44476,1.1149776,-0.7799697,224.27512,-157.09586
1.5-473-550,0.1108433734,0.2216867468,0.9844268823757469,0.0008851865532,1.5,473.0,550.0,578.3832,0.37707877,524.3324,620.7519,42.368713,0.6517263,0.27464753,488.93408,-35.398315
1.5-473-550,0.08163265309,0.16326530618,0.9996041061370615,-0.0008988337571,1.5,473.0,550.0,473.0,0.0032588106,649.85333,582.65,109.650024,0.59429836,0.59103954,534.25397,-115.599365
1.5-473-550,0.1843373494,0.3686746988,0.960723235489121,0.0008638724771,1.5,473.0,550.0,806.01953,0.8012642,79.06824,706.3036,-99.71594,0.79934317,-0.0019210577,384.29947,305.23123
1.5-473-550,0.3120481928,0.6240963856,0.8902853188558087,-0.0008005354251,1.5,473.0,550.0,800.3043,1.7641047,80.161545,807.1098,6.805481,1.0633433,-0.70076144,244.54663,164.38509
1.5-473-550,0.3903614458,0.7807228916,0.9726063657286781,-0.0008745576659,1.5,473.0,550.0,968.9416,1.2663027,57.007034,833.8858,-135.05579,1.2201507,-0.046151996,189.65758,132.65054
1.5-473-550,0.02857142855,0.0571428571,0.9337895728803226,0.000839654004,1.5,473.0,550.0,473.0,0.5486014,649.85333,508.96103,35.96103,0.4911167,-0.057484686,620.9053,-28.94806
1.5-473-550,0.2951807229,0.5903614458,0.8206166047262803,0.0007378900321,1.5,473.0,550.0,666.47943,1.7402265,281.32828,797.8391,131.35968,1.0285786,-0.71164787,259.4614,-21.866882
1.5-473-550,0.1903614457,0.3807228914,0.999825745120423,0.0008990330526,1.5,473.0,550.0,1111.992,0.002418266,47.307236,712.5409,-399.45105,0.8116554,0.8092371,376.4107,329.10345
1.5-473-550,0.308433735,0.61686747,0.47796385156444166,0.0004297801918,1.5,473.0,550.0,578.0999,1.6358838,526.262,805.2308,227.13086,1.0559129,-0.57997096,247.64798,-278.61404
1.5-473-550,0.07142857145,0.1428571429,0.03282169734692774,-2.951293353e-05,1.5,473.0,550.0,473.0,1.1904356,649.85333,568.8924,95.892395,0.57436466,-0.616071,550.5101,-99.34326
1.5-473-550,0.386746988,0.773493976,0.960723235489121,0.0008638724771,1.5,473.0,550.0,931.2199,1.5373611,60.531815,833.2074,-98.01251,1.2131382,-0.32422292,191.6984,131.16658
1.5-473-550,0.3397590362,0.6795180724,0.9895407848051817,-0.0008897849218,1.5,473.0,550.0,1103.3564,0.394863,47.76866,819.58325,-283.7732,1.1198548,0.7249918,222.47456,174.7059
1.5-473-550,0.2180722891,0.4361445782,0.6600967573005477,0.0005935522321,1.5,473.0,550.0,537.8772,1.3159966,581.8141,739.4928,201.6156,0.8686441,-0.44735253,341.64542,-240.16867
1.5-473-550,0.1072289156,0.2144578312,0.29146971579860803,-0.0002620865782,1.5,473.0,550.0,473.0719,1.1315117,649.7855,616.1474,143.0755,0.64458716,-0.48692453,494.4389,-155.34662
1.5-473-550,0.2204819277,0.4409638554,0.7525573838264147,-0.0006766918789,1.5,473.0,550.0,564.63165,1.3412088,547.46045,741.6959,177.06427,0.8736233,-0.4675855,338.74518,-208.71527
1.5-473-550,0.1457831325,0.291566265,0.9895407848051817,-0.0008897849218,1.5,473.0,550.0,741.163,0.36277336,97.987625,663.46387,-77.69916,0.7213004,0.35852706,437.364,339.3764
1.5-473-550,0.2301204819,0.4602409638,0.8475322498919685,-0.0007620923041,1.5,473.0,550.0,648.2607,1.4472625,389.61362,750.2746,102.013916,0.89356995,-0.5536926,327.3483,-62.26532
1.5-473-550,0.191566265,0.38313253,0.9531521909241071,0.0008570646715,1.5,473.0,550.0,849.25244,0.9221178,71.12517,713.77264,-135.4798,0.8141214,-0.107996404,374.8467,303.72156
1.5-473-550,0.3469879518,0.6939759036,0.16340484119544796,0.0001469319568,1.5,473.0,550.0,577.0239,1.7547323,527.08356,822.2824,245.25848,1.134438,-0.6202942,217.20659,-309.87695
1.5-473-550,0.1518072289,0.3036144578,0.29146971579860803,-0.0002620865782,1.5,473.0,550.0,489.46198,1.1014194,633.6745,670.4731,181.01111,0.7334056,-0.36801386,428.79272,-204.88177
1.5-473-550,0.395180723,0.790361446,0.8902853187445975,0.000800535425,1.5,473.0,550.0,803.91125,2.2540252,79.10422,834.7129,30.801636,1.2294602,-1.024565,187.0049,107.90068
1.5-473-550,0.3096385542,0.6192771084,0.9337895728803226,0.000839654004,1.5,473.0,550.0,900.0953,1.5166737,63.95375,805.86365,-94.23163,1.058391,-0.4582827,246.60846,182.65471
1.5-473-550,0.2120481928,0.4240963856,0.22784103821928303,0.0002048723241,1.5,473.0,550.0,511.60666,1.297701,611.1034,733.88446,222.2778,0.85621095,-0.44149005,348.9839,-262.1195
1.5-473-550,0.2060240963,0.4120481926,0.998978267368595,-0.0008982710093,1.5,473.0,550.0,1252.4089,0.023556458,40.946976,728.13446,-524.2745,0.84380066,0.8202442,356.4461,315.49915
1.5-473-550,0.1614457831,0.3228915662,0.16340484097302546,-0.0001469319566,1.5,473.0,550.0,492.26443,1.1231551,630.8384,681.4529,189.18845,0.75284296,-0.37031215,415.288,-215.55038
1.5-473-550,0.3132530121,0.6265060242,0.9726063657286781,-0.0008745576659,1.5,473.0,550.0,1039.6167,0.89105725,51.64467,807.7232,-231.8935,1.0658176,0.17476034,243.5243,191.87964
1.5-473-550,0.213253012,0.426506024,0.4163512323516047,-0.0003743787567,1.5,473.0,550.0,517.07214,1.2986659,605.0258,735.0175,217.94537,0.8586958,-0.43997008,347.50623,-257.5196
1.5-473-550,0.191566265,0.38313253,0.9215172744995802,0.0008286188792,1.5,473.0,550.0,671.58435,1.1134734,248.89577,713.77264,42.188293,0.8141214,-0.299352,374.8467,125.95094
1.5-473-550,0.2277108434,0.4554216868,0.7525573838264147,-0.0006766918789,1.5,473.0,550.0,575.8472,1.3777303,529.5053,748.1653,172.31805,0.88857913,-0.48915112,330.16663,-199.33868
1.5-473-550,0.05714285715,0.1142857143,0.29146971579860803,-0.0002620865782,1.5,473.0,550.0,473.0,1.173696,649.85333,549.28156,76.281555,0.54654413,-0.6271519,573.60925,-76.24408
1.5-473-550,0.02653061223,0.05306122446,0.9965972946963587,0.0008961300631,1.5,473.0,550.0,473.0,0.031662688,649.85333,506.03015,33.03015,0.48716465,0.45550197,624.33563,-25.5177
1.5-473-550,0.2060240964,0.4120481928,0.16340484097302546,-0.0001469319566,1.5,473.0,550.0,508.8764,1.2763116,614.0271,728.13446,219.25806,0.84380066,-0.43251097,356.4461,-257.581
1.5-473-550,0.191566265,0.38313253,0.8475322498919685,0.0007620923041,1.5,473.0,550.0,570.68866,1.143162,537.56244,713.77264,143.08398,0.8141214,-0.3290406,374.8467,-162.71573
1.5-473-550,0.2096385542,0.4192771084,0.6600967573005477,-0.0005935522321,1.5,473.0,550.0,533.8422,1.2772133,586.3775,731.60126,197.75903,0.851244,-0.42596936,351.95404,-234.42346
1.5-473-550,0.09591836738,0.19183673476,0.998978267368595,0.0008982710093,1.5,473.0,550.0,473.0,0.009661959,649.85333,601.53253,128.53253,0.6223101,0.6126481,511.85657,-137.99677
1.5-473-550,0.1024096385,0.204819277,0.9772248215579286,-0.000878710534,1.5,473.0,550.0,517.12445,0.35722136,604.9392,609.9578,92.833374,0.6350838,0.27786243,501.82523,-103.11398
1.5-473-550,0.06938775512,0.13877551024,0.9965972946963587,-0.0008961300631,1.5,473.0,550.0,473.0,0.03446375,649.85333,566.1153,93.115295,0.57038456,0.5359208,553.7861,-96.06726
1.5-473-550,0.3313253012,0.6626506024,0.9071317792997667,0.0008156835895,1.5,473.0,550.0,834.94257,1.769782,73.220856,816.1465,-18.796082,1.1027513,-0.6670307,228.87477,155.65392
1.5-473-550,0.4959183674,0.9918367348,0.7525573838264147,-0.0006766918789,1.5,473.0,550.0,657.2984,1.6735157,362.47635,834.7146,177.4162,1.4126568,-0.2608589,146.69174,-215.7846
1.5-473-550,0.243373494,0.486746988,0.9071317792997667,0.0008156835895,1.5,473.0,550.0,827.7147,1.4950761,74.9035,761.44604,-66.26868,0.9210585,-0.5740176,312.2226,237.31909
1.5-473-550,0.4755102041,0.9510204082,0.960723235489121,-0.0008638724771,1.5,473.0,550.0,658.39874,1.1177076,358.03424,836.9998,178.60107,1.3773421,0.2596345,152.87671,-205.15753
1.5-473-550,0.4448979592,0.8897959184,0.8705746216627653,-0.0007828117684,1.5,473.0,550.0,664.4096,1.5076426,309.67456,838.4649,174.0553,1.322656,-0.18498659,163.84314,-145.83142
1.5-473-550,0.104819277,0.209638554,0.09831793589120096,8.840647929e-05,1.5,473.0,550.0,473.00232,1.1625785,649.85114,613.0597,140.05737,0.6398333,-0.5227452,498.12543,-151.72571
1.5-473-550,0.4734693878,0.9469387756,0.9872047710533666,0.0008876844022,1.5,473.0,550.0,658.67395,0.6400273,356.92334,837.1744,178.50043,1.3737607,0.7337334,153.54137,-203.38197
1.5-473-550,0.4530612245,0.906122449,0.7892004020960466,-0.000709640905,1.5,473.0,550.0,660.65045,1.6204312,345.38998,838.3263,177.67584,1.3374422,-0.28298903,160.70035,-184.68964
1.5-473-550,0.2975903615,0.595180723,0.8902853187445975,0.000800535425,1.5,473.0,550.0,793.4696,1.7211792,81.87689,799.2417,5.7720947,1.0335578,-0.6876215,257.26184,175.38495
1.5-473-550,0.2807228916,0.5614457832,0.9965972946963587,-0.0008961300631,1.5,473.0,550.0,1184.1653,0.10241531,43.76085,788.8765,-395.28876,0.99863684,0.8962215,273.13913,229.37828
1.5-473-550,0.4102040816,0.8204081632,0.3542741439827602,-0.0003185596757,1.5,473.0,550.0,636.75604,2.221238,426.74542,836.7392,199.98315,1.2581785,-0.9630594,179.22208,-247.52335
1.5-473-550,0.1325301204,0.2650602408,0.8902853188558087,-0.0008005354251,1.5,473.0,550.0,512.8446,0.8693357,609.7147,647.66315,134.81854,0.69478524,-0.17455047,456.56204,-153.15268
1.5-473-550,0.1397590361,0.2795180722,0.9671530515086588,0.0008696541017,1.5,473.0,550.0,589.47595,0.70671064,508.6302,656.34534,66.869385,0.7092285,0.002517879,446.0332,-62.596985
1.5-473-550,0.09795918369,0.19591836738,0.9945113834421542,0.0008942544331,1.5,473.0,550.0,473.00378,0.0558369,649.8498,604.19214,131.18835,0.62632287,0.57048595,508.6927,-141.1571
1.5-473-550,0.2240963855,0.448192771,0.7892004020960466,0.000709640905,1.5,473.0,550.0,591.43524,1.376857,505.52844,744.95703,153.52179,0.881098,-0.49575907,334.43286,-171.09558
1.5-473-550,0.1385542168,0.2771084336,0.960723235489121,-0.0008638724771,1.5,473.0,550.0,571.487,0.73263377,536.9059,654.90875,83.42175,0.70681804,-0.025815725,447.77856,-89.12732
1.5-473-550,0.4306122449,0.8612244898,0.9726063657286781,0.0008745576659,1.5,473.0,550.0,682.4783,1.091356,161.74974,838.2262,155.74792,1.296425,0.20506895,169.76247,8.012726
1.5-473-550,0.4530612245,0.906122449,0.960723235489121,0.0008638724771,1.5,473.0,550.0,662.4012,1.1220994,328.75653,838.3263,175.92511,1.3374422,0.21534276,160.70035,-168.05618
1.5-473-550,0.3204819277,0.6409638554,0.9980223152919674,0.000897411427,1.5,473.0,550.0,1160.2593,0.067042336,44.854477,811.2669,-348.99237,1.0806333,1.0135909,237.5106,192.65613
1.5-473-550,0.04285714285,0.0857142857,0.9985491866279087,-0.0008978851843,1.5,473.0,550.0,473.0,0.013632582,649.85333,529.2934,56.293396,0.51880294,0.50517035,597.08264,-52.77069
1.5-473-550,0.1228915662,0.2457831324,0.7892004020960466,-0.000709640905,1.5,473.0,550.0,490.1111,0.9375533,633.0176,635.8582,145.7471,0.67559904,-0.26195425,470.80753,-162.21005
1.5-473-550,0.2831325301,0.5662650602,0.9071317792997667,-0.0008156835895,1.5,473.0,550.0,832.74243,1.6082867,73.694916,790.43524,-42.30719,1.0036339,-0.6046529,270.80243,197.10751
1.5-473-550,0.365060241,0.730120482,0.03282169734692774,-2.951293353e-05,1.5,473.0,550.0,591.90125,1.8627942,505.05505,828.0544,236.15314,1.1705482,-0.69224596,204.89938,-300.15567
1.5-473-550,0.05510204082,0.11020408164,0.993141646395439,0.0008930227796,1.5,473.0,550.0,473.0,0.07003169,649.85333,546.4484,73.448425,0.54257685,0.47254515,576.9403,-72.913025
1.5-473-550,0.3289156627,0.6578313254,0.9442484491033019,-0.0008490585182,1.5,473.0,550.0,921.12317,1.4756111,61.59413,815.1072,-106.01599,1.0978479,-0.37776315,230.7541,169.15997
1.5-473-550,0.05306122449,0.10612244898,0.5396442233296441,-0.0004852425493,1.5,473.0,550.0,473.0,1.09053,649.85333,543.6077,70.60773,0.53861105,-0.551919,580.2788,-69.574524
1.5-473-550,0.2048192771,0.4096385542,0.9337895728803226,0.000839654004,1.5,473.0,550.0,892.82477,1.2190409,65.12892,726.96765,-165.85712,0.8413215,-0.37771934,357.9532,292.82428
1.5-473-550,0.2590361446,0.5180722892,0.9811301448069191,0.0008822221606,1.5,473.0,550.0,1135.5046,0.52188504,46.073624,773.6897,-361.81494,0.95359695,0.4317119,295.18466,249.11104
1.5-473-550,0.08571428574,0.17142857148,0.9531521908128958,-0.0008570646714,1.5,473.0,550.0,473.0,0.46272013,649.85333,588.0913,115.09131,0.6022886,0.13956848,527.8107,-122.0426
1.5-473-550,0.4428571429,0.8857142858,0.9985491866279087,0.0008978851843,1.5,473.0,550.0,667.5622,0.08398603,279.7217,838.469,170.9068,1.3189363,1.2349503,164.65541,-115.0663
1.5-473-550,0.191566265,0.38313253,0.3542741439827602,-0.0003185596757,1.5,473.0,550.0,507.37558,1.2049252,615.5459,713.77264,206.39706,0.8141214,-0.39080375,374.8467,-240.69919
1.5-473-550,0.1,0.2,0.7527150114032973,-0.000676833616,1.5,473.0,550.0,473.00665,0.9508296,649.84705,606.8419,133.83527,0.63033855,-0.32049108,505.53802,-144.30902
1.5-473-550,0.4265306122,0.8530612244,0.09831793589120096,8.840647929e-05,1.5,473.0,550.0,638.32556,2.1763937,423.26886,838.04,199.71442,1.2888478,-0.88754594,171.55687,-251.71199
1.5-473-550,0.4612244898,0.9224489796,0.9844268823757469,-0.0008851865532,1.5,473.0,550.0,660.49603,0.7318522,346.85718,837.999,177.50299,1.3520803,0.6202282,157.72136,-189.13582
1.5-473-550,0.01836734691,0.03673469382,0.9071317792997667,0.0008156835895,1.5,473.0,550.0,473.0,0.6521539,649.85333,494.2445,21.244507,0.47136107,-0.18079284,638.1221,-11.731262
1.5-473-550,0.2156626506,0.4313253012,0.2914697156873968,0.0002620865781,1.5,473.0,550.0,513.9343,1.3092685,608.515,737.2666,223.33228,0.86366826,-0.4456002,344.56583,-263.9492
1.5-473-550,0.2277108434,0.4554216868,0.5396442234408553,0.0004852425494,1.5,473.0,550.0,528.3246,1.3420143,592.5131,748.1653,219.8407,0.88857913,-0.45343518,330.16663,-262.3465
1.5-473-550,0.2530120482,0.5060240964,0.998978267368595,-0.0008982710093,1.5,473.0,550.0,1222.4014,0.026661502,42.123825,769.1054,-453.29596,0.9410788,0.91441727,301.6286,259.50476
1.5-473-550,0.1891566265,0.378313253,0.9999999997775775,-0.0008991897406,1.5,473.0,550.0,1104.0494,-1.3699311e-08,47.758743,711.3039,-392.74554,0.8091906,0.8091906,377.97928,330.22052
1.5-473-550,0.178313253,0.356626506,0.9999999997775775,-0.0008991897406,1.5,473.0,550.0,1008.44006,-1.3699311e-08,53.86888,699.9375,-308.50256,0.7870615,0.7870615,392.30136,338.4325
1.5-473-550,0.3168674699,0.6337349398,0.8705746216627653,0.0007828117684,1.5,473.0,550.0,759.16016,1.8296785,92.15915,809.52423,50.364075,1.0732319,-0.7564466,240.49171,148.33257
1.5-473-550,0.2373493976,0.4746987952,0.9442484491033019,-0.0008490585182,1.5,473.0,550.0,995.66925,1.1889602,54.87166,756.4589,-239.21033,0.9085564,-0.2804038,319.01862,264.14697
1.5-473-550,0.3240963856,0.6481927712,0.6021818746711394,0.0005414757638,1.5,473.0,550.0,614.75256,1.7616476,469.41165,812.9514,198.19885,1.0880208,-0.6736268,234.58084,-234.83081
1.5-473-550,0.2542168675,0.508433735,0.9999999997775775,0.0008991897406,1.5,473.0,550.0,1225.0809,-1.3699311e-08,42.033585,770.03485,-455.04608,0.94358224,0.94358224,300.32883,258.29523
1.5-473-550,0.4897959184,0.9795918368,0.9996041061370615,-0.0008988337571,1.5,473.0,550.0,657.6107,0.01732676,361.21555,835.4993,177.88861,1.4021567,1.38483,148.46263,-212.75291
1.5-473-550,0.4510204082,0.9020408164,0.9442484491033019,0.0008490585182,1.5,473.0,550.0,662.9253,1.2416967,323.777,838.379,175.45374,1.3337595,0.09206283,161.47038,-162.30663
1.5-473-550,0.3228915663,0.6457831326,0.9726063657286781,0.0008745576659,1.5,473.0,550.0,1031.7815,0.9212793,52.17839,812.39636,-219.38513,1.0855598,0.16428053,235.55174,183.37335
1.5-473-550,0.265060241,0.530120482,0.8902853188558087,-0.0008005354251,1.5,473.0,550.0,786.78925,1.605507,83.96054,778.1161,-8.673157,0.9661152,-0.63939184,288.87885,204.9183
1.5-473-550,0.05918367348,0.11836734696,0.9215172744995802,0.0008286188792,1.5,473.0,550.0,473.0,0.63644874,649.85333,552.107,79.106995,0.55051297,-0.08593577,570.2859,-79.567444
1.5-473-550,0.05714285715,0.1142857143,0.9872047710533666,0.0008876844022,1.5,473.0,550.0,473.0,0.13191758,649.85333,549.28156,76.281555,0.54654413,0.41462654,573.60925,-76.24408
1.5-473-550,0.3349397591,0.6698795182,0.5396442233296441,0.0004852425493,1.5,473.0,550.0,609.4048,1.7896174,478.26443,817.6576,208.2528,1.1100926,-0.6795248,226.0981,-252.16634
1.5-473-550,0.2373493976,0.4746987952,0.9442484491033019,0.0008490585182,1.5,473.0,550.0,995.6693,1.1889602,54.87166,756.4589,-239.21039,0.9085564,-0.2804038,319.01862,264.14697
1.5-473-550,0.01428571426,0.02857142852,0.9811301446957078,0.0008822221605,1.5,473.0,550.0,473.0,0.17407422,649.85333,488.31567,15.315674,0.46346137,0.28938717,645.0534,-4.7999268
1.5-473-550,0.1879518072,0.3759036144,0.4163512323516047,-0.0003743787567,1.5,473.0,550.0,507.76486,1.1841522,615.152,710.0616,202.29672,0.80672693,-0.3774253,379.55246,-235.59952
1.5-473-550,0.2759036145,0.551807229,0.9215172744995802,-0.0008286188792,1.5,473.0,550.0,873.3346,1.5075879,67.35878,785.68146,-87.65314,0.9886366,-0.5189513,277.88055,210.52177
1.5-473-550,0.4693877551,0.9387755102,0.9531521909241071,0.0008570646715,1.5,473.0,550.0,659.0422,1.1751246,355.43683,837.49225,178.45007,1.3665707,0.19144607,154.89764,-200.53918
1.5-473-550,0.1879518072,0.3759036144,0.09831793590232207,-8.84064793e-05,1.5,473.0,550.0,502.21323,1.1961688,620.7702,710.0616,207.84836,0.80672693,-0.38944185,379.55246,-241.21774
1.5-473-550,0.330120482,0.660240964,0.9337895728803226,0.000839654004,1.5,473.0,550.0,892.8394,1.5887346,64.81322,815.63,-77.20941,1.1003006,-0.48843408,229.81161,164.9984
1.5-473-550,0.3409638555,0.681927711,0.9844268823757469,-0.0008851865532,1.5,473.0,550.0,1076.3743,0.5863137,49.321457,820.0488,-256.32544,1.1222905,0.53597677,221.58264,172.26118
1.5-473-550,0.3409638555,0.681927711,0.8902853187445975,0.000800535425,1.5,473.0,550.0,803.58374,1.8771309,79.3125,820.0488,16.465088,1.1222905,-0.7548404,221.58264,142.27014
1.5-473-550,0.2024096385,0.404819277,0.9973789933391554,0.0008968329585,1.5,473.0,550.0,1224.3711,0.0645086,42.04576,724.61755,-499.75354,0.83636636,0.77185774,360.98187,318.9361
1.5-473-550,0.06938775512,0.13877551024,0.999825745120423,0.0008990330526,1.5,473.0,550.0,473.0,0.0009984237,649.85333,566.1153,93.115295,0.57038456,0.5693861,553.7861,-96.06726
1.5-473-550,0.2168674698,0.4337349396,0.9985491866279087,-0.0008978851843,1.5,473.0,550.0,1288.0995,0.034489557,39.92299,738.38257,-549.7169,0.8661558,0.83166623,343.10312,303.1801
1.5-473-550,0.2831325301,0.5662650602,0.8206166047262803,-0.0007378900321,1.5,473.0,550.0,660.3932,1.6813256,327.6252,790.43524,130.04205,1.0036339,-0.6776917,270.80243,-56.822784
1.5-473-550,0.213253012,0.426506024,0.3542741439827602,-0.0003185596757,1.5,473.0,550.0,514.89874,1.2999535,607.4426,735.0175,220.11877,0.8586958,-0.44125766,347.50623,-259.9364
1.5-473-550,0.4653061225,0.930612245,0.8705746216627653,0.0007828117684,1.5,473.0,550.0,659.2097,1.4793041,354.76047,837.7675,178.5578,1.359344,-0.11996007,156.29063,-198.46983
1.5-473-550,0.256626506,0.513253012,0.9980223152919674,0.000897411427,1.5,473.0,550.0,1214.7964,0.05409895,42.44014,771.8748,-442.92157,0.94858944,0.8944905,297.74576,255.30562
1.5-473-550,0.3313253012,0.6626506024,0.9772248215579286,0.000878710534,1.5,473.0,550.0,1047.7883,0.8082016,51.11171,816.1465,-231.64185,1.1027513,0.29454964,228.87477,177.76306
1.5-473-550,0.4693877551,0.9387755102,0.9895407848051817,-0.0008897849218,1.5,473.0,550.0,659.1745,0.5462173,354.90262,837.49225,178.31775,1.3665707,0.8203534,154.89764,-200.00497
1.5-473-550,0.06326530613,0.12653061226,0.9998257452316341,-0.0008990330527,1.5,473.0,550.0,473.0,0.0009982449,649.85333,557.7344,84.734375,0.5584561,0.55745786,563.6623,-86.19104
1.5-473-550,0.351807229,0.703614458,0.03282169734692774,-2.951293353e-05,1.5,473.0,550.0,578.08246,1.7744498,524.94116,823.9568,245.87433,1.1441177,-0.6303321,213.80511,-311.13605
1.5-473-550,0.2831325301,0.5662650602,0.22784103833049427,-0.0002048723242,1.5,473.0,550.0,531.0511,1.4846792,589.48126,790.43524,259.38416,1.0036339,-0.48104537,270.80243,-318.67883
1.5-473-550,0.1843373494,0.3686746988,0.993141646395439,0.0008930227796,1.5,473.0,550.0,1019.6041,0.16171788,53.032425,706.3036,-313.30054,0.79934317,0.6376253,384.29947,331.26703
1.5-473-550,0.2168674698,0.4337349396,0.9985491866279087,0.0008978851843,1.5,473.0,550.0,1288.0995,0.034489557,39.92299,738.38257,-549.7169,0.8661558,0.83166623,343.10312,303.1801
1.5-473-550,0.2771084337,0.5542168674,0.47796385156444166,-0.0004297801918,1.5,473.0,550.0,550.5677,1.5002519,566.4355,786.4899,235.92224,0.9911373,-0.50911456,276.6867,-289.74878
1.5-473-550,0.4897959184,0.9795918368,0.9872047710533666,0.0008876844022,1.5,473.0,550.0,657.6033,0.64136034,361.24554,835.4993,177.89606,1.4021567,0.76079637,148.46263,-212.78291
1.5-473-550,0.1614457831,0.3228915662,0.9993254186825348,-0.0008985831642,1.5,473.0,550.0,897.90454,0.016848968,64.13927,681.4529,-216.45166,0.75284296,0.735994,415.288,351.14874
1.5-473-550,0.3855421687,0.7710843374,0.8206166047262803,0.0007378900321,1.5,473.0,550.0,713.6253,2.2622275,117.10989,832.97003,119.34473,1.2107952,-1.0514324,192.38855,75.278656
1.5-473-550,0.4979591837,0.9959183674,0.9442484492145131,-0.0008490585183,1.5,473.0,550.0,657.38196,1.2408786,362.13904,834.4351,177.05316,1.4161391,0.17526054,146.11665,-216.02238
1.5-473-550,0.2,0.4,0.9956514833048237,-0.0008952795992,1.5,473.0,550.0,1201.4897,0.10257475,43.00566,722.2455,-479.24426,0.83141536,0.7288406,364.0298,321.0241
1.5-473-550,0.1457831325,0.291566265,0.7892004020960466,0.000709640905,1.5,473.0,550.0,507.4696,0.98452705,615.4508,663.46387,155.99426,0.7213004,-0.26322663,437.364,-178.08679
1.5-473-550,0.1831325301,0.3662650602,0.9999999997775775,0.0008991897406,1.5,473.0,550.0,1046.9093,-1.3699311e-08,51.195023,705.0406,-341.8687,0.79688436,0.79688436,385.89087,334.69586
1.5-473-550,0.5,1.0,0.9931458282714428,0.0008930265399,1.5,473.0,550.0,657.37775,0.41296822,362.15604,834.1469,176.76917,1.4196125,1.0066442,145.54895,-216.60709
1.5-473-550,0.3710843374,0.7421686748,0.9726063657286781,-0.0008745576659,1.5,473.0,550.0,988.40955,1.1237984,55.39955,829.67566,-158.73389,1.1824644,0.05866599,201.06465,145.6651
1.5-473-550,0.1795180723,0.3590361446,0.6021818746711394,-0.0005414757638,1.5,473.0,550.0,512.69684,1.1307455,609.8911,701.2209,188.52405,0.7895153,-0.3412302,390.69208,-219.19904
1.5-473-550,0.2626506024,0.5253012048,0.7098470004029654,0.0006382871403,1.5,473.0,550.0,600.8871,1.528926,491.38034,776.36456,175.47748,0.9611081,-0.5678179,291.38452,-199.99582
1.5-473-550,0.4551020408,0.9102040816,0.9872047710533666,0.0008876844022,1.5,473.0,550.0,661.99884,0.6489401,332.57916,838.2618,176.26294,1.3411156,0.6921755,159.9406,-172.63857
1.5-473-550,0.0244897959,0.0489795918,0.8705746216627653,-0.0007828117684,1.5,473.0,550.0,473.0,0.7536158,649.85333,503.09296,30.092957,0.483213,-0.2704028,627.7726,-22.08075
1.5-473-550,0.4897959184,0.9795918368,0.9985491866279087,-0.0008978851843,1.5,473.0,550.0,657.6107,0.075105235,361.21555,835.4993,177.88861,1.4021567,1.3270515,148.46263,-212.75291
1.5-473-550,0.2506024096,0.5012048192,0.03282169734692774,-2.951293353e-05,1.5,473.0,550.0,519.1595,1.3961993,602.70465,767.22784,248.06836,0.9360723,-0.46012706,304.24457,-298.46008
1.5-473-550,0.3120481928,0.6240963856,0.6600967573005477,-0.0005935522321,1.5,473.0,550.0,620.8843,1.730764,458.438,807.1098,186.22552,1.0633433,-0.66742074,244.54663,-213.89136
1.5-473-550,0.1626506024,0.3253012048,0.9945113832197316,-0.0008942544329,1.5,473.0,550.0,876.97546,0.1480429,66.770706,682.8045,-194.17096,0.75527865,0.6072357,413.61847,346.84778
1.5-473-550,0.1734939759,0.3469879518,0.9945113832197316,-0.0008942544329,1.5,473.0,550.0,939.1429,0.13682608,59.73375,694.7539,-244.38898,0.7772588,0.6404327,398.78268,339.04895
1.5-473-550,0.2807228916,0.5614457832,0.9999999997775775,-0.0008991897406,1.5,473.0,550.0,1198.7684,-1.3699311e-08,43.139114,788.8765,-409.8919,0.99863684,0.99863684,273.13913,230.00002
1.5-473-550,0.1734939759,0.3469879518,0.22784103821928303,0.0002048723241,1.5,473.0,550.0,497.85666,1.1452785,625.1791,694.7539,196.89725,0.7772588,-0.36801964,398.78268,-226.3964
1.5-473-550,0.1891566265,0.378313253,0.9071317792997667,-0.0008156835895,1.5,473.0,550.0,623.3608,1.0961962,452.8324,711.3039,87.943115,0.8091906,-0.2870056,377.97928,-74.85312
1.5-473-550,0.4489795918,0.8979591836,0.8206166047262803,-0.0007378900321,1.5,473.0,550.0,662.0991,1.5859886,331.6262,838.41974,176.32062,1.3300676,-0.255921,162.25075,-169.37544
1.5-473-550,0.2325301205,0.465060241,0.7525573838264147,0.0006766918789,1.5,473.0,550.0,583.442,1.4012219,518.96405,752.36005,168.91803,0.8985632,-0.50265867,324.55075,-194.4133
1.5-473-550,0.1518072289,0.3036144578,0.9671530515086588,-0.0008696541017,1.5,473.0,550.0,625.037,0.74958384,450.6333,670.4731,45.436096,0.7334056,-0.01617825,428.79272,-21.840576
1.5-473-550,0.1228915662,0.2457831324,0.9895407848051817,0.0008897849218,1.5,473.0,550.0,641.4203,0.41842747,415.4944,635.8582,-5.5620728,0.67559904,0.25717157,470.80753,55.31314
1.5-473-550,0.4081632653,0.8163265306,0.9872047710533666,-0.0008876844022,1.5,473.0,550.0,789.6035,0.83928376,82.28552,836.51184,46.908325,1.2543048,0.415021,180.23714,97.951614
1.5-473-550,0.3698795181,0.7397590362,0.16340484097302546,-0.0001469319566,1.5,473.0,550.0,599.5843,1.9053347,493.8745,829.3633,229.77899,1.1800863,-0.72524846,201.82109,-292.0534
1.5-473-550,0.4836734694,0.9673469388,0.6021818746711394,-0.0005414757638,1.5,473.0,550.0,657.1604,1.7976016,363.03354,836.2007,179.04028,1.3915762,-0.4060254,150.30447,-212.72906
1.5-473-550,0.1530120482,0.3060240964,0.9215172744995802,0.0008286188792,1.5,473.0,550.0,553.36127,0.88827026,562.87006,671.8616,118.500305,0.73583055,-0.15243971,427.0904,-135.77966
1.5-473-550,0.2493975904,0.4987951808,0.9726063657286781,-0.0008745576659,1.5,473.0,550.0,1104.1688,0.731049,47.73671,766.27966,-337.88916,0.9335694,0.20252037,305.5607,257.82397
1.5-473-550,0.2361445783,0.4722891566,0.3542741439827602,-0.0003185596757,1.5,473.0,550.0,521.05066,1.3608559,600.6017,755.4433,234.39264,0.9060573,-0.45479864,320.39374,-280.20795
1.5-473-550,0.1554216867,0.3108433734,0.7892004020960466,-0.000709640905,1.5,473.0,550.0,515.0195,1.0082599,607.30835,674.62494,159.60547,0.74068457,-0.26757532,423.69788,-183.61047
1.5-473-550,0.4020408163,0.8040816326,0.9998257453428454,-0.0008990330528,1.5,473.0,550.0,891.4308,0.0060924157,65.22002,835.74023,-55.69055,1.2426316,1.2365391,183.3611,118.14108
1.5-473-550,0.04897959184,0.09795918368,0.6021818746711394,0.0005414757638,1.5,473.0,550.0,473.0,1.0573602,649.85333,537.9038,64.90381,0.5306839,-0.5266763,586.97845,-62.874878
1.5-473-550,0.3373493976,0.6746987952,0.8206166047262803,-0.0007378900321,1.5,473.0,550.0,686.3957,1.9372386,185.3628,818.6331,132.23743,1.1149776,-0.822261,224.27512,38.912323
1.5-473-550,0.3397590362,0.6795180724,0.9071317792997667,-0.0008156835895,1.5,473.0,550.0,834.0831,1.8039116,73.35747,819.58325,-14.499878,1.1198548,-0.68405676,222.47456,149.1171
1.5-473-550,0.0102040816,0.0204081632,0.6021818746711394,0.0005414757638,1.5,473.0,550.0,473.0,1.0822082,649.85333,482.36365,9.363647,0.45556226,-0.6266459,652.00934,2.1560059
1.5-473-550,0.07755102043,0.15510204086,0.9973789934503665,-0.0008968329586,1.5,473.0,550.0,473.0,0.026279198,649.85333,577.17303,104.173035,0.586318,0.5600388,540.7313,-109.12201
1.5-473-550,0.4632653061,0.9265306122,0.22784103821928303,0.0002048723241,1.5,473.0,550.0,652.82227,1.9970204,380.5464,837.88885,185.06659,1.3557168,-0.64130354,157.00119,-223.5452
1.5-473-550,0.1530120482,0.3060240964,0.9985491866279087,0.0008978851843,1.5,473.0,550.0,847.8249,0.043124482,70.970535,671.8616,-175.96332,0.73583055,0.69270605,427.0904,356.11987
1.5-473-550,0.4734693878,0.9469387756,0.9999999997775775,-0.0008991897406,1.5,473.0,550.0,658.6978,-1.3699311e-08,356.8269,837.1744,178.47656,1.3737607,1.3737607,153.54137,-203.28554
1.5-473-550,0.1421686747,0.2843373494,0.9071317792997667,-0.0008156835895,1.5,473.0,550.0,529.6721,0.8754706,591.0146,659.2056,129.53351,0.7140534,-0.16141719,442.55392,-148.46066
1.5-473-550,0.1927710843,0.3855421686,0.9993254186825348,0.0008985831642,1.5,473.0,550.0,1139.5219,0.014444158,45.87651,714.9991,-424.52277,0.8165886,0.8021444,373.28738,327.4109
1.5-473-550,0.351807229,0.703614458,0.9671530515086588,0.0008696541017,1.5,473.0,550.0,982.6434,1.1780134,55.86461,823.9568,-158.68658,1.1441177,-0.03389573,213.80511,157.9405
1.5-473-550,0.1903614457,0.3807228914,0.9726063657286781,-0.0008745576659,1.5,473.0,550.0,960.5114,0.61288214,57.770065,712.5409,-247.97052,0.8116554,0.19877326,376.4107,318.64062
1.5-473-550,0.2638554217,0.5277108434,0.9337895728803226,0.000839654004,1.5,473.0,550.0,920.16327,1.3801066,61.73369,777.24347,-142.9198,0.96361166,-0.4164949,290.1289,228.39522
1.5-473-550,0.2831325301,0.5662650602,0.9945113832197316,0.0008942544329,1.5,473.0,550.0,1172.4966,0.16801046,44.29448,790.43524,-382.06134,1.0036339,0.8356234,270.80243,226.50795
1.5-473-550,0.3373493976,0.6746987952,0.9985491866279087,-0.0008978851843,1.5,473.0,550.0,1149.0731,0.051794454,45.40468,818.6331,-330.44,1.1149776,1.0631832,224.27512,178.87044
1.5-473-550,0.2638554217,0.5277108434,0.9996041060258503,-0.000898833757,1.5,473.0,550.0,1215.3169,0.009195969,42.418045,777.24347,-438.07343,0.96361166,0.9544157,290.1289,247.71086
1.5-473-550,0.351807229,0.703614458,0.9844268823757469,0.0008851865532,1.5,473.0,550.0,1066.0657,0.61796045,49.94249,823.9568,-242.10889,1.1441177,0.52615726,213.80511,163.86263
1.5-473-550,0.3855421687,0.7710843374,0.47796385156444166,-0.0004297801918,1.5,473.0,550.0,631.26196,2.0863717,438.6596,832.97003,201.70807,1.2107952,-0.8755765,192.38855,-246.27106
1.5-473-550,0.2843373494,0.5686746988,0.9844268823757469,0.0008851865532,1.5,473.0,550.0,1123.5444,0.47480705,46.689926,791.2049,-332.33954,1.0061315,0.5313245,269.64264,222.95271
1.5-473-550,0.308433735,0.61686747,0.9872047710533666,-0.0008876844022,1.5,473.0,550.0,1117.5636,0.42486724,47.009537,805.2308,-312.33282,1.0559129,0.6310456,247.64798,200.63844
1.5-473-550,0.01632653059,0.03265306118,0.9671530515086588,-0.0008696541017,1.5,473.0,550.0,473.0,0.3092515,649.85333,491.28302,18.28302,0.46741113,0.15815964,641.5846,-8.268738
1.5-473-550,0.3614457832,0.7228915664,0.4163512323516047,-0.0003743787567,1.5,473.0,550.0,609.66504,1.8972856,477.97226,827.00977,217.34473,1.1633685,-0.7339171,207.26372,-270.70856
1.5-473-550,0.01632653059,0.03265306118,0.9956514833048237,-0.0008952795992,1.5,473.0,550.0,473.0,0.039697096,649.85333,491.28302,18.28302,0.46741113,0.42771405,641.5846,-8.268738
1.5-473-550,0.3903614458,0.7807228916,0.22784103833049427,-0.0002048723242,1.5,473.0,550.0,618.733,2.073606,462.83157,833.8858,215.15283,1.2201507,-0.8534553,189.65758,-273.174
1.5-473-550,0.3554216868,0.7108433736,0.9895407848051817,0.0008897849218,1.5,473.0,550.0,1088.3606,0.42673436,48.62465,825.14764,-263.21295,1.1513542,0.72461987,211.3115,162.68684
1.5-473-550,0.1927710843,0.3855421686,0.9671530515086588,0.0008696541017,1.5,473.0,550.0,963.4591,0.7031205,57.530746,714.9991,-248.46002,0.8165886,0.11346805,373.28738,315.75665
1.5-473-550,0.2457831325,0.491566265,0.4163512323516047,-0.0003743787567,1.5,473.0,550.0,526.50616,1.390415,594.53516,763.398,236.89185,0.9260619,-0.46435302,309.54166,-284.9935
1.5-473-550,0.1180722891,0.2361445782,0.9726063657286781,-0.0008745576659,1.5,473.0,550.0,552.01996,0.5584529,564.65454,629.8612,77.84125,0.66603565,0.10758275,478.01636,-86.63818
1.5-473-550,0.3722891567,0.7445783134,0.47796385156444166,-0.0004297801918,1.5,473.0,550.0,623.38336,1.9873201,454.2602,829.9821,206.59875,1.18484,-0.8024801,200.31342,-253.94678
1.5-473-550,0.4959183674,0.9918367348,0.5396442233296441,-0.0004852425493,1.5,473.0,550.0,657.147,1.8352723,363.08777,834.7146,177.56763,1.4126568,-0.42261553,146.69174,-216.39603
1.5-473-550,0.2180722892,0.4361445784,0.9998257452316341,-0.0008990330527,1.5,473.0,550.0,1295.4188,0.0024219018,39.92299,739.4928,-555.926,0.8686441,0.8662222,341.64542,301.7224
1.5-473-550,0.09387755105,0.1877551021,0.9985491866279087,0.0008978851843,1.5,473.0,550.0,473.0,0.014105068,649.85333,598.8632,125.86322,0.6183003,0.60419524,515.02954,-134.82379
1.5-473-550,0.2771084337,0.5542168674,0.22784103833049427,-0.0002048723242,1.5,473.0,550.0,528.70325,1.4666013,592.092,786.4899,257.78668,0.9911373,-0.47546393,276.6867,-315.40527
1.5-473-550,0.2506024096,0.5012048192,0.9996041061370615,-0.0008988337571,1.5,473.0,550.0,1228.4829,0.008942352,41.882767,767.22784,-461.25507,0.9360723,0.9271299,304.24457,262.36182
1.5-473-550,0.1650602409,0.3301204818,0.9442484491033019,0.0008490585182,1.5,473.0,550.0,607.83765,0.8892399,480.5857,685.4936,77.655945,0.7601539,-0.12908602,410.29187,-70.29382
1.5-473-550,0.1445783132,0.2891566264,0.9726063657286781,-0.0008745576659,1.5,473.0,550.0,621.54834,0.6916738,457.2995,662.04877,40.500427,0.7188834,0.02720958,439.09012,-18.209381
1.5-473-550,0.2975903615,0.595180723,0.7892004020960466,0.000709640905,1.5,473.0,550.0,651.08887,1.7304426,384.45154,799.2417,148.15283,1.0335578,-0.6968849,257.26184,-127.1897
1.5-473-550,0.2108433734,0.4216867468,0.9531521909241071,0.0008570646715,1.5,473.0,550.0,1073.9049,0.9939721,49.50865,732.74567,-341.15924,0.8537269,-0.1402452,350.46652,300.9579
1.5-473-550,0.07755102043,0.15510204086,0.9772248215579286,0.000878710534,1.5,473.0,550.0,473.0,0.2381926,649.85333,577.17303,104.173035,0.586318,0.3481254,540.7313,-109.12201
1.5-473-550,0.1987951807,0.3975903614,0.3542741439827602,-0.0003185596757,1.5,473.0,550.0,510.07578,1.2391376,612.7661,721.0512,210.97543,0.82894146,-0.4101962,365.5609,-247.2052
1.5-473-550,0.2108433734,0.4216867468,0.9442484491033019,-0.0008490585182,1.5,473.0,550.0,1024.2898,1.1187315,52.764053,732.74567,-291.54413,0.8537269,-0.26500458,350.46652,297.70245
1.5-473-550,0.4489795918,0.8979591836,0.999825745120423,-0.0008990330526,1.5,473.0,550.0,664.2454,0.0055718287,311.23438,838.41974,174.17432,1.3300676,1.3244958,162.25075,-148.98363
1.5-473-550,0.2542168675,0.508433735,0.9726063657286781,0.0008745576659,1.5,473.0,550.0,1095.7146,0.74162525,48.19728,770.03485,-325.67975,0.94358224,0.20195699,300.32883,252.13155
1.5-473-550,0.3180722892,0.6361445784,0.8705746216627653,-0.0007828117684,1.5,473.0,550.0,759.59326,1.8347546,91.98619,810.11163,50.51837,1.0757005,-0.75905406,239.49231,147.50612
1.5-473-550,0.4122448979,0.8244897958,0.29146971579860803,-0.0002620865782,1.5,473.0,550.0,635.2145,2.2147107,430.1599,836.95184,201.73737,1.2620434,-0.95266736,178.21996,-251.93996
1.5-473-550,0.1361445783,0.2722891566,0.9895407848051817,-0.0008897849218,1.5,473.0,550.0,694.10266,0.424893,135.0614,652.023,-42.07965,0.70200104,0.27710804,451.28067,316.21927
1.5-473-550,0.2180722892,0.4361445784,0.9985491866279087,-0.0008978851843,1.5,473.0,550.0,1290.5273,0.03417228,39.92299,739.4928,-551.03455,0.8686441,0.8344718,341.64542,301.7224
1.5-473-550,0.2939759036,0.5879518072,0.993141646395439,-0.0008930227796,1.5,473.0,550.0,1156.7567,0.21878432,45.025894,797.128,-359.62872,1.0260878,0.8073034,260.56976,215.54387
1.5-473-550,0.4979591837,0.9959183674,0.9985491868503311,0.0008978851845,1.5,473.0,550.0,657.4045,0.07503985,362.04813,834.4351,177.03064,1.4161391,1.3410993,146.11665,-215.93147
1.5-473-550,0.3180722892,0.6361445784,0.9844268823757469,-0.0008851865532,1.5,473.0,550.0,1096.3789,0.53407395,48.158524,810.11163,-286.26727,1.0757005,0.5416266,239.49231,191.33379
1.5-473-550,0.2578313253,0.5156626506,0.9945113832197316,-0.0008942544329,1.5,473.0,550.0,1198.5215,0.15424792,43.13182,772.7854,-425.73608,0.9510932,0.79684526,296.46246,253.33064
1.5-473-550,0.4061224489,0.8122448978,0.9726063657286781,0.0008745576659,1.5,473.0,550.0,808.53235,1.3716218,78.1156,836.26965,27.737305,1.2504224,-0.12119949,181.26524,103.14964
1.5-473-550,0.1373493975,0.274698795,0.9671530515086588,-0.0008696541017,1.5,473.0,550.0,583.1011,0.69747305,518.04584,653.468,70.36694,0.7044088,0.0069357753,449.52774,-68.5181
1.5-473-550,0.1457831325,0.291566265,0.8206166047262803,0.0007378900321,1.5,473.0,550.0,511.6816,0.96667767,610.98456,663.46387,151.78226,0.7213004,-0.24537724,437.364,-173.62054
1.5-473-550,0.04489795918,0.08979591836,0.9993254186825348,-0.0008985831642,1.5,473.0,550.0,473.0,0.0059382184,649.85333,532.1707,59.170715,0.522762,0.51682377,593.70734,-56.145996
1.5-473-550,0.4489795918,0.8979591836,0.993141646395439,-0.0008930227796,1.5,473.0,550.0,664.22345,0.39083022,311.4433,838.41974,174.19629,1.3300676,0.9392374,162.25075,-149.19255
1.5-473-550,0.1650602409,0.3301204818,0.9726063657286781,-0.0008745576659,1.5,473.0,550.0,724.90454,0.67397267,108.74118,685.4936,-39.41095,0.7601539,0.08618122,410.29187,301.5507
1.5-473-550,0.1843373494,0.3686746988,0.9985491866279087,0.0008978851843,1.5,473.0,550.0,1048.8497,0.033202156,51.03856,706.3036,-342.54614,0.79934317,0.766141,384.29947,333.26093
1.5-473-550,0.3939759037,0.7879518074,0.16340484097302546,-0.0001469319566,1.5,473.0,550.0,619.2082,2.098841,462.02176,834.51434,215.30615,1.2271372,-0.87170374,187.6608,-274.36096
1.5-473-550,0.4204081632,0.8408163264,0.8206166047262803,-0.0007378900321,1.5,473.0,550.0,687.7022,2.1177378,148.2836,837.65814,149.95593,1.2774141,-0.8403237,174.33832,26.054718
1.5-473-550,0.2,0.4,0.9999999997775775,-0.0008991897406,1.5,473.0,550.0,1219.794,-1.3699311e-08,42.25432,722.2455,-497.54846,0.83141536,0.83141536,364.0298,321.77545
1.5-473-550,0.395180723,0.790361446,0.47796385156444166,-0.0004297801918,1.5,473.0,550.0,636.6113,2.1720583,427.06592,834.7129,198.10156,1.2294602,-0.9425981,187.0049,-240.06102
1.5-473-550,0.3795180723,0.7590361446,0.9993254186825348,0.0008985831642,1.5,473.0,550.0,1114.6748,0.028143572,47.163864,831.69824,-282.97656,1.199038,1.1708945,195.91444,148.75058
1.5-473-550,0.3807228916,0.7614457832,0.29146971579860803,-0.0002620865782,1.5,473.0,550.0,614.6016,2.003595,469.83856,831.964,217.36237,1.2013949,-0.8022002,195.19919,-274.63937
1.5-473-550,0.3626506025,0.725301205,0.9965972946963587,-0.0008961300631,1.5,473.0,550.0,1116.4562,0.14237814,47.06868,827.364,-289.09216,1.1657642,1.0233861,206.47029,159.40161
1.5-473-550,0.4285714286,0.8571428572,0.3542741439827602,-0.0003185596757,1.5,473.0,550.0,644.2976,2.1791465,407.69003,838.13983,193.84222,1.2926409,-0.8865056,170.65378,-237.03625
1.5-473-550,0.4081632653,0.8163265306,0.9772248215579286,0.000878710534,1.5,473.0,550.0,787.91675,1.2390552,82.71832,836.51184,48.595093,1.2543048,0.01524961,180.23714,97.518814
1.5-473-550,0.2975903615,0.595180723,0.9945113832197316,0.0008942544329,1.5,473.0,550.0,1159.9354,0.17718022,44.87004,799.2417,-360.69373,1.0335578,0.85637754,257.26184,212.3918
1.5-473-550,0.05306122449,0.10612244898,0.960723235489121,-0.0008638724771,1.5,473.0,550.0,473.0,0.3991512,649.85333,543.6077,70.60773,0.53861105,0.13945985,580.2788,-69.574524
1.5-473-550,0.3795180723,0.7590361446,0.9980223152919674,-0.000897411427,1.5,473.0,550.0,1108.3406,0.08995758,47.502335,831.69824,-276.64233,1.199038,1.1090804,195.91444,148.41211
1.5-473-550,0.3337349398,0.6674698796,0.9895407848051817,0.0008897849218,1.5,473.0,550.0,1108.7465,0.3846981,47.480667,817.1602,-291.58624,1.1076473,0.7229492,227.01804,179.53737
1.5-473-550,0.3120481928,0.6240963856,0.9998257452316341,-0.0008990330527,1.5,473.0,550.0,1174.8707,0.0033081633,44.18593,807.1098,-367.76093,1.0633433,1.0600351,244.54663,200.3607
1.5-473-550,0.3831325302,0.7662650604,0.9980223152919674,0.000897411427,1.5,473.0,550.0,1104.6392,0.09258573,47.70012,832.4784,-272.16077,1.2061006,1.1135149,193.78384,146.08372
1.5-473-550,0.278313253,0.556626506,0.9945113832197316,0.0008942544329,1.5,473.0,550.0,1177.0654,0.16494714,44.085556,787.29193,-389.7735,0.9936376,0.82869047,275.4985,231.41295
1.5-473-550,0.113253012,0.226506024,0.7098470004029654,0.0006382871403,1.5,473.0,550.0,479.0446,0.97390515,644.1488,623.8032,144.75864,0.6564914,-0.31741375,485.28113,-158.86768
1.5-473-550,0.2445783133,0.4891566266,0.9844268823757469,-0.0008851865532,1.5,473.0,550.0,1176.5044,0.41260952,44.11122,762.4251,-414.07928,0.92356,0.5109505,310.87943,266.7682
1.5-473-550,0.1469879518,0.2939759036,0.9811301446957078,-0.0008822221605,1.5,473.0,550.0,677.14856,0.59967875,193.66063,664.8746,-12.273987,0.7237188,0.12404007,435.64185,241.98122
1.5-473-550,0.1036144578,0.2072289156,0.9772248215579286,-0.000878710534,1.5,473.0,550.0,526.29407,0.38188392,594.77106,611.5105,85.21643,0.637458,0.2555741,499.97366,-94.79739
1.5-473-550,0.2481927711,0.4963855422,0.8902853187445975,0.000800535425,1.5,473.0,550.0,765.7694,1.5596747,91.04645,765.3253,-0.4440918,0.93106663,-0.6286081,306.88226,215.83582
1.5-473-550,0.1120481927,0.2240963854,0.6600967573005477,0.0005935522321,1.5,473.0,550.0,476.9415,1.0005107,646.1352,622.2794,145.33792,0.6541083,-0.3464024,487.10587,-159.02933
1.5-473-550,0.1674698795,0.334939759,0.9985491866279087,-0.0008978851843,1.5,473.0,550.0,924.8105,0.03669201,61.15123,688.1636,-236.64691,0.7650345,0.7283425,406.98215,345.83093
1.5-473-550,0.1686746988,0.3373493976,0.09831793590232207,-8.84064793e-05,1.5,473.0,550.0,494.8198,1.1383911,628.2524,689.4914,194.6716,0.76747674,-0.3709144,405.33368,-222.9187
1.5-473-550,0.2072289156,0.4144578312,0.22784103833049427,-0.0002048723242,1.5,473.0,550.0,510.13412,1.2798498,612.72144,729.29565,219.16153,0.84628075,-0.433569,354.94388,-257.77756
1.5-473-550,0.1638554216,0.3277108432,0.9337895728803226,-0.000839654004,1.5,473.0,550.0,587.87897,0.9078502,510.8981,684.1514,96.27246,0.75771564,-0.15013456,411.95306,-98.94504
1.5-473-550,0.4102040816,0.8204081632,0.9872047710533666,0.0008876844022,1.5,473.0,550.0,771.3026,0.84736514,87.21454,836.7392,65.436584,1.2581785,0.41081333,179.22208,92.00754
1.5-473-550,0.07755102043,0.15510204086,0.9772248215579286,-0.000878710534,1.5,473.0,550.0,473.0,0.2381926,649.85333,577.17303,104.173035,0.586318,0.3481254,540.7313,-109.12201
1.5-473-550,0.2771084337,0.5542168674,0.6600967573005477,-0.0005935522321,1.5,473.0,550.0,596.5026,1.5688124,497.89767,786.4899,189.9873,0.9911373,-0.57767504,276.6867,-221.21097
1.5-473-550,0.2,0.4,0.09831793590232207,-8.84064793e-05,1.5,473.0,550.0,506.38318,1.250222,616.55023,722.2455,215.8623,0.83141536,-0.4188066,364.0298,-252.52045
1.5-473-550,0.1987951807,0.3975903614,0.9996041061370615,-0.0008988337571,1.5,473.0,550.0,1202.582,0.0077123507,42.959274,721.0512,-481.53082,0.82894146,0.8212291,365.5609,322.60162
1.5-473-550,0.2409638554,0.4819277108,0.998978267368595,-0.0008982710093,1.5,473.0,550.0,1248.6425,0.025254892,41.08409,759.46954,-489.1729,0.9160564,0.8908015,314.92502,273.84094
1.5-473-550,0.4,0.8,0.9071908186744295,0.0008157366771,1.5,473.0,550.0,823.9666,2.2142987,75.05379,835.4528,11.486206,1.2387233,-0.97557545,184.42905,109.37526
1.5-473-550,0.4387755102,0.8775510204,0.9956514833048237,0.0008952795992,1.5,473.0,550.0,670.85675,0.27709538,249.06577,838.4396,167.58282,1.3114693,1.034374,166.31277,-82.75299
1.5-473-550,0.395180723,0.790361446,0.5396442233296441,-0.0004852425493,1.5,473.0,550.0,642.249,2.1944642,413.1206,834.7129,192.46387,1.2294602,-0.96500397,187.0049,-226.1157
1.5-473-550,0.4795918368,0.9591836736,0.9973789933391554,0.0008968329585,1.5,473.0,550.0,658.14087,0.13961516,359.07526,836.6202,178.47931,1.3844773,1.2448621,151.57355,-207.50171
1.5-473-550,0.2265060241,0.4530120482,0.8705746216627653,-0.0007828117684,1.5,473.0,550.0,689.14764,1.4589436,217.39622,747.10175,57.9541,0.88608474,-0.57285887,331.58356,114.18733
1.5-473-550,0.0244897959,0.0489795918,0.7892004020960466,0.000709640905,1.5,473.0,550.0,473.0,0.89353913,649.85333,503.09296,30.092957,0.483213,-0.41032612,627.7726,-22.08075
1.5-473-550,0.2228915662,0.4457831324,0.9980223152919674,0.000897411427,1.5,473.0,550.0,1290.0525,0.04731296,39.92299,743.8758,-546.1767,0.87860566,0.8312927,335.8652,295.9422
1.5-473-550,0.03265306121,0.06530612242,0.9337895728803226,0.000839654004,1.5,473.0,550.0,473.0,0.553065,649.85333,514.8036,41.80359,0.49902278,-0.05404222,614.0646,-35.788757
1.5-473-550,0.08775510207,0.17551020414,0.9945113832197316,-0.0008942544329,1.5,473.0,550.0,473.0,0.056053445,649.85333,590.7983,117.79828,0.6062875,0.550234,524.6022,-125.25116
1.5-473-550,0.05714285715,0.1142857143,0.9985491866279087,0.0008978851843,1.5,473.0,550.0,473.0,0.014098153,649.85333,549.28156,76.281555,0.54654413,0.53244597,573.60925,-76.24408
1.5-473-550,0.1867469879,0.3734939758,0.9973789933391554,-0.0008968329585,1.5,473.0,550.0,1061.9141,0.062014148,50.207474,708.8141,-353.09998,0.8042644,0.74225026,381.13025,330.9228
1.5-473-550,0.1867469879,0.3734939758,0.8705746216627653,-0.0007828117684,1.5,473.0,550.0,576.85657,1.0973339,527.9596,708.8141,131.95752,0.8042644,-0.29306948,381.13025,-146.82935
1.5-473-550,0.3144578314,0.6289156628,0.9993254186825348,-0.0008985831642,1.5,473.0,550.0,1170.8495,0.020499216,44.369827,808.33,-362.51947,1.0682904,1.0477911,242.50772,198.1379
1.5-473-550,0.1951807229,0.3903614458,0.09831793590232207,-8.84064793e-05,1.5,473.0,550.0,504.7647,1.2289267,618.1882,717.43604,212.67133,0.82152635,-0.4074003,370.18268,-248.0055
1.5-473-550,0.3530120482,0.7060240964,0.9071317792997667,0.0008156835895,1.5,473.0,550.0,831.6352,1.8681371,73.76402,824.3599,-7.2752686,1.1465322,-0.72160494,212.96846,139.20444
1.5-473-550,0.2144578313,0.4289156626,0.9915009044774012,-0.0008915474413,1.5,473.0,550.0,1259.49,0.2119392,40.679825,736.1449,-523.3451,0.8611816,0.6492424,346.03354,305.3537
1.5-473-550,0.3530120482,0.7060240964,0.9442484491033019,-0.0008490585182,1.5,473.0,550.0,907.784,1.5812185,63.015945,824.3599,-83.42407,1.1465322,-0.4346863,212.96846,149.95251
1.5-473-550,0.1433734939,0.2867469878,0.9985491866279087,0.0008978851843,1.5,473.0,550.0,800.2849,0.050927147,79.72098,660.6294,-139.65552,0.7164677,0.6655405,440.82007,361.0991
1.5-473-550,0.1313253012,0.2626506024,0.3542741437603377,0.0003185596755,1.5,473.0,550.0,481.05386,1.0813973,642.18353,646.20166,165.1478,0.69238245,-0.38901484,458.32993,-183.8536
1.5-473-550,0.4183673469,0.8367346938,0.09831793590232207,-8.84064793e-05,1.5,473.0,550.0,633.98315,2.2014067,432.88736,837.503,203.51984,1.2735847,-0.927822,175.28993,-257.5974
1.5-473-550,0.4571428571,0.9142857142,0.9215172744995802,-0.0008286188792,1.5,473.0,550.0,660.98615,1.3361868,342.20078,838.18567,177.19952,1.3447797,0.008592963,159.19093,-183.00984
1.5-473-550,0.2457831325,0.491566265,0.3542741437603377,0.0003185596755,1.5,473.0,550.0,523.6494,1.3878458,597.71185,763.398,239.7486,0.9260619,-0.46178383,309.54166,-288.1702
1.5-473-550,0.3120481928,0.6240963856,0.9985491866279087,0.0008978851843,1.5,473.0,550.0,1169.1583,0.04681526,44.44716,807.1098,-362.04852,1.0633433,1.016528,244.54663,200.09947
1.5-473-550,0.4857142857,0.9714285714,0.9996041060258503,0.000898833757,1.5,473.0,550.0,657.77484,0.017329918,360.55304,835.9764,178.20154,1.3951119,1.377782,149.68243,-210.8706
1.5-473-550,0.2,0.4,0.9071317792997667,0.0008156835895,1.5,473.0,550.0,699.10767,1.2333176,204.41527,722.2455,23.137817,0.83141536,-0.40190226,364.0298,159.61452
1.5-473-550,0.2542168675,0.508433735,0.9671530515086588,-0.0008696541017,1.5,473.0,550.0,1067.9048,0.8683839,49.84047,770.03485,-297.86993,0.94358224,0.07519835,300.32883,250.48836
1.5-473-550,0.3746987952,0.7493975904,0.9531521908128958,-0.0008570646714,1.5,473.0,550.0,918.5964,1.5776513,61.832993,830.57745,-88.01892,1.1895833,-0.38806796,198.8265,136.99352
1.5-473-550,0.2228915662,0.4457831324,0.9973789933391554,-0.0008968329585,1.5,473.0,550.0,1287.5585,0.06329368,39.92299,743.8758,-543.6827,0.87860566,0.81531197,335.8652,295.9422
1.5-473-550,0.1807228915,0.361445783,0.6021818746711394,-0.0005414757638,1.5,473.0,550.0,513.34436,1.1354985,609.1711,702.4992,189.15485,0.79197043,-0.3435281,389.0872,-220.0839
1.5-473-550,0.3626506025,0.725301205,0.9337895728803226,-0.000839654004,1.5,473.0,550.0,878.55206,1.738502,66.56096,827.364,-51.18805,1.1657642,-0.5727378,206.47029,139.90933
1.5-473-550,0.1409638554,0.2819277108,0.7892004020960466,-0.000709640905,1.5,473.0,550.0,503.7721,0.9737932,619.1927,657.77765,154.00555,0.71164024,-0.26215297,444.29163,-174.90106
1.5-473-550,0.3915662651,0.7831325302,0.8705746216627653,0.0007828117684,1.5,473.0,550.0,778.61566,2.27282,85.289,834.1008,55.48517,1.2224823,-1.0503377,188.98712,103.69812
1.5-473-550,0.2771084337,0.5542168674,0.7525573838264147,-0.0006766918789,1.5,473.0,550.0,629.0635,1.6158129,442.5338,786.4899,157.42645,0.9911373,-0.6246756,276.6867,-165.8471
1.5-473-550,0.3060240964,0.6120481928,0.9915009044774012,0.0008915474413,1.5,473.0,550.0,1139.693,0.28135848,45.86714,803.9455,-335.7475,1.0509529,0.76959443,249.74422,203.87708
1.5-473-550,0.4775510204,0.9551020408,0.9215172744995802,0.0008286188792,1.5,473.0,550.0,658.1327,1.3426261,359.10843,836.81506,178.68237,1.3809142,0.038288116,152.22076,-206.88766
1.5-473-550,0.126506024,0.253012048,0.6600967573005477,-0.0005935522321,1.5,473.0,550.0,485.61057,1.0077575,637.57214,640.315,154.70444,0.68278444,-0.3249731,465.43826,-172.13388
1.5-473-550,0.09591836738,0.19183673476,0.8705746216627653,0.0007828117684,1.5,473.0,550.0,473.0,0.7876873,649.85333,601.53253,128.53253,0.6223101,-0.1653772,511.85657,-137.99677
1.5-473-550,0.3180722892,0.6361445784,0.9811301448069191,0.0008822221606,1.5,473.0,550.0,1079.8485,0.6410266,49.11946,810.11163,-269.73688,1.0757005,0.4346739,239.49231,190.37285
1.5-473-550,0.1963855422,0.3927710844,0.9726063657286781,-0.0008745576659,1.5,473.0,550.0,1034.9119,0.6286414,51.973618,718.6465,-316.26538,0.82399696,0.19535553,368.63736,316.66376
1.5-473-550,0.373493976,0.746987952,0.9531521908128958,-0.0008570646714,1.5,473.0,550.0,919.3368,1.5697932,61.757248,830.2827,-89.05408,1.187213,-0.38258028,199.56737,137.81012
1.5-473-550,0.3144578314,0.6289156628,0.9980223152919674,-0.000897411427,1.5,473.0,550.0,1164.9536,0.06549178,44.63945,808.33,-356.6236,1.0682904,1.0027986,242.50772,197.86827
1.5-473-550,0.3325301205,0.665060241,0.7098470004029654,-0.0006382871403,1.5,473.0,550.0,640.9947,1.8502983,415.73257,816.65656,175.66187,1.1052002,-0.7450981,227.94357,-187.789
1.5-473-550,0.3072289157,0.6144578314,0.9215172744995802,0.0008286188792,1.5,473.0,550.0,868.9497,1.6056379,67.94542,804.5914,-64.35834,1.0534334,-0.5522045,248.69322,180.7478
1.5-473-550,0.4938775511,0.9877551022,0.9895407848051817,0.0008897849218,1.5,473.0,550.0,657.4893,0.54740393,361.7057,834.98517,177.49585,1.4091657,0.8617618,147.27437,-214.43132
1.5-473-550,0.3445783133,0.6891566266,0.9671530515086588,0.0008696541017,1.5,473.0,550.0,989.0378,1.1444557,55.356308,821.4078,-167.63,1.1295851,-0.014870524,218.94037,163.58406
1.5-473-550,0.4326530612,0.8653061224,0.9993254186825348,-0.0008985831642,1.5,473.0,550.0,679.2393,0.03840469,178.74216,838.2992,159.05988,1.3001999,1.2617952,168.88284,-9.859314
1.5-473-550,0.4428571429,0.8857142858,0.9844268823757469,0.0008851865532,1.5,473.0,550.0,667.3978,0.78587276,281.2834,838.469,171.07117,1.3189363,0.5330636,164.65541,-116.627975
1.5-473-550,0.2855421687,0.5710843374,0.9215172744995802,0.0008286188792,1.5,473.0,550.0,870.64813,1.5407182,67.728806,791.968,-78.680115,1.0086285,-0.5320897,268.48853,200.75972
1.5-473-550,0.1759036144,0.3518072288,0.9980223152919674,-0.000897411427,1.5,473.0,550.0,982.2527,0.0466616,55.886856,697.3557,-284.89697,0.7821576,0.735496,395.53323,339.64636
1.5-473-550,0.3831325302,0.7662650604,0.993141646395439,0.0008930227796,1.5,473.0,550.0,1080.0399,0.33084142,49.108353,832.4784,-247.56152,1.2061006,0.87525916,193.78384,144.67549
1.5-473-550,0.373493976,0.746987952,0.8705746216627653,0.0007828117684,1.5,473.0,550.0,776.37933,2.1120863,86.013,830.2827,53.90338,1.187213,-0.92487335,199.56737,113.55437
1.5-473-550,0.2204819277,0.4409638554,0.8902853188558087,0.0008005354251,1.5,473.0,550.0,756.4957,1.4564217,97.58562,741.6959,-14.799805,0.8736233,-0.5827984,338.74518,241.15956
1.5-473-550,0.3445783133,0.6891566266,0.9531521909241071,0.0008570646715,1.5,473.0,550.0,938.51013,1.4183924,59.796463,821.4078,-117.102356,1.1295851,-0.28880727,218.94037,159.1439
1.5-473-550,0.05306122449,0.10612244898,0.9945113832197316,0.0008942544329,1.5,473.0,550.0,473.0,0.055615768,649.85333,543.6077,70.60773,0.53861105,0.48299527,580.2788,-69.574524
1.5-473-550,0.1843373494,0.3686746988,0.9872047710533666,-0.0008876844022,1.5,473.0,550.0,985.88446,0.29592085,55.583786,706.3036,-279.58087,0.79934317,0.5034223,384.29947,328.7157
1.5-473-550,0.2048192771,0.4096385542,0.9945113832197316,-0.0008942544329,1.5,473.0,550.0,1221.6431,0.13720761,42.15947,726.96765,-494.6754,0.8413215,0.7041139,357.9532,315.7937
1.5-473-550,0.3012048193,0.6024096386,0.9895407848051817,0.0008897849218,1.5,473.0,550.0,1133.1628,0.3419984,46.18907,801.29675,-331.8661,1.0410192,0.6990208,254.00557,207.8165
1.5-473-550,0.3819277109,0.7638554218,0.7892004020960466,0.000709640905,1.5,473.0,550.0,683.5321,2.2103639,184.29886,832.22406,148.69196,1.2037492,-1.0066147,194.48898,10.1901245
1.5-473-550,0.1710843373,0.3421686746,0.9973789934503665,-0.0008968329586,1.5,473.0,550.0,947.353,0.064022765,58.925095,692.13245,-255.22058,0.77236515,0.7083424,402.04956,343.12445
1.5-473-550,0.2096385542,0.4192771084,0.960723235489121,-0.0008638724771,1.5,473.0,550.0,1109.2476,0.85812765,47.474777,731.60126,-377.6463,0.851244,-0.006883681,351.95404,304.47925
1.5-473-550,0.2144578313,0.4289156626,0.8475322498919685,-0.0007620923041,1.5,473.0,550.0,624.0512,1.3506578,450.56857,736.1449,112.09369,0.8611816,-0.4894762,346.03354,-104.535034
1.5-473-550,0.4918367347,0.9836734694,0.7098470004029654,-0.0006382871403,1.5,473.0,550.0,657.2918,1.7156931,362.50293,835.2468,177.95502,1.4056656,-0.31002748,147.86461,-214.63832
1.5-473-550,0.4306122449,0.8612244898,0.03282169734692774,-2.951293353e-05,1.5,473.0,550.0,639.7455,2.1360013,420.0772,838.2262,198.48071,1.296425,-0.83957636,169.76247,-250.31474
1.5-473-550,0.3674698796,0.7349397592,0.9985491866279087,0.0008978851843,1.5,473.0,550.0,1121.9048,0.060152277,46.777542,828.7207,-293.18408,1.1753223,1.11517,203.3497,156.57216
1.5-473-550,0.1457831325,0.291566265,0.9945113832197316,-0.0008942544329,1.5,473.0,550.0,781.418,0.19161026,84.29419,663.46387,-117.95416,0.7213004,0.52969015,437.364,353.06982
1.5-473-550,0.1024096385,0.204819277,0.9772248215579286,0.000878710534,1.5,473.0,550.0,517.12445,0.35722136,604.9392,609.9578,92.833374,0.6350838,0.27786243,501.82523,-103.11398
1.5-473-550,0.278313253,0.556626506,0.9999999997775775,-0.0008991897406,1.5,473.0,550.0,1201.0115,-1.3699311e-08,43.043716,787.29193,-413.71954,0.9936376,0.9936376,275.4985,232.45479
1.5-473-550,0.4142857143,0.8285714286,0.9996041060258503,0.000898833757,1.5,473.0,550.0,742.77014,0.022918092,97.35629,837.14996,94.37982,1.2658993,1.2429812,177.23067,79.874374
1.5-473-550,0.4346938775,0.869387755,0.8475322498919685,0.0007620923041,1.5,473.0,550.0,670.68384,1.6583605,250.66525,838.359,167.67517,1.3039656,-0.3543949,168.01477,-82.65048
1.5-473-550,0.2614457831,0.5228915662,0.8705746216627653,-0.0007828117684,1.5,473.0,550.0,728.4996,1.621783,110.54814,775.47925,46.979675,0.95860445,-0.66317856,292.6457,182.09755
1.5-473-550,0.2301204819,0.4602409638,0.4163512323516047,-0.0003743787567,1.5,473.0,550.0,521.81366,1.3456907,599.7532,750.2746,228.46094,0.89356995,-0.45212078,327.3483,-272.40488
1.5-473-550,0.002040816309,0.004081632618,0.987204771275789,0.0008876844024,1.5,473.0,550.0,473.0,0.20783769,649.85333,470.3929,-2.6070862,0.43976393,0.23192625,665.9932,16.139893
1.5-473-550,0.4061224489,0.8122448978,0.9337895728803226,0.000839654004,1.5,473.0,550.0,793.9792,1.9233965,81.28694,836.26965,42.290466,1.2504224,-0.6729741,181.26524,99.9783
1.5-473-550,0.4979591837,0.9959183674,0.9215172746107915,0.0008286188793,1.5,473.0,550.0,657.3715,1.3477744,362.18112,834.4351,177.0636,1.4161391,0.06836474,146.11665,-216.06447
1.5-473-550,0.1325301204,0.2650602408,0.9811301448069191,0.0008822221606,1.5,473.0,550.0,622.774,0.57505333,455.43945,647.66315,24.88916,0.69478524,0.1197319,456.56204,1.1225891
1.5-473-550,0.05102040816,0.10204081632,0.993141646395439,0.0008930227796,1.5,473.0,550.0,473.0,0.06944363,649.85333,540.75946,67.75946,0.53464675,0.4652031,583.62494,-66.22839
1.5-473-550,0.2,0.4,0.47796385156444166,0.0004297801918,1.5,473.0,550.0,515.1066,1.2384356,607.2115,722.2455,207.13885,0.83141536,-0.40702027,364.0298,-243.1817
1.5-473-550,0.1120481927,0.2240963854,0.9071317792997667,0.0008156835895,1.5,473.0,550.0,493.9725,0.76993823,629.10986,622.2794,128.30692,0.6541083,-0.115829945,487.10587,-142.004
1.5-473-550,0.1445783132,0.2891566264,0.9811301446957078,-0.0008822221605,1.5,473.0,550.0,665.17993,0.6081692,302.3555,662.04877,-3.1311646,0.7188834,0.1107142,439.09012,136.73462
1.5-473-550,0.2240963855,0.448192771,0.7892004020960466,-0.000709640905,1.5,473.0,550.0,591.43524,1.3768572,505.52844,744.95703,153.52179,0.881098,-0.4957592,334.43286,-171.09558
1.5-473-550,0.3771084338,0.7542168676,0.09831793589120096,8.840647929e-05,1.5,473.0,550.0,604.1531,1.9524971,486.79968,831.1495,226.9964,1.194316,-0.7581811,197.36023,-289.43945
1.5-473-550,0.4346938775,0.869387755,0.9999999997775775,-0.0008991897406,1.5,473.0,550.0,675.8008,-1.3699311e-08,205.51332,838.359,162.55823,1.3039656,1.3039656,168.01477,-37.49855
1.5-473-550,0.3807228916,0.7614457832,0.9844268823757469,0.0008851865532,1.5,473.0,550.0,1037.1884,0.72760814,51.79918,831.964,-205.22437,1.2013949,0.47378677,195.19919,143.40001
1.5-473-550,0.3,0.6,0.999825745120423,0.0008990330526,1.5,473.0,550.0,1181.9537,0.003199206,43.861984,800.6182,-381.3355,1.0385331,1.0353339,255.08527,211.22328
1.5-473-550,0.3385542169,0.6771084338,0.998978267368595,-0.0008982710093,1.5,473.0,550.0,1150.0404,0.035744116,45.35701,819.1113,-330.92908,1.1174172,1.0816731,223.37202,178.01501
1.5-473-550,0.4204081632,0.8408163264,0.7098470004029654,-0.0006382871403,1.5,473.0,550.0,666.0812,2.2689133,293.79245,837.65814,171.57697,1.2774141,-0.9914992,174.33832,-119.45413
1.5-473-550,0.1493975903,0.2987951806,0.7098470004029654,0.0006382871403,1.5,473.0,550.0,502.5712,1.025287,620.40796,667.6827,165.11148,0.7285595,-0.29672754,432.20935,-188.19861
1.5-473-550,0.3855421687,0.7710843374,0.4163512323516047,-0.0003743787567,1.5,473.0,550.0,626.0668,2.0687356,449.18314,832.97003,206.90326,1.2107952,-0.85794044,192.38855,-256.7946
1.5-473-550,0.4428571429,0.8857142858,0.9895407848051817,0.0008897849218,1.5,473.0,550.0,667.478,0.6016516,280.5214,838.469,170.99097,1.3189363,0.71728474,164.65541,-115.86598
1.5-473-550,0.3759036145,0.751807229,0.9945113832197316,-0.0008942544329,1.5,473.0,550.0,1094.2952,0.25056595,48.279648,830.8664,-263.42877,1.1919509,0.941385,198.09082,149.81117
1.5-473-550,0.4693877551,0.9387755102,0.6021818746711394,0.0005414757638,1.5,473.0,550.0,657.22797,1.7940636,362.7607,837.49225,180.26428,1.3665707,-0.42749286,154.89764,-207.86307
1.5-473-550,0.3048192771,0.6096385542,0.9945113832197316,0.0008942544329,1.5,473.0,550.0,1154.5006,0.18084638,45.13713,803.2931,-351.20752,1.0484712,0.8676248,250.80095,205.66382
1.5-473-550,0.4408163265,0.881632653,0.960723235489121,0.0008638724771,1.5,473.0,550.0,668.43787,1.1656046,271.40198,838.46063,170.02277,1.3152075,0.14960289,165.4786,-105.92337
1.5-473-550,0.2301204819,0.4602409638,0.9999999998887887,0.0008991897407,1.5,473.0,550.0,1282.7542,-1.3699311e-08,39.92299,750.2746,-532.47955,0.89356995,0.89356995,327.3483,287.4253
1.5-473-550,0.04285714285,0.0857142857,0.5396442233296441,0.0004852425493,1.5,473.0,550.0,473.0,1.0943528,649.85333,529.2934,56.293396,0.51880294,-0.5755499,597.08264,-52.77069
1.5-473-550,0.07142857145,0.1428571429,0.993141646395439,0.0008930227796,1.5,473.0,550.0,473.0,0.070509896,649.85333,568.8924,95.892395,0.57436466,0.50385475,550.5101,-99.34326
1.5-473-550,0.4020408163,0.8040816326,0.99659729480757,-0.0008961300632,1.5,473.0,550.0,891.38824,0.20967333,65.224686,835.74023,-55.64801,1.2426316,1.0329583,183.3611,118.13641
1.5-473-550,0.3975903615,0.795180723,0.9811301446957078,0.0008822221605,1.5,473.0,550.0,999.2122,0.9919419,54.546005,835.0936,-164.11859,1.2340976,0.24215567,185.70747,131.16147
1.5-473-550,0.1096385542,0.2192771084,0.998978267368595,0.0008982710093,1.5,473.0,550.0,670.46655,0.05461906,252.96902,619.22064,-51.24591,0.6493454,0.5947263,490.76566,237.79663
1.5-473-550,0.1024096385,0.204819277,0.9993254186825348,-0.0008985831642,1.5,473.0,550.0,631.666,0.015563593,436.81323,609.9578,-21.70819,0.6350838,0.6195202,501.82523,65.01199
1.5-473-550,0.3903614458,0.7807228916,0.9996041061370615,-0.0008988337571,1.5,473.0,550.0,1103.677,0.016484844,47.75151,833.8858,-269.7912,1.2201507,1.2036659,189.65758,141.90607
1.5-473-550,0.4061224489,0.8122448978,0.9996041060258503,0.000898833757,1.5,473.0,550.0,812.38,0.021514224,77.2953,836.26965,23.889648,1.2504224,1.2289082,181.26524,103.96994
1.5-473-550,0.2939759036,0.5879518072,0.9671530515086588,0.0008696541017,1.5,473.0,550.0,1027.1504,0.9777838,52.51033,797.128,-230.0224,1.0260878,0.04830396,260.56976,208.05943
1.5-473-550,0.02857142855,0.0571428571,0.29146971579860803,-0.0002620865782,1.5,473.0,550.0,473.0,1.2090155,649.85333,508.96103,35.96103,0.4911167,-0.7178988,620.9053,-28.94806
1.5-473-550,0.2903614458,0.5807228916,0.9985491866279087,0.0008978851843,1.5,473.0,550.0,1184.5433,0.043738768,43.743546,794.9556,-389.5877,1.0186098,0.974871,263.9292,220.18565
1.5-473-550,0.3409638555,0.681927711,0.9996041060258503,-0.000898833757,1.5,473.0,550.0,1150.9299,0.012157724,45.313156,820.0488,-330.8811,1.1222905,1.1101328,221.58264,176.26949
1.5-473-550,0.4693877551,0.9387755102,0.9844268823757469,0.0008851865532,1.5,473.0,550.0,659.15546,0.7297582,354.97943,837.49225,178.33679,1.3665707,0.6368125,154.89764,-200.08179
1.5-473-550,0.3024096386,0.6048192772,0.960723235489121,-0.0008638724771,1.5,473.0,550.0,991.6637,1.1401315,55.155624,801.96875,-189.69495,1.0435044,-0.096627116,252.93163,197.776
1.5-473-550,0.2638554217,0.5277108434,0.2914697156873968,0.0002620865781,1.5,473.0,550.0,526.6337,1.4336674,594.3934,777.24347,250.60974,0.96361166,-0.47005576,290.1289,-304.26447
1.5-473-550,0.2361445783,0.4722891566,0.9811301448069191,0.0008822221606,1.5,473.0,550.0,1185.2319,0.47311416,43.71205,755.4433,-429.78864,0.9060573,0.43294314,320.39374,276.6817
1.5-473-550,0.2518072289,0.5036144578,0.9985491866279087,0.0008978851843,1.5,473.0,550.0,1222.0364,0.038773105,42.13829,768.16974,-453.86664,0.93857545,0.8998023,302.93387,260.7956
1.5-473-550,0.343373494,0.686746988,0.9945113832197316,0.0008942544329,1.5,473.0,550.0,1124.812,0.2102875,46.622208,820.9611,-303.8509,1.1271557,0.91686815,219.81557,173.19336
1.5-473-550,0.3156626506,0.6313253012,0.9671530515086588,0.0008696541017,1.5,473.0,550.0,1012.03827,1.0383774,53.590225,808.93036,-203.10791,1.0707618,0.032384396,241.49686,187.90663
1.5-473-550,0.3421686747,0.6843373494,0.960723235489121,0.0008638724771,1.5,473.0,550.0,965.75433,1.2751796,57.29399,820.5081,-145.24622,1.1247241,-0.15045547,220.69632,163.40233
1.5-473-550,0.1216867469,0.2433734938,0.8902853188558087,-0.0008005354251,1.5,473.0,550.0,501.4265,0.8355591,621.56635,634.36475,132.93823,0.6732063,-0.1623528,472.60446,-148.96188
1.5-473-550,0.3108433735,0.621686747,0.9999999997775775,-0.0008991897406,1.5,473.0,550.0,1176.1091,-1.3699311e-08,44.14897,806.49,-369.61914,1.0608678,1.0608678,245.57468,201.4257
1.5-473-550,0.3397590362,0.6795180724,0.9965972946963587,-0.0008961300631,1.5,473.0,550.0,1137.861,0.12708579,45.957443,819.58325,-318.2777,1.1198548,0.992769,222.47456,176.51712
1.5-473-550,0.0102040816,0.0204081632,0.22784103821928303,0.0002048723241,1.5,473.0,550.0,473.0,1.104589,649.85333,482.36365,9.363647,0.45556226,-0.64902675,652.00934,2.1560059
1.5-473-550,0.3554216868,0.7108433736,0.960723235489121,0.0008638724771,1.5,473.0,550.0,954.9101,1.3387977,58.266617,825.14764,-129.76245,1.1513542,-0.1874435,211.3115,153.04488
1.5-473-550,0.2638554217,0.5277108434,0.9945113832197316,0.0008942544329,1.5,473.0,550.0,1193.2213,0.15672605,43.35707,777.24347,-415.97784,0.96361166,0.8068856,290.1289,246.77184
1.5-473-550,0.2638554217,0.5277108434,0.998978267368595,0.0008982710093,1.5,473.0,550.0,1212.6729,0.027318107,42.53041,777.24347,-435.42938,0.96361166,0.93629354,290.1289,247.5985
1.5-473-550,0.002040816309,0.004081632618,0.9998257453428454,0.0008990330528,1.5,473.0,550.0,473.0,0.0017818671,649.85333,470.3929,-2.6070862,0.43976393,0.43798205,665.9932,16.139893
1.5-473-550,0.2542168675,0.508433735,0.9531521909241071,-0.0008570646715,1.5,473.0,550.0,1001.32684,1.1300257,54.400284,770.03485,-231.29199,0.94358224,-0.18644351,300.32883,245.92854
1.5-473-550,0.1602409638,0.3204819276,0.7525573838264147,-0.0006766918789,1.5,473.0,550.0,514.01245,1.03655,608.42816,680.0966,166.08417,0.75040865,-0.2861414,416.96173,-191.46643
1.5-473-550,0.386746988,0.773493976,0.9973789933391554,-0.0008968329585,1.5,473.0,550.0,1097.2877,0.12800626,48.105667,833.2074,-264.08032,1.2131382,1.085132,191.6984,143.59273
1.5-473-550,0.09183673473,0.18367346946,0.9895407848051817,0.0008897849218,1.5,473.0,550.0,473.0,0.10774426,649.85333,596.1843,123.184326,0.6142933,0.506549,518.2114,-131.6419
1.5-473-550,0.2879518072,0.5759036144,0.2914697156873968,0.0002620865781,1.5,473.0,550.0,537.1508,1.5067943,582.6983,793.47485,256.32404,1.0136206,-0.49317372,266.19745,-316.50085
1.5-473-550,0.4306122449,0.8612244898,0.4163512323516047,-0.0003743787567,1.5,473.0,550.0,646.7135,2.1584406,401.0174,838.2262,191.5127,1.296425,-0.8620156,169.76247,-231.25493
1.5-473-550,0.1759036144,0.3518072288,0.9215172744995802,0.0008286188792,1.5,473.0,550.0,601.8839,0.9847416,489.93237,697.3557,95.4718,0.7821576,-0.20258403,395.53323,-94.39914
1.5-473-550,0.3638554217,0.7277108434,0.998978267368595,0.0008982710093,1.5,473.0,550.0,1126.9576,0.04049258,46.507584,827.7122,-299.24542,1.1681573,1.1276648,205.68219,159.1746
1.5-473-550,0.3445783133,0.6891566266,0.9442484491033019,0.0008490585182,1.5,473.0,550.0,912.89606,1.539515,62.43846,821.4078,-91.48828,1.1295851,-0.40992987,218.94037,156.5019
1.5-473-550,0.1216867469,0.2433734938,0.9965972946963587,0.0008961300631,1.5,473.0,550.0,694.12317,0.18863069,135.03133,634.36475,-59.758423,0.6732063,0.48457563,472.60446,337.57312
1.5-473-550,0.4408163265,0.881632653,0.9980223152919674,-0.000897411427,1.5,473.0,550.0,669.0644,0.11990611,265.44904,838.46063,169.39624,1.3152075,1.1953014,165.4786,-99.97043
1.5-473-550,0.01428571426,0.02857142852,0.8705746216627653,0.0007828117684,1.5,473.0,550.0,473.0,0.76860934,649.85333,488.31567,15.315674,0.46346137,-0.30514798,645.0534,-4.7999268
1.5-473-550,0.1807228915,0.361445783,0.9996041060258503,0.000898833757,1.5,473.0,550.0,1016.6885,0.007887409,53.236923,702.4992,-314.18927,0.79197043,0.784083,389.0872,335.85028
1.5-473-550,0.1,0.2,0.8476293021558459,-0.0007621795725,1.5,473.0,550.0,473.05237,0.8301686,649.80396,606.8419,133.78955,0.63033855,-0.19983006,505.53802,-144.26593
1.5-473-550,0.1554216867,0.3108433734,0.22784103821928303,0.0002048723241,1.5,473.0,550.0,490.2893,1.1104112,632.8372,674.62494,184.33563,0.74068457,-0.3697266,423.69788,-209.13934
1.5-473-550,0.2072289156,0.4144578312,0.960723235489121,-0.0008638724771,1.5,473.0,550.0,1084.4587,0.8548005,48.87172,729.29565,-355.1631,0.84628075,-0.008519769,354.94388,306.07214
1.5-473-550,0.4346938775,0.869387755,0.8206166047262803,-0.0007378900321,1.5,473.0,550.0,669.44226,1.7259322,262.0462,838.359,168.91675,1.3039656,-0.42196667,168.01477,-94.03143
1.5-473-550,0.1771084337,0.3542168674,0.9956514833048237,0.0008952795992,1.5,473.0,550.0,978.9427,0.102823064,56.14714,698.6491,-280.29358,0.7846089,0.6817858,393.9151,337.76794
1.5-473-550,0.4,0.8,0.9726236451740442,0.0008745732034,1.5,473.0,550.0,940.3201,1.3549562,59.795456,835.4528,-104.86731,1.2387233,-0.11623287,184.42905,124.63359
1.5-473-550,0.3168674699,0.6337349398,0.9956514833048237,0.0008952795992,1.5,473.0,550.0,1152.0786,0.14887302,45.256516,809.52423,-342.55438,1.0732319,0.9243589,240.49171,195.2352
1.5-473-550,0.4306122449,0.8612244898,0.9337895728803226,0.000839654004,1.5,473.0,550.0,680.7027,1.4237307,170.59866,838.2262,157.5235,1.296425,-0.12730575,169.76247,-0.8361969
1.5-473-550,0.3566265061,0.7132530122,0.9531521909241071,0.0008570646715,1.5,473.0,550.0,929.5664,1.4782286,60.711014,825.5323,-104.03412,1.1537617,-0.32446682,210.49113,149.78012
1.5-473-550,0.3939759037,0.7879518074,0.999825745120423,-0.0008990330526,1.5,473.0,550.0,1100.0132,0.0052171214,47.94908,834.51434,-265.49884,1.2271372,1.2219201,187.6608,139.71172
1.5-473-550,0.07755102043,0.15510204086,0.9726063657286781,-0.0008745576659,1.5,473.0,550.0,473.0,0.2878371,649.85333,577.17303,104.173035,0.586318,0.29848093,540.7313,-109.12201
1.5-473-550,0.213253012,0.426506024,0.9442484491033019,-0.0008490585182,1.5,473.0,550.0,1023.02313,1.1437855,52.856705,735.0175,-288.0056,0.8586958,-0.28508967,347.50623,294.64954
1.5-473-550,0.3626506025,0.725301205,0.03282169735804886,2.951293354e-05,1.5,473.0,550.0,589.4815,1.8463136,508.4839,827.364,237.8825,1.1657642,-0.6805494,206.47029,-302.0136
1.5-473-550,0.1626506024,0.3253012048,0.16340484097302546,-0.0001469319566,1.5,473.0,550.0,492.76614,1.1254792,630.3307,682.8045,190.03836,0.75527865,-0.37020057,413.61847,-216.71222
1.5-473-550,0.04285714285,0.0857142857,0.9993254186825348,-0.0008985831642,1.5,473.0,550.0,473.0,0.0059040054,649.85333,529.2934,56.293396,0.51880294,0.5128989,597.08264,-52.77069
1.5-473-550,0.2530120482,0.5060240964,0.03282169735804886,2.951293354e-05,1.5,473.0,550.0,519.6773,1.4022877,602.12885,769.1054,249.4281,0.9410788,-0.46120894,301.6286,-300.50024
1.5-473-550,0.3542168675,0.708433735,0.8206166047262803,0.0007378900321,1.5,473.0,550.0,694.70526,2.0327828,152.70117,824.75684,130.05157,1.1489443,-0.88383853,212.13725,59.43608
1.5-473-550,0.4142857143,0.8285714286,0.7098470004029654,-0.0006382871403,1.5,473.0,550.0,665.49207,2.320953,299.3901,837.14996,171.6579,1.2658993,-1.0550536,177.23067,-122.15944
1.5-473-550,0.3566265061,0.7132530122,0.9671530515086588,0.0008696541017,1.5,473.0,550.0,977.84033,1.2018273,56.246414,825.5323,-152.30804,1.1537617,-0.048065543,210.49113,154.24472
1.5-473-550,0.04897959184,0.09795918368,0.5396442233296441,-0.0004852425493,1.5,473.0,550.0,473.0,1.0920545,649.85333,537.9038,64.90381,0.5306839,-0.5613706,586.97845,-62.874878
1.5-473-550,0.4775510204,0.9551020408,0.8206166047262803,0.0007378900321,1.5,473.0,550.0,657.861,1.5790845,360.20493,836.81506,178.95404,1.3809142,-0.1981703,152.22076,-207.98416
1.5-473-550,0.4857142857,0.9714285714,0.9442484491033019,-0.0008490585182,1.5,473.0,550.0,657.71063,1.2395272,360.8123,835.9764,178.26575,1.3951119,0.1555847,149.68243,-211.12985
1.5-473-550,0.02653061223,0.05306122446,0.9985491866279087,0.0008978851843,1.5,473.0,550.0,473.0,0.0130079845,649.85333,506.03015,33.03015,0.48716465,0.47415665,624.33563,-25.5177
1.5-473-550,0.2,0.4,0.9993254186825348,-0.0008985831642,1.5,473.0,550.0,1217.2972,0.014397011,42.340195,722.2455,-495.05176,0.83141536,0.81701833,364.0298,321.68958
1.5-473-550,0.3915662651,0.7831325302,0.8475322498919685,0.0007620923041,1.5,473.0,550.0,748.86237,2.3148916,95.451355,834.1008,85.238464,1.2224823,-1.0924093,188.98712,93.53577
1.5-473-550,0.2108433735,0.421686747,0.7892004020960466,-0.000709640905,1.5,473.0,550.0,567.1716,1.2922267,543.2752,732.74567,165.5741,0.8537269,-0.43849975,350.46652,-192.80869
1.5-473-550,0.2795180723,0.5590361446,0.5396442233296441,-0.0004852425493,1.5,473.0,550.0,564.88293,1.5285643,547.2553,788.08746,223.20453,0.99613744,-0.5324269,274.31598,-272.93933
1.5-473-550,0.03673469387,0.07346938774,0.9772248215579286,0.000878710534,1.5,473.0,550.0,473.0,0.22595583,649.85333,520.6199,47.619873,0.506932,0.28097618,607.2509,-42.602417
1.5-473-550,0.4612244898,0.9224489796,0.9965972946963587,-0.0008961300631,1.5,473.0,550.0,660.55396,0.18370162,346.3069,837.999,177.44507,1.3520803,1.1683787,157.72136,-188.58553
1.5-473-550,0.2626506024,0.5253012048,0.9726063657286781,-0.0008745576659,1.5,473.0,550.0,1087.5813,0.7564329,48.673325,776.36456,-311.21674,0.9611081,0.2046752,291.38452,242.7112
1.5-473-550,0.2590361446,0.5180722892,0.9071317792997667,-0.0008156835895,1.5,473.0,550.0,837.0731,1.5394503,73.00606,773.6897,-63.383423,0.95359695,-0.58585334,295.18466,222.1786
1.5-473-550,0.1313253012,0.2626506024,0.8902853188558087,-0.0008005354251,1.5,473.0,550.0,511.5587,0.8657374,611.10944,646.20166,134.64297,0.69238245,-0.17335492,458.32993,-152.77951
1.5-473-550,0.126506024,0.253012048,0.9956514833048237,0.0008952795992,1.5,473.0,550.0,705.5505,0.21822189,120.92615,640.315,-65.23547,0.68278444,0.46456254,465.43826,344.51212
1.5-473-550,0.2012048193,0.4024096386,0.960723235489121,-0.0008638724771,1.5,473.0,550.0,1034.3926,0.8337637,52.02742,723.43427,-310.9583,0.8338903,0.00012660027,362.50345,310.476
1.5-473-550,0.156626506,0.313253012,0.3542741439827602,-0.0003185596757,1.5,473.0,550.0,492.60147,1.1034181,630.4973,675.99976,183.39828,0.7431136,-0.36030453,422.0077,-208.48962
1.5-473-550,0.4102040816,0.8204081632,0.9915009044774012,-0.0008915474413,1.5,473.0,550.0,771.686,0.59178764,87.10098,836.7392,65.05322,1.2581785,0.66639084,179.22208,92.12109
1.5-473-550,0.2385542169,0.4771084338,0.22784103833049427,-0.0002048723242,1.5,473.0,550.0,518.4535,1.365828,603.48975,757.46857,239.01508,0.911056,-0.45477206,317.64877,-285.84097
1.5-473-550,0.221686747,0.443373494,0.9915009044774012,-0.0008915474413,1.5,473.0,550.0,1265.4415,0.20616089,40.46022,742.7888,-522.6527,0.87611413,0.6699532,337.30264,296.8424
1.5-473-550,0.3783132531,0.7566265062,0.7892004020960466,-0.000709640905,1.5,473.0,550.0,681.6966,2.1802022,192.05951,831.42676,149.73016,1.1966783,-0.98352396,196.6348,4.575287
1.5-473-550,0.01836734691,0.03673469382,0.9931416465066502,-0.0008930227797,1.5,473.0,550.0,473.0,0.063377246,649.85333,494.2445,21.244507,0.47136107,0.40798384,638.1221,-11.731262
1.5-473-550,0.3602409639,0.7204819278,0.5396442233296441,0.0004852425493,1.5,473.0,550.0,624.10236,1.9313692,452.87918,826.64954,202.54718,1.1609703,-0.77039886,208.06252,-244.81667
1.5-473-550,0.213253012,0.426506024,0.8206166047262803,-0.0007378900321,1.5,473.0,550.0,593.1048,1.3220707,502.85977,735.0175,141.91272,0.8586958,-0.4633749,347.50623,-155.35355
1.5-473-550,0.07755102043,0.15510204086,0.22784103833049427,-0.0002048723242,1.5,473.0,550.0,473.0,1.173126,649.85333,577.17303,104.173035,0.586318,-0.58680797,540.7313,-109.12201
1.5-473-550,0.3493975904,0.6987951808,0.9726063657286781,-0.0008745576659,1.5,473.0,550.0,1008.7281,1.0190452,53.816513,823.132,-185.59607,1.1392822,0.12023699,215.49486,161.67834
1.5-473-550,0.08367346941,0.16734693882,0.8475322498919685,0.0007620923041,1.5,473.0,550.0,473.0,0.83312905,649.85333,585.3752,112.37518,0.5982922,-0.23483688,531.0281,-118.82526
1.5-473-550,0.1180722891,0.2361445782,0.8902853188558087,-0.0008005354251,1.5,473.0,550.0,497.60074,0.8233121,625.43805,629.8612,132.26047,0.66603565,-0.15727645,478.01636,-147.42169
1.5-473-550,0.4367346939,0.8734693878,0.9985491866279087,-0.0008978851843,1.5,473.0,550.0,673.0646,0.08916311,229.59184,838.40576,165.34119,1.3077221,1.218559,167.15813,-62.433716
1.5-473-550,0.3554216868,0.7108433736,0.9985491866279087,0.0008978851843,1.5,473.0,550.0,1132.845,0.05652742,46.204758,825.14764,-307.69733,1.1513542,1.0948268,211.3115,165.10674
1.5-473-550,0.07959183676,0.15918367352,0.9945113832197316,0.0008942544329,1.5,473.0,550.0,473.0,0.05612074,649.85333,579.91595,106.915955,0.59030706,0.5341863,537.48834,-112.36499
1.5-473-550,0.4224489796,0.8448979592,0.9811301446957078,0.0008822221605,1.5,473.0,550.0,704.31866,1.0384558,122.14314,837.79926,133.48059,1.2812344,0.24277854,173.39903,51.25589
1.5-473-550,0.4285714286,0.8571428572,0.9996041060258503,0.000898833757,1.5,473.0,550.0,687.8073,0.020889448,147.20572,838.13983,150.33252,1.2926409,1.2717515,170.65378,23.44806
1.5-473-550,0.01224489793,0.02448979586,0.6600967573005477,-0.0005935522321,1.5,473.0,550.0,473.0,1.0670702,649.85333,485.34247,12.342468,0.45951176,-0.6075585,648.5283,-1.3250122
1.5-473-550,0.2180722892,0.4361445784,0.9956514833048237,0.0008952795992,1.5,473.0,550.0,1279.2686,0.105801806,39.958694,739.4928,-539.77576,0.8686441,0.7628423,341.64542,301.6867
1.5-473-550,0.1903614457,0.3807228914,0.8206166047262803,0.0007378900321,1.5,473.0,550.0,555.8918,1.1413808,559.60675,712.5409,156.64911,0.8116554,-0.32972538,376.4107,-183.19604
1.5-473-550,0.04081632652,0.08163265304,0.3542741437603377,0.0003185596755,1.5,473.0,550.0,473.0,1.1852125,649.85333,526.4091,53.40912,0.51484483,-0.67036766,600.46497,-49.388367
1.5-473-550,0.0102040816,0.0204081632,0.9872047710533666,0.0008876844022,1.5,473.0,550.0,473.0,0.11774324,649.85333,482.36365,9.363647,0.45556226,0.33781904,652.00934,2.1560059
1.5-473-550,0.3746987952,0.7493975904,0.5396442233296441,0.0004852425493,1.5,473.0,550.0,631.84546,2.0256565,437.31506,830.57745,198.732,1.1895833,-0.83607316,198.8265,-238.48856
1.5-473-550,0.1301204819,0.2602409638,0.7892004020960466,-0.000709640905,1.5,473.0,550.0,495.57535,0.9514368,627.4878,644.7361,149.16074,0.6899811,-0.2614557,460.1015,-167.38629
1.5-473-550,0.4551020408,0.9102040816,0.9993254186825348,0.0008985831642,1.5,473.0,550.0,662.0596,0.033149466,332.00174,838.2618,176.20221,1.3411156,1.3079661,159.9406,-172.06114
1.5-473-550,0.4714285714,0.9428571428,0.3542741437603377,0.0003185596755,1.5,473.0,550.0,655.7207,1.9287161,368.84555,837.33856,181.61786,1.3701704,-0.5585457,154.21498,-214.63057
1.5-473-550,0.3012048193,0.6024096386,0.960723235489121,-0.0008638724771,1.5,473.0,550.0,992.52686,1.1366562,55.086777,801.29675,-191.2301,1.0410192,-0.095636964,254.00557,198.9188
1.5-473-550,0.4489795918,0.8979591836,0.960723235489121,-0.0008638724771,1.5,473.0,550.0,663.87085,1.1320572,314.7932,838.41974,174.54889,1.3300676,0.19801044,162.25075,-152.54247
1.5-473-550,0.4367346939,0.8734693878,0.960723235489121,0.0008638724771,1.5,473.0,550.0,672.2152,1.1840688,237.06625,838.40576,166.19055,1.3077221,0.12365329,167.15813,-69.90813
1.5-473-550,0.3987951808,0.7975903616,0.9215172746107915,0.0008286188793,1.5,473.0,550.0,845.32935,2.1272366,71.368484,835.2759,-10.053467,1.2364119,-0.8908247,185.0659,113.69742
1.5-473-550,0.2192771084,0.4385542168,0.16340484119544796,0.0001469319568,1.5,473.0,550.0,512.7448,1.3204815,609.83777,740.5973,227.85248,0.8711333,-0.4493482,340.19278,-269.645
1.5-473-550,0.4285714286,0.8571428572,0.8705746216627653,0.0007828117684,1.5,473.0,550.0,680.3193,1.7515743,172.2591,838.13983,157.82056,1.2926409,-0.45893335,170.65378,-1.6053162
1.5-473-550,0.04285714285,0.0857142857,0.9996041061370615,-0.0008988337571,1.5,473.0,550.0,473.0,0.0031449061,649.85333,529.2934,56.293396,0.51880294,0.515658,597.08264,-52.77069
1.5-473-550,0.05102040816,0.10204081632,0.9945113832197316,0.0008942544329,1.5,473.0,550.0,473.0,0.055359468,649.85333,540.75946,67.75946,0.53464675,0.47928727,583.62494,-66.22839
1.5-473-550,0.4428571429,0.8857142858,0.7098470004029654,0.0006382871403,1.5,473.0,550.0,661.5662,1.7770346,336.68945,838.469,176.90277,1.3189363,-0.4580983,164.65541,-172.03404
1.5-473-550,0.2939759036,0.5879518072,0.3542741439827602,-0.0003185596757,1.5,473.0,550.0,546.9153,1.5388385,571.1772,797.128,250.2127,1.0260878,-0.51275074,260.56976,-310.60742
1.5-473-550,0.1795180723,0.3590361446,0.9071317792997667,-0.0008156835895,1.5,473.0,550.0,592.84534,1.022388,503.302,701.2209,108.37555,0.7895153,-0.23287266,390.69208,-112.609924
1.5-473-550,0.1469879518,0.2939759036,0.9945113832197316,0.0008942544329,1.5,473.0,550.0,787.65784,0.18701254,82.675415,664.8746,-122.783264,0.7237188,0.53670627,435.64185,352.96643
1.5-473-550,0.2228915663,0.4457831326,0.29146971579860803,-0.0002620865782,1.5,473.0,550.0,515.9289,1.3283032,606.2971,743.8758,227.9469,0.87860566,-0.44969755,335.8652,-270.43192
1.5-473-550,0.2277108433,0.4554216866,0.960723235489121,0.0008638724771,1.5,473.0,550.0,1109.1873,0.8907794,47.47679,748.1653,-361.02197,0.88857913,-0.0022002459,330.16663,282.68982
1.5-473-550,0.03469387754,0.06938775508,0.9965972946963587,-0.0008961300631,1.5,473.0,550.0,473.0,0.032412156,649.85333,517.715,44.715027,0.502977,0.47056484,610.6543,-39.199036
1.5-473-550,0.2072289156,0.4144578312,0.9999999997775775,0.0008991897406,1.5,473.0,550.0,1269.0684,-1.3699311e-08,40.340317,729.29565,-539.7727,0.84628075,0.84628075,354.94388,314.60358
1.5-473-550,0.4530612245,0.906122449,0.9999999997775775,-0.0008991897406,1.5,473.0,550.0,662.6958,-1.3699311e-08,325.9572,838.3263,175.6305,1.3374422,1.3374422,160.70035,-165.25687
1.5-473-550,0.3457831326,0.6915662652,0.9071317792997667,0.0008156835895,1.5,473.0,550.0,833.27496,1.8311844,73.4893,821.84827,-11.426697,1.1320127,-0.69917166,218.07071,144.5814
1.5-473-550,0.01836734691,0.03673469382,0.9993254186825348,-0.0008985831642,1.5,473.0,550.0,473.0,0.005511807,649.85333,494.2445,21.244507,0.47136107,0.46584925,638.1221,-11.731262
1.5-473-550,0.2771084337,0.5542168674,0.7098470004029654,-0.0006382871403,1.5,473.0,550.0,613.65173,1.593806,471.04868,786.4899,172.8382,0.9911373,-0.6026687,276.6867,-194.36197
1.5-473-550,0.1397590361,0.2795180722,0.8705746216627653,-0.0007828117684,1.5,473.0,550.0,515.46936,0.9119974,606.80804,656.34534,140.87598,0.7092285,-0.20276886,446.0332,-160.77484
1.5-473-550,0.113253012,0.226506024,0.9998257452316341,-0.0008990330527,1.5,473.0,550.0,690.2453,0.006662832,141.95105,623.8032,-66.44208,0.6564914,0.64982855,485.28113,343.33008
1.5-473-550,0.2855421687,0.5710843374,0.999825745120423,-0.0008990330526,1.5,473.0,550.0,1194.0695,0.003041671,43.32106,791.968,-402.10144,1.0086285,1.0055869,268.48853,225.16747
1.5-473-550,0.3614457832,0.7228915664,0.9996041060258503,0.000898833757,1.5,473.0,550.0,1131.8726,0.01346402,46.25267,827.00977,-304.8628,1.1633685,1.1499045,207.26372,161.01105
1.5-473-550,0.4204081632,0.8408163264,0.3542741439827602,-0.0003185596757,1.5,473.0,550.0,641.7058,2.2285202,414.84445,837.65814,195.95233,1.2774141,-0.9511061,174.33832,-240.50613
1.5-473-550,0.1253012048,0.2506024096,0.8206166047262803,0.0007378900321,1.5,473.0,550.0,494.76855,0.9195131,628.3042,638.8334,144.06482,0.6803881,-0.23912501,467.2244,-161.0798
1.5-473-550,0.1240963855,0.248192771,0.03282169734692774,-2.951293353e-05,1.5,473.0,550.0,476.25873,1.1108881,646.7793,637.3478,161.08905,0.677993,-0.43289512,469.0142,-177.7651
1.5-473-550,0.3843373495,0.768674699,0.7098470004029654,0.0006382871403,1.5,473.0,550.0,658.068,2.1726928,356.0127,832.72705,174.65906,1.2084492,-0.96424353,193.08368,-162.92902
1.5-473-550,0.09387755105,0.1877551021,0.9931416465066502,-0.0008930227797,1.5,473.0,550.0,473.0,0.07026242,649.85333,598.8632,125.86322,0.6183003,0.5480379,515.02954,-134.82379
1.5-473-550,0.1361445783,0.2722891566,0.8475322498919685,-0.0007620923041,1.5,473.0,550.0,507.5336,0.9234589,615.38605,652.023,144.48941,0.70200104,-0.22145784,451.28067,-164.10538
1.5-473-550,0.4163265306,0.8326530612,0.9965972946963587,-0.0008961300631,1.5,473.0,550.0,731.1692,0.2428569,102.89395,837.3336,106.16443,1.2697465,1.0268897,176.25401,73.36006
1.5-473-550,0.395180723,0.790361446,0.9965972946963587,-0.0008961300631,1.5,473.0,550.0,1082.3756,0.18122928,48.97258,834.7129,-247.66272,1.2294602,1.048231,187.0049,138.03232
1.5-473-550,0.4979591837,0.9959183674,0.9726063659511005,0.0008745576661,1.5,473.0,550.0,657.3944,0.98397106,362.08875,834.4351,177.04071,1.4161391,0.43216807,146.11665,-215.97209
1.5-473-550,0.0,0.0,0.7893346586322618,-0.0007097616271,1.5,473.0,550.0,473.0,0.90842825,649.85333,467.38678,-5.61322,0.43581393,-0.47261432,669.50385,19.650513
1.5-473-550,0.3855421687,0.7710843374,0.999825745120423,0.0008990330526,1.5,473.0,550.0,1110.7174,0.0048183664,47.37535,832.97003,-277.74738,1.2107952,1.2059768,192.38855,145.0132
1.5-473-550,0.3987951808,0.7975903616,0.2914697156873968,0.0002620865781,1.5,473.0,550.0,627.14496,2.1603613,447.1346,835.2759,208.13092,1.2364119,-0.92394936,185.0659,-262.06873
1.5-473-550,0.3373493976,0.6746987952,0.6021818746711394,0.0005414757638,1.5,473.0,550.0,621.949,1.8276365,456.62192,818.6331,196.68414,1.1149776,-0.7126589,224.27512,-232.3468
1.5-473-550,0.4040816326,0.8081632652,0.9931416465066502,-0.0008930227797,1.5,473.0,550.0,841.62866,0.44810578,72.063644,836.0125,-5.61615,1.2465314,0.79842556,182.30653,110.24289
1.5-473-550,0.0102040816,0.0204081632,0.5396442233296441,-0.0004852425493,1.5,473.0,550.0,473.0,1.0920877,649.85333,482.36365,9.363647,0.45556226,-0.6365255,652.00934,2.1560059
1.5-473-550,0.2698795181,0.5397590362,0.7098470004029654,-0.0006382871403,1.5,473.0,550.0,607.8511,1.5614332,480.48828,781.5426,173.69153,0.9761274,-0.5853058,283.93457,-196.55371
1.5-473-550,0.4408163265,0.881632653,0.9895407848051817,0.0008897849218,1.5,473.0,550.0,668.9695,0.6160509,266.35107,838.46063,169.49115,1.3152075,0.6991566,165.4786,-100.87247
1.5-473-550,0.1457831325,0.291566265,0.9844268823757469,0.0008851865532,1.5,473.0,550.0,697.3946,0.5258006,130.52777,663.46387,-33.930725,0.7213004,0.19549984,437.364,306.83624
1.5-473-550,0.3289156627,0.6578313254,0.7892004020960466,-0.000709640905,1.5,473.0,550.0,660.7615,1.8728819,330.2179,815.1072,154.3457,1.0978479,-0.77503395,230.7541,-99.46379
1.5-473-550,0.3674698796,0.7349397592,0.9844268823757469,-0.0008851865532,1.5,473.0,550.0,1050.2698,0.66963714,50.948166,828.7207,-221.54907,1.1753223,0.50568515,203.3497,152.40154
1.5-473-550,0.2831325301,0.5662650602,0.03282169735804886,2.951293354e-05,1.5,473.0,550.0,526.77856,1.4775286,594.23224,790.43524,263.65668,1.0036339,-0.47389472,270.80243,-323.4298
1.5-473-550,0.3710843374,0.7421686748,0.5396442233296441,-0.0004852425493,1.5,473.0,550.0,629.9218,2.0007353,441.25693,829.67566,199.75385,1.1824644,-0.8182709,201.06465,-240.19228
1.5-473-550,0.3819277109,0.7638554218,0.9956514833048237,-0.0008952795992,1.5,473.0,550.0,1094.1289,0.20647196,48.28929,832.22406,-261.90485,1.2037492,0.9972772,194.48898,146.19969
1.5-473-550,0.05306122449,0.10612244898,0.8206166047262803,0.0007378900321,1.5,473.0,550.0,473.0,0.8669517,649.85333,543.6077,70.60773,0.53861105,-0.32834065,580.2788,-69.574524
1.5-473-550,0.4265306122,0.8530612244,0.9811301446957078,0.0008822221605,1.5,473.0,550.0,692.26044,0.98491734,138.00272,838.04,145.77954,1.2888478,0.30393046,171.55687,33.554153
1.5-473-550,0.4632653061,0.9265306122,0.960723235489121,-0.0008638724771,1.5,473.0,550.0,659.99084,1.1136198,351.14682,837.88885,177.89801,1.3557168,0.24209702,157.00119,-194.14563
1.5-473-550,0.05510204082,0.11020408164,0.999825745120423,0.0008990330526,1.5,473.0,550.0,473.0,0.0009912115,649.85333,546.4484,73.448425,0.54257685,0.5415856,576.9403,-72.913025
1.5-473-550,0.05306122449,0.10612244898,0.7525573838264147,-0.0006766918789,1.5,473.0,550.0,473.0,0.9463141,649.85333,543.6077,70.60773,0.53861105,-0.40770304,580.2788,-69.574524
1.5-473-550,0.3313253012,0.6626506024,0.7098470004029654,-0.0006382871403,1.5,473.0,550.0,640.56586,1.8443685,416.80145,816.1465,175.58063,1.1027513,-0.7416172,228.87477,-187.92668
1.5-473-550,0.343373494,0.686746988,0.9071317792997667,-0.0008156835895,1.5,473.0,550.0,833.65326,1.8200412,73.42691,820.9611,-12.692139,1.1271557,-0.6928855,219.81557,146.38866
1.5-473-550,0.2228915662,0.4457831324,0.9772248215579286,0.000878710534,1.5,473.0,550.0,1202.1971,0.5385337,42.97728,743.8758,-458.32135,0.87860566,0.34007198,335.8652,292.88794
1.5-473-550,0.3879518073,0.7759036146,0.9996041060258503,0.000898833757,1.5,473.0,550.0,1106.7625,0.016105996,47.586655,833.4391,-273.32336,1.2154785,1.1993725,191.01318,143.42653
1.5-473-550,0.3337349398,0.6674698796,0.9811301448069191,-0.0008822221606,1.5,473.0,550.0,1066.3258,0.68136424,49.92592,817.1602,-249.16559,1.1076473,0.42628306,227.01804,177.09212
1.5-473-550,0.3349397591,0.6698795182,0.9996041060258503,0.000898833757,1.5,473.0,550.0,1155.9672,0.011846171,45.064835,817.6576,-338.30957,1.1100926,1.0982465,226.0981,181.03326
1.5-473-550,0.2987951807,0.5975903614,0.9985491866279087,0.0008978851843,1.5,473.0,550.0,1177.3116,0.04509215,44.074265,799.9332,-377.37842,1.0360459,0.99095374,256.1707,212.09642
1.5-473-550,0.4061224489,0.8122448978,0.9071317792997667,-0.0008156835895,1.5,473.0,550.0,780.1713,2.1084146,84.734344,836.26965,56.098328,1.2504224,-0.8579923,181.26524,96.5309
1.5-473-550,0.3228915663,0.6457831326,0.999825745120423,0.0008990330526,1.5,473.0,550.0,1166.6674,0.0034484726,44.56108,812.39636,-354.271,1.0855598,1.0821114,235.55174,190.99066
1.5-473-550,0.05918367348,0.11836734696,0.22784103821928303,0.0002048723241,1.5,473.0,550.0,473.0,1.1836944,649.85333,552.107,79.106995,0.55051297,-0.6331814,570.2859,-79.567444
1.5-473-550,0.3144578314,0.6289156628,0.5396442233296441,-0.0004852425493,1.5,473.0,550.0,595.2843,1.6883082,499.98157,808.33,213.04572,1.0682904,-0.6200179,242.50772,-257.47385
1.5-473-550,0.1012048192,0.2024096384,0.9945113833309429,-0.000894254433,1.5,473.0,550.0,575.1089,0.10353373,530.7175,608.4016,33.292725,0.63271064,0.5291769,503.68,-27.037537
1.5-473-550,0.04693877551,0.09387755102,0.7525573838264147,0.0006766918789,1.5,473.0,550.0,473.0,0.94096243,649.85333,535.0409,62.040894,0.5267223,-0.41424012,590.33923,-59.5141
1.5-473-550,0.2204819277,0.4409638554,0.9980223152919674,0.000897411427,1.5,473.0,550.0,1291.277,0.047173783,39.92299,741.6959,-549.58105,0.8736233,0.8264495,338.74518,298.8222
1.5-473-550,0.1204819277,0.2409638554,0.9726063657286781,0.0008745576659,1.5,473.0,550.0,557.30865,0.5756772,557.6799,632.86743,75.55878,0.670815,0.095137775,474.40488,-83.274994
1.5-473-550,0.1337349397,0.2674698794,0.03282169735804886,2.951293354e-05,1.5,473.0,550.0,480.025,1.1029477,643.21704,649.1206,169.09561,0.6971892,-0.4057585,454.79785,-188.41919
1.5-473-550,0.3831325302,0.7662650604,0.9956514833048237,-0.0008952795992,1.5,473.0,550.0,1092.8208,0.20854656,48.36537,832.4784,-260.3424,1.2061006,0.997554,193.78384,145.41847
1.5-473-550,0.002040816308,0.004081632616,0.9772248216691397,-0.0008787105341,1.5,473.0,550.0,473.0,0.34356207,649.85333,470.3929,-2.6070862,0.43976393,0.09620187,665.9932,16.139893
1.5-473-550,0.2722891566,0.5445783132,0.9996041060258503,0.000898833757,1.5,473.0,550.0,1205.9342,0.00945823,42.816788,783.2174,-422.7168,0.9811321,0.97167385,281.49606,238.67928
1.5-473-550,0.03061224488,0.06122448976,0.9442484491033019,-0.0008490585182,1.5,473.0,550.0,473.0,0.4938848,649.85333,511.88553,38.88553,0.49506947,0.0011846721,617.48157,-32.371765
1.5-473-550,0.330120482,0.660240964,0.9965972946963587,0.0008961300631,1.5,473.0,550.0,1146.1064,0.12192862,45.55095,815.63,-330.47644,1.1003006,0.9783719,229.81161,184.26067
1.5-473-550,0.3686746989,0.7373493978,0.9999999997775775,0.0008991897406,1.5,473.0,550.0,1127.4022,-1.3699311e-08,46.508316,829.045,-298.35724,1.1777055,1.1777055,202.58278,156.07446
1.5-473-550,0.3626506025,0.725301205,0.9980223152919674,0.000897411427,1.5,473.0,550.0,1123.3636,0.08121805,46.6996,827.364,-295.99963,1.1657642,1.0845462,206.47029,159.77069
1.5-473-550,0.2,0.4,0.9442484491033019,-0.0008490585182,1.5,473.0,550.0,923.8854,1.045812,61.457016,722.2455,-201.6399,0.83141536,-0.21439666,364.0298,302.57275
1.5-473-550,0.03469387754,0.06938775508,0.9811301446957078,-0.0008822221605,1.5,473.0,550.0,473.0,0.18388592,649.85333,517.715,44.715027,0.502977,0.31909108,610.6543,-39.199036
1.5-473-550,0.2409638554,0.4819277108,0.8902853188558087,-0.0008005354251,1.5,473.0,550.0,761.2648,1.5249395,93.44388,759.46954,-1.795227,0.9160564,-0.60888314,314.92502,221.48114
1.5-473-550,0.2554216867,0.5108433734,0.9726063657286781,0.0008745576659,1.5,473.0,550.0,1094.4081,0.7436358,48.273087,770.95795,-323.45013,0.9460858,0.20245004,299.03455,250.76146
1.5-473-550,0.4734693878,0.9469387756,0.9531521908128958,-0.0008570646714,1.5,473.0,550.0,658.57477,1.1773195,357.3238,837.1744,178.59961,1.3737607,0.19644117,153.54137,-203.78242
1.5-473-550,0.2253012048,0.4506024096,0.9915009044774012,0.0008915474413,1.5,473.0,550.0,1260.6237,0.20767389,40.637985,746.03235,-514.5913,0.883591,0.6759171,333.00565,292.36768
1.5-473-550,0.1337349397,0.2674698794,0.8475322498919685,-0.0007620923041,1.5,473.0,550.0,505.376,0.91743696,617.5695,649.1206,143.7446,0.6971892,-0.22024775,454.79785,-162.77167
1.5-473-550,0.2927710844,0.5855421688,0.9844268823757469,0.0008851865532,1.5,473.0,550.0,1115.9166,0.4897996,47.09752,796.4104,-319.50623,1.0235959,0.5337963,261.68384,214.58632
1.5-473-550,0.3939759037,0.7879518074,0.7098470004029654,-0.0006382871403,1.5,473.0,550.0,661.116,2.264278,333.59854,834.51434,173.39832,1.2271372,-1.0371407,187.6608,-145.93774
1.5-473-550,0.3060240964,0.6120481928,0.9071317792997667,-0.0008156835895,1.5,473.0,550.0,835.35516,1.6831988,73.189514,803.9455,-31.409668,1.0509529,-0.6322459,249.74422,176.5547
1.5-473-550,0.343373494,0.686746988,0.2914697156873968,0.0002620865781,1.5,473.0,550.0,582.3879,1.7557687,518.09406,820.9611,238.57324,1.1271557,-0.628613,219.81557,-298.2785
1.5-473-550,0.0244897959,0.0489795918,0.8902853188558087,-0.0008005354251,1.5,473.0,550.0,473.0,0.70451003,649.85333,503.09296,30.092957,0.483213,-0.22129703,627.7726,-22.08075
1.5-473-550,0.3457831326,0.6915662652,0.9999999997775775,0.0008991897406,1.5,473.0,550.0,1148.4125,-1.3699311e-08,45.459274,821.84827,-326.5642,1.1320127,1.1320127,218.07071,172.61143
1.5-473-550,0.1373493975,0.274698795,0.5396442233296441,0.0004852425493,1.5,473.0,550.0,487.59604,1.0523434,635.56287,653.468,165.87198,0.7044088,-0.34793454,449.52774,-186.03513
1.5-473-550,0.02653061223,0.05306122446,0.9337895728803226,-0.000839654004,1.5,473.0,550.0,473.0,0.54650646,649.85333,506.03015,33.03015,0.48716465,-0.059341818,624.33563,-25.5177
1.5-473-550,0.01224489793,0.02448979586,0.9872047710533666,0.0008876844022,1.5,473.0,550.0,473.0,0.118086025,649.85333,485.34247,12.342468,0.45951176,0.34142572,648.5283,-1.3250122
1.5-473-550,0.213253012,0.426506024,0.7098470004029654,0.0006382871403,1.5,473.0,550.0,544.05145,1.2967502,574.6035,735.0175,190.96606,0.8586958,-0.43805438,347.50623,-227.09729
1.5-473-550,0.2445783133,0.4891566266,0.8206166047262803,0.0007378900321,1.5,473.0,550.0,640.2705,1.5048598,416.44736,762.4251,122.1546,0.92356,-0.5812998,310.87943,-105.56793
1.5-473-550,0.1084337349,0.2168674698,0.8475322498919685,0.0007620923041,1.5,473.0,550.0,481.39026,0.849323,641.83734,617.68585,136.2956,0.64696574,-0.20235723,492.6006,-149.23676
1.5-473-550,0.1337349397,0.2674698794,0.3542741437603377,0.0003185596755,1.5,473.0,550.0,482.14267,1.0815575,641.08167,649.1206,166.97794,0.6971892,-0.3843683,454.79785,-186.28381
1.5-473-550,0.00204081629,0.00408163258,0.4163512323516047,-0.0003743787567,1.5,473.0,550.0,473.0,0.99445,649.85333,470.3929,-2.6070862,0.43976393,-0.55468607,665.9932,16.139893
1.5-473-550,0.4836734694,0.9673469388,0.8902853188558087,-0.0008005354251,1.5,473.0,550.0,657.71814,1.4439468,360.78183,836.2007,178.48254,1.3915762,-0.052370667,150.30447,-210.47736
1.5-473-550,0.148192771,0.296385542,0.22784103833049427,-0.0002048723242,1.5,473.0,550.0,487.15244,1.1014807,636.0118,666.2808,179.12839,0.72613853,-0.3753422,433.92365,-202.08813
1.5-473-550,0.3879518073,0.7759036146,0.9945113832197316,-0.0008942544329,1.5,473.0,550.0,1081.2864,0.27562892,49.035873,833.4391,-247.84729,1.2154785,0.9398496,191.01318,141.97731
1.5-473-550,0.1674698795,0.334939759,0.999825745120423,0.0008990330526,1.5,473.0,550.0,932.60077,0.0025985104,60.380783,688.1636,-244.4372,0.7650345,0.762436,406.98215,346.60138
1.5-473-550,0.3662650603,0.7325301206,0.9980223152919674,0.000897411427,1.5,473.0,550.0,1120.3893,0.08276753,46.858536,828.39056,-291.99872,1.1729364,1.090169,204.12192,157.26338
1.5-473-550,0.4040816326,0.8081632652,0.9996041061370615,-0.0008988337571,1.5,473.0,550.0,841.7534,0.020885872,72.04158,836.0125,-5.740906,1.2465314,1.2256455,182.30653,110.26495
1.5-473-550,0.2626506024,0.5253012048,0.998978267368595,-0.0008982710093,1.5,473.0,550.0,1213.8186,0.027217196,42.481705,776.36456,-437.45404,0.9611081,0.9338909,291.38452,248.90282
1.5-473-550,0.04897959184,0.09795918368,0.8475322498919685,0.0007620923041,1.5,473.0,550.0,473.0,0.82023466,649.85333,537.9038,64.90381,0.5306839,-0.28955078,586.97845,-62.874878
1.5-473-550,0.1096385542,0.2192771084,0.6600967573005477,0.0005935522321,1.5,473.0,550.0,475.55267,1.0008007,647.4453,619.22064,143.66797,0.6493454,-0.35145533,490.76566,-156.67966
1.5-473-550,0.05714285715,0.1142857143,0.9973789934503665,-0.0008968329586,1.5,473.0,550.0,473.0,0.02620797,649.85333,549.28156,76.281555,0.54654413,0.52033615,573.60925,-76.24408
1.5-473-550,0.2469879518,0.4939759036,0.9945113832197316,0.0008942544329,1.5,473.0,550.0,1215.663,0.14923696,42.403305,764.3648,-451.29816,0.92856413,0.77932715,308.20926,265.80597
1.5-473-550,0.2614457831,0.5228915662,0.4163512323516047,-0.0003743787567,1.5,473.0,550.0,532.8588,1.4365169,587.471,775.47925,242.62042,0.95860445,-0.47791243,292.6457,-294.82532
1.5-473-550,0.2277108434,0.4554216868,0.03282169735804886,2.951293354e-05,1.5,473.0,550.0,514.0211,1.3398614,608.4186,748.1653,234.14417,0.88857913,-0.45128226,330.16663,-278.25195
1.5-473-550,0.08367346941,0.16734693882,0.993141646395439,0.0008930227796,1.5,473.0,550.0,473.0,0.07034616,649.85333,585.3752,112.37518,0.5982922,0.527946,531.0281,-118.82526
1.5-473-550,0.1120481927,0.2240963854,0.9973789934503665,-0.0008968329586,1.5,473.0,550.0,664.9591,0.1409639,304.45334,622.2794,-42.679688,0.6541083,0.5131444,487.10587,182.65253
1.5-473-550,0.3843373495,0.768674699,0.4163512326852384,0.000374378757,1.5,473.0,550.0,625.3011,2.0589025,450.6379,832.72705,207.42596,1.2084492,-0.85045326,193.08368,-257.55423
1.5-473-550,0.1192771084,0.2385542168,0.9772248215579286,-0.000878710534,1.5,473.0,550.0,568.56116,0.5302407,542.83136,631.3662,62.805054,0.6684247,0.13818401,476.2089,-66.62247
1.5-473-550,0.4714285714,0.9428571428,0.6600967573005477,-0.0005935522321,1.5,473.0,550.0,657.5102,1.7511462,361.6214,837.33856,179.82837,1.3701704,-0.38097584,154.21498,-207.40642
1.5-473-550,0.2361445783,0.4722891566,0.9671530515086588,-0.0008696541017,1.5,473.0,550.0,1114.1492,0.80105656,47.201187,755.4433,-358.70587,0.9060573,0.105000734,320.39374,273.19257
1.5-473-550,0.3156626506,0.6313253012,0.9915009044774012,0.0008915474413,1.5,473.0,550.0,1133.3218,0.29111534,46.18123,808.93036,-324.39142,1.0707618,0.77964646,241.49686,195.31563
1.5-473-550,0.2228915662,0.4457831324,0.7892004020960466,-0.000709640905,1.5,473.0,550.0,589.2007,1.3701001,509.37537,743.8758,154.67511,0.87860566,-0.49149448,335.8652,-173.51016
1.5-473-550,0.1361445783,0.2722891566,0.9965972946963587,0.0008961300631,1.5,473.0,550.0,754.6841,0.14034466,92.54967,652.023,-102.66107,0.70200104,0.56165636,451.28067,358.73102
1.5-473-550,0.365060241,0.730120482,0.7525573838264147,0.0006766918789,1.5,473.0,550.0,660.27966,2.055883,337.4531,828.0544,167.77472,1.1705482,-0.88533473,204.89938,-132.55371
1.5-473-550,0.4244897959,0.8489795918,0.998978267368595,0.0008982710093,1.5,473.0,550.0,698.5096,0.06560443,128.96515,837.9265,139.41693,1.2850456,1.2194412,172.47191,43.50676
1.5-473-550,0.3132530121,0.6265060242,0.9811301448069191,0.0008822221606,1.5,473.0,550.0,1083.9631,0.6286959,48.880264,807.7232,-276.23993,1.0658176,0.4371217,243.5243,194.64404
1.5-473-550,0.2686746988,0.5373493976,0.9999999997775775,0.0008991897406,1.5,473.0,550.0,1211.5569,-1.3699311e-08,42.59529,780.69556,-430.86133,0.97362465,0.97362465,285.16223,242.56694
1.5-473-550,0.3265060241,0.6530120482,0.8705746216627653,-0.0007828117684,1.5,473.0,550.0,763.1327,1.8681318,90.606995,814.0421,50.909424,1.0929377,-0.77519405,232.65611,142.04912
1.5-473-550,0.09591836738,0.19183673476,0.9215172744995802,0.0008286188792,1.5,473.0,550.0,473.0,0.6363897,649.85333,601.53253,128.53253,0.6223101,-0.014079571,511.85657,-137.99677
1.5-473-550,0.2012048193,0.4024096386,0.2914697156873968,0.0002620865781,1.5,473.0,550.0,509.36807,1.2516978,613.5234,723.43427,214.0662,0.8338903,-0.41780746,362.50345,-251.01993
1.5-473-550,0.1638554216,0.3277108432,0.9931416465066502,-0.0008930227797,1.5,473.0,550.0,877.302,0.18051486,66.72725,684.1514,-193.15057,0.75771564,0.5772008,411.95306,345.22583
1.5-473-550,0.3349397591,0.6698795182,0.6021818746711394,-0.0005414757638,1.5,473.0,550.0,620.6988,1.8153192,458.86255,817.6576,196.9588,1.1100926,-0.70522654,226.0981,-232.76445
1.5-473-550,0.1072289156,0.2144578312,0.9531521909241071,-0.0008570646715,1.5,473.0,550.0,503.27072,0.5964007,619.7,616.1474,112.87668,0.64458716,0.04818648,494.4389,-125.26111
1.5-473-550,0.2963855422,0.5927710844,0.9915009044774012,-0.0008915474413,1.5,473.0,550.0,1146.8691,0.27368468,45.51335,798.54364,-348.3255,1.0310687,0.757384,258.35876,212.84541
1.5-473-550,0.2120481927,0.4240963854,0.9844268823757469,-0.0008851865532,1.5,473.0,550.0,1233.5696,0.37572438,41.681168,733.88446,-499.68512,0.85621095,0.48048657,348.9839,307.30273
1.5-473-550,0.2313253012,0.4626506024,0.9996041060258503,0.000898833757,1.5,473.0,550.0,1278.4015,0.008053944,39.98207,751.3203,-527.0812,0.89606625,0.8880123,325.9469,285.96484
1.5-473-550,0.234939759,0.469879518,0.22784103833049427,-0.0002048723242,1.5,473.0,550.0,517.6084,1.3566141,604.4295,754.4216,236.81317,0.9035588,-0.45305532,321.77414,-282.65536
1.5-473-550,0.308433735,0.61686747,0.9337895728803226,-0.000839654004,1.5,473.0,550.0,900.27124,1.5135808,63.933304,805.2308,-95.04047,1.0559129,-0.45766795,247.64798,183.71468
1.5-473-550,0.4755102041,0.9510204082,0.9772248215579286,-0.000878710534,1.5,473.0,550.0,658.4413,0.90251756,357.86252,836.9998,178.55853,1.3773421,0.47482455,152.87671,-204.98581
1.5-473-550,0.09591836738,0.19183673476,0.9811301446957078,-0.0008822221605,1.5,473.0,550.0,473.0,0.1942514,649.85333,601.53253,128.53253,0.6223101,0.42805868,511.85657,-137.99677
1.5-473-550,0.2939759036,0.5879518072,0.8206166047262803,-0.0007378900321,1.5,473.0,550.0,665.86475,1.7342857,285.9646,797.128,131.26324,1.0260878,-0.70819795,260.56976,-25.394836
1.5-473-550,0.1638554216,0.3277108432,0.998978267368595,-0.0008982710093,1.5,473.0,550.0,915.19135,0.02530186,62.17375,684.1514,-231.03992,0.75771564,0.73241377,411.95306,349.7793
1.5-473-550,0.243373494,0.486746988,0.9980223152919674,0.000897411427,1.5,473.0,550.0,1238.8716,0.05158548,41.471054,761.44604,-477.42554,0.9210585,0.869473,312.2226,270.75153
1.5-473-550,0.1686746988,0.3373493976,0.8902853187445975,0.000800535425,1.5,473.0,550.0,557.9931,0.9872078,556.8754,689.4914,131.49829,0.76747674,-0.21973103,405.33368,-151.54175
1.5-473-550,0.0387755102,0.0775510204,0.7098470004029654,-0.0006382871403,1.5,473.0,550.0,473.0,0.9756053,649.85333,523.5179,50.517883,0.51088804,-0.46471727,603.8545,-45.99884
1.5-473-550,0.1831325301,0.3662650602,0.9980223152919674,-0.000897411427,1.5,473.0,550.0,1036.8749,0.045349643,51.83113,705.0406,-331.8343,0.79688436,0.7515347,385.89087,334.05975
1.5-473-550,0.002040816309,0.004081632618,0.9989782674798061,-0.0008982710094,1.5,473.0,550.0,473.0,0.01716529,649.85333,470.3929,-2.6070862,0.43976393,0.42259863,665.9932,16.139893
1.5-473-550,0.3722891567,0.7445783134,0.9844268823757469,0.0008851865532,1.5,473.0,550.0,1045.6893,0.6890367,51.23979,829.9821,-215.70721,1.18484,0.49580324,200.31342,149.07362
1.5-473-550,0.395180723,0.790361446,0.960723235489121,0.0008638724771,1.5,473.0,550.0,922.9523,1.6235191,61.37462,834.7129,-88.23938,1.2294602,-0.39405882,187.0049,125.63028
1.5-473-550,0.1060240963,0.2120481926,0.9945113832197316,-0.0008942544329,1.5,473.0,550.0,625.4388,0.1570447,450.37628,614.6053,-10.833496,0.64220965,0.48516494,496.28052,45.904236
1.5-473-550,0.3120481928,0.6240963856,0.9215172744995802,-0.0008286188792,1.5,473.0,550.0,868.6726,1.6187761,67.980606,807.1098,-61.562805,1.0633433,-0.5554328,244.54663,176.56602
1.5-473-550,0.1867469879,0.3734939758,0.9956514833048237,-0.0008952795992,1.5,473.0,550.0,1052.8455,0.1036893,50.784164,708.8141,-344.03137,0.8042644,0.7005751,381.13025,330.34607
1.5-473-550,0.3168674699,0.6337349398,0.16340484097302546,-0.0001469319566,1.5,473.0,550.0,548.083,1.5996437,569.78204,809.52423,261.44122,1.0732319,-0.5264118,240.49171,-329.29034
1.5-473-550,0.3590361446,0.7180722892,0.9442484491033019,0.0008490585182,1.5,473.0,550.0,903.7699,1.6119598,63.48732,826.2832,-77.486694,1.1585699,-0.45338988,208.86667,145.37935
1.5-473-550,0.3590361446,0.7180722892,0.8705746216627653,0.0007828117684,1.5,473.0,550.0,771.2273,2.0257678,87.6351,826.2832,55.05591,1.1585699,-0.8671979,208.86667,121.23157
1.5-473-550,0.1024096385,0.204819277,0.9726063657286781,0.0008745576659,1.5,473.0,550.0,505.8693,0.4014982,616.9793,609.9578,104.08853,0.6350838,0.2335856,501.82523,-115.15408
1.5-473-550,0.3530120482,0.7060240964,0.9965972946963587,0.0008961300631,1.5,473.0,550.0,1125.9995,0.135612,46.55876,824.3599,-301.6396,1.1465322,1.0109202,212.96846,166.4097
1.5-473-550,0.1385542168,0.2771084336,0.29146971579860803,-0.0002620865782,1.5,473.0,550.0,483.5477,1.0898452,639.6597,654.90875,171.36105,0.70681804,-0.38302714,447.77856,-191.88116
1.5-473-550,0.03673469387,0.07346938774,0.7892004020960466,-0.000709640905,1.5,473.0,550.0,473.0,0.8923826,649.85333,520.6199,47.619873,0.506932,-0.3854506,607.2509,-42.602417
1.5-473-550,0.3192771085,0.638554217,0.9215172744995802,0.0008286188792,1.5,473.0,550.0,866.6987,1.6459849,68.25523,810.6925,-56.006226,1.0781677,-0.5678172,238.4986,170.24336
1.5-473-550,0.4428571429,0.8857142858,0.9772248215579286,-0.000878710534,1.5,473.0,550.0,667.2827,0.9515959,282.37686,838.469,171.18628,1.3189363,0.36734045,164.65541,-117.72145
1.5-473-550,0.4326530612,0.8653061224,0.8206166047262803,0.0007378900321,1.5,473.0,550.0,671.2307,1.7847861,245.82265,838.2992,167.06848,1.3001999,-0.48458624,168.88284,-76.939804
1.5-473-550,0.1771084337,0.3542168674,0.9956514833048237,-0.0008952795992,1.5,473.0,550.0,978.9428,0.102823064,56.14714,698.6491,-280.2937,0.7846089,0.6817858,393.9151,337.76794
1.5-473-550,0.3939759037,0.7879518074,0.2914697156873968,0.0002620865781,1.5,473.0,550.0,624.0142,2.1162443,453.083,834.51434,210.50012,1.2271372,-0.8891071,187.6608,-265.4222
1.5-473-550,0.3915662651,0.7831325302,0.8206166047262803,-0.0007378900321,1.5,473.0,550.0,716.9907,2.3281627,113.55748,834.1008,117.11011,1.2224823,-1.1056803,188.98712,75.42964
1.5-473-550,0.05714285715,0.1142857143,0.9531521908128958,-0.0008570646714,1.5,473.0,550.0,473.0,0.46206552,649.85333,549.28156,76.281555,0.54654413,0.08447862,573.60925,-76.24408
1.5-473-550,0.2457831325,0.491566265,0.47796385156444166,0.0004297801918,1.5,473.0,550.0,530.67,1.3944507,589.905,763.398,232.72803,0.9260619,-0.46838874,309.54166,-280.36337
1.5-473-550,0.2530120482,0.5060240964,0.9980223152919674,0.000897411427,1.5,473.0,550.0,1218.3673,0.053754434,42.288406,769.1054,-449.2619,0.9410788,0.88732433,301.6286,259.3402
1.5-473-550,0.3289156627,0.6578313254,0.7525573838264147,0.0006766918789,1.5,473.0,550.0,649.6883,1.8530531,389.95084,815.1072,165.41888,1.0978479,-0.75520515,230.7541,-159.19673
1.5-473-550,0.2807228916,0.5614457832,0.9071317792997667,-0.0008156835895,1.5,473.0,550.0,832.8507,1.5996517,73.681595,788.8765,-43.974182,0.99863684,-0.60101485,273.13913,199.45753
1.5-473-550,0.234939759,0.469879518,0.9956514833048237,-0.0008952795992,1.5,473.0,550.0,1251.9415,0.11084686,40.95848,754.4216,-497.51996,0.9035588,0.7927119,321.77414,280.81567
1.5-473-550,0.3180722892,0.6361445784,0.9215172744995802,0.0008286188792,1.5,473.0,550.0,866.963,1.6414764,68.218704,810.11163,-56.85138,1.0757005,-0.5657759,239.49231,171.2736
1.5-473-550,0.1469879518,0.2939759036,0.9337895728803226,-0.000839654004,1.5,473.0,550.0,553.23755,0.84416693,563.0271,664.8746,111.637024,0.7237188,-0.12044811,435.64185,-127.385254
1.5-473-550,0.3048192771,0.6096385542,0.09831793590232207,-8.84064793e-05,1.5,473.0,550.0,536.6285,1.5476364,583.2791,803.2931,266.6646,1.0484712,-0.49916518,250.80095,-332.47815
1.5-473-550,0.286746988,0.573493976,0.998978267368595,0.0008982710093,1.5,473.0,550.0,1189.3682,0.029688405,43.522873,792.72473,-396.64343,1.011125,0.98143655,267.34015,223.81728
1.5-473-550,0.4877551021,0.9755102042,0.4163512323516047,-0.0003743787567,1.5,473.0,550.0,656.91473,1.8915546,364.02524,835.74255,178.82782,1.3986388,-0.49291575,149.0685,-214.95674
1.5-473-550,0.134939759,0.269879518,0.4163512323516047,-0.0003743787567,1.5,473.0,550.0,483.64032,1.0732102,639.56604,650.5739,166.9336,0.6995945,-0.37361574,453.03738,-186.52866
1.5-473-550,0.05918367348,0.11836734696,0.9726063657286781,-0.0008745576659,1.5,473.0,550.0,473.0,0.28773504,649.85333,552.107,79.106995,0.55051297,0.26277792,570.2859,-79.567444
1.5-473-550,0.1903614457,0.3807228914,0.9895407848051817,-0.0008897849218,1.5,473.0,550.0,1059.7728,0.24994032,50.343124,712.5409,-347.23193,0.8116554,0.56171507,376.4107,326.06757
1.5-473-550,0.286746988,0.573493976,0.9996041060258503,-0.000898833757,1.5,473.0,550.0,1192.0989,0.009992705,43.4048,792.72473,-399.37415,1.011125,1.0011322,267.34015,223.93535
1.5-473-550,0.3132530121,0.6265060242,0.5396442233296441,0.0004852425493,1.5,473.0,550.0,594.35266,1.6825529,501.3256,807.7232,213.37054,1.0658176,-0.61673534,243.5243,-257.80127
1.5-473-550,0.221686747,0.443373494,0.7098470004029654,0.0006382871403,1.5,473.0,550.0,550.8635,1.3364297,565.97766,742.7888,191.9253,0.87611413,-0.4603156,337.30264,-228.67502
1.5-473-550,0.2144578313,0.4289156626,0.16340484097302546,-0.0001469319566,1.5,473.0,550.0,511.40262,1.3068432,611.3303,736.1449,224.74228,0.8611816,-0.44566154,346.03354,-265.29678
1.5-473-550,0.1927710843,0.3855421686,0.9993254186825348,-0.0008985831642,1.5,473.0,550.0,1139.5221,0.014444158,45.87651,714.9991,-424.523,0.8165886,0.8021444,373.28738,327.4109
1.5-473-550,0.148192771,0.296385542,0.993141646395439,0.0008930227796,1.5,473.0,550.0,781.8099,0.23026608,84.16858,666.2808,-115.52905,0.72613853,0.49587244,433.92365,349.75507
1.5-473-550,0.4836734694,0.9673469388,0.8206166047262803,-0.0007378900321,1.5,473.0,550.0,657.59564,1.5823088,361.27637,836.2007,178.60504,1.3915762,-0.1907326,150.30447,-210.9719
1.5-473-550,0.2084337349,0.4168674698,0.8705746216627653,0.0007828117684,1.5,473.0,550.0,639.61426,1.3141414,410.2109,730.4513,90.837036,0.84876186,-0.46537954,353.4465,-56.764404
1.5-473-550,0.2722891566,0.5445783132,0.9671530515086588,-0.0008696541017,1.5,473.0,550.0,1048.3265,0.9101504,51.089615,783.2174,-265.10913,0.9811321,0.07098168,281.49606,230.40645
1.5-473-550,0.2373493976,0.4746987952,0.7525573838264147,0.0006766918789,1.5,473.0,550.0,590.8027,1.4257296,506.4459,756.4589,165.65625,0.9085564,-0.51717323,319.01862,-187.42728
1.5-473-550,0.1120481927,0.2240963854,0.9811301446957078,0.0008822221605,1.5,473.0,550.0,566.61694,0.42749062,545.64044,622.2794,55.662476,0.6541083,0.22661766,487.10587,-58.534576
1.5-473-550,0.0,0.0,0.9442838153875877,0.0008490903192,1.5,473.0,550.0,473.0,0.90842825,649.85333,467.38678,-5.61322,0.43581393,-0.47261432,669.50385,19.650513
1.5-473-550,0.4632653061,0.9265306122,0.6600967573005477,0.0005935522321,1.5,473.0,550.0,657.9586,1.7457297,359.811,837.88885,179.93024,1.3557168,-0.39001286,157.00119,-202.80981
1.5-473-550,0.2578313253,0.5156626506,0.9531521908128958,-0.0008570646714,1.5,473.0,550.0,998.9654,1.135755,54.58278,772.7854,-226.18,0.9510932,-0.18466175,296.46246,241.87968
1.5-473-550,0.2108433734,0.4216867468,0.9945113832197316,0.0008942544329,1.5,473.0,550.0,1273.1962,0.13468532,40.174057,732.74567,-540.4505,0.8537269,0.7190416,350.46652,310.29248
1.5-473-550,0.09183673473,0.18367346946,0.999825745120423,0.0008990330526,1.5,473.0,550.0,473.0,0.0009950858,649.85333,596.1843,123.184326,0.6142933,0.6132982,518.2114,-131.6419
1.5-473-550,0.2228915662,0.4457831324,0.9071317792997667,0.0008156835895,1.5,473.0,550.0,845.1416,1.4325932,72.19884,743.8758,-101.26581,0.87860566,-0.55398756,335.8652,263.66638
1.5-473-550,0.4714285714,0.9428571428,0.6021818746711394,0.0005414757638,1.5,473.0,550.0,657.1933,1.7948889,362.9007,837.33856,180.14526,1.3701704,-0.4247185,154.21498,-208.68571
1.5-473-550,0.07142857145,0.1428571429,0.9726063657286781,0.0008745576659,1.5,473.0,550.0,473.0,0.28819668,649.85333,568.8924,95.892395,0.57436466,0.28616798,550.5101,-99.34326
1.5-473-550,0.3120481928,0.6240963856,0.5396442233296441,-0.0004852425493,1.5,473.0,550.0,593.4137,1.6768432,502.6607,807.1098,213.6961,1.0633433,-0.6134999,244.54663,-258.11407
1.5-473-550,0.09183673473,0.18367346946,0.9531521909241071,0.0008570646715,1.5,473.0,550.0,473.0,0.4625442,649.85333,596.1843,123.184326,0.6142933,0.15174907,518.2114,-131.6419
1.5-473-550,0.2795180723,0.5590361446,0.16340484097302546,-0.0001469319566,1.5,473.0,550.0,527.5516,1.4703691,593.3727,788.08746,260.5359,0.99613744,-0.47423166,274.31598,-319.0567
1.5-473-550,0.213253012,0.426506024,0.9895407848051817,-0.0008897849218,1.5,473.0,550.0,1253.9436,0.25849319,40.884476,735.0175,-518.9261,0.8586958,0.6002026,347.50623,306.62177
1.5-473-550,0.1397590361,0.2795180722,0.8902853188558087,-0.0008005354251,1.5,473.0,550.0,520.71533,0.8905164,600.97455,656.34534,135.63,0.7092285,-0.18128788,446.0332,-154.94135
1.5-473-550,0.07959183676,0.15918367352,0.9999999997775775,-0.0008991897406,1.5,473.0,550.0,473.0,-1.3699311e-08,649.85333,579.91595,106.915955,0.59030706,0.59030706,537.48834,-112.36499
1.5-473-550,0.08163265309,0.16326530618,0.6021818746711394,-0.0005414757638,1.5,473.0,550.0,473.0,1.0602202,649.85333,582.65,109.650024,0.59429836,-0.46592188,534.25397,-115.599365
1.5-473-550,0.2602409639,0.5204819278,0.9973789933391554,-0.0008968329585,1.5,473.0,550.0,1209.0723,0.073008105,42.683426,774.58765,-434.48462,0.9561007,0.8830926,293.9124,251.22899
1.5-473-550,0.3060240964,0.6120481928,0.993141646395439,0.0008930227796,1.5,473.0,550.0,1147.5033,0.22695355,45.48207,803.9455,-343.5578,1.0509529,0.82399935,249.74422,204.26215
1.5-473-550,0.2686746988,0.5373493976,0.16340484119544796,0.0001469319568,1.5,473.0,550.0,524.4731,1.4411991,596.79596,780.69556,256.22247,0.97362465,-0.46757442,285.16223,-311.63373
1.5-473-550,0.1060240963,0.2120481926,0.9973789933391554,0.0008968329585,1.5,473.0,550.0,645.60693,0.08554636,404.0736,614.6053,-31.001648,0.64220965,0.5566633,496.28052,92.20691
1.5-473-550,0.008163265274,0.016326530548,0.2914697156873968,0.0002620865781,1.5,473.0,550.0,473.0,1.0860019,649.85333,479.37918,6.379181,0.45161283,-0.63438904,655.49646,5.6431274
1.5-473-550,0.3445783133,0.6891566266,0.9973789933391554,0.0008968329585,1.5,473.0,550.0,1137.5608,0.09932326,45.972244,821.4078,-316.153,1.1295851,1.0302619,218.94037,172.96812
1.5-473-550,0.1,0.2,0.9844366225891887,-0.0008851953115,1.5,473.0,550.0,498.36182,0.19989644,624.2794,606.8419,108.4801,0.63033855,0.4304421,505.53802,-118.741394
1.5-473-550,0.3445783133,0.6891566266,0.999825745120423,-0.0008990330526,1.5,473.0,550.0,1148.9811,0.0037801128,45.409225,821.4078,-327.5733,1.1295851,1.125805,218.94037,173.53114
1.5-473-550,0.2891566265,0.578313253,0.9956514833048237,-0.0008952795992,1.5,473.0,550.0,1172.4907,0.13573532,44.294754,794.2185,-378.27222,1.0161155,0.8803802,265.0605,220.76573
1.5-473-550,0.4081632653,0.8163265306,0.4163512326852384,0.000374378757,1.5,473.0,550.0,638.93713,2.2296193,421.71375,836.51184,197.5747,1.2543048,-0.9753145,180.23714,-241.47661
1.5-473-550,0.05102040816,0.10204081632,0.47796385156444166,-0.0004297801918,1.5,473.0,550.0,473.0,1.1198075,649.85333,540.75946,67.75946,0.53464675,-0.58516073,583.62494,-66.22839
1.5-473-550,0.2807228916,0.5614457832,0.9993254186825348,0.0008985831642,1.5,473.0,550.0,1196.1979,0.01831268,43.230606,788.8765,-407.32135,0.99863684,0.98032415,273.13913,229.90852
1.5-473-550,0.4448979592,0.8897959184,0.6021818746711394,0.0005414757638,1.5,473.0,550.0,658.06396,1.8712012,359.3859,838.4649,180.40094,1.322656,-0.5485451,163.84314,-195.54276
1.5-473-550,0.1072289156,0.2144578312,0.6021818746711394,-0.0005414757638,1.5,473.0,550.0,473.8222,1.0329887,649.0777,616.1474,142.3252,0.64458716,-0.3884015,494.4389,-154.6388
1.5-473-550,0.2325301205,0.465060241,0.9980223152919674,-0.000897411427,1.5,473.0,550.0,1268.9031,0.048556134,40.332474,752.36005,-516.543,0.8985632,0.85000706,324.55075,284.21826
1.5-473-550,0.1951807229,0.3903614458,0.7892004020960466,0.000709640905,1.5,473.0,550.0,550.2852,1.1816355,566.7983,717.43604,167.15082,0.82152635,-0.36010915,370.18268,-196.6156
1.5-473-550,0.3168674699,0.6337349398,0.993141646395439,0.0008930227796,1.5,473.0,550.0,1140.2146,0.23599629,45.841415,809.52423,-330.69037,1.0732319,0.8372356,240.49171,194.6503
1.5-473-550,0.1084337349,0.2168674698,0.9895407848051817,0.0008897849218,1.5,473.0,550.0,600.6519,0.27735084,492.24045,617.68585,17.033936,0.64696574,0.3696149,492.6006,0.36013794
1.5-473-550,0.1108433734,0.2216867468,0.9811301446957078,-0.0008822221605,1.5,473.0,550.0,563.8676,0.41566563,549.16785,620.7519,56.884277,0.6517263,0.23606068,488.93408,-60.233765
1.5-473-550,0.351807229,0.703614458,0.16340484097302546,-0.0001469319566,1.5,473.0,550.0,581.98114,1.7846606,518.48236,823.9568,241.97565,1.1441177,-0.64054286,213.80511,-304.67725
1.5-473-550,0.4714285714,0.9428571428,0.9071317792997667,0.0008156835895,1.5,473.0,550.0,658.635,1.3885248,357.08047,837.33856,178.70355,1.3701704,-0.018354416,154.21498,-202.8655
1.5-473-550,0.4938775511,0.9877551022,0.9973789933391554,0.0008968329585,1.5,473.0,550.0,657.4929,0.13956665,361.69107,834.98517,177.49225,1.4091657,1.2695991,147.27437,-214.4167
1.5-473-550,0.1096385542,0.2192771084,0.9844268823757469,-0.0008851865532,1.5,473.0,550.0,575.55145,0.36464268,530.0638,619.22064,43.66919,0.6493454,0.28470272,490.76566,-39.298126
1.5-473-550,0.3253012049,0.6506024098,0.7098470004029654,0.0006382871403,1.5,473.0,550.0,638.3987,1.8154188,422.1994,813.5,175.10132,1.0904801,-0.72493875,233.61565,-188.58376
1.5-473-550,0.395180723,0.790361446,0.9998257452316341,-0.0008990330527,1.5,473.0,550.0,1098.5111,0.005270289,48.03456,834.7129,-263.79822,1.2294602,1.22419,187.0049,138.97034
1.5-473-550,0.1987951807,0.3975903614,0.9956514833048237,-0.0008952795992,1.5,473.0,550.0,1185.2273,0.103057906,43.7191,721.0512,-464.1761,0.82894146,0.72588354,365.5609,321.8418
1.5-473-550,0.2313253012,0.4626506024,0.9945113832197316,0.0008942544329,1.5,473.0,550.0,1258.2856,0.13677566,40.72426,751.3203,-506.96533,0.89606625,0.7592906,325.9469,285.22266
1.5-473-550,0.3626506025,0.725301205,0.4163512326852384,0.000374378757,1.5,473.0,550.0,610.5294,1.9049311,476.56506,827.364,216.8346,1.1657642,-0.73916686,206.47029,-270.0948
1.5-473-550,0.3409638555,0.681927711,0.3542741437603377,0.0003185596755,1.5,473.0,550.0,586.64435,1.7577783,512.2358,820.0488,233.40448,1.1222905,-0.6354878,221.58264,-290.65314
1.5-473-550,0.1216867469,0.2433734938,0.9844268823757469,0.0008851865532,1.5,473.0,550.0,606.75696,0.47703227,482.71158,634.36475,27.607788,0.6732063,0.19617406,472.60446,-10.107117
1.5-473-550,0.1253012048,0.2506024096,0.29146971579860803,-0.0002620865782,1.5,473.0,550.0,477.81082,1.0921346,645.3151,638.8334,161.02255,0.6803881,-0.4117465,467.2244,-178.09073
1.5-473-550,0.3481927711,0.6963855422,0.9872047710533666,0.0008876844022,1.5,473.0,550.0,1083.9725,0.5011244,48.879715,822.7103,-261.2622,1.1368612,0.6357368,216.34798,167.46826
1.5-473-550,0.4836734694,0.9673469388,0.9993254186825348,0.0008985831642,1.5,473.0,550.0,657.8789,0.032534644,360.13287,836.2007,178.32178,1.3915762,1.3590416,150.30447,-209.8284
1.5-473-550,0.3614457832,0.7228915664,0.9993254186825348,0.0008985831642,1.5,473.0,550.0,1130.5619,0.02526729,46.317276,827.00977,-303.55212,1.1633685,1.1381012,207.26372,160.94644
1.5-473-550,0.3855421687,0.7710843374,0.7525573838264147,-0.0006766918789,1.5,473.0,550.0,667.8509,2.2114625,278.06207,832.97003,165.11914,1.2107952,-1.0006673,192.38855,-85.67352
1.5-473-550,0.2469879518,0.4939759036,0.9965972946963587,0.0008961300631,1.5,473.0,550.0,1224.5708,0.091919824,42.037857,764.3648,-460.206,0.92856413,0.8366443,308.20926,266.1714
1.5-473-550,0.2891566265,0.578313253,0.9973789933391554,0.0008968329585,1.5,473.0,550.0,1180.3,0.08083318,43.937607,794.2185,-386.08154,1.0161155,0.93528235,265.0605,221.12288
1.5-473-550,0.4428571429,0.8857142858,0.09831793590232207,-8.84064793e-05,1.5,473.0,550.0,643.8998,2.038857,408.78882,838.469,194.56921,1.3189363,-0.71992064,164.65541,-244.1334
1.5-473-550,0.2734939759,0.5469879518,0.9999999997775775,-0.0008991897406,1.5,473.0,550.0,1205.9265,-1.3699311e-08,42.8347,784.0452,-421.8813,0.98363394,0.98363394,280.28525,237.45055
1.5-473-550,0.2409638554,0.4819277108,0.9996041060258503,0.000898833757,1.5,473.0,550.0,1251.1528,0.008504138,40.9879,759.46954,-491.6833,0.9160564,0.90755224,314.92502,273.93713
1.5-473-550,0.3108433735,0.621686747,0.9844268823757469,-0.0008851865532,1.5,473.0,550.0,1102.296,0.51865494,47.825333,806.49,-295.80603,1.0608678,0.54221284,245.57468,197.74934
1.5-473-550,0.1867469879,0.3734939758,0.09831793590232207,-8.84064793e-05,1.5,473.0,550.0,501.77487,1.1913043,621.21387,708.8141,207.03922,0.8042644,-0.3870399,381.13025,-240.08362
1.5-473-550,0.3253012049,0.6506024098,0.9999999997775775,0.0008991897406,1.5,473.0,550.0,1165.3108,-1.3699311e-08,44.64308,813.5,-351.8108,1.0904801,1.0904801,233.61565,188.97256
1.5-473-550,0.3602409639,0.7204819278,0.09831793589120096,8.840647929e-05,1.5,473.0,550.0,588.19415,1.8332455,510.2028,826.64954,238.45538,1.1609703,-0.6722752,208.06252,-302.14026
1.5-473-550,0.2108433734,0.4216867468,0.9442484491033019,0.0008490585182,1.5,473.0,550.0,1024.2898,1.1187314,52.764053,732.74567,-291.54413,0.8537269,-0.26500446,350.46652,297.70245
1.5-473-550,0.3939759037,0.7879518074,0.9844268823757469,-0.0008851865532,1.5,473.0,550.0,1020.0421,0.81604874,53.001694,834.51434,-185.52777,1.2271372,0.41108847,187.6608,134.6591
1.5-473-550,0.1807228915,0.361445783,0.9895407848051817,-0.0008897849218,1.5,473.0,550.0,958.8988,0.2507692,57.88344,702.4992,-256.3996,0.79197043,0.54120123,389.0872,331.20374
1.5-473-550,0.2734939759,0.5469879518,0.9671530515086588,0.0008696541017,1.5,473.0,550.0,1046.8176,0.91366076,51.187424,784.0452,-262.7724,0.98363394,0.06997317,280.28525,229.09782
1.5-473-550,0.4102040816,0.8204081632,0.47796385156444166,-0.0004297801918,1.5,473.0,550.0,643.9217,2.2530107,408.72824,836.7392,192.8175,1.2581785,-0.9948323,179.22208,-229.50616
1.5-473-550,0.1831325301,0.3662650602,0.7098470004029654,-0.0006382871403,1.5,473.0,550.0,524.82965,1.126834,596.3994,705.0406,180.21094,0.79688436,-0.32994968,385.89087,-210.50854
1.5-473-550,0.0897959184,0.1795918368,0.9980223152919674,-0.000897411427,1.5,473.0,550.0,473.0,0.019559251,649.85333,593.49603,120.49603,0.61028904,0.5907298,521.4024,-128.45093
1.5-473-550,0.3915662651,0.7831325302,0.4163512326852384,0.000374378757,1.5,473.0,550.0,629.7795,2.1207454,441.8207,834.1008,204.32135,1.2224823,-0.8982631,188.98712,-252.83359
1.5-473-550,0.3445783133,0.6891566266,0.9872047710533666,0.0008876844022,1.5,473.0,550.0,1087.3245,0.49262112,48.68486,821.4078,-265.9167,1.1295851,0.636964,218.94037,170.25551
1.5-473-550,0.3373493976,0.6746987952,0.960723235489121,0.0008638724771,1.5,473.0,550.0,969.311,1.2551917,56.97548,818.6331,-150.67786,1.1149776,-0.14021409,224.27512,167.29964
1.5-473-550,0.06326530613,0.12653061226,0.22784103833049427,-0.0002048723242,1.5,473.0,550.0,473.0,1.1790262,649.85333,557.7344,84.734375,0.5584561,-0.6205701,563.6623,-86.19104
1.5-473-550,0.1554216867,0.3108433734,0.9956514833048237,0.0008952795992,1.5,473.0,550.0,837.64545,0.13120513,72.59381,674.62494,-163.02051,0.74068457,0.6094794,423.69788,351.10406
1.5-473-550,0.04489795918,0.08979591836,0.9956514833048237,-0.0008952795992,1.5,473.0,550.0,473.0,0.04293339,649.85333,532.1707,59.170715,0.522762,0.4798286,593.70734,-56.145996
1.5-473-550,0.02653061223,0.05306122446,0.9895407848051817,-0.0008897849218,1.5,473.0,550.0,473.0,0.09932773,649.85333,506.03015,33.03015,0.48716465,0.38783693,624.33563,-25.5177
1.5-473-550,0.2253012048,0.4506024096,0.998978267368595,0.0008982710093,1.5,473.0,550.0,1290.0942,0.023594962,39.92299,746.03235,-544.0619,0.883591,0.859996,333.00565,293.08264
1.5-473-550,0.07346938777,0.14693877554,0.9915009044774012,0.0008915474413,1.5,473.0,550.0,473.0,0.08759932,649.85333,571.66113,98.66113,0.57834697,0.49074763,547.2422,-102.611145
1.5-473-550,0.2855421687,0.5710843374,0.5396442233296441,-0.0004852425493,1.5,473.0,550.0,570.6639,1.5551101,537.55316,791.968,221.30414,1.0086285,-0.5464816,268.48853,-269.06464
1.5-473-550,0.4428571429,0.8857142858,0.7892004020960466,0.000709640905,1.5,473.0,550.0,663.6768,1.6652334,316.63678,838.469,174.79218,1.3189363,-0.34629703,164.65541,-151.98137
1.5-473-550,0.3686746989,0.7373493978,0.9726063657286781,-0.0008745576659,1.5,473.0,550.0,990.4977,1.1102084,55.234543,829.045,-161.4527,1.1777055,0.067497134,202.58278,147.34824
1.5-473-550,0.07755102043,0.15510204086,0.6021818746711394,-0.0005414757638,1.5,473.0,550.0,473.0,1.0599686,649.85333,577.17303,104.173035,0.586318,-0.47365057,540.7313,-109.12201
1.5-473-550,0.330120482,0.660240964,0.7525573838264147,-0.0006766918789,1.5,473.0,550.0,650.04755,1.8588884,388.71817,815.63,165.58246,1.1003006,-0.75858784,229.81161,-158.90656
1.5-473-550,0.4081632653,0.8163265306,0.7098470004029654,-0.0006382871403,1.5,473.0,550.0,664.8918,2.3377473,305.0933,836.51184,171.62006,1.2543048,-1.0834426,180.23714,-124.856155
1.5-473-550,0.1951807228,0.3903614456,0.993141646395439,0.0008930227796,1.5,473.0,550.0,1136.2911,0.16621898,46.034836,717.43604,-418.8551,0.82152635,0.65530735,370.18268,324.14783
1.5-473-550,0.2325301205,0.465060241,0.9999999998887887,0.0008991897407,1.5,473.0,550.0,1276.2842,-1.3699311e-08,40.073868,752.36005,-523.92413,0.8985632,0.8985632,324.55075,284.47687
1.5-473-550,0.4897959184,0.9795918368,0.09831793589120096,8.840647929e-05,1.5,473.0,550.0,656.7342,1.9619464,364.75406,835.4993,178.76514,1.4021567,-0.55978966,148.46263,-216.29143
1.5-473-550,0.2710843374,0.5421686748,0.9442484491033019,0.0008490585182,1.5,473.0,550.0,951.12366,1.2909402,58.644394,782.3832,-168.74048,0.9786299,-0.31231028,282.7125,224.0681
1.5-473-550,0.3554216868,0.7108433736,0.7892004020960466,-0.000709640905,1.5,473.0,550.0,670.3002,2.0191345,256.52988,825.14764,154.84747,1.1513542,-0.8677803,211.3115,-45.218384
1.5-473-550,0.0897959184,0.1795918368,0.5396442233296441,0.0004852425493,1.5,473.0,550.0,473.0,1.090121,649.85333,593.49603,120.49603,0.61028904,-0.479832,521.4024,-128.45093
1.5-473-550,0.02653061223,0.05306122446,0.5396442233296441,-0.0004852425493,1.5,473.0,550.0,473.0,1.1150708,649.85333,506.03015,33.03015,0.48716465,-0.6279062,624.33563,-25.5177
1.5-473-550,0.1759036144,0.3518072288,0.9337895728803226,-0.000839654004,1.5,473.0,550.0,621.60406,0.96421754,456.7573,697.3557,75.75165,0.7821576,-0.18205994,395.53323,-61.22406
1.5-473-550,0.3843373495,0.768674699,0.998978267368595,-0.0008982710093,1.5,473.0,550.0,1107.9937,0.04634677,47.52086,832.72705,-275.2666,1.2084492,1.1621025,193.08368,145.56282
1.5-473-550,0.2963855422,0.5927710844,0.7098470004029654,-0.0006382871403,1.5,473.0,550.0,625.59454,1.682943,449.62027,798.54364,172.9491,1.0310687,-0.6518743,258.35876,-191.2615
1.5-473-550,0.2590361446,0.5180722892,0.9531521909241071,0.0008570646715,1.5,473.0,550.0,998.264,1.1376019,54.638687,773.6897,-224.57428,0.95359695,-0.1840049,295.18466,240.54597
1.5-473-550,0.1650602409,0.3301204818,0.6021818746711394,0.0005414757638,1.5,473.0,550.0,504.9359,1.0881382,618.0149,685.4936,180.55768,0.7601539,-0.32798433,410.29187,-207.72302
1.5-473-550,0.2746987952,0.5493975904,0.6021818746711394,0.0005414757638,1.5,473.0,550.0,576.0473,1.5314101,529.51855,784.8666,208.81927,0.9861355,-0.5452746,279.08008,-250.43848
1.5-473-550,0.05306122449,0.10612244898,0.9671530515086588,0.0008696541017,1.5,473.0,550.0,473.0,0.34030545,649.85333,543.6077,70.60773,0.53861105,0.1983056,580.2788,-69.574524
1.5-473-550,0.4265306122,0.8530612244,0.9772248215579286,-0.000878710534,1.5,473.0,550.0,692.0476,1.0801755,138.44199,838.04,145.99237,1.2888478,0.20867229,171.55687,33.114883
1.5-473-550,0.3903614458,0.7807228916,0.9945113832197316,0.0008942544329,1.5,473.0,550.0,1078.1023,0.2820974,49.220993,833.8858,-244.21649,1.2201507,0.9380533,189.65758,140.43658
1.5-473-550,0.1987951807,0.3975903614,0.9915009044774012,0.0008915474413,1.5,473.0,550.0,1166.3475,0.2004141,44.580826,721.0512,-445.29633,0.82894146,0.62852734,365.5609,320.9801
1.5-473-550,0.4653061225,0.930612245,0.9980223152919674,-0.000897411427,1.5,473.0,550.0,659.8054,0.10412608,352.3554,837.7675,177.9621,1.359344,1.2552179,156.29063,-196.06477
1.5-473-550,0.1867469879,0.3734939758,0.9772248215579286,-0.000878710534,1.5,473.0,550.0,946.20874,0.51241,59.081497,708.8141,-237.39465,0.8042644,0.29185444,381.13025,322.04877
1.5-473-550,0.0979591837,0.1959183674,0.8475322500031797,0.0007620923042,1.5,473.0,550.0,473.00006,0.8325472,649.8533,604.19214,131.19208,0.62632287,-0.20622432,508.6927,-141.16058
1.5-473-550,0.2409638554,0.4819277108,0.9915009044774012,-0.0008915474413,1.5,473.0,550.0,1217.3174,0.22365133,42.333023,759.46954,-457.84784,0.9160564,0.69240505,314.92502,272.59198
1.5-473-550,0.3819277109,0.7638554218,0.8902853188558087,-0.0008005354251,1.5,473.0,550.0,805.37067,2.1151705,78.81441,832.22406,26.853394,1.2037492,-0.9114213,194.48898,115.674576
1.5-473-550,0.02040816324,0.04081632648,0.9811301446957078,-0.0008822221605,1.5,473.0,550.0,473.0,0.1765462,649.85333,497.20004,24.200043,0.47531137,0.29876518,634.66583,-15.1875
1.5-473-550,0.1469879518,0.2939759036,0.9996041060258503,0.000898833757,1.5,473.0,550.0,825.50397,0.010993526,74.70155,664.8746,-160.6294,0.7237188,0.7127253,435.64185,360.9403
1.5-473-550,0.4346938775,0.869387755,0.9772248215579286,0.000878710534,1.5,473.0,550.0,675.2963,0.9906685,209.95247,838.359,163.06268,1.3039656,0.3132971,168.01477,-41.9377
1.5-473-550,0.4551020408,0.9102040816,0.9337895728803226,0.000839654004,1.5,473.0,550.0,661.5866,1.287443,336.49533,838.2618,176.67517,1.3411156,0.053672552,159.9406,-176.55473
1.5-473-550,0.1746987951,0.3493975902,0.7098470004029654,0.0006382871403,1.5,473.0,550.0,519.1915,1.0936868,602.66907,696.0573,176.86578,0.77970755,-0.31397927,397.1558,-205.51328
1.5-473-550,0.3361445784,0.6722891568,0.6021818746711394,-0.0005414757638,1.5,473.0,550.0,621.3262,1.8214653,457.7382,818.1485,196.82233,1.1125361,-0.7089292,225.1838,-232.55438
1.5-473-550,0.308433735,0.61686747,0.9726063657286781,-0.0008745576659,1.5,473.0,550.0,1042.8951,0.87726337,51.433212,805.2308,-237.66437,1.0559129,0.17864949,247.64798,196.21477
1.5-473-550,0.03265306121,0.06530612242,0.9442484491033019,-0.0008490585182,1.5,473.0,550.0,473.0,0.4961574,649.85333,514.8036,41.80359,0.49902278,0.002865374,614.0646,-35.788757
1.5-473-550,0.06734693879,0.13469387758,0.9980223152919674,0.000897411427,1.5,473.0,550.0,473.0,0.01963179,649.85333,563.3298,90.32977,0.56640637,0.54677457,557.0702,-92.78314
1.5-473-550,0.213253012,0.426506024,0.9980223152919674,-0.000897411427,1.5,473.0,550.0,1287.6682,0.048494324,39.92299,735.0175,-552.6507,0.8586958,0.81020147,347.50623,307.58325
1.5-473-550,0.2325301205,0.465060241,0.8902853188558087,-0.0008005354251,1.5,473.0,550.0,762.59296,1.4864229,93.89023,752.36005,-10.23291,0.8985632,-0.5878597,324.55075,230.66052
1.5-473-550,0.4959183674,0.9918367348,0.9965972946963587,0.0008961300631,1.5,473.0,550.0,657.4489,0.18270801,361.86868,834.7146,177.26569,1.4126568,1.2299488,146.69174,-215.17694
1.5-473-550,0.1746987951,0.3493975902,0.9844268823757469,-0.0008851865532,1.5,473.0,550.0,884.2376,0.3736834,65.81911,696.0573,-188.1803,0.77970755,0.40602416,397.1558,331.33667
1.5-473-550,0.1036144578,0.2072289156,0.9980223152919674,0.000897411427,1.5,473.0,550.0,636.20526,0.054059193,427.6577,611.5105,-24.694763,0.637458,0.5833988,499.97366,72.31595
1.5-473-550,0.3590361446,0.7180722892,0.998978267368595,-0.0008982710093,1.5,473.0,550.0,1131.1412,0.03954588,46.288742,826.2832,-304.85803,1.1585699,1.119024,208.86667,162.57793
1.5-473-550,0.05510204082,0.11020408164,0.9772248215579286,-0.000878710534,1.5,473.0,550.0,473.0,0.23697637,649.85333,546.4484,73.448425,0.54257685,0.30560046,576.9403,-72.913025
1.5-473-550,0.2048192771,0.4096385542,0.9980223152919674,0.000897411427,1.5,473.0,550.0,1236.4059,0.048536822,41.5688,726.96765,-509.43823,0.8413215,0.7927847,357.9532,316.3844
1.5-473-550,0.4183673469,0.8367346938,0.9872047710533666,-0.0008876844022,1.5,473.0,550.0,720.77606,0.84671634,108.970825,837.503,116.72693,1.2735847,0.42686838,175.28993,66.31911
1.5-473-550,0.4183673469,0.8367346938,0.960723235489121,0.0008638724771,1.5,473.0,550.0,718.0626,1.4779279,110.75676,837.503,119.44037,1.2735847,-0.2043432,175.28993,64.53317
1.5-473-550,0.2951807229,0.5903614458,0.9671530515086588,-0.0008696541017,1.5,473.0,550.0,1026.0654,0.98184174,52.587875,797.8391,-228.22632,1.0285786,0.046736896,259.4614,206.87352
1.5-473-550,0.3120481928,0.6240963856,0.7525573838264147,-0.0006766918789,1.5,473.0,550.0,644.44196,1.7751764,406.89517,807.1098,162.66785,1.0633433,-0.7118331,244.54663,-162.34854
1.5-473-550,0.3602409639,0.7204819278,0.9973789933391554,-0.0008968329585,1.5,473.0,550.0,1122.3055,0.10761516,46.75612,826.64954,-295.656,1.1609703,1.0533552,208.06252,161.3064
1.5-473-550,0.3542168675,0.708433735,0.4163512323516047,-0.0003743787567,1.5,473.0,550.0,604.39667,1.8526616,486.4172,824.75684,220.36017,1.1489443,-0.70371735,212.13725,-274.27997
1.5-473-550,0.3349397591,0.6698795182,0.9811301448069191,-0.0008822221606,1.5,473.0,550.0,1065.2037,0.6848935,49.99736,817.6576,-247.54614,1.1100926,0.42519915,226.0981,176.10074
1.5-473-550,0.2024096385,0.404819277,0.9726063657286781,-0.0008745576659,1.5,473.0,550.0,1105.918,0.63533473,47.643112,724.61755,-381.3004,0.83636636,0.20103163,360.98187,313.33875
1.5-473-550,0.4,0.8,0.539871667873015,0.0004854470651,1.5,473.0,550.0,644.37946,2.2371886,407.46396,835.4528,191.07336,1.2387233,-0.9984653,184.42905,-223.03491
1.5-473-550,0.4142857143,0.8285714286,0.9998257452316341,-0.0008990330527,1.5,473.0,550.0,742.77014,0.007004903,97.35631,837.14996,94.37982,1.2658993,1.2588944,177.23067,79.87436
1.5-473-550,0.3843373495,0.768674699,0.9965972946963587,-0.0008961300631,1.5,473.0,550.0,1096.2222,0.16397052,48.167618,832.72705,-263.49512,1.2084492,1.0444788,193.08368,144.91606
1.5-473-550,0.1012048192,0.2024096384,0.8475322500031797,0.0007620923042,1.5,473.0,550.0,473.29883,0.82802486,649.5715,608.4016,135.10278,0.63271064,-0.19531423,503.68,-145.89148
1.5-473-550,0.1891566265,0.378313253,0.9671530515086588,-0.0008696541017,1.5,473.0,550.0,914.6868,0.69937444,62.301132,711.3039,-203.38293,0.8091906,0.109816134,377.97928,315.67816
1.5-473-550,0.4551020408,0.9102040816,0.9671530515086588,-0.0008696541017,1.5,473.0,550.0,661.84607,1.0544703,334.03036,838.2618,176.41571,1.3411156,0.2866453,159.9406,-174.08977
1.5-473-550,0.01632653059,0.03265306118,0.9965972946963587,0.0008961300631,1.5,473.0,550.0,473.0,0.030865358,649.85333,491.28302,18.28302,0.46741113,0.43654576,641.5846,-8.268738
1.5-473-550,0.08571428574,0.17142857148,0.9980223152919674,-0.000897411427,1.5,473.0,550.0,473.0,0.019569205,649.85333,588.0913,115.09131,0.6022886,0.5827194,527.8107,-122.0426
1.5-473-550,0.113253012,0.226506024,0.9442484491033019,-0.0008490585182,1.5,473.0,550.0,508.80276,0.6742101,614.05566,623.8032,115.00046,0.6564914,-0.017718673,485.28113,-128.77454
1.5-473-550,0.1662650602,0.3325301204,0.6021818746711394,-0.0005414757638,1.5,473.0,550.0,505.58673,1.0909075,617.35626,686.831,181.24426,0.76259357,-0.3283139,408.6349,-208.72137
1.5-473-550,0.2265060241,0.4530120482,0.16340484119544796,0.0001469319568,1.5,473.0,550.0,514.6274,1.3371025,607.7444,747.10175,232.47437,0.88608474,-0.4510178,331.58356,-276.16083
1.5-473-550,0.1228915662,0.2457831324,0.9844268823757469,-0.0008851865532,1.5,473.0,550.0,610.25,0.48605224,477.10648,635.8582,25.608215,0.67559904,0.1895468,470.80753,-6.29895
1.5-473-550,0.1012048192,0.2024096384,0.9956514835272462,-0.0008952795994,1.5,473.0,550.0,581.85345,0.08388583,521.42664,608.4016,26.548157,0.63271064,0.5488248,503.68,-17.746643
1.5-473-550,0.4285714286,0.8571428572,0.9215172744995802,0.0008286188792,1.5,473.0,550.0,684.10175,1.5377687,157.28848,838.13983,154.03809,1.2926409,-0.2451278,170.65378,13.365295
1.5-473-550,0.2963855422,0.5927710844,0.9337895728803226,0.000839654004,1.5,473.0,550.0,902.28625,1.4831809,63.699783,798.54364,-103.742615,1.0310687,-0.4521122,258.35876,194.65898
1.5-473-550,0.0244897959,0.0489795918,0.16340484097302546,-0.0001469319566,1.5,473.0,550.0,473.0,1.2082222,649.85333,503.09296,30.092957,0.483213,-0.72500914,627.7726,-22.08075
1.5-473-550,0.1361445783,0.2722891566,0.9915009044774012,0.0008915474413,1.5,473.0,550.0,711.48206,0.34966135,115.578156,652.023,-59.459045,0.70200104,0.35233968,451.28067,335.7025
1.5-473-550,0.4122448979,0.8244897958,0.7892004020960466,-0.000709640905,1.5,473.0,550.0,689.6676,2.3151336,146.72821,836.95184,147.28424,1.2620434,-1.0530902,178.21996,31.491745
1.5-473-550,0.1084337349,0.2168674698,0.8206166047262803,-0.0007378900321,1.5,473.0,550.0,479.61002,0.88002497,643.59845,617.68585,138.07584,0.64696574,-0.23305923,492.6006,-150.99786
1.5-473-550,0.2024096385,0.404819277,0.9999999997775775,-0.0008991897406,1.5,473.0,550.0,1234.934,-1.3699311e-08,41.642838,724.61755,-510.3164,0.83636636,0.83636636,360.98187,319.33905
1.5-473-550,0.4775510204,0.9551020408,0.16340484119544796,0.0001469319568,1.5,473.0,550.0,655.8083,1.9727271,368.492,836.81506,181.00677,1.3809142,-0.59181285,152.22076,-216.27124
1.5-473-550,0.2698795181,0.5397590362,0.16340484119544796,0.0001469319568,1.5,473.0,550.0,524.7849,1.4442948,596.44916,781.5426,256.7577,0.9761274,-0.46816742,283.93457,-312.5146
1.5-473-550,0.3638554217,0.7277108434,0.9071317792997667,-0.0008156835895,1.5,473.0,550.0,830.2629,1.9243293,73.98575,827.7122,-2.5506592,1.1681573,-0.75617194,205.68219,131.69644
1.5-473-550,0.4163265306,0.8326530612,0.9945113832197316,-0.0008942544329,1.5,473.0,550.0,731.1365,0.3955897,102.911514,837.3336,106.19714,1.2697465,0.87415683,176.25401,73.3425
1.5-473-550,0.1542168674,0.3084337348,0.9531521909241071,0.0008570646715,1.5,473.0,550.0,594.5455,0.81911284,500.99045,673.2455,78.70001,0.73825693,-0.080855906,425.3921,-75.59836
1.5-473-550,0.4448979592,0.8897959184,0.03282169735804886,2.951293354e-05,1.5,473.0,550.0,644.1574,2.036911,408.07715,838.4649,194.3075,1.322656,-0.714255,163.84314,-244.23401
1.5-473-550,0.4081632653,0.8163265306,0.8705746216627653,-0.0007828117684,1.5,473.0,550.0,745.7426,2.2235327,96.198135,836.51184,90.769226,1.2543048,-0.9692279,180.23714,84.039
1.5-473-550,0.2578313253,0.5156626506,0.9872047710533666,-0.0008876844022,1.5,473.0,550.0,1165.3622,0.3578272,44.620773,772.7854,-392.57678,0.9510932,0.593266,296.46246,251.84169
1.5-473-550,0.4816326531,0.9632653062,0.9337895728803226,0.000839654004,1.5,473.0,550.0,657.89435,1.2926606,360.0706,836.41534,178.521,1.3880311,0.09537053,150.93483,-209.13576
1.5-473-550,0.4448979592,0.8897959184,0.7098470004029654,-0.0006382871403,1.5,473.0,550.0,661.13245,1.7557836,340.81085,838.4649,177.33246,1.322656,-0.43312752,163.84314,-176.96771
1.5-473-550,0.2746987952,0.5493975904,0.9999999997775775,0.0008991897406,1.5,473.0,550.0,1204.612,-1.3699311e-08,42.89061,784.8666,-419.74548,0.9861355,0.9861355,279.08008,236.18947
1.5-473-550,0.2987951807,0.5975903614,0.09831793590232207,-8.84064793e-05,1.5,473.0,550.0,533.4205,1.5271199,586.84644,799.9332,266.51276,1.0360459,-0.49107397,256.1707,-330.67575
1.5-473-550,0.3686746988,0.7373493976,0.03282169735804886,2.951293354e-05,1.5,473.0,550.0,595.4362,1.8880066,499.93292,829.045,233.60876,1.1777055,-0.71030104,202.58278,-297.35016
1.5-473-550,0.1228915662,0.2457831324,0.9531521909241071,0.0008570646715,1.5,473.0,550.0,530.6719,0.69331163,589.9029,635.8582,105.18634,0.67559904,-0.017712593,470.80753,-119.09537
1.5-473-550,0.2373493976,0.4746987952,0.22784103833049427,-0.0002048723242,1.5,473.0,550.0,518.1729,1.3627561,603.80176,756.4589,238.28601,0.9085564,-0.45419973,319.01862,-284.78314
1.5-473-550,0.1337349397,0.2674698794,0.9980223152919674,-0.000897411427,1.5,473.0,550.0,755.9255,0.08413647,92.10301,649.1206,-106.80487,0.6971892,0.6130527,454.79785,362.69482
1.5-473-550,0.4632653061,0.9265306122,0.4163512323516047,-0.0003743787567,1.5,473.0,550.0,655.33966,1.9090911,370.38376,837.88885,182.5492,1.3557168,-0.5533743,157.00119,-213.38257
1.5-473-550,0.2084337349,0.4168674698,0.9872047710533666,-0.0008876844022,1.5,473.0,550.0,1228.9509,0.30278718,41.864243,730.4513,-498.49963,0.84876186,0.5459747,353.4465,311.58228
1.5-473-550,0.3879518073,0.7759036146,0.09831793589120096,8.840647929e-05,1.5,473.0,550.0,613.16266,2.0396526,472.2719,833.4391,220.27643,1.2154785,-0.82417405,191.01318,-281.25873
1.5-473-550,0.3204819277,0.6409638554,0.998978267368595,0.0008982710093,1.5,473.0,550.0,1164.6228,0.033229157,44.654587,811.2669,-353.3559,1.0806333,1.0474042,237.5106,192.85602
1.5-473-550,0.4897959184,0.9795918368,0.7098470004029654,0.0006382871403,1.5,473.0,550.0,657.30786,1.7152594,362.43814,835.4993,178.19147,1.4021567,-0.31310272,148.46263,-213.97551
1.5-473-550,0.2096385542,0.4192771084,0.8902853188558087,0.0008005354251,1.5,473.0,550.0,707.1075,1.3589959,197.92427,731.60126,24.493774,0.851244,-0.50775194,351.95404,154.02977
1.5-473-550,0.3277108434,0.6554216868,0.9931416465066502,-0.0008930227797,1.5,473.0,550.0,1131.661,0.2458633,46.263107,814.5779,-317.08313,1.0953937,0.84953034,231.70227,185.43916
1.5-473-550,0.3566265061,0.7132530122,0.47796385156444166,-0.0004297801918,1.5,473.0,550.0,613.634,1.8871255,471.44577,825.5323,211.89832,1.1537617,-0.73336375,210.49113,-260.95465
1.5-473-550,0.1397590361,0.2795180722,0.9844268823757469,0.0008851865532,1.5,473.0,550.0,668.21106,0.5540221,273.8883,656.34534,-11.865723,0.7092285,0.15520644,446.0332,172.1449
1.5-473-550,0.1626506024,0.3253012048,0.8902853187445975,0.000800535425,1.5,473.0,550.0,549.11554,0.96399224,568.3483,682.8045,133.68896,0.75527865,-0.20871359,413.61847,-154.72986
1.5-473-550,0.2831325301,0.5662650602,0.9980223152919674,0.000897411427,1.5,473.0,550.0,1188.292,0.05902092,43.572098,790.43524,-397.85675,1.0036339,0.9446129,270.80243,227.23033
1.5-473-550,0.2530120482,0.5060240964,0.9442484491033019,-0.0008490585182,1.5,473.0,550.0,963.4147,1.2529168,57.539413,769.1054,-194.30927,0.9410788,-0.31183803,301.6286,244.08919
1.5-473-550,0.4979591837,0.9959183674,0.9607232356003321,0.0008638724772,1.5,473.0,550.0,657.3892,1.12207,362.1097,834.4351,177.0459,1.4161391,0.29406917,146.11665,-215.99306
1.5-473-550,0.09183673473,0.18367346946,0.9999999997775775,-0.0008991897406,1.5,473.0,550.0,473.0,-1.3699311e-08,649.85333,596.1843,123.184326,0.6142933,0.6142933,518.2114,-131.6419
1.5-473-550,0.02857142855,0.0571428571,0.3542741439827602,-0.0003185596757,1.5,473.0,550.0,473.0,1.1931089,649.85333,508.96103,35.96103,0.4911167,-0.7019922,620.9053,-28.94806
1.5-473-550,0.2,0.4,0.03282169735804886,2.951293354e-05,1.5,473.0,550.0,506.11237,1.2506474,616.8243,722.2455,216.13312,0.83141536,-0.41923207,364.0298,-252.7945
1.5-473-550,0.1493975903,0.2987951806,0.9973789933391554,0.0008968329585,1.5,473.0,550.0,818.7096,0.08577512,76.04437,667.6827,-151.02692,0.7285595,0.64278436,432.20935,356.16498
1.5-473-550,0.2204819277,0.4409638554,0.2914697156873968,0.0002620865781,1.5,473.0,550.0,515.2837,1.3224585,607.0146,741.6959,226.41223,0.8736233,-0.4488352,338.74518,-268.2694
1.5-473-550,0.104819277,0.209638554,0.8475322498919685,-0.0007620923041,1.5,473.0,550.0,476.69797,0.83500284,646.36487,613.0597,136.36172,0.6398333,-0.19516957,498.12543,-148.23944
1.5-473-550,0.1385542168,0.2771084336,0.9998257452316341,-0.0008990330527,1.5,473.0,550.0,789.73206,0.003922449,82.16664,654.90875,-134.8233,0.70681804,0.7028956,447.77856,365.61194
1.5-473-550,0.4061224489,0.8122448978,0.7525573838264147,-0.0006766918789,1.5,473.0,550.0,675.35657,2.3622975,214.03299,836.26965,160.91309,1.2504224,-1.1118752,181.26524,-32.767746
1.5-473-550,0.2554216867,0.5108433734,0.9844268823757469,0.0008851865532,1.5,473.0,550.0,1154.6294,0.43079388,45.130753,770.95795,-383.67145,0.9460858,0.5152919,299.03455,253.9038
1.5-473-550,0.3493975904,0.6987951808,0.9980223152919674,0.000897411427,1.5,473.0,550.0,1136.359,0.07586078,46.03148,823.132,-313.227,1.1392822,1.0634215,215.49486,169.46338
1.5-473-550,0.2614457831,0.5228915662,0.9442484491033019,0.0008490585182,1.5,473.0,550.0,960.07336,1.2649293,57.836014,775.47925,-184.59412,0.95860445,-0.30632484,292.6457,234.80968
1.5-473-550,0.4469387755,0.893877551,0.9945113832197316,0.0008942544329,1.5,473.0,550.0,665.1805,0.31862676,302.35056,838.4484,173.26794,1.3263664,1.0077397,163.04166,-139.3089
1.5-473-550,0.2048192771,0.4096385542,0.8902853188558087,-0.0008005354251,1.5,473.0,550.0,673.35925,1.300719,246.17271,726.96765,53.6084,0.8413215,-0.4593975,357.9532,111.78047
1.5-473-550,0.1831325301,0.3662650602,0.09831793590232207,-8.84064793e-05,1.5,473.0,550.0,500.4387,1.1772147,622.56604,705.0406,204.6019,0.79688436,-0.38033038,385.89087,-236.67517
1.5-473-550,0.2204819277,0.4409638554,0.9442484491033019,0.0008490585182,1.5,473.0,550.0,1034.5029,1.1361108,52.057663,741.6959,-292.807,0.8736233,-0.26248747,338.74518,286.6875
1.5-473-550,0.1795180723,0.3590361446,0.9844268823757469,0.0008851865532,1.5,473.0,550.0,919.52185,0.365435,61.689896,701.2209,-218.30096,0.7895153,0.4240803,390.69208,329.0022
1.5-473-550,0.2108433734,0.4216867468,0.9811301448069191,0.0008822221606,1.5,473.0,550.0,1217.5697,0.44477785,42.32231,732.74567,-484.82404,0.8537269,0.40894908,350.46652,308.14423
1.5-473-550,0.3373493976,0.6746987952,0.3542741439827602,-0.0003185596757,1.5,473.0,550.0,583.51764,1.7379987,516.55096,818.6331,235.11548,1.1149776,-0.6230211,224.27512,-292.27585
1.5-473-550,0.2614457831,0.5228915662,0.9915009044774012,-0.0008915474413,1.5,473.0,550.0,1182.0056,0.24108969,43.859604,775.47925,-406.52637,0.95860445,0.71751475,292.6457,248.78609
1.5-473-550,0.1253012048,0.2506024096,0.9671530515086588,0.0008696541017,1.5,473.0,550.0,555.18726,0.6403059,560.46704,638.8334,83.64612,0.68038815,0.040082276,467.2244,-93.242645
1.5-473-550,0.07959183676,0.15918367352,0.9531521908128958,-0.0008570646714,1.5,473.0,550.0,473.0,0.4631323,649.85333,579.91595,106.915955,0.59030706,0.12717476,537.48834,-112.36499
1.5-473-550,0.2722891566,0.5445783132,0.960723235489121,0.0008638724771,1.5,473.0,550.0,1018.02216,1.0425164,53.17177,783.2174,-234.80475,0.9811321,-0.06138426,281.49606,228.3243
1.5-473-550,0.1012048192,0.2024096384,0.9671530517310813,0.0008696541019,1.5,473.0,550.0,487.2095,0.4127074,635.9471,608.4016,121.19211,0.63271064,0.22000325,503.68,-132.26709
1.5-473-550,0.2277108433,0.4554216866,0.9337895728803226,-0.000839654004,1.5,473.0,550.0,973.0522,1.2652193,56.77397,748.1653,-224.8869,0.88857913,-0.3766402,330.16663,273.39264
1.5-473-550,0.4816326531,0.9632653062,0.3542741437603377,0.0003185596755,1.5,473.0,550.0,656.57416,1.9172504,365.40018,836.41534,179.84119,1.3880311,-0.52921927,150.93483,-214.46535
1.5-473-550,0.2469879518,0.4939759036,0.9726063657286781,-0.0008745576659,1.5,473.0,550.0,1110.8793,0.7211193,47.373947,764.3648,-346.51447,0.92856413,0.20744485,308.20926,260.83533
1.5-473-550,0.1939759036,0.3879518072,0.9945113832197316,0.0008942544329,1.5,473.0,550.0,1133.3102,0.12969415,46.18895,716.2202,-417.08997,0.8190569,0.68936276,371.73267,325.5437
1.5-473-550,0.1337349397,0.2674698794,0.9985491866279087,0.0008978851843,1.5,473.0,550.0,760.1596,0.060779557,90.63777,649.1206,-111.039,0.6971892,0.63640964,454.79785,364.1601
1.5-473-550,0.3204819277,0.6409638554,0.22784103821928303,0.0002048723241,1.5,473.0,550.0,555.6662,1.6249163,559.92,811.2669,255.60071,1.0806333,-0.54428303,237.5106,-322.40936
1.5-473-550,0.1686746988,0.3373493976,0.9945113832197316,0.0008942544329,1.5,473.0,550.0,908.6594,0.14135711,62.916428,689.4914,-219.16803,0.76747674,0.6261196,405.33368,342.41724
1.5-473-550,0.0102040816,0.0204081632,0.9772248215579286,-0.000878710534,1.5,473.0,550.0,473.0,0.21215658,649.85333,482.36365,9.363647,0.45556226,0.24340568,652.00934,2.1560059
1.5-473-550,0.2710843374,0.5421686748,0.9915009044774012,-0.0008915474413,1.5,473.0,550.0,1171.3052,0.24890082,44.348984,782.3832,-388.922,0.9786299,0.72972906,282.7125,238.36351
1.5-473-550,0.3927710844,0.7855421688,0.9973789933391554,-0.0008968329585,1.5,473.0,550.0,1089.4569,0.13561432,48.560898,834.31036,-255.14655,1.2248112,1.0891969,188.32155,139.76065
1.5-473-550,0.2638554217,0.5277108434,0.7098470004029654,0.0006382871403,1.5,473.0,550.0,602.10345,1.5343657,489.51816,777.24347,175.14001,0.96361166,-0.570754,290.1289,-199.38925
1.5-473-550,0.3361445784,0.6722891568,0.3542741439827602,-0.0003185596757,1.5,473.0,550.0,582.46814,1.7315195,518.27234,818.1485,235.68036,1.1125361,-0.6189834,225.1838,-293.08853
1.5-473-550,0.4408163265,0.881632653,0.999825745120423,0.0008990330526,1.5,473.0,550.0,669.06525,0.006086217,265.44107,838.46063,169.39539,1.3152075,1.3091213,165.4786,-99.96246
1.5-473-550,0.3421686747,0.6843373494,0.999825745120423,0.0008990330526,1.5,473.0,550.0,1150.9586,0.0037391048,45.31172,820.5081,-330.4505,1.1247241,1.120985,220.69632,175.3846
1.5-473-550,0.2734939759,0.5469879518,0.6021818746711394,-0.0005414757638,1.5,473.0,550.0,574.78937,1.5260777,531.1607,784.0452,209.25586,0.98363394,-0.5424438,280.28525,-250.87546
1.5-473-550,0.1795180723,0.3590361446,0.9980223152919674,0.000897411427,1.5,473.0,550.0,1000.97125,0.046936855,54.409042,701.2209,-299.75037,0.7895153,0.74257845,390.69208,336.28302
1.5-473-550,0.1060240963,0.2120481926,0.4163512326852384,0.000374378757,1.5,473.0,550.0,473.08954,1.1065279,649.76886,614.6053,141.51575,0.64220965,-0.46431828,496.28052,-153.48834
1.5-473-550,0.1457831325,0.291566265,0.960723235489121,0.0008638724771,1.5,473.0,550.0,589.1159,0.75922614,509.10883,663.46387,74.34796,0.7213004,-0.03792572,437.364,-71.74481
1.5-473-550,0.1722891566,0.3445783132,0.9985491866279087,-0.0008978851843,1.5,473.0,550.0,959.17303,0.03466223,57.859512,693.4456,-265.72742,0.7748113,0.7401491,400.41397,342.55444
1.5-473-550,0.3168674699,0.6337349398,0.09831793589120096,8.840647929e-05,1.5,473.0,550.0,544.95087,1.5934178,573.5691,809.52423,264.57336,1.0732319,-0.5201858,240.49171,-333.0774
1.5-473-550,0.2578313253,0.5156626506,0.9985491866279087,0.0008978851843,1.5,473.0,550.0,1216.018,0.039157435,42.38823,772.7854,-443.23254,0.9510932,0.91193575,296.46246,254.07423
1.5-473-550,0.3036144579,0.6072289158,0.9337895728803226,-0.000839654004,1.5,473.0,550.0,900.05383,1.5045445,63.96251,802.63416,-97.41968,1.0459883,-0.45855618,251.86342,187.90091
1.5-473-550,0.2168674698,0.4337349396,0.8705746216627653,0.0007828117684,1.5,473.0,550.0,670.1624,1.4085923,252.61945,738.38257,68.22015,0.8661558,-0.54243654,343.10312,90.48367
1.5-473-550,0.1927710843,0.3855421686,0.9442484491033019,-0.0008490585182,1.5,473.0,550.0,816.93915,1.0098443,77.17879,714.9991,-101.94006,0.8165886,-0.19325572,373.28738,296.10858
1.5-473-550,0.3987951808,0.7975903616,0.16340484119544796,0.0001469319568,1.5,473.0,550.0,622.61646,2.142971,455.73874,835.2759,212.65942,1.2364119,-0.9065591,185.0659,-270.67285
1.5-473-550,0.05306122449,0.10612244898,0.9965972946963587,0.0008961300631,1.5,473.0,550.0,473.0,0.034086093,649.85333,543.6077,70.60773,0.53861105,0.50452495,580.2788,-69.574524
1.5-473-550,0.3337349398,0.6674698796,0.7098470004029654,0.0006382871403,1.5,473.0,550.0,641.4212,1.8562745,414.66925,817.1602,175.73901,1.1076473,-0.7486272,227.01804,-187.65121
1.5-473-550,0.2807228916,0.5614457832,0.993141646395439,0.0008930227796,1.5,473.0,550.0,1168.4767,0.20826553,44.478317,788.8765,-379.60016,0.99863684,0.7903713,273.13913,228.66081
1.5-473-550,0.02244897957,0.04489795914,0.4163512326852384,0.000374378757,1.5,473.0,550.0,473.0,1.1665586,649.85333,500.1496,27.149597,0.479262,-0.6872966,631.216,-18.63733
1.5-473-550,0.1554216867,0.3108433734,0.9980223152919674,-0.000897411427,1.5,473.0,550.0,854.2239,0.05845426,69.95012,674.62494,-179.59894,0.74068457,0.6822303,423.69788,353.74774
1.5-473-550,0.2012048193,0.4024096386,0.9985491866279087,0.0008978851843,1.5,473.0,550.0,1224.9287,0.033795282,42.023666,723.43427,-501.49445,0.8338903,0.800095,362.50345,320.4798
1.5-473-550,0.1771084337,0.3542168674,0.5396442233296441,0.0004852425493,1.5,473.0,550.0,507.8775,1.131292,615.03796,698.6491,190.7716,0.7846089,-0.34668308,393.9151,-221.12286
1.5-473-550,0.1530120482,0.3060240964,0.9945113832197316,0.0008942544329,1.5,473.0,550.0,819.01215,0.16957001,75.98456,671.8616,-147.15057,0.73583055,0.5662605,427.0904,351.10583
1.5-473-550,0.3554216868,0.7108433736,0.998978267368595,0.0008982710093,1.5,473.0,550.0,1134.8727,0.038808092,46.104782,825.14764,-309.72504,1.1513542,1.1125461,211.3115,165.20671
1.5-473-550,0.06326530613,0.12653061226,0.5396442233296441,-0.0004852425493,1.5,473.0,550.0,473.0,1.0890201,649.85333,557.7344,84.734375,0.5584561,-0.530564,563.6623,-86.19104
1.5-473-550,0.2975903615,0.595180723,0.998978267368595,0.0008982710093,1.5,473.0,550.0,1180.2665,0.030837165,43.939133,799.2417,-381.02478,1.0335578,1.0027206,257.26184,213.32271
1.5-473-550,0.2578313253,0.5156626506,0.3542741437603377,0.0003185596755,1.5,473.0,550.0,527.40344,1.4214786,593.53735,772.7854,245.38196,0.9510932,-0.47038543,296.46246,-297.0749
1.5-473-550,0.2289156626,0.4578313252,0.6600967573005477,-0.0005935522321,1.5,473.0,550.0,545.03064,1.3564817,573.4001,749.2229,204.19226,0.89107424,-0.46540743,328.75485,-244.64523
1.5-473-550,0.3144578314,0.6289156628,0.8705746216627653,0.0007828117684,1.5,473.0,550.0,758.4158,1.8198361,92.46214,808.33,49.914246,1.0682904,-0.7515458,242.50772,150.04558
1.5-473-550,0.3662650603,0.7325301206,0.9996041061370615,-0.0008988337571,1.5,473.0,550.0,1127.9468,0.0137982825,46.454727,828.39056,-299.5562,1.1729364,1.1591382,204.12192,157.66719
1.5-473-550,0.3289156627,0.6578313254,0.09831793590232207,-8.84064793e-05,1.5,473.0,550.0,555.68555,1.648397,559.8941,815.1072,259.42163,1.0978479,-0.55054903,230.7541,-329.14
1.5-473-550,0.2927710844,0.5855421688,0.8902853187445975,0.000800535425,1.5,473.0,550.0,791.99115,1.7030332,82.286194,796.4104,4.4192505,1.0235959,-0.6794373,261.68384,179.39764
1.5-473-550,0.3265060241,0.6530120482,0.9442484491033019,0.0008490585182,1.5,473.0,550.0,922.35016,1.4669816,61.468277,814.0421,-108.308044,1.0929377,-0.37404394,232.65611,171.18784
1.5-473-550,0.3963855422,0.7927710844,0.2914697156873968,0.0002620865781,1.5,473.0,550.0,625.60046,2.1386316,450.06912,834.90594,209.30548,1.2317804,-0.9068512,186.35379,-263.71533
1.5-473-550,0.08775510207,0.17551020414,0.9985491866279087,0.0008978851843,1.5,473.0,550.0,473.0,0.014114783,649.85333,590.7983,117.79828,0.6062875,0.5921727,524.6022,-125.25116
1.5-473-550,0.0,0.0,0.09835895158380348,8.844336018e-05,1.5,473.0,550.0,473.0,0.90842825,649.85333,467.38678,-5.61322,0.43581393,-0.47261432,669.50385,19.650513
1.5-473-550,0.4469387755,0.893877551,0.47796385156444166,0.0004297801918,1.5,473.0,550.0,654.07544,1.9487722,375.48743,838.4484,184.37299,1.3263664,-0.62240577,163.04166,-212.44577
1.5-473-550,0.0897959184,0.1795918368,0.9772248215579286,0.000878710534,1.5,473.0,550.0,473.0,0.23773514,649.85333,593.49603,120.49603,0.61028904,0.37255388,521.4024,-128.45093
1.5-473-550,0.4571428571,0.9142857142,0.8705746216627653,-0.0007828117684,1.5,473.0,550.0,660.5894,1.4791344,345.97003,838.18567,177.59625,1.3447797,-0.13435471,159.19093,-186.7791
1.5-473-550,0.03265306121,0.06530612242,0.2914697156873968,0.0002620865781,1.5,473.0,550.0,473.0,1.2137586,649.85333,514.8036,41.80359,0.49902278,-0.7147358,614.0646,-35.788757
1.5-473-550,0.1554216867,0.3108433734,0.9998257452316341,-0.0008990330527,1.5,473.0,550.0,866.4102,0.0029877287,68.17622,674.62494,-191.78528,0.74068457,0.7376968,423.69788,355.52167
1.5-473-550,0.2927710844,0.5855421688,0.22784103833049427,-0.0002048723242,1.5,473.0,550.0,535.69543,1.5162566,584.31665,796.4104,260.71497,1.0235959,-0.49266064,261.68384,-322.6328
1.5-473-550,0.1554216867,0.3108433734,0.9671530515086588,-0.0008696541017,1.5,473.0,550.0,636.45325,0.7618532,426.25064,674.62494,38.17169,0.74068457,-0.02116865,423.69788,-2.552765
1.5-473-550,0.330120482,0.660240964,0.8705746216627653,-0.0007828117684,1.5,473.0,550.0,764.4069,1.882633,90.1143,815.63,51.223083,1.1003006,-0.7823324,229.81161,139.69731
1.5-473-550,0.2602409639,0.5204819278,0.8206166047262803,-0.0007378900321,1.5,473.0,550.0,650.05664,1.5837495,386.79248,774.58765,124.531006,0.9561007,-0.62764883,293.9124,-92.880066
1.5-473-550,0.01428571426,0.02857142852,0.6600967573005477,-0.0005935522321,1.5,473.0,550.0,473.0,1.0642254,649.85333,488.31567,15.315674,0.46346137,-0.60076404,645.0534,-4.7999268
1.5-473-550,0.04897959184,0.09795918368,0.9215172744995802,-0.0008286188792,1.5,473.0,550.0,473.0,0.6274805,649.85333,537.9038,64.90381,0.5306839,-0.09679663,586.97845,-62.874878
1.5-473-550,0.1216867469,0.2433734938,0.9811301448069191,0.0008822221606,1.5,473.0,550.0,590.7559,0.51116174,506.65994,634.36475,43.608826,0.6732063,0.16204458,472.60446,-34.05548
1.5-473-550,0.4224489796,0.8448979592,0.4163512323516047,-0.0003743787567,1.5,473.0,550.0,644.91907,2.2323592,405.9735,837.79926,192.88019,1.2812344,-0.9511248,173.39903,-232.57448
1.5-473-550,0.1060240963,0.2120481926,0.9993254186825348,0.0008985831642,1.5,473.0,550.0,660.2481,0.023739206,342.70938,614.6053,-45.642822,0.64220965,0.61847043,496.28052,153.57114
1.5-473-550,0.2493975904,0.4987951808,0.03282169735804886,2.951293354e-05,1.5,473.0,550.0,518.90106,1.3930926,602.99207,766.27966,247.3786,0.9335694,-0.45952326,305.5607,-297.43137
1.5-473-550,0.156626506,0.313253012,0.7892004020960466,0.000709640905,1.5,473.0,550.0,515.9923,1.0116574,606.22656,675.99976,160.00745,0.7431136,-0.26854378,422.0077,-184.21887
1.5-473-550,0.2710843374,0.5421686748,0.8705746216627653,0.0007828117684,1.5,473.0,550.0,730.74567,1.6519275,108.291626,782.3832,51.637512,0.9786299,-0.6732976,282.7125,174.42087
1.5-473-550,0.2301204819,0.4602409638,0.999825745120423,-0.0008990330526,1.5,473.0,550.0,1282.3834,0.0024500352,39.92299,750.2746,-532.1088,0.89356995,0.8911199,327.3483,287.4253
1.5-473-550,0.3060240964,0.6120481928,0.3542741439827602,-0.0003185596757,1.5,473.0,550.0,556.4175,1.5877482,558.9263,803.9455,247.52802,1.0509529,-0.53679526,249.74422,-309.18207
1.5-473-550,0.09795918371,0.19591836742,0.6021818746711394,-0.0005414757638,1.5,473.0,550.0,473.0,1.0608068,649.85333,604.19214,131.19214,0.62632287,-0.4344839,508.6927,-141.16064
1.5-473-550,0.1228915662,0.2457831324,0.6600967573005477,0.0005935522321,1.5,473.0,550.0,483.45157,1.0047498,639.757,635.8582,152.40665,0.67559904,-0.32915074,470.80753,-168.9495
1.5-473-550,0.05714285715,0.1142857143,0.8206166047262803,-0.0007378900321,1.5,473.0,550.0,473.0,0.87047493,649.85333,549.28156,76.281555,0.54654413,-0.3239308,573.60925,-76.24408
1.5-473-550,0.3072289157,0.6144578314,0.6021818746711394,0.0005414757638,1.5,473.0,550.0,603.813,1.6816515,487.07782,804.5914,200.77838,1.0534334,-0.62821805,248.69322,-238.3846
1.5-473-550,0.1421686747,0.2843373494,0.47796385156444166,-0.0004297801918,1.5,473.0,550.0,488.40878,1.0687681,634.7403,659.2056,170.79684,0.7140534,-0.35471475,442.55392,-192.18637
1.5-473-550,0.1361445783,0.2722891566,0.9071317792997667,0.0008156835895,1.5,473.0,550.0,522.24805,0.8568034,599.27014,652.023,129.77496,0.70200104,-0.15480238,451.28067,-147.98947
1.5-473-550,0.2493975904,0.4987951808,0.9071317792997667,0.0008156835895,1.5,473.0,550.0,826.101,1.5208919,75.099976,766.27966,-59.82135,0.9335694,-0.58732253,305.5607,230.46072
1.5-473-550,0.3590361446,0.7180722892,0.9726063657286781,0.0008745576659,1.5,473.0,550.0,998.6697,1.0644131,54.588852,826.2832,-172.38647,1.1585699,0.09415686,208.86667,154.27782
1.5-473-550,0.4448979592,0.8897959184,0.998978267368595,-0.0008982710093,1.5,473.0,550.0,666.28796,0.056222126,291.82803,838.4649,172.17694,1.322656,1.266434,163.84314,-127.98489
1.5-473-550,0.2493975904,0.4987951808,0.9671530515086588,0.0008696541017,1.5,473.0,550.0,1076.1077,0.85680187,49.355606,766.27966,-309.828,0.9335694,0.076767504,305.5607,256.20508
1.5-473-550,0.1734939759,0.3469879518,0.9915009044774012,-0.0008915474413,1.5,473.0,550.0,920.36926,0.21098857,61.60817,694.7539,-225.61536,0.7772588,0.56627023,398.78268,337.1745
1.5-473-550,0.3566265061,0.7132530122,0.8475322498919685,0.0007620923041,1.5,473.0,550.0,732.8766,2.0457783,103.82985,825.5323,92.6557,1.1537617,-0.89201653,210.49113,106.661285
1.5-473-550,0.330120482,0.660240964,0.9985491866279087,-0.0008978851843,1.5,473.0,550.0,1155.1956,0.050221905,45.10286,815.63,-339.56555,1.1003006,1.0500786,229.81161,184.70876
1.5-473-550,0.06530612246,0.13061224492,0.16340484097302546,-0.0001469319566,1.5,473.0,550.0,473.0,1.1859536,649.85333,560.53613,87.53613,0.5624303,-0.6235233,560.3623,-89.49103
1.5-473-550,0.0755102041,0.1510204082,0.9915009044774012,0.0008915474413,1.5,473.0,550.0,473.0,0.08756445,649.85333,574.4214,101.42139,0.58233136,0.4947669,543.9826,-105.87073
1.5-473-550,0.169879518,0.339759036,0.9772248215579286,0.000878710534,1.5,473.0,550.0,799.921,0.5453176,79.97511,690.81433,-109.10669,0.7699203,0.2246027,403.68948,323.71436
1.5-473-550,0.3120481928,0.6240963856,0.6021818746711394,-0.0005414757638,1.5,473.0,550.0,607.1663,1.7039914,481.8134,807.1098,199.94348,1.0633433,-0.6406481,244.54663,-237.26675
1.5-473-550,0.1397590361,0.2795180722,0.9531521909241071,0.0008570646715,1.5,473.0,550.0,561.4585,0.76604944,552.35187,656.34534,94.88684,0.7092285,-0.05682093,446.0332,-106.318665
1.5-473-550,0.1867469879,0.3734939758,0.7525573838264147,-0.0006766918789,1.5,473.0,550.0,534.0904,1.1360852,586.10156,708.8141,174.7237,0.8042644,-0.33182073,381.13025,-204.97131
1.5-473-550,0.3975903615,0.795180723,0.9973789934503665,-0.0008968329586,1.5,473.0,550.0,1083.6432,0.14088278,48.89888,835.0936,-248.54956,1.2340976,1.0932149,185.70747,136.8086
1.5-473-550,0.3542168675,0.708433735,0.8705746216627653,-0.0007828117684,1.5,473.0,550.0,770.2728,1.9985754,87.98605,824.75684,54.48401,1.1489443,-0.8496312,212.13725,124.1512
1.5-473-550,0.4204081632,0.8408163264,0.9337895728803226,0.000839654004,1.5,473.0,550.0,706.8605,1.6775321,119.70802,837.65814,130.79767,1.2774141,-0.400118,174.33832,54.630295
1.5-473-550,0.191566265,0.38313253,0.9915009044774012,-0.0008915474413,1.5,473.0,550.0,1082.7646,0.20400034,48.949966,713.77264,-368.992,0.8141214,0.6101211,374.8467,325.89673
1.5-473-550,0.07755102043,0.15510204086,0.9999999997775775,-0.0008991897406,1.5,473.0,550.0,473.0,-1.3699311e-08,649.85333,577.17303,104.173035,0.586318,0.586318,540.7313,-109.12201
1.5-473-550,0.3783132531,0.7566265062,0.03282169734692774,-2.951293353e-05,1.5,473.0,550.0,604.30194,1.958808,486.56598,831.42676,227.12482,1.1966783,-0.76212966,196.6348,-289.93118
1.5-473-550,0.1602409638,0.3204819276,0.9915009044774012,-0.0008915474413,1.5,473.0,550.0,837.7218,0.23845212,72.58162,680.0966,-157.62518,0.75040865,0.5119565,416.96173,344.38013
1.5-473-550,0.1457831325,0.291566265,0.6600967573005477,0.0005935522321,1.5,473.0,550.0,497.11664,1.0339493,625.928,663.46387,166.34723,0.7213004,-0.31264883,437.364,-188.56396
1.5-473-550,0.3626506025,0.725301205,0.9531521909241071,0.0008570646715,1.5,473.0,550.0,925.52527,1.507636,61.124435,827.364,-98.161255,1.1657642,-0.34187174,206.47029,145.34586
1.5-473-550,0.2698795181,0.5397590362,0.4163512326852384,0.000374378757,1.5,473.0,550.0,537.35486,1.4625487,582.45483,781.5426,244.18774,0.9761274,-0.48642135,283.93457,-298.52026
1.5-473-550,0.2072289156,0.4144578312,0.8902853188558087,-0.0008005354251,1.5,473.0,550.0,695.8286,1.3358655,215.23613,729.29565,33.46704,0.84628075,-0.48958474,354.94388,139.70775
1.5-473-550,0.3686746989,0.7373493978,0.9931416465066502,-0.0008930227797,1.5,473.0,550.0,1094.1428,0.29998064,48.288498,829.045,-265.09784,1.1777055,0.8777249,202.58278,154.29428
1.5-473-550,0.1313253012,0.2626506024,0.998978267368595,0.0008982710093,1.5,473.0,550.0,753.6688,0.043940112,92.91496,646.20166,-107.46716,0.69238245,0.6484423,458.32993,365.41498
1.5-473-550,0.07959183676,0.15918367352,0.9772248215579286,0.000878710534,1.5,473.0,550.0,473.0,0.23810421,649.85333,579.91595,106.915955,0.59030706,0.35220283,537.48834,-112.36499
1.5-473-550,0.286746988,0.573493976,0.998978267368595,-0.0008982710093,1.5,473.0,550.0,1189.3682,0.029688405,43.522873,792.72473,-396.64343,1.011125,0.98143655,267.34015,223.81728
1.5-473-550,0.1662650602,0.3325301204,0.5396442233296441,-0.0004852425493,1.5,473.0,550.0,502.49786,1.101124,620.4822,686.831,184.33313,0.76259357,-0.33853048,408.6349,-211.84729
1.5-473-550,0.09591836738,0.19183673476,0.9844268823757469,0.0008851865532,1.5,473.0,550.0,473.0,0.16038106,649.85333,601.53253,128.53253,0.6223101,0.46192902,511.85657,-137.99677
1.5-473-550,0.2265060241,0.4530120482,0.9973789934503665,-0.0008968329586,1.5,473.0,550.0,1281.5533,0.06358002,39.92299,747.10175,-534.4516,0.88608474,0.8225047,331.58356,291.66058
1.5-473-550,0.4714285714,0.9428571428,0.9772248215579286,0.000878710534,1.5,473.0,550.0,658.8739,0.9010868,356.11606,837.33856,178.46466,1.3701704,0.46908355,154.21498,-201.90108
1.5-473-550,0.03469387754,0.06938775508,0.9945113832197316,0.0008942544329,1.5,473.0,550.0,473.0,0.052884266,649.85333,517.715,44.715027,0.502977,0.45009273,610.6543,-39.199036
1.5-473-550,0.3795180723,0.7590361446,0.22784103821928303,0.0002048723241,1.5,473.0,550.0,610.4746,1.9841859,476.75897,831.69824,221.22363,1.199038,-0.7851479,195.91444,-280.84454
1.5-473-550,0.330120482,0.660240964,0.22784103821928303,0.0002048723241,1.5,473.0,550.0,564.4576,1.671206,548.41095,815.63,251.17242,1.1003006,-0.57090545,229.81161,-318.59933
1.5-473-550,0.05306122449,0.10612244898,0.47796385156444166,-0.0004297801918,1.5,473.0,550.0,473.0,1.1183251,649.85333,543.6077,70.60773,0.53861105,-0.57971406,580.2788,-69.574524
1.5-473-550,0.3421686747,0.6843373494,0.4163512326852384,0.000374378757,1.5,473.0,550.0,595.373,1.783181,500.02405,820.5081,225.13513,1.1247241,-0.6584568,220.69632,-279.32773
1.5-473-550,0.3566265061,0.7132530122,0.7525573838264147,0.0006766918789,1.5,473.0,550.0,657.8154,2.0025067,355.37448,825.5323,167.71686,1.1537617,-0.848745,210.49113,-144.88335
1.5-473-550,0.2614457831,0.5228915662,0.7525573838264147,-0.0006766918789,1.5,473.0,550.0,618.1751,1.5475215,463.01944,775.47925,157.30414,0.95860445,-0.588917,292.6457,-170.37375
1.5-473-550,0.02857142855,0.0571428571,0.9872047710533666,-0.0008876844022,1.5,473.0,550.0,473.0,0.122412845,649.85333,508.96103,35.96103,0.4911167,0.36870384,620.9053,-28.94806
1.5-473-550,0.1650602409,0.3301204818,0.6021818746711394,-0.0005414757638,1.5,473.0,550.0,504.9359,1.0881382,618.0149,685.4936,180.55768,0.7601539,-0.32798433,410.29187,-207.72302
1.5-473-550,0.03265306121,0.06530612242,0.9215172744995802,0.0008286188792,1.5,473.0,550.0,473.0,0.60800606,649.85333,514.8036,41.80359,0.49902278,-0.10898328,614.0646,-35.788757
1.5-473-550,0.2277108434,0.4554216868,0.47796385156444166,0.0004297801918,1.5,473.0,550.0,524.17053,1.3404205,597.1324,748.1653,223.99475,0.88857913,-0.45184135,330.16663,-266.96576
1.5-473-550,0.4224489796,0.8448979592,0.6600967573005477,0.0005935522321,1.5,473.0,550.0,660.16986,2.2597647,343.04062,837.79926,177.6294,1.2812344,-0.9785303,173.39903,-169.64159
1.5-473-550,0.4224489796,0.8448979592,0.8206166047262803,0.0007378900321,1.5,473.0,550.0,684.29193,2.0713384,156.99695,837.79926,153.50732,1.2812344,-0.79010403,173.39903,16.402084
1.5-473-550,0.02857142855,0.0571428571,0.993141646395439,0.0008930227796,1.5,473.0,550.0,473.0,0.065177426,649.85333,508.96103,35.96103,0.4911167,0.42593926,620.9053,-28.94806
1.5-473-550,0.4938775511,0.9877551022,0.9811301448069191,0.0008822221606,1.5,473.0,550.0,657.4839,0.8188844,361.72766,834.98517,177.50128,1.4091657,0.59028137,147.27437,-214.4533
1.5-473-550,0.1036144578,0.2072289156,0.9337895728803226,-0.000839654004,1.5,473.0,550.0,483.75092,0.6410717,639.45404,611.5105,127.75958,0.637458,-0.0036136508,499.97366,-139.48038
1.5-473-550,0.3385542169,0.6771084338,0.5396442233296441,-0.0004852425493,1.5,473.0,550.0,611.6176,1.8083565,474.6641,819.1113,207.49371,1.1174172,-0.6909393,223.37202,-251.29207
1.5-473-550,0.4244897959,0.8489795918,0.9442484491033019,-0.0008490585182,1.5,473.0,550.0,695.27905,1.5128669,133.3356,837.9265,142.64746,1.2850456,-0.22782123,172.47191,39.136307
1.5-473-550,0.1216867469,0.2433734938,0.03282169734692774,-2.951293353e-05,1.5,473.0,550.0,475.43997,1.1148883,647.55164,634.36475,158.92477,0.6732063,-0.44168198,472.60446,-174.94717
1.5-473-550,0.3313253012,0.6626506024,0.9215172744995802,0.0008286188792,1.5,473.0,550.0,864.2416,1.6886219,68.59398,816.1465,-48.095093,1.1027513,-0.5858706,228.87477,160.28079
1.5-473-550,0.3120481928,0.6240963856,0.03282169735804886,2.951293354e-05,1.5,473.0,550.0,539.8,1.5710328,579.735,807.1098,267.3098,1.0633433,-0.5076895,244.54663,-335.18835
1.5-473-550,0.3783132531,0.7566265062,0.9215172744995802,-0.0008286188792,1.5,473.0,550.0,851.5662,1.9304938,70.37392,831.42676,-20.139465,1.1966783,-0.73381555,196.6348,126.26088
1.5-473-550,0.1927710843,0.3855421686,0.9973789933391554,0.0008968329585,1.5,473.0,550.0,1130.3162,0.06149797,46.34932,714.9991,-415.31708,0.8165886,0.7550906,373.28738,326.93805
1.5-473-550,0.148192771,0.296385542,0.9726063657286781,0.0008745576659,1.5,473.0,550.0,633.1216,0.7043899,434.12363,666.2808,33.15924,0.72613853,0.021748602,433.92365,-0.19998169
1.5-473-550,0.1144578313,0.2289156626,0.03282169735804886,2.951293354e-05,1.5,473.0,550.0,473.6026,1.1326892,649.28485,625.32336,151.72076,0.6588757,-0.47381353,483.45975,-165.8251
1.5-473-550,0.008163265274,0.016326530548,0.8902853188558087,-0.0008005354251,1.5,473.0,550.0,473.0,0.76015353,649.85333,479.37918,6.379181,0.45161283,-0.3085407,655.49646,5.6431274
1.5-473-550,0.2951807229,0.5903614458,0.9956514833048237,0.0008952795992,1.5,473.0,550.0,1167.3073,0.13876091,44.531815,797.8391,-369.46814,1.0285786,0.8898177,259.4614,214.92958
1.5-473-550,0.3915662651,0.7831325302,0.2914697156873968,0.0002620865781,1.5,473.0,550.0,622.3878,2.094264,456.17313,834.1008,211.71301,1.2224823,-0.8717817,188.98712,-267.186
1.5-473-550,0.4673469388,0.9346938776,0.5396442233296441,0.0004852425493,1.5,473.0,550.0,656.794,1.8350673,364.51266,837.6353,180.84131,1.3629619,-0.47210538,155.58948,-208.92319
1.5-473-550,0.3698795181,0.7397590362,0.03282169734692774,-2.951293353e-05,1.5,473.0,550.0,596.58905,1.896587,498.26245,829.3633,232.77423,1.1800863,-0.71650076,201.82109,-296.44135
1.5-473-550,0.4040816326,0.8081632652,0.9980223152919674,0.000897411427,1.5,473.0,550.0,841.7508,0.12537478,72.04202,836.0125,-5.7382812,1.2465314,1.1211566,182.30653,110.26451
1.5-473-550,0.1144578313,0.2289156626,0.2914697156873968,0.0002620865781,1.5,473.0,550.0,474.1087,1.1101834,648.80743,625.32336,151.21466,0.6588757,-0.45130765,483.45975,-165.34769
1.5-473-550,0.2301204819,0.4602409638,0.9531521908128958,-0.0008570646714,1.5,473.0,550.0,1063.6074,1.0258777,50.129868,750.2746,-313.33282,0.89356995,-0.13230777,327.3483,277.21844
1.5-473-550,0.1289156626,0.2578313252,0.6600967573005477,-0.0005935522321,1.5,473.0,550.0,487.04874,1.010152,636.1167,643.2664,156.21768,0.68758094,-0.32257104,461.87674,-174.23996
1.5-473-550,0.2445783133,0.4891566266,0.9973789933391554,0.0008968329585,1.5,473.0,550.0,1233.409,0.06953959,41.687546,762.4251,-470.98395,0.92356,0.8540204,310.87943,269.1919
1.5-473-550,0.4224489796,0.8448979592,0.6021818746711394,-0.0005414757638,1.5,473.0,550.0,655.0959,2.261037,371.3678,837.79926,182.70337,1.2812344,-0.9798027,173.39903,-197.96877
1.5-473-550,0.1060240963,0.2120481926,0.7525573838264147,-0.0006766918789,1.5,473.0,550.0,474.97034,0.93841016,647.9946,614.6053,139.63495,0.64220965,-0.2962005,496.28052,-151.71411
1.5-473-550,0.2204819277,0.4409638554,0.9071317792997667,-0.0008156835895,1.5,473.0,550.0,840.19165,1.431531,73.088135,741.6959,-98.49573,0.8736233,-0.55790764,338.74518,265.65704
1.5-473-550,0.06530612246,0.13061224492,0.8475322498919685,-0.0007620923041,1.5,473.0,550.0,473.0,0.832386,649.85333,560.53613,87.53613,0.5624303,-0.2699557,560.3623,-89.49103
1.5-473-550,0.3686746989,0.7373493978,0.9980223152919674,0.000897411427,1.5,473.0,550.0,1118.3239,0.083942935,46.968887,829.045,-289.27887,1.1777055,1.0937626,202.58278,155.61389
1.5-473-550,0.3337349398,0.6674698796,0.998978267368595,0.0008982710093,1.5,473.0,550.0,1154.129,0.03502141,45.15544,817.1602,-336.9688,1.1076473,1.0726259,227.01804,181.8626
1.5-473-550,0.3554216868,0.7108433736,0.9726063657286781,-0.0008745576659,1.5,473.0,550.0,1002.5118,1.0474849,54.289078,825.14764,-177.36414,1.1513542,0.10386932,211.3115,157.02242
1.5-473-550,0.05102040816,0.10204081632,0.9973789933391554,0.0008968329585,1.5,473.0,550.0,473.0,0.025910662,649.85333,540.75946,67.75946,0.53464675,0.5087361,583.62494,-66.22839
1.5-473-550,0.3771084338,0.7542168676,0.8902853188558087,-0.0008005354251,1.5,473.0,550.0,805.17145,2.0782819,78.86746,831.1495,25.978027,1.194316,-0.88396585,197.36023,118.49277
1.5-473-550,0.3072289157,0.6144578314,0.9844268823757469,0.0008851865532,1.5,473.0,550.0,1104.4398,0.5127724,47.71077,804.5914,-299.84845,1.0534334,0.54066104,248.69322,200.98245
1.5-473-550,0.3469879518,0.6939759036,0.7525573838264147,-0.0006766918789,1.5,473.0,550.0,655.0204,1.946047,371.60156,822.2824,167.26202,1.134438,-0.8116089,217.20659,-154.39497
1.5-473-550,0.2975903615,0.595180723,0.6600967573005477,0.0005935522321,1.5,473.0,550.0,612.09357,1.6640183,473.7471,799.2417,187.14813,1.0335578,-0.6304605,257.26184,-216.48526
1.5-473-550,0.3831325302,0.7662650604,0.7098470004029654,-0.0006382871403,1.5,473.0,550.0,657.6542,2.1625197,358.94467,832.4784,174.82422,1.2061006,-0.9564191,193.78384,-165.16083
1.5-473-550,0.0755102041,0.1510204082,0.9998257452316341,-0.0008990330527,1.5,473.0,550.0,473.0,0.0009972912,649.85333,574.4214,101.42139,0.58233136,0.58133405,543.9826,-105.87073
1.5-473-550,0.0102040816,0.0204081632,0.9996041060258503,0.000898833757,1.5,473.0,550.0,473.0,0.0029075604,649.85333,482.36365,9.363647,0.45556226,0.4526547,652.00934,2.1560059
1.5-473-550,0.3987951808,0.7975903616,0.47796385156444166,-0.0004297801918,1.5,473.0,550.0,638.471,2.2056222,422.68768,835.2759,196.80487,1.2364119,-0.96921027,185.0659,-237.62178
1.5-473-550,0.3108433735,0.621686747,0.960723235489121,-0.0008638724771,1.5,473.0,550.0,988.1558,1.1589996,55.435013,806.49,-181.66583,1.0608678,-0.098131776,245.57468,190.13966
1.5-473-550,0.1951807228,0.3903614456,0.9993254186825348,-0.0008985831642,1.5,473.0,550.0,1165.1725,0.014846609,44.62947,717.43604,-447.73645,0.82152635,0.8066797,370.18268,325.55322
1.5-473-550,0.1939759036,0.3879518072,0.9671530515086588,0.0008696541017,1.5,473.0,550.0,983.1956,0.70212686,55.84395,716.2202,-266.9754,0.8190569,0.11693007,371.73267,315.88873
1.5-473-550,0.3277108434,0.6554216868,0.5396442233296441,-0.0004852425493,1.5,473.0,550.0,604.7676,1.7530533,485.74338,814.5779,209.8103,1.0953937,-0.65765965,231.70227,-254.0411
1.5-473-550,0.1373493975,0.274698795,0.7525573838264147,-0.0006766918789,1.5,473.0,550.0,497.758,0.9848817,625.27893,653.468,155.71002,0.7044088,-0.28047287,449.52774,-175.75119
1.5-473-550,0.4081632653,0.8163265306,0.2914697156873968,0.0002620865781,1.5,473.0,550.0,632.8145,2.2031527,435.47592,836.51184,203.69733,1.2543048,-0.9488479,180.23714,-255.23878
1.5-473-550,0.3168674699,0.6337349398,0.9998257452316341,-0.0008990330527,1.5,473.0,550.0,1171.1967,0.0033742052,44.353928,809.52423,-361.67242,1.0732319,1.0698577,240.49171,196.13779
1.5-473-550,0.3783132531,0.7566265062,0.09831793589120096,8.840647929e-05,1.5,473.0,550.0,605.20135,1.9616072,485.15387,831.42676,226.2254,1.1966783,-0.76492894,196.6348,-288.51907
1.5-473-550,0.1144578313,0.2289156626,0.9215172744995802,0.0008286188792,1.5,473.0,550.0,500.90945,0.7485881,622.08966,625.32336,124.41391,0.6588757,-0.08971238,483.45975,-138.62991
1.5-473-550,0.2722891566,0.5445783132,0.9973789933391554,-0.0008968329585,1.5,473.0,550.0,1196.2996,0.07589261,43.226273,783.2174,-413.08215,0.9811321,0.90523946,281.49606,238.26979
1.5-473-550,0.2144578313,0.4289156626,0.7892004020960466,0.000709640905,1.5,473.0,550.0,573.66473,1.3178748,532.31586,736.1449,162.48016,0.8611816,-0.45669317,346.03354,-186.28232
1.5-473-550,0.2638554217,0.5277108434,0.29146971579860803,-0.0002620865782,1.5,473.0,550.0,526.6337,1.4336675,594.3934,777.24347,250.60974,0.96361166,-0.47005588,290.1289,-304.26447
1.5-473-550,0.3469879518,0.6939759036,0.8475322498919685,-0.0007620923041,1.5,473.0,550.0,729.05457,1.9902977,106.61725,822.2824,93.227844,1.134438,-0.85585964,217.20659,110.58934
1.5-473-550,0.3614457832,0.7228915664,0.9671530515086588,-0.0008696541017,1.5,473.0,550.0,973.3909,1.2250224,56.61873,827.00977,-146.38116,1.1633685,-0.06165397,207.26372,150.64499
1.5-473-550,0.278313253,0.556626506,0.9071317792997667,-0.0008156835895,1.5,473.0,550.0,833.0056,1.5912493,73.66051,787.29193,-45.713684,0.9936376,-0.5976117,275.4985,201.838
1.5-473-550,0.148192771,0.296385542,0.03282169734692774,-2.951293353e-05,1.5,473.0,550.0,486.13593,1.1080558,637.04047,666.2808,180.1449,0.72613853,-0.3819173,433.92365,-203.11682
1.5-473-550,0.3289156627,0.6578313254,0.6600967573005477,0.0005935522321,1.5,473.0,550.0,629.1452,1.8103311,442.62228,815.1072,185.96198,1.0978479,-0.71248317,230.7541,-211.86818
1.5-473-550,0.1361445783,0.2722891566,0.9844268823757469,0.0008851865532,1.5,473.0,550.0,653.72955,0.5531318,376.8839,652.023,-1.706543,0.70200104,0.14886922,451.28067,74.39676
1.5-473-550,0.3674698796,0.7349397592,0.9945113832197316,0.0008942544329,1.5,473.0,550.0,1102.0956,0.23781668,47.836044,828.7207,-273.37488,1.1753223,0.9375056,203.3497,155.51366
1.5-473-550,0.2036144577,0.4072289154,0.9844268823757469,-0.0008851865532,1.5,473.0,550.0,1169.2186,0.3815992,44.444412,725.79535,-443.42328,0.8388434,0.45724422,359.46512,315.0207
