case_id,x,x_over_L,r_over_R,r_signed,diameter,inlet_temperature,wall_heat_flux,true_temperature,true_u,true_density,pred_temperature,error_temperature,pred_u,error_u,pred_density,error_density
1.5-473-550,0.1867469879,0.3734939758,0.5396442233296441,0.0004852425493,1.5,473.0,550.0,512.5311,1.1686084,610.07544,616.4432,103.91205,0.98498017,-0.18362826,450.52484,-159.5506
1.5-473-550,0.2939759036,0.5879518072,0.9772248215579286,-0.000878710534,1.5,473.0,550.0,1077.6062,0.71169186,49.25489,853.2493,-224.35687,0.87946427,0.16777241,217.7141,168.4592
1.5-473-550,0.265060241,0.530120482,0.9442484491033019,-0.0008490585182,1.5,473.0,550.0,957.1903,1.2733581,58.09626,820.2374,-136.95288,0.8242617,-0.44909638,257.72568,199.62943
1.5-473-550,0.1204819277,0.2409638554,0.9945113832197316,-0.0008942544329,1.5,473.0,550.0,670.7812,0.2912915,250.21994,714.8101,44.02893,0.4009432,0.109651685,412.17282,161.95288
1.5-473-550,0.4020408163,0.8040816326,0.9442484492145131,-0.0008490585183,1.5,473.0,550.0,850.1838,1.8915957,70.67533,899.83014,49.646362,1.188635,-0.7029607,135.35886,64.683525
1.5-473-550,0.3722891567,0.7445783134,0.8902853188558087,-0.0008005354251,1.5,473.0,550.0,804.8726,2.0452416,78.944756,872.3154,67.44281,1.1722383,-0.87300324,166.25262,87.30787
1.5-473-550,0.2843373494,0.5686746988,0.9895407848051817,-0.0008897849218,1.5,473.0,550.0,1148.2205,0.32159087,45.446724,850.1358,-298.08466,0.83922,0.51762915,225.23009,179.78336
1.5-473-550,0.2891566265,0.578313253,0.9671530515086588,0.0008696541017,1.5,473.0,550.0,1031.3419,0.9631761,52.21073,846.53644,-184.80548,0.8748004,-0.08837569,225.16583,172.95511
1.5-473-550,0.4428571429,0.8857142858,0.998978267368595,0.0008982710093,1.5,473.0,550.0,667.5624,0.05760827,279.71997,924.6177,257.0553,1.2213881,1.1637799,105.01215,-174.70782
1.5-473-550,0.3168674699,0.6337349398,0.5396442233296441,0.0004852425493,1.5,473.0,550.0,597.118,1.699946,497.29327,717.7077,120.58972,1.3573805,-0.34256554,306.24725,-191.04602
1.5-473-550,0.4,0.8,0.6603133567468745,0.0005937469961,1.5,473.0,550.0,655.9245,2.291082,368.0228,813.75977,157.83527,1.4260529,-0.865029,199.3703,-168.6525
1.5-473-550,0.1831325301,0.3662650602,0.9531521908128958,-0.0008570646714,1.5,473.0,550.0,740.531,0.8926435,102.16558,752.2613,11.730286,0.57711434,-0.31552917,354.16858,252.00299
1.5-473-550,0.1156626505,0.231325301,0.5396442233296441,-0.0004852425493,1.5,473.0,550.0,476.6313,1.048576,646.4278,575.74725,99.11597,0.78291196,-0.26566404,514.00525,-132.42255
1.5-473-550,0.2530120482,0.5060240964,0.9915009044774012,0.0008915474413,1.5,473.0,550.0,1189.8553,0.23669453,43.501503,826.0657,-363.78967,0.7434942,0.5067997,260.30612,216.80463
1.5-473-550,0.2421686747,0.4843373494,0.9993254186825348,0.0008985831642,1.5,473.0,550.0,1247.0807,0.01605316,41.1457,819.5116,-427.5691,0.70410687,0.6880537,271.2692,230.1235
1.5-473-550,0.1855421686,0.3710843372,0.7525573838264147,0.0006766918789,1.5,473.0,550.0,533.1109,1.1294621,587.1907,684.5227,151.4118,0.7718376,-0.35762453,402.94632,-184.24435
1.5-473-550,0.4591836735,0.918367347,0.7525573838264147,0.0006766918789,1.5,473.0,550.0,659.2175,1.6564691,354.7289,865.695,206.47748,1.4418766,-0.21459246,142.74301,-211.9859
1.5-473-550,0.02244897957,0.04489795914,0.9844268823757469,-0.0008851865532,1.5,473.0,550.0,473.0,0.14652498,649.85333,653.72217,180.72217,0.26731703,0.120792046,491.3374,-158.51593
1.5-473-550,0.191566265,0.38313253,0.9726063657286781,-0.0008745576659,1.5,473.0,550.0,975.40533,0.6130002,56.491127,766.21515,-209.19019,0.58309156,-0.029908657,339.1589,282.6678
1.5-473-550,0.1662650602,0.3325301204,0.9811301446957078,-0.0008822221605,1.5,473.0,550.0,800.4612,0.47762808,79.66988,747.15594,-53.305237,0.51096773,0.03333965,366.61966,286.94977
1.5-473-550,0.3313253012,0.6626506024,0.5396442233296441,0.0004852425493,1.5,473.0,550.0,607.1256,1.7711611,481.97275,728.8383,121.71271,1.3901001,-0.38106096,291.23303,-190.73972
1.5-473-550,0.3457831326,0.6915662652,0.9956514833048237,0.0008952795992,1.5,473.0,550.0,1128.2635,0.16783817,46.437782,890.52966,-237.73389,1.0076869,0.8398487,165.09805,118.66027
1.5-473-550,0.2831325301,0.5662650602,0.03282169734692774,-2.951293353e-05,1.5,473.0,550.0,526.77856,1.4775287,594.2323,568.06915,41.29059,1.5604875,0.08295882,439.30588,-154.92642
1.5-473-550,0.2975903615,0.595180723,0.3542741439827602,-0.0003185596757,1.5,473.0,550.0,549.6622,1.5532156,567.6807,646.1557,96.49353,1.4445252,-0.10869038,370.58374,-197.09698
1.5-473-550,0.03469387754,0.06938775508,0.8475322498919685,0.0007620923041,1.5,473.0,550.0,473.0,0.8050288,649.85333,623.7361,150.73608,0.369427,-0.4356018,510.12244,-139.7309
1.5-473-550,0.07346938777,0.14693877554,0.9945113832197316,0.0008942544329,1.5,473.0,550.0,473.0,0.05618926,649.85333,683.1261,210.1261,0.32256445,0.26637518,453.992,-195.86133
1.5-473-550,0.03469387754,0.06938775508,0.9985491866279087,0.0008978851843,1.5,473.0,550.0,473.0,0.013315221,649.85333,663.08386,190.08386,0.2717357,0.25842047,480.99597,-168.85736
1.5-473-550,0.1361445783,0.2722891566,0.4163512323516047,-0.0003743787567,1.5,473.0,550.0,484.2104,1.0737606,638.9891,555.5912,71.3808,0.94858855,-0.12517208,517.5991,-121.38995
1.5-473-550,0.4938775511,0.9877551022,0.9985491866279087,-0.0008978851843,1.5,473.0,550.0,657.493,0.07508268,361.69086,932.3773,274.88434,1.304411,1.2293284,86.75625,-274.9346
1.5-473-550,0.2240963855,0.448192771,0.9337895728803226,0.000839654004,1.5,473.0,550.0,979.1677,1.2608693,56.264137,781.629,-197.5387,0.71034414,-0.5505251,309.6384,253.37427
1.5-473-550,0.2951807229,0.5903614458,0.9956514833048237,-0.0008952795992,1.5,473.0,550.0,1167.3073,0.138761,44.531837,859.87573,-307.43152,0.8655901,0.7268291,212.3227,167.79086
1.5-473-550,0.3843373495,0.768674699,0.998978267368595,0.0008982710093,1.5,473.0,550.0,1107.9937,0.046346866,47.52088,908.2474,-199.74628,1.1004056,1.0540587,136.24353,88.72265
1.5-473-550,0.1939759036,0.3879518072,0.22784103821928303,0.0002048723241,1.5,473.0,550.0,505.68872,1.2206755,617.25305,547.42944,41.740723,1.2571652,0.036489725,493.7102,-123.54285
1.5-473-550,0.2831325301,0.5662650602,0.9531521909241071,0.0008570646715,1.5,473.0,550.0,975.20734,1.2088019,56.486122,837.4637,-137.74365,0.87027115,-0.33853072,235.03665,178.55054
1.5-473-550,0.4102040816,0.8204081632,0.9337895728803226,0.000839654004,1.5,473.0,550.0,759.21014,1.8555906,91.06394,899.7005,140.49036,1.2145933,-0.6409973,132.57669,41.51275
1.5-473-550,0.1469879518,0.2939759036,0.7525573838264147,-0.0006766918789,1.5,473.0,550.0,504.5166,1.0042142,618.4392,655.8887,151.37207,0.6642004,-0.34001374,443.91147,-174.52774
1.5-473-550,0.3530120482,0.7060240964,0.29146971579860803,-0.0002620865782,1.5,473.0,550.0,591.33875,1.8136603,505.7978,671.18634,79.847595,1.5857252,-0.22793508,329.48016,-176.31763
1.5-473-550,0.3566265061,0.7132530122,0.9945113832197316,0.0008942544329,1.5,473.0,550.0,1112.0148,0.22483195,47.306007,895.4972,-216.51758,1.0369145,0.8120825,156.69962,109.39361
1.5-473-550,0.4224489796,0.8448979592,0.9973789934503665,-0.0008968329586,1.5,473.0,550.0,705.01843,0.18153091,121.451805,919.5815,214.56305,1.1839159,1.0023849,114.75251,-6.699295
1.5-473-550,0.0102040816,0.0204081632,0.9531521908128958,-0.0008570646714,1.5,473.0,550.0,473.0,0.4232706,649.85333,640.75146,167.75146,0.27384868,-0.14942193,504.10397,-145.74936
1.5-473-550,0.1493975903,0.2987951806,0.9872047710533666,-0.0008876844022,1.5,473.0,550.0,738.84735,0.41884997,99.017876,735.0924,-3.7549438,0.46662962,0.04777965,383.92096,284.90308
1.5-473-550,0.395180723,0.790361446,0.03282169734692774,-2.951293353e-05,1.5,473.0,550.0,617.9369,2.1022122,464.19873,642.3486,24.411682,1.729355,-0.3728572,344.51266,-119.686066
1.5-473-550,0.104819277,0.209638554,0.6021818746711394,-0.0005414757638,1.5,473.0,550.0,473.2352,1.0383072,649.6314,587.18494,113.94974,0.69885224,-0.33945495,511.08667,-138.54474
1.5-473-550,0.05918367348,0.11836734696,0.9973789933391554,0.0008968329585,1.5,473.0,550.0,473.0,0.026261946,649.85333,675.626,202.62598,0.30137333,0.27511138,464.30884,-185.5445
1.5-473-550,0.2879518072,0.5759036144,0.7098470004029654,-0.0006382871403,1.5,473.0,550.0,620.696,1.6434749,458.6981,754.7125,134.01654,1.1277739,-0.51570106,292.90295,-165.79514
1.5-473-550,0.3903614458,0.7807228916,0.9671530515086588,-0.0008696541017,1.5,473.0,550.0,948.2779,1.4250561,58.84867,901.9356,-46.342285,1.142858,-0.28219807,138.23418,79.385506
1.5-473-550,0.1855421686,0.3710843372,0.7892004020960466,-0.000709640905,1.5,473.0,550.0,540.848,1.1199418,578.3578,697.28217,156.43414,0.73568505,-0.38425678,393.67972,-184.67807
1.5-473-550,0.3987951807,0.7975903614,0.9671530516198701,-0.0008696541018,1.5,473.0,550.0,941.0341,1.5027689,59.54673,904.8899,-36.144226,1.1613648,-0.34140408,133.02759,73.48086
1.5-473-550,0.1373493975,0.274698795,0.4163512326852384,0.000374378757,1.5,473.0,550.0,484.7816,1.0744156,638.4111,556.15656,71.37497,0.95194167,-0.122473896,516.6568,-121.75427
1.5-473-550,0.09387755105,0.1877551021,0.9965972946963587,0.0008961300631,1.5,473.0,550.0,473.0,0.034333073,649.85333,696.66895,223.66895,0.3523458,0.3180127,436.47586,-213.37747
1.5-473-550,0.3144578314,0.6289156628,0.9337895728803226,0.000839654004,1.5,473.0,550.0,898.4203,1.5329269,64.15232,853.4142,-45.006104,0.9808493,-0.5520776,206.70978,142.55746
1.5-473-550,0.3975903615,0.795180723,0.6600967573005477,0.0005935522321,1.5,473.0,550.0,655.24774,2.2711532,370.75494,812.3971,157.14935,1.4222584,-0.84889483,201.21776,-169.53719
1.5-473-550,0.1253012048,0.2506024096,0.9772248215579286,0.000878710534,1.5,473.0,550.0,583.7302,0.57148534,516.5715,713.0108,129.28058,0.42288992,-0.14859542,411.55756,-105.013916
1.5-473-550,0.2012048193,0.4024096386,0.9772248215579286,0.000878710534,1.5,473.0,550.0,1126.0778,0.519606,46.558174,776.27924,-349.79852,0.6054926,0.0858866,326.38132,279.82315
1.5-473-550,0.2686746988,0.5373493976,0.9965972946963587,0.0008961300631,1.5,473.0,550.0,1197.2126,0.09796759,43.187477,840.39716,-356.8155,0.7857923,0.6878247,240.99713,197.80966
1.5-473-550,0.395180723,0.790361446,0.9872047710533666,0.0008876844022,1.5,473.0,550.0,1032.9977,0.68512815,52.093117,908.9696,-124.028076,1.1355749,0.45044678,131.56387,79.47076
1.5-473-550,0.1650602409,0.3301204818,0.9956514833048237,0.0008952795992,1.5,473.0,550.0,899.10175,0.11353888,64.00315,750.909,-148.19275,0.4965735,0.38303462,364.33035,300.3272
1.5-473-550,0.3120481928,0.6240963856,0.9772248215579286,-0.000878710534,1.5,473.0,550.0,1064.1111,0.7519395,50.066933,865.5596,-198.55151,0.93207645,0.18013698,199.31302,149.2461
1.5-473-550,0.2903614458,0.5807228916,0.9872047710533666,-0.0008876844022,1.5,473.0,550.0,1131.6853,0.40099403,46.26191,853.80756,-277.87775,0.8593155,0.45832148,219.28427,173.02237
1.5-473-550,0.2638554217,0.5277108434,0.993141646395439,-0.0008930227796,1.5,473.0,550.0,1187.1006,0.19605382,43.626595,835.4538,-351.6468,0.77452004,0.57846624,247.30649,203.6799
1.5-473-550,0.05510204082,0.11020408164,0.9915009044774012,-0.0008915474413,1.5,473.0,550.0,473.0,0.08704444,649.85333,671.7623,198.76233,0.29982522,0.21278077,468.51483,-181.3385
1.5-473-550,0.1012048192,0.2024096384,0.8902853189670199,-0.0008005354252,1.5,473.0,550.0,473.81305,0.7424642,649.08636,669.43665,195.6236,0.44210222,-0.30036196,454.3546,-194.73175
1.5-473-550,0.1975903614,0.3951807228,0.3542741439827602,-0.0003185596757,1.5,473.0,550.0,509.64078,1.2339172,613.229,575.1637,65.52292,1.1777891,-0.056128144,473.02454,-140.20447
1.5-473-550,0.221686747,0.443373494,0.4163512326852384,0.000374378757,1.5,473.0,550.0,519.5453,1.3245445,602.27563,606.3241,86.77881,1.1994952,-0.12504935,438.2569,-164.01874
1.5-473-550,0.04897959184,0.09795918368,0.8206166047262803,-0.0007378900321,1.5,473.0,550.0,473.0,0.86254764,649.85333,622.4334,149.43341,0.40839067,-0.45415697,506.867,-142.98633
1.5-473-550,0.3421686747,0.6843373494,0.9985491866279087,0.0008978851843,1.5,473.0,550.0,1145.0652,0.052926682,45.602272,889.49695,-255.56824,0.9953822,0.94245553,167.51462,121.912346
1.5-473-550,0.1638554216,0.3277108432,0.9772248215579286,0.000878710534,1.5,473.0,550.0,758.43036,0.5743717,91.51037,743.828,-14.602356,0.5082282,-0.06614351,370.34668,278.8363
1.5-473-550,0.4224489796,0.8448979592,0.9998257452316341,-0.0008990330527,1.5,473.0,550.0,705.0219,0.006864509,121.44834,920.18097,215.15906,1.1818168,1.1749523,114.34571,-7.1026306
1.5-473-550,0.2542168675,0.508433735,0.8475322498919685,0.0007620923041,1.5,473.0,550.0,672.49554,1.5835941,244.871,777.0888,104.59326,0.886645,-0.69694906,295.56012,50.689117
1.5-473-550,0.4551020408,0.9102040816,0.960723235489121,0.0008638724771,1.5,473.0,550.0,661.79724,1.1186212,334.49435,917.9933,256.19604,1.2740622,0.15544093,106.08718,-228.40717
1.5-473-550,0.03061224488,0.06122448976,0.9965972946963587,-0.0008961300631,1.5,473.0,550.0,473.0,0.032032393,649.85333,660.60376,187.60376,0.26854232,0.23650992,483.98456,-165.86877
1.5-473-550,0.07755102043,0.15510204086,0.7098470004029654,-0.0006382871403,1.5,473.0,550.0,473.0,0.99112594,649.85333,604.4195,131.4195,0.54480916,-0.44631678,510.01358,-139.83975
1.5-473-550,0.4979591837,0.9959183674,0.9337895729915338,-0.0008396540041,1.5,473.0,550.0,657.3772,1.2955183,362.1582,918.7926,261.4154,1.3583207,0.062802434,95.230156,-266.92804
1.5-473-550,0.4306122449,0.8612244898,0.998978267368595,-0.0008982710093,1.5,473.0,550.0,683.30524,0.06089767,159.47713,921.9532,238.64795,1.1985013,1.1376036,110.529366,-48.94776
1.5-473-550,0.08163265309,0.16326530618,0.993141646395439,0.0008930227796,1.5,473.0,550.0,473.0,0.07036408,649.85333,687.7469,214.74689,0.33542934,0.26506525,447.6861,-202.16724
1.5-473-550,0.3457831326,0.6915662652,0.3542741439827602,-0.0003185596757,1.5,473.0,550.0,590.75836,1.7850803,506.54828,682.7954,92.03705,1.5414739,-0.24360645,322.25766,-184.29062
1.5-473-550,0.4979591837,0.9959183674,0.9989782674798061,-0.0008982710094,1.5,473.0,550.0,657.4045,0.05149188,362.04813,932.9115,275.50702,1.309889,1.2583971,85.50857,-276.53955
1.5-473-550,0.104819277,0.209638554,0.3542741437603377,0.0003185596755,1.5,473.0,550.0,473.01923,1.1264834,649.8352,529.96674,56.94751,0.9175684,-0.20891505,547.774,-102.06122
1.5-473-550,0.4387755102,0.8775510204,0.9772248215579286,-0.000878710534,1.5,473.0,550.0,670.5001,0.9744412,252.3202,918.54926,248.04913,1.2320683,0.25762713,110.353325,-141.96689
1.5-473-550,0.3915662651,0.7831325302,0.9895407848051817,0.0008897849218,1.5,473.0,550.0,1050.4003,0.54475176,50.939857,908.34393,-142.05634,1.1254206,0.5806688,133.36223,82.42237
1.5-473-550,0.0102040816,0.0204081632,0.7525573838264147,0.0006766918789,1.5,473.0,550.0,473.0,1.0068343,649.85333,591.8482,118.848206,0.40593514,-0.6008991,539.02563,-110.8277
1.5-473-550,0.191566265,0.38313253,0.9726063657286781,0.0008745576659,1.5,473.0,550.0,975.40515,0.61300033,56.491127,766.21515,-209.19,0.58309156,-0.029908776,339.1589,282.6678
1.5-473-550,0.321686747,0.643373494,0.9071317792997667,-0.0008156835895,1.5,473.0,550.0,835.4343,1.734862,73.1507,849.4628,14.028503,1.0272006,-0.7076614,205.84201,132.69131
1.5-473-550,0.1180722891,0.2361445782,0.9931416465066502,-0.0008930227797,1.5,473.0,550.0,651.49896,0.3140984,385.5834,712.60144,61.102478,0.39732036,0.08322197,414.86264,29.279236
1.5-473-550,0.2277108434,0.4554216868,0.09831793590232207,-8.84064793e-05,1.5,473.0,550.0,514.31964,1.339801,608.0866,545.02686,30.707214,1.4154886,0.07568765,479.26697,-128.81964
1.5-473-550,0.365060241,0.730120482,0.9772248215579286,0.000878710534,1.5,473.0,550.0,1015.35767,0.9387923,53.337685,894.4989,-120.858765,1.0741378,0.13534552,153.68355,100.34586
1.5-473-550,0.3506024097,0.7012048194,0.9872047710533666,0.0008876844022,1.5,473.0,550.0,1081.5896,0.507424,49.018257,890.53656,-191.05304,1.028205,0.52078104,162.8632,113.84495
1.5-473-550,0.2927710844,0.5855421688,0.9895407848051817,0.0008897849218,1.5,473.0,550.0,1140.8092,0.3316355,45.81211,856.26965,-284.53955,0.8642385,0.532603,216.20699,170.39487
1.5-473-550,0.2204819277,0.4409638554,0.3542741437603377,0.0003185596755,1.5,473.0,550.0,516.99115,1.3218917,605.11584,589.9284,72.937256,1.2439625,-0.07792914,450.56668,-154.54916
1.5-473-550,0.3903614458,0.7807228916,0.9772248215579286,0.000878710534,1.5,473.0,550.0,989.2022,1.1018214,55.331062,904.64856,-84.55365,1.1337832,0.0319618,136.3616,81.03054
1.5-473-550,0.2879518072,0.5759036144,0.9985491866279087,-0.0008978851843,1.5,473.0,550.0,1186.4879,0.043411337,43.65464,855.6174,-330.87054,0.8415231,0.7981118,219.30574,175.6511
1.5-473-550,0.4367346939,0.8734693878,0.8705746216627653,-0.0007828117684,1.5,473.0,550.0,669.67017,1.5630496,259.8974,890.7501,221.07996,1.3170027,-0.2460469,130.4647,-129.4327
1.5-473-550,0.02653061223,0.05306122446,0.03282169735804886,2.951293354e-05,1.5,473.0,550.0,473.0,1.22343,649.85333,467.44336,-5.5566406,0.9733371,-0.25009292,610.04987,-39.803467
1.5-473-550,0.3674698796,0.7349397592,0.993141646395439,0.0008930227796,1.5,473.0,550.0,1095.2158,0.29783234,48.226112,899.9749,-195.2409,1.0653778,0.76754546,148.86646,100.64034
1.5-473-550,0.1072289156,0.2144578312,0.9872047710533666,0.0008876844022,1.5,473.0,550.0,583.7735,0.3018944,516.0601,702.98206,119.20856,0.38154718,0.079652786,426.59116,-89.46896
1.5-473-550,0.1963855422,0.3927710844,0.9956514833048237,0.0008952795992,1.5,473.0,550.0,1155.2974,0.107451044,45.097847,778.1889,-377.10846,0.57672197,0.4692709,327.51794,282.4201
1.5-473-550,0.3072289157,0.6144578314,0.8475322498919685,-0.0007620923041,1.5,473.0,550.0,708.5955,1.8111926,128.05598,819.33435,110.73883,1.0455409,-0.7656517,235.08656,107.03058
1.5-473-550,0.4816326531,0.9632653062,0.9999999997775775,-0.0008991897406,1.5,473.0,550.0,658.0003,2.077271e-08,359.64264,931.2169,273.2166,1.2852054,1.2852054,90.32749,-269.31516
1.5-473-550,0.05306122449,0.10612244898,0.998978267368595,-0.0008982710093,1.5,473.0,550.0,473.0,0.009608468,649.85333,672.68427,199.68427,0.29267308,0.2830646,468.41977,-181.43356
1.5-473-550,0.07755102043,0.15510204086,0.9071317792997667,-0.0008156835895,1.5,473.0,550.0,473.0,0.69103956,649.85333,660.4441,187.44409,0.38846532,-0.30257425,469.78488,-180.06845
1.5-473-550,0.1493975903,0.2987951806,0.9945113832197316,-0.0008942544329,1.5,473.0,550.0,797.34766,0.1819718,80.36526,737.4545,-59.893127,0.46107078,0.279099,382.1015,301.73624
1.5-473-550,0.1144578313,0.2289156626,0.8705746216627653,0.0007828117684,1.5,473.0,550.0,490.62653,0.8395612,632.496,671.8296,181.20306,0.48383304,-0.35572818,447.20334,-185.29263
1.5-473-550,0.09183673473,0.18367346946,0.6021818746711394,-0.0005414757638,1.5,473.0,550.0,473.0,1.0605718,649.85333,581.5608,108.56079,0.6687952,-0.39177656,520.1459,-129.70746
1.5-473-550,0.1036144578,0.2072289156,0.6600967573005477,0.0005935522321,1.5,473.0,550.0,473.18213,1.0089788,649.6815,602.50476,129.32263,0.643409,-0.36556983,501.19864,-148.48288
1.5-473-550,0.1891566265,0.378313253,0.9531521909241071,0.0008570646715,1.5,473.0,550.0,819.0836,0.9026656,76.430214,757.5056,-61.578003,0.59326017,-0.30940545,347.02594,270.59573
1.5-473-550,0.4163265306,0.8326530612,0.9998257452316341,-0.0008990330527,1.5,473.0,550.0,731.17896,0.0070286007,102.88874,918.5844,187.40546,1.1694679,1.1624393,117.46572,14.576981
1.5-473-550,0.4,0.8,0.99738047267098,-0.0008968342887,1.5,473.0,550.0,1024.9235,0.14710625,53.446968,913.18646,-111.737,1.1371144,0.9900082,126.89306,73.44609
1.5-473-550,0.1012048192,0.2024096384,0.09831793590232207,-8.84064793e-05,1.5,473.0,550.0,473.0,1.1769576,649.85333,489.99228,16.99228,1.0979369,-0.07902074,571.9459,-77.90741
1.5-473-550,0.4306122449,0.8612244898,0.9895407848051817,0.0008897849218,1.5,473.0,550.0,683.14685,0.64458895,159.91248,919.66705,236.5202,1.206494,0.561905,112.08318,-47.829292
1.5-473-550,0.2277108433,0.4554216866,0.998978267368595,0.0008982710093,1.5,473.0,550.0,1285.0776,0.023614785,39.92301,806.9342,-478.14343,0.6619676,0.6383528,288.74167,248.81866
1.5-473-550,0.2843373494,0.5686746988,0.6600967573005477,-0.0005935522321,1.5,473.0,550.0,602.5166,1.6018808,488.98932,733.68524,131.16864,1.1658632,-0.43601763,310.45447,-178.53485
1.5-473-550,0.4326530612,0.8653061224,0.9999999997775775,0.0008991897406,1.5,473.0,550.0,679.2393,2.077271e-08,178.74187,922.6671,243.4278,1.2015402,1.2015402,109.40951,-69.33236
1.5-473-550,0.1216867469,0.2433734938,0.7098470004029654,-0.0006382871403,1.5,473.0,550.0,484.67603,0.98148215,638.5178,626.54865,141.87262,0.6404648,-0.34101737,476.69388,-161.82394
1.5-473-550,0.4489795918,0.8979591836,0.6600967573005477,0.0005935522321,1.5,473.0,550.0,659.3801,1.7780234,354.0335,836.5471,177.16699,1.4951941,-0.28282928,167.5415,-186.492
1.5-473-550,0.3891566266,0.7783132532,0.960723235489121,0.0008638724771,1.5,473.0,550.0,928.8826,1.5611979,60.77015,899.74225,-29.14038,1.1459702,-0.41522765,140.21613,79.44598
1.5-473-550,0.0,0.0,0.8207308238897558,-0.0007379927368,1.5,473.0,550.0,473.0,0.90842825,649.85333,605.1678,132.16779,0.34719077,-0.56123745,532.222,-117.63135
1.5-473-550,0.4877551021,0.9755102042,0.9215172744995802,-0.0008286188792,1.5,473.0,550.0,657.6062,1.3465701,361.23392,914.53235,256.92615,1.3538386,0.007268429,100.43412,-260.7998
1.5-473-550,0.4183673469,0.8367346938,0.8902853187445975,0.000800535425,1.5,473.0,550.0,707.2859,1.9449608,119.37759,890.48096,183.19507,1.268074,-0.6768868,136.34851,16.970924
1.5-473-550,0.4999999851,0.9999999702,0.6024353944675255,0.0005417037262,1.5,473.0,550.0,657.1973,1.7995625,362.88437,839.96356,182.76624,1.5820054,-0.21755707,153.6395,-209.24487
1.5-473-550,0.2626506024,0.5253012048,0.3542741439827602,-0.0003185596757,1.5,473.0,550.0,529.1701,1.4343795,591.5728,619.8068,90.63672,1.3594643,-0.07491517,407.07822,-184.4946
1.5-473-550,0.1493975903,0.2987951806,0.9998257452316341,-0.0008990330527,1.5,473.0,550.0,836.1574,0.003272733,72.83112,739.16754,-96.98987,0.45706353,0.45379078,380.77948,307.94836
1.5-473-550,0.0,0.0,0.9811419876911479,-0.0008822328096,1.5,473.0,550.0,473.0,0.90842825,649.85333,643.51,170.51001,0.24847658,-0.6599517,504.4527,-145.40063
1.5-473-550,0.1180722891,0.2361445782,0.9965972946963587,0.0008961300631,1.5,473.0,550.0,679.7073,0.19851275,177.38008,713.6692,33.961914,0.39487818,0.19636543,414.0367,236.65663
1.5-473-550,0.4244897959,0.8489795918,0.9980223152919674,-0.000897411427,1.5,473.0,550.0,698.5084,0.13275363,128.96658,920.25116,221.74274,1.1874038,1.0546502,113.63372,-15.332863
1.5-473-550,0.06530612246,0.13061224492,0.7892004020960466,0.000709640905,1.5,473.0,550.0,473.0,0.9143404,649.85333,620.9161,147.91608,0.45785952,-0.45648086,502.7224,-147.13092
1.5-473-550,0.1710843373,0.3421686746,0.8206166047262803,0.0007378900321,1.5,473.0,550.0,534.5188,1.0428625,585.6251,696.576,162.05719,0.66448444,-0.3783781,402.02646,-183.59866
1.5-473-550,0.1144578313,0.2289156626,0.9844268823757469,-0.0008851865532,1.5,473.0,550.0,587.1442,0.4138984,511.5939,707.2759,120.13165,0.39670828,-0.017190129,420.43082,-91.163086
1.5-473-550,0.008163265274,0.016326530548,0.9726063657286781,0.0008745576659,1.5,473.0,550.0,473.0,0.2602273,649.85333,644.6948,171.69482,0.26053944,0.00031214952,501.6585,-148.19482
1.5-473-550,0.1951807228,0.3903614456,0.9980223152919674,-0.000897411427,1.5,473.0,550.0,1159.2319,0.047258876,44.907295,777.9115,-381.32043,0.5715078,0.52424896,328.36707,283.45978
1.5-473-550,0.0612244898,0.1224489796,0.9973789933391554,0.0008968329585,1.5,473.0,550.0,473.0,0.026296338,649.85333,676.7759,203.77588,0.3040217,0.27772534,462.7951,-187.05823
1.5-473-550,0.3759036145,0.751807229,0.9337895728803226,0.000839654004,1.5,473.0,550.0,874.1369,1.8171577,67.151375,886.8493,12.712402,1.1403491,-0.6768086,154.4729,87.321526
1.5-473-550,0.3325301205,0.665060241,0.47796385156444166,0.0004297801918,1.5,473.0,550.0,597.3698,1.753471,496.99002,709.70184,112.33203,1.4385133,-0.31495774,305.68472,-191.3053
1.5-473-550,0.3108433735,0.621686747,0.9872047710533666,0.0008876844022,1.5,473.0,550.0,1116.0953,0.42827085,47.08796,867.8444,-248.25092,0.91913205,0.4908612,198.32286,151.2349
1.5-473-550,0.3457831326,0.6915662652,0.6600967573005477,0.0005935522321,1.5,473.0,550.0,636.32385,1.8966713,427.5138,780.506,144.18213,1.3222826,-0.57438874,245.33128,-182.18251
1.5-473-550,0.1746987951,0.3493975902,0.9996041061370615,-0.0008988337571,1.5,473.0,550.0,978.4209,0.008018514,56.202065,760.4819,-217.93903,0.517086,0.50906754,352.22693,296.02487
1.5-473-550,0.4224489796,0.8448979592,0.8475322498919685,0.0007620923041,1.5,473.0,550.0,688.99756,1.9942234,144.92436,879.9372,190.93964,1.3116891,-0.6825342,142.60829,-2.3160706
1.5-473-550,0.4571428571,0.9142857142,0.9895407848051817,0.0008897849218,1.5,473.0,550.0,661.4594,0.5526507,337.70413,925.13635,263.67694,1.2541767,0.70152605,100.63941,-237.06473
1.5-473-550,0.1795180723,0.3590361446,0.9671530515086588,-0.0008696541017,1.5,473.0,550.0,794.22955,0.7184051,81.531395,753.8601,-40.369446,0.5557866,-0.16261852,354.83426,273.30286
1.5-473-550,0.3759036145,0.751807229,0.9956514833048237,-0.0008952795992,1.5,473.0,550.0,1100.0182,0.19778617,47.94831,904.1389,-195.87927,1.0835474,0.8857612,142.46489,94.51658
1.5-473-550,0.3493975904,0.6987951808,0.2914697156873968,0.0002620865781,1.5,473.0,550.0,587.9975,1.7913446,510.42523,668.5185,80.520996,1.5798391,-0.21150553,332.8665,-177.55875
1.5-473-550,0.4530612245,0.906122449,0.999825745120423,0.0008990330526,1.5,473.0,550.0,662.6958,0.0054421634,325.9572,926.7754,264.0796,1.2388316,1.2333895,100.64318,-225.31403
1.5-473-550,0.265060241,0.530120482,0.9811301448069191,0.0008822221606,1.5,473.0,550.0,1129.5145,0.53103566,46.371376,832.51807,-296.99646,0.7892878,0.25825214,248.76704,202.39566
1.5-473-550,0.03673469387,0.07346938774,0.9945113832197316,-0.0008942544329,1.5,473.0,550.0,473.0,0.053199433,649.85333,663.0367,190.03668,0.2763528,0.22315335,480.47406,-169.37927
1.5-473-550,0.1301204819,0.2602409638,0.7525573838264147,-0.0006766918789,1.5,473.0,550.0,492.7278,0.9719965,630.36945,644.783,152.0552,0.6216486,-0.35034788,459.93787,-170.43158
1.5-473-550,0.01836734691,0.03673469382,0.9337895728803226,-0.000839654004,1.5,473.0,550.0,473.0,0.54022413,649.85333,639.2312,166.2312,0.29367945,-0.24654469,503.20358,-146.64975
1.5-473-550,0.2,0.4,0.960723235489121,-0.0008638724771,1.5,473.0,550.0,1021.7171,0.82121325,52.919167,769.618,-252.09912,0.6164552,-0.20475805,332.05917,279.14
1.5-473-550,0.3903614458,0.7807228916,0.9956514833048237,0.0008952795992,1.5,473.0,550.0,1083.9393,0.22269572,48.88166,909.52844,-174.41089,1.1172185,0.8945228,133.01436,84.1327
1.5-473-550,0.3204819277,0.6409638554,0.3542741437603377,0.0003185596755,1.5,473.0,550.0,568.7446,1.6523203,541.88214,663.65155,94.90692,1.4936563,-0.15866399,347.1864,-194.69574
1.5-473-550,0.126506024,0.253012048,0.9726063657286781,0.0008745576659,1.5,473.0,550.0,571.2468,0.6134306,537.78235,712.4601,141.21326,0.42872584,-0.18470478,411.47073,-126.311615
1.5-473-550,0.1975903614,0.3951807228,0.9215172744995802,0.0008286188792,1.5,473.0,550.0,742.17267,1.1937909,105.30334,753.9926,11.819946,0.64465845,-0.54913247,345.1078,239.80444
1.5-473-550,0.2457831325,0.491566265,0.09831793590232207,-8.84064793e-05,1.5,473.0,550.0,518.4464,1.3839372,603.4976,555.5911,37.144714,1.4576476,0.07371032,463.54794,-139.94968
1.5-473-550,0.4632653061,0.9265306122,0.29146971579860803,-0.0002620865782,1.5,473.0,550.0,653.6613,1.9716437,377.15933,744.91437,91.25305,1.7092009,-0.26244283,239.75581,-137.40352
1.5-473-550,0.2530120482,0.5060240964,0.9998257452316341,-0.0008990330527,1.5,473.0,550.0,1225.9236,0.0027455299,41.98423,828.77594,-397.14764,0.73592377,0.73317826,258.31528,216.33105
1.5-473-550,0.04081632652,0.08163265304,0.9985491866279087,-0.0008978851843,1.5,473.0,550.0,473.0,0.013553223,649.85333,666.1381,193.13812,0.2784904,0.26493716,476.97327,-172.88007
1.5-473-550,0.265060241,0.530120482,0.9844268823757469,0.0008851865532,1.5,473.0,550.0,1145.3715,0.44191685,45.587196,833.5937,-311.77777,0.78621495,0.3442981,247.98302,202.39581
1.5-473-550,0.2096385542,0.4192771084,0.7525573838264147,-0.0006766918789,1.5,473.0,550.0,551.9507,1.278993,564.6329,704.2283,152.27759,0.84467363,-0.43431938,374.94135,-189.69153
1.5-473-550,0.2108433734,0.4216867468,0.9895407848051817,-0.0008897849218,1.5,473.0,550.0,1253.1654,0.25402424,40.913185,788.9526,-464.21283,0.62183577,0.36781153,311.57224,270.65906
1.5-473-550,0.1433734939,0.2867469878,0.7525573838264147,0.0006766918789,1.5,473.0,550.0,501.9693,0.99660844,621.017,653.4307,151.46143,0.65482926,-0.34177917,447.44995,-173.56708
1.5-473-550,0.1879518072,0.3759036144,0.7098470004029654,-0.0006382871403,1.5,473.0,550.0,528.1369,1.1511055,592.7218,671.7233,143.58643,0.82159674,-0.32950878,410.82156,-181.90024
1.5-473-550,0.3180722892,0.6361445784,0.8902853188558087,-0.0008005354251,1.5,473.0,550.0,800.6775,1.7872043,80.04812,841.51385,40.836365,1.0336857,-0.7535186,213.395,133.3469
1.5-473-550,0.2240963855,0.448192771,0.9811301448069191,0.0008822221606,1.5,473.0,550.0,1219.0892,0.4477931,42.25791,797.8253,-421.26392,0.66719884,0.21940574,297.56866,255.31076
1.5-473-550,0.1927710843,0.3855421686,0.6600967573005477,0.0005935522321,1.5,473.0,550.0,525.0694,1.1856122,596.1328,658.646,133.5766,0.88599676,-0.29961544,417.45172,-178.68109
1.5-473-550,0.1337349397,0.2674698794,0.5396442233296441,-0.0004852425493,1.5,473.0,550.0,485.71512,1.0492941,637.4663,584.5423,98.82718,0.83066326,-0.21863085,499.83282,-137.63348
1.5-473-550,0.08571428574,0.17142857148,0.9973789933391554,0.0008968329585,1.5,473.0,550.0,473.0,0.026240787,649.85333,691.56195,218.56195,0.3388795,0.3126387,443.32938,-206.52396
1.5-473-550,0.1867469879,0.3734939758,0.47796385156444166,0.0004297801918,1.5,473.0,550.0,509.5539,1.1743201,613.30005,599.06647,89.51257,1.0418317,-0.13248837,462.5227,-150.77734
1.5-473-550,0.07755102043,0.15510204086,0.9531521909241071,0.0008570646715,1.5,473.0,550.0,473.0,0.46327648,649.85333,673.7278,200.72778,0.3560386,-0.107237875,459.80197,-190.05136
1.5-473-550,0.243373494,0.486746988,0.8206166047262803,0.0007378900321,1.5,473.0,550.0,639.2316,1.4980592,418.89667,757.9484,118.7168,0.8802801,-0.6177791,315.9282,-102.968475
1.5-473-550,0.2686746988,0.5373493976,0.29146971579860803,-0.0002620865782,1.5,473.0,550.0,528.26575,1.4466435,592.5785,608.70215,80.4364,1.4141899,-0.032453537,412.69406,-179.88443
1.5-473-550,0.2337349398,0.4674698796,0.3542741439827602,-0.0003185596757,1.5,473.0,550.0,520.43353,1.3543559,601.28796,598.9938,78.56024,1.2814159,-0.07293999,437.11197,-164.176
1.5-473-550,0.2457831325,0.491566265,0.998978267368595,-0.0008982710093,1.5,473.0,550.0,1237.2932,0.02591314,41.533607,822.45917,-414.83405,0.715144,0.68923086,267.05048,225.51688
1.5-473-550,0.2819277109,0.5638554218,0.9531521908128958,-0.0008570646714,1.5,473.0,550.0,976.15515,1.2046318,56.410225,836.54565,-139.6095,0.86665773,-0.33797407,236.37056,179.96033
1.5-473-550,0.2602409639,0.5204819278,0.9772248215579286,-0.000878710534,1.5,473.0,550.0,1113.9865,0.631736,47.202858,827.3316,-286.65485,0.77840686,0.14667088,255.28125,208.0784
1.5-473-550,0.04693877551,0.09387755102,0.7525573838264147,-0.0006766918789,1.5,473.0,550.0,473.0,0.94096243,649.85333,603.653,130.65302,0.45695686,-0.48400557,520.7342,-129.11914
1.5-473-550,0.4857142857,0.9714285714,0.03282169734692774,-2.951293353e-05,1.5,473.0,550.0,656.49426,1.9703265,365.72266,700.58746,44.0932,1.8011258,-0.16920078,276.97092,-88.75174
1.5-473-550,0.4551020408,0.9102040816,0.29146971579860803,-0.0002620865782,1.5,473.0,550.0,651.11383,1.9970025,387.41412,740.1386,89.02478,1.703242,-0.29376054,245.40717,-142.00696
1.5-473-550,0.134939759,0.269879518,0.9844268823757469,0.0008851865532,1.5,473.0,550.0,649.4418,0.549458,392.46,722.65906,73.217285,0.43729812,-0.11215991,399.99396,7.533966
1.5-473-550,0.4122448979,0.8244897958,0.9973789934503665,-0.0008968329586,1.5,473.0,550.0,756.2222,0.1828598,92.09713,916.8516,160.6294,1.1631868,0.980327,120.03715,27.940018
1.5-473-550,0.2337349397,0.4674698794,0.9993254186825348,0.0008985831642,1.5,473.0,550.0,1270.3676,0.0153507795,40.27842,812.2795,-458.08807,0.67924607,0.6638953,281.38306,241.10464
1.5-473-550,0.2469879518,0.4939759036,0.9442484491033019,0.0008490585182,1.5,473.0,550.0,973.08417,1.2318019,56.70603,805.14655,-167.93762,0.7693441,-0.46245778,279.12927,222.42325
1.5-473-550,0.265060241,0.530120482,0.7525573838264147,-0.0006766918789,1.5,473.0,550.0,621.1657,1.5634116,457.7372,751.459,130.29327,1.0168478,-0.54656374,308.0885,-149.64871
1.5-473-550,0.3,0.6,0.3542741439827602,-0.0003185596757,1.5,473.0,550.0,551.5497,1.5629628,565.2739,647.99634,96.446655,1.4499545,-0.11300826,368.0925,-197.18143
1.5-473-550,0.3180722892,0.6361445784,0.03282169734692774,-2.951293353e-05,1.5,473.0,550.0,544.29474,1.5953096,574.35913,590.4741,46.179382,1.6233238,0.028014183,409.1831,-165.17603
1.5-473-550,0.02653061223,0.05306122446,0.9993254186825348,-0.0008985831642,1.5,473.0,550.0,473.0,0.005633673,649.85333,659.37054,186.37054,0.2627398,0.25710613,485.99918,-163.85416
1.5-473-550,0.1650602409,0.3301204818,0.8475322498919685,-0.0007620923041,1.5,473.0,550.0,535.5497,1.0065408,584.47876,701.02893,165.47925,0.6231478,-0.383393,401.89743,-182.58133
1.5-473-550,0.4142857143,0.8285714286,0.7525573838264147,0.0006766918789,1.5,473.0,550.0,675.109,2.3164012,212.7578,849.11456,174.00555,1.3762218,-0.94017947,167.89755,-44.860245
1.5-473-550,0.04285714285,0.0857142857,0.9965972946963587,-0.0008961300631,1.5,473.0,550.0,473.0,0.033185683,649.85333,666.66315,193.66315,0.2819828,0.24879712,475.99683,-173.8565
1.5-473-550,0.2807228916,0.5614457832,0.6021818746711394,-0.0005414757638,1.5,473.0,550.0,582.0379,1.5584288,520.6461,710.14844,128.11053,1.2100686,-0.34836018,329.9241,-190.72202
1.5-473-550,0.2325301205,0.465060241,0.9895407849163931,0.0008897849219,1.5,473.0,550.0,1234.2123,0.26145115,41.65574,808.0006,-426.21167,0.6843903,0.42293915,285.2445,243.58878
1.5-473-550,0.3722891567,0.7445783134,0.4163512323516047,-0.0003743787567,1.5,473.0,550.0,617.2972,1.9690766,465.26102,720.12744,102.83026,1.5500643,-0.4190123,282.7975,-182.46353
1.5-473-550,0.2638554217,0.5277108434,0.6600967573005477,-0.0005935522321,1.5,473.0,550.0,582.8105,1.5088079,519.681,716.7006,133.89014,1.1059021,-0.40290582,334.33923,-185.3418
1.5-473-550,0.1650602409,0.3301204818,0.5396442233296441,-0.0004852425493,1.5,473.0,550.0,501.89288,1.0985202,621.0944,602.32916,100.43628,0.91977614,-0.17874402,472.01038,-149.08405
1.5-473-550,0.01224489793,0.02448979586,0.9999999997775775,-0.0008991897406,1.5,473.0,550.0,473.0,2.077271e-08,649.85333,653.11304,180.11304,0.248616,0.24861598,494.343,-155.51035
1.5-473-550,0.1626506024,0.3253012048,0.9337895728803226,0.000839654004,1.5,473.0,550.0,584.9981,0.90256596,515.4646,728.35175,143.35364,0.54091436,-0.3616516,382.70834,-132.75626
1.5-473-550,0.286746988,0.573493976,0.7892004020960466,0.000709640905,1.5,473.0,550.0,647.07904,1.6793168,398.1257,782.7876,135.70856,1.0448257,-0.6344911,272.8658,-125.25989
1.5-473-550,0.3855421687,0.7710843374,0.9844268823757469,0.0008851865532,1.5,473.0,550.0,1031.5808,0.75619274,52.192482,904.8222,-126.758606,1.1163411,0.36014837,138.11472,85.92223
1.5-473-550,0.4448979592,0.8897959184,0.7892004020960466,-0.000709640905,1.5,473.0,550.0,662.9053,1.6513947,323.96704,871.1184,208.21313,1.394752,-0.2566427,142.44974,-181.5173
1.5-473-550,0.2879518072,0.5759036144,0.4163512326852384,0.000374378757,1.5,473.0,550.0,550.0935,1.5283865,567.08734,656.14276,106.049255,1.3807842,-0.14760232,367.16626,-199.92108
1.5-473-550,0.2987951807,0.5975903614,0.9337895728803226,0.000839654004,1.5,473.0,550.0,901.3393,1.4910413,63.811775,842.637,-58.70227,0.9355957,-0.5554456,222.72197,158.91019
1.5-473-550,0.3132530121,0.6265060242,0.7892004020960466,-0.000709640905,1.5,473.0,550.0,655.8347,1.7994665,366.45905,803.09296,147.25824,1.120404,-0.6790625,243.84135,-122.61769
1.5-473-550,0.0102040816,0.0204081632,0.3542741437603377,0.0003185596755,1.5,473.0,550.0,473.0,1.1026077,649.85333,508.2463,35.246307,0.7114437,-0.391164,592.77686,-57.076477
1.5-473-550,0.3385542169,0.6771084338,0.9872047710533666,0.0008876844022,1.5,473.0,550.0,1092.6492,0.4792562,48.375343,884.3059,-208.34326,0.99633795,0.51708174,172.8493,124.47396
1.5-473-550,0.221686747,0.443373494,0.09831793590232207,-8.84064793e-05,1.5,473.0,550.0,512.7878,1.326518,609.79004,541.63354,28.845764,1.4010429,0.07452488,484.4201,-125.369934
1.5-473-550,0.2722891566,0.5445783132,0.9895407848051817,0.0008897849218,1.5,473.0,550.0,1160.7345,0.30705437,44.832466,840.9669,-319.76758,0.8031802,0.49612585,238.55635,193.72388
1.5-473-550,0.3204819277,0.6409638554,0.9872047710533666,-0.0008876844022,1.5,473.0,550.0,1108.2849,0.44503722,47.505318,873.9069,-234.37799,0.9465465,0.5015093,189.0722,141.5669
1.5-473-550,0.1180722891,0.2361445782,0.8705746216627653,-0.0007828117684,1.5,473.0,550.0,494.321,0.8508827,628.75714,674.2168,179.89578,0.49133903,-0.35954368,443.90707,-184.85007
1.5-473-550,0.4714285714,0.9428571428,0.5396442233296441,-0.0004852425493,1.5,473.0,550.0,656.83484,1.8355882,364.34784,812.9728,156.13794,1.5947055,-0.24088275,180.94778,-183.40005
1.5-473-550,0.2361445783,0.4722891566,0.8705746216627653,0.0007828117684,1.5,473.0,550.0,693.22455,1.5002879,199.0001,769.8031,76.57855,0.80774355,-0.69254434,311.43878,112.438675
1.5-473-550,0.3024096386,0.6048192772,0.9996041060258503,0.000898833757,1.5,473.0,550.0,1179.037,0.0105414,43.99537,866.0591,-312.9779,0.8830385,0.87249714,204.03958,160.04422
1.5-473-550,0.4061224489,0.8122448978,0.3542741439827602,-0.0003185596757,1.5,473.0,550.0,634.436,2.2079678,431.8844,725.7201,91.28412,1.6290085,-0.5789592,268.44272,-163.44168
1.5-473-550,0.2084337349,0.4168674698,0.5396442233296441,0.0004852425493,1.5,473.0,550.0,521.8868,1.2754474,599.67194,631.84674,109.95996,1.0516424,-0.22380495,427.5438,-172.12814
1.5-473-550,0.1602409638,0.3204819276,0.7892004020960466,-0.000709640905,1.5,473.0,550.0,518.87854,1.0218172,603.017,677.514,158.63544,0.6647162,-0.35710102,421.6054,-181.41162
1.5-473-550,0.1638554216,0.3277108432,0.22784103833049427,-0.0002048723242,1.5,473.0,550.0,493.88077,1.1249801,629.2027,531.8928,38.012054,1.1743155,0.04933536,518.91595,-110.28674
1.5-473-550,0.1674698795,0.334939759,0.8902853188558087,-0.0008005354251,1.5,473.0,550.0,555.95416,0.9823795,559.52106,717.578,161.62384,0.59082574,-0.39155376,388.37015,-171.15091
1.5-473-550,0.351807229,0.703614458,0.6021818746711394,-0.0005414757638,1.5,473.0,550.0,629.1682,1.9060689,442.66125,764.8508,135.68262,1.3837433,-0.52232563,254.79192,-187.86934
1.5-473-550,0.3156626506,0.6313253012,0.9895407848051817,0.0008897849218,1.5,473.0,550.0,1123.7922,0.3579181,46.676704,871.62744,-252.1648,0.9306949,0.5727768,193.14737,146.47067
1.5-473-550,0.1903614457,0.3807228914,0.9996041060258503,0.000898833757,1.5,473.0,550.0,1110.9293,0.007901093,47.36402,774.1814,-336.74792,0.5573596,0.5494585,333.73975,286.37573
1.5-473-550,0.3253012049,0.6506024098,0.9337895728803226,0.000839654004,1.5,473.0,550.0,894.6602,1.5713909,64.59745,860.3472,-34.31299,1.0112395,-0.56015134,196.24287,131.64542
1.5-473-550,0.4632653061,0.9265306122,0.8475322498919685,0.0007620923041,1.5,473.0,550.0,659.361,1.5235872,354.1496,891.7603,232.39929,1.3760761,-0.14751112,122.50301,-231.64658
1.5-473-550,0.3132530121,0.6265060242,0.9844268823757469,0.0008851865532,1.5,473.0,550.0,1100.4496,0.523653,47.92414,868.54645,-231.90314,0.92867106,0.4050181,196.57095,148.64682
1.5-473-550,0.04285714285,0.0857142857,0.8705746216627653,-0.0007828117684,1.5,473.0,550.0,473.0,0.7685879,649.85333,633.15826,160.15826,0.36397025,-0.40461764,500.9693,-148.88403
1.5-473-550,0.4918367347,0.9836734694,0.960723235489121,0.0008638724771,1.5,473.0,550.0,657.5206,1.1218809,361.57928,923.9386,266.41797,1.3300221,0.20814121,92.979485,-268.5998
1.5-473-550,0.08775510207,0.17551020414,0.9965972946963587,0.0008961300631,1.5,473.0,550.0,473.0,0.034356616,649.85333,692.6489,219.64893,0.34256718,0.30821055,441.77344,-208.0799
1.5-473-550,0.1746987951,0.3493975902,0.9671530515086588,-0.0008696541017,1.5,473.0,550.0,754.4366,0.731687,94.01943,749.7053,-4.731262,0.54338574,-0.18830127,360.45874,266.4393
1.5-473-550,0.01428571426,0.02857142852,0.22784103821928303,0.0002048723241,1.5,473.0,550.0,473.0,1.1384494,649.85333,489.02667,16.026672,0.8144446,-0.32400483,602.6589,-47.194458
1.5-473-550,0.4693877551,0.9387755102,0.9965972946963587,-0.0008961300631,1.5,473.0,550.0,659.1942,0.18255241,354.82285,928.751,269.55676,1.2687148,1.0861623,94.98559,-259.83725
1.5-473-550,0.1903614457,0.3807228914,0.9671530515086588,-0.0008696541017,1.5,473.0,550.0,925.01495,0.71344924,61.209816,763.3146,-161.70038,0.5844847,-0.12896454,341.99445,280.78464
1.5-473-550,0.2614457831,0.5228915662,0.9726063657286781,-0.0008745576659,1.5,473.0,550.0,1088.7925,0.7539069,48.601997,826.7895,-262.003,0.78636175,0.03245485,254.99426,206.39227
1.5-473-550,0.4367346939,0.8734693878,0.9844268823757469,0.0008851865532,1.5,473.0,550.0,672.8165,0.82020646,231.77428,919.83746,247.02094,1.2222989,0.4020924,110.0852,-121.68908
1.5-473-550,0.1963855421,0.3927710842,0.3542741439827602,-0.0003185596757,1.5,473.0,550.0,509.19867,1.2281479,613.6944,574.4214,65.22272,1.1742762,-0.05387163,474.17303,-139.52136
1.5-473-550,0.3662650603,0.7325301206,0.5396442233296441,-0.0004852425493,1.5,473.0,550.0,627.3364,1.9689585,446.55396,754.1621,126.82568,1.4593596,-0.50959885,257.5537,-189.00024
1.5-473-550,0.265060241,0.530120482,0.9726063657286781,-0.0008745576659,1.5,473.0,550.0,1084.9213,0.761776,48.829872,829.7197,-255.20154,0.79727465,0.03549868,250.80733,201.97745
1.5-473-550,0.3,0.6,0.998978267368595,-0.0008982710093,1.5,473.0,550.0,1178.2113,0.031081697,44.03315,864.23456,-313.97675,0.87659746,0.8455158,206.62296,162.58981
1.5-473-550,0.05306122449,0.10612244898,0.8475322498919685,0.0007620923041,1.5,473.0,550.0,473.0,0.82483065,649.85333,631.4443,158.44427,0.394546,-0.43028465,499.13373,-150.7196
1.5-473-550,0.3746987952,0.7493975904,0.6021818746711394,-0.0005414757638,1.5,473.0,550.0,639.729,2.0501983,419.16248,780.1627,140.43372,1.4277222,-0.6224761,234.12788,-185.03459
1.5-473-550,0.2530120482,0.5060240964,0.9965972946963587,-0.0008961300631,1.5,473.0,550.0,1212.2739,0.094096564,42.54737,827.7277,-384.5462,0.7388519,0.64475536,259.08524,216.53787
1.5-473-550,0.3927710844,0.7855421688,0.9215172744995802,0.0008286188792,1.5,473.0,550.0,845.9584,2.0686522,71.268196,890.18854,44.230164,1.189274,-0.8793782,145.52225,74.25405
1.5-473-550,0.169879518,0.339759036,0.9980223152919674,0.000897411427,1.5,473.0,550.0,942.4399,0.048561536,59.407692,755.8054,-186.63446,0.5064147,0.45785317,358.20932,298.80164
1.5-473-550,0.08571428574,0.17142857148,0.9945113832197316,0.0008942544329,1.5,473.0,550.0,473.0,0.056059025,649.85333,690.7275,217.72748,0.34076634,0.2847073,443.97363,-205.8797
1.5-473-550,0.2759036145,0.551807229,0.4163512323516047,-0.0003743787567,1.5,473.0,550.0,541.14307,1.4828861,578.0466,646.77026,105.6272,1.3504312,-0.13245487,380.13278,-197.91379
1.5-473-550,0.148192771,0.296385542,0.6600967573005477,0.0005935522321,1.5,473.0,550.0,498.55423,1.0381954,624.47314,627.3873,128.8331,0.75582534,-0.28237003,463.46985,-161.0033
1.5-473-550,0.1108433734,0.2216867468,0.9671530515086588,-0.0008696541017,1.5,473.0,550.0,526.39777,0.5414929,594.6557,699.38635,172.98859,0.40236965,-0.13912323,427.9353,-166.7204
1.5-473-550,0.1734939759,0.3469879518,0.7098470004029654,0.0006382871403,1.5,473.0,550.0,518.371,1.0891979,603.5815,660.74567,142.3747,0.77882916,-0.31036872,426.6624,-176.91907
1.5-473-550,0.2313253012,0.4626506024,0.5396442233296441,0.0004852425493,1.5,473.0,550.0,529.6787,1.3525089,591.00726,649.2257,119.547,1.1219742,-0.23053467,402.11728,-188.88998
1.5-473-550,0.3686746989,0.7373493978,0.9531521909241071,-0.0008570646715,1.5,473.0,550.0,922.2374,1.5397652,61.460487,889.2641,-32.973328,1.1052989,-0.43446636,155.7832,94.322716
1.5-473-550,0.3289156627,0.6578313254,0.9956514833048237,0.0008952795992,1.5,473.0,550.0,1142.6542,0.15583439,45.72117,881.4091,-261.24506,0.96209604,0.80626166,179.57251,133.85135
1.5-473-550,0.113253012,0.226506024,0.9999999997775775,0.0008991897406,1.5,473.0,550.0,691.10016,2.077271e-08,141.951,711.1857,20.085571,0.38353303,0.383533,417.88907,275.93805
1.5-473-550,0.1373493975,0.274698795,0.9531521909241071,-0.0008570646715,1.5,473.0,550.0,556.60583,0.7570819,558.6388,714.505,157.89917,0.46627396,-0.29080796,405.1745,-153.4643
1.5-473-550,0.04489795918,0.08979591836,0.9215172744995802,0.0008286188792,1.5,473.0,550.0,473.0,0.6225554,649.85333,647.6659,174.6659,0.3319399,-0.29061547,489.71634,-160.137
1.5-473-550,0.2638554217,0.5277108434,0.9985491866279087,-0.0008978851843,1.5,473.0,550.0,1210.844,0.039778076,42.60813,837.1954,-373.64862,0.7695468,0.72976875,246.03673,203.42859
1.5-473-550,0.3060240964,0.6120481928,0.9945113832197316,0.0008942544329,1.5,473.0,550.0,1153.9484,0.18131013,45.164345,866.91956,-287.0288,0.8983253,0.7170152,201.51097,156.34662
1.5-473-550,0.2987951807,0.5975903614,0.9671530515086588,-0.0008696541017,1.5,473.0,550.0,1022.8616,0.9930192,52.81687,853.4585,-169.40308,0.90327406,-0.089745164,214.95686,162.13998
1.5-473-550,0.3638554217,0.7277108434,0.8206166047262803,0.0007378900321,1.5,473.0,550.0,701.2152,2.0955362,133.78012,846.1187,144.9035,1.2175975,-0.87793875,188.68945,54.909332
1.5-473-550,0.3614457832,0.7228915664,0.998978267368595,-0.0008982710093,1.5,473.0,550.0,1128.9191,0.04001733,46.40278,898.9417,-229.97736,1.0449985,1.0049812,152.1882,105.78542
1.5-473-550,0.3012048193,0.6024096386,0.9999999997775775,0.0008991897406,1.5,473.0,550.0,1181.3778,2.077271e-08,43.907906,865.3661,-316.01172,0.87915605,0.87915605,205.17436,161.26645
1.5-473-550,0.1301204819,0.2602409638,0.16340484097302546,-0.0001469319566,1.5,473.0,550.0,478.92554,1.0999867,644.26355,507.77823,28.852692,1.127828,0.02784133,549.53845,-94.7251
1.5-473-550,0.278313253,0.556626506,0.09831793589120096,8.840647929e-05,1.5,473.0,550.0,526.01294,1.4650786,595.0837,575.88416,49.871216,1.5282482,0.0631696,434.58746,-160.49622
1.5-473-550,0.2759036145,0.551807229,0.6600967573005477,0.0005935522321,1.5,473.0,550.0,595.4027,1.563326,499.49213,726.7359,131.33319,1.141549,-0.421777,320.20685,-179.28528
1.5-473-550,0.4836734694,0.9673469388,0.9671530515086588,0.0008696541017,1.5,473.0,550.0,657.83734,1.0548787,360.30063,924.25415,266.4168,1.3135188,0.25864005,94.60511,-265.69553
1.5-473-550,0.08571428574,0.17142857148,0.9915009044774012,0.0008915474413,1.5,473.0,550.0,473.0,0.08739623,649.85333,689.8508,216.85083,0.34275576,0.25535953,444.6497,-205.20364
1.5-473-550,0.3072289157,0.6144578314,0.5396442233296441,0.0004852425493,1.5,473.0,550.0,589.59644,1.654498,507.95547,710.1261,120.52966,1.3342632,-0.32023478,316.55652,-191.39896
1.5-473-550,0.2734939759,0.5469879518,0.5396442233296441,0.0004852425493,1.5,473.0,550.0,559.02216,1.5031575,555.58746,682.9783,123.956116,1.2457114,-0.25744605,354.06433,-201.52313
1.5-473-550,0.1228915662,0.2457831324,0.03282169734692774,-2.951293353e-05,1.5,473.0,550.0,475.84003,1.112773,647.17426,489.58096,13.740936,1.1908534,0.078080416,562.72473,-84.449524
1.5-473-550,0.1746987951,0.3493975902,0.9985491866279087,-0.0008978851843,1.5,473.0,550.0,972.3637,0.034624897,56.70838,760.1347,-212.229,0.517923,0.4832981,352.49316,295.7848
1.5-473-550,0.4591836735,0.918367347,0.999825745120423,0.0008990330526,1.5,473.0,550.0,660.9989,0.0053377957,342.07916,927.8466,266.84772,1.2493218,1.243984,98.25094,-243.82822
1.5-473-550,0.1457831325,0.291566265,0.993141646395439,0.0008930227796,1.5,473.0,550.0,770.6094,0.23946477,87.34005,734.06903,-36.540344,0.45407853,0.21461375,386.3651,299.02505
1.5-473-550,0.03469387754,0.06938775508,0.9993254186825348,-0.0008985831642,1.5,473.0,550.0,473.0,0.0057665915,649.85333,663.28534,190.28534,0.27127752,0.26551092,480.8422,-169.01114
1.5-473-550,0.386746988,0.773493976,0.8902853187445975,0.000800535425,1.5,473.0,550.0,804.6725,2.160106,78.957466,878.7479,74.07544,1.2045009,-0.95560503,155.91798,76.96052
1.5-473-550,0.2807228916,0.5614457832,0.29146971579860803,-0.0002620865782,1.5,473.0,550.0,533.3142,1.482532,586.9646,617.44403,84.12982,1.4429239,-0.03960812,400.50082,-186.46378
1.5-473-550,0.365060241,0.730120482,0.9895407848051817,-0.0008897849218,1.5,473.0,550.0,1078.9424,0.44826183,49.172157,897.93677,-181.00562,1.0627435,0.6144817,151.30638,102.134224
1.5-473-550,0.4857142857,0.9714285714,0.9442484491033019,0.0008490585182,1.5,473.0,550.0,657.71063,1.239526,360.8123,919.4006,261.68994,1.333888,0.09436202,97.4936,-263.3187
1.5-473-550,0.2855421687,0.5710843374,0.9999999997775775,0.0008991897406,1.5,473.0,550.0,1194.4897,2.077271e-08,43.321053,854.3123,-340.17743,0.8330194,0.8330194,221.56477,178.24371
1.5-473-550,0.3638554217,0.7277108434,0.09831793589120096,8.840647929e-05,1.5,473.0,550.0,591.81323,1.8576498,505.18262,634.0344,42.22119,1.6744336,-0.18321621,358.60178,-146.58084
1.5-473-550,0.4,0.8,0.9998256639362226,-0.0008990329796,1.5,473.0,550.0,1032.5925,0.0055909366,53.00077,913.81256,-118.77997,1.134948,1.1293571,126.46685,73.46608
1.5-473-550,0.1602409638,0.3204819276,0.9980223152919674,0.000897411427,1.5,473.0,550.0,882.5477,0.054400824,66.029396,747.60406,-134.94366,0.4832749,0.42887408,369.1949,303.1655
1.5-473-550,0.3385542169,0.6771084338,0.9996041060258503,0.000898833757,1.5,473.0,550.0,1152.9154,0.012027403,45.21528,887.8932,-265.02222,0.9846982,0.9726708,170.35129,125.13601
1.5-473-550,0.1168674698,0.2337349396,0.9993254186825348,-0.0008985831642,1.5,473.0,550.0,699.305,0.03828194,127.81037,713.62195,14.316956,0.39069572,0.35241377,414.5594,286.74902
1.5-473-550,0.03061224488,0.06122448976,0.7892004020960466,0.000709640905,1.5,473.0,550.0,473.0,0.8902676,649.85333,607.2423,134.24231,0.40577236,-0.48449525,522.9744,-126.87891
1.5-473-550,0.3831325302,0.7662650604,0.09831793589120096,8.840647929e-05,1.5,473.0,550.0,609.27563,1.99941,478.7454,647.4128,38.137146,1.6990836,-0.30032647,342.23166,-136.51373
1.5-473-550,0.1734939759,0.3469879518,0.960723235489121,0.0008638724771,1.5,473.0,550.0,693.2687,0.8354623,169.39825,746.51666,53.247986,0.5456516,-0.28981066,363.49487,194.09662
1.5-473-550,0.1927710843,0.3855421686,0.9772248215579286,-0.000878710534,1.5,473.0,550.0,1024.8002,0.50885856,52.673622,768.83167,-255.9685,0.58242726,0.0735687,336.53693,283.8633
1.5-473-550,0.2722891566,0.5445783132,0.9442484491033019,0.0008490585182,1.5,473.0,550.0,949.9078,1.2945849,58.75422,826.05786,-123.849915,0.84619087,-0.448394,249.38524,190.63101
1.5-473-550,0.321686747,0.643373494,0.9671530515086588,-0.0008696541017,1.5,473.0,550.0,1007.4164,1.0584884,53.92051,868.54486,-138.87152,0.96902657,-0.0894618,192.24461,138.3241
1.5-473-550,0.3927710844,0.7855421688,0.998978267368595,0.0008982710093,1.5,473.0,550.0,1097.434,0.050150596,48.097176,911.2246,-186.20935,1.1196767,1.0695261,130.93402,82.836845
1.5-473-550,0.2289156626,0.4578313252,0.7525573838264147,0.0006766918789,1.5,473.0,550.0,577.7756,1.3835561,526.9815,720.5821,142.80652,0.9045871,-0.47896904,351.76697,-175.21454
1.5-473-550,0.1409638554,0.2819277108,0.9671530515086588,0.0008696541017,1.5,473.0,550.0,592.7237,0.7114111,503.7195,721.84125,129.11755,0.46330124,-0.24810988,397.94437,-105.77515
1.5-473-550,0.3831325302,0.7662650604,0.6021818746711394,-0.0005414757638,1.5,473.0,550.0,643.4957,2.1130192,409.80856,785.4563,141.96057,1.442485,-0.67053425,227.0069,-182.80167
1.5-473-550,0.221686747,0.443373494,0.9671530515086588,0.0008696541017,1.5,473.0,550.0,1153.3445,0.7558104,45.195045,790.9825,-362.362,0.6726717,-0.083138704,304.032,258.83698
1.5-473-550,0.1084337349,0.2168674698,0.7892004020960466,-0.000709640905,1.5,473.0,550.0,478.09146,0.91043776,645.0504,642.967,164.87552,0.5395572,-0.37088054,470.7792,-174.27121
1.5-473-550,0.3180722892,0.6361445784,0.47796385156444166,-0.0004297801918,1.5,473.0,550.0,586.1956,1.6814156,512.76996,698.54456,112.34894,1.4073874,-0.27402818,320.55905,-192.2109
1.5-473-550,0.4816326531,0.9632653062,0.9772248215579286,0.000878710534,1.5,473.0,550.0,657.96924,0.90410626,359.7683,926.2105,268.24127,1.3027805,0.39867425,93.73742,-266.03088
1.5-473-550,0.4102040816,0.8204081632,0.9531521909241071,0.0008570646715,1.5,473.0,550.0,764.5209,1.6716509,89.31422,904.86694,140.34607,1.1976408,-0.4740101,128.97636,39.662148
1.5-473-550,0.3385542169,0.6771084338,0.8705746216627653,-0.0007828117684,1.5,473.0,550.0,767.1017,1.9191206,89.142845,847.991,80.88934,1.1082377,-0.8108828,198.64082,109.49798
1.5-473-550,0.3481927711,0.6963855422,0.09831793590232207,-8.84064793e-05,1.5,473.0,550.0,575.5856,1.75519,529.99475,623.14087,47.555298,1.6521838,-0.10300624,372.19107,-157.80368
1.5-473-550,0.1313253012,0.2626506024,0.9973789933391554,0.0008968329585,1.5,473.0,550.0,740.5694,0.11842867,98.21015,723.9496,-16.619812,0.42032114,0.30189246,400.56143,302.3513
1.5-473-550,0.113253012,0.226506024,0.47796385156444166,-0.0004297801918,1.5,473.0,550.0,474.90533,1.070878,648.05597,559.55835,84.653015,0.8325797,-0.23829836,525.6164,-122.439575
1.5-473-550,0.3192771085,0.638554217,0.6021818746711394,-0.0005414757638,1.5,473.0,550.0,611.8713,1.7384737,474.16937,740.9292,129.05792,1.3110813,-0.42739236,287.35522,-186.81415
1.5-473-550,0.1421686747,0.2843373494,0.9999999997775775,-0.0008991897406,1.5,473.0,550.0,805.891,2.077271e-08,78.71841,733.349,-72.54199,0.44109687,0.44109684,388.54892,309.8305
1.5-473-550,0.3759036145,0.751807229,0.22784103833049427,-0.0002048723242,1.5,473.0,550.0,607.5377,1.9570959,481.48575,671.7248,64.18707,1.6468312,-0.3102647,322.43326,-159.05249
1.5-473-550,0.4204081632,0.8408163264,0.22784103821928303,0.0002048723241,1.5,473.0,550.0,637.5851,2.2105486,424.90906,702.514,64.928894,1.6978794,-0.5126692,285.19882,-139.71024
1.5-473-550,0.2,0.4,0.9726063657286781,0.0008745576659,1.5,473.0,550.0,1088.7311,0.6059509,48.609444,773.65344,-315.07764,0.60613453,0.00018364191,329.01572,280.40628
1.5-473-550,0.4775510204,0.9551020408,0.9945113832197316,0.0008942544329,1.5,473.0,550.0,658.3006,0.29748198,358.4303,929.4693,271.1687,1.2832075,0.9857255,92.48504,-265.94525
1.5-473-550,0.3132530121,0.6265060242,0.9998257452316341,-0.0008990330527,1.5,473.0,550.0,1173.9901,0.0033247082,44.226204,873.2042,-300.7859,0.9141223,0.9107976,193.28194,149.05573
1.5-473-550,0.169879518,0.339759036,0.9956514833048237,0.0008952795992,1.5,473.0,550.0,927.89044,0.1088263,60.846657,755.0266,-172.86383,0.5082828,0.39945647,358.8072,297.96054
1.5-473-550,0.1469879518,0.2939759036,0.09831793589120096,8.840647929e-05,1.5,473.0,550.0,485.78888,1.1059701,637.39166,505.74762,19.95874,1.2126943,0.10672414,542.8466,-94.545044
1.5-473-550,0.2180722891,0.4361445782,0.7892004020960466,-0.000709640905,1.5,473.0,550.0,580.334,1.3415183,523.55536,724.5809,144.24689,0.83360475,-0.50791353,355.19363,-168.36172
1.5-473-550,0.4020408163,0.8040816326,0.16340484119544796,0.0001469319568,1.5,473.0,550.0,624.8104,2.16219,451.5702,674.7959,49.985474,1.7011979,-0.4609921,313.62247,-137.94772
1.5-473-550,0.1421686747,0.2843373494,0.998978267368595,-0.0008982710093,1.5,473.0,550.0,798.9277,0.035577558,80.01292,733.02277,-65.90491,0.44185266,0.4062751,388.8012,308.7883
1.5-473-550,0.2397590361,0.4795180722,0.7525573838264147,0.0006766918789,1.5,473.0,550.0,594.3281,1.4381614,500.8481,729.8805,135.55237,0.9384887,-0.49967265,338.60754,-162.24057
1.5-473-550,0.4755102041,0.9510204082,0.9993254186825348,0.0008985831642,1.5,473.0,550.0,658.4882,0.032511555,357.67297,930.24664,271.75842,1.2762792,1.2437676,92.452446,-265.22052
1.5-473-550,0.04081632652,0.08163265304,0.9973789934503665,-0.0008968329586,1.5,473.0,550.0,473.0,0.0251955,649.85333,665.8299,192.8299,0.27919033,0.25399482,477.2089,-172.64444
1.5-473-550,0.1710843373,0.3421686746,0.9872047710533666,-0.0008876844022,1.5,473.0,550.0,882.59515,0.31122866,66.02308,753.2762,-129.31897,0.5179698,0.20674112,359.5516,293.52853
1.5-473-550,0.1638554216,0.3277108432,0.9726063657286781,-0.0008745576659,1.5,473.0,550.0,719.24994,0.6757672,113.29209,742.301,23.051086,0.5119302,-0.16383696,371.51395,258.22186
1.5-473-550,0.4857142857,0.9714285714,0.9811301446957078,-0.0008822221605,1.5,473.0,550.0,657.757,0.8186674,360.62506,927.6251,269.8681,1.3058093,0.48714185,91.82334,-268.80173
1.5-473-550,0.1855421686,0.3710843372,0.47796385156444166,-0.0004297801918,1.5,473.0,550.0,509.02054,1.168945,613.8672,598.2857,89.26517,1.0381857,-0.13075924,463.71796,-150.14923
1.5-473-550,0.0,0.0,0.7527150115145086,0.0006768336161,1.5,473.0,550.0,473.0,0.90842825,649.85333,589.1558,116.15582,0.39359894,-0.5148293,543.33185,-106.521484
1.5-473-550,0.08367346941,0.16734693882,0.9671530515086588,0.0008696541017,1.5,473.0,550.0,473.0,0.34286335,649.85333,681.4759,208.47589,0.35593465,0.013071299,451.78824,-198.0651
1.5-473-550,0.1795180723,0.3590361446,0.999825745120423,0.0008990330526,1.5,473.0,550.0,1010.9344,0.0024045317,53.64234,764.74316,-246.19122,0.5290531,0.5266486,346.53387,292.89154
1.5-473-550,0.1686746988,0.3373493976,0.9071317792997667,0.0008156835895,1.5,473.0,550.0,569.702,0.9691829,539.72375,724.3147,154.61267,0.5790856,-0.39009732,382.71198,-157.01178
1.5-473-550,0.1108433734,0.2216867468,0.7525573838264147,0.0006766918789,1.5,473.0,550.0,478.74326,0.9438611,644.4355,633.25183,154.50858,0.57680726,-0.36705387,476.70343,-167.73206
1.5-473-550,0.2156626506,0.4313253012,0.9895407848051817,-0.0008897849218,1.5,473.0,550.0,1250.608,0.25823525,41.007637,793.21423,-457.3938,0.6355024,0.37726715,305.715,264.70737
1.5-473-550,0.1240963855,0.248192771,0.9442484491033019,0.0008490585182,1.5,473.0,550.0,525.0578,0.730651,596.14575,701.71606,176.65826,0.44523284,-0.28541818,420.7019,-175.44385
1.5-473-550,0.4571428571,0.9142857142,0.9915009044774012,0.0008915474413,1.5,473.0,550.0,661.4732,0.46098548,337.57336,925.5884,264.11517,1.2525921,0.7916066,100.33199,-237.24136
1.5-473-550,0.1168674698,0.2337349396,0.9915009044774012,0.0008915474413,1.5,473.0,550.0,635.91534,0.33519915,428.60748,711.20953,75.29419,0.39620647,0.06100732,416.4259,-12.18158
1.5-473-550,0.3072289157,0.6144578314,0.9998257452316341,-0.0008990330527,1.5,473.0,550.0,1177.6414,0.0032557456,44.05921,869.3271,-308.31427,0.8968089,0.8935532,199.1701,155.1109
1.5-473-550,0.3060240964,0.6120481928,0.16340484097302546,-0.0001469319566,1.5,473.0,550.0,540.0314,1.5568532,579.4165,606.95966,66.92828,1.5581648,0.0013116598,398.94397,-180.47253
1.5-473-550,0.213253012,0.426506024,0.9895407849163931,0.0008897849219,1.5,473.0,550.0,1253.9437,0.25849316,40.884468,791.08453,-462.8592,0.6286501,0.37015697,308.64426,267.7598
1.5-473-550,0.3253012049,0.6506024098,0.09831793590232207,-8.84064793e-05,1.5,473.0,550.0,552.25323,1.6309997,564.4796,607.31305,55.059814,1.6160076,-0.014992118,392.41412,-172.06549
1.5-473-550,0.1445783132,0.2891566264,0.03282169734692774,-2.951293353e-05,1.5,473.0,550.0,484.60114,1.1053152,638.5936,497.23926,12.638123,1.2439711,0.1386559,548.7827,-89.81091
1.5-473-550,0.05102040816,0.10204081632,0.6021818746711394,-0.0005414757638,1.5,473.0,550.0,473.0,1.0574282,649.85333,567.19934,94.19934,0.5855412,-0.47188705,544.16144,-105.691895
1.5-473-550,0.373493976,0.746987952,0.9895407848051817,-0.0008897849218,1.5,473.0,550.0,1071.1439,0.47131228,49.625526,901.5122,-169.63171,1.0833507,0.6120384,145.26698,95.64146
1.5-473-550,0.4081632653,0.8163265306,0.6021818746711394,0.0005414757638,1.5,473.0,550.0,652.9639,2.2928073,379.919,800.034,147.07007,1.4820086,-0.81079876,207.43056,-172.48845
1.5-473-550,0.2795180723,0.5590361446,0.9985491866279087,0.0008978851843,1.5,473.0,550.0,1193.9395,0.042029224,43.326576,849.37805,-344.5614,0.81643254,0.77440333,228.44273,185.11615
1.5-473-550,0.2301204819,0.4602409638,0.9965972946963587,0.0008961300631,1.5,473.0,550.0,1269.8428,0.083760224,40.2978,808.24615,-461.59662,0.6710768,0.5873166,286.41467,246.11688
1.5-473-550,0.2759036145,0.551807229,0.9442484491033019,-0.0008490585182,1.5,473.0,550.0,946.7013,1.3061289,59.043556,828.91455,-117.78674,0.85712177,-0.4490071,245.27214,186.22858
1.5-473-550,0.1843373494,0.3686746988,0.9071317792997667,0.0008156835895,1.5,473.0,550.0,606.2421,1.0542222,482.98035,737.5125,131.27039,0.62080956,-0.43341267,364.62607,-118.35428
1.5-473-550,0.1554216867,0.3108433734,0.7525573838264147,-0.0006766918789,1.5,473.0,550.0,510.5336,1.0237919,612.21704,661.7845,151.25089,0.68658257,-0.33720934,435.44043,-176.77661
1.5-473-550,0.08775510207,0.17551020414,0.9996041060258503,0.000898833757,1.5,473.0,550.0,473.0,0.003256282,649.85333,693.52704,220.52704,0.34058592,0.33732963,441.0947,-208.75864
1.5-473-550,0.156626506,0.313253012,0.960723235489121,-0.0008638724771,1.5,473.0,550.0,620.4908,0.7982326,459.00122,732.35596,111.86517,0.50412244,-0.29411018,382.6106,-76.390625
1.5-473-550,0.1602409638,0.3204819276,0.9999999997775775,0.0008991897406,1.5,473.0,550.0,894.8526,2.077271e-08,64.55674,748.24786,-146.60474,0.48175257,0.48175254,368.69897,304.14224
1.5-473-550,0.1,0.2,0.9993256565633628,-0.0008985833781,1.5,473.0,550.0,544.2608,0.009366831,563.5933,701.62006,157.35925,0.36066958,0.35130274,430.3924,-133.20093
1.5-473-550,0.3602409639,0.7204819278,0.8902853188558087,-0.0008005354251,1.5,473.0,550.0,803.0421,1.9764189,79.37917,866.3991,63.356995,1.1438038,-0.832615,175.57237,96.1932
1.5-473-550,0.156626506,0.313253012,0.9965972946963587,-0.0008961300631,1.5,473.0,550.0,852.91614,0.099771224,70.15864,744.10895,-108.80719,0.47594053,0.3761693,373.603,303.44437
1.5-473-550,0.1168674698,0.2337349396,0.7098470004029654,0.0006382871403,1.5,473.0,550.0,481.49576,0.97678727,641.73627,623.8176,142.32187,0.628987,-0.34780025,480.7523,-160.98398
1.5-473-550,0.02244897957,0.04489795914,0.5396442233296441,0.0004852425493,1.5,473.0,550.0,473.0,1.1206745,649.85333,545.9748,72.97479,0.58652335,-0.53415114,566.306,-83.5473
1.5-473-550,0.1891566265,0.378313253,0.9772248215579286,-0.000878710534,1.5,473.0,550.0,980.12213,0.5079574,56.06199,765.6531,-214.46906,0.5727244,0.064767,340.8583,284.79633
1.5-473-550,0.1759036144,0.3518072288,0.09831793590232207,-8.84064793e-05,1.5,473.0,550.0,497.68057,1.155589,625.3573,518.1994,20.51883,1.2867377,0.1311487,521.6309,-103.72638
1.5-473-550,0.1590361445,0.318072289,0.7525573838264147,0.0006766918789,1.5,473.0,550.0,513.13965,1.0333021,609.3987,664.3784,151.23877,0.6963894,-0.3369127,431.7205,-177.67819
1.5-473-550,0.1120481927,0.2240963854,0.47796385156444166,-0.0004297801918,1.5,473.0,550.0,474.49127,1.0729629,648.44653,559.05365,84.56238,0.82947284,-0.24349004,526.47003,-121.9765
1.5-473-550,0.3108433735,0.621686747,0.9895407848051817,-0.0008897849218,1.5,473.0,550.0,1127.5573,0.35099074,46.475533,868.55707,-259.00018,0.91691965,0.56592894,197.81845,151.34293
1.5-473-550,0.2915662651,0.5831325302,0.5396442233296441,-0.0004852425493,1.5,473.0,550.0,576.22766,1.5823542,529.46893,697.6032,121.37555,1.294561,-0.28779316,333.73965,-195.72928
1.5-473-550,0.1746987951,0.3493975902,0.9726063657286781,0.0008745576659,1.5,473.0,550.0,797.02075,0.6308091,80.79948,751.5297,-45.491028,0.53888756,-0.09192157,359.06992,278.27045
1.5-473-550,0.3542168675,0.708433735,0.09831793589120096,8.840647929e-05,1.5,473.0,550.0,581.9572,1.7935225,518.4667,627.3289,45.371704,1.66098,-0.13254249,366.93704,-151.52963
1.5-473-550,0.2240963855,0.448192771,0.960723235489121,0.0008638724771,1.5,473.0,550.0,1117.4614,0.8842958,47.025917,790.91364,-326.5478,0.6855392,-0.19875664,302.72714,255.70123
1.5-473-550,0.3746987952,0.7493975904,0.9945113832197316,0.0008942544329,1.5,473.0,550.0,1095.4513,0.24865969,48.21244,903.34985,-192.10144,1.0817007,0.833041,143.504,95.29156
1.5-473-550,0.2831325301,0.5662650602,0.5396442233296441,0.0004852425493,1.5,473.0,550.0,568.3719,1.5443561,541.3699,690.79095,122.41907,1.272147,-0.27220905,343.17145,-198.19843
1.5-473-550,0.2759036145,0.551807229,0.16340484097302546,-0.0001469319566,1.5,473.0,550.0,526.4471,1.4602559,594.6008,586.2711,59.824036,1.4965693,0.036313415,427.14917,-167.45166
1.5-473-550,0.1879518072,0.3759036144,0.999825745120423,0.0008990330526,1.5,473.0,550.0,1090.7982,0.0023376553,48.48295,772.13257,-318.66565,0.5508351,0.54849744,336.55698,288.07404
1.5-473-550,0.03469387754,0.06938775508,0.8705746216627653,0.0007828117684,1.5,473.0,550.0,473.0,0.7597669,649.85333,629.7269,156.72693,0.35346797,-0.4062989,505.79922,-144.05411
1.5-473-550,0.2831325301,0.5662650602,0.3542741439827602,-0.0003185596757,1.5,473.0,550.0,539.45386,1.498382,580.0315,635.15454,95.70068,1.410725,-0.087656975,385.62717,-194.40433
1.5-473-550,0.08571428574,0.17142857148,0.9671530515086588,-0.0008696541017,1.5,473.0,550.0,473.0,0.34274366,649.85333,682.7411,209.74109,0.35915247,0.016408801,450.10385,-199.74948
1.5-473-550,0.002040816309,0.004081632618,0.9931416466178614,-0.0008930227798,1.5,473.0,550.0,473.0,0.11716064,649.85333,647.193,174.193,0.24348594,0.12632531,501.22305,-148.63028
1.5-473-550,0.3012048193,0.6024096386,0.9973789933391554,0.0008968329585,1.5,473.0,550.0,1169.9973,0.08432021,44.40879,864.56494,-305.43237,0.88161707,0.7972969,205.74356,161.33478
1.5-473-550,0.03265306121,0.06530612242,0.9931416465066502,-0.0008930227797,1.5,473.0,550.0,473.0,0.0659469,649.85333,660.6915,187.69153,0.27274027,0.20679337,483.37103,-166.4823
1.5-473-550,0.1650602409,0.3301204818,0.47796385156444166,-0.0004297801918,1.5,473.0,550.0,499.5828,1.1068113,623.43225,585.6551,86.072296,0.97688484,-0.12992644,483.29282,-140.13943
1.5-473-550,0.2542168675,0.508433735,0.9071317792997667,-0.0008156835895,1.5,473.0,550.0,831.8459,1.5340738,73.95051,798.3987,-33.447205,0.82723093,-0.7068429,279.92795,205.97745
1.5-473-550,0.05102040816,0.10204081632,0.47796385156444166,0.0004297801918,1.5,473.0,550.0,473.0,1.1198075,649.85333,539.1234,66.12341,0.6896142,-0.4301933,562.2146,-87.63873
1.5-473-550,0.2698795181,0.5397590362,0.22784103833049427,-0.0002048723242,1.5,473.0,550.0,526.32324,1.4465424,594.7386,595.2666,68.94336,1.4522109,0.005668521,422.56497,-172.17361
1.5-473-550,0.3614457832,0.7228915664,0.9965972946963587,-0.0008961300631,1.5,473.0,550.0,1117.4528,0.14157255,47.01545,898.2848,-219.16797,1.0471976,0.90562505,152.64046,105.62501
1.5-473-550,0.3385542169,0.6771084338,0.9442484491033019,0.0008490585182,1.5,473.0,550.0,916.0462,1.513332,62.114845,871.445,-44.601196,1.0371484,-0.47618365,181.88373,119.76888
1.5-473-550,0.05510204082,0.11020408164,0.9980223152919674,0.000897411427,1.5,473.0,550.0,473.0,0.019487163,649.85333,673.5387,200.5387,0.29579332,0.27630615,467.1529,-182.70044
1.5-473-550,0.03061224488,0.06122448976,0.9895407848051817,0.0008897849218,1.5,473.0,550.0,473.0,0.1004984,649.85333,658.7884,185.78839,0.2727029,0.1722045,485.36472,-164.48862
1.5-473-550,0.1879518072,0.3759036144,0.9337895728803226,-0.000839654004,1.5,473.0,550.0,684.87555,1.0448021,209.35672,749.8289,64.95337,0.60690814,-0.43789393,353.45334,144.09662
1.5-473-550,0.3963855422,0.7927710844,0.4163512326852384,0.000374378757,1.5,473.0,550.0,632.59235,2.1652641,435.96786,736.7299,104.13757,1.5845501,-0.580714,261.86588,-174.10199
1.5-473-550,0.1831325301,0.3662650602,0.9772248215579286,-0.000878710534,1.5,473.0,550.0,913.01556,0.5038939,62.443825,760.3812,-152.63434,0.55681103,0.052917123,348.0096,285.5658
1.5-473-550,0.3855421687,0.7710843374,0.9671530515086588,0.0008696541017,1.5,473.0,550.0,953.52246,1.3787609,58.380623,900.14453,-53.37793,1.1319933,-0.24676764,141.34146,82.96084
1.5-473-550,0.3963855422,0.7927710844,0.9945113832197316,-0.0008942544329,1.5,473.0,550.0,1070.2938,0.29792407,49.67579,911.27625,-159.01758,1.1317226,0.8337985,129.53517,79.85938
1.5-473-550,0.3662650603,0.7325301206,0.993141646395439,0.0008930227796,1.5,473.0,550.0,1096.2714,0.29578462,48.164772,899.45605,-196.8153,1.0624053,0.76662076,149.74023,101.57546
1.5-473-550,0.4918367347,0.9836734694,0.9965972946963587,-0.0008961300631,1.5,473.0,550.0,657.5469,0.18276002,361.47333,931.72974,274.18286,1.302948,1.120188,87.646095,-273.82724
1.5-473-550,0.1746987951,0.3493975902,0.9999999997775775,-0.0008991897406,1.5,473.0,550.0,980.22626,2.077271e-08,56.098457,760.61206,-219.6142,0.5167723,0.5167723,352.12704,296.0286
1.5-473-550,0.1771084337,0.3542168674,0.9726063657286781,-0.0008745576659,1.5,473.0,550.0,825.5994,0.6086317,74.80384,753.6062,-71.993225,0.5450385,-0.06359315,356.26306,281.45923
1.5-473-550,0.1144578313,0.2289156626,0.960723235489121,0.0008638724771,1.5,473.0,550.0,524.35724,0.607831,596.9248,699.9493,175.59204,0.41385317,-0.19397783,426.05353,-170.87128
1.5-473-550,0.2337349398,0.4674698796,0.4163512323516047,-0.0003743787567,1.5,473.0,550.0,522.8001,1.3552938,598.65625,614.9393,92.13916,1.2346134,-0.12068033,425.55936,-173.0969
1.5-473-550,0.4673469388,0.9346938776,0.7525573838264147,-0.0006766918789,1.5,473.0,550.0,658.2964,1.6601785,358.44754,868.1907,209.89429,1.4520723,-0.20810628,138.87106,-219.57648
1.5-473-550,0.1253012048,0.2506024096,0.9980223152919674,-0.000897411427,1.5,473.0,550.0,721.30176,0.10073265,108.46432,719.5269,-1.7748413,0.40780482,0.30707216,406.53055,298.06622
1.5-473-550,0.4326530612,0.8653061224,0.22784103821928303,0.0002048723241,1.5,473.0,550.0,642.4762,2.1157556,412.7208,710.54974,68.07355,1.709167,-0.40658855,275.66675,-137.05405
1.5-473-550,0.3168674699,0.6337349398,0.8705746216627653,-0.0007828117684,1.5,473.0,550.0,759.1601,1.8296787,92.15916,834.05634,74.89624,1.0497836,-0.77989507,219.39804,127.238884
1.5-473-550,0.5,1.0,0.6603133566356632,-0.000593746996,1.5,473.0,550.0,657.2259,1.7598042,362.76917,854.2689,197.04303,1.5473776,-0.21242666,142.4353,-220.33386
1.5-473-550,0.3108433735,0.621686747,0.960723235489121,0.0008638724771,1.5,473.0,550.0,988.1559,1.1589994,55.435005,859.6232,-128.53265,0.9444342,-0.21456522,204.16002,148.725
1.5-473-550,0.1819277108,0.3638554216,0.9726063657286781,0.0008745576659,1.5,473.0,550.0,863.2672,0.60520005,68.74149,757.78296,-105.48425,0.55750793,-0.04769212,350.60904,281.86755
1.5-473-550,0.3722891567,0.7445783134,0.9999999997775775,0.0008991897406,1.5,473.0,550.0,1124.2134,2.077271e-08,46.67881,903.85547,-220.35791,1.0708677,1.0708677,144.16124,97.48243
1.5-473-550,0.4408163265,0.881632653,0.9872047710533666,0.0008876844022,1.5,473.0,550.0,668.92755,0.71064883,266.74948,921.3998,252.47223,1.2274612,0.5168124,107.79977,-158.9497
1.5-473-550,0.2662650602,0.5325301204,0.9071317792997667,0.0008156835895,1.5,473.0,550.0,836.44507,1.5533881,73.09562,808.45337,-27.9917,0.86412346,-0.68926466,265.6444,192.5488
1.5-473-550,0.308433735,0.61686747,0.22784103833049427,-0.0002048723242,1.5,473.0,550.0,545.83295,1.5736536,572.5072,622.69543,76.86249,1.5352423,-0.03841126,385.06784,-187.43936
1.5-473-550,0.3674698796,0.7349397592,0.8206166047262803,0.0007378900321,1.5,473.0,550.0,703.5195,2.1190298,130.2768,848.05707,144.5376,1.2257835,-0.8932463,185.7679,55.491104
1.5-473-550,0.0102040816,0.0204081632,0.8902853188558087,-0.0008005354251,1.5,473.0,550.0,473.0,0.735813,649.85333,625.3072,152.30719,0.31256017,-0.42325285,515.4225,-134.43085
1.5-473-550,0.06734693879,0.13469387758,0.9996041061370615,-0.0008988337571,1.5,473.0,550.0,473.0,0.003267011,649.85333,680.92334,207.92334,0.31079343,0.3075264,457.67572,-192.17761
1.5-473-550,0.3289156627,0.6578313254,0.9945113832197316,0.0008942544329,1.5,473.0,550.0,1137.2297,0.19736286,45.988564,881.07446,-256.15527,0.96316904,0.7658062,179.80661,133.81805
1.5-473-550,0.3493975904,0.6987951808,0.8206166047262803,0.0007378900321,1.5,473.0,550.0,692.3694,2.0033689,162.1716,837.9121,145.54272,1.1835147,-0.81985414,200.9592,38.787598
1.5-473-550,0.1060240963,0.2120481926,0.2914697156873968,0.0002620865781,1.5,473.0,550.0,473.0306,1.1354927,649.82446,518.9938,45.963165,0.9713972,-0.16409546,553.8071,-96.017334
1.5-473-550,0.221686747,0.443373494,0.47796385156444166,0.0004297801918,1.5,473.0,550.0,522.44775,1.3243569,599.04816,623.31274,100.86499,1.1478812,-0.17647576,426.14337,-172.90479
1.5-473-550,0.09387755105,0.1877551021,0.9956514833048237,0.0008952795992,1.5,473.0,550.0,473.0,0.04416021,649.85333,696.3892,223.38922,0.35297903,0.30881882,436.6921,-213.16122
1.5-473-550,0.3156626506,0.6313253012,0.22784103821928303,0.0002048723241,1.5,473.0,550.0,551.54895,1.6033676,565.3544,627.9498,76.40088,1.5492811,-0.054086447,378.1084,-187.24597
1.5-473-550,0.2277108433,0.4554216866,0.8705746216627653,-0.0007828117684,1.5,473.0,550.0,689.92847,1.4632558,215.3574,762.42413,72.49567,0.78189933,-0.68135643,321.77798,106.42058
1.5-473-550,0.2975903615,0.595180723,0.9915009044774012,0.0008915474413,1.5,473.0,550.0,1145.7887,0.27484056,45.566597,860.27167,-285.51703,0.8765762,0.6017356,210.73918,165.17258
1.5-473-550,0.3566265061,0.7132530122,0.3542741437603377,0.0003185596755,1.5,473.0,550.0,599.84973,1.850437,493.37512,690.8524,91.002686,1.5598861,-0.29055095,311.95502,-181.4201
1.5-473-550,0.2698795181,0.5397590362,0.9215172744995802,-0.0008286188792,1.5,473.0,550.0,876.62933,1.4888597,66.90299,816.3856,-60.243713,0.8609974,-0.6278623,257.79483,190.89185
1.5-473-550,0.2469879518,0.4939759036,0.47796385156444166,-0.0004297801918,1.5,473.0,550.0,531.21765,1.3983746,589.29596,642.41864,111.20099,1.2228533,-0.17552125,398.36545,-190.93051
1.5-473-550,0.09387755105,0.1877551021,0.9844268823757469,0.0008851865532,1.5,473.0,550.0,473.0,0.16070999,649.85333,693.0647,220.0647,0.3605583,0.19984831,439.2559,-210.59744
1.5-473-550,0.1301204819,0.2602409638,0.9531521909241071,0.0008570646715,1.5,473.0,550.0,543.13995,0.72742707,575.6677,709.0024,165.86243,0.45085114,-0.27657592,412.5618,-163.10593
1.5-473-550,0.3012048193,0.6024096386,0.29146971579860803,-0.0002620865782,1.5,473.0,550.0,545.8363,1.5556648,572.50305,632.5725,86.736206,1.4886878,-0.066977024,379.8587,-192.64435
1.5-473-550,0.1192771084,0.2385542168,0.9956514833048237,-0.0008952795992,1.5,473.0,550.0,676.02234,0.24360336,203.56325,714.2683,38.24597,0.39783153,0.15422817,413.08386,209.52061
1.5-473-550,0.256626506,0.513253012,0.9215172744995802,-0.0008286188792,1.5,473.0,550.0,880.535,1.4624826,66.43018,805.4567,-75.07825,0.8205546,-0.64192796,273.36383,206.93365
1.5-473-550,0.2831325301,0.5662650602,0.9945113832197316,-0.0008942544329,1.5,473.0,550.0,1172.4966,0.16801049,44.29447,850.81134,-321.68524,0.83097357,0.6629631,225.40927,181.1148
1.5-473-550,0.1493975903,0.2987951806,0.9973789934503665,-0.0008968329586,1.5,473.0,550.0,818.7096,0.0857751,76.04438,738.3794,-80.3302,0.45890498,0.37312987,381.388,305.34363
1.5-473-550,0.2578313253,0.5156626506,0.9980223152919674,-0.000897411427,1.5,473.0,550.0,1213.7742,0.054227017,42.48359,832.1541,-381.62006,0.75197726,0.6977503,253.11624,210.63266
1.5-473-550,0.3843373495,0.768674699,0.9999999997775775,-0.0008991897406,1.5,473.0,550.0,1112.5543,2.077271e-08,47.302162,908.5168,-204.03754,1.0994829,1.0994829,136.05952,88.75736
1.5-473-550,0.3698795181,0.7397590362,0.7892004020960466,-0.000709640905,1.5,473.0,550.0,677.26324,2.1159232,213.39485,839.15344,161.8902,1.2598488,-0.85607433,191.31638,-22.078476
1.5-473-550,0.3987951808,0.7975903616,0.7098470004029654,0.0006382871403,1.5,473.0,550.0,662.54645,2.3141882,322.68518,828.7477,166.20123,1.3846587,-0.92952955,188.33568,-134.3495
1.5-473-550,0.1686746988,0.3373493976,0.9671530515086588,0.0008696541017,1.5,473.0,550.0,704.73834,0.75889945,138.24397,744.56244,39.824097,0.5282073,-0.23069215,367.40695,229.16298
1.5-473-550,0.3506024097,0.7012048194,0.4163512323516047,-0.0003743787567,1.5,473.0,550.0,601.72046,1.8310819,490.4939,704.35205,102.63159,1.5139422,-0.31713963,303.00266,-187.49124
1.5-473-550,0.1903614457,0.3807228914,0.9215172744995802,-0.0008286188792,1.5,473.0,550.0,659.0437,1.09778,314.50018,747.68854,88.64484,0.6244482,-0.4733318,353.76596,39.265778
1.5-473-550,0.2457831325,0.491566265,0.9671530515086588,-0.0008696541017,1.5,473.0,550.0,1085.9706,0.84094924,48.772316,811.9053,-274.0653,0.74421126,-0.09673798,274.83768,226.06537
1.5-473-550,0.343373494,0.686746988,0.9915009044774012,0.0008915474413,1.5,473.0,550.0,1110.0215,0.32652858,47.412514,888.1038,-221.91766,1.0051888,0.6786603,167.91313,120.50062
1.5-473-550,0.3566265061,0.7132530122,0.9872047710533666,-0.0008876844022,1.5,473.0,550.0,1075.0353,0.5239125,49.3993,893.44464,-181.59064,1.0437058,0.51979333,158.11906,108.719765
1.5-473-550,0.2277108434,0.4554216868,0.6600967573005477,0.0005935522321,1.5,473.0,550.0,544.0498,1.3520275,574.5748,686.51056,142.46075,0.9946304,-0.35739714,377.2459,-197.32892
1.5-473-550,0.134939759,0.269879518,0.9956514833048237,-0.0008952795992,1.5,473.0,550.0,741.7433,0.18421115,97.690315,726.22314,-15.520142,0.42901224,0.24480109,397.2439,299.5536
1.5-473-550,0.2734939759,0.5469879518,0.999825745120423,-0.0008990330526,1.5,473.0,550.0,1205.513,0.00290533,42.834724,845.1849,-360.32806,0.7972462,0.7943409,234.82588,191.99115
1.5-473-550,0.2879518072,0.5759036144,0.6021818746711394,-0.0005414757638,1.5,473.0,550.0,588.65717,1.5918204,509.27136,716.054,127.39685,1.230131,-0.36168933,321.6912,-187.58017
1.5-473-550,0.134939759,0.269879518,0.29146971579860803,-0.0002620865782,1.5,473.0,550.0,481.94028,1.0888478,641.28644,529.93585,47.995575,1.0480363,-0.04081142,534.2113,-107.075134
1.5-473-550,0.09795918371,0.19591836742,0.22784103821928303,0.0002048723241,1.5,473.0,550.0,473.0,1.1734027,649.85333,506.18573,33.18573,0.9997206,-0.1736821,564.5682,-85.28516
1.5-473-550,0.1493975903,0.2987951806,0.9985491866279087,0.0008978851843,1.5,473.0,550.0,827.1593,0.04626807,74.37553,738.7565,-88.40283,0.45802334,0.41175526,381.09692,306.7214
1.5-473-550,0.4387755102,0.8775510204,0.960723235489121,0.0008638724771,1.5,473.0,550.0,670.14215,1.1749909,255.5859,914.5097,244.36755,1.2458388,0.07084787,113.130775,-142.45514
1.5-473-550,0.04285714285,0.0857142857,0.993141646395439,-0.0008930227796,1.5,473.0,550.0,473.0,0.06792434,649.85333,665.74817,192.74817,0.28406623,0.21614188,476.69586,-173.15747
1.5-473-550,0.4938775511,0.9877551022,0.9844268823757469,0.0008851865532,1.5,473.0,550.0,657.4859,0.7325238,361.7193,929.3568,271.8709,1.315055,0.5825312,88.81179,-272.9075
1.5-473-550,0.1530120482,0.3060240964,0.47796385156444166,-0.0004297801918,1.5,473.0,550.0,493.75143,1.083299,629.33356,578.82086,85.06943,0.9416946,-0.14160442,494.09543,-135.23813
1.5-473-550,0.01836734691,0.03673469382,0.7098470004029654,0.0006382871403,1.5,473.0,550.0,473.0,1.0069484,649.85333,583.87946,110.879456,0.44783944,-0.5591089,542.39667,-107.456665
1.5-473-550,0.1457831325,0.291566265,0.9772248215579286,-0.000878710534,1.5,473.0,550.0,646.7103,0.6585588,400.28415,728.9327,82.22235,0.46618947,-0.19236931,390.31683,-9.967316
1.5-473-550,0.05918367348,0.11836734696,0.998978267368595,0.0008982710093,1.5,473.0,550.0,473.0,0.009693941,649.85333,676.0654,203.06543,0.30038086,0.2906869,463.9711,-185.88223
1.5-473-550,0.09387755105,0.1877551021,0.8206166047262803,-0.0007378900321,1.5,473.0,550.0,473.0,0.8753206,649.85333,644.1452,171.1452,0.48377156,-0.39154905,475.76987,-174.08347
1.5-473-550,0.4653061225,0.930612245,0.16340484097302546,-0.0001469319566,1.5,473.0,550.0,652.85254,2.0112638,380.42426,716.00946,63.15692,1.7552088,-0.256055,265.22736,-115.1969
1.5-473-550,0.3481927711,0.6963855422,0.9985491866279087,-0.0008978851843,1.5,473.0,550.0,1139.9385,0.054426573,45.85505,892.5629,-247.37555,1.011325,0.95689845,162.5688,116.71375
1.5-473-550,0.3891566266,0.7783132532,0.9973789933391554,0.0008968329585,1.5,473.0,550.0,1094.2617,0.13094522,48.281593,909.5587,-184.703,1.1129303,0.9819851,133.45903,85.17744
1.5-473-550,0.2,0.4,0.6021818746711394,-0.0005414757638,1.5,473.0,550.0,523.16046,1.2302707,598.2556,645.15186,121.991394,0.96560663,-0.2646641,422.9256,-175.33002
1.5-473-550,0.3903614458,0.7807228916,0.6021818746711394,0.0005414757638,1.5,473.0,550.0,646.6156,2.1749372,401.28116,789.8409,143.22528,1.4545454,-0.72039187,221.11491,-180.16624
1.5-473-550,0.05102040816,0.10204081632,0.998978267368595,0.0008982710093,1.5,473.0,550.0,473.0,0.009563943,649.85333,671.58185,198.58185,0.29017743,0.28061348,469.87045,-179.98288
1.5-473-550,0.3698795181,0.7397590362,0.7892004020960466,0.000709640905,1.5,473.0,550.0,677.26324,2.1159232,213.39482,839.15344,161.8902,1.2598488,-0.85607433,191.31638,-22.078445
1.5-473-550,0.2421686747,0.4843373494,0.960723235489121,0.0008638724771,1.5,473.0,550.0,1062.9668,0.9537265,50.15113,806.64307,-256.32373,0.7393164,-0.21441007,280.78397,230.63284
1.5-473-550,0.02244897957,0.04489795914,0.9998257452316341,-0.0008990330527,1.5,473.0,550.0,473.0,0.00090696506,649.85333,657.6068,184.60681,0.25837347,0.2574665,488.39395,-161.45938
1.5-473-550,0.265060241,0.530120482,0.47796385156444166,-0.0004297801918,1.5,473.0,550.0,541.30347,1.4564093,577.8385,656.565,115.261536,1.2741022,-0.18230712,378.2469,-199.59161
1.5-473-550,0.4285714286,0.8571428572,0.9811301446957078,-0.0008822221605,1.5,473.0,550.0,687.30414,0.9536726,148.48822,917.1122,229.80804,1.209732,0.25605947,114.46815,-34.020073
1.5-473-550,0.3349397591,0.6698795182,0.9442484491033019,-0.0008490585182,1.5,473.0,550.0,917.95013,1.4991156,61.919563,869.3852,-48.56494,1.0274593,-0.47165632,185.07985,123.160286
1.5-473-550,0.1710843373,0.3421686746,0.9999999997775775,-0.0008991897406,1.5,473.0,550.0,962.4027,2.077271e-08,57.6269,757.49054,-204.91217,0.50781673,0.50781673,356.32025,298.69336
1.5-473-550,0.343373494,0.686746988,0.22784103821928303,0.0002048723241,1.5,473.0,550.0,577.3022,1.743161,526.5535,648.18787,70.88568,1.5984423,-0.14471865,351.89307,-174.66046
1.5-473-550,0.07142857145,0.1428571429,0.8206166047262803,0.0007378900321,1.5,473.0,550.0,473.0,0.87550473,649.85333,632.51324,159.51324,0.44351155,-0.4319932,492.35455,-157.49878
1.5-473-550,0.3277108434,0.6554216868,0.3542741437603377,0.0003185596755,1.5,473.0,550.0,575.07434,1.687657,531.0295,669.157,94.08264,1.5080173,-0.1796397,339.94897,-191.0805
1.5-473-550,0.09591836738,0.19183673476,0.6600967573005477,0.0005935522321,1.5,473.0,550.0,473.0,1.027124,649.85333,598.88184,125.881836,0.6261141,-0.40100998,506.81998,-143.03336
1.5-473-550,0.3831325302,0.7662650604,0.7525573838264147,-0.0006766918789,1.5,473.0,550.0,666.8091,2.1896765,287.48538,834.32104,167.51196,1.3197958,-0.8698807,189.73814,-97.74724
1.5-473-550,0.2734939759,0.5469879518,0.9772248215579286,0.000878710534,1.5,473.0,550.0,1098.2306,0.65960443,48.05207,837.92505,-260.30554,0.8183439,0.15873945,240.0869,192.03482
1.5-473-550,0.2734939759,0.5469879518,0.960723235489121,0.0008638724771,1.5,473.0,550.0,1016.5816,1.0462065,53.275215,832.5105,-184.0711,0.834004,-0.21220249,244.01634,190.74112
1.5-473-550,0.1385542168,0.2771084336,0.16340484119544796,0.0001469319568,1.5,473.0,550.0,482.48407,1.0989281,640.73615,511.00638,28.522308,1.1498615,0.05093336,543.7673,-96.96887
1.5-473-550,0.3361445784,0.6722891568,0.8705746216627653,-0.0007828117684,1.5,473.0,550.0,766.37146,1.9085329,89.39886,846.5268,80.155334,1.1019473,-0.80658555,200.84338,111.44453
1.5-473-550,0.1180722891,0.2361445782,0.9442484491033019,0.0008490585182,1.5,473.0,550.0,516.04254,0.7009104,606.1707,697.3812,181.33868,0.43314695,-0.26776344,426.52838,-179.64233
1.5-473-550,0.3975903615,0.795180723,0.993141646395439,0.0008930227796,1.5,473.0,550.0,1061.7452,0.3757893,50.217537,911.3173,-150.42792,1.1355988,0.7598095,129.05814,78.8406
1.5-473-550,0.213253012,0.426506024,0.8902853188558087,0.0008005354251,1.5,473.0,550.0,713.14764,1.3966246,160.41957,756.7654,43.617737,0.7192053,-0.67741925,334.27765,173.85808
1.5-473-550,0.2493975904,0.4987951808,0.5396442233296441,0.0004852425493,1.5,473.0,550.0,539.2946,1.4139029,580.154,663.51855,124.22394,1.176333,-0.23756993,381.5651,-198.5889
1.5-473-550,0.2771084337,0.5542168674,0.9996041060258503,0.000898833757,1.5,473.0,550.0,1200.8011,0.009630522,43.03495,847.88574,-352.9154,0.8082585,0.798628,230.8582,187.82324
1.5-473-550,0.2421686747,0.4843373494,0.7892004020960466,-0.000709640905,1.5,473.0,550.0,618.68353,1.4716474,461.91083,745.39215,126.70862,0.90853745,-0.56310993,325.83997,-136.07086
1.5-473-550,0.4510204082,0.9020408164,0.6600967573005477,-0.0005935522321,1.5,473.0,550.0,659.1444,1.7669618,355.02414,837.3648,178.2204,1.4976314,-0.26933038,166.39157,-188.63257
1.5-473-550,0.2096385542,0.4192771084,0.8475322498919685,0.0007620923041,1.5,473.0,550.0,609.58405,1.3060464,476.9321,738.3379,128.75385,0.7497768,-0.5562696,349.96814,-126.96396
1.5-473-550,0.09591836738,0.19183673476,0.3542741437603377,0.0003185596755,1.5,473.0,550.0,473.0,1.1502101,649.85333,526.9536,53.953613,0.8950888,-0.25512135,553.3077,-96.545654
1.5-473-550,0.01836734691,0.03673469382,0.9956514833048237,-0.0008952795992,1.5,473.0,550.0,473.0,0.039837442,649.85333,654.71783,181.71783,0.25680783,0.21697038,491.61868,-158.23465
1.5-473-550,0.2265060241,0.4530120482,0.9965972946963587,0.0008961300631,1.5,473.0,550.0,1278.5109,0.0830256,39.977943,805.0951,-473.41577,0.66055405,0.5775285,290.78848,250.81055
1.5-473-550,0.02857142855,0.0571428571,0.9531521908128958,-0.0008570646714,1.5,473.0,550.0,473.0,0.43351737,649.85333,648.4916,175.49158,0.29252824,-0.14098912,493.66534,-156.18799
1.5-473-550,0.2481927711,0.4963855422,0.9337895728803226,-0.000839654004,1.5,473.0,550.0,926.49207,1.3498499,61.099464,802.5724,-123.91968,0.7829734,-0.56687653,280.3322,219.23276
1.5-473-550,0.3180722892,0.6361445784,0.9985491866279087,-0.0008978851843,1.5,473.0,550.0,1164.5176,0.047980152,44.6594,875.82623,-288.69135,0.92903304,0.8810529,188.95174,144.29233
1.5-473-550,0.03265306121,0.06530612242,0.8902853187445975,0.000800535425,1.5,473.0,550.0,473.0,0.7103956,649.85333,634.0079,161.00787,0.33762434,-0.37277123,503.25336,-146.59998
1.5-473-550,0.4326530612,0.8653061224,0.9945113832197316,-0.0008942544329,1.5,473.0,550.0,679.2105,0.35593185,178.90837,921.34735,242.13684,1.2061728,0.85024095,110.305046,-68.603325
1.5-473-550,0.4306122449,0.8612244898,0.6021818746711394,0.0005414757638,1.5,473.0,550.0,656.36346,2.1464984,366.25067,811.67737,155.3139,1.5124251,-0.6340734,191.7996,-174.45107
1.5-473-550,0.1216867469,0.2433734938,0.3542741439827602,-0.0003185596757,1.5,473.0,550.0,476.92087,1.0868294,646.1546,536.30505,59.384186,0.96175915,-0.12507027,536.47504,-109.679565
1.5-473-550,0.2421686747,0.4843373494,0.9772248215579286,0.000878710534,1.5,473.0,550.0,1147.5763,0.5893354,45.479347,812.2008,-335.3755,0.72409433,0.13475895,276.67682,231.19748
1.5-473-550,0.4265306122,0.8530612244,0.9965972946963587,0.0008961300631,1.5,473.0,550.0,692.8113,0.22826721,136.95584,920.40546,227.59418,1.1926229,0.9643557,112.87214,-24.083702
1.5-473-550,0.3674698796,0.7349397592,0.9993254186825348,-0.0008985831642,1.5,473.0,550.0,1125.6133,0.026074072,46.579384,901.6654,-223.94788,1.0596927,1.0336187,147.70444,101.12505
1.5-473-550,0.1313253012,0.2626506024,0.9965972946963587,0.0008961300631,1.5,473.0,550.0,734.02325,0.15462168,101.289894,723.7033,-10.319946,0.42088798,0.2662663,400.75192,299.46204
1.5-473-550,0.1228915662,0.2457831324,0.9811301446957078,-0.0008822221605,1.5,473.0,550.0,594.04565,0.5199081,501.94785,712.4355,118.38983,0.41525194,-0.10465613,413.0099,-88.93796
1.5-473-550,0.05306122449,0.10612244898,0.9811301446957078,-0.0008822221605,1.5,473.0,550.0,473.0,0.19335307,649.85333,667.8417,194.84167,0.30373147,0.1103784,472.12332,-177.73001
1.5-473-550,0.3168674699,0.6337349398,0.999825745120423,0.0008990330526,1.5,473.0,550.0,1171.1968,0.00337418,44.35395,875.46387,-295.7329,0.92441726,0.9210431,189.82455,145.47061
1.5-473-550,0.3445783133,0.6891566266,0.9772248215579286,-0.000878710534,1.5,473.0,550.0,1035.7806,0.8535387,51.897926,884.5932,-151.18744,1.0217985,0.1682598,169.79285,117.89492
1.5-473-550,0.3746987952,0.7493975904,0.999825745120423,-0.0008990330526,1.5,473.0,550.0,1121.541,0.004442057,46.797005,904.7811,-216.75989,1.0768497,1.0724076,142.52278,95.72578
1.5-473-550,0.4510204082,0.9020408164,0.9915009044774012,-0.0008915474413,1.5,473.0,550.0,663.3853,0.4723903,319.40613,924.4683,261.083,1.2420778,0.76968753,102.7766,-216.62952
1.5-473-550,0.2493975904,0.4987951808,0.16340484119544796,0.0001469319568,1.5,473.0,550.0,519.9159,1.3938893,601.8635,568.9375,49.021606,1.43634,0.042450666,451.81912,-150.0444
1.5-473-550,0.3457831326,0.6915662652,0.9726063657286781,-0.0008745576659,1.5,473.0,550.0,1012.05646,1.0037,53.57981,883.8695,-128.18695,1.0293256,0.025625587,169.73515,116.15534
1.5-473-550,0.05918367348,0.11836734696,0.9811301446957078,-0.0008822221605,1.5,473.0,550.0,473.0,0.19501592,649.85333,671.1547,198.15472,0.31158015,0.11656423,467.73294,-182.12039
1.5-473-550,0.006122448946,0.012244897892,0.22784103821928303,0.0002048723241,1.5,473.0,550.0,473.0,1.0640317,649.85333,488.12277,15.122772,0.798998,-0.26503372,605.32355,-44.529785
1.5-473-550,0.2373493976,0.4746987952,0.09831793590232207,8.84064793e-05,1.5,473.0,550.0,516.5844,1.3622967,605.5682,550.5916,34.007202,1.4382061,0.075909376,470.92752,-134.64066
1.5-473-550,0.1963855422,0.3927710844,0.9337895728803226,-0.000839654004,1.5,473.0,550.0,790.545,1.133406,83.76992,757.1904,-33.354553,0.6302052,-0.5032008,343.37033,259.6004
1.5-473-550,0.4285714286,0.8571428572,0.22784103833049427,-0.0002048723242,1.5,473.0,550.0,641.1238,2.1674802,416.45538,707.8955,66.77173,1.7055264,-0.46195388,278.80817,-137.64722
1.5-473-550,0.3759036145,0.751807229,0.9215172744995802,0.0008286188792,1.5,473.0,550.0,852.06903,1.9141692,70.29374,883.27655,31.20752,1.1516725,-0.7624967,156.98979,86.69605
1.5-473-550,0.4387755102,0.8775510204,0.8705746216627653,-0.0007828117684,1.5,473.0,550.0,667.99835,1.5426217,275.57785,891.33417,223.33582,1.3203863,-0.22223544,129.44925,-146.1286
1.5-473-550,0.04693877551,0.09387755102,0.9442484491033019,0.0008490585182,1.5,473.0,550.0,473.0,0.5125875,649.85333,654.74255,181.74255,0.31959477,-0.19299272,483.8404,-166.01294
1.5-473-550,0.3819277109,0.7638554218,0.9726063657286781,0.0008745576659,1.5,473.0,550.0,978.5048,1.1925147,56.18232,900.24835,-78.25647,1.118738,-0.0737766,142.69972,86.5174
1.5-473-550,0.2614457831,0.5228915662,0.16340484097302546,-0.0001469319566,1.5,473.0,550.0,522.69354,1.4234022,598.7748,576.69476,54.00122,1.4643639,0.040961742,440.6522,-158.12259
1.5-473-550,0.3385542169,0.6771084338,0.03282169734692774,-2.951293353e-05,1.5,473.0,550.0,563.87646,1.6952072,549.1565,604.0712,40.194763,1.65589,-0.03931725,391.6286,-157.5279
1.5-473-550,0.4918367347,0.9836734694,0.7892004020960466,-0.000709640905,1.5,473.0,550.0,657.3707,1.6291851,362.18448,883.87256,226.50183,1.4547193,-0.17446578,121.66328,-240.52121
1.5-473-550,0.2120481927,0.4240963854,0.9671530515086588,-0.0008696541017,1.5,473.0,550.0,1150.082,0.7570956,45.358864,782.4674,-367.61462,0.6448164,-0.11227918,315.78418,270.42532
1.5-473-550,0.3662650603,0.7325301206,0.9337895728803226,-0.000839654004,1.5,473.0,550.0,877.58496,1.75687,66.68961,882.5297,4.944763,1.1175132,-0.63935685,161.53049,94.84087
1.5-473-550,0.2457831325,0.491566265,0.6021818746711394,0.0005414757638,1.5,473.0,550.0,547.1705,1.4116789,570.6985,681.3668,134.19635,1.1073976,-0.30428135,370.53857,-200.15991
1.5-473-550,0.2734939759,0.5469879518,0.6021818746711394,0.0005414757638,1.5,473.0,550.0,574.78937,1.5260777,531.16077,704.20776,129.4184,1.1895496,-0.33652818,338.23938,-192.92139
1.5-473-550,0.05510204082,0.11020408164,0.22784103833049427,-0.0002048723242,1.5,473.0,550.0,473.0,1.1904867,649.85333,495.4555,22.455505,0.89872074,-0.29176593,586.6895,-63.16382
1.5-473-550,0.2638554217,0.5277108434,0.09831793589120096,8.840647929e-05,1.5,473.0,550.0,522.4491,1.4281266,599.04663,566.6813,44.232178,1.4977827,0.06965613,447.53302,-151.51361
1.5-473-550,0.4183673469,0.8367346938,0.6021818746711394,-0.0005414757638,1.5,473.0,550.0,654.58875,2.284778,373.41513,805.49164,150.9029,1.4963901,-0.788388,200.10568,-173.30945
1.5-473-550,0.2108433734,0.4216867468,0.998978267368595,0.0008982710093,1.5,473.0,550.0,1290.5951,0.023726007,39.92301,792.0968,-498.4983,0.61375594,0.59002995,309.20175,269.27875
1.5-473-550,0.5,1.0,0.960748093980033,0.0008638948296,1.5,473.0,550.0,657.3649,1.1379676,362.20776,924.9686,267.6037,1.3411348,0.2031672,90.51101,-271.69675
1.5-473-550,0.3927710844,0.7855421688,0.6021818746711394,-0.0005414757638,1.5,473.0,550.0,647.5946,2.1974678,398.15967,791.2709,143.67627,1.4584463,-0.73902154,219.19421,-178.96545
1.5-473-550,0.3289156627,0.6578313254,0.9999999997775775,0.0008991897406,1.5,473.0,550.0,1162.4417,2.077271e-08,44.77439,882.6813,-279.76038,0.9580096,0.9580096,178.68353,133.90915
1.5-473-550,0.2915662651,0.5831325302,0.9671530515086588,0.0008696541017,1.5,473.0,550.0,1029.3154,0.9700968,52.355568,848.2971,-181.01831,0.88195366,-0.08814317,222.5801,170.22452
1.5-473-550,0.1578313253,0.3156626506,0.9772248215579286,-0.000878710534,1.5,473.0,550.0,711.5579,0.621296,118.76414,738.7854,27.227478,0.4938246,-0.12747139,377.11972,258.3556
1.5-473-550,0.2843373494,0.5686746988,0.8206166047262803,0.0007378900321,1.5,473.0,550.0,660.9836,1.6871148,323.04407,792.2773,131.2937,1.0058557,-0.68125916,267.2439,-55.80017
1.5-473-550,0.4653061225,0.930612245,0.16340484119544796,0.0001469319568,1.5,473.0,550.0,652.85254,2.0112638,380.42426,716.0095,63.156982,1.7552088,-0.256055,265.22736,-115.1969
1.5-473-550,0.2590361446,0.5180722892,0.9945113832197316,0.0008942544329,1.5,473.0,550.0,1197.5385,0.1546358,43.173622,832.00024,-365.5382,0.75879806,0.6041623,252.5485,209.37488
1.5-473-550,0.4938775511,0.9877551022,0.9915009044774012,0.0008915474413,1.5,473.0,550.0,657.49066,0.45563504,361.70026,930.8745,273.38385,1.309727,0.8540919,87.77723,-273.92303
1.5-473-550,0.3204819277,0.6409638554,0.9999999997775775,0.0008991897406,1.5,473.0,550.0,1168.8679,2.077271e-08,44.480324,877.7246,-291.1433,0.93447375,0.93447375,186.38858,141.90826
1.5-473-550,0.2759036145,0.551807229,0.9337895728803226,-0.000839654004,1.5,473.0,550.0,910.7029,1.4150069,62.72999,825.3889,-85.313965,0.8672795,-0.54772735,247.8332,185.10321
1.5-473-550,0.3674698796,0.7349397592,0.7098470004029654,-0.0006382871403,1.5,473.0,550.0,652.56244,2.0486712,380.6621,811.48376,158.92133,1.3253387,-0.7233325,212.9127,-167.7494
1.5-473-550,0.373493976,0.746987952,0.9442484491033019,-0.0008490585182,1.5,473.0,550.0,897.1803,1.691651,64.26722,888.82367,-8.356628,1.1250483,-0.5666027,154.07672,89.8095
1.5-473-550,0.3903614458,0.7807228916,0.8902853188558087,-0.0008005354251,1.5,473.0,550.0,804.07043,2.1986573,79.08178,880.2466,76.17615,1.2122498,-0.9864075,153.47508,74.3933
1.5-473-550,0.008163265274,0.016326530548,0.7525573838264147,-0.0006766918789,1.5,473.0,550.0,473.0,1.0172584,649.85333,591.28485,118.28485,0.4034271,-0.6138313,539.91595,-109.93738
1.5-473-550,0.08775510207,0.17551020414,0.9998257452316341,-0.0008990330527,1.5,473.0,550.0,473.0,0.0009952991,649.85333,693.5917,220.59167,0.34044006,0.33944476,441.04468,-208.80865
1.5-473-550,0.2843373494,0.5686746988,0.9671530515086588,-0.0008696541017,1.5,473.0,550.0,1035.5485,0.94786114,51.917824,842.9567,-192.59174,0.8604339,-0.08742726,230.40175,178.48392
1.5-473-550,0.4081632653,0.8163265306,0.9945113832197316,-0.0008942544329,1.5,473.0,550.0,790.1657,0.37754658,82.14585,914.9537,124.787964,1.1571556,0.7796091,122.75211,40.606262
1.5-473-550,0.3060240964,0.6120481928,0.9985491866279087,-0.0008978851843,1.5,473.0,550.0,1172.5126,0.045931302,44.29374,868.148,-304.36456,0.89452404,0.84859276,200.64049,156.34674
1.5-473-550,0.3108433735,0.621686747,0.9998257452316341,-0.0008990330527,1.5,473.0,550.0,1175.6783,0.0032927005,44.148964,871.67,-304.00836,0.90721935,0.9039267,195.61844,151.46948
1.5-473-550,0.2481927711,0.4963855422,0.9993254186825348,-0.0008985831642,1.5,473.0,550.0,1233.0986,0.01656123,41.699867,824.5987,-408.49994,0.72200143,0.7054402,264.11133,222.41147
1.5-473-550,0.4877551021,0.9755102042,0.8475322498919685,0.0007620923041,1.5,473.0,550.0,657.5162,1.5385917,361.59705,897.14655,239.63037,1.4084591,-0.13013268,112.83007,-248.76697
1.5-473-550,0.3638554217,0.7277108434,0.9915009044774012,-0.0008915474413,1.5,473.0,550.0,1090.0184,0.3622063,48.528267,897.94855,-192.06989,1.0579387,0.69573236,151.82002,103.291756
1.5-473-550,0.1120481927,0.2240963854,0.4163512323516047,-0.0003743787567,1.5,473.0,550.0,474.08954,1.0902278,648.8255,545.2316,71.14209,0.88367873,-0.20654911,535.2427,-113.582825
1.5-473-550,0.07142857145,0.1428571429,0.22784103821928303,0.0002048723241,1.5,473.0,550.0,473.0,1.1742929,649.85333,499.0241,26.024109,0.9357373,-0.23855561,578.9481,-70.90521
1.5-473-550,0.148192771,0.296385542,0.8705746216627653,0.0007828117684,1.5,473.0,550.0,524.1418,0.9353321,597.1643,695.71014,171.56836,0.5596112,-0.37572092,414.26108,-182.90323
1.5-473-550,0.4979591837,0.9959183674,0.9811301449181302,0.0008822221607,1.5,473.0,550.0,657.39825,0.8187223,362.07343,929.12067,271.7224,1.3232276,0.50450534,88.09055,-273.98288
1.5-473-550,0.3710843374,0.7421686748,0.9993254186825348,0.0008985831642,1.5,473.0,550.0,1122.4686,0.026652059,46.747444,903.17926,-219.28937,1.068555,1.0419029,145.13092,98.38348
1.5-473-550,0.2975903615,0.595180723,0.8206166047262803,0.0007378900321,1.5,473.0,550.0,667.7,1.7520939,272.04254,802.6349,134.93488,1.0448432,-0.7072507,252.40553,-19.637009
1.5-473-550,0.1530120482,0.3060240964,0.993141646395439,0.0008930227796,1.5,473.0,550.0,808.8618,0.2119307,77.99059,739.98486,-68.87695,0.47028112,0.25835043,378.47632,300.48572
1.5-473-550,0.126506024,0.253012048,0.9215172744995802,0.0008286188792,1.5,473.0,550.0,516.0403,0.79864824,606.1732,696.24176,180.20148,0.46793917,-0.33070907,423.81067,-182.36255
1.5-473-550,0.1831325301,0.3662650602,0.9915009044774012,0.0008915474413,1.5,473.0,550.0,1000.84357,0.19727053,54.418983,765.1441,-235.69946,0.54505825,0.34778774,344.38083,289.96185
1.5-473-550,0.0102040816,0.0204081632,0.16340484097302546,-0.0001469319566,1.5,473.0,550.0,473.0,1.1050403,649.85333,479.97696,6.976959,0.8529854,-0.25205493,608.6109,-41.24243
1.5-473-550,0.04693877551,0.09387755102,0.9872047710533666,0.0008876844022,1.5,473.0,550.0,473.0,0.12906231,649.85333,666.2653,193.26532,0.2924684,0.16340609,475.13034,-174.72299
1.5-473-550,0.2361445783,0.4722891566,0.9998257452316341,0.0008990330527,1.5,473.0,550.0,1264.9545,0.0025411455,40.478188,814.5219,-450.43256,0.6858793,0.68333817,278.3619,237.88373
1.5-473-550,0.2710843374,0.5421686748,0.9996041060258503,-0.000898833757,1.5,473.0,550.0,1207.3358,0.009419998,42.75724,843.24493,-364.09088,0.79023814,0.78081816,237.579,194.82175
1.5-473-550,0.3506024097,0.7012048194,0.8475322498919685,-0.0007620923041,1.5,473.0,550.0,730.5178,2.0101185,105.56985,847.512,116.9942,1.160857,-0.8492615,193.43237,87.862526
1.5-473-550,0.1156626505,0.231325301,0.9872047710533666,0.0008876844022,1.5,473.0,550.0,605.2437,0.3902739,485.08734,709.0048,103.76111,0.39698878,0.0067148805,418.61377,-66.47357
1.5-473-550,0.343373494,0.686746988,0.9915009044774012,-0.0008915474413,1.5,473.0,550.0,1110.0215,0.32652858,47.412514,888.1038,-221.91766,1.0051888,0.6786603,167.91313,120.50062
1.5-473-550,0.4367346939,0.8734693878,0.3542741439827602,-0.0003185596757,1.5,473.0,550.0,646.08466,2.0724614,402.7543,745.21027,99.12561,1.6608479,-0.41161346,244.71193,-158.04237
1.5-473-550,0.2228915662,0.4457831324,0.9956514833048237,-0.0008952795992,1.5,473.0,550.0,1280.832,0.1059204,39.92301,801.6161,-479.21594,0.65092134,0.545001,295.40536,255.48236
1.5-473-550,0.1301204819,0.2602409638,0.9872047710533666,-0.0008876844022,1.5,473.0,550.0,650.24536,0.49382666,389.78806,719.81134,69.56598,0.42528635,-0.068540305,404.2738,14.485748
1.5-473-550,0.3602409639,0.7204819278,0.9872047710533666,0.0008876844022,1.5,473.0,550.0,1071.1215,0.5339657,49.62681,895.12427,-175.9972,1.0528629,0.5188972,155.35176,105.72495
1.5-473-550,0.2506024096,0.5012048192,0.960723235489121,-0.0008638724771,1.5,473.0,550.0,1040.9264,0.9928522,51.580147,813.8199,-227.1065,0.76474243,-0.22810978,270.6773,219.09717
1.5-473-550,0.3638554217,0.7277108434,0.999825745120423,-0.0008990330526,1.5,473.0,550.0,1130.9562,0.004166147,46.29786,900.2415,-230.71466,1.0502595,1.0460933,150.24155,103.94369
1.5-473-550,0.2746987952,0.5493975904,0.3542741439827602,-0.0003185596757,1.5,473.0,550.0,534.6066,1.470014,585.52747,628.7914,94.18475,1.390075,-0.07993901,394.45303,-191.07443
1.5-473-550,0.3277108434,0.6554216868,0.9973789933391554,0.0008968329585,1.5,473.0,550.0,1151.7612,0.09228011,45.272194,881.22266,-270.53857,0.9571378,0.86485773,180.30121,135.02902
1.5-473-550,0.4469387755,0.893877551,0.9895407848051817,-0.0008897849218,1.5,473.0,550.0,665.1271,0.57955563,302.85794,923.2168,258.08972,1.2365166,0.65696096,104.78213,-198.0758
1.5-473-550,0.01224489793,0.02448979586,0.8705746216627653,-0.0007828117684,1.5,473.0,550.0,473.0,0.7800589,649.85333,621.1872,148.1872,0.32740965,-0.45264927,517.8912,-131.96216
1.5-473-550,0.3759036145,0.751807229,0.7098470004029654,0.0006382871403,1.5,473.0,550.0,655.2493,2.106733,370.74857,816.4278,161.17847,1.3423259,-0.76440716,205.89975,-164.84882
1.5-473-550,0.2156626506,0.4313253012,0.9996041060258503,0.000898833757,1.5,473.0,550.0,1290.5627,0.008091351,39.92301,796.5636,-493.99915,0.6268185,0.61872715,303.1964,263.2734
1.5-473-550,0.5,1.0,0.9993256565633628,-0.0008985833781,1.5,473.0,550.0,657.37885,0.04196664,362.1516,933.19745,275.8186,1.312489,1.2705224,84.8796,-277.272
1.5-473-550,0.4877551021,0.9755102042,0.7892004020960466,0.000709640905,1.5,473.0,550.0,657.43884,1.6281594,361.9094,882.9344,225.49554,1.4501185,-0.17804086,123.231606,-238.6778
1.5-473-550,0.4183673469,0.8367346938,0.16340484097302546,-0.0001469319566,1.5,473.0,550.0,635.016,2.2059658,430.59955,685.8967,50.880737,1.7178246,-0.48814118,300.41397,-130.18558
1.5-473-550,0.1927710843,0.3855421686,0.9980223152919674,0.000897411427,1.5,473.0,550.0,1133.3827,0.045985483,46.19169,775.7828,-357.5999,0.5650566,0.51907116,331.2572,285.06552
1.5-473-550,0.1156626505,0.231325301,0.9442484491033019,0.0008490585182,1.5,473.0,550.0,512.4595,0.68785965,610.1135,695.67816,183.21869,0.4284264,-0.25943324,428.81668,-181.29684
1.5-473-550,0.4571428571,0.9142857142,0.8705746216627653,0.0007828117684,1.5,473.0,550.0,660.5894,1.4791343,345.96997,896.153,235.5636,1.3492779,-0.12985647,120.91476,-225.0552
1.5-473-550,0.1674698795,0.334939759,0.9999999997775775,-0.0008991897406,1.5,473.0,550.0,933.188,2.077271e-08,60.380775,754.3882,-178.7998,0.4989937,0.49899366,360.48132,300.10056
1.5-473-550,0.4755102041,0.9510204082,0.22784103833049427,-0.0002048723242,1.5,473.0,550.0,655.6894,1.9634461,368.9718,736.7857,81.09631,1.7407413,-0.22270489,244.91304,-124.05876
1.5-473-550,0.09591836738,0.19183673476,0.22784103833049427,-0.0002048723242,1.5,473.0,550.0,473.0,1.1735555,649.85333,505.5723,32.572296,0.99464,-0.1789155,565.7557,-84.09766
1.5-473-550,0.2481927711,0.4963855422,0.998978267368595,-0.0008982710093,1.5,473.0,550.0,1231.6675,0.026218554,41.75657,824.4856,-407.1819,0.7223142,0.69609565,264.19467,222.43811
1.5-473-550,0.2168674698,0.4337349396,0.960723235489121,-0.0008638724771,1.5,473.0,550.0,1113.622,0.8856123,47.236275,784.5381,-329.08386,0.6644356,-0.22117668,311.54993,264.31366
1.5-473-550,0.4224489796,0.8448979592,0.9531521908128958,-0.0008570646714,1.5,473.0,550.0,702.0425,1.4858388,124.68272,908.45874,206.41626,1.2218773,-0.26396143,122.38575,-2.2969666
1.5-473-550,0.1614457831,0.3228915662,0.9915009044774012,-0.0008915474413,1.5,473.0,550.0,845.1765,0.23529322,71.39283,746.4902,-98.68634,0.49117744,0.25588423,369.47412,298.0813
1.5-473-550,0.2542168675,0.508433735,0.9996041060258503,0.000898833757,1.5,473.0,550.0,1223.7623,0.00899311,42.069893,829.6995,-394.0628,0.7397244,0.7307313,256.9566,214.88672
1.5-473-550,0.395180723,0.790361446,0.9772248215579286,0.000878710534,1.5,473.0,550.0,982.87305,1.1452316,55.827858,906.33826,-76.53479,1.1444968,-0.00073480606,133.37047,77.54261
1.5-473-550,0.1602409638,0.3204819276,0.8206166047262803,-0.0007378900321,1.5,473.0,550.0,524.34204,1.006375,596.94165,688.11993,163.7779,0.6352585,-0.37111646,413.86774,-183.07391
1.5-473-550,0.1855421686,0.3710843372,0.9531521909241071,0.0008570646715,1.5,473.0,550.0,761.74347,0.90650654,92.096565,754.354,-7.3894653,0.5835335,-0.322973,351.3204,259.22385
1.5-473-550,0.1987951807,0.3975903614,0.9442484491033019,0.0008490585182,1.5,473.0,550.0,903.3903,1.0473185,63.785194,762.91345,-140.47687,0.62761813,-0.41970032,337.75922,273.97403
1.5-473-550,0.2819277109,0.5638554218,0.9993254186825348,0.0008985831642,1.5,473.0,550.0,1195.0938,0.018397411,43.277534,851.42865,-343.6651,0.8228955,0.80449814,225.63087,182.35333
1.5-473-550,0.3373493976,0.6746987952,0.9996041060258503,0.000898833757,1.5,473.0,550.0,1153.9304,0.011965534,45.16523,887.247,-266.6834,0.98144436,0.96947885,171.3797,126.21447
1.5-473-550,0.1530120482,0.3060240964,0.5396442233296441,-0.0004852425493,1.5,473.0,550.0,495.7303,1.0736024,627.33093,595.11127,99.38098,0.8846587,-0.18894374,483.18628,-144.14465
1.5-473-550,0.1361445783,0.2722891566,0.9671530515086588,0.0008696541017,1.5,473.0,550.0,580.11053,0.6925245,522.18665,718.077,137.96649,0.45287138,-0.23965311,402.9824,-119.204254
1.5-473-550,0.2795180723,0.5590361446,0.7525573838264147,-0.0006766918789,1.5,473.0,550.0,630.3546,1.6265534,439.87723,763.49536,133.14075,1.0604471,-0.5661063,291.06012,-148.81711
1.5-473-550,0.4938775511,0.9877551022,0.9931416465066502,-0.0008930227797,1.5,473.0,550.0,657.49164,0.3712407,361.69626,931.22516,273.73352,1.3084902,0.9372494,87.53863,-274.15762
1.5-473-550,0.3686746989,0.7373493978,0.9442484491033019,-0.0008490585182,1.5,473.0,550.0,899.51794,1.6613936,63.990242,886.6929,-12.825073,1.1135715,-0.5478221,157.58301,93.592766
1.5-473-550,0.2024096385,0.404819277,0.7525573838264147,0.0006766918789,1.5,473.0,550.0,546.40607,1.2334588,571.77374,698.2081,151.80206,0.82250583,-0.41095293,383.48578,-188.28796
1.5-473-550,0.3807228916,0.7614457832,0.7525573838264147,0.0006766918789,1.5,473.0,550.0,665.8611,2.169346,295.7063,833.0521,167.19104,1.3150222,-0.85432386,191.59248,-104.113815
1.5-473-550,0.06938775512,0.13877551024,0.5396442233296441,0.0004852425493,1.5,473.0,550.0,473.0,1.0891278,649.85333,557.9599,84.9599,0.6749391,-0.41418868,544.0439,-105.80945
1.5-473-550,0.3289156627,0.6578313254,0.3542741437603377,0.0003185596755,1.5,473.0,550.0,576.13184,1.6937406,528.985,670.0724,93.94055,1.510356,-0.18338466,338.75107,-190.23392
1.5-473-550,0.2855421687,0.5710843374,0.9772248215579286,-0.000878710534,1.5,473.0,550.0,1085.3901,0.69053745,48.799416,847.1061,-238.28406,0.8544386,0.16390115,226.74564,177.94623
1.5-473-550,0.3963855422,0.7927710844,0.9215172744995802,0.0008286188792,1.5,473.0,550.0,845.0931,2.1070874,71.406166,891.5483,46.4552,1.196982,-0.91010535,143.22122,71.815056
1.5-473-550,0.3602409639,0.7204819278,0.9895407848051817,0.0008897849218,1.5,473.0,550.0,1083.1648,0.43771127,48.926704,895.77814,-187.38666,1.0506959,0.61298466,154.89977,105.97306
1.5-473-550,0.2361445783,0.4722891566,0.9726063657286781,0.0008745576659,1.5,473.0,550.0,1142.1418,0.6810103,45.75202,805.4672,-336.67462,0.71035326,0.02934295,285.08365,239.33163
1.5-473-550,0.1506024096,0.3012048192,0.8475322498919685,0.0007620923041,1.5,473.0,550.0,520.9548,0.9610561,600.7083,689.8516,168.89685,0.585927,-0.3751291,417.42477,-183.28354
1.5-473-550,0.002040816308,0.004081632616,0.9726063659511005,0.0008745576661,1.5,473.0,550.0,473.0,0.4011061,649.85333,642.2607,169.26068,0.25507584,-0.14603025,504.91568,-144.93765
1.5-473-550,0.3445783133,0.6891566266,0.9965972946963587,0.0008961300631,1.5,473.0,550.0,1133.8413,0.12992884,46.155647,890.18445,-243.65686,1.0036157,0.8736869,165.90169,119.74604
1.5-473-550,0.2722891566,0.5445783132,0.999825745120423,0.0008990330526,1.5,473.0,550.0,1206.873,0.002892813,42.776894,844.2523,-362.62073,0.7936407,0.7907479,236.17462,193.39774
1.5-473-550,0.02653061223,0.05306122446,0.16340484119544796,0.0001469319568,1.5,473.0,550.0,473.0,1.2187502,649.85333,481.97687,8.976868,0.8851991,-0.3335511,602.9474,-46.905945
1.5-473-550,0.008163265274,0.016326530548,0.7892004020960466,-0.000709640905,1.5,473.0,550.0,473.0,0.98219013,649.85333,600.0454,127.04541,0.37766078,-0.6045294,533.85547,-115.99786
1.5-473-550,0.1879518072,0.3759036144,0.9945113832197316,0.0008942544329,1.5,473.0,550.0,1063.6909,0.12869926,50.100258,770.37054,-293.32037,0.5551779,0.42647868,337.90082,287.80057
1.5-473-550,0.1060240963,0.2120481926,0.9811301446957078,0.0008822221605,1.5,473.0,550.0,551.3719,0.36846927,565.61444,700.2952,148.92334,0.38365003,0.015180767,429.1274,-136.48703
1.5-473-550,0.2831325301,0.5662650602,0.9671530515086588,0.0008696541017,1.5,473.0,550.0,1036.6783,0.9439331,51.844612,842.0499,-194.62842,0.8568309,-0.087102234,231.72372,179.87912
1.5-473-550,0.3337349398,0.6674698796,0.6600967573005477,0.0005935522321,1.5,473.0,550.0,631.26105,1.8341068,438.27042,772.00555,140.7445,1.2947913,-0.53931546,257.09705,-181.17337
1.5-473-550,0.1289156626,0.2578313252,0.9945113832197316,0.0008942544329,1.5,473.0,550.0,705.7121,0.26180497,120.76646,721.1877,15.475586,0.41752192,0.15571696,403.7246,282.95816
1.5-473-550,0.2602409639,0.5204819278,0.9996041060258503,0.000898833757,1.5,473.0,550.0,1218.54,0.0091006365,42.281075,834.62396,-383.91608,0.75775075,0.74865013,249.95009,207.669
1.5-473-550,0.3975903615,0.795180723,0.16340484097302546,-0.0001469319566,1.5,473.0,550.0,621.78143,2.132435,457.3253,671.7264,49.944946,1.6963081,-0.43612695,317.30316,-140.02213
1.5-473-550,0.4836734694,0.9673469388,0.9965972946963587,0.0008961300631,1.5,473.0,550.0,657.87854,0.18282117,360.13446,930.7392,272.86066,1.2909164,1.1080953,90.17364,-269.96082
1.5-473-550,0.386746988,0.773493976,0.9915009044774012,0.0008915474413,1.5,473.0,550.0,1067.2253,0.42328212,49.86863,907.1492,-160.07617,1.1127148,0.6894326,136.04526,86.17663
1.5-473-550,0.2493975904,0.4987951808,0.9973789933391554,0.0008968329585,1.5,473.0,550.0,1221.9774,0.07126405,42.140633,824.9733,-397.0041,0.7273485,0.6560845,263.15448,221.01385
1.5-473-550,0.1807228915,0.361445783,0.9965972946963587,-0.0008961300631,1.5,473.0,550.0,1000.0313,0.082255624,54.482246,764.728,-235.30328,0.53472036,0.45246473,345.9328,291.45056
1.5-473-550,0.3036144579,0.6072289158,0.7892004020960466,0.000709640905,1.5,473.0,550.0,652.8298,1.758206,378.5417,795.93146,143.10168,1.093574,-0.66463196,254.10872,-124.43297
1.5-473-550,0.3843373495,0.768674699,0.9071317792997667,-0.0008156835895,1.5,473.0,550.0,828.1966,2.0645845,74.31837,882.6805,54.483887,1.1839228,-0.8806617,154.05301,79.73464
1.5-473-550,0.3722891567,0.7445783134,0.9215172744995802,0.0008286188792,1.5,473.0,550.0,852.93976,1.8901188,70.16657,881.6693,28.729553,1.1432654,-0.7468535,159.60774,89.44117
1.5-473-550,0.1843373494,0.3686746988,0.22784103833049427,-0.0002048723242,1.5,473.0,550.0,502.12265,1.1784207,620.8619,542.2119,40.089264,1.2307135,0.052292824,502.031,-118.83087
1.5-473-550,0.06326530613,0.12653061226,0.8705746216627653,0.0007828117684,1.5,473.0,550.0,473.0,0.7874611,649.85333,642.562,169.56201,0.39285162,-0.39460948,487.79916,-162.05417
1.5-473-550,0.2626506024,0.5253012048,0.9973789933391554,-0.0008968329585,1.5,473.0,550.0,1206.9636,0.07350316,42.77305,835.8523,-371.11133,0.7670081,0.693505,247.69481,204.92175
1.5-473-550,0.3132530121,0.6265060242,0.9337895728803226,0.000839654004,1.5,473.0,550.0,898.9368,1.5284458,64.09095,852.61676,-46.32007,0.9774221,-0.5510237,207.9047,143.81375
1.5-473-550,0.3506024097,0.7012048194,0.8902853188558087,0.0008005354251,1.5,473.0,550.0,803.56433,1.9236993,79.29151,861.28906,57.72473,1.1200541,-0.80364513,183.50256,104.21105
1.5-473-550,0.2518072289,0.5036144578,0.9965972946963587,0.0008961300631,1.5,473.0,550.0,1213.73,0.09397706,42.48548,826.72784,-387.00214,0.7352505,0.64127344,260.50122,218.01575
1.5-473-550,0.1240963855,0.248192771,0.9531521909241071,-0.0008570646715,1.5,473.0,550.0,532.6939,0.6993949,587.6544,704.5309,171.83698,0.43844676,-0.26094812,418.55908,-169.09534
1.5-473-550,0.2313253012,0.4626506024,0.8902853188558087,-0.0008005354251,1.5,473.0,550.0,763.3222,1.4819329,93.71807,772.64996,9.327759,0.77362937,-0.7083035,312.13718,218.4191
1.5-473-550,0.221686747,0.443373494,0.9973789933391554,-0.0008968329585,1.5,473.0,550.0,1288.6056,0.0631974,39.92301,801.13116,-487.47443,0.64594746,0.5827501,296.43805,256.51505
1.5-473-550,0.1638554216,0.3277108432,0.9915009044774012,0.0008915474413,1.5,473.0,550.0,866.1735,0.22321327,68.20771,748.52625,-117.64728,0.49692783,0.27371454,366.7459,298.5382
1.5-473-550,0.1096385542,0.2192771084,0.7892004020960466,0.000709640905,1.5,473.0,550.0,479.21893,0.91291714,643.9777,643.6703,164.45135,0.54213136,-0.37078577,469.77008,-174.20764
1.5-473-550,0.07959183676,0.15918367352,0.47796385156444166,-0.0004297801918,1.5,473.0,550.0,473.0,1.1136158,649.85333,547.1334,74.13342,0.7507583,-0.36285746,547.25214,-102.6012
1.5-473-550,0.3493975904,0.6987951808,0.6021818746711394,-0.0005414757638,1.5,473.0,550.0,627.9853,1.8923129,445.09006,763.1617,135.17639,1.378773,-0.5135399,257.0789,-188.01117
1.5-473-550,0.4040816326,0.8081632652,0.6021818746711394,-0.0005414757638,1.5,473.0,550.0,651.65515,2.2819598,384.46396,797.7727,146.11755,1.4759843,-0.80597544,210.46542,-173.99854
1.5-473-550,0.1373493975,0.274698795,0.9071317792997667,0.0008156835895,1.5,473.0,550.0,523.70013,0.86057955,597.65546,699.57874,175.8786,0.50318015,-0.3573994,416.46753,-181.18793
1.5-473-550,0.3795180723,0.7590361446,0.8705746216627653,0.0007828117684,1.5,473.0,550.0,778.0005,2.1554449,85.50112,869.67145,91.67096,1.2066766,-0.94876826,165.23196,79.73084
1.5-473-550,0.1542168674,0.3084337348,0.7098470004029654,-0.0006382871403,1.5,473.0,550.0,505.71173,1.0357921,617.22974,647.0208,141.30908,0.72434044,-0.31145167,446.59674,-170.633
1.5-473-550,0.4693877551,0.9387755102,0.5396442233296441,0.0004852425493,1.5,473.0,550.0,656.80963,1.8354096,364.4495,812.0861,155.27649,1.5929116,-0.24249804,182.09784,-182.35165
1.5-473-550,0.1192771084,0.2385542168,0.9215172744995802,0.0008286188792,1.5,473.0,550.0,507.01947,0.7699275,615.9063,691.0932,184.07373,0.45301536,-0.31691214,430.78452,-185.1218
1.5-473-550,0.4836734694,0.9673469388,0.9872047710533666,-0.0008876844022,1.5,473.0,550.0,657.8668,0.641264,360.18158,928.6893,270.82245,1.2981398,0.6568758,91.5678,-268.61377
1.5-473-550,0.4795918368,0.9591836736,0.5396442233296441,-0.0004852425493,1.5,473.0,550.0,656.9701,1.8354547,363.8016,816.42706,159.45697,1.6016251,-0.23382962,176.46588,-187.33572
1.5-473-550,0.2060240963,0.4120481926,0.9872047710533666,-0.0008876844022,1.5,473.0,550.0,1202.5833,0.3073605,42.959206,783.90247,-418.6808,0.61032414,0.30296364,318.01117,275.05197
1.5-473-550,0.2542168675,0.508433735,0.9215172744995802,-0.0008286188792,1.5,473.0,550.0,879.09784,1.4600353,66.63148,803.42847,-75.66937,0.813189,-0.6468463,276.23727,209.6058
1.5-473-550,0.2373493976,0.4746987952,0.9965972946963587,-0.0008961300631,1.5,473.0,550.0,1248.5151,0.0874277,41.08921,814.4964,-434.01874,0.69229466,0.604867,277.7029,236.61371
1.5-473-550,0.2879518072,0.5759036144,0.6600967573005477,0.0005935522321,1.5,473.0,550.0,605.2872,1.6188009,484.65237,736.63794,131.35077,1.1761038,-0.44269705,306.3189,-178.33347
1.5-473-550,0.3180722892,0.6361445784,0.9956514833048237,0.0008952795992,1.5,473.0,550.0,1151.1238,0.14959385,45.303627,874.9621,-276.16168,0.93176186,0.78216803,189.55945,144.25583
1.5-473-550,0.0612244898,0.1224489796,0.8902853187445975,0.000800535425,1.5,473.0,550.0,473.0,0.7398226,649.85333,647.04333,174.04333,0.37561992,-0.3642027,485.16946,-164.68387
1.5-473-550,0.4918367347,0.9836734694,0.9772248215579286,0.000878710534,1.5,473.0,550.0,657.53314,0.9050572,361.52866,927.5523,270.01917,1.3175946,0.41253746,90.49474,-271.0339
1.5-473-550,0.3,0.6,0.03282169734692774,-2.951293353e-05,1.5,473.0,550.0,532.8926,1.5290893,587.4335,578.7364,45.84381,1.5919478,0.06285846,424.76364,-162.66983
1.5-473-550,0.3120481928,0.6240963856,0.9985491866279087,-0.0008978851843,1.5,473.0,550.0,1169.1583,0.04681524,44.44718,872.0565,-297.1018,0.9118751,0.8650599,194.71753,150.27036
1.5-473-550,0.1855421686,0.3710843372,0.9671530515086588,0.0008696541017,1.5,473.0,550.0,862.12714,0.70846176,68.933784,759.0967,-103.03046,0.5715977,-0.13686407,347.72992,278.79614
1.5-473-550,0.2084337349,0.4168674698,0.9531521909241071,0.0008570646715,1.5,473.0,550.0,1058.0236,0.97713,50.4936,774.4844,-283.53918,0.64694697,-0.33018303,323.7744,273.28082
1.5-473-550,0.3662650603,0.7325301206,0.7525573838264147,0.0006766918789,1.5,473.0,550.0,660.6909,2.063778,334.40543,825.0481,164.35718,1.2850984,-0.7786795,203.2351,-131.17032
1.5-473-550,0.343373494,0.686746988,0.9999999997775775,0.0008991897406,1.5,473.0,550.0,1150.4194,2.077271e-08,45.360268,890.53424,-259.8852,0.9972378,0.9972378,166.22586,120.86559
1.5-473-550,0.343373494,0.686746988,0.47796385156444166,-0.0004297801918,1.5,473.0,550.0,604.9253,1.810879,485.58206,717.8939,112.96863,1.4603053,-0.35057366,294.87256,-190.7095
1.5-473-550,0.05306122449,0.10612244898,0.03282169734692774,-2.951293353e-05,1.5,473.0,550.0,473.0,1.2176893,649.85333,471.70523,-1.2947693,1.0290078,-0.18868148,599.39813,-50.4552
1.5-473-550,0.3807228916,0.7614457832,0.2914697156873968,0.0002620865781,1.5,473.0,550.0,614.6017,2.0035954,469.8386,691.28546,76.68378,1.62659,-0.37700534,304.3481,-165.49048
1.5-473-550,0.04489795918,0.08979591836,0.7525573838264147,-0.0006766918789,1.5,473.0,550.0,473.0,0.9391873,649.85333,602.908,129.90802,0.453811,-0.4853763,521.8712,-127.98212
1.5-473-550,0.2939759036,0.5879518072,0.3542741437603377,0.0003185596755,1.5,473.0,550.0,546.9153,1.5388385,571.17725,643.3976,96.4823,1.4362707,-0.10256779,374.33032,-196.84692
1.5-473-550,0.2554216867,0.5108433734,0.16340484097302546,-0.0001469319566,1.5,473.0,550.0,521.28534,1.4091835,600.34076,572.7889,51.50354,1.4504806,0.041297078,446.2483,-154.09247
1.5-473-550,0.2602409639,0.5204819278,0.998978267368595,-0.0008982710093,1.5,473.0,550.0,1215.9076,0.027034363,42.392952,834.42236,-381.48523,0.7583223,0.73128796,250.09737,207.7044
1.5-473-550,0.1710843373,0.3421686746,0.998978267368595,0.0008982710093,1.5,473.0,550.0,956.89,0.023753962,58.058754,757.1552,-199.7348,0.50862104,0.48486707,356.5778,298.51904
1.5-473-550,0.365060241,0.730120482,0.8705746216627653,0.0007828117684,1.5,473.0,550.0,773.98944,2.0589995,86.770805,862.70276,88.71332,1.173804,-0.8851955,176.15842,89.38761
1.5-473-550,0.09591836738,0.19183673476,0.6600967573005477,-0.0005935522321,1.5,473.0,550.0,473.0,1.027124,649.85333,598.88184,125.881836,0.6261141,-0.40100998,506.81998,-143.03336
1.5-473-550,0.3530120482,0.7060240964,0.9915009044774012,0.0008915474413,1.5,473.0,550.0,1100.8892,0.34272656,47.90049,892.9335,-207.95569,1.0304346,0.687708,160.10228,112.20179
1.5-473-550,0.1108433734,0.2216867468,0.9442484491033019,-0.0008490585182,1.5,473.0,550.0,504.91797,0.65996337,618.033,692.32574,187.40778,0.41917938,-0.24078399,433.3202,-184.71283
1.5-473-550,0.3180722892,0.6361445784,0.9442484491033019,0.0008490585182,1.5,473.0,550.0,926.16406,1.438212,61.077583,859.1131,-67.050964,0.98091996,-0.45729208,200.78154,139.70395
1.5-473-550,0.3048192771,0.6096385542,0.9973789933391554,-0.0008968329585,1.5,473.0,550.0,1167.7498,0.08502027,44.511574,866.99384,-300.75592,0.8921327,0.80711246,202.096,157.58441
1.5-473-550,0.2518072289,0.5036144578,0.29146971579860803,-0.0002620865782,1.5,473.0,550.0,523.16864,1.4027975,598.2465,596.74744,73.5788,1.3719183,-0.03087914,429.70764,-168.53888
1.5-473-550,0.1518072289,0.3036144578,0.6021818746711394,-0.0005414757638,1.5,473.0,550.0,497.6531,1.0593097,625.3851,612.1968,114.54367,0.821699,-0.2376107,472.1581,-153.22696
1.5-473-550,0.1024096385,0.204819277,0.47796385156444166,0.0004297801918,1.5,473.0,550.0,473.00507,1.099793,649.8486,555.17975,82.17468,0.80508435,-0.2947086,533.0838,-116.76477
1.5-473-550,0.2915662651,0.5831325302,0.998978267368595,-0.0008982710093,1.5,473.0,550.0,1185.452,0.030157944,43.701973,858.3503,-327.10175,0.851817,0.8216591,215.37451,171.67255
1.5-473-550,0.191566265,0.38313253,0.960723235489121,0.0008638724771,1.5,473.0,550.0,899.15564,0.8193205,64.14359,762.1919,-136.96375,0.59325653,-0.22606397,342.20294,278.05936
1.5-473-550,0.2554216867,0.5108433734,0.8705746216627653,0.0007828117684,1.5,473.0,550.0,721.1028,1.6052359,117.25219,786.43115,65.32837,0.8671855,-0.73805046,288.0096,170.75742
1.5-473-550,0.04081632652,0.08163265304,0.22784103833049427,-0.0002048723242,1.5,473.0,550.0,473.0,1.2254719,649.85333,492.81998,19.819977,0.8678759,-0.35759598,592.80725,-57.04608
1.5-473-550,0.3530120482,0.7060240964,0.8705746216627653,-0.0007828117684,1.5,473.0,550.0,770.13226,1.9917771,88.042946,856.33136,86.1991,1.1448394,-0.84693766,185.98079,97.93784
1.5-473-550,0.4326530612,0.8653061224,0.6600967573005477,0.0005935522321,1.5,473.0,550.0,660.73126,2.054991,341.38892,829.63416,168.9029,1.4745133,-0.5804777,177.23212,-164.1568
1.5-473-550,0.3602409639,0.7204819278,0.993141646395439,-0.0008930227796,1.5,473.0,550.0,1101.4379,0.2869598,47.871162,896.7823,-204.65558,1.0473591,0.76039934,154.2064,106.33524
1.5-473-550,0.09183673473,0.18367346946,0.9993254186825348,0.0008985831642,1.5,473.0,550.0,473.0,0.006111345,649.85333,696.1194,223.11938,0.34722963,0.34111828,437.63776,-212.21558
1.5-473-550,0.4061224489,0.8122448978,0.9772248215579286,-0.000878710534,1.5,473.0,550.0,809.7642,1.2395679,77.85255,909.9058,100.1416,1.1680484,-0.071519494,126.926735,49.07419
1.5-473-550,0.3783132531,0.7566265062,0.2914697156873968,0.0002620865781,1.5,473.0,550.0,612.77075,1.9852501,472.9346,689.56775,76.797,1.6233286,-0.36192155,306.47147,-166.46313
1.5-473-550,0.2325301205,0.465060241,0.9337895728803226,0.000839654004,1.5,473.0,550.0,960.9277,1.2794713,57.802315,789.0315,-171.89618,0.7355584,-0.5439129,299.3281,241.52579
1.5-473-550,0.1614457831,0.3228915662,0.4163512323516047,-0.0003743787567,1.5,473.0,550.0,496.12592,1.1063163,626.93054,568.40924,72.283325,1.0207611,-0.085555196,496.64224,-130.2883
1.5-473-550,0.01836734691,0.03673469382,0.5396442233296441,0.0004852425493,1.5,473.0,550.0,473.0,1.1214991,649.85333,545.1734,72.1734,0.57976824,-0.5417308,567.908,-81.94531
1.5-473-550,0.4836734694,0.9673469388,0.9872047710533666,0.0008876844022,1.5,473.0,550.0,657.8668,0.6412633,360.18158,928.6893,270.82245,1.2981398,0.6568765,91.5678,-268.61377
1.5-473-550,0.2361445783,0.4722891566,0.9980223152919674,-0.000897411427,1.5,473.0,550.0,1257.8264,0.04971441,40.741188,813.92914,-443.89728,0.68747824,0.63776386,278.80234,238.06116
1.5-473-550,0.2204819277,0.4409638554,0.9956514833048237,0.0008952795992,1.5,473.0,550.0,1282.0569,0.10558566,39.92301,799.4989,-482.55798,0.64398587,0.53840023,298.33026,258.40726
1.5-473-550,0.1686746988,0.3373493976,0.7098470004029654,-0.0006382871403,1.5,473.0,550.0,515.20087,1.0740746,607.1067,657.2115,142.01062,0.76491284,-0.30916178,431.78064,-175.32605
1.5-473-550,0.05714285715,0.1142857143,0.7098470004029654,-0.0006382871403,1.5,473.0,550.0,473.0,0.9862045,649.85333,596.26245,123.26245,0.50758076,-0.47862375,522.6364,-127.21692
1.5-473-550,0.1060240963,0.2120481926,0.9998257452316341,-0.0008990330527,1.5,473.0,550.0,664.1467,0.004100463,312.17188,705.96027,41.813538,0.37069854,0.36659807,424.75333,112.58145
1.5-473-550,0.4183673469,0.8367346938,0.09831793589120096,8.840647929e-05,1.5,473.0,550.0,633.98315,2.2014067,432.88736,671.44653,37.46338,1.736718,-0.46468866,313.55237,-119.33499
1.5-473-550,0.4326530612,0.8653061224,0.9945113832197316,0.0008942544329,1.5,473.0,550.0,679.2105,0.35593155,178.90833,921.34735,242.13684,1.2061728,0.8502413,110.305046,-68.60328
1.5-473-550,0.3578313254,0.7156626508,0.9965972946963587,-0.0008961300631,1.5,473.0,550.0,1120.9608,0.13899763,46.82801,896.639,-224.32184,1.0380516,0.899054,155.37346,108.54545
1.5-473-550,0.3481927711,0.6963855422,0.9337895728803226,0.000839654004,1.5,473.0,550.0,885.464,1.6648299,65.68827,873.5213,-11.942688,1.0724084,-0.5924214,175.89511,110.20684
1.5-473-550,0.08571428574,0.17142857148,0.8705746216627653,0.0007828117684,1.5,473.0,550.0,473.0,0.7881716,649.85333,654.36115,181.36115,0.42931485,-0.35885674,471.37927,-178.47406
1.5-473-550,0.2,0.4,0.960723235489121,0.0008638724771,1.5,473.0,550.0,1021.7169,0.8212132,52.919197,769.618,-252.09894,0.6164552,-0.20475799,332.05917,279.13998
1.5-473-550,0.01428571426,0.02857142852,0.9993254186825348,-0.0008985831642,1.5,473.0,550.0,473.0,0.005468449,649.85333,653.8324,180.8324,0.25087026,0.24540181,493.30066,-156.55267
1.5-473-550,0.3204819277,0.6409638554,0.9531521909241071,0.0008570646715,1.5,473.0,550.0,953.4848,1.3253436,58.407448,863.4494,-90.0354,0.97909594,-0.34624767,196.46768,138.06024
1.5-473-550,0.1831325301,0.3662650602,0.9993254186825348,0.0008985831642,1.5,473.0,550.0,1043.7909,0.014239987,51.368294,767.7365,-276.05438,0.53871053,0.52447057,342.40067,291.03238
1.5-473-550,0.2626506024,0.5253012048,0.8705746216627653,0.0007828117684,1.5,473.0,550.0,728.94604,1.6249446,110.19172,792.5278,63.581726,0.88944405,-0.7355005,279.36664,169.17493
1.5-473-550,0.4040816326,0.8081632652,0.8206166047262803,-0.0007378900321,1.5,473.0,550.0,720.8324,2.3907175,110.272194,865.242,144.4096,1.3012179,-1.0894996,159.35767,49.085472
1.5-473-550,0.04285714285,0.0857142857,0.9973789934503665,-0.0008968329586,1.5,473.0,550.0,473.0,0.02534314,649.85333,666.87006,193.87006,0.28151277,0.25616962,475.83862,-174.01471
1.5-473-550,0.4204081632,0.8408163264,0.9726063657286781,0.0008745576659,1.5,473.0,550.0,710.98364,1.267023,116.16828,912.8684,201.88477,1.2011747,-0.06584823,120.008446,3.8401642
1.5-473-550,0.2518072289,0.5036144578,0.8206166047262803,0.0007378900321,1.5,473.0,550.0,645.3153,1.5450373,402.28265,765.217,119.90167,0.9064799,-0.6385574,305.66934,-96.61331
1.5-473-550,0.330120482,0.660240964,0.8475322498919685,-0.0007620923041,1.5,473.0,550.0,720.86835,1.9074489,113.277306,835.02875,114.1604,1.1085213,-0.79892755,212.07419,98.79688
1.5-473-550,0.1903614457,0.3807228914,0.9772248215579286,0.000878710534,1.5,473.0,550.0,989.8198,0.5189515,55.287453,766.7115,-223.10834,0.57594603,0.056994557,339.42023,284.13278
1.5-473-550,0.3626506025,0.725301205,0.998978267368595,-0.0008982710093,1.5,473.0,550.0,1127.9365,0.040244244,46.45527,899.47815,-228.45837,1.0480254,1.0077811,151.29143,104.83616
1.5-473-550,0.2734939759,0.5469879518,0.6600967573005477,-0.0005935522321,1.5,473.0,550.0,593.0957,1.5523794,502.83865,724.7373,131.6416,1.1345007,-0.41787863,323.01663,-179.82202
1.5-473-550,0.191566265,0.38313253,0.9337895728803226,0.000839654004,1.5,473.0,550.0,727.20825,1.0806277,118.131615,752.97504,25.766785,0.6168201,-0.46380758,349.14804,231.01642
1.5-473-550,0.104819277,0.209638554,0.960723235489121,-0.0008638724771,1.5,473.0,550.0,502.43295,0.5315079,620.54785,693.2607,190.82773,0.39599863,-0.13550928,434.98654,-185.56131
1.5-473-550,0.008163265274,0.016326530548,0.4163512326852384,0.000374378757,1.5,473.0,550.0,473.0,1.0839791,649.85333,519.0032,46.003174,0.65973204,-0.4242471,586.85504,-62.99829
1.5-473-550,0.2734939759,0.5469879518,0.960723235489121,-0.0008638724771,1.5,473.0,550.0,1016.58154,1.0462065,53.275215,832.5105,-184.07104,0.834004,-0.21220249,244.01634,190.74112
1.5-473-550,0.2289156626,0.4578313252,0.9726063657286781,0.0008745576659,1.5,473.0,550.0,1166.1067,0.65260714,44.594246,799.1772,-366.9295,0.6889516,0.03634447,293.85013,249.25589
1.5-473-550,0.2795180723,0.5590361446,0.9442484491033019,-0.0008490585182,1.5,473.0,550.0,944.09064,1.3182782,59.279243,831.73334,-112.3573,0.86802197,-0.45025623,241.19997,181.92072
1.5-473-550,0.1156626505,0.231325301,0.9915009044774012,-0.0008915474413,1.5,473.0,550.0,632.3304,0.32311007,436.54816,710.3292,77.99884,0.39394483,0.070834756,417.59122,-18.95694
1.5-473-550,0.1096385542,0.2192771084,0.9531521909241071,-0.0008570646715,1.5,473.0,550.0,508.50165,0.6137572,614.3614,694.2411,185.73944,0.41033134,-0.20342585,432.3448,-182.0166
1.5-473-550,0.1602409638,0.3204819276,0.9993254186825348,0.0008985831642,1.5,473.0,550.0,891.0364,0.017056068,64.93177,748.0283,-143.00806,0.48227134,0.46521527,368.8681,303.93634
1.5-473-550,0.4142857143,0.8285714286,0.6021818746711394,-0.0005414757638,1.5,473.0,550.0,654.0792,2.294929,375.4722,803.342,149.26276,1.4907519,-0.80417717,202.99103,-172.48117
1.5-473-550,0.1686746988,0.3373493976,0.8902853188558087,-0.0008005354251,1.5,473.0,550.0,557.9931,0.98720783,556.8754,718.5651,160.57202,0.59396994,-0.3932379,387.01434,-169.86108
1.5-473-550,0.3746987952,0.7493975904,0.9895407848051817,0.0008897849218,1.5,473.0,550.0,1069.9619,0.47496644,49.69596,902.00226,-167.95966,1.0862443,0.61127794,144.42976,94.7338
1.5-473-550,0.4918367347,0.9836734694,0.9993254186825348,-0.0008985831642,1.5,473.0,550.0,657.54706,0.03252437,361.47253,932.3122,274.76514,1.3008811,1.2683568,87.25091,-274.22162
1.5-473-550,0.286746988,0.573493976,0.5396442233296441,-0.0004852425493,1.5,473.0,550.0,571.79767,1.5605612,535.6679,693.7145,121.91681,1.2818379,-0.27872324,339.1162,-196.5517
1.5-473-550,0.3566265061,0.7132530122,0.9980223152919674,0.000897411427,1.5,473.0,550.0,1129.0747,0.078807734,46.394447,896.4765,-232.5982,1.0336579,0.9548502,156.02374,109.629295
1.5-473-550,0.4285714286,0.8571428572,0.9071317792997667,0.0008156835895,1.5,473.0,550.0,683.16223,1.6045511,159.8702,898.148,214.98578,1.2724426,-0.3321085,127.66253,-32.207664
1.5-473-550,0.3710843374,0.7421686748,0.9844268823757469,-0.0008851865532,1.5,473.0,550.0,1046.8668,0.68408775,51.164803,899.1116,-147.75525,1.0822241,0.39813638,147.92865,96.76385
1.5-473-550,0.2915662651,0.5831325302,0.7525573838264147,0.0006766918789,1.5,473.0,550.0,636.3396,1.682178,426.95505,773.24805,136.90845,1.095766,-0.5864121,277.24927,-149.70578
1.5-473-550,0.2554216867,0.5108433734,0.9531521909241071,0.0008570646715,1.5,473.0,550.0,1000.4989,1.131979,54.46232,815.30316,-185.19574,0.78647953,-0.34549946,266.83453,212.37222
1.5-473-550,0.395180723,0.790361446,0.9811301448069191,0.0008822221606,1.5,473.0,550.0,1001.97656,0.9760992,54.330757,907.37164,-94.60492,1.1410038,0.16490465,132.65999,78.32923
1.5-473-550,0.2361445783,0.4722891566,0.6021818746711394,-0.0005414757638,1.5,473.0,550.0,539.72723,1.3745743,579.6305,673.50134,133.77411,1.0778594,-0.2967149,381.7878,-197.84268
1.5-473-550,0.2602409639,0.5204819278,0.16340484097302546,-0.0001469319566,1.5,473.0,550.0,522.4079,1.4205539,599.09247,575.90936,53.501465,1.4616082,0.04105425,441.7732,-157.31927
1.5-473-550,0.1506024096,0.3012048192,0.9215172744995802,0.0008286188792,1.5,473.0,550.0,549.4939,0.87990606,567.87573,714.51154,165.01764,0.5219249,-0.35798115,399.03085,-168.84488
1.5-473-550,0.2843373494,0.5686746988,0.9872047710533666,-0.0008876844022,1.5,473.0,550.0,1137.0399,0.3921807,45.997932,849.39526,-287.64465,0.8414161,0.4492354,225.76292,179.76498
1.5-473-550,0.3277108434,0.6554216868,0.7525573838264147,-0.0006766918789,1.5,473.0,550.0,649.32935,1.8472728,391.18195,800.4003,151.07098,1.1943979,-0.6528748,238.65445,-152.5275
1.5-473-550,0.1012048192,0.2024096384,0.8206166048374914,-0.0007378900322,1.5,473.0,550.0,473.17062,0.8688791,649.6924,648.29504,175.12442,0.4980897,-0.37078938,469.8846,-179.80777
1.5-473-550,0.3120481928,0.6240963856,0.8705746216627653,0.0007828117684,1.5,473.0,550.0,757.76025,1.8107525,92.74955,830.73267,72.97241,1.0362617,-0.77449083,224.28925,131.5397
1.5-473-550,0.1180722891,0.2361445782,0.8705746216627653,0.0007828117684,1.5,473.0,550.0,494.321,0.8508827,628.75714,674.2168,179.89578,0.49133903,-0.35954368,443.90707,-184.85007
1.5-473-550,0.3493975904,0.6987951808,0.03282169734692774,-2.951293353e-05,1.5,473.0,550.0,575.49133,1.7591122,530.1855,611.3592,35.86786,1.6718315,-0.08728075,382.41574,-147.76974
1.5-473-550,0.1831325301,0.3662650602,0.29146971579860803,-0.0002620865782,1.5,473.0,550.0,502.68176,1.1713952,620.2961,553.39557,50.713806,1.1831868,0.011791587,495.2708,-125.02527
1.5-473-550,0.4632653061,0.9265306122,0.16340484119544796,0.0001469319568,1.5,473.0,550.0,652.0446,2.0179198,383.68582,714.76544,62.720825,1.7538735,-0.2640463,266.66663,-117.019196
1.5-473-550,0.3012048193,0.6024096386,0.9811301448069191,0.0008822221606,1.5,473.0,550.0,1091.642,0.6068192,48.433876,859.5395,-232.10248,0.8969787,0.29015946,209.32034,160.88647
1.5-473-550,0.3686746989,0.7373493978,0.8902853187445975,0.000800535425,1.5,473.0,550.0,804.6324,2.0220547,79.00625,870.59467,65.96228,1.1638554,-0.85819924,168.98013,89.973885
1.5-473-550,0.0,0.0,0.8476293021558459,0.0007621795725,1.5,473.0,550.0,473.0,0.90842825,649.85333,611.56537,138.56537,0.32953104,-0.57889724,527.7064,-122.14691
1.5-473-550,0.2253012048,0.4506024096,0.9931416465066502,-0.0008930227797,1.5,473.0,550.0,1267.2335,0.16791625,40.39408,802.895,-464.3385,0.6600891,0.49217284,293.1057,252.71164
1.5-473-550,0.01836734691,0.03673469382,0.9993254186825348,0.0008985831642,1.5,473.0,550.0,473.0,0.0055117817,649.85333,655.63495,182.63495,0.25470588,0.2491941,490.92334,-158.93
1.5-473-550,0.3987951808,0.7975903616,0.6021818746711394,0.0005414757638,1.5,473.0,550.0,649.7796,2.255025,390.858,794.777,144.99738,1.467944,-0.7870809,214.48656,-176.37144
1.5-473-550,0.1843373494,0.3686746988,0.4163512326852384,0.000374378757,1.5,473.0,550.0,506.2528,1.1685904,616.6822,581.6713,75.41852,1.0883665,-0.08022392,475.69614,-140.98605
1.5-473-550,0.1168674698,0.2337349396,0.7098470004029654,-0.0006382871403,1.5,473.0,550.0,481.49576,0.97678727,641.73627,623.8176,142.32187,0.628987,-0.34780025,480.7523,-160.98398
1.5-473-550,0.09183673473,0.18367346946,0.03282169735804886,2.951293354e-05,1.5,473.0,550.0,473.0,1.188328,649.85333,480.37836,7.378357,1.1165917,-0.071736336,580.6087,-69.24463
1.5-473-550,0.4897959184,0.9795918368,0.998978267368595,-0.0008982710093,1.5,473.0,550.0,657.6107,0.051536463,361.21555,932.00195,274.39124,1.2981724,1.2466359,87.917274,-273.29828
1.5-473-550,0.05306122449,0.10612244898,0.9337895728803226,0.000839654004,1.5,473.0,550.0,473.0,0.5766538,649.85333,654.9491,181.9491,0.3343309,-0.24232289,481.8544,-167.99893
1.5-473-550,0.3963855422,0.7927710844,0.6600967573005477,-0.0005935522321,1.5,473.0,550.0,654.9224,2.2591906,372.06805,811.74365,156.82123,1.4202557,-0.8389349,202.1236,-169.94446
1.5-473-550,0.002040816309,0.004081632618,0.9996041062482727,0.0008988337572,1.5,473.0,550.0,473.0,0.0058119507,649.85333,648.7432,175.74323,0.2398987,0.23408675,500.05597,-149.79736
1.5-473-550,0.4571428571,0.9142857142,0.03282169735804886,2.951293354e-05,1.5,473.0,550.0,647.93524,2.0505688,397.64288,683.03296,35.097717,1.7838129,-0.26675594,296.99643,-100.646454
1.5-473-550,0.3662650603,0.7325301206,0.3542741439827602,-0.0003185596757,1.5,473.0,550.0,607.6193,1.9126056,481.34256,697.90985,90.29053,1.575228,-0.33737767,303.01428,-178.32828
1.5-473-550,0.03061224488,0.06122448976,0.6600967573005477,-0.0005935522321,1.5,473.0,550.0,473.0,1.021058,649.85333,575.30237,102.30237,0.50395113,-0.51710683,544.8687,-104.98462
1.5-473-550,0.221686747,0.443373494,0.22784103833049427,-0.0002048723242,1.5,473.0,550.0,514.3177,1.325873,608.0888,563.6199,49.302185,1.3318738,0.006000757,468.67392,-139.41489
1.5-473-550,0.2204819277,0.4409638554,0.9985491866279087,-0.0008978851843,1.5,473.0,550.0,1293.3132,0.034095787,39.92301,800.46,-492.8532,0.64147294,0.6073772,297.60928,257.68628
1.5-473-550,0.2361445783,0.4722891566,0.9531521909241071,0.0008570646715,1.5,473.0,550.0,1043.1248,1.0574512,51.449257,798.861,-244.26373,0.7282756,-0.32917565,289.97974,238.53049
1.5-473-550,0.2674698795,0.534939759,0.998978267368595,-0.0008982710093,1.5,473.0,550.0,1208.9137,0.027622899,42.690163,840.20807,-368.70563,0.7799865,0.7523636,241.81091,199.12076
1.5-473-550,0.3337349398,0.6674698796,0.9993254186825348,0.0008985831642,1.5,473.0,550.0,1155.72,0.022114238,45.077003,885.19403,-270.52594,0.9718818,0.9497676,174.56104,129.48404
1.5-473-550,0.3168674699,0.6337349398,0.5396442233296441,-0.0004852425493,1.5,473.0,550.0,597.118,1.6999462,497.29327,717.7077,120.58972,1.3573805,-0.34256566,306.24725,-191.04602
1.5-473-550,0.1385542168,0.2771084336,0.9895407848051817,0.0008897849218,1.5,473.0,550.0,705.04236,0.40940818,121.428185,727.127,22.084656,0.44112462,0.031716436,394.9606,273.5324
1.5-473-550,0.2807228916,0.5614457832,0.9442484491033019,-0.0008490585182,1.5,473.0,550.0,943.27057,1.3223954,59.354927,832.6643,-110.60626,0.87164754,-0.4507479,239.85204,180.4971
1.5-473-550,0.3168674699,0.6337349398,0.9531521909241071,-0.0008570646715,1.5,473.0,550.0,955.65826,1.3124164,58.211952,861.1567,-94.50159,0.96890706,-0.34350938,199.94507,141.73312
1.5-473-550,0.4326530612,0.8653061224,0.9993254186825348,0.0008985831642,1.5,473.0,550.0,679.2393,0.038404725,178.74194,922.5053,243.26599,1.2021096,1.1637049,109.51913,-69.22282
1.5-473-550,0.2253012048,0.4506024096,0.9215172744995802,0.0008286188792,1.5,473.0,550.0,916.6413,1.3631943,62.2996,778.404,-138.2373,0.7254587,-0.63773566,311.3459,249.0463
1.5-473-550,0.3819277109,0.7638554218,0.9973789933391554,0.0008968329585,1.5,473.0,550.0,1102.7538,0.12282666,47.80085,906.92926,-195.82452,1.0962337,0.9734071,138.10521,90.30436
1.5-473-550,0.4367346939,0.8734693878,0.9772248215579286,-0.000878710534,1.5,473.0,550.0,672.6368,0.98297894,233.35643,918.0887,245.4519,1.228335,0.24535608,111.28098,-122.07545
1.5-473-550,0.1469879518,0.2939759036,0.5396442233296441,0.0004852425493,1.5,473.0,550.0,492.61087,1.0639486,630.4878,591.6774,99.06656,0.86747414,-0.1964745,488.555,-141.9328
1.5-473-550,0.3554216868,0.7108433736,0.9985491866279087,-0.0008978851843,1.5,473.0,550.0,1132.845,0.05652734,46.20475,896.0595,-236.78546,1.0300837,0.97355634,156.85236,110.647606
1.5-473-550,0.1457831325,0.291566265,0.47796385156444166,-0.0004297801918,1.5,473.0,550.0,490.19604,1.0729403,632.9316,574.9406,84.74457,0.9209908,-0.15194952,500.30554,-132.62604
1.5-473-550,0.1,0.2,0.9956540645175475,-0.0008952819202,1.5,473.0,550.0,530.6227,0.06348642,585.91724,700.52185,169.89917,0.36315545,0.29966903,431.2422,-154.67505
1.5-473-550,0.3228915663,0.6457831326,0.7098470004029654,-0.0006382871403,1.5,473.0,550.0,637.51514,1.8040661,424.39798,781.75507,144.23993,1.2226685,-0.58139753,254.84953,-169.54845
1.5-473-550,0.08571428574,0.17142857148,0.9965972946963587,-0.0008961300631,1.5,473.0,550.0,473.0,0.034359954,649.85333,691.3345,218.33447,0.33939317,0.3050332,443.505,-206.34833
1.5-473-550,0.1120481927,0.2240963854,0.9726063657286781,-0.0008745576659,1.5,473.0,550.0,539.3855,0.5101207,580.1329,701.9131,162.52759,0.40067485,-0.10944584,425.51852,-154.61435
1.5-473-550,0.2481927711,0.4963855422,0.3542741437603377,0.0003185596755,1.5,473.0,550.0,524.3465,1.3947747,596.93677,609.2455,84.89899,1.3211677,-0.07360697,422.17584,-174.76093
1.5-473-550,0.2024096385,0.404819277,0.9531521909241071,-0.0008570646715,1.5,473.0,550.0,993.9851,0.9753103,55.00953,769.15826,-224.82684,0.629864,-0.34544635,331.09058,276.08105
1.5-473-550,0.2578313253,0.5156626506,0.22784103821928303,0.0002048723241,1.5,473.0,550.0,523.04675,1.4162676,598.382,587.01324,63.96649,1.4236444,0.00737679,434.27017,-164.11185
1.5-473-550,0.1072289156,0.2144578312,0.9531521909241071,0.0008570646715,1.5,473.0,550.0,503.27072,0.5964007,619.7,692.58844,189.31772,0.40587083,-0.19052985,434.55753,-185.14249
1.5-473-550,0.0,0.0,0.7893346586322618,0.0007097616271,1.5,473.0,550.0,473.0,0.90842825,649.85333,597.7421,124.74213,0.36831328,-0.540115,537.4078,-112.44556
1.5-473-550,0.4183673469,0.8367346938,0.6600967573005477,0.0005935522321,1.5,473.0,550.0,659.6193,2.2939103,347.05518,823.0187,163.39935,1.4545838,-0.8393265,186.4622,-160.59297
1.5-473-550,0.3361445784,0.6722891568,0.6021818746711394,0.0005414757638,1.5,473.0,550.0,621.3262,1.8214651,457.7382,753.62445,132.29828,1.3502572,-0.47120798,270.02487,-187.71332
1.5-473-550,0.221686747,0.443373494,0.8902853188558087,0.0008005354251,1.5,473.0,550.0,759.81354,1.4592186,96.030556,764.1842,4.3706665,0.74443007,-0.71478856,323.95633,227.92578
1.5-473-550,0.2192771084,0.4385542168,0.999825745120423,-0.0008990330526,1.5,473.0,550.0,1297.3315,0.0024145453,39.92301,799.8228,-497.50873,0.6369205,0.634506,298.75412,258.83112
1.5-473-550,0.3879518073,0.7759036146,0.9895407848051817,0.0008897849218,1.5,473.0,550.0,1055.3665,0.5260875,50.623665,907.0648,-148.30164,1.1172367,0.5911492,135.63274,85.00907
1.5-473-550,0.2048192771,0.4096385542,0.9872047710533666,0.0008876844022,1.5,473.0,550.0,1189.5892,0.31404832,43.521523,782.8352,-406.75403,0.6069686,0.29292026,319.47144,275.94992
1.5-473-550,0.1518072289,0.3036144578,0.16340484119544796,0.0001469319568,1.5,473.0,550.0,488.18933,1.108744,634.9624,516.4389,28.249573,1.1848277,0.07608366,534.27875,-100.683655
1.5-473-550,0.09387755105,0.1877551021,0.998978267368595,-0.0008982710093,1.5,473.0,550.0,473.0,0.009678742,649.85333,697.3728,224.3728,0.3507556,0.34107685,435.9315,-213.92184
1.5-473-550,0.06326530613,0.12653061226,0.7098470004029654,0.0006382871403,1.5,473.0,550.0,473.0,0.98859173,649.85333,598.5815,125.58148,0.51830536,-0.47028637,519.02234,-130.831
1.5-473-550,0.1939759036,0.3879518072,0.960723235489121,0.0008638724771,1.5,473.0,550.0,943.30286,0.80800706,59.40821,764.30865,-178.9942,0.5998252,-0.20818186,339.3155,279.9073
1.5-473-550,0.2120481927,0.4240963854,0.8206166047262803,-0.0007378900321,1.5,473.0,550.0,589.92615,1.3122079,508.22186,730.7455,140.81934,0.7836232,-0.5285847,354.17,-154.05185
1.5-473-550,0.3060240964,0.6120481928,0.9980223152919674,-0.000897411427,1.5,473.0,550.0,1170.1324,0.06362482,44.402596,867.98804,-302.1444,0.8950194,0.8313946,200.75372,156.35114
1.5-473-550,0.08367346941,0.16734693882,0.9945113832197316,0.0008942544329,1.5,473.0,550.0,473.0,0.056081794,649.85333,689.42847,216.42847,0.3376288,0.281547,445.68597,-204.16736
1.5-473-550,0.01632653059,0.03265306118,0.9993254186825348,0.0008985831642,1.5,473.0,550.0,473.0,0.005493006,649.85333,654.72833,181.72833,0.25277314,0.24728014,492.11893,-157.7344
1.5-473-550,0.04285714285,0.0857142857,0.9071317792997667,-0.0008156835895,1.5,473.0,550.0,473.0,0.6723205,649.85333,642.88184,169.88184,0.33895412,-0.33336636,493.85065,-156.00269
1.5-473-550,0.1204819277,0.2409638554,0.6600967573005477,0.0005935522321,1.5,473.0,550.0,482.0089,1.0031568,641.2169,611.13226,129.12335,0.68352896,-0.31962782,487.96326,-153.25366
1.5-473-550,0.3060240964,0.6120481928,0.03282169734692774,-2.951293353e-05,1.5,473.0,550.0,536.0141,1.549356,583.9623,582.6169,46.602783,1.6026783,0.053322315,419.566,-164.39627
1.5-473-550,0.2855421687,0.5710843374,0.03282169735804886,2.951293354e-05,1.5,473.0,550.0,527.48126,1.4844531,593.45087,569.5738,42.09253,1.5651072,0.080654144,437.23123,-156.21964
1.5-473-550,0.1927710843,0.3855421686,0.8206166047262803,-0.0007378900321,1.5,473.0,550.0,558.89197,1.1586946,555.728,714.31055,155.41858,0.7260721,-0.43262255,377.19904,-178.52899
1.5-473-550,0.2012048193,0.4024096386,0.8705746216627653,-0.0007828117684,1.5,473.0,550.0,613.67944,1.230513,470.02316,739.23785,125.55841,0.70252526,-0.5279877,354.0853,-115.93787
1.5-473-550,0.1409638554,0.2819277108,0.6600967573005477,0.0005935522321,1.5,473.0,550.0,494.23785,1.0259678,628.8413,622.8984,128.66052,0.736234,-0.28973383,470.18555,-158.65576
1.5-473-550,0.3096385542,0.6192771084,0.16340484119544796,0.0001469319568,1.5,473.0,550.0,542.5155,1.5702838,576.5008,609.4933,66.97778,1.565029,-0.0052547455,395.57333,-180.92746
1.5-473-550,0.3481927711,0.6963855422,0.9973789933391554,-0.0008968329585,1.5,473.0,550.0,1134.4042,0.10103049,46.127876,892.2321,-242.17206,1.0124158,0.9113853,162.79776,116.66988
1.5-473-550,0.2289156626,0.4578313252,0.9337895728803226,0.000839654004,1.5,473.0,550.0,970.2887,1.2671028,57.00544,785.8658,-184.42291,0.7247174,-0.54238546,303.74335,246.73792
1.5-473-550,0.2530120482,0.5060240964,0.998978267368595,0.0008982710093,1.5,473.0,550.0,1222.4015,0.026661476,42.123817,828.5011,-393.9004,0.7366915,0.71003,258.51715,216.39334
1.5-473-550,0.191566265,0.38313253,0.9337895728803226,-0.000839654004,1.5,473.0,550.0,727.2085,1.0806278,118.131325,752.97504,25.76654,0.6168201,-0.4638077,349.14804,231.01672
1.5-473-550,0.3783132531,0.7566265062,0.9993254186825348,-0.0008985831642,1.5,473.0,550.0,1115.8068,0.027900776,47.1034,906.0686,-209.73816,1.085945,1.0580442,140.15546,93.052055
1.5-473-550,0.3120481928,0.6240963856,0.7525573838264147,0.0006766918789,1.5,473.0,550.0,644.44196,1.7751764,406.8951,789.0688,144.62683,1.1531446,-0.6220318,254.79633,-152.09879
1.5-473-550,0.2180722892,0.4361445784,0.9337895728803226,0.000839654004,1.5,473.0,550.0,971.9132,1.2627981,56.900703,776.3156,-195.5976,0.69252944,-0.57026863,317.01016,260.10947
1.5-473-550,0.1879518072,0.3759036144,0.9215172744995802,-0.0008286188792,1.5,473.0,550.0,644.15625,1.071954,402.7264,745.59985,101.4436,0.617807,-0.45414704,356.62985,-46.096558
1.5-473-550,0.2530120482,0.5060240964,0.16340484097302546,-0.0001469319566,1.5,473.0,550.0,520.734,1.4032698,600.95386,571.24164,50.50763,1.4448546,0.04158485,448.47992,-152.47394
1.5-473-550,0.2662650602,0.5325301204,0.4163512326852384,0.000374378757,1.5,473.0,550.0,535.3194,1.4510444,584.73486,639.3289,104.00952,1.3251771,-0.12586737,390.55496,-194.1799
1.5-473-550,0.4061224489,0.8122448978,0.6021818746711394,-0.0005414757638,1.5,473.0,550.0,652.3722,2.288231,382.0294,798.909,146.5368,1.4790162,-0.8092147,208.94044,-173.08894
1.5-473-550,0.156626506,0.313253012,0.998978267368595,-0.0008982710093,1.5,473.0,550.0,869.1185,0.028301438,67.815926,744.88196,-124.23657,0.4741187,0.44581726,373.00723,305.1913
1.5-473-550,0.2,0.4,0.7525573838264147,-0.0006766918789,1.5,473.0,550.0,544.53076,1.2176292,574.0513,696.21985,151.68909,0.81516933,-0.40245986,386.3097,-187.74158
1.5-473-550,0.1277108433,0.2554216866,0.09831793589120096,8.840647929e-05,1.5,473.0,550.0,477.71848,1.1049017,645.4022,498.5192,20.80072,1.1637046,0.058802962,555.8045,-89.59772
1.5-473-550,0.4,0.8,0.9985499196211469,-0.0008978858434,1.5,473.0,550.0,1028.63,0.079201184,53.231148,913.48615,-115.14386,1.1360782,1.056877,126.68903,73.457886
1.5-473-550,0.2096385542,0.4192771084,0.9993254186825348,0.0008985831642,1.5,473.0,550.0,1287.0204,0.014790436,39.92301,791.1458,-495.87457,0.6100856,0.5952952,310.57614,270.65314
1.5-473-550,0.4387755102,0.8775510204,0.9337895728803226,-0.000839654004,1.5,473.0,550.0,669.54315,1.3398902,261.0509,907.77423,238.23108,1.2682605,-0.07162976,117.80808,-143.24283
1.5-473-550,0.3807228916,0.7614457832,0.960723235489121,-0.0008638724771,1.5,473.0,550.0,936.4351,1.4845736,60.001686,896.4937,-39.941406,1.1267918,-0.35778177,145.78394,85.78225
1.5-473-550,0.4612244898,0.9224489796,0.29146971579860803,-0.0002620865782,1.5,473.0,550.0,653.1057,1.9772413,379.4023,743.7324,90.62671,1.7077497,-0.26949155,241.15327,-138.24904
1.5-473-550,0.2843373494,0.5686746988,0.9811301448069191,0.0008822221606,1.5,473.0,550.0,1107.3414,0.5703977,47.555702,847.4601,-259.88135,0.8471464,0.27674872,227.15604,179.60034
1.5-473-550,0.2289156626,0.4578313252,0.9965972946963587,-0.0008961300631,1.5,473.0,550.0,1272.927,0.08334186,40.184,807.1976,-465.72943,0.6675624,0.5842206,287.87152,247.68753
1.5-473-550,0.3132530121,0.6265060242,0.47796385156444166,0.0004297801918,1.5,473.0,550.0,582.18396,1.6581968,519.4227,694.777,112.59302,1.3964893,-0.26170754,325.62238,-193.80035
1.5-473-550,0.1084337349,0.2168674698,0.998978267368595,-0.0008982710093,1.5,473.0,550.0,666.5116,0.04871174,289.70316,707.40985,40.898254,0.37553677,0.32682502,422.7018,132.99866
1.5-473-550,0.1084337349,0.2168674698,0.9996041060258503,0.000898833757,1.5,473.0,550.0,671.68555,0.017981907,241.87279,707.5998,35.914246,0.37510636,0.35712445,422.55466,180.68187
1.5-473-550,0.02857142855,0.0571428571,0.9945113832197316,0.0008942544329,1.5,473.0,550.0,473.0,0.05196031,649.85333,659.10046,186.10046,0.26763842,0.2156781,485.66934,-164.18399
1.5-473-550,0.01836734691,0.03673469382,0.4163512326852384,0.000374378757,1.5,473.0,550.0,473.0,1.1530567,649.85333,520.4702,47.470215,0.6776599,-0.4753968,583.30994,-66.543396
1.5-473-550,0.02244897957,0.04489795914,0.3542741439827602,-0.0003185596757,1.5,473.0,550.0,473.0,1.1796029,649.85333,509.91916,36.91916,0.734037,-0.44556588,588.5127,-61.340637
1.5-473-550,0.2385542169,0.4771084338,0.7525573838264147,0.0006766918789,1.5,473.0,550.0,592.57996,1.4319092,503.49786,728.84644,136.26648,0.93472344,-0.49718577,340.0706,-163.42728
1.5-473-550,0.4632653061,0.9265306122,0.9895407848051817,0.0008897849218,1.5,473.0,550.0,660.13214,0.5476076,350.17007,926.1874,266.05524,1.264379,0.7167714,98.29876,-251.8713
1.5-473-550,0.1590361445,0.318072289,0.960723235489121,0.0008638724771,1.5,473.0,550.0,628.31067,0.80826306,443.91455,734.3442,106.03351,0.5098728,-0.29839027,379.93268,-63.981873
1.5-473-550,0.1602409638,0.3204819276,0.9811301446957078,-0.0008822221605,1.5,473.0,550.0,758.8963,0.5120051,91.07011,742.0779,-16.81842,0.4964505,-0.015554577,373.44016,282.37006
1.5-473-550,0.3060240964,0.6120481928,0.9442484491033019,-0.0008490585182,1.5,473.0,550.0,930.9966,1.3997234,60.58265,851.1199,-79.87671,0.9464755,-0.4532479,212.76848,152.18582
1.5-473-550,0.3385542169,0.6771084338,0.9772248215579286,0.000878710534,1.5,473.0,550.0,1041.1466,0.832096,51.537514,881.3769,-159.76971,1.0057563,0.17366028,174.8963,123.35879
1.5-473-550,0.1843373494,0.3686746988,0.9993254186825348,-0.0008985831642,1.5,473.0,550.0,1052.9077,0.014425,50.78022,768.7922,-284.11554,0.5418235,0.5273985,340.9752,290.19498
1.5-473-550,0.4469387755,0.893877551,0.29146971579860803,-0.0002620865782,1.5,473.0,550.0,647.7055,2.024413,398.27747,735.23627,87.53076,1.6968589,-0.32755423,251.22289,-147.05458
1.5-473-550,0.4081632653,0.8163265306,0.16340484097302546,-0.0001469319566,1.5,473.0,550.0,628.7875,2.1862273,444.00134,678.9896,50.20215,1.7076714,-0.47855592,308.61432,-135.38702
1.5-473-550,0.3192771085,0.638554217,0.9872047710533666,-0.0008876844022,1.5,473.0,550.0,1109.2653,0.44311318,47.45295,873.16864,-236.09662,0.94314986,0.5000367,190.20613,142.75317
1.5-473-550,0.4306122449,0.8612244898,0.4163512326852384,0.000374378757,1.5,473.0,550.0,646.7135,2.1584406,401.01736,758.32886,111.61536,1.6243638,-0.5340768,235.03741,-165.97995
1.5-473-550,0.330120482,0.660240964,0.9442484491033019,0.0008490585182,1.5,473.0,550.0,920.4924,1.4801567,61.65882,866.5611,-53.931274,1.0143797,-0.46577692,189.43445,127.77563
1.5-473-550,0.09183673473,0.18367346946,0.9811301446957078,0.0008822221605,1.5,473.0,550.0,473.0,0.19473208,649.85333,690.7522,217.7522,0.35945883,0.16472675,441.776,-208.07733
1.5-473-550,0.0102040816,0.0204081632,0.9999999997775775,-0.0008991897406,1.5,473.0,550.0,473.0,2.077271e-08,649.85333,652.2374,179.23743,0.24677266,0.24677265,495.49805,-154.35529
1.5-473-550,0.1903614458,0.3807228916,0.6600967573005477,-0.0005935522321,1.5,473.0,550.0,523.6725,1.1723129,597.6862,656.81494,133.14246,0.87863475,-0.2936781,420.1175,-177.56873
1.5-473-550,0.06734693879,0.13469387758,0.6600967573005477,0.0005935522321,1.5,473.0,550.0,473.0,1.0250355,649.85333,587.06946,114.06946,0.567402,-0.4576335,525.49286,-124.36047
1.5-473-550,0.1409638554,0.2819277108,0.09831793590232207,-8.84064793e-05,1.5,473.0,550.0,483.21613,1.1022465,639.99524,503.3956,20.179474,1.197317,0.09507048,547.0027,-92.99255
1.5-473-550,0.3795180723,0.7590361446,0.9985491866279087,-0.0008978851843,1.5,473.0,550.0,1110.9155,0.0649273,47.364754,906.32587,-204.58966,1.0895042,1.0245769,139.48955,92.124794
1.5-473-550,0.4714285714,0.9428571428,0.9215172744995802,0.0008286188792,1.5,473.0,550.0,658.6871,1.3387709,356.87027,911.7485,253.0614,1.3307369,-0.008033991,106.216515,-250.65375
1.5-473-550,0.0897959184,0.1795918368,0.9973789934503665,-0.0008968329586,1.5,473.0,550.0,473.0,0.026227495,649.85333,694.2054,221.20538,0.34526572,0.3190382,439.84756,-210.00577
1.5-473-550,0.3891566266,0.7783132532,0.8475322498919685,0.0007620923041,1.5,473.0,550.0,748.0531,2.2871735,95.84243,866.9931,118.94,1.2481204,-1.0390531,163.45189,67.60946
1.5-473-550,0.2891566265,0.578313253,0.4163512323516047,-0.0003743787567,1.5,473.0,550.0,551.0585,1.5332124,565.8557,657.0826,106.02411,1.3837413,-0.14947116,365.87564,-199.98007
1.5-473-550,0.1072289156,0.2144578312,0.6600967573005477,0.0005935522321,1.5,473.0,550.0,474.31882,1.0021182,648.60925,604.2735,129.95468,0.6517507,-0.35036755,498.4689,-150.14035
1.5-473-550,0.1638554216,0.3277108432,0.5396442233296441,0.0004852425493,1.5,473.0,550.0,501.28802,1.0960488,621.70654,601.5867,100.298645,0.9162231,-0.17982572,473.15363,-148.55292
1.5-473-550,0.2265060241,0.4530120482,0.9931416465066502,-0.0008930227797,1.5,473.0,550.0,1264.8257,0.16812094,40.482918,803.9492,-460.87646,0.6635881,0.4954672,291.64478,251.16187
1.5-473-550,0.08163265309,0.16326530618,0.9215172744995802,0.0008286188792,1.5,473.0,550.0,473.0,0.6375438,649.85333,666.94684,193.94684,0.38464305,-0.25290075,463.49667,-186.35666
1.5-473-550,0.3060240964,0.6120481928,0.6021818746711394,0.0005414757638,1.5,473.0,550.0,602.95074,1.6761073,488.41043,730.57874,127.62799,1.2780848,-0.39802253,301.57776,-186.83267
1.5-473-550,0.07959183676,0.15918367352,0.29146971579860803,-0.0002620865782,1.5,473.0,550.0,473.0,1.1625905,649.85333,511.00003,38.00003,0.90602255,-0.25656796,569.1481,-80.70526
1.5-473-550,0.4938775511,0.9877551022,0.5396442233296441,-0.0004852425493,1.5,473.0,550.0,657.1345,1.8352064,363.13806,822.1266,164.99207,1.6128,-0.22240639,169.06342,-194.07465
1.5-473-550,0.3168674699,0.6337349398,0.9980223152919674,0.000897411427,1.5,473.0,550.0,1163.0533,0.06614598,44.726357,874.9263,-288.12708,0.92611367,0.8599677,190.20276,145.47641
1.5-473-550,0.1301204819,0.2602409638,0.9726063657286781,-0.0008745576659,1.5,473.0,550.0,580.2662,0.6325742,521.6241,715.1914,134.92523,0.43610266,-0.19647154,407.8278,-113.796295
1.5-473-550,0.03673469387,0.07346938774,0.999825745120423,0.0008990330526,1.5,473.0,550.0,473.0,0.0009444564,649.85333,664.4232,191.42322,0.27319798,0.2722535,479.41595,-170.43738
1.5-473-550,0.2722891566,0.5445783132,0.9811301446957078,-0.0008822221605,1.5,473.0,550.0,1120.4198,0.5446032,46.85691,838.25165,-282.16815,0.8110469,0.26644367,240.526,193.6691
1.5-473-550,0.1518072289,0.3036144578,0.9872047710533666,-0.0008876844022,1.5,473.0,550.0,755.7301,0.39823243,92.17588,737.06573,-18.664368,0.4720858,0.07385337,381.28494,289.10907
1.5-473-550,0.3530120482,0.7060240964,0.7098470004029654,-0.0006382871403,1.5,473.0,550.0,648.05927,1.9594806,396.00516,802.4964,154.43713,1.2944202,-0.6650604,225.62369,-170.38147
1.5-473-550,0.2843373494,0.5686746988,0.47796385156444166,0.0004297801918,1.5,473.0,550.0,556.8718,1.5295067,558.37067,671.8738,115.00195,1.3258212,-0.20368552,356.875,-201.49567
1.5-473-550,0.2168674698,0.4337349396,0.9872047710533666,-0.0008876844022,1.5,473.0,550.0,1242.5662,0.31019613,41.324623,793.4967,-449.06946,0.6409774,0.33078125,304.83676,263.51215
1.5-473-550,0.1301204819,0.2602409638,0.9965972946963587,-0.0008961300631,1.5,473.0,550.0,729.0784,0.15817721,103.87217,722.7712,-6.307251,0.418443,0.26026577,401.98764,298.11548
1.5-473-550,0.02040816324,0.04081632648,0.7892004020960466,-0.000709640905,1.5,473.0,550.0,473.0,0.90154237,649.85333,603.8237,130.82373,0.3924919,-0.5090505,528.11945,-121.73389
1.5-473-550,0.2686746988,0.5373493976,0.9872047710533666,0.0008876844022,1.5,473.0,550.0,1154.3348,0.36950478,45.1453,837.37476,-316.96008,0.79450047,0.4249957,243.19391,198.04861
1.5-473-550,0.386746988,0.773493976,0.2914697156873968,0.0002620865781,1.5,473.0,550.0,619.0189,2.0522146,462.30386,695.55005,76.53113,1.634509,-0.41770566,299.09445,-163.20941
1.5-473-550,0.1373493975,0.274698795,0.993141646395439,0.0008930227796,1.5,473.0,550.0,730.8354,0.2778233,102.927925,727.32245,-3.5129395,0.43590197,0.15807867,395.34116,292.41324
1.5-473-550,0.2903614458,0.5807228916,0.9215172744995802,-0.0008286188792,1.5,473.0,550.0,870.0541,1.556813,67.80772,832.3627,-37.691406,0.92271113,-0.63410187,234.72745,166.91974
1.5-473-550,0.2156626506,0.4313253012,0.9993254186825348,-0.0008985831642,1.5,473.0,550.0,1289.498,0.015172681,39.92301,796.4712,-493.02686,0.6270574,0.6118847,303.26593,263.34293
1.5-473-550,0.1602409638,0.3204819276,0.9337895728803226,-0.000839654004,1.5,473.0,550.0,578.8394,0.8930176,524.736,726.3695,147.53009,0.53496313,-0.35805446,385.39804,-139.33798
1.5-473-550,0.2096385542,0.4192771084,0.9973789933391554,0.0008968329585,1.5,473.0,550.0,1279.4996,0.06294992,39.9961,790.4993,-489.0003,0.61174005,0.54879016,311.06412,271.06802
1.5-473-550,0.3012048193,0.6024096386,0.8206166047262803,-0.0007378900321,1.5,473.0,550.0,669.52637,1.7696992,257.891,805.37555,135.84918,1.055267,-0.71443224,248.46347,-9.427521
1.5-473-550,0.1807228915,0.361445783,0.9071317792997667,0.0008156835895,1.5,473.0,550.0,596.4119,1.0296912,498.0916,734.4283,138.01636,0.6109771,-0.4187141,368.8587,-129.23291
1.5-473-550,0.1590361445,0.318072289,0.22784103833049427,-0.0002048723242,1.5,473.0,550.0,491.83908,1.1161317,631.26886,529.6217,37.782623,1.1610804,0.044948697,522.718,-108.55084
1.5-473-550,0.05714285715,0.1142857143,0.9215172744995802,-0.0008286188792,1.5,473.0,550.0,473.0,0.6353252,649.85333,653.6412,180.64117,0.34808996,-0.28723523,481.57324,-168.28009
1.5-473-550,0.08571428574,0.17142857148,0.9442484491033019,-0.0008490585182,1.5,473.0,550.0,473.0,0.52282465,649.85333,676.0267,203.02667,0.37506792,-0.14775673,455.20828,-194.64505
1.5-473-550,0.3915662651,0.7831325302,0.16340484097302546,-0.0001469319566,1.5,473.0,550.0,617.44055,2.0768223,465.03802,667.5457,50.105164,1.6894377,-0.38738453,322.33768,-142.70035
1.5-473-550,0.3819277109,0.7638554218,0.09831793590232207,-8.84064793e-05,1.5,473.0,550.0,608.27466,1.9897367,480.3288,646.5794,38.30475,1.6976295,-0.29210722,343.24194,-137.08685
1.5-473-550,0.2445783133,0.4891566266,0.9993254186825348,-0.0008985831642,1.5,473.0,550.0,1241.4241,0.016277095,41.36991,821.555,-419.86908,0.71125317,0.6949761,268.39847,227.02856
1.5-473-550,0.03061224488,0.06122448976,0.03282169735804886,2.951293354e-05,1.5,473.0,550.0,473.0,1.2431239,649.85333,468.01624,-4.9837646,0.98165745,-0.26146644,608.52264,-41.33069
1.5-473-550,0.3795180723,0.7590361446,0.9811301448069191,0.0008822221606,1.5,473.0,550.0,1021.7417,0.85905415,52.882515,901.6343,-120.10742,1.1053545,0.2463004,142.71127,89.82876
1.5-473-550,0.2939759036,0.5879518072,0.9993254186825348,0.0008985831642,1.5,473.0,550.0,1184.9037,0.019220075,43.72706,860.1648,-324.7389,0.85859853,0.8393785,212.76892,169.04187
1.5-473-550,0.05510204082,0.11020408164,0.9726063657286781,-0.0008745576659,1.5,473.0,550.0,473.0,0.2863945,649.85333,666.6057,193.60571,0.31170782,0.025313318,472.44794,-177.4054
1.5-473-550,0.3855421687,0.7710843374,0.9872047710533666,-0.0008876844022,1.5,473.0,550.0,1046.1168,0.6272565,51.212563,905.56537,-140.55145,1.1138287,0.48657215,137.60414,86.39158
1.5-473-550,0.4938775511,0.9877551022,0.8475322498919685,-0.0007620923041,1.5,473.0,550.0,657.391,1.53989,362.10257,898.32745,240.93646,1.4159046,-0.12398541,110.65174,-251.45084
1.5-473-550,0.05714285715,0.1142857143,0.03282169734692774,-2.951293353e-05,1.5,473.0,550.0,473.0,1.2071499,649.85333,472.47742,-0.522583,1.0378971,-0.16925275,597.6037,-52.249634
1.5-473-550,0.2397590361,0.4795180722,0.960723235489121,-0.0008638724771,1.5,473.0,550.0,1069.7792,0.9429614,49.739388,804.5702,-265.20898,0.7320811,-0.21088028,283.69135,233.95197
1.5-473-550,0.2903614458,0.5807228916,0.9945113832197316,0.0008942544329,1.5,473.0,550.0,1166.2765,0.17250593,44.578957,856.0984,-310.1781,0.8524402,0.67993426,217.64294,173.064
1.5-473-550,0.3578313254,0.7156626508,0.9996041060258503,0.000898833757,1.5,473.0,550.0,1135.3184,0.013220092,46.0828,897.47375,-237.8446,1.0352671,1.022047,154.79802,108.71522
1.5-473-550,0.2180722892,0.4361445784,0.9965972946963587,-0.0008961300631,1.5,473.0,550.0,1282.9583,0.08255609,39.92301,797.69135,-485.2669,0.63626575,0.5537097,301.02063,261.09763
1.5-473-550,0.2373493976,0.4746987952,0.9337895728803226,-0.000839654004,1.5,473.0,550.0,946.789,1.3041269,59.119698,793.2322,-153.55682,0.75008225,-0.5540446,293.4549,234.3352
1.5-473-550,0.09183673473,0.18367346946,0.9973789933391554,0.0008968329585,1.5,473.0,550.0,473.0,0.026230713,649.85333,695.5463,222.54633,0.34852263,0.3222919,438.08096,-211.77237
1.5-473-550,0.0612244898,0.1224489796,0.9215172744995802,0.0008286188792,1.5,473.0,550.0,473.0,0.6372386,649.85333,655.7312,182.7312,0.35377833,-0.2834603,478.72922,-171.12411
1.5-473-550,0.1060240963,0.2120481926,0.7098470004029654,0.0006382871403,1.5,473.0,550.0,474.30548,0.97111213,648.6218,617.95935,143.65387,0.6040892,-0.36702293,489.50195,-159.11987
1.5-473-550,0.1120481927,0.2240963854,0.6600967573005477,-0.0005935522321,1.5,473.0,550.0,476.94147,1.0005107,646.1352,606.6994,129.75793,0.66309035,-0.33742034,494.73923,-151.39597
1.5-473-550,0.05306122449,0.10612244898,0.999825745120423,-0.0008990330526,1.5,473.0,550.0,473.0,0.0009874313,649.85333,672.9139,199.91388,0.29215458,0.29116714,468.24356,-181.60977
1.5-473-550,0.3879518073,0.7759036146,0.5396442233296441,0.0004852425493,1.5,473.0,550.0,638.70496,2.1281354,421.891,768.52496,129.82,1.495587,-0.63254845,238.6987,-183.19229
1.5-473-550,0.0244897959,0.0489795918,0.9215172744995802,0.0008286188792,1.5,473.0,550.0,473.0,0.6000442,649.85333,638.64453,165.64453,0.30788586,-0.29215834,502.05383,-147.7995
1.5-473-550,0.2421686747,0.4843373494,0.5396442233296441,0.0004852425493,1.5,473.0,550.0,534.9033,1.3881301,585.1975,657.75574,122.85242,1.1547761,-0.23335397,389.8143,-195.38321
1.5-473-550,0.4081632653,0.8163265306,0.9071317792997667,0.0008156835895,1.5,473.0,550.0,764.3274,2.0669599,89.381294,891.73224,127.40485,1.2338591,-0.8331008,138.88768,49.506386
1.5-473-550,0.02653061223,0.05306122446,0.09831793589120096,8.840647929e-05,1.5,473.0,550.0,473.0,1.2219809,649.85333,474.25787,1.2578735,0.9302823,-0.29169863,606.8407,-43.012634
1.5-473-550,0.278313253,0.556626506,0.9215172744995802,0.0008286188792,1.5,473.0,550.0,872.53723,1.5156798,67.46885,823.1116,-49.42566,0.88657284,-0.629107,248.13292,180.66406
1.5-473-550,0.1506024096,0.3012048192,0.9985491866279087,-0.0008978851843,1.5,473.0,550.0,834.0161,0.045211457,73.17402,739.74646,-94.26965,0.46072114,0.41550967,379.77817,306.60416
1.5-473-550,0.3963855422,0.7927710844,0.9993254186825348,-0.0008985831642,1.5,473.0,550.0,1094.7407,0.032663964,48.25376,912.52014,-182.22058,1.127436,1.0947721,128.68706,80.4333
1.5-473-550,0.2012048193,0.4024096386,0.999825745120423,0.0008990330526,1.5,473.0,550.0,1230.2217,0.0023961274,41.81388,783.8417,-446.38,0.586338,0.5839419,320.65784,278.84396
1.5-473-550,0.2361445783,0.4722891566,0.9999999998887887,0.0008991897407,1.5,473.0,550.0,1265.3335,2.077271e-08,40.478188,814.5791,-450.7544,0.68572503,0.68572503,278.3194,237.84122
1.5-473-550,0.2590361446,0.5180722892,0.6021818746711394,0.0005414757638,1.5,473.0,550.0,559.54425,1.4649206,554.93164,692.27747,132.73322,1.1472979,-0.31762278,355.04337,-199.88828
1.5-473-550,0.1939759036,0.3879518072,0.47796385156444166,0.0004297801918,1.5,473.0,550.0,512.6675,1.2089603,609.9238,603.83453,91.16705,1.0637623,-0.14519799,455.25815,-154.66568
1.5-473-550,0.2662650602,0.5325301204,0.9811301448069191,0.0008822221606,1.5,473.0,550.0,1128.1222,0.53302974,46.44535,833.4838,-294.63837,0.79291666,0.25988692,247.38312,200.93777
1.5-473-550,0.1975903614,0.3951807228,0.9671530515086588,-0.0008696541017,1.5,473.0,550.0,1018.22504,0.72767,53.15943,769.67737,-248.54767,0.6041898,-0.1234802,333.31857,280.15915
1.5-473-550,0.3192771085,0.638554217,0.7892004020960466,-0.000709640905,1.5,473.0,550.0,657.70416,1.826947,353.06213,807.42786,149.7237,1.136753,-0.690194,237.60667,-115.45546
1.5-473-550,0.3626506025,0.725301205,0.9998257452316341,-0.0008990330527,1.5,473.0,550.0,1131.9303,0.0041406364,46.249855,899.71094,-232.21936,1.0472438,1.0431032,151.13132,104.88146
1.5-473-550,0.2,0.4,0.9442484491033019,0.0008490585182,1.5,473.0,550.0,923.8852,1.045812,61.45704,763.9745,-159.9107,0.63099724,-0.41481477,336.30408,274.84705
1.5-473-550,0.1072289156,0.2144578312,0.9671530515086588,-0.0008696541017,1.5,473.0,550.0,518.1963,0.5120147,603.7749,696.87146,178.67517,0.39573506,-0.11627963,431.28668,-172.48822
1.5-473-550,0.4408163265,0.881632653,0.8705746216627653,0.0007828117684,1.5,473.0,550.0,666.59894,1.5278982,288.87335,891.908,225.30908,1.3237345,-0.20416367,128.44772,-160.42563
1.5-473-550,0.1590361445,0.318072289,0.9071317792997667,0.0008156835895,1.5,473.0,550.0,553.1266,0.93116134,563.1746,716.441,163.31439,0.55461246,-0.3765489,393.4732,-169.70142
1.5-473-550,0.1373493975,0.274698795,0.9872047710533666,-0.0008876844022,1.5,473.0,550.0,678.93286,0.49541476,182.20163,725.43115,46.49829,0.44030693,-0.055107832,396.8002,214.59857
1.5-473-550,0.4244897959,0.8489795918,0.3542741437603377,0.0003185596755,1.5,473.0,550.0,643.14154,2.2125022,410.88306,737.6303,94.48877,1.6490064,-0.5634959,253.90195,-156.98111
1.5-473-550,0.2951807229,0.5903614458,0.3542741437603377,0.0003185596755,1.5,473.0,550.0,547.8189,1.5435891,570.03186,644.3165,96.49762,1.439037,-0.10455215,373.08023,-196.95163
1.5-473-550,0.3349397591,0.6698795182,0.9945113832197316,0.0008942544329,1.5,473.0,550.0,1132.0359,0.20256312,46.244637,884.462,-247.57391,0.97968435,0.77712125,174.48483,128.2402
1.5-473-550,0.3096385542,0.6192771084,0.6600967573005477,-0.0005935522321,1.5,473.0,550.0,619.5319,1.7197541,460.8637,753.9247,134.39276,1.2350117,-0.4847424,282.1949,-178.66882
1.5-473-550,0.126506024,0.253012048,0.3542741437603377,0.0003185596755,1.5,473.0,550.0,478.9263,1.0827906,644.2629,538.2699,59.343597,0.97474045,-0.10805017,533.0503,-111.212585
1.5-473-550,0.09183673473,0.18367346946,0.3542741437603377,0.0003185596755,1.5,473.0,550.0,473.0,1.1497616,649.85333,525.6467,52.64673,0.88498527,-0.2647763,555.74725,-94.10608
1.5-473-550,0.2481927711,0.4963855422,0.7525573838264147,-0.0006766918789,1.5,473.0,550.0,605.4345,1.4827602,484.14227,737.113,131.67847,0.9647938,-0.5179664,328.37692,-155.76535
1.5-473-550,0.2445783133,0.4891566266,0.960723235489121,-0.0008638724771,1.5,473.0,550.0,1056.603,0.9652759,50.55979,808.70654,-247.89648,0.7465663,-0.21870959,277.88467,227.32489
1.5-473-550,0.1867469879,0.3734939758,0.8705746216627653,0.0007828117684,1.5,473.0,550.0,576.85657,1.0973339,527.9596,726.83093,149.97437,0.6610588,-0.43627512,371.28412,-156.67548
1.5-473-550,0.08163265309,0.16326530618,0.09831793590232207,-8.84064793e-05,1.5,473.0,550.0,473.0,1.1857399,649.85333,484.72574,11.725739,1.0511509,-0.13458896,582.5847,-67.268616
1.5-473-550,0.4306122449,0.8612244898,0.9215172744995802,-0.0008286188792,1.5,473.0,550.0,680.0759,1.48683,174.05751,902.5019,222.42596,1.2640013,-0.22282875,123.96374,-50.093773
1.5-473-550,0.1168674698,0.2337349396,0.22784103833049427,-0.0002048723242,1.5,473.0,550.0,474.4798,1.1130644,648.4574,512.3827,37.902893,1.0479248,-0.06513965,552.9115,-95.5459
1.5-473-550,0.4489795918,0.8979591836,0.8475322498919685,-0.0007620923041,1.5,473.0,550.0,662.4775,1.5399275,328.03174,888.06635,225.58887,1.3551117,-0.18481576,128.92796,-199.10378
1.5-473-550,0.3253012049,0.6506024098,0.9996041060258503,0.000898833757,1.5,473.0,550.0,1163.8801,0.011382183,44.688545,880.4747,-283.40546,0.94834995,0.9369678,182.02786,137.33932
1.5-473-550,0.2253012048,0.4506024096,0.9337895728803226,0.000839654004,1.5,473.0,550.0,977.5741,1.2626143,56.39628,782.68964,-194.88446,0.71392804,-0.5486862,308.1641,251.76782
1.5-473-550,0.1192771084,0.2385542168,0.9726063657286781,-0.0008745576659,1.5,473.0,550.0,554.6419,0.56726307,561.19403,707.1096,152.46771,0.41441017,-0.1528529,418.60068,-142.59335
1.5-473-550,0.386746988,0.773493976,0.6600967573005477,0.0005935522321,1.5,473.0,550.0,652.0428,2.1686857,382.76883,806.3653,154.32251,1.4037027,-0.76498294,209.57326,-173.19557
1.5-473-550,0.1662650602,0.3325301204,0.2914697156873968,0.0002620865781,1.5,473.0,550.0,495.75482,1.1257033,627.3061,544.4549,48.700073,1.1353129,0.00960958,509.73376,-117.57233
1.5-473-550,0.3120481928,0.6240963856,0.9895407848051817,-0.0008897849218,1.5,473.0,550.0,1126.6981,0.35264114,46.52143,869.333,-257.3651,0.9203756,0.5677345,196.64122,150.11978
1.5-473-550,0.2493975904,0.4987951808,0.9999999997775775,-0.0008991897406,1.5,473.0,550.0,1232.5778,2.077271e-08,41.736305,825.82666,-406.7511,0.72498274,0.72498274,262.52615,220.78986
1.5-473-550,0.4183673469,0.8367346938,0.9985491866279087,0.0008978851843,1.5,473.0,550.0,721.17786,0.099495076,108.70553,918.81274,197.63489,1.1747221,1.075227,116.624565,7.919037
1.5-473-550,0.1337349397,0.2674698794,0.7525573838264147,-0.0006766918789,1.5,473.0,550.0,495.24258,0.9782897,627.8245,647.084,151.8414,0.63051105,-0.34777868,456.6089,-171.21564
1.5-473-550,0.4183673469,0.8367346938,0.5396442233296441,-0.0004852425493,1.5,473.0,550.0,650.34515,2.2711062,389.54453,786.7183,136.37317,1.5384661,-0.73264015,214.99568,-174.54884
1.5-473-550,0.2602409639,0.5204819278,0.9996041060258503,-0.000898833757,1.5,473.0,550.0,1218.54,0.0091006365,42.281075,834.62396,-383.91608,0.75775075,0.74865013,249.95009,207.669
1.5-473-550,0.1867469879,0.3734939758,0.6021818746711394,0.0005414757638,1.5,473.0,550.0,516.532,1.1614987,605.62646,635.4347,118.90271,0.9248423,-0.23665637,437.26306,-168.3634
1.5-473-550,0.3120481928,0.6240963856,0.9337895728803226,-0.000839654004,1.5,473.0,550.0,899.4276,1.5240829,64.03266,851.814,-47.613586,0.97398555,-0.55009735,209.10591,145.07324
1.5-473-550,0.1240963855,0.248192771,0.9772248215579286,0.000878710534,1.5,473.0,550.0,580.58673,0.563909,520.7854,712.1099,131.5232,0.42048857,-0.14342043,412.75677,-108.028625
1.5-473-550,0.1156626505,0.231325301,0.9671530515086588,0.0008696541017,1.5,473.0,550.0,535.7304,0.57840645,584.27783,702.8014,167.07098,0.41143966,-0.1669668,423.38245,-160.89539
1.5-473-550,0.3361445784,0.6722891568,0.4163512323516047,-0.0003743787567,1.5,473.0,550.0,590.6825,1.7506905,506.58932,693.48334,102.80084,1.4870359,-0.2636546,317.12994,-189.45938
1.5-473-550,0.1445783132,0.2891566264,0.9945113832197316,0.0008942544329,1.5,473.0,550.0,774.73395,0.19653542,86.121925,733.5344,-41.199524,0.45040694,0.2538715,387.32343,301.2015
1.5-473-550,0.3240963856,0.6481927712,0.09831793589120096,8.840647929e-05,1.5,473.0,550.0,551.1455,1.6253726,565.9381,606.4861,55.340576,1.6139826,-0.01139009,393.4878,-172.45032
1.5-473-550,0.4224489796,0.8448979592,0.9980223152919674,-0.000897411427,1.5,473.0,550.0,705.0205,0.13527294,121.449776,919.73926,214.71875,1.1833638,1.0480908,114.64535,-6.804428
1.5-473-550,0.1807228915,0.361445783,0.9945113832197316,0.0008942544329,1.5,473.0,550.0,988.147,0.13310136,55.40763,764.0378,-224.10919,0.5364042,0.40330285,346.46057,291.05295
1.5-473-550,0.05510204082,0.11020408164,0.6021818746711394,-0.0005414757638,1.5,473.0,550.0,473.0,1.0575615,649.85333,568.4248,95.424805,0.5931198,-0.46444172,542.04584,-107.807495
1.5-473-550,0.09591836738,0.19183673476,0.9993254186825348,0.0008985831642,1.5,473.0,550.0,473.0,0.006098351,649.85333,698.8442,225.84418,0.35386226,0.3477639,434.04932,-215.80402
1.5-473-550,0.1409638554,0.2819277108,0.22784103821928303,0.0002048723241,1.5,473.0,550.0,483.98737,1.0960592,639.21484,521.6521,37.664734,1.1118582,0.015799046,536.3509,-102.86395
1.5-473-550,0.2445783133,0.4891566266,0.9973789934503665,-0.0008968329586,1.5,473.0,550.0,1233.409,0.06953963,41.68754,820.9186,-412.49048,0.71299994,0.64346033,268.86868,227.18115
1.5-473-550,0.148192771,0.296385542,0.999825745120423,0.0008990330526,1.5,473.0,550.0,831.5364,0.0033128469,73.57377,738.18024,-93.35614,0.45438406,0.4510712,382.0938,308.52005
1.5-473-550,0.1602409638,0.3204819276,0.9811301448069191,0.0008822221606,1.5,473.0,550.0,758.89624,0.5120051,91.07012,742.0779,-16.81836,0.4964505,-0.015554577,373.44016,282.37003
1.5-473-550,0.4367346939,0.8734693878,0.9337895728803226,-0.000839654004,1.5,473.0,550.0,671.511,1.3510993,243.26343,907.2668,235.7558,1.2646632,-0.08643603,118.76876,-124.49467
1.5-473-550,0.3614457832,0.7228915664,0.9993254186825348,-0.0008985831642,1.5,473.0,550.0,1130.5619,0.025267264,46.3173,899.03735,-231.52454,1.0446781,1.0194108,152.1224,105.80511
1.5-473-550,0.4632653061,0.9265306122,0.9915009044774012,-0.0008915474413,1.5,473.0,550.0,660.1422,0.45633906,350.10068,926.6337,266.49152,1.262812,0.80647296,97.99505,-252.10562
1.5-473-550,0.3614457832,0.7228915664,0.7525573838264147,-0.0006766918789,1.5,473.0,550.0,659.13055,2.032643,345.979,822.22974,163.09918,1.2746294,-0.7580137,207.31476,-138.66425
1.5-473-550,0.02040816324,0.04081632648,0.5396442233296441,0.0004852425493,1.5,473.0,550.0,473.0,1.1219574,649.85333,545.56976,72.56976,0.58312833,-0.5388291,567.1131,-82.740234
1.5-473-550,0.01836734691,0.03673469382,0.9965972946963587,-0.0008961300631,1.5,473.0,550.0,473.0,0.030973455,649.85333,654.954,181.95398,0.25626573,0.22529228,491.43976,-158.41357
1.5-473-550,0.1469879518,0.2939759036,0.8705746216627653,0.0007828117684,1.5,473.0,550.0,522.8865,0.9319293,598.5603,694.79785,171.91138,0.5566864,-0.3752429,415.51907,-183.04123
1.5-473-550,0.2578313253,0.5156626506,0.9973789933391554,0.0008968329585,1.5,473.0,550.0,1211.0167,0.07262107,42.600777,831.9461,-379.07062,0.7525643,0.67994326,253.26854,210.66776
1.5-473-550,0.3602409639,0.7204819278,0.8902853187445975,0.000800535425,1.5,473.0,550.0,803.0421,1.9764189,79.37917,866.3991,63.356995,1.1438038,-0.832615,175.57237,96.1932
1.5-473-550,0.04081632652,0.08163265304,0.6021818746711394,0.0005414757638,1.5,473.0,550.0,473.0,1.0570992,649.85333,564.32245,91.32245,0.567287,-0.4898122,549.1944,-100.658936
1.5-473-550,0.4387755102,0.8775510204,0.03282169734692774,-2.951293353e-05,1.5,473.0,550.0,642.6025,2.0520809,412.372,671.2782,28.67572,1.7702432,-0.2818377,310.53528,-101.83673
1.5-473-550,0.06938775512,0.13877551024,0.9872047710533666,0.0008876844022,1.5,473.0,550.0,473.0,0.13245709,649.85333,678.6385,205.63849,0.32150182,0.18904473,458.77554,-191.07779
1.5-473-550,0.2204819277,0.4409638554,0.9337895728803226,-0.000839654004,1.5,473.0,550.0,979.2492,1.2578655,56.268074,778.4427,-200.80652,0.6996335,-0.55823207,314.06186,257.7938
1.5-473-550,0.1060240963,0.2120481926,0.9895407848051817,-0.0008897849218,1.5,473.0,550.0,593.47406,0.25289348,502.77612,702.8474,109.37335,0.37778106,0.124887586,427.16055,-75.61557
1.5-473-550,0.1831325301,0.3662650602,0.9872047710533666,-0.0008876844022,1.5,473.0,550.0,976.00305,0.2927136,56.40339,763.7152,-212.28784,0.54857206,0.25585845,345.47076,289.06738
1.5-473-550,0.2409638554,0.4819277108,0.9726063657286781,0.0008745576659,1.5,473.0,550.0,1127.1202,0.6979479,46.502968,809.62085,-317.4994,0.72472566,0.026777744,279.26932,232.76636
1.5-473-550,0.156626506,0.313253012,0.8705746216627653,0.0007828117684,1.5,473.0,550.0,533.4177,0.96099204,586.84955,702.2093,168.79156,0.5805236,-0.38046843,405.29782,-181.55173
1.5-473-550,0.2373493976,0.4746987952,0.9999999997775775,-0.0008991897406,1.5,473.0,550.0,1261.8448,2.077271e-08,40.607002,815.6147,-446.23016,0.6892707,0.6892707,276.87274,236.26575
1.5-473-550,0.1036144578,0.2072289156,0.9945113832197316,-0.0008942544329,1.5,473.0,550.0,612.4073,0.13572873,473.41763,702.67053,90.263245,0.37013313,0.2344044,428.21896,-45.19867
1.5-473-550,0.1710843373,0.3421686746,0.9993254186825348,-0.0008985831642,1.5,473.0,550.0,958.929,0.015009185,57.880806,757.26917,-201.65985,0.50834775,0.49333856,356.4903,298.6095
1.5-473-550,0.4857142857,0.9714285714,0.9872047710533666,-0.0008876844022,1.5,473.0,550.0,657.7645,0.6413325,360.59467,928.9548,271.19025,1.3011627,0.6598302,90.91572,-269.67896
1.5-473-550,0.4326530612,0.8653061224,0.9895407848051817,-0.0008897849218,1.5,473.0,550.0,679.0838,0.6413872,179.62953,920.1451,241.06128,1.2103684,0.5689812,111.12289,-68.506645
1.5-473-550,0.4408163265,0.881632653,0.993141646395439,-0.0008930227796,1.5,473.0,550.0,669.02936,0.4266955,265.78207,922.8152,253.78583,1.2225189,0.79582345,106.836464,-158.94562
1.5-473-550,0.2602409639,0.5204819278,0.9772248215579286,0.000878710534,1.5,473.0,550.0,1113.9866,0.6317359,47.202858,827.3316,-286.65497,0.77840686,0.14667094,255.28125,208.0784
1.5-473-550,0.4591836735,0.918367347,0.9215172744995802,-0.0008286188792,1.5,473.0,550.0,660.5415,1.3349892,346.4254,909.34503,248.80353,1.3121173,-0.022871852,111.01585,-235.40958
1.5-473-550,0.04489795918,0.08979591836,0.8902853188558087,-0.0008005354251,1.5,473.0,550.0,473.0,0.7242492,649.85333,639.3107,166.31073,0.3530185,-0.3712307,495.87857,-153.97476
1.5-473-550,0.1879518072,0.3759036144,0.3542741439827602,-0.0003185596757,1.5,473.0,550.0,505.95908,1.187877,616.97943,569.3291,63.370026,1.1496588,-0.03821826,482.10498,-134.87445
1.5-473-550,0.2337349397,0.4674698794,0.9915009044774012,-0.0008915474413,1.5,473.0,550.0,1238.6426,0.21495976,41.48014,809.6953,-428.94727,0.6861867,0.47122693,283.30554,241.82541
1.5-473-550,0.3,0.6,0.9671530515086588,-0.0008696541017,1.5,473.0,550.0,1021.8186,0.9964834,52.891426,854.3008,-167.51782,0.9068051,-0.08967829,213.70645,160.81503
1.5-473-550,0.1879518072,0.3759036144,0.5396442233296441,0.0004852425493,1.5,473.0,550.0,513.09784,1.174052,609.44525,617.267,104.16919,0.9886582,-0.18539381,449.28406,-160.1612
1.5-473-550,0.1590361445,0.318072289,0.7892004020960466,0.000709640905,1.5,473.0,550.0,517.9086,1.0183654,604.0956,676.615,158.70636,0.6614824,-0.356883,422.87775,-181.21783
1.5-473-550,0.4040816326,0.8081632652,0.960723235489121,-0.0008638724771,1.5,473.0,550.0,831.3571,1.6309259,73.85752,904.9284,73.57129,1.1783223,-0.45260358,131.0854,57.227882
1.5-473-550,0.08163265309,0.16326530618,0.9671530515086588,0.0008696541017,1.5,473.0,550.0,473.0,0.34295294,649.85333,680.2237,207.2237,0.35275915,0.009806216,453.45523,-196.3981
1.5-473-550,0.4265306122,0.8530612244,0.6021818746711394,-0.0005414757638,1.5,473.0,550.0,655.6865,2.218449,368.98346,809.65894,153.97241,1.5072234,-0.71122575,194.5107,-174.47276
1.5-473-550,0.2518072289,0.5036144578,0.8705746216627653,0.0007828117684,1.5,473.0,550.0,712.6871,1.5892615,127.173225,783.3497,70.6626,0.8560346,-0.73322695,292.36658,165.19336
1.5-473-550,0.1072289156,0.2144578312,0.9872047710533666,-0.0008876844022,1.5,473.0,550.0,583.7735,0.30189446,516.0601,702.98206,119.20856,0.38154718,0.07965273,426.59116,-89.46896
1.5-473-550,0.126506024,0.253012048,0.9772248215579286,-0.000878710534,1.5,473.0,550.0,586.8999,0.57887614,512.2637,713.91583,127.01593,0.42530742,-0.15356871,410.35257,-101.9111
1.5-473-550,0.1506024096,0.3012048192,0.3542741439827602,-0.0003185596757,1.5,473.0,550.0,489.8701,1.0944283,633.2615,549.1331,59.26303,1.0416548,-0.052773476,514.6334,-118.62805
1.5-473-550,0.3265060241,0.6530120482,0.9215172744995802,-0.0008286188792,1.5,473.0,550.0,865.43475,1.670821,68.428566,857.1788,-8.255981,1.0264715,-0.64434946,197.90129,129.47272
1.5-473-550,0.4,0.8,0.960748093980033,-0.0008638948296,1.5,473.0,550.0,909.20544,1.6585797,62.91877,903.5857,-5.619751,1.1696539,-0.4889258,133.4885,70.569725
1.5-473-550,0.1012048192,0.2024096384,0.3542741439827602,-0.0003185596757,1.5,473.0,550.0,473.00015,1.1408259,649.8532,528.716,55.71585,0.90836716,-0.23245871,550.0565,-99.79669
1.5-473-550,0.3963855422,0.7927710844,0.9993254186825348,0.0008985831642,1.5,473.0,550.0,1094.7407,0.032663964,48.25376,912.52014,-182.22058,1.127436,1.0947721,128.68706,80.4333
1.5-473-550,0.2168674698,0.4337349396,0.9998257452316341,-0.0008990330527,1.5,473.0,550.0,1292.9911,0.0024446456,39.92301,797.6999,-495.2912,0.6300501,0.6276055,301.67868,261.75568
1.5-473-550,0.1240963855,0.248192771,0.7525573838264147,0.0006766918789,1.5,473.0,550.0,488.5233,0.9622512,634.62445,641.0452,152.52194,0.6071947,-0.35505646,465.35654,-169.26791
1.5-473-550,0.08571428574,0.17142857148,0.8206166047262803,-0.0007378900321,1.5,473.0,550.0,473.0,0.87556595,649.85333,639.72876,166.72876,0.468511,-0.40705496,482.05,-167.80334
1.5-473-550,0.1578313253,0.3156626506,0.4163512323516047,-0.0003743787567,1.5,473.0,550.0,494.45148,1.0994095,628.6251,566.4574,72.00592,1.0102497,-0.08915973,499.7832,-128.84192
1.5-473-550,0.1445783132,0.2891566264,0.9999999997775775,-0.0008991897406,1.5,473.0,550.0,815.66815,2.077271e-08,76.78385,735.29376,-80.37439,0.44631165,0.44631162,385.96445,309.1806
1.5-473-550,0.1493975903,0.2987951806,0.9442484491033019,0.0008490585182,1.5,473.0,550.0,568.8501,0.8277307,541.56134,721.06323,152.21313,0.5004364,-0.3272943,394.64468,-146.91666
1.5-473-550,0.4326530612,0.8653061224,0.7525573838264147,-0.0006766918789,1.5,473.0,550.0,666.93115,1.9309219,285.71698,856.52124,189.59009,1.4051576,-0.52576435,156.7693,-128.94768
1.5-473-550,0.191566265,0.38313253,0.9811301448069191,0.0008822221606,1.5,473.0,550.0,1027.6085,0.43330824,52.471077,769.0831,-258.5254,0.5758907,0.14258248,336.98438,284.5133
1.5-473-550,0.1072289156,0.2144578312,0.9973789933391554,0.0008968329585,1.5,473.0,550.0,650.1048,0.095014416,390.28766,706.0702,55.965393,0.37449834,0.2794839,424.20502,33.91736
1.5-473-550,0.04489795918,0.08979591836,0.9726063657286781,0.0008745576659,1.5,473.0,550.0,473.0,0.2796428,649.85333,661.3226,188.32257,0.2990649,0.019422114,479.47726,-170.37607
1.5-473-550,0.2156626506,0.4313253012,0.8705746216627653,-0.0007828117684,1.5,473.0,550.0,664.8063,1.3948302,269.28036,751.85443,87.04816,0.74538934,-0.6494409,336.53653,67.256165
1.5-473-550,0.2337349398,0.4674698796,0.4163512326852384,0.000374378757,1.5,473.0,550.0,522.8001,1.3552938,598.65625,614.9393,92.13916,1.2346134,-0.12068033,425.55936,-173.0969
1.5-473-550,0.4469387755,0.893877551,0.9985491866279087,-0.0008978851843,1.5,473.0,550.0,665.19336,0.080342434,302.2276,925.32947,260.1361,1.2290962,1.1487538,103.34724,-198.88037
1.5-473-550,0.4408163265,0.881632653,0.9999999997775775,0.0008991897406,1.5,473.0,550.0,669.06525,2.077271e-08,265.44107,924.4389,255.37366,1.2168092,1.2168092,105.73473,-159.70633
1.5-473-550,0.3746987952,0.7493975904,0.9915009044774012,0.0008915474413,1.5,473.0,550.0,1080.1138,0.38624892,49.104073,902.53467,-177.5791,1.0844519,0.69820297,144.06377,94.959694
1.5-473-550,0.2843373494,0.5686746988,0.8206166047262803,-0.0007378900321,1.5,473.0,550.0,660.9836,1.6871148,323.04416,792.2773,131.2937,1.0058557,-0.68125916,267.2439,-55.800262
1.5-473-550,0.2108433734,0.4216867468,0.9872047710533666,0.0008876844022,1.5,473.0,550.0,1243.4894,0.3084595,41.288033,788.1706,-455.3188,0.6238502,0.31539074,312.16122,270.8732
1.5-473-550,0.1927710843,0.3855421686,0.9895407848051817,-0.0008897849218,1.5,473.0,550.0,1091.6136,0.24417652,48.440346,772.95984,-318.6538,0.5720845,0.32790798,333.40408,284.96375
1.5-473-550,0.1144578313,0.2289156626,0.09831793589120096,8.840647929e-05,1.5,473.0,550.0,473.6481,1.130431,649.24194,494.05237,20.404266,1.1305276,9.6559525e-05,564.1227,-85.11926
1.5-473-550,0.2156626506,0.4313253012,0.22784103821928303,0.0002048723241,1.5,473.0,550.0,512.66077,1.3100692,609.9312,559.9581,47.297363,1.3158704,0.005801201,474.24023,-135.69098
1.5-473-550,0.3180722892,0.6361445784,0.9772248215579286,-0.000878710534,1.5,473.0,550.0,1059.0256,0.76975524,50.391243,869.3921,-189.63354,0.9492275,0.17947227,193.48738,143.09613
1.5-473-550,0.2927710844,0.5855421688,0.7892004020960466,0.000709640905,1.5,473.0,550.0,649.4052,1.7076935,390.2067,787.56506,138.15985,1.062478,-0.6452155,266.05954,-124.147156
1.5-473-550,0.3590361446,0.7180722892,0.9531521909241071,0.0008570646715,1.5,473.0,550.0,927.69794,1.4904372,60.90229,884.79987,-42.89807,1.0816232,-0.40881395,163.07039,102.1681
1.5-473-550,0.07959183676,0.15918367352,0.16340484097302546,-0.0001469319566,1.5,473.0,550.0,473.0,1.1807365,649.85333,492.12387,19.12387,1.0018435,-0.17889309,579.58124,-70.272095
1.5-473-550,0.191566265,0.38313253,0.9996041061370615,-0.0008988337571,1.5,473.0,550.0,1122.9935,0.0078746285,46.721443,775.24396,-347.74957,0.56055087,0.55267626,332.2998,285.57837
1.5-473-550,0.1445783132,0.2891566264,0.09831793589120096,8.840647929e-05,1.5,473.0,550.0,484.7601,1.1041602,638.4328,504.79666,20.03656,1.2065378,0.10237765,544.5205,-93.91229
1.5-473-550,0.04897959184,0.09795918368,0.8902853188558087,-0.0008005354251,1.5,473.0,550.0,473.0,0.7292406,649.85333,641.17126,168.17126,0.3584402,-0.3708004,493.29733,-156.556
1.5-473-550,0.1771084337,0.3542168674,0.9811301448069191,0.0008822221606,1.5,473.0,550.0,888.68475,0.42876348,65.24055,756.45215,-132.2326,0.53803664,0.109273165,354.0943,288.85376
1.5-473-550,0.1843373494,0.3686746988,0.9999999997775775,0.0008991897406,1.5,473.0,550.0,1055.9906,2.077271e-08,50.615852,769.01514,-286.97546,0.5412781,0.5412781,340.8048,290.18896
1.5-473-550,0.1192771084,0.2385542168,0.9965972946963587,-0.0008961300631,1.5,473.0,550.0,684.4284,0.19627126,156.39076,714.56104,30.13263,0.39716247,0.20089121,412.85736,256.4666
1.5-473-550,0.2493975904,0.4987951808,0.3542741437603377,0.0003185596755,1.5,473.0,550.0,524.7039,1.3982377,596.53925,610.1147,85.41077,1.3244183,-0.0738194,420.9223,-175.61694
1.5-473-550,0.2048192771,0.4096385542,0.9895407848051817,0.0008897849218,1.5,473.0,550.0,1200.0206,0.2587367,43.068123,783.6172,-416.40344,0.60497534,0.34623864,318.8806,275.8125
1.5-473-550,0.2626506024,0.5253012048,0.7892004020960466,0.000709640905,1.5,473.0,550.0,635.64966,1.574045,428.03052,762.9204,127.27075,0.97207165,-0.6019733,301.06256,-126.96796
1.5-473-550,0.2469879518,0.4939759036,0.9215172744995802,-0.0008286188792,1.5,473.0,550.0,880.5331,1.4388368,66.50413,797.2791,-83.25397,0.7911068,-0.64773,284.92108,218.41696
1.5-473-550,0.1891566265,0.378313253,0.9442484491033019,0.0008490585182,1.5,473.0,550.0,757.32794,0.9924702,94.6063,754.46484,-2.8630981,0.60100424,-0.39146596,349.3196,254.71332
1.5-473-550,0.1168674698,0.2337349396,0.16340484119544796,0.0001469319568,1.5,473.0,550.0,474.27817,1.1194115,648.6476,503.0655,28.787323,1.0936731,-0.025738358,558.1753,-90.47229
1.5-473-550,0.08367346941,0.16734693882,0.16340484119544796,0.0001469319568,1.5,473.0,550.0,473.0,1.1805824,649.85333,493.15982,20.15982,1.01154,-0.16904235,577.44476,-72.40857
1.5-473-550,0.01224489793,0.02448979586,0.9973789934503665,-0.0008968329586,1.5,473.0,550.0,473.0,0.023499211,649.85333,652.4685,179.4685,0.25009575,0.22659655,494.83072,-155.02261
1.5-473-550,0.3542168675,0.708433735,0.16340484097302546,-0.0001469319566,1.5,473.0,550.0,584.4461,1.8000978,515.16895,641.1597,56.713623,1.6400644,-0.16003346,354.7716,-160.39734
1.5-473-550,0.2012048193,0.4024096386,0.9811301448069191,0.0008822221606,1.5,473.0,550.0,1146.5444,0.43321517,45.529366,777.59485,-368.9496,0.602144,0.16892883,325.38733,279.85797
1.5-473-550,0.3253012049,0.6506024098,0.8206166047262803,-0.0007378900321,1.5,473.0,550.0,680.57465,1.8774322,209.43767,822.61597,142.04132,1.1220597,-0.7553725,223.47905,14.041382
1.5-473-550,0.3349397591,0.6698795182,0.9215172744995802,0.0008286188792,1.5,473.0,550.0,863.31757,1.7029734,68.722176,862.28,-1.0375366,1.0493536,-0.65361977,190.1256,121.40342
1.5-473-550,0.1506024096,0.3012048192,0.16340484097302546,-0.0001469319566,1.5,473.0,550.0,487.67355,1.1073265,635.4844,515.92694,28.253387,1.1816359,0.07430935,535.16205,-100.32233
1.5-473-550,0.2385542169,0.4771084338,0.22784103821928303,0.0002048723241,1.5,473.0,550.0,518.4535,1.365828,603.48975,574.2528,55.799316,1.3757106,0.009882569,452.79898,-150.69077
1.5-473-550,0.2686746988,0.5373493976,0.9985491866279087,0.0008978851843,1.5,473.0,550.0,1205.7086,0.04039862,42.826393,841.0212,-364.68744,0.7839922,0.7435936,240.54366,197.71725
1.5-473-550,0.330120482,0.660240964,0.8902853188558087,-0.0008005354251,1.5,473.0,550.0,802.6432,1.8320482,79.550835,849.2929,46.64972,1.0667386,-0.7653096,201.7662,122.21537
1.5-473-550,0.148192771,0.296385542,0.9998257452316341,-0.0008990330527,1.5,473.0,550.0,831.53644,0.0033128469,73.57377,738.18024,-93.3562,0.45438406,0.4510712,382.0938,308.52005
1.5-473-550,0.1831325301,0.3662650602,0.9985491866279087,-0.0008978851843,1.5,473.0,550.0,1039.6868,0.032780014,51.642952,767.4799,-272.20685,0.5393372,0.5065572,342.5968,290.95386
1.5-473-550,0.3686746989,0.7373493978,0.8902853188558087,-0.0008005354251,1.5,473.0,550.0,804.6324,2.0220547,79.00625,870.59467,65.96228,1.1638554,-0.85819924,168.98013,89.973885
1.5-473-550,0.256626506,0.513253012,0.22784103821928303,0.0002048723241,1.5,473.0,550.0,522.7458,1.4133537,598.7167,586.19885,63.453064,1.4207258,0.007372141,435.43674,-163.27994
1.5-473-550,0.2807228916,0.5614457832,0.999825745120423,0.0008990330526,1.5,473.0,550.0,1198.3507,0.002985081,43.139107,850.68524,-347.66547,0.81883997,0.8158549,226.83284,183.69373
1.5-473-550,0.351807229,0.703614458,0.9726063657286781,0.0008745576659,1.5,473.0,550.0,1006.32336,1.030583,53.992317,886.9339,-119.389465,1.0450026,0.014419556,164.8193,110.82699
1.5-473-550,0.1722891566,0.3445783132,0.9337895728803226,0.000839654004,1.5,473.0,550.0,609.37573,0.9449589,478.0521,736.40155,127.02582,0.5653192,-0.37963974,371.76874,-106.283356
1.5-473-550,0.3493975904,0.6987951808,0.47796385156444166,0.0004297801918,1.5,473.0,550.0,608.92975,1.844548,479.1063,722.36835,113.4386,1.4718388,-0.37270916,289.00385,-190.10245
1.5-473-550,0.3132530121,0.6265060242,0.16340484119544796,0.0001469319568,1.5,473.0,550.0,545.20245,1.5845116,573.2663,612.03503,66.83258,1.5717773,-0.012734294,392.209,-181.05728
1.5-473-550,0.01224489793,0.02448979586,0.9996041061370615,-0.0008988337571,1.5,473.0,550.0,473.0,0.00291737,649.85333,653.0157,180.01569,0.24883915,0.24592179,494.41672,-155.43661
1.5-473-550,0.1397590361,0.2795180722,0.6021818746711394,-0.0005414757638,1.5,473.0,550.0,490.9755,1.0404154,632.1428,605.07965,114.10416,0.78822136,-0.25219405,483.05722,-149.0856
1.5-473-550,0.1771084337,0.3542168674,0.998978267368595,0.0008982710093,1.5,473.0,550.0,997.9242,0.022802075,54.64631,762.3662,-235.55798,0.52362883,0.5008268,349.57272,294.92642
1.5-473-550,0.113253012,0.226506024,0.47796385156444166,0.0004297801918,1.5,473.0,550.0,474.90533,1.070878,648.05597,559.55835,84.653015,0.8325797,-0.23829836,525.6164,-122.439575
1.5-473-550,0.1084337349,0.2168674698,0.9844268823757469,0.0008851865532,1.5,473.0,550.0,572.6155,0.35255256,536.0062,702.9829,130.36743,0.38565275,0.033100188,426.1219,-109.88434
1.5-473-550,0.1554216867,0.3108433734,0.9993254186825348,-0.0008985831642,1.5,473.0,550.0,863.0785,0.018321356,68.62528,743.9891,-119.08942,0.47107863,0.45275727,374.2624,305.63712
1.5-473-550,0.1168674698,0.2337349396,0.9999999997775775,-0.0008991897406,1.5,473.0,550.0,704.4953,2.077271e-08,122.80117,713.82965,9.334351,0.3902236,0.39022356,414.39847,291.5973
1.5-473-550,0.1,0.2,0.9945146915314984,0.0008942574077,1.5,473.0,550.0,526.637,0.07909217,591.0867,700.18085,173.54382,0.36392936,0.2848372,431.50583,-159.58084
1.5-473-550,0.3481927711,0.6963855422,0.9980223152919674,0.000897411427,1.5,473.0,550.0,1137.4558,0.075403,45.977425,892.4141,-245.04169,1.011816,0.93641305,162.67181,116.69439
1.5-473-550,0.2445783133,0.4891566266,0.9215172744995802,-0.0008286188792,1.5,473.0,550.0,882.9539,1.429014,66.20811,795.20996,-87.74396,0.7837577,-0.6452563,287.83417,221.62607
1.5-473-550,0.1759036144,0.3518072288,0.8902853187445975,0.000800535425,1.5,473.0,550.0,570.3199,1.0196716,538.5193,724.55255,154.23267,0.61313385,-0.4065377,378.78436,-159.73492
1.5-473-550,0.113253012,0.226506024,0.9996041061370615,-0.0008988337571,1.5,473.0,550.0,688.30164,0.02169623,146.04813,711.0645,22.762878,0.3838081,0.36211187,417.98294,271.9348
1.5-473-550,0.4755102041,0.9510204082,0.8206166047262803,0.0007378900321,1.5,473.0,550.0,657.9826,1.5777435,359.7143,887.8826,229.90002,1.4127525,-0.16499102,122.34843,-237.36588
1.5-473-550,0.3638554217,0.7277108434,0.9215172744995802,0.0008286188792,1.5,473.0,550.0,854.6128,1.840952,69.93546,877.7393,23.126526,1.1231712,-0.7177808,165.9429,96.00744
1.5-473-550,0.1337349397,0.2674698794,0.9945113832197316,-0.0008942544329,1.5,473.0,550.0,726.6798,0.23807336,105.205574,724.9193,-1.760498,0.4273504,0.18927704,398.77432,293.56876
1.5-473-550,0.3313253012,0.6626506024,0.9726063657286781,-0.0008745576659,1.5,473.0,550.0,1024.7253,0.9492101,52.6789,875.94727,-148.77808,0.99053043,0.041320324,182.21352,129.5346
1.5-473-550,0.4285714286,0.8571428572,0.3542741437603377,0.0003185596755,1.5,473.0,550.0,644.2976,2.1791465,407.69003,740.1899,95.89227,1.6530805,-0.52606606,250.79372,-156.89632
1.5-473-550,0.2397590361,0.4795180722,0.5396442233296441,0.0004852425493,1.5,473.0,550.0,533.6102,1.3798742,586.63544,655.8472,122.237,1.1475307,-0.23234355,392.55734,-194.0781
1.5-473-550,0.3578313253,0.7156626506,0.16340484097302546,-0.0001469319566,1.5,473.0,550.0,588.09265,1.8235738,510.33145,643.73553,55.642883,1.6453687,-0.17820513,351.54984,-158.78162
1.5-473-550,0.2120481927,0.4240963854,0.9772248215579286,-0.000878710534,1.5,473.0,550.0,1200.6746,0.540925,43.042336,785.8804,-414.7942,0.635945,0.095019996,313.22128,270.17896
1.5-473-550,0.1903614457,0.3807228914,0.9985491866279087,-0.0008978851843,1.5,473.0,550.0,1105.8009,0.03409084,47.63804,773.83185,-331.96906,0.55822355,0.5241327,334.00616,286.36813
1.5-473-550,0.3265060241,0.6530120482,0.9973789934503665,-0.0008968329586,1.5,473.0,550.0,1152.7345,0.09184965,45.22419,880.52435,-272.21014,0.9537945,0.86194485,181.39034,136.16614
1.5-473-550,0.213253012,0.426506024,0.9915009044774012,-0.0008915474413,1.5,473.0,550.0,1261.9321,0.21108629,40.5897,791.7394,-470.19275,0.6269573,0.41587102,308.15152,267.56183
1.5-473-550,0.1506024096,0.3012048192,0.998978267368595,0.0008982710093,1.5,473.0,550.0,837.0376,0.031053564,72.69074,739.8848,-97.15277,0.4603975,0.42934394,379.67136,306.98062
1.5-473-550,0.4428571429,0.8857142858,0.09831793589120096,8.840647929e-05,1.5,473.0,550.0,643.8998,2.038857,408.7888,687.5663,43.666504,1.7576655,-0.28119147,294.72562,-114.06317
1.5-473-550,0.1903614457,0.3807228914,0.9956514833048237,0.0008952795992,1.5,473.0,550.0,1091.3733,0.10538646,48.4495,772.87024,-318.50305,0.5606029,0.45521644,334.73877,286.28928
1.5-473-550,0.1975903614,0.3951807228,0.03282169734692774,-2.951293353e-05,1.5,473.0,550.0,505.3159,1.240829,617.6304,520.1581,14.842194,1.3734664,0.13263738,510.26358,-107.36679
1.5-473-550,0.365060241,0.730120482,0.9985491866279087,-0.0008978851843,1.5,473.0,550.0,1123.9254,0.059351288,46.669594,900.4176,-223.50781,1.0544376,0.9950864,149.59818,102.92858
1.5-473-550,0.308433735,0.61686747,0.8902853188558087,-0.0008005354251,1.5,473.0,550.0,799.3681,1.7535154,80.394585,834.91455,35.546448,1.0064307,-0.7470846,223.15244,142.75784
1.5-473-550,0.2506024096,0.5012048192,0.9337895728803226,0.000839654004,1.5,473.0,550.0,922.4351,1.3606447,61.51554,804.6225,-117.81262,0.790309,-0.5703357,277.43927,215.92374
1.5-473-550,0.4510204082,0.9020408164,0.9956514833048237,-0.0008952795992,1.5,473.0,550.0,663.414,0.24436952,319.13373,925.4342,262.0202,1.2386836,0.9943141,102.1204,-217.01334
1.5-473-550,0.3746987952,0.7493975904,0.9071317792997667,0.0008156835895,1.5,473.0,550.0,829.52936,1.9899945,74.098946,878.49194,48.962585,1.1621848,-0.8278097,160.86792,86.768974
1.5-473-550,0.3686746989,0.7373493978,0.8705746216627653,-0.0007828117684,1.5,473.0,550.0,775.1302,2.080232,86.41117,864.5132,89.382996,1.1822157,-0.8980162,173.33958,86.92841
1.5-473-550,0.0897959184,0.1795918368,0.9071317792997667,-0.0008156835895,1.5,473.0,550.0,473.0,0.6902879,649.85333,667.5291,194.52911,0.40877977,-0.28150812,460.11575,-189.73758
1.5-473-550,0.3240963856,0.6481927712,0.22784103821928303,0.0002048723241,1.5,473.0,550.0,558.8865,1.6417246,555.65497,634.1013,75.21484,1.5650265,-0.076698065,370.04398,-185.611
1.5-473-550,0.02040816324,0.04081632648,0.9872047710533666,-0.0008876844022,1.5,473.0,550.0,473.0,0.119660996,649.85333,653.5102,180.5102,0.26366934,0.14400834,492.018,-157.83533
1.5-473-550,0.4530612245,0.906122449,0.9844268823757469,-0.0008851865532,1.5,473.0,550.0,662.6044,0.7431246,326.8259,923.20105,260.59668,1.251377,0.5082524,103.072624,-223.75327
1.5-473-550,0.09591836738,0.19183673476,0.9442484491033019,0.0008490585182,1.5,473.0,550.0,473.0,0.5217832,649.85333,682.4044,209.40442,0.39216194,-0.12962124,446.6433,-203.21002
1.5-473-550,0.4102040816,0.8204081632,0.9872047710533666,-0.0008876844022,1.5,473.0,550.0,771.30255,0.84736514,87.21456,913.6983,142.39575,1.1678276,0.32046247,122.89402,35.67946
1.5-473-550,0.2807228916,0.5614457832,0.9671530515086588,-0.0008696541017,1.5,473.0,550.0,1039.018,0.9361789,51.69297,840.2222,-198.79572,0.8496129,-0.08656603,234.38293,182.68997
1.5-473-550,0.213253012,0.426506024,0.7525573838264147,-0.0006766918789,1.5,473.0,550.0,555.4361,1.3011738,560.15515,707.2659,151.82983,0.8558341,-0.44533968,370.63318,-189.52197
1.5-473-550,0.3686746989,0.7373493978,0.9811301446957078,-0.0008822221605,1.5,473.0,550.0,1032.382,0.80503535,52.13627,897.1742,-135.20776,1.0793998,0.27436447,150.28479,98.14852
1.5-473-550,0.3445783133,0.6891566266,0.9872047710533666,-0.0008876844022,1.5,473.0,550.0,1087.3245,0.49262115,48.684883,887.49084,-199.83362,1.0124124,0.51979125,167.77306,119.08817
1.5-473-550,0.2686746988,0.5373493976,0.960723235489121,-0.0008638724771,1.5,473.0,550.0,1022.641,1.0312783,52.840004,828.68713,-193.95386,0.8194449,-0.21183336,249.51485,196.67484
1.5-473-550,0.4877551021,0.9755102042,0.960723235489121,-0.0008638724771,1.5,473.0,550.0,657.6491,1.1214504,361.0606,923.3898,265.74066,1.3242869,0.20283651,94.268364,-266.79224
1.5-473-550,0.2927710844,0.5855421688,0.9973789933391554,-0.0008968329585,1.5,473.0,550.0,1177.2898,0.081836306,44.075294,858.7113,-318.5785,0.8568705,0.7750342,214.46106,170.38577
1.5-473-550,0.02040816324,0.04081632648,0.8206166047262803,-0.0007378900321,1.5,473.0,550.0,473.0,0.8531208,649.85333,611.63184,138.63184,0.3703769,-0.4827439,522.6272,-127.226135
1.5-473-550,0.191566265,0.38313253,0.03282169734692774,-2.951293353e-05,1.5,473.0,550.0,503.25122,1.2130659,619.7198,517.2643,14.013062,1.3590069,0.14594102,514.9186,-104.80121
1.5-473-550,0.2457831325,0.491566265,0.16340484119544796,0.0001469319568,1.5,473.0,550.0,519.105,1.3843592,602.7653,566.6542,47.549194,1.4277377,0.043378472,455.1474,-147.61792
1.5-473-550,0.05306122449,0.10612244898,0.03282169735804886,2.951293354e-05,1.5,473.0,550.0,473.0,1.2176893,649.85333,471.70523,-1.2947693,1.0290078,-0.18868148,599.39813,-50.4552
1.5-473-550,0.3662650603,0.7325301206,0.03282169735804886,2.951293354e-05,1.5,473.0,550.0,593.0923,1.8711175,503.32925,622.7671,29.674805,1.6948475,-0.17627001,368.2403,-135.08896
1.5-473-550,0.1192771084,0.2385542168,0.16340484119544796,0.0001469319568,1.5,473.0,550.0,474.94507,1.1138607,648.0185,503.8897,28.944641,1.0998346,-0.014026165,556.6447,-91.37378
1.5-473-550,0.06530612246,0.13061224492,0.47796385156444166,0.0004297801918,1.5,473.0,550.0,473.0,1.113794,649.85333,542.8572,69.85718,0.719234,-0.39455998,555.1018,-94.751526
1.5-473-550,0.2542168675,0.508433735,0.8902853188558087,-0.0008005354251,1.5,473.0,550.0,777.0292,1.5844755,86.88,792.4463,15.417114,0.8438391,-0.7406364,284.2951,197.4151
1.5-473-550,0.03265306121,0.06530612242,0.993141646395439,0.0008930227796,1.5,473.0,550.0,473.0,0.0659469,649.85333,660.6915,187.69153,0.27274027,0.20679337,483.37103,-166.4823
1.5-473-550,0.2855421687,0.5710843374,0.9215172744995802,-0.0008286188792,1.5,473.0,550.0,870.64813,1.5407182,67.7288,828.7155,-41.932617,0.9083233,-0.6323949,240.02966,172.30087
1.5-473-550,0.126506024,0.253012048,0.29146971579860803,-0.0002620865782,1.5,473.0,550.0,478.30447,1.0911589,644.8494,526.501,48.196503,1.0252048,-0.06595409,540.2312,-104.618225
1.5-473-550,0.2686746988,0.5373493976,0.9772248215579286,-0.000878710534,1.5,473.0,550.0,1104.5967,0.64831203,47.70774,834.129,-270.46765,0.8038348,0.15552276,245.5544,197.84665
1.5-473-550,0.2289156626,0.4578313252,0.9996041061370615,-0.0008988337571,1.5,473.0,550.0,1284.5854,0.007975897,39.92301,808.1906,-476.39484,0.6649226,0.6569467,287.13034,247.20734
1.5-473-550,0.4163265306,0.8326530612,0.8475322498919685,0.0007620923041,1.5,473.0,550.0,703.62665,2.1347613,123.13126,877.80084,174.1742,1.3007847,-0.8339766,146.11775,22.986488
1.5-473-550,0.3891566266,0.7783132532,0.9999999997775775,-0.0008991897406,1.5,473.0,550.0,1106.7861,2.077271e-08,47.610542,910.244,-196.54211,1.1105763,1.1105763,132.99141,85.38087
1.5-473-550,0.3204819277,0.6409638554,0.9844268823757469,-0.0008851865532,1.5,473.0,550.0,1094.3768,0.5388809,48.27491,873.0698,-221.307,0.94917965,0.41029876,189.66177,141.38687
1.5-473-550,0.2397590361,0.4795180722,0.9844268823757469,-0.0008851865532,1.5,473.0,550.0,1189.2277,0.40140262,43.53077,812.53827,-376.6894,0.7103581,0.30895546,277.79382,234.26306
1.5-473-550,0.09387755105,0.1877551021,0.4163512323516047,-0.0003743787567,1.5,473.0,550.0,473.0,1.133676,649.85333,538.58984,65.58984,0.83775157,-0.29592448,547.0339,-102.81946
1.5-473-550,0.3662650603,0.7325301206,0.29146971579860803,-0.0002620865782,1.5,473.0,550.0,603.04736,1.8995216,488.53558,680.8867,77.839355,1.6061969,-0.2933247,317.27017,-171.26541
1.5-473-550,0.1951807229,0.3903614458,0.6021818746711394,0.0005414757638,1.5,473.0,550.0,520.8613,1.205179,600.81226,641.5676,120.7063,0.9507173,-0.2544617,428.19867,-172.61359
1.5-473-550,0.3060240964,0.6120481928,0.9973789934503665,-0.0008968329586,1.5,473.0,550.0,1167.2069,0.08523478,44.536385,867.79266,-299.41425,0.8956246,0.8103898,200.89223,156.35583
1.5-473-550,0.4,0.8,0.032835376350859716,-2.952523355e-05,1.5,473.0,550.0,621.432,2.143792,457.9891,645.5986,24.166565,1.7345116,-0.4092803,340.63916,-117.349945
1.5-473-550,0.126506024,0.253012048,0.9531521909241071,0.0008570646715,1.5,473.0,550.0,536.7896,0.7111449,583.0982,706.30676,169.51715,0.44335952,-0.2677854,416.17776,-166.92044
1.5-473-550,0.3626506025,0.725301205,0.9844268823757469,0.0008851865532,1.5,473.0,550.0,1054.5653,0.65288717,50.67466,895.44055,-159.12476,1.0614805,0.40859336,154.0765,103.40185
1.5-473-550,0.221686747,0.443373494,0.9999999997775775,-0.0008991897406,1.5,473.0,550.0,1298.3981,2.077271e-08,39.92301,801.99896,-496.3991,0.6436742,0.6436742,295.78745,255.86444
1.5-473-550,0.3228915663,0.6457831326,0.9872047710533666,0.0008876844022,1.5,473.0,550.0,1106.3828,0.44888586,47.60697,875.3667,-231.01611,0.9533124,0.50442654,186.82376,139.2168
1.5-473-550,0.3927710844,0.7855421688,0.8902853187445975,0.000800535425,1.5,473.0,550.0,803.8039,2.22653,79.13409,881.2221,77.41821,1.2173458,-1.0091842,151.877,72.74291
1.5-473-550,0.1795180723,0.3590361446,0.9996041060258503,0.000898833757,1.5,473.0,550.0,1009.72986,0.007857582,53.731483,764.67004,-245.05981,0.5292304,0.52137285,346.58984,292.85837
1.5-473-550,0.2698795181,0.5397590362,0.9999999997775775,-0.0008991897406,1.5,473.0,550.0,1210.1224,2.077271e-08,42.65629,842.4296,-367.6928,0.7862651,0.7862651,238.8453,196.18903
1.5-473-550,0.03265306121,0.06530612242,0.9337895728803226,-0.000839654004,1.5,473.0,550.0,473.0,0.553065,649.85333,645.30475,172.30475,0.30922368,-0.24384132,494.93622,-154.91711
1.5-473-550,0.1542168674,0.3084337348,0.22784103821928303,0.0002048723241,1.5,473.0,550.0,489.76953,1.1086491,633.3633,527.41174,37.642212,1.1478817,0.03923261,526.4513,-106.91199
1.5-473-550,0.4061224489,0.8122448978,0.16340484097302546,-0.0001469319566,1.5,473.0,550.0,627.48,2.1790028,446.49805,677.5956,50.1156,1.7055457,-0.4734571,310.2765,-136.22156
1.5-473-550,0.3590361446,0.7180722892,0.9442484491033019,-0.0008490585182,1.5,473.0,550.0,903.7699,1.6119599,63.487312,882.18054,-21.589355,1.0899844,-0.5219755,164.90822,101.420906
1.5-473-550,0.08775510207,0.17551020414,0.9895407848051817,0.0008897849218,1.5,473.0,550.0,473.0,0.107775114,649.85333,690.5856,217.58557,0.34725013,0.23947501,443.36514,-206.48819
1.5-473-550,0.3373493976,0.6746987952,0.6600967573005477,0.0005935522321,1.5,473.0,550.0,632.8073,1.8523525,435.08865,774.5959,141.78857,1.3032091,-0.54914343,253.50986,-181.5788
1.5-473-550,0.3891566266,0.7783132532,0.9844268823757469,0.0008851865532,1.5,473.0,550.0,1026.8279,0.7806742,52.525795,906.1393,-120.6886,1.1245813,0.34390712,135.80049,83.2747
1.5-473-550,0.1746987951,0.3493975902,0.8902853188558087,-0.0008005354251,1.5,473.0,550.0,568.0578,1.0137088,542.5455,723.5472,155.48938,0.6099049,-0.40380394,380.16696,-162.37851
1.5-473-550,0.2204819277,0.4409638554,0.9671530515086588,-0.0008696541017,1.5,473.0,550.0,1153.5557,0.7539014,45.184517,789.9206,-363.63507,0.6691605,-0.08474094,305.50137,260.31686
1.5-473-550,0.1819277108,0.3638554216,0.7892004020960466,-0.000709640905,1.5,473.0,550.0,537.4324,1.1010977,582.3492,694.36273,156.93036,0.72521555,-0.37588215,397.799,-184.55017
1.5-473-550,0.002040816309,0.004081632618,0.9993254189049573,-0.0008985831644,1.5,473.0,550.0,473.0,0.01087608,649.85333,648.6764,175.67639,0.24005254,0.22917646,500.10635,-149.74698
1.5-473-550,0.1253012048,0.2506024096,0.9999999997775775,0.0008991897406,1.5,473.0,550.0,737.2418,2.077271e-08,100.11146,720.14404,-17.097778,0.4063935,0.40639347,406.05255,305.9411
1.5-473-550,0.4714285714,0.9428571428,0.47796385156444166,-0.0004297801918,1.5,473.0,550.0,656.4685,1.870593,365.8267,796.73035,140.26184,1.6288221,-0.24177086,194.19759,-171.6291
1.5-473-550,0.4020408163,0.8040816326,0.8902853189670199,-0.0008005354252,1.5,473.0,550.0,796.7186,2.2676187,80.64803,884.80334,88.08472,1.2364302,-1.0311885,145.95306,65.30503
1.5-473-550,0.1554216867,0.3108433734,0.5396442233296441,-0.0004852425493,1.5,473.0,550.0,496.97388,1.0779899,626.07245,596.51776,99.543884,0.8916055,-0.18638444,480.99734,-145.0751
1.5-473-550,0.1493975903,0.2987951806,0.8206166047262803,0.0007378900321,1.5,473.0,550.0,514.76355,0.97568935,607.59296,679.9868,165.22327,0.60720915,-0.3684802,425.26544,-182.32751
1.5-473-550,0.2951807229,0.5903614458,0.9442484491033019,0.0008490585182,1.5,473.0,550.0,935.1964,1.3707583,60.15397,843.4761,-91.72034,0.9147589,-0.45599937,224.07555,163.92157
1.5-473-550,0.06938775512,0.13877551024,0.9772248215579286,-0.000878710534,1.5,473.0,550.0,473.0,0.23856981,649.85333,675.8256,202.82562,0.3279678,0.08939798,460.92892,-188.92441
1.5-473-550,0.2084337349,0.4168674698,0.8475322498919685,0.0007620923041,1.5,473.0,550.0,605.98456,1.295129,482.92313,737.292,131.30743,0.7461677,-0.5489612,351.42813,-131.495
1.5-473-550,0.4367346939,0.8734693878,0.7098470004029654,0.0006382871403,1.5,473.0,550.0,662.9773,1.8839713,323.28265,845.8106,182.83331,1.4435811,-0.44039023,163.6954,-159.58725
1.5-473-550,0.308433735,0.61686747,0.9993254186825348,0.0008985831642,1.5,473.0,550.0,1174.8262,0.020044407,44.187935,869.96246,-304.8637,0.9007566,0.8807122,198.08679,153.89886
1.5-473-550,0.4897959184,0.9795918368,0.7892004020960466,-0.000709640905,1.5,473.0,550.0,657.4017,1.6287049,362.0595,883.4071,226.00543,1.4524324,-0.17627251,122.44227,-239.61725
1.5-473-550,0.2939759036,0.5879518072,0.6021818746711394,0.0005414757638,1.5,473.0,550.0,593.7361,1.6198161,502.04913,720.9389,127.20282,1.246477,-0.37333906,314.90567,-187.14346
1.5-473-550,0.4653061225,0.930612245,0.9999999997775775,0.0008991897406,1.5,473.0,550.0,659.80566,2.077271e-08,352.3546,928.88403,269.07837,1.2593818,1.2593818,95.93813,-256.41647
1.5-473-550,0.3722891567,0.7445783134,0.9872047710533666,0.0008876844022,1.5,473.0,550.0,1060.1448,0.57044053,50.319466,900.37775,-159.76703,1.0825872,0.5121467,146.55057,96.2311
1.5-473-550,0.1602409638,0.3204819276,0.8902853187445975,0.000800535425,1.5,473.0,550.0,545.6075,0.9549542,572.7729,711.72577,166.11829,0.5722694,-0.38268483,396.4038,-176.36908
1.5-473-550,0.343373494,0.686746988,0.960723235489121,-0.0008638724771,1.5,473.0,550.0,964.8763,1.2805154,57.37272,879.0809,-85.79541,1.0342255,-0.24628997,174.21838,116.845665
1.5-473-550,0.1409638554,0.2819277108,0.9872047710533666,0.0008876844022,1.5,473.0,550.0,696.78125,0.47313583,131.13188,728.2921,31.510864,0.44803503,-0.025100797,392.9906,261.8587
1.5-473-550,0.2638554217,0.5277108434,0.9531521909241071,0.0008570646715,1.5,473.0,550.0,994.458,1.1478713,54.943336,822.2622,-172.1958,0.81206834,-0.3358029,256.93274,201.98941
1.5-473-550,0.1337349397,0.2674698794,0.16340484097302546,-0.0001469319566,1.5,473.0,550.0,480.42963,1.0986998,642.815,509.1399,28.710266,1.1372459,0.038546085,547.091,-95.724
1.5-473-550,0.1469879518,0.2939759036,0.9985491866279087,-0.0008978851843,1.5,473.0,550.0,817.9358,0.047536455,76.1973,736.7862,-81.1496,0.45267537,0.4051389,383.72006,307.52277
1.5-473-550,0.1554216867,0.3108433734,0.6021818746711394,0.0005414757638,1.5,473.0,550.0,499.65033,1.0662521,623.3639,614.425,114.77466,0.8319792,-0.2342729,468.7689,-154.595
1.5-473-550,0.3289156627,0.6578313254,0.03282169734692774,-2.951293353e-05,1.5,473.0,550.0,554.015,1.6447885,562.1259,597.64026,43.625244,1.6409644,-0.0038241148,399.8692,-162.25671
1.5-473-550,0.1590361445,0.318072289,0.03282169734692774,-2.951293353e-05,1.5,473.0,550.0,490.68463,1.12173,632.4372,502.90747,12.222839,1.2795762,0.15784621,538.86505,-93.57214
1.5-473-550,0.2698795181,0.5397590362,0.9531521908128958,-0.0008570646714,1.5,473.0,550.0,987.8754,1.1650038,55.47117,827.125,-160.75043,0.83032507,-0.3346787,249.9707,194.49954
1.5-473-550,0.4428571429,0.8857142858,0.9999999997775775,0.0008991897406,1.5,473.0,550.0,667.56244,2.077271e-08,279.71927,924.8579,257.29547,1.2205403,1.2205403,104.84945,-174.86981
1.5-473-550,0.1012048192,0.2024096384,0.9811301449181302,0.0008822221607,1.5,473.0,550.0,513.95,0.27916458,608.16876,696.984,183.034,0.37519166,0.096027076,433.5178,-174.65097
1.5-473-550,0.1554216867,0.3108433734,0.9337895728803226,0.000839654004,1.5,473.0,550.0,568.6866,0.8741724,541.75073,722.4445,153.75793,0.5232449,-0.35092747,390.71957,-151.03116
1.5-473-550,0.191566265,0.38313253,0.8705746216627653,-0.0007828117684,1.5,473.0,550.0,587.3836,1.1364062,511.90472,730.9348,143.55121,0.6747039,-0.4617023,365.60077,-146.30396
1.5-473-550,0.2614457831,0.5228915662,0.9811301448069191,0.0008822221606,1.5,473.0,550.0,1133.3141,0.52518433,46.181618,829.59753,-303.71655,0.7783996,0.25321525,252.94235,206.76074
1.5-473-550,0.3421686747,0.6843373494,0.16340484119544796,0.0001469319568,1.5,473.0,550.0,572.0786,1.7262415,537.0327,632.56537,60.486755,1.6215435,-0.10469794,365.61972,-171.413
1.5-473-550,0.4326530612,0.8653061224,0.9811301446957078,-0.0008822221605,1.5,473.0,550.0,678.8025,0.91518885,181.19765,918.0957,239.29321,1.2174677,0.30227882,112.52155,-68.676094
1.5-473-550,0.2313253012,0.4626506024,0.9442484491033019,0.0008490585182,1.5,473.0,550.0,1015.32153,1.1572357,53.397804,791.6003,-223.72125,0.72214067,-0.43509507,298.11295,244.71515
1.5-473-550,0.3421686747,0.6843373494,0.8902853187445975,0.000800535425,1.5,473.0,550.0,803.65295,1.8826326,79.294,856.53766,52.884705,1.098559,-0.7840736,190.79051,111.49651
1.5-473-550,0.06326530613,0.12653061226,0.9726063657286781,0.0008745576659,1.5,473.0,550.0,473.0,0.28827122,649.85333,671.054,198.05402,0.32249305,0.034221828,466.53345,-183.31989
1.5-473-550,0.2771084337,0.5542168674,0.7098470004029654,0.0006382871403,1.5,473.0,550.0,613.65173,1.593806,471.04868,745.82434,132.1726,1.0961574,-0.4976486,305.42737,-165.6213
1.5-473-550,0.4102040816,0.8204081632,0.9895407848051817,0.0008897849218,1.5,473.0,550.0,771.5365,0.7161215,87.14446,914.29175,142.75525,1.1657845,0.44966298,122.488625,35.344162
1.5-473-550,0.1602409638,0.3204819276,0.8705746216627653,-0.0007828117684,1.5,473.0,550.0,537.53894,0.973049,582.2337,705.0531,167.51416,0.5897168,-0.3833322,401.3746,-180.8591
1.5-473-550,0.3192771085,0.638554217,0.9985491866279087,-0.0008978851843,1.5,473.0,550.0,1163.5875,0.048195325,44.701912,876.56335,-287.02417,0.9324398,0.8842445,187.81776,143.11584
1.5-473-550,0.2240963855,0.448192771,0.993141646395439,0.0008930227796,1.5,473.0,550.0,1269.2872,0.16751243,40.318306,801.83936,-467.44788,0.6565975,0.48908508,294.56738,254.24908
1.5-473-550,0.1927710843,0.3855421686,0.9337895728803226,0.000839654004,1.5,473.0,550.0,750.56866,1.0853953,98.862114,754.02686,3.458191,0.6201486,-0.46524674,347.70743,248.8453
1.5-473-550,0.2542168675,0.508433735,0.9772248215579286,-0.000878710534,1.5,473.0,550.0,1119.8376,0.6229988,46.888313,822.36646,-297.4712,0.76025236,0.13725358,262.33884,215.45053
1.5-473-550,0.2493975904,0.4987951808,0.7098470004029654,0.0006382871403,1.5,473.0,550.0,586.0075,1.4659191,514.4569,722.5127,136.50519,1.012049,-0.45387018,338.36456,-176.09235
1.5-473-550,0.3975903615,0.795180723,0.8475322498919685,0.0007620923041,1.5,473.0,550.0,753.5371,2.3870578,93.547264,870.5901,117.05298,1.2652313,-1.1218265,157.75249,64.20522
1.5-473-550,0.2421686747,0.4843373494,0.03282169734692774,-2.951293353e-05,1.5,473.0,550.0,517.3431,1.3743155,604.7245,543.66327,26.32019,1.475994,0.10167849,474.1599,-130.56458
1.5-473-550,0.07346938777,0.14693877554,0.9442484491033019,0.0008490585182,1.5,473.0,550.0,473.0,0.5237241,649.85333,668.80676,195.80676,0.35597637,-0.1677477,464.909,-184.94434
1.5-473-550,0.2,0.4,0.8705746216627653,0.0007828117684,1.5,473.0,550.0,609.85614,1.2183778,476.6485,738.19403,128.33789,0.69901145,-0.5193664,355.53433,-121.11417
1.5-473-550,0.2903614458,0.5807228916,0.9993254186825348,0.0008985831642,1.5,473.0,550.0,1187.9644,0.018968066,43.587105,857.59674,-330.3676,0.8479321,0.82896405,216.57037,172.98328
1.5-473-550,0.5,1.0,0.9993256565633628,0.0008985833781,1.5,473.0,550.0,657.37885,0.04196652,362.1516,933.19745,275.8186,1.312489,1.2705225,84.8796,-277.272
1.5-473-550,0.08571428574,0.17142857148,0.9996041060258503,0.000898833757,1.5,473.0,550.0,473.0,0.0032566397,649.85333,692.20905,219.20905,0.3374205,0.33416384,442.82925,-207.02408
1.5-473-550,0.1590361445,0.318072289,0.9996041061370615,-0.0008988337571,1.5,473.0,550.0,888.24915,0.009133121,65.27665,747.1049,-141.14423,0.479236,0.47010288,370.15335,304.8767
1.5-473-550,0.0244897959,0.0489795918,0.9844268823757469,-0.0008851865532,1.5,473.0,550.0,473.0,0.14738311,649.85333,654.6429,181.64288,0.26937577,0.12199266,490.1155,-159.73782
1.5-473-550,0.3253012049,0.6506024098,0.29146971579860803,-0.0002620865782,1.5,473.0,550.0,565.7203,1.6599034,546.7909,650.5774,84.85712,1.5372187,-0.12268472,355.98636,-190.80453
1.5-473-550,0.0244897959,0.0489795918,0.16340484119544796,0.0001469319568,1.5,473.0,550.0,473.0,1.2082222,649.85333,481.70053,8.700531,0.881077,-0.32714516,603.69183,-46.1615
1.5-473-550,0.2144578313,0.4289156626,0.9337895728803226,-0.000839654004,1.5,473.0,550.0,958.7145,1.270667,58.0774,773.12256,-185.59192,0.6819326,-0.5887343,321.42947,263.35208
1.5-473-550,0.4163265306,0.8326530612,0.4163512323516047,-0.0003743787567,1.5,473.0,550.0,642.8807,2.2450905,411.60358,749.6139,106.733215,1.6089613,-0.63612914,245.81633,-165.78725
1.5-473-550,0.1987951807,0.3975903614,0.22784103833049427,-0.0002048723242,1.5,473.0,550.0,507.37146,1.243163,615.5501,550.1213,42.749817,1.2703278,0.027164817,489.46835,-126.08176
1.5-473-550,0.3036144579,0.6072289158,0.7098470004029654,0.0006382871403,1.5,473.0,550.0,629.35004,1.7166519,442.08023,767.1772,137.82715,1.1717389,-0.54491305,275.35843,-166.7218
1.5-473-550,0.02040816324,0.04081632648,0.9772248215579286,-0.000878710534,1.5,473.0,550.0,473.0,0.21566494,649.85333,651.0023,178.00232,0.26951525,0.053850308,493.90894,-155.9444
1.5-473-550,0.2048192771,0.4096385542,0.9915009044774012,0.0008915474413,1.5,473.0,550.0,1208.6416,0.21142049,42.70173,784.27234,-424.36926,0.60330725,0.39188677,318.3855,275.68378
1.5-473-550,0.1445783132,0.2891566264,0.9531521909241071,-0.0008570646715,1.5,473.0,550.0,571.54803,0.7836739,536.69495,720.1502,148.60217,0.48228118,-0.3013927,397.58612,-139.10883
1.5-473-550,0.3072289157,0.6144578314,0.4163512326852384,0.000374378757,1.5,473.0,550.0,566.29865,1.609743,545.63446,671.18567,104.887024,1.426297,-0.18344605,346.70984,-198.92462
1.5-473-550,0.191566265,0.38313253,0.9985491866279087,-0.0008978851843,1.5,473.0,550.0,1117.9414,0.033979975,46.989326,774.8942,-343.04718,0.5614168,0.52743685,332.5662,285.57687
1.5-473-550,0.1120481927,0.2240963854,0.9956514833048237,-0.0008952795992,1.5,473.0,550.0,651.52454,0.19377197,385.6266,708.98395,57.45941,0.38435504,0.19058307,420.07,34.44342
1.5-473-550,0.1168674698,0.2337349396,0.47796385156444166,-0.0004297801918,1.5,473.0,550.0,476.31845,1.0658754,646.7229,561.1,84.781525,0.8419766,-0.22389883,523.01984,-123.703064
1.5-473-550,0.3891566266,0.7783132532,0.9915009044774012,-0.0008915474413,1.5,473.0,550.0,1064.0864,0.43294024,50.06849,908.0137,-156.07275,1.1182142,0.685274,134.51529,84.4468
1.5-473-550,0.4469387755,0.893877551,0.9996041061370615,-0.0008988337571,1.5,473.0,550.0,665.1936,0.018523356,302.2257,925.5755,260.3819,1.2282269,1.2097036,103.180504,-199.0452
1.5-473-550,0.3096385542,0.6192771084,0.5396442233296441,0.0004852425493,1.5,473.0,550.0,591.5175,1.66559,505.29437,712.0319,120.514404,1.3401387,-0.32545137,313.95856,-191.33582
1.5-473-550,0.2120481927,0.4240963854,0.9999999998887887,0.0008991897407,1.5,473.0,550.0,1295.9022,2.077271e-08,39.92301,793.50146,-502.40076,0.6162704,0.6162704,307.4843,267.5613
1.5-473-550,0.3963855422,0.7927710844,0.9996041061370615,-0.0008988337571,1.5,473.0,550.0,1096.111,0.017405292,48.17408,912.59186,-183.5191,1.127188,1.1097827,128.63821,80.464134
1.5-473-550,0.1240963855,0.248192771,0.8902853188558087,-0.0008005354251,1.5,473.0,550.0,503.9513,0.8434095,619.0113,684.56934,180.61804,0.48794112,-0.35546836,433.6156,-185.39569
1.5-473-550,0.3457831326,0.6915662652,0.9844268823757469,0.0008851865532,1.5,473.0,550.0,1072.0402,0.5993868,49.573402,887.30994,-184.73022,1.0182005,0.4188137,167.3353,117.761894
1.5-473-550,0.1734939759,0.3469879518,0.3542741439827602,-0.0003185596757,1.5,473.0,550.0,500.00824,1.1382766,623.0017,561.04224,61.033997,1.1075046,-0.03077197,495.22882,-127.77289
1.5-473-550,0.1674698795,0.334939759,0.9956514833048237,-0.0008952795992,1.5,473.0,550.0,906.5574,0.11384662,63.155403,752.96313,-153.59424,0.50239825,0.38855162,361.57645,298.42105
1.5-473-550,0.4387755102,0.8775510204,0.9071317792997667,0.0008156835895,1.5,473.0,550.0,668.9192,1.4413638,266.82877,900.9439,232.02472,1.2903476,-0.15101624,122.60731,-144.22147
1.5-473-550,0.3626506025,0.725301205,0.22784103821928303,0.0002048723241,1.5,473.0,550.0,595.9716,1.8643522,499.1571,662.2009,66.22931,1.6283072,-0.236045,334.23395,-164.92316
1.5-473-550,0.1542168674,0.3084337348,0.9993254186825348,-0.0008985831642,1.5,473.0,550.0,857.5354,0.018543324,69.422035,742.98645,-114.54895,0.46831942,0.44977608,375.5999,306.1779
1.5-473-550,0.4632653061,0.9265306122,0.999825745120423,0.0008990330526,1.5,473.0,550.0,660.16003,0.0053075165,349.97754,928.51996,268.35992,1.2561529,1.2508453,96.71528,-253.26227
1.5-473-550,0.4285714286,0.8571428572,0.9895407848051817,-0.0008897849218,1.5,473.0,550.0,687.6439,0.6590606,147.55446,919.1785,231.5346,1.2025843,0.54352367,113.05753,-34.496925
1.5-473-550,0.134939759,0.269879518,0.9915009044774012,0.0008915474413,1.5,473.0,550.0,706.00146,0.3571315,120.48052,724.90704,18.905579,0.43206078,0.07492927,398.26056,277.78003
1.5-473-550,0.1975903614,0.3951807228,0.9993254186825348,0.0008985831642,1.5,473.0,550.0,1184.4879,0.014833471,43.750282,780.47534,-404.01257,0.5769249,0.56209147,325.1411,281.39084
1.5-473-550,0.1602409638,0.3204819276,0.7098470004029654,0.0006382871403,1.5,473.0,550.0,509.66174,1.0506163,613.15106,651.18964,141.5279,0.7410211,-0.30959517,440.52466,-172.6264
1.5-473-550,0.3180722892,0.6361445784,0.960723235489121,0.0008638724771,1.5,473.0,550.0,983.05505,1.1852057,55.84223,864.2969,-118.75818,0.9650222,-0.22018349,197.09589,141.25366
1.5-473-550,0.3060240964,0.6120481928,0.9993254186825348,-0.0008985831642,1.5,473.0,550.0,1175.9879,0.01991566,44.134834,868.3835,-307.60443,0.8937945,0.87387884,200.4737,156.33887
1.5-473-550,0.3819277109,0.7638554218,0.9772248215579286,-0.000878710534,1.5,473.0,550.0,999.40283,1.0327253,54.531166,901.5092,-97.893616,1.1145335,0.08180821,141.82886,87.29769
1.5-473-550,0.3987951807,0.7975903614,0.9993254187937461,0.0008985831643,1.5,473.0,550.0,1093.4908,0.03305181,48.326393,913.30084,-180.19,1.1327523,1.0997005,127.259224,78.93283
1.5-473-550,0.3168674699,0.6337349398,0.9844268823757469,0.0008851865532,1.5,473.0,550.0,1097.3966,0.5314771,48.099342,870.8332,-226.56342,0.9389645,0.4074874,193.08754,144.98819
1.5-473-550,0.01836734691,0.03673469382,0.9956514833048237,0.0008952795992,1.5,473.0,550.0,473.0,0.039837442,649.85333,654.71783,181.71783,0.25680783,0.21697038,491.61868,-158.23465
1.5-473-550,0.2987951807,0.5975903614,0.9844268823757469,-0.0008851865532,1.5,473.0,550.0,1110.2562,0.5011357,47.39997,858.90674,-251.34949,0.88679844,0.38566273,211.06415,163.66418
1.5-473-550,0.2746987952,0.5493975904,0.9999999997775775,-0.0008991897406,1.5,473.0,550.0,1204.612,2.077271e-08,42.890602,846.1682,-358.44385,0.8006892,0.8006892,233.44188,190.55127
1.5-473-550,0.3554216868,0.7108433736,0.5396442233296441,-0.0004852425493,1.5,473.0,550.0,621.43915,1.9024118,457.64993,746.57263,125.133484,1.4393383,-0.4630735,267.58334,-190.06659
1.5-473-550,0.08775510207,0.17551020414,0.9337895728803226,0.000839654004,1.5,473.0,550.0,473.0,0.5811512,649.85333,674.19025,201.19025,0.3858545,-0.19529667,455.8622,-193.99112
1.5-473-550,0.1301204819,0.2602409638,0.8902853187445975,0.000800535425,1.5,473.0,550.0,510.28052,0.8621141,612.4846,688.82855,178.54803,0.50098467,-0.3611294,427.78235,-184.70227
1.5-473-550,0.1602409638,0.3204819276,0.9945113832197316,0.0008942544329,1.5,473.0,550.0,858.873,0.154314,69.22483,746.4594,-112.413574,0.48598805,0.33167404,370.0759,300.85107
1.5-473-550,0.4122448979,0.8244897958,0.9337895728803226,-0.000839654004,1.5,473.0,550.0,745.43384,1.8243884,96.21343,900.35046,154.91663,1.2186677,-0.60572064,131.42322,35.209785
1.5-473-550,0.1,0.2,0.9215671387250775,0.0008286637166,1.5,473.0,550.0,473.49045,0.64239085,649.3906,678.1788,204.68832,0.4160396,-0.22635126,448.28314,-201.10748
1.5-473-550,0.4428571429,0.8857142858,0.9980223152919674,-0.000897411427,1.5,473.0,550.0,667.5617,0.116483055,279.72607,924.3927,256.831,1.2221812,1.1056981,105.16468,-174.5614
1.5-473-550,0.3843373495,0.768674699,0.9671530515086588,0.0008696541017,1.5,473.0,550.0,954.7356,1.3681872,58.272346,899.6847,-55.050903,1.1292443,-0.23894286,142.13353,83.86118
1.5-473-550,0.2686746988,0.5373493976,0.9337895728803226,-0.000839654004,1.5,473.0,550.0,916.4041,1.3924584,62.12095,819.6154,-96.7887,0.84535944,-0.547099,256.12445,194.00351
1.5-473-550,0.1530120482,0.3060240964,0.8902853188558087,-0.0008005354251,1.5,473.0,550.0,536.2561,0.93025416,583.69324,706.0019,169.74579,0.55425745,-0.3759967,404.25418,-179.43906
1.5-473-550,0.3265060241,0.6530120482,0.9872047710533666,0.0008876844022,1.5,473.0,550.0,1103.4417,0.45528346,47.764107,877.51416,-225.92749,0.9633911,0.50810766,183.50003,135.73593
1.5-473-550,0.2662650602,0.5325301204,0.9915009044774012,-0.0008915474413,1.5,473.0,550.0,1177.1033,0.24467333,44.08381,836.8503,-340.253,0.78327185,0.53859854,244.9315,200.84769
1.5-473-550,0.4510204082,0.9020408164,0.3542741439827602,-0.0003185596757,1.5,473.0,550.0,651.2884,1.9875475,386.70374,753.6722,102.38379,1.6732825,-0.314265,234.50061,-152.20312
1.5-473-550,0.2746987952,0.5493975904,0.7892004020960466,-0.000709640905,1.5,473.0,550.0,642.0673,1.6246508,412.48938,772.9892,130.92188,1.0088248,-0.615826,286.79135,-125.69803
1.5-473-550,0.2253012048,0.4506024096,0.22784103833049427,-0.0002048723242,1.5,473.0,550.0,515.2579,1.3342229,607.0432,565.8523,50.59442,1.3413951,0.007172227,465.30594,-141.73727
1.5-473-550,0.3710843374,0.7421686748,0.9973789933391554,-0.0008968329585,1.5,473.0,550.0,1113.062,0.11415096,47.25004,902.6522,-210.40979,1.0703373,0.95618635,145.4925,98.242455
1.5-473-550,0.2265060241,0.4530120482,0.22784103833049427,-0.0002048723242,1.5,473.0,550.0,515.563,1.336926,606.704,566.60223,51.039246,1.3445543,0.0076283216,464.17883,-142.52515
1.5-473-550,0.4959183674,0.9918367348,0.9442484491033019,0.0008490585182,1.5,473.0,550.0,657.4213,1.2408595,361.98013,920.838,263.4167,1.3478929,0.10703337,94.23963,-267.7405
1.5-473-550,0.1518072289,0.3036144578,0.9965972946963587,0.0008961300631,1.5,473.0,550.0,827.8989,0.10651716,74.26032,740.1089,-87.79004,0.4649134,0.35839623,378.94125,304.68094
1.5-473-550,0.1734939759,0.3469879518,0.09831793589120096,8.840647929e-05,1.5,473.0,550.0,496.73752,1.149062,626.31165,517.0894,20.351898,1.2805805,0.13151848,523.4746,-102.837036
1.5-473-550,0.4081632653,0.8163265306,0.9442484491033019,-0.0008490585182,1.5,473.0,550.0,778.8521,1.794174,85.07404,901.8539,123.00177,1.2012942,-0.5928798,131.78004,46.706
1.5-473-550,0.1385542168,0.2771084336,0.3542741439827602,-0.0003185596757,1.5,473.0,550.0,484.34503,1.0832603,638.85284,543.48474,59.13971,1.0078112,-0.07544911,524.1089,-114.74396
1.5-473-550,0.2975903615,0.595180723,0.9996041060258503,0.000898833757,1.5,473.0,550.0,1183.0302,0.0103785,43.812782,862.7718,-320.25836,0.868958,0.8585795,208.95767,165.1449
1.5-473-550,0.2626506024,0.5253012048,0.9985491866279087,0.0008978851843,1.5,473.0,550.0,1211.9926,0.03963097,42.559334,836.2288,-375.76373,0.7659354,0.7263045,247.4201,204.86078
1.5-473-550,0.08367346941,0.16734693882,0.5396442233296441,-0.0004852425493,1.5,473.0,550.0,473.0,1.0899302,649.85333,562.758,89.757996,0.70601636,-0.38391382,535.6974,-114.155945
1.5-473-550,0.3180722892,0.6361445784,0.6021818746711394,-0.0005414757638,1.5,473.0,550.0,611.12024,1.7326756,475.39212,740.00085,128.88062,1.3081611,-0.4245144,288.62732,-186.7648
1.5-473-550,0.3144578314,0.6289156628,0.4163512326852384,0.000374378757,1.5,473.0,550.0,572.5464,1.6423879,535.2367,676.8079,104.261536,1.4423443,-0.20004356,339.17108,-196.06561
1.5-473-550,0.2493975904,0.4987951808,0.9996041060258503,0.000898833757,1.5,473.0,550.0,1231.2739,0.008888861,41.772194,825.6979,-405.57605,0.72533965,0.7164508,262.62094,220.84875
1.5-473-550,0.2445783133,0.4891566266,0.7098470004029654,0.0006382871403,1.5,473.0,550.0,579.7828,1.4417758,524.41315,718.41864,138.63586,0.99708515,-0.44469064,344.16568,-180.24747
1.5-473-550,0.0,0.0,0.9945146915314984,-0.0008942574077,1.5,473.0,550.0,473.0,0.90842825,649.85333,646.7045,173.70453,0.24100424,-0.667424,502.0583,-147.79504
1.5-473-550,0.1746987951,0.3493975902,0.9215172744995802,-0.0008286188792,1.5,473.0,550.0,598.4486,0.97808653,495.10574,734.26025,135.81165,0.5822064,-0.3958801,372.1412,-122.96454
1.5-473-550,0.2614457831,0.5228915662,0.9726063657286781,0.0008745576659,1.5,473.0,550.0,1088.7926,0.75390685,48.601997,826.7895,-262.0031,0.78636175,0.032454908,254.99426,206.39227
1.5-473-550,0.3843373495,0.768674699,0.22784103821928303,0.0002048723241,1.5,473.0,550.0,614.2457,2.0222914,470.4405,677.7174,63.47168,1.6577935,-0.3644979,315.08337,-155.35712
1.5-473-550,0.1614457831,0.3228915662,0.9895407848051817,-0.0008897849218,1.5,473.0,550.0,831.1599,0.28834924,73.7042,745.8485,-85.3114,0.49270815,0.2043589,369.96707,296.26288
1.5-473-550,0.1036144578,0.2072289156,0.47796385156444166,0.0004297801918,1.5,473.0,550.0,473.02145,1.0951737,649.83307,555.6482,82.62674,0.80808693,-0.28708678,532.2778,-117.5553
1.5-473-550,0.2939759036,0.5879518072,0.9956514833048237,-0.0008952795992,1.5,473.0,550.0,1168.3741,0.13809301,44.48301,859.028,-309.34613,0.8620429,0.7239499,213.58066,169.09766
1.5-473-550,0.178313253,0.356626506,0.6600967573005477,0.0005935522321,1.5,473.0,550.0,516.4857,1.1167247,605.6779,647.8814,131.39569,0.8422801,-0.27444464,433.17157,-172.50635
1.5-473-550,0.1373493975,0.274698795,0.8705746216627653,0.0007828117684,1.5,473.0,550.0,513.061,0.9054624,609.48096,687.6522,174.59125,0.5338629,-0.3715995,425.37207,-184.10889
1.5-473-550,0.1192771084,0.2385542168,0.03282169735804886,2.951293354e-05,1.5,473.0,550.0,474.70752,1.1198337,648.2426,488.40335,13.695831,1.1820754,0.062241673,564.9345,-83.308105
1.5-473-550,0.09591836738,0.19183673476,0.9811301448069191,0.0008822221606,1.5,473.0,550.0,473.0,0.19425137,649.85333,693.43396,220.43396,0.36619946,0.17194809,438.22278,-211.63055
1.5-473-550,0.4653061225,0.930612245,0.9895407848051817,-0.0008897849218,1.5,473.0,550.0,659.78046,0.54663295,352.45636,926.52167,266.7412,1.2677156,0.7210826,97.54171,-254.91464
1.5-473-550,0.0387755102,0.0775510204,0.16340484097302546,-0.0001469319566,1.5,473.0,550.0,473.0,1.2430104,649.85333,483.80185,10.801849,0.910506,-0.3325044,598.25195,-51.60138
1.5-473-550,0.4612244898,0.9224489796,0.9999999997775775,-0.0008991897406,1.5,473.0,550.0,660.55536,2.077271e-08,346.29355,928.22675,267.6714,1.2526134,1.2526134,97.45063,-248.84293
