case_id,x,x_over_L,r_over_R,r_signed,diameter,inlet_temperature,wall_heat_flux,true_temperature,true_u,true_density,pred_temperature,error_temperature,pred_u,error_u,pred_density,error_density
1.5-473-550,0.1867469879,0.3734939758,0.5396442233296441,0.0004852425493,1.5,473.0,550.0,512.5311,1.1686084,610.07544,617.65497,105.12384,0.98004127,-0.18856716,449.27875,-160.79669
1.5-473-550,0.2939759036,0.5879518072,0.9772248215579286,-0.000878710534,1.5,473.0,550.0,1077.6062,0.71169186,49.25489,853.7726,-223.83362,0.879931,0.16823912,218.05353,168.79865
1.5-473-550,0.265060241,0.530120482,0.9442484491033019,-0.0008490585182,1.5,473.0,550.0,957.1903,1.2733581,58.09626,820.7831,-136.40723,0.82453275,-0.44882536,257.68695,199.5907
1.5-473-550,0.1204819277,0.2409638554,0.9945113832197316,-0.0008942544329,1.5,473.0,550.0,670.7812,0.2912915,250.21994,715.1557,44.37451,0.4027185,0.11142701,410.5305,160.31055
1.5-473-550,0.4020408163,0.8040816326,0.9442484492145131,-0.0008490585183,1.5,473.0,550.0,850.1838,1.8915957,70.67533,900.5854,50.40161,1.1878734,-0.70372236,136.65834,65.98301
1.5-473-550,0.3722891567,0.7445783134,0.8902853188558087,-0.0008005354251,1.5,473.0,550.0,804.8726,2.0452416,78.944756,873.10504,68.23242,1.1709899,-0.8742517,167.31369,88.368935
1.5-473-550,0.2843373494,0.5686746988,0.9895407848051817,-0.0008897849218,1.5,473.0,550.0,1148.2205,0.32159087,45.446724,850.62787,-297.5926,0.8399477,0.5183568,225.45604,180.00931
1.5-473-550,0.2891566265,0.578313253,0.9671530515086588,0.0008696541017,1.5,473.0,550.0,1031.3419,0.9631761,52.21073,847.07025,-184.27167,0.8751737,-0.08800238,225.4425,173.23178
1.5-473-550,0.4428571429,0.8857142858,0.998978267368595,0.0008982710093,1.5,473.0,550.0,667.5624,0.05760827,279.71997,925.3794,257.81702,1.2209978,1.1633896,106.55329,-173.16669
1.5-473-550,0.3168674699,0.6337349398,0.5396442233296441,0.0004852425493,1.5,473.0,550.0,597.118,1.699946,497.29327,719.08984,121.97186,1.351843,-0.34810305,306.595,-190.69827
1.5-473-550,0.4,0.8,0.6603133567468745,0.0005937469961,1.5,473.0,550.0,655.9245,2.291082,368.0228,814.99554,159.07104,1.422164,-0.86891794,200.41905,-167.60374
1.5-473-550,0.1831325301,0.3662650602,0.9531521908128958,-0.0008570646714,1.5,473.0,550.0,740.531,0.8926435,102.16558,752.7165,12.185486,0.57814777,-0.31449574,353.0941,250.9285
1.5-473-550,0.1156626505,0.231325301,0.5396442233296441,-0.0004852425493,1.5,473.0,550.0,476.6313,1.048576,646.4278,576.8323,100.20099,0.778829,-0.26974702,512.00006,-134.42773
1.5-473-550,0.2530120482,0.5060240964,0.9915009044774012,0.0008915474413,1.5,473.0,550.0,1189.8553,0.23669453,43.501503,826.5217,-363.33362,0.74454385,0.50784934,260.13077,216.62927
1.5-473-550,0.2421686747,0.4843373494,0.9993254186825348,0.0008985831642,1.5,473.0,550.0,1247.0807,0.01605316,41.1457,819.9456,-427.13507,0.7053604,0.6893073,270.9549,229.8092
1.5-473-550,0.1855421686,0.3710843372,0.7525573838264147,0.0006766918789,1.5,473.0,550.0,533.1109,1.1294621,587.1907,685.34357,152.23267,0.76990664,-0.35955548,401.76407,-185.4266
1.5-473-550,0.4591836735,0.918367347,0.7525573838264147,0.0006766918789,1.5,473.0,550.0,659.2175,1.6564691,354.7289,866.8539,207.63635,1.4391264,-0.21734273,144.11163,-210.61728
1.5-473-550,0.02244897957,0.04489795914,0.9844268823757469,-0.0008851865532,1.5,473.0,550.0,473.0,0.14652498,649.85333,654.0268,181.0268,0.26889297,0.12236799,489.2047,-160.64862
1.5-473-550,0.191566265,0.38313253,0.9726063657286781,-0.0008745576659,1.5,473.0,550.0,975.40533,0.6130002,56.491127,766.6473,-208.75806,0.58434457,-0.028655648,338.1938,281.70267
1.5-473-550,0.1662650602,0.3325301204,0.9811301446957078,-0.0008822221605,1.5,473.0,550.0,800.4612,0.47762808,79.66988,747.5546,-52.906555,0.5124617,0.03483364,365.37857,285.70868
1.5-473-550,0.3313253012,0.6626506024,0.5396442233296441,0.0004852425493,1.5,473.0,550.0,607.1256,1.7711611,481.97275,730.2316,123.10602,1.3846028,-0.3865583,291.71933,-190.25342
1.5-473-550,0.3457831326,0.6915662652,0.9956514833048237,0.0008952795992,1.5,473.0,550.0,1128.2635,0.16783817,46.437782,891.0994,-237.16412,1.0079163,0.8400782,166.00426,119.566475
1.5-473-550,0.2831325301,0.5662650602,0.03282169734692774,-2.951293353e-05,1.5,473.0,550.0,526.77856,1.4775287,594.2323,569.84576,43.0672,1.5510416,0.07351291,439.45938,-154.77292
1.5-473-550,0.2975903615,0.595180723,0.3542741439827602,-0.0003185596757,1.5,473.0,550.0,549.6622,1.5532156,567.6807,647.771,98.108826,1.4371136,-0.11610198,370.73016,-196.95056
1.5-473-550,0.03469387754,0.06938775508,0.8475322498919685,0.0007620923041,1.5,473.0,550.0,473.0,0.8050288,649.85333,624.2126,151.21259,0.3696032,-0.4354256,507.90848,-141.94485
1.5-473-550,0.07346938777,0.14693877554,0.9945113832197316,0.0008942544329,1.5,473.0,550.0,473.0,0.05618926,649.85333,683.44257,210.44257,0.3243321,0.26814282,452.06082,-197.79251
1.5-473-550,0.03469387754,0.06938775508,0.9985491866279087,0.0008978851843,1.5,473.0,550.0,473.0,0.013315221,649.85333,663.3783,190.3783,0.27347735,0.26016212,478.9112,-170.94214
1.5-473-550,0.1361445783,0.2722891566,0.4163512323516047,-0.0003743787567,1.5,473.0,550.0,484.2104,1.0737606,638.9891,556.89197,72.68158,0.94283813,-0.1309225,515.7912,-123.197876
1.5-473-550,0.4938775511,0.9877551022,0.9985491866279087,-0.0008978851843,1.5,473.0,550.0,657.493,0.07508268,361.69086,933.2592,275.76624,1.3038322,1.2287495,88.44936,-273.2415
1.5-473-550,0.2240963855,0.448192771,0.9337895728803226,0.000839654004,1.5,473.0,550.0,979.1677,1.2608693,56.264137,782.15283,-197.0149,0.71081626,-0.550053,309.05685,252.79272
1.5-473-550,0.2951807229,0.5903614458,0.9956514833048237,-0.0008952795992,1.5,473.0,550.0,1167.3073,0.138761,44.531837,860.37115,-306.9361,0.8662954,0.7275344,212.68364,168.1518
1.5-473-550,0.3843373495,0.768674699,0.998978267368595,0.0008982710093,1.5,473.0,550.0,1107.9937,0.046346866,47.52088,908.88324,-199.11041,1.100364,1.0540171,137.46684,89.94596
1.5-473-550,0.1939759036,0.3879518072,0.22784103821928303,0.0002048723241,1.5,473.0,550.0,505.68872,1.2206755,617.25305,549.00916,43.320435,1.2490885,0.028413057,492.70566,-124.54739
1.5-473-550,0.2831325301,0.5662650602,0.9531521909241071,0.0008570646715,1.5,473.0,550.0,975.20734,1.2088019,56.486122,838.0139,-137.19342,0.8705044,-0.3382975,235.23245,178.74634
1.5-473-550,0.4102040816,0.8204081632,0.9337895728803226,0.000839654004,1.5,473.0,550.0,759.21014,1.8555906,91.06394,900.4885,141.27838,1.2136813,-0.64190924,133.91331,42.849373
1.5-473-550,0.1469879518,0.2939759036,0.7525573838264147,-0.0006766918789,1.5,473.0,550.0,504.5166,1.0042142,618.4392,656.6556,152.13898,0.6626157,-0.34159845,442.30798,-176.13123
1.5-473-550,0.3530120482,0.7060240964,0.29146971579860803,-0.0002620865782,1.5,473.0,550.0,591.33875,1.8136603,505.7978,672.90784,81.56909,1.5780901,-0.23557019,330.13165,-175.66614
1.5-473-550,0.3566265061,0.7132530122,0.9945113832197316,0.0008942544329,1.5,473.0,550.0,1112.0148,0.22483195,47.306007,896.08734,-215.92743,1.0370373,0.8122053,157.70306,110.39706
1.5-473-550,0.4224489796,0.8448979592,0.9973789934503665,-0.0008968329586,1.5,473.0,550.0,705.01843,0.18153091,121.451805,920.29974,215.28131,1.1836133,1.0020823,116.20173,-5.2500763
1.5-473-550,0.0102040816,0.0204081632,0.9531521908128958,-0.0008570646714,1.5,473.0,550.0,473.0,0.4232706,649.85333,641.08386,168.08386,0.2750984,-0.1481722,501.9144,-147.93893
1.5-473-550,0.1493975903,0.2987951806,0.9872047710533666,-0.0008876844022,1.5,473.0,550.0,738.84735,0.41884997,99.017876,735.4692,-3.3781738,0.46826056,0.04941058,382.51724,283.49936
1.5-473-550,0.395180723,0.790361446,0.03282169734692774,-2.951293353e-05,1.5,473.0,550.0,617.9369,2.1022122,464.19873,644.2477,26.310791,1.7204748,-0.38173735,345.491,-118.70773
1.5-473-550,0.104819277,0.209638554,0.6021818746711394,-0.0005414757638,1.5,473.0,550.0,473.2352,1.0383072,649.6314,588.1485,114.9133,0.6956644,-0.34264278,509.0198,-140.6116
1.5-473-550,0.05918367348,0.11836734696,0.9973789933391554,0.0008968329585,1.5,473.0,550.0,473.0,0.026261946,649.85333,675.932,202.932,0.30315158,0.27688962,462.3147,-187.53864
1.5-473-550,0.2879518072,0.5759036144,0.7098470004029654,-0.0006382871403,1.5,473.0,550.0,620.696,1.6434749,458.6981,755.7462,135.05023,1.1244355,-0.5190394,293.0091,-165.689
1.5-473-550,0.3903614458,0.7807228916,0.9671530515086588,-0.0008696541017,1.5,473.0,550.0,948.2779,1.4250561,58.84867,902.6317,-45.64618,1.1424156,-0.28264046,139.47824,80.62957
1.5-473-550,0.1855421686,0.3710843372,0.7892004020960466,-0.000709640905,1.5,473.0,550.0,540.848,1.1199418,578.3578,698.0323,157.18427,0.73430455,-0.38563728,392.52155,-185.83624
1.5-473-550,0.3987951807,0.7975903614,0.9671530516198701,-0.0008696541018,1.5,473.0,550.0,941.0341,1.5027689,59.54673,905.6029,-35.431213,1.1608729,-0.34189594,134.3249,74.778175
1.5-473-550,0.1373493975,0.274698795,0.4163512326852384,0.000374378757,1.5,473.0,550.0,484.7816,1.0744156,638.4111,557.45953,72.67795,0.9461752,-0.12824035,514.8615,-123.54956
1.5-473-550,0.09387755105,0.1877551021,0.9965972946963587,0.0008961300631,1.5,473.0,550.0,473.0,0.034333073,649.85333,696.9945,223.9945,0.3541523,0.3198192,434.65646,-215.19687
1.5-473-550,0.3144578314,0.6289156628,0.9337895728803226,0.000839654004,1.5,473.0,550.0,898.4203,1.5329269,64.15232,854.0375,-44.382812,0.98053735,-0.55238956,207.26564,143.11331
1.5-473-550,0.3975903615,0.795180723,0.6600967573005477,0.0005935522321,1.5,473.0,550.0,655.24774,2.2711532,370.75494,813.6311,158.38336,1.4183571,-0.8527961,202.25304,-168.5019
1.5-473-550,0.1253012048,0.2506024096,0.9772248215579286,0.000878710534,1.5,473.0,550.0,583.7302,0.57148534,516.5715,713.38306,129.65283,0.42444938,-0.14703596,409.9401,-106.63138
1.5-473-550,0.2012048193,0.4024096386,0.9772248215579286,0.000878710534,1.5,473.0,550.0,1126.0778,0.519606,46.558174,776.7123,-349.36548,0.6067496,0.0871436,325.53424,278.97607
1.5-473-550,0.2686746988,0.5373493976,0.9965972946963587,0.0008961300631,1.5,473.0,550.0,1197.2126,0.09796759,43.187477,840.8609,-356.35175,0.7867672,0.6887996,241.02715,197.83966
1.5-473-550,0.395180723,0.790361446,0.9872047710533666,0.0008876844022,1.5,473.0,550.0,1032.9977,0.68512815,52.093117,909.6449,-123.35278,1.1353271,0.45019895,132.85258,80.75947
1.5-473-550,0.1650602409,0.3301204818,0.9956514833048237,0.0008952795992,1.5,473.0,550.0,899.10175,0.11353888,64.00315,751.286,-147.81573,0.4982616,0.3847227,363.0856,299.08246
1.5-473-550,0.3120481928,0.6240963856,0.9772248215579286,-0.000878710534,1.5,473.0,550.0,1064.1111,0.7519395,50.066933,866.10645,-198.00464,0.9323733,0.18043381,199.86331,149.79639
1.5-473-550,0.2903614458,0.5807228916,0.9872047710533666,-0.0008876844022,1.5,473.0,550.0,1131.6853,0.40099403,46.26191,854.31036,-277.37494,0.85995317,0.45895913,219.5837,173.32178
1.5-473-550,0.2638554217,0.5277108434,0.993141646395439,-0.0008930227796,1.5,473.0,550.0,1187.1006,0.19605382,43.626595,835.918,-351.18256,0.77549267,0.57943887,247.27306,203.64645
1.5-473-550,0.05510204082,0.11020408164,0.9915009044774012,-0.0008915474413,1.5,473.0,550.0,473.0,0.08704444,649.85333,672.073,199.073,0.30153516,0.21449071,466.49948,-183.35385
1.5-473-550,0.1012048192,0.2024096384,0.8902853189670199,-0.0008005354252,1.5,473.0,550.0,473.81305,0.7424642,649.08636,669.91437,196.10132,0.4426351,-0.2998291,452.49603,-196.59033
1.5-473-550,0.1975903614,0.3951807228,0.3542741439827602,-0.0003185596757,1.5,473.0,550.0,509.64078,1.2339172,613.229,576.6408,67.00003,1.1707112,-0.06320608,471.9699,-141.2591
1.5-473-550,0.221686747,0.443373494,0.4163512326852384,0.000374378757,1.5,473.0,550.0,519.5453,1.3245445,602.27563,607.769,88.223694,1.1928263,-0.13171828,437.47998,-164.79565
1.5-473-550,0.04897959184,0.09795918368,0.8206166047262803,-0.0007378900321,1.5,473.0,550.0,473.0,0.86254764,649.85333,622.96173,149.96173,0.40823945,-0.45430818,504.67755,-145.17578
1.5-473-550,0.3421686747,0.6843373494,0.9985491866279087,0.0008978851843,1.5,473.0,550.0,1145.0652,0.052926682,45.602272,890.0563,-255.00891,0.9956798,0.94275314,168.38791,122.78564
1.5-473-550,0.1638554216,0.3277108432,0.9772248215579286,0.000878710534,1.5,473.0,550.0,758.43036,0.5743717,91.51037,744.23047,-14.19989,0.5096804,-0.064691305,369.07825,277.56787
1.5-473-550,0.4224489796,0.8448979592,0.9998257452316341,-0.0008990330527,1.5,473.0,550.0,705.0219,0.006864509,121.44834,920.89557,215.87366,1.1815394,1.1746749,115.796715,-5.6516266
1.5-473-550,0.2542168675,0.508433735,0.8475322498919685,0.0007620923041,1.5,473.0,550.0,672.49554,1.5835941,244.871,777.8033,105.30774,0.88557166,-0.6980224,295.32477,50.453766
1.5-473-550,0.4551020408,0.9102040816,0.960723235489121,0.0008638724771,1.5,473.0,550.0,661.79724,1.1186212,334.49435,918.8369,257.03967,1.273261,0.15463972,107.64045,-226.85391
1.5-473-550,0.03061224488,0.06122448976,0.9965972946963587,-0.0008961300631,1.5,473.0,550.0,473.0,0.032032393,649.85333,660.8988,187.8988,0.2702553,0.2382229,481.88538,-167.96796
1.5-473-550,0.07755102043,0.15510204086,0.7098470004029654,-0.0006382871403,1.5,473.0,550.0,473.0,0.99112594,649.85333,605.15765,132.15765,0.54320943,-0.4479165,507.84952,-142.00381
1.5-473-550,0.4979591837,0.9959183674,0.9337895729915338,-0.0008396540041,1.5,473.0,550.0,657.3772,1.2955183,362.1582,919.77,262.39282,1.3571988,0.061680555,96.86909,-265.28912
1.5-473-550,0.4306122449,0.8612244898,0.998978267368595,-0.0008982710093,1.5,473.0,550.0,683.30524,0.06089767,159.47713,922.6872,239.38196,1.1981713,1.1372736,112.018394,-47.458733
1.5-473-550,0.08163265309,0.16326530618,0.993141646395439,0.0008930227796,1.5,473.0,550.0,473.0,0.07036408,649.85333,688.06946,215.06946,0.33719,0.2668259,445.79547,-204.05786
1.5-473-550,0.3457831326,0.6915662652,0.3542741439827602,-0.0003185596757,1.5,473.0,550.0,590.75836,1.7850803,506.54828,684.45105,93.69269,1.5342786,-0.25080168,322.8466,-183.70169
1.5-473-550,0.4979591837,0.9959183674,0.9989782674798061,-0.0008982710094,1.5,473.0,550.0,657.4045,0.05149188,362.04813,933.80255,276.39807,1.3093027,1.2578108,87.21053,-274.8376
1.5-473-550,0.104819277,0.209638554,0.3542741437603377,0.0003185596755,1.5,473.0,550.0,473.01923,1.1264834,649.8352,531.28845,58.269226,0.91162527,-0.21485817,545.68384,-104.15137
1.5-473-550,0.4387755102,0.8775510204,0.9772248215579286,-0.000878710534,1.5,473.0,550.0,670.5001,0.9744412,252.3202,919.3327,248.83258,1.2314845,0.25704336,111.8603,-140.4599
1.5-473-550,0.3915662651,0.7831325302,0.9895407848051817,0.0008897849218,1.5,473.0,550.0,1050.4003,0.54475176,50.939857,909.0083,-141.39197,1.1252223,0.58047056,134.62898,83.689125
1.5-473-550,0.0102040816,0.0204081632,0.7525573838264147,0.0006766918789,1.5,473.0,550.0,473.0,1.0068343,649.85333,592.4286,119.42859,0.40517208,-0.60166216,536.6468,-113.20654
1.5-473-550,0.191566265,0.38313253,0.9726063657286781,0.0008745576659,1.5,473.0,550.0,975.40515,0.61300033,56.491127,766.6473,-208.75787,0.58434457,-0.028655767,338.1938,281.70267
1.5-473-550,0.321686747,0.643373494,0.9071317792997667,-0.0008156835895,1.5,473.0,550.0,835.4343,1.734862,73.1507,850.14374,14.709412,1.0264682,-0.7083938,206.46025,133.30954
1.5-473-550,0.1180722891,0.2361445782,0.9931416465066502,-0.0008930227797,1.5,473.0,550.0,651.49896,0.3140984,385.5834,712.94714,61.44818,0.39908168,0.08498329,413.20145,27.618042
1.5-473-550,0.2277108434,0.4554216868,0.09831793590232207,-8.84064793e-05,1.5,473.0,550.0,514.31964,1.339801,608.0866,546.71564,32.395996,1.406418,0.06661701,478.78537,-129.30124
1.5-473-550,0.365060241,0.730120482,0.9772248215579286,0.000878710534,1.5,473.0,550.0,1015.35767,0.9387923,53.337685,895.13116,-120.2265,1.0739849,0.13519257,154.74869,101.411
1.5-473-550,0.3506024097,0.7012048194,0.9872047710533666,0.0008876844022,1.5,473.0,550.0,1081.5896,0.507424,49.018257,891.1275,-190.4621,1.0282885,0.5208645,163.80963,114.791374
1.5-473-550,0.2927710844,0.5855421688,0.9895407848051817,0.0008897849218,1.5,473.0,550.0,1140.8092,0.3316355,45.81211,856.7717,-284.03748,0.8648847,0.53324914,216.53659,170.72449
1.5-473-550,0.2204819277,0.4409638554,0.3542741437603377,0.0003185596755,1.5,473.0,550.0,516.99115,1.3218917,605.11584,591.44116,74.45001,1.2367071,-0.085184574,449.80234,-155.3135
1.5-473-550,0.3903614458,0.7807228916,0.9772248215579286,0.000878710534,1.5,473.0,550.0,989.2022,1.1018214,55.331062,905.32916,-83.87305,1.1334546,0.03163314,137.61252,82.281456
1.5-473-550,0.2879518072,0.5759036144,0.9985491866279087,-0.0008978851843,1.5,473.0,550.0,1186.4879,0.043411337,43.65464,856.0997,-330.38824,0.8423382,0.7989269,219.57965,175.92502
1.5-473-550,0.4367346939,0.8734693878,0.8705746216627653,-0.0007828117684,1.5,473.0,550.0,669.67017,1.5630496,259.8974,891.6902,222.02002,1.3153657,-0.24768388,131.86713,-128.03027
1.5-473-550,0.02653061223,0.05306122446,0.03282169735804886,2.951293354e-05,1.5,473.0,550.0,473.0,1.22343,649.85333,468.94424,-4.0557556,0.9660612,-0.25736886,607.56226,-42.291077
1.5-473-550,0.3674698796,0.7349397592,0.993141646395439,0.0008930227796,1.5,473.0,550.0,1095.2158,0.29783234,48.226112,900.58704,-194.62878,1.0653963,0.76756394,149.9597,101.73359
1.5-473-550,0.1072289156,0.2144578312,0.9872047710533666,0.0008876844022,1.5,473.0,550.0,583.7735,0.3018944,516.0601,703.32806,119.554565,0.3832449,0.081350505,424.8495,-91.21063
1.5-473-550,0.1963855422,0.3927710844,0.9956514833048237,0.0008952795992,1.5,473.0,550.0,1155.2974,0.107451044,45.097847,778.59033,-376.70703,0.57825994,0.4708089,326.62238,281.52454
1.5-473-550,0.3072289157,0.6144578314,0.8475322498919685,-0.0007620923041,1.5,473.0,550.0,708.5955,1.8111926,128.05598,820.10925,111.51373,1.0440753,-0.7671174,235.50809,107.4521
1.5-473-550,0.4816326531,0.9632653062,0.9999999997775775,-0.0008991897406,1.5,473.0,550.0,658.0003,2.077271e-08,359.64264,932.06775,274.06744,1.2846744,1.2846744,91.993675,-267.64896
1.5-473-550,0.05306122449,0.10612244898,0.998978267368595,-0.0008982710093,1.5,473.0,550.0,473.0,0.009608468,649.85333,672.98566,199.98566,0.29445723,0.28484875,466.40173,-183.4516
1.5-473-550,0.07755102043,0.15510204086,0.9071317792997667,-0.0008156835895,1.5,473.0,550.0,473.0,0.69103956,649.85333,660.8762,187.87622,0.389249,-0.30179057,467.80396,-182.04938
1.5-473-550,0.1493975903,0.2987951806,0.9945113832197316,-0.0008942544329,1.5,473.0,550.0,797.34766,0.1819718,80.36526,737.8211,-59.52655,0.4627943,0.28082252,380.70245,300.3372
1.5-473-550,0.1144578313,0.2289156626,0.8705746216627653,0.0007828117684,1.5,473.0,550.0,490.62653,0.8395612,632.496,672.35126,181.72473,0.48407075,-0.35549048,445.41925,-187.07672
1.5-473-550,0.09183673473,0.18367346946,0.6021818746711394,-0.0005414757638,1.5,473.0,550.0,473.0,1.0605718,649.85333,582.5011,109.5011,0.6657474,-0.3948244,517.9859,-131.86743
1.5-473-550,0.1036144578,0.2072289156,0.6600967573005477,0.0005935522321,1.5,473.0,550.0,473.18213,1.0089788,649.6815,603.3684,130.18628,0.640966,-0.36801285,499.15952,-150.522
1.5-473-550,0.1891566265,0.378313253,0.9531521909241071,0.0008570646715,1.5,473.0,550.0,819.0836,0.9026656,76.430214,757.96606,-61.117554,0.5942581,-0.3084075,346.02106,269.59085
1.5-473-550,0.4163265306,0.8326530612,0.9998257452316341,-0.0008990330527,1.5,473.0,550.0,731.17896,0.0070286007,102.88874,919.28564,188.10669,1.1692256,1.162197,118.88555,15.996811
1.5-473-550,0.4,0.8,0.99738047267098,-0.0008968342887,1.5,473.0,550.0,1024.9235,0.14710625,53.446968,913.85657,-111.066895,1.136947,0.9898408,128.21843,74.77146
1.5-473-550,0.1012048192,0.2024096384,0.09831793590232207,-8.84064793e-05,1.5,473.0,550.0,473.0,1.1769576,649.85333,491.5362,18.536194,1.0900347,-0.086922884,570.0249,-79.82843
1.5-473-550,0.4306122449,0.8612244898,0.9895407848051817,0.0008897849218,1.5,473.0,550.0,683.14685,0.64458895,159.91248,920.41455,237.2677,1.2060695,0.5614805,113.56489,-46.347588
1.5-473-550,0.2277108433,0.4554216866,0.998978267368595,0.0008982710093,1.5,473.0,550.0,1285.0776,0.023614785,39.92301,807.3562,-477.72144,0.66333497,0.6397202,288.239,248.31601
1.5-473-550,0.2843373494,0.5686746988,0.6600967573005477,-0.0005935522321,1.5,473.0,550.0,602.5166,1.6018808,488.98932,734.81525,132.29865,1.1618456,-0.44003522,310.49023,-178.49908
1.5-473-550,0.4326530612,0.8653061224,0.9999999997775775,0.0008991897406,1.5,473.0,550.0,679.2393,2.077271e-08,178.74187,923.4043,244.16498,1.20121,1.20121,110.908516,-67.83335
1.5-473-550,0.1216867469,0.2433734938,0.7098470004029654,-0.0006382871403,1.5,473.0,550.0,484.67603,0.98148215,638.5178,627.3549,142.6789,0.6385091,-0.34297305,474.83105,-163.68677
1.5-473-550,0.4489795918,0.8979591836,0.6600967573005477,0.0005935522321,1.5,473.0,550.0,659.3801,1.7780234,354.0335,837.8292,178.4491,1.4915429,-0.28648043,168.8023,-185.2312
1.5-473-550,0.3891566266,0.7783132532,0.960723235489121,0.0008638724771,1.5,473.0,550.0,928.8826,1.5611979,60.77015,900.44604,-28.436584,1.1454622,-0.41573572,141.44781,80.677666
1.5-473-550,0.0,0.0,0.8207308238897558,-0.0007379927368,1.5,473.0,550.0,473.0,0.90842825,649.85333,605.6471,132.6471,0.34714195,-0.56128633,529.8889,-119.96442
1.5-473-550,0.4877551021,0.9755102042,0.9215172744995802,-0.0008286188792,1.5,473.0,550.0,657.6062,1.3465701,361.23392,915.5037,257.89752,1.3526231,0.006052971,102.03994,-259.19397
1.5-473-550,0.4183673469,0.8367346938,0.8902853187445975,0.000800535425,1.5,473.0,550.0,707.2859,1.9449608,119.37759,891.3544,184.06848,1.2666708,-0.67829,137.68889,18.311302
1.5-473-550,0.4999999851,0.9999999702,0.6024353944675255,0.0005417037262,1.5,473.0,550.0,657.1973,1.7995625,362.88437,841.3671,184.1698,1.5781708,-0.22139168,154.99583,-207.88853
1.5-473-550,0.2626506024,0.5253012048,0.3542741439827602,-0.0003185596757,1.5,473.0,550.0,529.1701,1.4343795,591.5728,621.3801,92.21002,1.352038,-0.08234143,406.83484,-184.73798
1.5-473-550,0.1493975903,0.2987951806,0.9998257452316341,-0.0008990330527,1.5,473.0,550.0,836.1574,0.003272733,72.83112,739.5269,-96.63049,0.45885396,0.45558122,379.38376,306.55264
1.5-473-550,0.0,0.0,0.9811419876911479,-0.0008822328096,1.5,473.0,550.0,473.0,0.90842825,649.85333,643.81024,170.81024,0.24996926,-0.658459,502.2604,-147.59293
1.5-473-550,0.1180722891,0.2361445782,0.9965972946963587,0.0008961300631,1.5,473.0,550.0,679.7073,0.19851275,177.38008,714.0104,34.3031,0.3966808,0.19816805,412.37787,234.99779
1.5-473-550,0.4244897959,0.8489795918,0.9980223152919674,-0.000897411427,1.5,473.0,550.0,698.5084,0.13275363,128.96658,920.9729,222.46448,1.1870966,1.054343,115.09341,-13.873177
1.5-473-550,0.06530612246,0.13061224492,0.7892004020960466,0.000709640905,1.5,473.0,550.0,473.0,0.9143404,649.85333,621.5102,148.5102,0.4572872,-0.45705318,500.57144,-149.28189
1.5-473-550,0.1710843373,0.3421686746,0.8206166047262803,0.0007378900321,1.5,473.0,550.0,534.5188,1.0428625,585.6251,697.24884,162.73004,0.6636909,-0.3791716,400.72424,-184.90088
1.5-473-550,0.1144578313,0.2289156626,0.9844268823757469,-0.0008851865532,1.5,473.0,550.0,587.1442,0.4138984,511.5939,707.6305,120.48627,0.39836845,-0.01552996,418.73727,-92.85663
1.5-473-550,0.008163265274,0.016326530548,0.9726063657286781,0.0008745576659,1.5,473.0,550.0,473.0,0.2602273,649.85333,645.0062,172.00623,0.26197085,0.0017435551,499.479,-150.37433
1.5-473-550,0.1951807228,0.3903614456,0.9980223152919674,-0.000897411427,1.5,473.0,550.0,1159.2319,0.047258876,44.907295,778.30853,-380.9234,0.57308465,0.5258258,327.4584,282.55112
1.5-473-550,0.0612244898,0.1224489796,0.9973789933391554,0.0008968329585,1.5,473.0,550.0,473.0,0.026296338,649.85333,677.0828,204.08282,0.30580345,0.2795071,460.80972,-189.04361
1.5-473-550,0.3759036145,0.751807229,0.9337895728803226,0.000839654004,1.5,473.0,550.0,874.1369,1.8171577,67.151375,887.57135,13.434448,1.1396048,-0.67755294,155.59341,88.44204
1.5-473-550,0.3325301205,0.665060241,0.47796385156444166,0.0004297801918,1.5,473.0,550.0,597.3698,1.753471,496.99002,711.1923,113.82251,1.4323713,-0.32109976,306.16708,-190.82294
1.5-473-550,0.3108433735,0.621686747,0.9872047710533666,0.0008876844022,1.5,473.0,550.0,1116.0953,0.42827085,47.08796,868.3737,-247.72162,0.9195732,0.49130234,198.86363,151.77567
1.5-473-550,0.3457831326,0.6915662652,0.6600967573005477,0.0005935522321,1.5,473.0,550.0,636.32385,1.8966713,427.5138,781.695,145.37115,1.3182224,-0.5784489,246.00345,-181.51035
1.5-473-550,0.1746987951,0.3493975902,0.9996041061370615,-0.0008988337571,1.5,473.0,550.0,978.4209,0.008018514,56.202065,760.8607,-217.56018,0.5187871,0.5107686,351.08624,294.8842
1.5-473-550,0.4224489796,0.8448979592,0.8475322498919685,0.0007620923041,1.5,473.0,550.0,688.99756,1.9942234,144.92436,880.8874,191.88983,1.3098296,-0.68439376,143.92845,-0.99591064
1.5-473-550,0.4571428571,0.9142857142,0.9895407848051817,0.0008897849218,1.5,473.0,550.0,661.4594,0.5526507,337.70413,925.944,264.48456,1.2536371,0.7009864,102.225136,-235.479
1.5-473-550,0.1795180723,0.3590361446,0.9671530515086588,-0.0008696541017,1.5,473.0,550.0,794.22955,0.7184051,81.531395,754.2905,-39.939026,0.55703187,-0.16137326,353.7275,272.1961
1.5-473-550,0.3759036145,0.751807229,0.9956514833048237,-0.0008952795992,1.5,473.0,550.0,1100.0182,0.19778617,47.94831,904.76324,-195.25494,1.0835303,0.88574415,143.62505,95.676735
1.5-473-550,0.3493975904,0.6987951808,0.2914697156873968,0.0002620865781,1.5,473.0,550.0,587.9975,1.7913446,510.42523,670.2378,82.240295,1.5721793,-0.21916533,333.49088,-176.93436
1.5-473-550,0.4530612245,0.906122449,0.999825745120423,0.0008990330526,1.5,473.0,550.0,662.6958,0.0054421634,325.9572,927.5593,264.86353,1.238404,1.2329619,102.223366,-223.73386
1.5-473-550,0.265060241,0.530120482,0.9811301448069191,0.0008822221606,1.5,473.0,550.0,1129.5145,0.53103566,46.371376,833.00244,-296.5121,0.7900824,0.25904673,248.7446,202.37323
1.5-473-550,0.03673469387,0.07346938774,0.9945113832197316,-0.0008942544329,1.5,473.0,550.0,473.0,0.053199433,649.85333,663.33624,190.33624,0.27805892,0.22485948,478.39313,-171.4602
1.5-473-550,0.1301204819,0.2602409638,0.7525573838264147,-0.0006766918789,1.5,473.0,550.0,492.7278,0.9719965,630.36945,645.52576,152.79794,0.62020415,-0.35179234,458.1791,-172.19034
1.5-473-550,0.01836734691,0.03673469382,0.9337895728803226,-0.000839654004,1.5,473.0,550.0,473.0,0.54022413,649.85333,639.5888,166.5888,0.29475114,-0.245473,501.0194,-148.83392
1.5-473-550,0.2,0.4,0.960723235489121,-0.0008638724771,1.5,473.0,550.0,1021.7171,0.82121325,52.919167,770.07574,-251.64136,0.6174906,-0.20372266,331.18832,278.26917
1.5-473-550,0.3903614458,0.7807228916,0.9956514833048237,0.0008952795992,1.5,473.0,550.0,1083.9393,0.22269572,48.88166,910.1813,-173.75806,1.1170968,0.8944011,134.27707,85.39541
1.5-473-550,0.3204819277,0.6409638554,0.3542741437603377,0.0003185596755,1.5,473.0,550.0,568.7446,1.6523203,541.88214,665.2888,96.54419,1.4863225,-0.16599774,347.558,-194.32413
1.5-473-550,0.126506024,0.253012048,0.9726063657286781,0.0008745576659,1.5,473.0,550.0,571.2468,0.6134306,537.78235,712.8396,141.59277,0.43022662,-0.183204,409.85956,-127.92279
1.5-473-550,0.1975903614,0.3951807228,0.9215172744995802,0.0008286188792,1.5,473.0,550.0,742.17267,1.1937909,105.30334,754.5129,12.34021,0.64515156,-0.54863936,344.18414,238.8808
1.5-473-550,0.2457831325,0.491566265,0.09831793590232207,-8.84064793e-05,1.5,473.0,550.0,518.4464,1.3839372,603.4976,557.3031,38.85669,1.4485245,0.064587235,463.26974,-140.22787
1.5-473-550,0.4632653061,0.9265306122,0.29146971579860803,-0.0002620865782,1.5,473.0,550.0,653.6613,1.9716437,377.15933,746.64014,92.97882,1.7026054,-0.26903832,240.9543,-136.20503
1.5-473-550,0.2530120482,0.5060240964,0.9998257452316341,-0.0008990330527,1.5,473.0,550.0,1225.9236,0.0027455299,41.98423,829.2192,-396.7044,0.7370885,0.734343,258.14304,216.15881
1.5-473-550,0.04081632652,0.08163265304,0.9985491866279087,-0.0008978851843,1.5,473.0,550.0,473.0,0.013553223,649.85333,666.435,193.435,0.28024593,0.2666927,474.9092,-174.94412
1.5-473-550,0.265060241,0.530120482,0.9844268823757469,0.0008851865532,1.5,473.0,550.0,1145.3715,0.44191685,45.587196,834.07275,-311.2987,0.78705555,0.3451387,247.96188,202.3747
1.5-473-550,0.2096385542,0.4192771084,0.7525573838264147,-0.0006766918789,1.5,473.0,550.0,551.9507,1.278993,564.6329,705.0812,153.1305,0.84252244,-0.43647057,374.05972,-190.57315
1.5-473-550,0.2108433734,0.4216867468,0.9895407848051817,-0.0008897849218,1.5,473.0,550.0,1253.1654,0.25402424,40.913185,789.37476,-463.79065,0.62319803,0.3691738,310.8505,269.93732
1.5-473-550,0.1433734939,0.2867469878,0.7525573838264147,0.0006766918789,1.5,473.0,550.0,501.9693,0.99660844,621.017,654.1925,152.2232,0.6532754,-0.34333307,445.81168,-175.20535
1.5-473-550,0.1879518072,0.3759036144,0.7098470004029654,-0.0006382871403,1.5,473.0,550.0,528.1369,1.1511055,592.7218,672.6303,144.49341,0.81900615,-0.33209938,409.6431,-183.0787
1.5-473-550,0.3180722892,0.6361445784,0.8902853188558087,-0.0008005354251,1.5,473.0,550.0,800.6775,1.7872043,80.04812,842.22076,41.543274,1.0327477,-0.7544565,213.96411,133.91599
1.5-473-550,0.2240963855,0.448192771,0.9811301448069191,0.0008822221606,1.5,473.0,550.0,1219.0892,0.4477931,42.25791,798.27155,-420.8177,0.6683475,0.22055438,297.0114,254.75351
1.5-473-550,0.1927710843,0.3855421686,0.6600967573005477,0.0005935522321,1.5,473.0,550.0,525.0694,1.1856122,596.1328,659.65533,134.58594,0.8826308,-0.30298138,416.3084,-179.8244
1.5-473-550,0.1337349397,0.2674698794,0.5396442233296441,-0.0004852425493,1.5,473.0,550.0,485.71512,1.0492941,637.4663,585.6605,99.945404,0.82635516,-0.22293895,497.99344,-139.47287
1.5-473-550,0.08571428574,0.17142857148,0.9973789933391554,0.0008968329585,1.5,473.0,550.0,473.0,0.026240787,649.85333,691.8817,218.88171,0.34069017,0.31444937,441.46378,-208.38956
1.5-473-550,0.1867469879,0.3734939758,0.47796385156444166,0.0004297801918,1.5,473.0,550.0,509.5539,1.1743201,613.30005,600.37244,90.81854,1.0361458,-0.1381743,461.28177,-152.01828
1.5-473-550,0.07755102043,0.15510204086,0.9531521909241071,0.0008570646715,1.5,473.0,550.0,473.0,0.46327648,649.85333,674.0979,201.0979,0.35735056,-0.10592592,457.85956,-191.99377
1.5-473-550,0.243373494,0.486746988,0.8206166047262803,0.0007378900321,1.5,473.0,550.0,639.2316,1.4980592,418.89667,758.7047,119.47308,0.8788847,-0.6191745,315.53256,-103.364105
1.5-473-550,0.2686746988,0.5373493976,0.29146971579860803,-0.0002620865782,1.5,473.0,550.0,528.26575,1.4466435,592.5785,610.34045,82.07471,1.4062492,-0.040394306,412.54672,-180.03177
1.5-473-550,0.2337349398,0.4674698796,0.3542741439827602,-0.0003185596757,1.5,473.0,550.0,520.43353,1.3543559,601.28796,600.5264,80.092896,1.2740844,-0.08027148,436.51492,-164.77304
1.5-473-550,0.2457831325,0.491566265,0.998978267368595,-0.0008982710093,1.5,473.0,550.0,1237.2932,0.02591314,41.533607,822.89703,-414.39618,0.71636134,0.6904482,266.78336,225.24976
1.5-473-550,0.2819277109,0.5638554218,0.9531521908128958,-0.0008570646714,1.5,473.0,550.0,976.15515,1.2046318,56.410225,837.09454,-139.06061,0.86690205,-0.33772975,236.55135,180.14111
1.5-473-550,0.2602409639,0.5204819278,0.9772248215579286,-0.000878710534,1.5,473.0,550.0,1113.9865,0.631736,47.202858,827.8173,-286.16913,0.77919126,0.14745528,255.19464,207.99179
1.5-473-550,0.04693877551,0.09387755102,0.7525573838264147,-0.0006766918789,1.5,473.0,550.0,473.0,0.94096243,649.85333,604.2799,131.2799,0.45604318,-0.48491925,518.46924,-131.3841
1.5-473-550,0.4857142857,0.9714285714,0.03282169734692774,-2.951293353e-05,1.5,473.0,550.0,656.49426,1.9703265,365.72266,702.4861,45.99182,1.7931097,-0.17721689,278.28812,-87.43454
1.5-473-550,0.4551020408,0.9102040816,0.29146971579860803,-0.0002620865782,1.5,473.0,550.0,651.11383,1.9970025,387.41412,741.86725,90.75342,1.6965592,-0.3004433,246.58078,-140.83334
1.5-473-550,0.134939759,0.269879518,0.9844268823757469,0.0008851865532,1.5,473.0,550.0,649.4418,0.549458,392.46,723.0286,73.58685,0.43892923,-0.1105288,398.4599,5.9999084
1.5-473-550,0.4122448979,0.8244897958,0.9973789934503665,-0.0008968329586,1.5,473.0,550.0,756.2222,0.1828598,92.09713,917.54767,161.32544,1.1629429,0.9800831,121.43336,29.336227
1.5-473-550,0.2337349397,0.4674698794,0.9993254186825348,0.0008985831642,1.5,473.0,550.0,1270.3676,0.0153507795,40.27842,812.7061,-457.66144,0.68057024,0.6652195,280.95868,240.68027
1.5-473-550,0.2469879518,0.4939759036,0.9442484491033019,0.0008490585182,1.5,473.0,550.0,973.08417,1.2318019,56.70603,805.6741,-167.4101,0.7697761,-0.46202576,278.85376,222.14774
1.5-473-550,0.265060241,0.530120482,0.7525573838264147,-0.0006766918789,1.5,473.0,550.0,621.1657,1.5634116,457.7372,752.379,131.21332,1.0142547,-0.5491569,307.9352,-149.802
1.5-473-550,0.3,0.6,0.3542741439827602,-0.0003185596757,1.5,473.0,550.0,551.5497,1.5629628,565.2739,649.61414,98.06445,1.4425485,-0.12041426,368.26385,-197.01007
1.5-473-550,0.3180722892,0.6361445784,0.03282169734692774,-2.951293353e-05,1.5,473.0,550.0,544.29474,1.5953096,574.35913,592.2969,48.002136,1.6139702,0.018660545,409.64587,-164.71326
1.5-473-550,0.02653061223,0.05306122446,0.9993254186825348,-0.0008985831642,1.5,473.0,550.0,473.0,0.005633673,649.85333,659.6613,186.66132,0.26446983,0.25883615,483.8893,-165.96402
1.5-473-550,0.1650602409,0.3301204818,0.8475322498919685,-0.0007620923041,1.5,473.0,550.0,535.5497,1.0065408,584.47876,701.6457,166.09601,0.6227912,-0.3837496,400.54984,-183.92892
1.5-473-550,0.4142857143,0.8285714286,0.7525573838264147,0.0006766918789,1.5,473.0,550.0,675.109,2.3164012,212.7578,850.2097,175.10071,1.3733567,-0.94304454,169.09291,-43.664886
1.5-473-550,0.04285714285,0.0857142857,0.9965972946963587,-0.0008961300631,1.5,473.0,550.0,473.0,0.033185683,649.85333,666.9629,193.96289,0.2837226,0.25053692,473.93854,-175.9148
1.5-473-550,0.2807228916,0.5614457832,0.6021818746711394,-0.0005414757638,1.5,473.0,550.0,582.0379,1.5584288,520.6461,711.3855,129.3476,1.2052914,-0.35313737,329.8921,-190.75403
1.5-473-550,0.2325301205,0.465060241,0.9895407849163931,0.0008897849219,1.5,473.0,550.0,1234.2123,0.26145115,41.65574,808.44104,-425.77124,0.685589,0.42413786,284.80035,243.14462
1.5-473-550,0.3722891567,0.7445783134,0.4163512323516047,-0.0003743787567,1.5,473.0,550.0,617.2972,1.9690766,465.26102,721.72205,104.424866,1.5435878,-0.42548883,283.58038,-181.68063
1.5-473-550,0.2638554217,0.5277108434,0.6600967573005477,-0.0005935522321,1.5,473.0,550.0,582.8105,1.5088079,519.681,717.8074,134.99689,1.1019715,-0.4068364,334.12088,-185.56015
1.5-473-550,0.1650602409,0.3301204818,0.5396442233296441,-0.0004852425493,1.5,473.0,550.0,501.89288,1.0985202,621.0944,603.50354,101.61066,0.9150838,-0.18343633,470.50455,-150.58987
1.5-473-550,0.01224489793,0.02448979586,0.9999999997775775,-0.0008991897406,1.5,473.0,550.0,473.0,2.077271e-08,649.85333,653.3986,180.39862,0.25031605,0.25031602,492.19385,-157.65948
1.5-473-550,0.1626506024,0.3253012048,0.9337895728803226,0.000839654004,1.5,473.0,550.0,584.9981,0.90256596,515.4646,728.81946,143.82135,0.5417889,-0.36077708,381.39865,-134.06595
1.5-473-550,0.286746988,0.573493976,0.7892004020960466,0.000709640905,1.5,473.0,550.0,647.07904,1.6793168,398.1257,783.6563,136.57727,1.0426404,-0.6366763,273.0079,-125.1178
1.5-473-550,0.3855421687,0.7710843374,0.9844268823757469,0.0008851865532,1.5,473.0,550.0,1031.5808,0.75619274,52.192482,905.48224,-126.09857,1.1161258,0.35993308,139.33769,87.14521
1.5-473-550,0.4448979592,0.8897959184,0.7892004020960466,-0.000709640905,1.5,473.0,550.0,662.9053,1.6513947,323.96704,872.1999,209.29462,1.3923151,-0.25907958,143.80524,-180.1618
1.5-473-550,0.2879518072,0.5759036144,0.4163512326852384,0.000374378757,1.5,473.0,550.0,550.0935,1.5283865,567.08734,657.6772,107.58368,1.3739139,-0.15447259,367.19833,-199.889
1.5-473-550,0.2987951807,0.5975903614,0.9337895728803226,0.000839654004,1.5,473.0,550.0,901.3393,1.4910413,63.811775,843.2397,-58.09961,0.9354163,-0.555625,223.09879,159.28702
1.5-473-550,0.3132530121,0.6265060242,0.7892004020960466,-0.000709640905,1.5,473.0,550.0,655.8347,1.7994665,366.45905,803.99194,148.15723,1.1180819,-0.68138456,244.28835,-122.1707
1.5-473-550,0.0102040816,0.0204081632,0.3542741437603377,0.0003185596755,1.5,473.0,550.0,473.0,1.1026077,649.85333,509.3927,36.3927,0.70676386,-0.39584386,590.0929,-59.760437
1.5-473-550,0.3385542169,0.6771084338,0.9872047710533666,0.0008876844022,1.5,473.0,550.0,1092.6492,0.4792562,48.375343,884.8767,-207.77246,0.9965249,0.51726866,173.68254,125.3072
1.5-473-550,0.221686747,0.443373494,0.09831793590232207,-8.84064793e-05,1.5,473.0,550.0,512.7878,1.326518,609.79004,543.31494,30.52716,1.3919971,0.06547904,483.86926,-125.92078
1.5-473-550,0.2722891566,0.5445783132,0.9895407848051817,0.0008897849218,1.5,473.0,550.0,1160.7345,0.30705437,44.832466,841.4455,-319.289,0.8040235,0.49696913,238.6302,193.79773
1.5-473-550,0.3204819277,0.6409638554,0.9872047710533666,-0.0008876844022,1.5,473.0,550.0,1108.2849,0.44503722,47.505318,874.44995,-233.83496,0.9468971,0.5018599,189.7195,142.21417
1.5-473-550,0.1180722891,0.2361445782,0.8705746216627653,-0.0007828117684,1.5,473.0,550.0,494.321,0.8508827,628.75714,674.74225,180.42123,0.49156213,-0.35932058,442.1499,-186.60724
1.5-473-550,0.4714285714,0.9428571428,0.5396442233296441,-0.0004852425493,1.5,473.0,550.0,656.83484,1.8355882,364.34784,814.43274,157.5979,1.5901437,-0.24544454,182.20601,-182.14183
1.5-473-550,0.2361445783,0.4722891566,0.8705746216627653,0.0007828117684,1.5,473.0,550.0,693.22455,1.5002879,199.0001,770.4536,77.229065,0.80717236,-0.69311553,310.9784,111.97829
1.5-473-550,0.3024096386,0.6048192772,0.9996041060258503,0.000898833757,1.5,473.0,550.0,1179.037,0.0105414,43.99537,866.5577,-312.4793,0.883726,0.8731846,204.48778,160.4924
1.5-473-550,0.4061224489,0.8122448978,0.3542741439827602,-0.0003185596757,1.5,473.0,550.0,634.436,2.2079678,431.8844,727.3937,92.9577,1.6223044,-0.5856633,269.4175,-162.46689
1.5-473-550,0.2084337349,0.4168674698,0.5396442233296441,0.0004852425493,1.5,473.0,550.0,521.8868,1.2754474,599.67194,633.09424,111.20746,1.0464864,-0.22896099,426.57343,-173.09851
1.5-473-550,0.1602409638,0.3204819276,0.7892004020960466,-0.000709640905,1.5,473.0,550.0,518.87854,1.0218172,603.017,678.23145,159.3529,0.6635485,-0.35826868,420.16324,-182.85379
1.5-473-550,0.1638554216,0.3277108432,0.22784103833049427,-0.0002048723242,1.5,473.0,550.0,493.88077,1.1249801,629.2027,533.4299,39.549103,1.1665276,0.041547537,517.546,-111.65668
1.5-473-550,0.1674698795,0.334939759,0.8902853188558087,-0.0008005354251,1.5,473.0,550.0,555.95416,0.9823795,559.52106,718.1223,162.16815,0.5910669,-0.3913126,387.0799,-172.44116
1.5-473-550,0.351807229,0.703614458,0.6021818746711394,-0.0005414757638,1.5,473.0,550.0,629.1682,1.9060689,442.66125,766.151,136.98279,1.3790187,-0.52705026,255.48088,-187.18037
1.5-473-550,0.3156626506,0.6313253012,0.9895407848051817,0.0008897849218,1.5,473.0,550.0,1123.7922,0.3579181,46.676704,872.1598,-251.63245,0.9311213,0.5732032,193.74298,147.06628
1.5-473-550,0.1903614457,0.3807228914,0.9996041060258503,0.000898833757,1.5,473.0,550.0,1110.9293,0.007901093,47.36402,774.5724,-336.35693,0.55898446,0.5510834,332.7752,285.4112
1.5-473-550,0.3253012049,0.6506024098,0.9337895728803226,0.000839654004,1.5,473.0,550.0,894.6602,1.5713909,64.59745,860.9859,-33.674316,1.0108402,-0.5605507,196.9149,132.31744
1.5-473-550,0.4632653061,0.9265306122,0.8475322498919685,0.0007620923041,1.5,473.0,550.0,659.361,1.5235872,354.1496,892.7862,233.42517,1.3742106,-0.14937663,123.9735,-230.17609
1.5-473-550,0.3132530121,0.6265060242,0.9844268823757469,0.0008851865532,1.5,473.0,550.0,1100.4496,0.523653,47.92414,869.0835,-231.36609,0.9290526,0.40539962,197.13774,149.2136
1.5-473-550,0.04285714285,0.0857142857,0.8705746216627653,-0.0007828117684,1.5,473.0,550.0,473.0,0.7685879,649.85333,633.6111,160.61108,0.3643842,-0.40420368,498.80524,-151.0481
1.5-473-550,0.4918367347,0.9836734694,0.960723235489121,0.0008638724771,1.5,473.0,550.0,657.5206,1.1218809,361.57928,924.86597,267.34534,1.3291323,0.20725143,94.632454,-266.94684
1.5-473-550,0.08775510207,0.17551020414,0.9965972946963587,0.0008961300631,1.5,473.0,550.0,473.0,0.034356616,649.85333,692.9708,219.97083,0.34437045,0.31001383,439.91864,-209.9347
1.5-473-550,0.1746987951,0.3493975902,0.9671530515086588,-0.0008696541017,1.5,473.0,550.0,754.4366,0.731687,94.01943,750.1317,-4.3048706,0.5446554,-0.18703163,359.2988,265.27936
1.5-473-550,0.01428571426,0.02857142852,0.22784103821928303,0.0002048723241,1.5,473.0,550.0,473.0,1.1384494,649.85333,490.33157,17.331573,0.8086722,-0.32977724,599.98956,-49.86377
1.5-473-550,0.4693877551,0.9387755102,0.9965972946963587,-0.0008961300631,1.5,473.0,550.0,659.1942,0.18255241,354.82285,929.57745,270.38324,1.2681943,1.0856419,96.61562,-258.2072
1.5-473-550,0.1903614457,0.3807228914,0.9671530515086588,-0.0008696541017,1.5,473.0,550.0,925.01495,0.71344924,61.209816,763.754,-161.26093,0.58566976,-0.12777948,341.01202,279.80222
1.5-473-550,0.2614457831,0.5228915662,0.9726063657286781,-0.0008745576659,1.5,473.0,550.0,1088.7925,0.7539069,48.601997,827.2839,-261.5086,0.7870702,0.03316331,254.9214,206.3194
1.5-473-550,0.4367346939,0.8734693878,0.9844268823757469,0.0008851865532,1.5,473.0,550.0,672.8165,0.82020646,231.77428,920.606,247.78949,1.221795,0.4015885,111.58953,-120.184746
1.5-473-550,0.1963855421,0.3927710842,0.3542741439827602,-0.0003185596757,1.5,473.0,550.0,509.19867,1.2281479,613.6944,575.8965,66.697815,1.1672093,-0.060938597,473.10318,-140.59122
1.5-473-550,0.3662650603,0.7325301206,0.5396442233296441,-0.0004852425493,1.5,473.0,550.0,627.3364,1.9689585,446.55396,755.5769,128.24048,1.4540237,-0.5149348,258.32437,-188.22958
1.5-473-550,0.265060241,0.530120482,0.9726063657286781,-0.0008745576659,1.5,473.0,550.0,1084.9213,0.761776,48.829872,830.2178,-254.70349,0.79794973,0.03617376,250.78134,201.95148
1.5-473-550,0.3,0.6,0.998978267368595,-0.0008982710093,1.5,473.0,550.0,1178.2113,0.031081697,44.03315,864.7311,-313.48022,0.8773002,0.8462185,207.04256,163.0094
1.5-473-550,0.05306122449,0.10612244898,0.8475322498919685,0.0007620923041,1.5,473.0,550.0,473.0,0.82483065,649.85333,631.93823,158.93823,0.39468798,-0.43014267,496.98642,-152.86691
1.5-473-550,0.3746987952,0.7493975904,0.6021818746711394,-0.0005414757638,1.5,473.0,550.0,639.729,2.0501983,419.16248,781.4786,141.74957,1.4230939,-0.6271044,234.9862,-184.17627
1.5-473-550,0.2530120482,0.5060240964,0.9965972946963587,-0.0008961300631,1.5,473.0,550.0,1212.2739,0.094096564,42.54737,828.1759,-384.09802,0.7399721,0.6458756,258.91183,216.36447
1.5-473-550,0.3927710844,0.7855421688,0.9215172744995802,0.0008286188792,1.5,473.0,550.0,845.9584,2.0686522,71.268196,890.96216,45.003784,1.188301,-0.8803512,146.74776,75.47956
1.5-473-550,0.169879518,0.339759036,0.9980223152919674,0.000897411427,1.5,473.0,550.0,942.4399,0.048561536,59.407692,756.18274,-186.25714,0.50811505,0.4595535,357.0162,297.60852
1.5-473-550,0.08571428574,0.17142857148,0.9945113832197316,0.0008942544329,1.5,473.0,550.0,473.0,0.056059025,649.85333,691.0507,218.05072,0.34254524,0.2864862,442.106,-207.74734
1.5-473-550,0.2759036145,0.551807229,0.4163512323516047,-0.0003743787567,1.5,473.0,550.0,541.14307,1.4828861,578.0466,648.2908,107.147705,1.3435595,-0.13932657,380.02808,-198.0185
1.5-473-550,0.148192771,0.296385542,0.6600967573005477,0.0005935522321,1.5,473.0,550.0,498.55423,1.0381954,624.47314,628.32544,129.77121,0.7529276,-0.28526777,461.81863,-162.65451
1.5-473-550,0.1108433734,0.2216867468,0.9671530515086588,-0.0008696541017,1.5,473.0,550.0,526.39777,0.5414929,594.6557,699.7615,173.36371,0.40382668,-0.1376662,426.20367,-168.45203
1.5-473-550,0.1734939759,0.3469879518,0.7098470004029654,0.0006382871403,1.5,473.0,550.0,518.371,1.0891979,603.5815,661.63135,143.26038,0.77638036,-0.3128175,425.31284,-178.26865
1.5-473-550,0.2313253012,0.4626506024,0.5396442233296441,0.0004852425493,1.5,473.0,550.0,529.6787,1.3525089,591.00726,650.5084,120.82971,1.1166332,-0.23587573,401.44577,-189.5615
1.5-473-550,0.3686746989,0.7373493978,0.9531521909241071,-0.0008570646715,1.5,473.0,550.0,922.2374,1.5397652,61.460487,889.9413,-32.296143,1.1048307,-0.4349345,156.8623,95.40182
1.5-473-550,0.3289156627,0.6578313254,0.9956514833048237,0.0008952795992,1.5,473.0,550.0,1142.6542,0.15583439,45.72117,881.9516,-260.70258,0.9624778,0.8066434,180.31245,134.59128
1.5-473-550,0.113253012,0.226506024,0.9999999997775775,0.0008991897406,1.5,473.0,550.0,691.10016,2.077271e-08,141.951,711.5193,20.419128,0.38537857,0.38537854,416.19788,274.2469
1.5-473-550,0.1373493975,0.274698795,0.9531521909241071,-0.0008570646715,1.5,473.0,550.0,556.60583,0.7570819,558.6388,714.921,158.31519,0.46750364,-0.2895783,403.63907,-154.99973
1.5-473-550,0.04489795918,0.08979591836,0.9215172744995802,0.0008286188792,1.5,473.0,550.0,473.0,0.6225554,649.85333,648.0543,175.05432,0.33290187,-0.2896535,487.6056,-162.24774
1.5-473-550,0.2638554217,0.5277108434,0.9985491866279087,-0.0008978851843,1.5,473.0,550.0,1210.844,0.039778076,42.60813,837.6512,-373.1928,0.77059394,0.7308159,246.00525,203.39713
1.5-473-550,0.3060240964,0.6120481928,0.9945113832197316,0.0008942544329,1.5,473.0,550.0,1153.9484,0.18131013,45.164345,867.43085,-286.51752,0.89890987,0.71759975,201.99944,156.83508
1.5-473-550,0.2987951807,0.5975903614,0.9671530515086588,-0.0008696541017,1.5,473.0,550.0,1022.8616,0.9930192,52.81687,854.0043,-168.8573,0.9035574,-0.0894618,215.34973,162.53287
1.5-473-550,0.3638554217,0.7277108434,0.8206166047262803,0.0007378900321,1.5,473.0,550.0,701.2152,2.0955362,133.78012,847.02124,145.80603,1.2155218,-0.8800144,189.63028,55.85016
1.5-473-550,0.3614457832,0.7228915664,0.998978267368595,-0.0008982710093,1.5,473.0,550.0,1128.9191,0.04001733,46.40278,899.53394,-229.38513,1.0451353,1.0051179,153.23494,106.83216
1.5-473-550,0.3012048193,0.6024096386,0.9999999997775775,0.0008991897406,1.5,473.0,550.0,1181.3778,2.077271e-08,43.907906,865.86255,-315.51526,0.87986064,0.87986064,205.60857,161.70065
1.5-473-550,0.1301204819,0.2602409638,0.16340484097302546,-0.0001469319566,1.5,473.0,550.0,478.92554,1.0999867,644.26355,509.31503,30.389496,1.1199782,0.019991517,547.84845,-96.4151
1.5-473-550,0.278313253,0.556626506,0.09831793589120096,8.840647929e-05,1.5,473.0,550.0,526.01294,1.4650786,595.0837,577.6389,51.625977,1.5191083,0.054029703,434.65225,-160.43143
1.5-473-550,0.2759036145,0.551807229,0.6600967573005477,0.0005935522321,1.5,473.0,550.0,595.4027,1.563326,499.49213,727.85657,132.45386,1.1375625,-0.4257635,320.1399,-179.35223
1.5-473-550,0.4836734694,0.9673469388,0.9671530515086588,0.0008696541017,1.5,473.0,550.0,657.83734,1.0548787,360.30063,925.15405,267.3167,1.3126999,0.2578212,96.24581,-264.0548
1.5-473-550,0.08571428574,0.17142857148,0.9915009044774012,0.0008915474413,1.5,473.0,550.0,473.0,0.08739623,649.85333,690.1778,217.1778,0.34450093,0.2571047,442.7799,-207.07343
1.5-473-550,0.3072289157,0.6144578314,0.5396442233296441,0.0004852425493,1.5,473.0,550.0,589.59644,1.654498,507.95547,711.49994,121.9035,1.3287096,-0.32578838,316.80533,-191.15015
1.5-473-550,0.2734939759,0.5469879518,0.5396442233296441,0.0004852425493,1.5,473.0,550.0,559.02216,1.5031575,555.58746,684.31714,125.29498,1.2401739,-0.26298356,353.9294,-201.65805
1.5-473-550,0.1228915662,0.2457831324,0.03282169734692774,-2.951293353e-05,1.5,473.0,550.0,475.84003,1.112773,647.17426,491.1819,15.341858,1.1822942,0.06952131,561.1095,-86.06476
1.5-473-550,0.1746987951,0.3493975902,0.9985491866279087,-0.0008978851843,1.5,473.0,550.0,972.3637,0.034624897,56.70838,760.515,-211.8487,0.5196103,0.48498538,351.3519,294.64352
1.5-473-550,0.4591836735,0.918367347,0.999825745120423,0.0008990330526,1.5,473.0,550.0,660.9989,0.0053377957,342.07916,928.6447,267.6458,1.248869,1.2435311,99.852135,-242.22702
1.5-473-550,0.1457831325,0.291566265,0.993141646395439,0.0008930227796,1.5,473.0,550.0,770.6094,0.23946477,87.34005,734.4348,-36.17456,0.45579398,0.2163292,384.9319,297.59183
1.5-473-550,0.03469387754,0.06938775508,0.9993254186825348,-0.0008985831642,1.5,473.0,550.0,473.0,0.0057665915,649.85333,663.579,190.57898,0.27302715,0.26726055,478.758,-171.09534
1.5-473-550,0.386746988,0.773493976,0.8902853187445975,0.000800535425,1.5,473.0,550.0,804.6725,2.160106,78.957466,879.5626,74.89014,1.2031935,-0.9569124,157.07967,78.1222
1.5-473-550,0.2807228916,0.5614457832,0.29146971579860803,-0.0002620865782,1.5,473.0,550.0,533.3142,1.482532,586.9646,619.0976,85.78339,1.4349852,-0.047546864,400.4874,-186.4772
1.5-473-550,0.365060241,0.730120482,0.9895407848051817,-0.0008897849218,1.5,473.0,550.0,1078.9424,0.44826183,49.172157,898.5499,-180.39246,1.0627382,0.6144763,152.37827,103.20611
1.5-473-550,0.4857142857,0.9714285714,0.9442484491033019,0.0008490585182,1.5,473.0,550.0,657.71063,1.239526,360.8123,920.3363,262.62567,1.332869,0.09334302,99.117134,-261.69516
1.5-473-550,0.2855421687,0.5710843374,0.9999999997775775,0.0008991897406,1.5,473.0,550.0,1194.4897,2.077271e-08,43.321053,854.7895,-339.70026,0.8338776,0.8338776,221.80942,178.48837
1.5-473-550,0.3638554217,0.7277108434,0.09831793589120096,8.840647929e-05,1.5,473.0,550.0,591.81323,1.8576498,505.18262,635.88666,44.073425,1.6656559,-0.19199395,359.37686,-145.80576
1.5-473-550,0.4,0.8,0.9998256639362226,-0.0008990329796,1.5,473.0,550.0,1032.5925,0.0055909366,53.00077,914.479,-118.113525,1.1348072,1.1292163,127.79383,74.79306
1.5-473-550,0.1602409638,0.3204819276,0.9980223152919674,0.000897411427,1.5,473.0,550.0,882.5477,0.054400824,66.029396,747.97406,-134.57367,0.48501065,0.43060982,367.9027,301.87332
1.5-473-550,0.3385542169,0.6771084338,0.9996041060258503,0.000898833757,1.5,473.0,550.0,1152.9154,0.012027403,45.21528,888.4449,-264.47052,0.9850416,0.97301424,171.18996,125.97468
1.5-473-550,0.1168674698,0.2337349396,0.9993254186825348,-0.0008985831642,1.5,473.0,550.0,699.305,0.03828194,127.81037,713.9588,14.653809,0.3925313,0.35424936,412.89365,285.08328
1.5-473-550,0.03061224488,0.06122448976,0.7892004020960466,0.000709640905,1.5,473.0,550.0,473.0,0.8902676,649.85333,607.7954,134.79541,0.40532848,-0.48493913,520.6897,-129.16364
1.5-473-550,0.3831325302,0.7662650604,0.09831793589120096,8.840647929e-05,1.5,473.0,550.0,609.27563,1.99941,478.7454,649.27844,40.002808,1.690451,-0.308959,343.125,-135.62039
1.5-473-550,0.1734939759,0.3469879518,0.960723235489121,0.0008638724771,1.5,473.0,550.0,693.2687,0.8354623,169.39825,746.95184,53.683167,0.5468402,-0.28862208,362.31778,192.91953
1.5-473-550,0.1927710843,0.3855421686,0.9772248215579286,-0.000878710534,1.5,473.0,550.0,1024.8002,0.50885856,52.673622,769.2577,-255.54248,0.5837365,0.07487792,335.5886,282.91498
1.5-473-550,0.2722891566,0.5445783132,0.9442484491033019,0.0008490585182,1.5,473.0,550.0,949.9078,1.2945849,58.75422,826.61127,-123.29651,0.84639645,-0.44818842,249.43974,190.68552
1.5-473-550,0.321686747,0.643373494,0.9671530515086588,-0.0008696541017,1.5,473.0,550.0,1007.4164,1.0584884,53.92051,869.1218,-138.29456,0.9691022,-0.089386165,192.89603,138.97552
1.5-473-550,0.3927710844,0.7855421688,0.998978267368595,0.0008982710093,1.5,473.0,550.0,1097.434,0.050150596,48.097176,911.8775,-185.55646,1.1195754,1.0694247,132.21465,84.11747
1.5-473-550,0.2289156626,0.4578313252,0.7525573838264147,0.0006766918789,1.5,473.0,550.0,577.7756,1.3835561,526.9815,721.45935,143.68378,0.9022676,-0.48128855,351.13782,-175.84369
1.5-473-550,0.1409638554,0.2819277108,0.9671530515086588,0.0008696541017,1.5,473.0,550.0,592.7237,0.7114111,503.7195,722.2398,129.51611,0.46470013,-0.24671099,396.45044,-107.26907
1.5-473-550,0.3831325302,0.7662650604,0.6021818746711394,-0.0005414757638,1.5,473.0,550.0,643.4957,2.1130192,409.80856,786.7777,143.28198,1.4378988,-0.6751205,227.9201,-181.88846
1.5-473-550,0.221686747,0.443373494,0.9671530515086588,0.0008696541017,1.5,473.0,550.0,1153.3445,0.7558104,45.195045,791.4487,-361.89575,0.67364234,-0.08216804,303.43695,258.2419
1.5-473-550,0.1084337349,0.2168674698,0.7892004020960466,-0.000709640905,1.5,473.0,550.0,478.09146,0.91043776,645.0504,643.61597,165.5245,0.53876054,-0.37167722,468.88022,-176.1702
1.5-473-550,0.3180722892,0.6361445784,0.47796385156444166,-0.0004297801918,1.5,473.0,550.0,586.1956,1.6814156,512.76996,700.02423,113.82861,1.4011899,-0.28022563,320.90616,-191.8638
1.5-473-550,0.4816326531,0.9632653062,0.9772248215579286,0.000878710534,1.5,473.0,550.0,657.96924,0.90410626,359.7683,927.0919,269.12268,1.3020531,0.39794683,95.382774,-264.38553
1.5-473-550,0.4102040816,0.8204081632,0.9531521909241071,0.0008570646715,1.5,473.0,550.0,764.5209,1.6716509,89.31422,905.6249,141.104,1.1969372,-0.47471368,130.32863,41.014412
1.5-473-550,0.3385542169,0.6771084338,0.8705746216627653,-0.0007828117684,1.5,473.0,550.0,767.1017,1.9191206,89.142845,848.76337,81.66168,1.1069051,-0.81221545,199.40327,110.26043
1.5-473-550,0.3481927711,0.6963855422,0.09831793590232207,-8.84064793e-05,1.5,473.0,550.0,575.5856,1.75519,529.99475,624.9791,49.393555,1.6433029,-0.1118871,372.8588,-157.13596
1.5-473-550,0.1313253012,0.2626506024,0.9973789933391554,0.0008968329585,1.5,473.0,550.0,740.5694,0.11842867,98.21015,724.299,-16.270386,0.422118,0.30368933,399.00604,300.7959
1.5-473-550,0.113253012,0.226506024,0.47796385156444166,-0.0004297801918,1.5,473.0,550.0,474.90533,1.070878,648.05597,560.7326,85.82727,0.82780796,-0.24307007,523.58014,-124.47583
1.5-473-550,0.3192771085,0.638554217,0.6021818746711394,-0.0005414757638,1.5,473.0,550.0,611.8713,1.7384737,474.16937,742.204,130.3327,1.306279,-0.4321947,287.74988,-186.4195
1.5-473-550,0.1421686747,0.2843373494,0.9999999997775775,-0.0008991897406,1.5,473.0,550.0,805.891,2.077271e-08,78.71841,733.70276,-72.18823,0.4429062,0.44290617,387.08762,308.3692
1.5-473-550,0.3759036145,0.751807229,0.22784103833049427,-0.0002048723242,1.5,473.0,550.0,607.5377,1.9570959,481.48575,673.5097,65.971985,1.6389257,-0.3181702,323.2516,-158.23416
1.5-473-550,0.4204081632,0.8408163264,0.22784103821928303,0.0002048723241,1.5,473.0,550.0,637.5851,2.2105486,424.90906,704.306,66.72095,1.690385,-0.52016366,286.25095,-138.65811
1.5-473-550,0.2,0.4,0.9726063657286781,0.0008745576659,1.5,473.0,550.0,1088.7311,0.6059509,48.609444,774.0926,-314.6385,0.6073355,0.0013846159,328.1515,279.54205
1.5-473-550,0.4775510204,0.9551020408,0.9945113832197316,0.0008942544329,1.5,473.0,550.0,658.3006,0.29748198,358.4303,930.3178,272.0172,1.282642,0.98516,94.135796,-264.2945
1.5-473-550,0.3132530121,0.6265060242,0.9998257452316341,-0.0008990330527,1.5,473.0,550.0,1173.9901,0.0033247082,44.226204,873.7173,-300.27283,0.91470695,0.91138226,193.85463,149.62842
1.5-473-550,0.169879518,0.339759036,0.9956514833048237,0.0008952795992,1.5,473.0,550.0,927.89044,0.1088263,60.846657,755.40735,-172.4831,0.5099523,0.401126,357.61267,296.76602
1.5-473-550,0.1469879518,0.2939759036,0.09831793589120096,8.840647929e-05,1.5,473.0,550.0,485.78888,1.1059701,637.39166,507.34244,21.553558,1.2042321,0.09826195,541.41943,-95.97223
1.5-473-550,0.2180722891,0.4361445782,0.7892004020960466,-0.000709640905,1.5,473.0,550.0,580.334,1.3415183,523.55536,725.37115,145.03717,0.83194005,-0.5095782,354.44394,-169.11142
1.5-473-550,0.4020408163,0.8040816326,0.16340484119544796,0.0001469319568,1.5,473.0,550.0,624.8104,2.16219,451.5702,676.6335,51.82306,1.6931078,-0.46908212,314.6012,-136.969
1.5-473-550,0.1421686747,0.2843373494,0.998978267368595,-0.0008982710093,1.5,473.0,550.0,798.9277,0.035577558,80.01292,733.3779,-65.54974,0.44364953,0.40807196,387.33926,307.32635
1.5-473-550,0.2397590361,0.4795180722,0.7525573838264147,0.0006766918789,1.5,473.0,550.0,594.3281,1.4381614,500.8481,730.77094,136.44281,0.9360803,-0.5020811,338.12222,-162.72589
1.5-473-550,0.4755102041,0.9510204082,0.9993254186825348,0.0008985831642,1.5,473.0,550.0,658.4882,0.032511555,357.67297,931.0838,272.59558,1.2757618,1.2432503,94.10207,-263.5709
1.5-473-550,0.04081632652,0.08163265304,0.9973789934503665,-0.0008968329586,1.5,473.0,550.0,473.0,0.0251955,649.85333,666.128,193.12799,0.2809337,0.2557382,475.14398,-174.70935
1.5-473-550,0.1710843373,0.3421686746,0.9872047710533666,-0.0008876844022,1.5,473.0,550.0,882.59515,0.31122866,66.02308,753.6699,-128.92523,0.51952374,0.20829508,358.3649,292.34183
1.5-473-550,0.1638554216,0.3277108432,0.9726063657286781,-0.0008745576659,1.5,473.0,550.0,719.24994,0.6757672,113.29209,742.71027,23.460327,0.51332164,-0.16244555,370.24255,256.95047
1.5-473-550,0.4857142857,0.9714285714,0.9811301446957078,-0.0008822221605,1.5,473.0,550.0,657.757,0.8186674,360.62506,928.5108,270.75378,1.3051053,0.48643792,93.482155,-267.1429
1.5-473-550,0.1855421686,0.3710843372,0.47796385156444166,-0.0004297801918,1.5,473.0,550.0,509.02054,1.168945,613.8672,599.58966,90.56912,1.0325128,-0.13643217,462.46198,-151.40521
1.5-473-550,0.0,0.0,0.7527150115145086,0.0006768336161,1.5,473.0,550.0,473.0,0.90842825,649.85333,589.72363,116.72363,0.39287177,-0.51555645,540.9298,-108.92352
1.5-473-550,0.08367346941,0.16734693882,0.9671530515086588,0.0008696541017,1.5,473.0,550.0,473.0,0.34286335,649.85333,681.83203,208.83203,0.35740504,0.014541686,449.88904,-199.9643
1.5-473-550,0.1795180723,0.3590361446,0.999825745120423,0.0008990330526,1.5,473.0,550.0,1010.9344,0.0024045317,53.64234,765.12537,-245.80902,0.5307354,0.52833086,345.44614,291.8038
1.5-473-550,0.1686746988,0.3373493976,0.9071317792997667,0.0008156835895,1.5,473.0,550.0,569.702,0.9691829,539.72375,724.83167,155.12964,0.57955796,-0.38962495,381.44672,-158.27704
1.5-473-550,0.1108433734,0.2216867468,0.7525573838264147,0.0006766918789,1.5,473.0,550.0,478.74326,0.9438611,644.4355,633.967,155.22372,0.5755106,-0.3683505,474.79022,-169.64526
1.5-473-550,0.2156626506,0.4313253012,0.9895407848051817,-0.0008897849218,1.5,473.0,550.0,1250.608,0.25823525,41.007637,793.64044,-456.9676,0.63683075,0.3785955,305.05392,264.0463
1.5-473-550,0.1240963855,0.248192771,0.9442484491033019,0.0008490585182,1.5,473.0,550.0,525.0578,0.730651,596.14575,702.134,177.07617,0.446384,-0.284267,419.0508,-177.09494
1.5-473-550,0.4571428571,0.9142857142,0.9915009044774012,0.0008915474413,1.5,473.0,550.0,661.4732,0.46098548,337.57336,926.39325,264.92004,1.2520703,0.7910848,101.91935,-235.65402
1.5-473-550,0.1168674698,0.2337349396,0.9915009044774012,0.0008915474413,1.5,473.0,550.0,635.91534,0.33519915,428.60748,711.5565,75.641174,0.39794925,0.0627501,414.75476,-13.852722
1.5-473-550,0.3072289157,0.6144578314,0.9998257452316341,-0.0008990330527,1.5,473.0,550.0,1177.6414,0.0032557456,44.05921,869.8318,-307.80957,0.89745224,0.8941965,199.67441,155.6152
1.5-473-550,0.3060240964,0.6120481928,0.16340484097302546,-0.0001469319566,1.5,473.0,550.0,540.0314,1.5568532,579.4165,608.72473,68.69336,1.5494376,-0.007415533,399.24054,-180.17596
1.5-473-550,0.213253012,0.426506024,0.9895407849163931,0.0008897849219,1.5,473.0,550.0,1253.9437,0.25849316,40.884468,791.5087,-462.435,0.62999564,0.3715025,307.9528,267.06833
1.5-473-550,0.3253012049,0.6506024098,0.09831793590232207,-8.84064793e-05,1.5,473.0,550.0,552.25323,1.6309997,564.4796,609.1269,56.873657,1.6070024,-0.023997307,392.9064,-171.57321
1.5-473-550,0.1445783132,0.2891566264,0.03282169734692774,-2.951293353e-05,1.5,473.0,550.0,484.60114,1.1053152,638.5936,498.86014,14.259003,1.2351708,0.12985563,547.40826,-91.18536
1.5-473-550,0.05102040816,0.10204081632,0.6021818746711394,-0.0005414757638,1.5,473.0,550.0,473.0,1.0574282,649.85333,568.0671,95.06708,0.5828949,-0.47453332,541.7749,-108.07843
1.5-473-550,0.373493976,0.746987952,0.9895407848051817,-0.0008897849218,1.5,473.0,550.0,1071.1439,0.47131228,49.625526,902.14105,-169.00287,1.0832806,0.6119683,146.40536,96.77984
1.5-473-550,0.4081632653,0.8163265306,0.6021818746711394,0.0005414757638,1.5,473.0,550.0,652.9639,2.2928073,379.919,801.3716,148.40765,1.4775633,-0.8152441,208.48451,-171.4345
1.5-473-550,0.2795180723,0.5590361446,0.9985491866279087,0.0008978851843,1.5,473.0,550.0,1193.9395,0.042029224,43.326576,849.8505,-344.08893,0.8173299,0.7753007,228.61154,185.28497
1.5-473-550,0.2301204819,0.4602409638,0.9965972946963587,0.0008961300631,1.5,473.0,550.0,1269.8428,0.083760224,40.2978,808.6738,-461.16895,0.6723924,0.5886322,285.94223,245.64444
1.5-473-550,0.2759036145,0.551807229,0.9442484491033019,-0.0008490585182,1.5,473.0,550.0,946.7013,1.3061289,59.043556,829.4719,-117.22937,0.85729456,-0.4488343,245.37271,186.32916
1.5-473-550,0.1843373494,0.3686746988,0.9071317792997667,0.0008156835895,1.5,473.0,550.0,606.2421,1.0542222,482.98035,738.04474,131.80261,0.62118506,-0.43303716,363.53552,-119.444824
1.5-473-550,0.1554216867,0.3108433734,0.7525573838264147,-0.0006766918789,1.5,473.0,550.0,510.5336,1.0237919,612.21704,662.5634,152.02982,0.68492454,-0.33886737,433.92154,-178.2955
1.5-473-550,0.08775510207,0.17551020414,0.9996041060258503,0.000898833757,1.5,473.0,550.0,473.0,0.003256282,649.85333,693.8453,220.84528,0.3424228,0.33916652,439.24207,-210.61127
1.5-473-550,0.156626506,0.313253012,0.960723235489121,-0.0008638724771,1.5,473.0,550.0,620.4908,0.7982326,459.00122,732.7769,112.28613,0.50538546,-0.29284716,381.25873,-77.74249
1.5-473-550,0.1602409638,0.3204819276,0.9999999997775775,0.0008991897406,1.5,473.0,550.0,894.8526,2.077271e-08,64.55674,748.6151,-146.23749,0.48351347,0.48351344,367.408,302.85126
1.5-473-550,0.1,0.2,0.9993256565633628,-0.0008985833781,1.5,473.0,550.0,544.2608,0.009366831,563.5933,701.946,157.68518,0.36250892,0.35314208,428.61237,-134.98096
1.5-473-550,0.3602409639,0.7204819278,0.8902853188558087,-0.0008005354251,1.5,473.0,550.0,803.0421,1.9764189,79.37917,867.16876,64.12665,1.1426121,-0.83380675,176.54008,97.16091
1.5-473-550,0.156626506,0.313253012,0.9965972946963587,-0.0008961300631,1.5,473.0,550.0,852.91614,0.099771224,70.15864,744.47815,-108.43799,0.47766972,0.37789848,372.27426,302.11563
1.5-473-550,0.1168674698,0.2337349396,0.7098470004029654,0.0006382871403,1.5,473.0,550.0,481.49576,0.97678727,641.73627,624.6164,143.12064,0.6270737,-0.34971356,478.8505,-162.88577
1.5-473-550,0.02244897957,0.04489795914,0.5396442233296441,0.0004852425493,1.5,473.0,550.0,473.0,1.1206745,649.85333,546.8861,73.88611,0.58347255,-0.53720194,563.761,-86.09235
1.5-473-550,0.1891566265,0.378313253,0.9772248215579286,-0.000878710534,1.5,473.0,550.0,980.12213,0.5079574,56.06199,766.0762,-214.04596,0.57405436,0.06609696,339.86755,283.80557
1.5-473-550,0.1759036144,0.3518072288,0.09831793590232207,-8.84064793e-05,1.5,473.0,550.0,497.68057,1.155589,625.3573,519.82635,22.145782,1.2779918,0.12240279,520.5409,-104.81641
1.5-473-550,0.1590361445,0.318072289,0.7525573838264147,0.0006766918789,1.5,473.0,550.0,513.13965,1.0333021,609.3987,665.1624,152.02277,0.6946994,-0.33860266,430.23923,-179.15945
1.5-473-550,0.1120481927,0.2240963854,0.47796385156444166,-0.0004297801918,1.5,473.0,550.0,474.49127,1.0729629,648.44653,560.2256,85.734314,0.824717,-0.2482459,524.4231,-124.02344
1.5-473-550,0.3108433735,0.621686747,0.9895407848051817,-0.0008897849218,1.5,473.0,550.0,1127.5573,0.35099074,46.475533,869.0827,-258.47455,0.91739184,0.5664011,198.36015,151.88461
1.5-473-550,0.2915662651,0.5831325302,0.5396442233296441,-0.0004852425493,1.5,473.0,550.0,576.22766,1.5823542,529.46893,698.9619,122.73425,1.289,-0.29335415,333.81705,-195.65189
1.5-473-550,0.1746987951,0.3493975902,0.9726063657286781,0.0008745576659,1.5,473.0,550.0,797.02075,0.6308091,80.79948,751.9479,-45.072876,0.5402307,-0.09057844,357.9133,277.11383
1.5-473-550,0.3542168675,0.708433735,0.09831793589120096,8.840647929e-05,1.5,473.0,550.0,581.9572,1.7935225,518.4667,629.17285,47.215637,1.6521375,-0.14138496,367.64725,-150.81943
1.5-473-550,0.2240963855,0.448192771,0.960723235489121,0.0008638724771,1.5,473.0,550.0,1117.4614,0.8842958,47.025917,791.3924,-326.06903,0.68639976,-0.19789606,302.1599,255.134
1.5-473-550,0.3746987952,0.7493975904,0.9945113832197316,0.0008942544329,1.5,473.0,550.0,1095.4513,0.24865969,48.21244,903.9735,-191.47778,1.0816795,0.8330198,144.65443,96.44199
1.5-473-550,0.2831325301,0.5662650602,0.5396442233296441,0.0004852425493,1.5,473.0,550.0,568.3719,1.5443561,541.3699,692.1407,123.7688,1.2665924,-0.27776372,343.15155,-198.21832
1.5-473-550,0.2759036145,0.551807229,0.16340484097302546,-0.0001469319566,1.5,473.0,550.0,526.4471,1.4602559,594.6008,587.99835,61.55127,1.4877795,0.027523637,427.1493,-167.45154
1.5-473-550,0.1879518072,0.3759036144,0.999825745120423,0.0008990330526,1.5,473.0,550.0,1090.7982,0.0023376553,48.48295,772.52136,-318.27686,0.5524758,0.5501382,335.56464,287.0817
1.5-473-550,0.03469387754,0.06938775508,0.8705746216627653,0.0007828117684,1.5,473.0,550.0,473.0,0.7597669,649.85333,630.17285,157.17285,0.3538905,-0.40587637,503.60724,-146.2461
1.5-473-550,0.2831325301,0.5662650602,0.3542741439827602,-0.0003185596757,1.5,473.0,550.0,539.45386,1.498382,580.0315,636.75354,97.29968,1.4032913,-0.09509063,385.61844,-194.41306
1.5-473-550,0.08571428574,0.17142857148,0.9671530515086588,-0.0008696541017,1.5,473.0,550.0,473.0,0.34274366,649.85333,683.09863,210.09863,0.36062285,0.017879188,448.21585,-201.63748
1.5-473-550,0.002040816309,0.004081632618,0.9931416466178614,-0.0008930227798,1.5,473.0,550.0,473.0,0.11716064,649.85333,647.4822,174.48218,0.2450945,0.12793386,499.04413,-150.8092
1.5-473-550,0.3012048193,0.6024096386,0.9973789933391554,0.0008968329585,1.5,473.0,550.0,1169.9973,0.08432021,44.40879,865.0654,-304.9319,0.88228667,0.7979665,206.17688,161.7681
1.5-473-550,0.03265306121,0.06530612242,0.9931416465066502,-0.0008930227797,1.5,473.0,550.0,473.0,0.0659469,649.85333,660.99097,187.99097,0.27442375,0.20847684,481.2757,-168.57764
1.5-473-550,0.1650602409,0.3301204818,0.47796385156444166,-0.0004297801918,1.5,473.0,550.0,499.5828,1.1068113,623.43225,586.9234,87.34061,0.9714468,-0.13536447,481.78973,-141.64252
1.5-473-550,0.2542168675,0.508433735,0.9071317792997667,-0.0008156835895,1.5,473.0,550.0,831.8459,1.5340738,73.95051,798.99927,-32.84662,0.82705456,-0.70701927,279.728,205.7775
1.5-473-550,0.05102040816,0.10204081632,0.47796385156444166,0.0004297801918,1.5,473.0,550.0,473.0,1.1198075,649.85333,540.1797,67.17969,0.6856258,-0.4341817,559.7509,-90.10242
1.5-473-550,0.2698795181,0.5397590362,0.22784103833049427,-0.0002048723242,1.5,473.0,550.0,526.32324,1.4465424,594.7386,596.95166,70.62842,1.4438184,-0.0027239323,422.4635,-172.27509
1.5-473-550,0.3614457832,0.7228915664,0.9965972946963587,-0.0008961300631,1.5,473.0,550.0,1117.4528,0.14157255,47.01545,898.8805,-218.57227,1.0473057,0.90573317,153.68611,106.67066
1.5-473-550,0.3385542169,0.6771084338,0.9442484491033019,0.0008490585182,1.5,473.0,550.0,916.0462,1.513332,62.114845,872.0858,-43.96039,1.0367842,-0.47654784,182.69467,120.57983
1.5-473-550,0.05510204082,0.11020408164,0.9980223152919674,0.000897411427,1.5,473.0,550.0,473.0,0.019487163,649.85333,673.8421,200.8421,0.29757115,0.27808398,465.1423,-184.71103
1.5-473-550,0.03061224488,0.06122448976,0.9895407848051817,0.0008897849218,1.5,473.0,550.0,473.0,0.1004984,649.85333,659.0908,186.09082,0.27434632,0.17384791,483.26038,-166.59296
1.5-473-550,0.1879518072,0.3759036144,0.9337895728803226,-0.000839654004,1.5,473.0,550.0,684.87555,1.0448021,209.35672,750.3197,65.44415,0.6076413,-0.4371608,352.42233,143.06561
1.5-473-550,0.3963855422,0.7927710844,0.4163512326852384,0.000374378757,1.5,473.0,550.0,632.59235,2.1652641,435.96786,738.3302,105.737854,1.5782719,-0.58699226,262.79404,-173.17383
1.5-473-550,0.1831325301,0.3662650602,0.9772248215579286,-0.000878710534,1.5,473.0,550.0,913.01556,0.5038939,62.443825,760.7994,-152.21619,0.558174,0.054280102,346.9496,284.50577
1.5-473-550,0.3855421687,0.7710843374,0.9671530515086588,0.0008696541017,1.5,473.0,550.0,953.52246,1.3787609,58.380623,900.8312,-52.691284,1.1315808,-0.2471801,142.55318,84.172554
1.5-473-550,0.3963855422,0.7927710844,0.9945113832197316,-0.0008942544329,1.5,473.0,550.0,1070.2938,0.29792407,49.67579,911.94305,-158.35077,1.1315475,0.8336234,130.8362,81.16041
1.5-473-550,0.3662650603,0.7325301206,0.993141646395439,0.0008930227796,1.5,473.0,550.0,1096.2714,0.29578462,48.164772,900.06586,-196.2055,1.0624334,0.76664877,150.82379,102.65902
1.5-473-550,0.4918367347,0.9836734694,0.9965972946963587,-0.0008961300631,1.5,473.0,550.0,657.5469,0.18276002,361.47333,932.6094,275.0625,1.3023583,1.1195983,89.333046,-272.1403
1.5-473-550,0.1746987951,0.3493975902,0.9999999997775775,-0.0008991897406,1.5,473.0,550.0,980.22626,2.077271e-08,56.098457,760.99036,-219.2359,0.5184784,0.5184784,350.98657,294.88812
1.5-473-550,0.1771084337,0.3542168674,0.9726063657286781,-0.0008745576659,1.5,473.0,550.0,825.5994,0.6086317,74.80384,754.0263,-71.57312,0.54636973,-0.06226194,355.1329,280.32907
1.5-473-550,0.1144578313,0.2289156626,0.960723235489121,0.0008638724771,1.5,473.0,550.0,524.35724,0.607831,596.9248,700.336,175.97876,0.41522747,-0.19260353,424.34265,-172.58215
1.5-473-550,0.2337349398,0.4674698796,0.4163512323516047,-0.0003743787567,1.5,473.0,550.0,522.8001,1.3552938,598.65625,616.40247,93.602356,1.2278693,-0.12742448,424.93683,-173.71942
1.5-473-550,0.4673469388,0.9346938776,0.7525573838264147,-0.0006766918789,1.5,473.0,550.0,658.2964,1.6601785,358.44754,869.3617,211.0653,1.4493474,-0.21083117,140.26321,-218.18433
1.5-473-550,0.1253012048,0.2506024096,0.9980223152919674,-0.000897411427,1.5,473.0,550.0,721.30176,0.10073265,108.46432,719.8712,-1.430542,0.40961716,0.3088845,404.9275,296.46317
1.5-473-550,0.4326530612,0.8653061224,0.22784103821928303,0.0002048723241,1.5,473.0,550.0,642.4762,2.1157556,412.7208,712.3401,69.86389,1.7017976,-0.41395795,276.7694,-135.95139
1.5-473-550,0.3168674699,0.6337349398,0.8705746216627653,-0.0007828117684,1.5,473.0,550.0,759.1601,1.8296787,92.15916,834.7988,75.63873,1.0485805,-0.7810981,219.94122,127.78207
1.5-473-550,0.5,1.0,0.6603133566356632,-0.000593746996,1.5,473.0,550.0,657.2259,1.7598042,362.76917,855.60443,198.37854,1.5440094,-0.2157948,143.82881,-218.94035
1.5-473-550,0.3108433735,0.621686747,0.960723235489121,0.0008638724771,1.5,473.0,550.0,988.1559,1.1589994,55.435005,860.19556,-127.96033,0.94452,-0.21447945,204.68935,149.25433
1.5-473-550,0.1819277108,0.3638554216,0.9726063657286781,0.0008745576659,1.5,473.0,550.0,863.2672,0.60520005,68.74149,758.2071,-105.06012,0.5588146,-0.046385467,349.53265,280.79117
1.5-473-550,0.3722891567,0.7445783134,0.9999999997775775,0.0008991897406,1.5,473.0,550.0,1124.2134,2.077271e-08,46.67881,904.4663,-219.74707,1.0709292,1.0709292,145.29613,98.61732
1.5-473-550,0.4408163265,0.881632653,0.9872047710533666,0.0008876844022,1.5,473.0,550.0,668.92755,0.71064883,266.74948,922.17346,253.24591,1.2269664,0.51631755,109.32322,-157.42627
1.5-473-550,0.2662650602,0.5325301204,0.9071317792997667,0.0008156835895,1.5,473.0,550.0,836.44507,1.5533881,73.09562,809.0665,-27.37854,0.86384255,-0.6895456,265.60196,192.50635
1.5-473-550,0.308433735,0.61686747,0.22784103833049427,-0.0002048723242,1.5,473.0,550.0,545.83295,1.5736536,572.5072,624.4275,78.59454,1.5269208,-0.046732783,385.36017,-187.14703
1.5-473-550,0.3674698796,0.7349397592,0.8206166047262803,0.0007378900321,1.5,473.0,550.0,703.5195,2.1190298,130.2768,848.96484,145.44537,1.2236993,-0.8953304,186.73627,56.459473
1.5-473-550,0.0102040816,0.0204081632,0.8902853188558087,-0.0008005354251,1.5,473.0,550.0,473.0,0.735813,649.85333,625.71,152.71002,0.31319502,-0.422618,513.17914,-136.6742
1.5-473-550,0.06734693879,0.13469387758,0.9996041061370615,-0.0008988337571,1.5,473.0,550.0,473.0,0.003267011,649.85333,681.23065,208.23065,0.3126078,0.30934078,455.7192,-194.13412
1.5-473-550,0.3289156627,0.6578313254,0.9945113832197316,0.0008942544329,1.5,473.0,550.0,1137.2297,0.19736286,45.988564,881.6187,-255.61102,0.9635362,0.76617336,180.54611,134.55756
1.5-473-550,0.3493975904,0.6987951808,0.8206166047262803,0.0007378900321,1.5,473.0,550.0,692.3694,2.0033689,162.1716,838.79443,146.42505,1.1814803,-0.82188857,201.78165,39.610046
1.5-473-550,0.1060240963,0.2120481926,0.2914697156873968,0.0002620865781,1.5,473.0,550.0,473.0306,1.1354927,649.82446,520.3867,47.35611,0.9648655,-0.17062718,551.75995,-98.064514
1.5-473-550,0.221686747,0.443373494,0.47796385156444166,0.0004297801918,1.5,473.0,550.0,522.44775,1.3243569,599.04816,624.67566,102.227905,1.1418749,-0.182482,425.35,-173.69815
1.5-473-550,0.09387755105,0.1877551021,0.9956514833048237,0.0008952795992,1.5,473.0,550.0,473.0,0.04416021,649.85333,696.71594,223.71594,0.35477486,0.31061465,434.872,-214.98132
1.5-473-550,0.3156626506,0.6313253012,0.22784103821928303,0.0002048723241,1.5,473.0,550.0,551.54895,1.6033676,565.3544,629.68964,78.140686,1.5409884,-0.06237912,378.4674,-186.88696
1.5-473-550,0.2277108433,0.4554216866,0.8705746216627653,-0.0007828117684,1.5,473.0,550.0,689.92847,1.4632558,215.3574,763.066,73.13751,0.7813993,-0.68185645,321.2063,105.84889
1.5-473-550,0.2975903615,0.595180723,0.9915009044774012,0.0008915474413,1.5,473.0,550.0,1145.7887,0.27484056,45.566597,860.7767,-285.01202,0.87720215,0.60236156,211.12744,165.56085
1.5-473-550,0.3566265061,0.7132530122,0.3542741437603377,0.0003185596755,1.5,473.0,550.0,599.84973,1.850437,493.37512,692.51385,92.66412,1.5527647,-0.2976724,312.62677,-180.74835
1.5-473-550,0.2698795181,0.5397590362,0.9215172744995802,-0.0008286188792,1.5,473.0,550.0,876.62933,1.4888597,66.90299,816.97656,-59.65277,0.86089575,-0.6279639,257.80685,190.90387
1.5-473-550,0.2469879518,0.4939759036,0.47796385156444166,-0.0004297801918,1.5,473.0,550.0,531.21765,1.3983746,589.29596,643.819,112.60132,1.2166942,-0.18168032,397.8986,-191.39737
1.5-473-550,0.09387755105,0.1877551021,0.9844268823757469,0.0008851865532,1.5,473.0,550.0,473.0,0.16070999,649.85333,693.40546,220.40546,0.36222658,0.20151658,437.42767,-212.42566
1.5-473-550,0.1301204819,0.2602409638,0.9531521909241071,0.0008570646715,1.5,473.0,550.0,543.13995,0.72742707,575.6677,709.41235,166.2724,0.4521003,-0.27532676,410.96558,-164.70215
1.5-473-550,0.3012048193,0.6024096386,0.29146971579860803,-0.0002620865782,1.5,473.0,550.0,545.8363,1.5556648,572.50305,634.25,88.4137,1.4807878,-0.07487702,380.05896,-192.44409
1.5-473-550,0.1192771084,0.2385542168,0.9956514833048237,-0.0008952795992,1.5,473.0,550.0,676.02234,0.24360336,203.56325,714.6116,38.589233,0.39962164,0.15601827,411.43332,207.87007
1.5-473-550,0.256626506,0.513253012,0.9215172744995802,-0.0008286188792,1.5,473.0,550.0,880.535,1.4624826,66.43018,806.0337,-74.50128,0.8205699,-0.6419127,273.20343,206.77325
1.5-473-550,0.2831325301,0.5662650602,0.9945113832197316,-0.0008942544329,1.5,473.0,550.0,1172.4966,0.16801049,44.29447,851.29425,-321.20233,0.8317808,0.6637703,225.62206,181.32758
1.5-473-550,0.1493975903,0.2987951806,0.9973789934503665,-0.0008968329586,1.5,473.0,550.0,818.7096,0.0857751,76.04438,738.74207,-79.96753,0.4606642,0.3748891,379.99075,303.94638
1.5-473-550,0.2578313253,0.5156626506,0.9980223152919674,-0.000897411427,1.5,473.0,550.0,1213.7742,0.054227017,42.48359,832.6048,-381.16937,0.7530733,0.6988463,253.00627,210.52267
1.5-473-550,0.3843373495,0.768674699,0.9999999997775775,-0.0008991897406,1.5,473.0,550.0,1112.5543,2.077271e-08,47.302162,909.151,-203.40332,1.0994531,1.0994531,137.28352,89.98136
1.5-473-550,0.3698795181,0.7397590362,0.7892004020960466,-0.000709640905,1.5,473.0,550.0,677.26324,2.1159232,213.39485,840.1231,162.85986,1.2573766,-0.8585466,192.27635,-21.1185
1.5-473-550,0.3987951808,0.7975903616,0.7098470004029654,0.0006382871403,1.5,473.0,550.0,662.54645,2.3141882,322.68518,829.8971,167.35065,1.3812978,-0.9328904,189.41507,-133.27011
1.5-473-550,0.1686746988,0.3373493976,0.9671530515086588,0.0008696541017,1.5,473.0,550.0,704.73834,0.75889945,138.24397,744.98376,40.245422,0.5295054,-0.22939408,366.1823,227.93834
1.5-473-550,0.3506024097,0.7012048194,0.4163512323516047,-0.0003743787567,1.5,473.0,550.0,601.72046,1.8310819,490.4939,705.93756,104.2171,1.5073123,-0.32376957,303.62918,-186.86472
1.5-473-550,0.1903614457,0.3807228914,0.9215172744995802,-0.0008286188792,1.5,473.0,550.0,659.0437,1.09778,314.50018,748.202,89.158325,0.6249907,-0.4727893,352.75552,38.25534
1.5-473-550,0.2457831325,0.491566265,0.9671530515086588,-0.0008696541017,1.5,473.0,550.0,1085.9706,0.84094924,48.772316,812.3933,-273.57727,0.744983,-0.09596622,274.55722,225.78491
1.5-473-550,0.343373494,0.686746988,0.9915009044774012,0.0008915474413,1.5,473.0,550.0,1110.0215,0.32652858,47.412514,888.6759,-221.34558,1.0053877,0.6788591,168.79471,121.382195
1.5-473-550,0.3566265061,0.7132530122,0.9872047710533666,-0.0008876844022,1.5,473.0,550.0,1075.0353,0.5239125,49.3993,894.04614,-180.98914,1.0437397,0.5198272,159.11877,109.719475
1.5-473-550,0.2277108434,0.4554216868,0.6600967573005477,0.0005935522321,1.5,473.0,550.0,544.0498,1.3520275,574.5748,687.57086,143.52106,0.99094296,-0.36108458,376.55438,-198.02045
1.5-473-550,0.134939759,0.269879518,0.9956514833048237,-0.0008952795992,1.5,473.0,550.0,741.7433,0.18421115,97.690315,726.5775,-15.1657715,0.43078184,0.24657069,395.71735,298.02704
1.5-473-550,0.2734939759,0.5469879518,0.999825745120423,-0.0008990330526,1.5,473.0,550.0,1205.513,0.00290533,42.834724,845.64886,-359.86407,0.7982193,0.795314,234.91882,192.0841
1.5-473-550,0.2879518072,0.5759036144,0.6021818746711394,-0.0005414757638,1.5,473.0,550.0,588.65717,1.5918204,509.27136,717.2989,128.64172,1.2253381,-0.36648226,321.74487,-187.52649
1.5-473-550,0.134939759,0.269879518,0.29146971579860803,-0.0002620865782,1.5,473.0,550.0,481.94028,1.0888478,641.28644,531.3752,49.434906,1.0411093,-0.047738433,532.4568,-108.82965
1.5-473-550,0.09795918371,0.19591836742,0.22784103821928303,0.0002048723241,1.5,473.0,550.0,473.0,1.1734027,649.85333,507.62708,34.627075,0.9927771,-0.18062556,562.4906,-87.36273
1.5-473-550,0.1493975903,0.2987951806,0.9985491866279087,0.0008978851843,1.5,473.0,550.0,827.1593,0.04626807,74.37553,739.11755,-88.04175,0.4597978,0.41352972,379.70044,305.32492
1.5-473-550,0.4387755102,0.8775510204,0.960723235489121,0.0008638724771,1.5,473.0,550.0,670.14215,1.1749909,255.5859,915.31714,245.17499,1.2450929,0.07010198,114.62377,-140.96213
1.5-473-550,0.04285714285,0.0857142857,0.993141646395439,-0.0008930227796,1.5,473.0,550.0,473.0,0.06792434,649.85333,666.05164,193.05164,0.2857708,0.21784645,474.63507,-175.21826
1.5-473-550,0.4938775511,0.9877551022,0.9844268823757469,0.0008851865532,1.5,473.0,550.0,657.4859,0.7325238,361.7193,930.25726,272.77136,1.314359,0.58183515,90.491646,-271.22766
1.5-473-550,0.1530120482,0.3060240964,0.47796385156444166,-0.0004297801918,1.5,473.0,550.0,493.75143,1.083299,629.33356,580.0678,86.316376,0.9364053,-0.14689374,492.45535,-136.8782
1.5-473-550,0.01836734691,0.03673469382,0.7098470004029654,0.0006382871403,1.5,473.0,550.0,473.0,1.0069484,649.85333,584.53107,111.53107,0.44659647,-0.56035185,539.99524,-109.85809
1.5-473-550,0.1457831325,0.291566265,0.9772248215579286,-0.000878710534,1.5,473.0,550.0,646.7103,0.6585588,400.28415,729.3207,82.61035,0.46770343,-0.19085535,388.87317,-11.41098
1.5-473-550,0.05918367348,0.11836734696,0.998978267368595,0.0008982710093,1.5,473.0,550.0,473.0,0.009693941,649.85333,676.3696,203.36963,0.30217603,0.29248208,461.97812,-187.87521
1.5-473-550,0.09387755105,0.1877551021,0.8206166047262803,-0.0007378900321,1.5,473.0,550.0,473.0,0.8753206,649.85333,644.7241,171.72412,0.48345703,-0.39186358,473.8026,-176.05072
1.5-473-550,0.4653061225,0.930612245,0.16340484097302546,-0.0001469319566,1.5,473.0,550.0,652.85254,2.0112638,380.42426,717.83765,64.98511,1.7477605,-0.2635033,266.45352,-113.97073
1.5-473-550,0.3481927711,0.6963855422,0.9985491866279087,-0.0008978851843,1.5,473.0,550.0,1139.9385,0.054426573,45.85505,893.1324,-246.80609,1.0115693,0.9571427,163.49855,117.6435
1.5-473-550,0.3891566266,0.7783132532,0.9973789933391554,0.0008968329585,1.5,473.0,550.0,1094.2617,0.13094522,48.281593,910.20654,-184.05518,1.1128364,0.98189116,134.71469,86.4331
1.5-473-550,0.2,0.4,0.6021818746711394,-0.0005414757638,1.5,473.0,550.0,523.16046,1.2302707,598.2556,646.27905,123.11859,0.96135414,-0.2689166,421.85455,-176.40106
1.5-473-550,0.3903614458,0.7807228916,0.6021818746711394,0.0005414757638,1.5,473.0,550.0,646.6156,2.1749372,401.28116,791.16693,144.55133,1.4499973,-0.72493994,222.07202,-179.20914
1.5-473-550,0.05102040816,0.10204081632,0.998978267368595,0.0008982710093,1.5,473.0,550.0,473.0,0.009563943,649.85333,671.8823,198.88232,0.29195789,0.28239393,467.8444,-182.00894
1.5-473-550,0.3698795181,0.7397590362,0.7892004020960466,0.000709640905,1.5,473.0,550.0,677.26324,2.1159232,213.39482,840.1231,162.85986,1.2573766,-0.8585466,192.27635,-21.11847
1.5-473-550,0.2421686747,0.4843373494,0.960723235489121,0.0008638724771,1.5,473.0,550.0,1062.9668,0.9537265,50.15113,807.13824,-255.82855,0.74002767,-0.2136988,280.453,230.30188
1.5-473-550,0.02244897957,0.04489795914,0.9998257452316341,-0.0008990330527,1.5,473.0,550.0,473.0,0.00090696506,649.85333,657.89575,184.89575,0.2600983,0.25919133,486.2725,-163.58084
1.5-473-550,0.265060241,0.530120482,0.47796385156444166,-0.0004297801918,1.5,473.0,550.0,541.30347,1.4564093,577.8385,657.98944,116.685974,1.2678794,-0.18852997,378.00595,-199.83255
1.5-473-550,0.4285714286,0.8571428572,0.9811301446957078,-0.0008822221605,1.5,473.0,550.0,687.30414,0.9536726,148.48822,917.8673,230.56317,1.2092328,0.25556022,115.934074,-32.554146
1.5-473-550,0.3349397591,0.6698795182,0.9442484491033019,-0.0008490585182,1.5,473.0,550.0,917.95013,1.4991156,61.919563,870.02045,-47.929688,1.027123,-0.4719926,185.85548,123.93592
1.5-473-550,0.1710843373,0.3421686746,0.9999999997775775,-0.0008991897406,1.5,473.0,550.0,962.4027,2.077271e-08,57.6269,757.866,-204.53668,0.509538,0.509538,355.14102,297.51413
1.5-473-550,0.343373494,0.686746988,0.22784103821928303,0.0002048723241,1.5,473.0,550.0,577.3022,1.743161,526.5535,649.9531,72.65094,1.5902976,-0.15286338,352.48474,-174.06879
1.5-473-550,0.07142857145,0.1428571429,0.8206166047262803,0.0007378900321,1.5,473.0,550.0,473.0,0.87550473,649.85333,633.0663,160.06628,0.44328827,-0.43221647,490.26315,-159.59018
1.5-473-550,0.3277108434,0.6554216868,0.3542741437603377,0.0003185596755,1.5,473.0,550.0,575.07434,1.687657,531.0295,670.8002,95.72583,1.5007176,-0.18693936,340.38608,-190.6434
1.5-473-550,0.09591836738,0.19183673476,0.6600967573005477,0.0005935522321,1.5,473.0,550.0,473.0,1.027124,649.85333,599.73254,126.732544,0.6237436,-0.40338045,504.727,-145.12634
1.5-473-550,0.3831325302,0.7662650604,0.7525573838264147,-0.0006766918789,1.5,473.0,550.0,666.8091,2.1896765,287.48538,835.3756,168.56653,1.3168865,-0.87279,190.75867,-96.726715
1.5-473-550,0.2734939759,0.5469879518,0.9772248215579286,0.000878710534,1.5,473.0,550.0,1098.2306,0.65960443,48.05207,838.42456,-259.80603,0.8190048,0.15940034,240.17137,192.1193
1.5-473-550,0.2734939759,0.5469879518,0.960723235489121,0.0008638724771,1.5,473.0,550.0,1016.5816,1.0462065,53.275215,833.0372,-183.54443,0.83443314,-0.21177334,244.09387,190.81866
1.5-473-550,0.1385542168,0.2771084336,0.16340484119544796,0.0001469319568,1.5,473.0,550.0,482.48407,1.0989281,640.73615,512.554,30.069946,1.141908,0.042979956,542.17065,-98.56549
1.5-473-550,0.3361445784,0.6722891568,0.8705746216627653,-0.0007828117684,1.5,473.0,550.0,766.37146,1.9085329,89.39886,847.2957,80.924255,1.1006281,-0.8079047,201.58287,112.18401
1.5-473-550,0.1180722891,0.2361445782,0.9442484491033019,0.0008490585182,1.5,473.0,550.0,516.04254,0.7009104,606.1707,697.7941,181.75159,0.43431166,-0.26659873,424.83133,-181.33939
1.5-473-550,0.3975903615,0.795180723,0.993141646395439,0.0008930227796,1.5,473.0,550.0,1061.7452,0.3757893,50.217537,911.9887,-149.75653,1.1354007,0.75961137,130.36588,80.14834
1.5-473-550,0.213253012,0.426506024,0.8902853188558087,0.0008005354251,1.5,473.0,550.0,713.14764,1.3966246,160.41957,757.3559,44.208252,0.71912104,-0.6775035,333.53036,173.1108
1.5-473-550,0.2493975904,0.4987951808,0.5396442233296441,0.0004852425493,1.5,473.0,550.0,539.2946,1.4139029,580.154,664.82684,125.53223,1.1708835,-0.24301934,381.12833,-199.02567
1.5-473-550,0.2771084337,0.5542168674,0.9996041060258503,0.000898833757,1.5,473.0,550.0,1200.8011,0.009630522,43.03495,848.354,-352.44714,0.80919355,0.79956305,230.99696,187.962
1.5-473-550,0.2421686747,0.4843373494,0.7892004020960466,-0.000709640905,1.5,473.0,550.0,618.68353,1.4716474,461.91083,746.2106,127.52704,0.9066698,-0.5649776,325.40872,-136.5021
1.5-473-550,0.4510204082,0.9020408164,0.6600967573005477,-0.0005935522321,1.5,473.0,550.0,659.1444,1.7669618,355.02414,838.649,179.50458,1.4939911,-0.27297068,167.65916,-187.36497
1.5-473-550,0.2096385542,0.4192771084,0.8475322498919685,0.0007620923041,1.5,473.0,550.0,609.58405,1.3060464,476.9321,739.0044,129.42035,0.7490771,-0.5569693,349.1471,-127.785
1.5-473-550,0.09591836738,0.19183673476,0.3542741437603377,0.0003185596755,1.5,473.0,550.0,473.0,1.1502101,649.85333,528.25964,55.259644,0.8892705,-0.26093966,551.1399,-98.71344
1.5-473-550,0.01836734691,0.03673469382,0.9956514833048237,-0.0008952795992,1.5,473.0,550.0,473.0,0.039837442,649.85333,655.0096,182.00958,0.2584825,0.21864504,489.48276,-160.37057
1.5-473-550,0.2265060241,0.4530120482,0.9965972946963587,0.0008961300631,1.5,473.0,550.0,1278.5109,0.0830256,39.977943,805.5197,-472.99115,0.6618983,0.57887274,290.26926,250.29132
1.5-473-550,0.02857142855,0.0571428571,0.9531521908128958,-0.0008570646714,1.5,473.0,550.0,473.0,0.43351737,649.85333,648.83276,175.83276,0.2938057,-0.13971168,491.52652,-158.32681
1.5-473-550,0.2481927711,0.4963855422,0.9337895728803226,-0.000839654004,1.5,473.0,550.0,926.49207,1.3498499,61.099464,803.11914,-123.372925,0.78324264,-0.5666073,280.06723,218.96777
1.5-473-550,0.3180722892,0.6361445784,0.9985491866279087,-0.0008978851843,1.5,473.0,550.0,1164.5176,0.047980152,44.6594,876.348,-288.16956,0.92955464,0.8815745,189.57732,144.91791
1.5-473-550,0.03265306121,0.06530612242,0.8902853187445975,0.000800535425,1.5,473.0,550.0,473.0,0.7103956,649.85333,634.4269,161.42688,0.33825693,-0.37213865,501.07312,-148.78021
1.5-473-550,0.4326530612,0.8653061224,0.9945113832197316,-0.0008942544329,1.5,473.0,550.0,679.2105,0.35593185,178.90837,922.0923,242.88177,1.2057879,0.849856,111.79978,-67.10859
1.5-473-550,0.4306122449,0.8612244898,0.6021818746711394,0.0005414757638,1.5,473.0,550.0,656.36346,2.1464984,366.25067,813.0298,156.66632,1.5081202,-0.63837826,192.95473,-173.29594
1.5-473-550,0.1216867469,0.2433734938,0.3542741439827602,-0.0003185596757,1.5,473.0,550.0,476.92087,1.0868294,646.1546,537.656,60.735138,0.95558155,-0.13124788,534.5443,-111.61029
1.5-473-550,0.2421686747,0.4843373494,0.9772248215579286,0.000878710534,1.5,473.0,550.0,1147.5763,0.5893354,45.479347,812.6691,-334.90717,0.72503984,0.13570446,276.35336,230.87402
1.5-473-550,0.4265306122,0.8530612244,0.9965972946963587,0.0008961300631,1.5,473.0,550.0,692.8113,0.22826721,136.95584,921.1337,228.32245,1.1922904,0.96402323,114.34045,-22.615395
1.5-473-550,0.3674698796,0.7349397592,0.9993254186825348,-0.0008985831642,1.5,473.0,550.0,1125.6133,0.026074072,46.579384,902.2681,-223.34515,1.0597844,1.0337104,148.80093,102.22155
1.5-473-550,0.1313253012,0.2626506024,0.9965972946963587,0.0008961300631,1.5,473.0,550.0,734.02325,0.15462168,101.289894,724.0538,-9.969482,0.4226753,0.26805365,399.19608,297.9062
1.5-473-550,0.1228915662,0.2457831324,0.9811301446957078,-0.0008822221605,1.5,473.0,550.0,594.04565,0.5199081,501.94785,712.8006,118.754944,0.41686305,-0.10304502,411.3766,-90.57126
1.5-473-550,0.05306122449,0.10612244898,0.9811301446957078,-0.0008822221605,1.5,473.0,550.0,473.0,0.19335307,649.85333,668.1632,195.16321,0.30533013,0.111977056,470.09204,-179.76129
1.5-473-550,0.3168674699,0.6337349398,0.999825745120423,0.0008990330526,1.5,473.0,550.0,1171.1968,0.00337418,44.35395,875.982,-295.21478,0.92496705,0.9215929,190.4374,146.08344
1.5-473-550,0.3445783133,0.6891566266,0.9772248215579286,-0.000878710534,1.5,473.0,550.0,1035.7806,0.8535387,51.897926,885.18964,-150.591,1.0218078,0.1682691,170.67886,118.78094
1.5-473-550,0.3746987952,0.7493975904,0.999825745120423,-0.0008990330526,1.5,473.0,550.0,1121.541,0.004442057,46.797005,905.39685,-216.14417,1.0768905,1.0724484,143.6762,96.87919
1.5-473-550,0.4510204082,0.9020408164,0.9915009044774012,-0.0008915474413,1.5,473.0,550.0,663.3853,0.4723903,319.40613,925.2592,261.8739,1.2415805,0.7691902,104.34249,-215.06363
1.5-473-550,0.2493975904,0.4987951808,0.16340484119544796,0.0001469319568,1.5,473.0,550.0,519.9159,1.3938893,601.8635,570.6295,50.713623,1.4275668,0.03367746,451.53085,-150.33267
1.5-473-550,0.3457831326,0.6915662652,0.9726063657286781,-0.0008745576659,1.5,473.0,550.0,1012.05646,1.0037,53.57981,884.47534,-127.581116,1.0292668,0.025566816,170.63008,117.05027
1.5-473-550,0.05918367348,0.11836734696,0.9811301446957078,-0.0008822221605,1.5,473.0,550.0,473.0,0.19501592,649.85333,671.47943,198.47943,0.31318715,0.11817123,465.7268,-184.12653
1.5-473-550,0.006122448946,0.012244897892,0.22784103821928303,0.0002048723241,1.5,473.0,550.0,473.0,1.0640317,649.85333,489.41318,16.413177,0.79333305,-0.27069867,602.616,-47.237305
1.5-473-550,0.2373493976,0.4746987952,0.09831793590232207,8.84064793e-05,1.5,473.0,550.0,516.5844,1.3622967,605.5682,552.29266,35.708252,1.4291036,0.06680691,470.55548,-135.0127
1.5-473-550,0.1963855422,0.3927710844,0.9337895728803226,-0.000839654004,1.5,473.0,550.0,790.545,1.133406,83.76992,757.6889,-32.85608,0.63088334,-0.5025227,342.4397,258.66977
1.5-473-550,0.4285714286,0.8571428572,0.22784103833049427,-0.0002048723242,1.5,473.0,550.0,641.1238,2.1674802,416.45538,709.68665,68.56287,1.6981146,-0.4693656,279.8946,-136.56079
1.5-473-550,0.3759036145,0.751807229,0.9215172744995802,0.0008286188792,1.5,473.0,550.0,852.06903,1.9141692,70.29374,884.01904,31.950012,1.1507821,-0.7633871,158.10129,87.80755
1.5-473-550,0.4387755102,0.8775510204,0.8705746216627653,-0.0007828117684,1.5,473.0,550.0,667.99835,1.5426217,275.57785,892.27814,224.27979,1.3187473,-0.22387445,130.85962,-144.71823
1.5-473-550,0.04693877551,0.09387755102,0.9442484491033019,0.0008490585182,1.5,473.0,550.0,473.0,0.5125875,649.85333,655.1043,182.10431,0.32079914,-0.19178835,481.75638,-168.09695
1.5-473-550,0.3819277109,0.7638554218,0.9726063657286781,0.0008745576659,1.5,473.0,550.0,978.5048,1.1925147,56.18232,900.91956,-77.585266,1.1184115,-0.07410312,143.89003,87.70771
1.5-473-550,0.2614457831,0.5228915662,0.16340484097302546,-0.0001469319566,1.5,473.0,550.0,522.69354,1.4234022,598.7748,578.4029,55.70935,1.4555745,0.032172322,440.49783,-158.27695
1.5-473-550,0.3385542169,0.6771084338,0.03282169734692774,-2.951293353e-05,1.5,473.0,550.0,563.87646,1.6952072,549.1565,605.91907,42.042603,1.6466297,-0.048577547,392.25082,-156.90567
1.5-473-550,0.4918367347,0.9836734694,0.7892004020960466,-0.000709640905,1.5,473.0,550.0,657.3707,1.6291851,362.18448,885.0321,227.66138,1.4523846,-0.17680049,123.14791,-239.03656
1.5-473-550,0.2120481927,0.4240963854,0.9671530515086588,-0.0008696541017,1.5,473.0,550.0,1150.082,0.7570956,45.358864,782.9253,-367.15674,0.645859,-0.11123657,315.06628,269.70743
1.5-473-550,0.3662650603,0.7325301206,0.9337895728803226,-0.000839654004,1.5,473.0,550.0,877.58496,1.75687,66.68961,883.23444,5.649475,1.1168257,-0.64004433,162.57768,95.88807
1.5-473-550,0.2457831325,0.491566265,0.6021818746711394,0.0005414757638,1.5,473.0,550.0,547.1705,1.4116789,570.6985,682.5613,135.39081,1.1027721,-0.3089068,370.0659,-200.6326
1.5-473-550,0.2734939759,0.5469879518,0.6021818746711394,0.0005414757638,1.5,473.0,550.0,574.78937,1.5260777,531.16077,705.43665,130.64728,1.1847936,-0.34128416,338.11945,-193.04132
1.5-473-550,0.05510204082,0.11020408164,0.22784103833049427,-0.0002048723242,1.5,473.0,550.0,473.0,1.1904867,649.85333,496.82977,23.829773,0.8923863,-0.29810035,584.2619,-65.59143
1.5-473-550,0.2638554217,0.5277108434,0.09831793589120096,8.840647929e-05,1.5,473.0,550.0,522.4491,1.4281266,599.04663,568.4169,45.967773,1.488638,0.06051147,447.44955,-151.59708
1.5-473-550,0.4183673469,0.8367346938,0.6021818746711394,-0.0005414757638,1.5,473.0,550.0,654.58875,2.284778,373.41513,806.8359,152.24713,1.4920073,-0.79277086,201.20827,-172.20686
1.5-473-550,0.2108433734,0.4216867468,0.998978267368595,0.0008982710093,1.5,473.0,550.0,1290.5951,0.023726007,39.92301,792.5049,-498.0902,0.6152471,0.5915211,308.4845,268.5615
1.5-473-550,0.5,1.0,0.960748093980033,0.0008638948296,1.5,473.0,550.0,657.3649,1.1379676,362.20776,925.9148,268.54987,1.340232,0.20226443,92.18052,-270.02725
1.5-473-550,0.3927710844,0.7855421688,0.6021818746711394,-0.0005414757638,1.5,473.0,550.0,647.5946,2.1974678,398.15967,792.5985,145.0039,1.4539118,-0.743556,220.16537,-177.9943
1.5-473-550,0.3289156627,0.6578313254,0.9999999997775775,0.0008991897406,1.5,473.0,550.0,1162.4417,2.077271e-08,44.77439,883.21704,-279.2246,0.95844704,0.95844704,179.42523,134.65085
1.5-473-550,0.2915662651,0.5831325302,0.9671530515086588,0.0008696541017,1.5,473.0,550.0,1029.3154,0.9700968,52.355568,848.83386,-180.48157,0.8823044,-0.087792456,222.8861,170.53052
1.5-473-550,0.1578313253,0.3156626506,0.9772248215579286,-0.000878710534,1.5,473.0,550.0,711.5579,0.621296,118.76414,739.183,27.625061,0.49529994,-0.12599605,375.79062,257.0265
1.5-473-550,0.2843373494,0.5686746988,0.8206166047262803,0.0007378900321,1.5,473.0,550.0,660.9836,1.6871148,323.04407,793.0791,132.09552,1.0041488,-0.682966,267.37732,-55.666748
1.5-473-550,0.4653061225,0.930612245,0.16340484119544796,0.0001469319568,1.5,473.0,550.0,652.85254,2.0112638,380.42426,717.83765,64.98511,1.7477607,-0.2635032,266.4535,-113.970764
1.5-473-550,0.2590361446,0.5180722892,0.9945113832197316,0.0008942544329,1.5,473.0,550.0,1197.5385,0.1546358,43.173622,832.4575,-365.08093,0.75983447,0.6051987,252.45291,209.2793
1.5-473-550,0.4938775511,0.9877551022,0.9915009044774012,0.0008915474413,1.5,473.0,550.0,657.49066,0.45563504,361.70026,931.7657,274.27502,1.3090897,0.8534546,89.46377,-272.23648
1.5-473-550,0.3204819277,0.6409638554,0.9999999997775775,0.0008991897406,1.5,473.0,550.0,1168.8679,2.077271e-08,44.480324,878.2477,-290.62024,0.9349911,0.9349911,187.04094,142.56061
1.5-473-550,0.2759036145,0.551807229,0.9337895728803226,-0.000839654004,1.5,473.0,550.0,910.7029,1.4150069,62.72999,825.9646,-84.73828,0.8673023,-0.5477046,247.9286,185.19861
1.5-473-550,0.3674698796,0.7349397592,0.7098470004029654,-0.0006382871403,1.5,473.0,550.0,652.56244,2.0486712,380.6621,812.5995,160.03705,1.321911,-0.72676027,213.79138,-166.87073
1.5-473-550,0.373493976,0.746987952,0.9442484491033019,-0.0008490585182,1.5,473.0,550.0,897.1803,1.691651,64.26722,889.5241,-7.656189,1.1244428,-0.5672082,155.18677,90.91955
1.5-473-550,0.3903614458,0.7807228916,0.8902853188558087,-0.0008005354251,1.5,473.0,550.0,804.07043,2.1986573,79.08178,881.0678,76.997375,1.2109292,-0.9877281,154.66002,75.57824
1.5-473-550,0.008163265274,0.016326530548,0.7525573838264147,-0.0006766918789,1.5,473.0,550.0,473.0,1.0172584,649.85333,591.86273,118.86273,0.40267113,-0.6145873,537.5322,-112.321106
1.5-473-550,0.08775510207,0.17551020414,0.9998257452316341,-0.0008990330527,1.5,473.0,550.0,473.0,0.0009952991,649.85333,693.9097,220.90973,0.34227952,0.34128422,439.1922,-210.66113
1.5-473-550,0.2843373494,0.5686746988,0.9671530515086588,-0.0008696541017,1.5,473.0,550.0,1035.5485,0.94786114,51.917824,843.4849,-192.06354,0.8608523,-0.087008834,230.61887,178.70105
1.5-473-550,0.4081632653,0.8163265306,0.9945113832197316,-0.0008942544329,1.5,473.0,550.0,790.1657,0.37754658,82.14585,915.64514,125.47943,1.1569058,0.7793592,124.123726,41.977875
1.5-473-550,0.3060240964,0.6120481928,0.9985491866279087,-0.0008978851843,1.5,473.0,550.0,1172.5126,0.045931302,44.29374,868.6531,-303.8595,0.89516217,0.8492309,201.13042,156.83667
1.5-473-550,0.3108433735,0.621686747,0.9998257452316341,-0.0008990330527,1.5,473.0,550.0,1175.6783,0.0032927005,44.148964,872.1796,-303.49872,0.90782744,0.90453476,196.16393,152.01495
1.5-473-550,0.2481927711,0.4963855422,0.9993254186825348,-0.0008985831642,1.5,473.0,550.0,1233.0986,0.01656123,41.699867,825.0382,-408.06042,0.7232024,0.7066412,263.87585,222.176
1.5-473-550,0.4877551021,0.9755102042,0.8475322498919685,0.0007620923041,1.5,473.0,550.0,657.5162,1.5385917,361.59705,898.2195,240.70331,1.4066119,-0.13197982,114.36236,-247.23468
1.5-473-550,0.3638554217,0.7277108434,0.9915009044774012,-0.0008915474413,1.5,473.0,550.0,1090.0184,0.3622063,48.528267,898.55646,-191.46198,1.0579662,0.6957599,152.88313,104.354866
1.5-473-550,0.1120481927,0.2240963854,0.4163512323516047,-0.0003743787567,1.5,473.0,550.0,474.08954,1.0902278,648.8255,546.48895,72.399414,0.8782548,-0.21197307,533.1998,-115.62567
1.5-473-550,0.07142857145,0.1428571429,0.22784103821928303,0.0002048723241,1.5,473.0,550.0,473.0,1.1742929,649.85333,500.42456,27.42456,0.92917067,-0.24512225,576.6422,-73.21112
1.5-473-550,0.148192771,0.296385542,0.8705746216627653,0.0007828117684,1.5,473.0,550.0,524.1418,0.9353321,597.1643,696.2679,172.1261,0.55968755,-0.37564456,412.7611,-184.4032
1.5-473-550,0.4979591837,0.9959183674,0.9811301449181302,0.0008822221607,1.5,473.0,550.0,657.39825,0.8187223,362.07343,930.0352,272.63696,1.3224956,0.5037733,89.7757,-272.29773
1.5-473-550,0.3710843374,0.7421686748,0.9993254186825348,0.0008985831642,1.5,473.0,550.0,1122.4686,0.026652059,46.747444,903.7888,-218.67981,1.068618,1.041966,146.25615,99.508705
1.5-473-550,0.2975903615,0.595180723,0.8206166047262803,0.0007378900321,1.5,473.0,550.0,667.7,1.7520939,272.04254,803.4519,135.75189,1.0430509,-0.709043,252.69812,-19.344421
1.5-473-550,0.1530120482,0.3060240964,0.993141646395439,0.0008930227796,1.5,473.0,550.0,808.8618,0.2119307,77.99059,740.35614,-68.50568,0.4719772,0.26004648,377.11053,299.11993
1.5-473-550,0.126506024,0.253012048,0.9215172744995802,0.0008286188792,1.5,473.0,550.0,516.0403,0.79864824,606.1732,696.6956,180.65533,0.46879387,-0.32985437,422.16098,-184.01224
1.5-473-550,0.1831325301,0.3662650602,0.9915009044774012,0.0008915474413,1.5,473.0,550.0,1000.84357,0.19727053,54.418983,765.5411,-235.30249,0.5466129,0.3493424,343.32898,288.91
1.5-473-550,0.0102040816,0.0204081632,0.16340484097302546,-0.0001469319566,1.5,473.0,550.0,473.0,1.1050403,649.85333,481.34186,8.341858,0.8467906,-0.2582497,605.9404,-43.912903
1.5-473-550,0.04693877551,0.09387755102,0.9872047710533666,0.0008876844022,1.5,473.0,550.0,473.0,0.12906231,649.85333,666.57715,193.57715,0.29412052,0.16505821,473.08008,-176.77325
1.5-473-550,0.2361445783,0.4722891566,0.9998257452316341,0.0008990330527,1.5,473.0,550.0,1264.9545,0.0025411455,40.478188,814.9499,-450.00458,0.6871905,0.68464935,277.96912,237.49094
1.5-473-550,0.2710843374,0.5421686748,0.9996041060258503,-0.000898833757,1.5,473.0,550.0,1207.3358,0.009419998,42.75724,843.70667,-363.62915,0.7912312,0.78181124,237.64105,194.88382
1.5-473-550,0.3506024097,0.7012048194,0.8475322498919685,-0.0007620923041,1.5,473.0,550.0,730.5178,2.0101185,105.56985,848.34503,117.82721,1.1591655,-0.850953,194.28638,88.71653
1.5-473-550,0.1156626505,0.231325301,0.9872047710533666,0.0008876844022,1.5,473.0,550.0,605.2437,0.3902739,485.08734,709.35657,104.112854,0.3986813,0.008407414,416.9309,-68.15643
1.5-473-550,0.343373494,0.686746988,0.9915009044774012,-0.0008915474413,1.5,473.0,550.0,1110.0215,0.32652858,47.412514,888.6759,-221.34558,1.0053877,0.6788591,168.79471,121.382195
1.5-473-550,0.4367346939,0.8734693878,0.3542741439827602,-0.0003185596757,1.5,473.0,550.0,646.08466,2.0724614,402.7543,746.8817,100.79706,1.6544456,-0.41801572,245.81967,-156.93463
1.5-473-550,0.2228915662,0.4457831324,0.9956514833048237,-0.0008952795992,1.5,473.0,550.0,1280.832,0.1059204,39.92301,802.03906,-478.79297,0.65228033,0.54635996,294.83926,254.91626
1.5-473-550,0.1301204819,0.2602409638,0.9872047710533666,-0.0008876844022,1.5,473.0,550.0,650.24536,0.49382666,389.78806,720.1735,69.92816,0.42696047,-0.06686619,402.70178,12.913727
1.5-473-550,0.3602409639,0.7204819278,0.9872047710533666,0.0008876844022,1.5,473.0,550.0,1071.1215,0.5339657,49.62681,895.7322,-175.38928,1.0528675,0.5189018,156.3824,106.75559
1.5-473-550,0.2506024096,0.5012048192,0.960723235489121,-0.0008638724771,1.5,473.0,550.0,1040.9264,0.9928522,51.580147,814.323,-226.6034,0.76537985,-0.22747236,270.4572,218.87708
1.5-473-550,0.3638554217,0.7277108434,0.999825745120423,-0.0008990330526,1.5,473.0,550.0,1130.9562,0.004166147,46.29786,900.83685,-230.11932,1.0503864,1.0462203,151.30894,105.011086
1.5-473-550,0.2746987952,0.5493975904,0.3542741439827602,-0.0003185596757,1.5,473.0,550.0,534.6066,1.470014,585.52747,630.3802,95.77356,1.3826387,-0.08737528,394.34967,-191.1778
1.5-473-550,0.3277108434,0.6554216868,0.9973789933391554,0.0008968329585,1.5,473.0,550.0,1151.7612,0.09228011,45.272194,881.7606,-270.0006,0.9575529,0.8652728,181.02928,135.75708
1.5-473-550,0.4469387755,0.893877551,0.9895407848051817,-0.0008897849218,1.5,473.0,550.0,665.1271,0.57955563,302.85794,924.0011,258.87402,1.2360176,0.65646195,106.33141,-196.52652
1.5-473-550,0.01224489793,0.02448979586,0.8705746216627653,-0.0007828117684,1.5,473.0,550.0,473.0,0.7800589,649.85333,621.6151,148.61511,0.3278474,-0.45221153,515.6348,-134.2185
1.5-473-550,0.3759036145,0.751807229,0.7098470004029654,0.0006382871403,1.5,473.0,550.0,655.2493,2.106733,370.74857,817.5524,162.3031,1.3389118,-0.7678213,206.83794,-163.91063
1.5-473-550,0.2156626506,0.4313253012,0.9996041060258503,0.000898833757,1.5,473.0,550.0,1290.5627,0.008091351,39.92301,796.9747,-493.58807,0.6282846,0.62019324,302.54,262.617
1.5-473-550,0.5,1.0,0.9993256565633628,-0.0008985833781,1.5,473.0,550.0,657.37885,0.04196664,362.1516,934.0929,276.71405,1.3119006,1.2699339,86.58602,-275.56558
1.5-473-550,0.4877551021,0.9755102042,0.7892004020960466,0.000709640905,1.5,473.0,550.0,657.43884,1.6281594,361.9094,884.0869,226.64807,1.4477733,-0.18038607,124.70751,-237.20187
1.5-473-550,0.4183673469,0.8367346938,0.16340484097302546,-0.0001469319566,1.5,473.0,550.0,635.016,2.2059658,430.59955,687.73615,52.720154,1.709889,-0.4960767,301.4699,-129.12964
1.5-473-550,0.1927710843,0.3855421686,0.9980223152919674,0.000897411427,1.5,473.0,550.0,1133.3827,0.045985483,46.19169,776.17786,-357.20483,0.5666472,0.5206617,330.32007,284.1284
1.5-473-550,0.1156626505,0.231325301,0.9442484491033019,0.0008490585182,1.5,473.0,550.0,512.4595,0.68785965,610.1135,696.0891,183.62964,0.4295962,-0.25826347,427.10193,-183.0116
1.5-473-550,0.4571428571,0.9142857142,0.8705746216627653,0.0007828117684,1.5,473.0,550.0,660.5894,1.4791343,345.96997,897.13293,236.54352,1.3476267,-0.13150764,122.38917,-223.58081
1.5-473-550,0.1674698795,0.334939759,0.9999999997775775,-0.0008991897406,1.5,473.0,550.0,933.188,2.077271e-08,60.380775,754.76086,-178.42712,0.50072885,0.50072885,359.2641,298.88333
1.5-473-550,0.4755102041,0.9510204082,0.22784103833049427,-0.0002048723242,1.5,473.0,550.0,655.6894,1.9634461,368.9718,738.5601,82.87073,1.7338315,-0.22961462,246.15393,-122.81787
1.5-473-550,0.09591836738,0.19183673476,0.22784103833049427,-0.0002048723242,1.5,473.0,550.0,473.0,1.1735555,649.85333,507.01062,34.01062,0.98772526,-0.18583024,563.6592,-86.19415
1.5-473-550,0.2481927711,0.4963855422,0.998978267368595,-0.0008982710093,1.5,473.0,550.0,1231.6675,0.026218554,41.75657,824.92566,-406.74182,0.72351027,0.69729173,263.95905,222.20248
1.5-473-550,0.2168674698,0.4337349396,0.960723235489121,-0.0008638724771,1.5,473.0,550.0,1113.622,0.8856123,47.236275,785.01044,-328.6115,0.6653518,-0.2202605,310.8898,263.65353
1.5-473-550,0.4224489796,0.8448979592,0.9531521908128958,-0.0008570646714,1.5,473.0,550.0,702.0425,1.4858388,124.68272,909.24225,207.19977,1.2211193,-0.2647195,123.80041,-0.88230896
1.5-473-550,0.1614457831,0.3228915662,0.9915009044774012,-0.0008915474413,1.5,473.0,550.0,845.1765,0.23529322,71.39283,746.87024,-98.306274,0.49282497,0.25753176,368.1901,296.79727
1.5-473-550,0.2542168675,0.508433735,0.9996041060258503,0.000898833757,1.5,473.0,550.0,1223.7623,0.00899311,42.069893,830.14435,-393.61798,0.74087524,0.73188215,256.80005,214.73016
1.5-473-550,0.395180723,0.790361446,0.9772248215579286,0.000878710534,1.5,473.0,550.0,982.87305,1.1452316,55.827858,907.0286,-75.84442,1.144138,-0.001093626,134.65245,78.82459
1.5-473-550,0.1602409638,0.3204819276,0.8206166047262803,-0.0007378900321,1.5,473.0,550.0,524.34204,1.006375,596.94165,688.7796,164.43756,0.63454676,-0.3718282,412.4491,-184.49255
1.5-473-550,0.1855421686,0.3710843372,0.9531521909241071,0.0008570646715,1.5,473.0,550.0,761.74347,0.90650654,92.096565,754.81134,-6.932129,0.58455306,-0.32195348,350.27353,258.17697
1.5-473-550,0.1987951807,0.3975903614,0.9442484491033019,0.0008490585182,1.5,473.0,550.0,903.3903,1.0473185,63.785194,763.3968,-139.99353,0.62842906,-0.4188894,336.86414,273.07895
1.5-473-550,0.2819277109,0.5638554218,0.9993254186825348,0.0008985831642,1.5,473.0,550.0,1195.0938,0.018397411,43.277534,851.90265,-343.1911,0.82377994,0.80538255,225.83026,182.55273
1.5-473-550,0.3373493976,0.6746987952,0.9996041060258503,0.000898833757,1.5,473.0,550.0,1153.9304,0.011965534,45.16523,887.79675,-266.13367,0.98179877,0.96983325,172.20657,127.04134
1.5-473-550,0.1530120482,0.3060240964,0.5396442233296441,-0.0004852425493,1.5,473.0,550.0,495.7303,1.0736024,627.33093,596.2642,100.533936,0.88011175,-0.19349068,481.54565,-145.78528
1.5-473-550,0.1361445783,0.2722891566,0.9671530515086588,0.0008696541017,1.5,473.0,550.0,580.11053,0.6925245,522.18665,718.47174,138.3612,0.45428282,-0.23824167,401.4466,-120.74005
1.5-473-550,0.2795180723,0.5590361446,0.7525573838264147,-0.0006766918789,1.5,473.0,550.0,630.3546,1.6265534,439.87723,764.4317,134.07709,1.0577656,-0.5687878,291.08972,-148.7875
1.5-473-550,0.4938775511,0.9877551022,0.9931416465066502,-0.0008930227797,1.5,473.0,550.0,657.49164,0.3712407,361.69626,932.11426,274.62262,1.3078663,0.9366256,89.2268,-272.46945
1.5-473-550,0.3686746989,0.7373493978,0.9442484491033019,-0.0008490585182,1.5,473.0,550.0,899.51794,1.6613936,63.990242,887.3845,-12.133423,1.1129962,-0.5483974,158.6562,94.66596
1.5-473-550,0.2024096385,0.404819277,0.7525573838264147,0.0006766918789,1.5,473.0,550.0,546.40607,1.2334588,571.77374,699.0516,152.64551,0.82042,-0.41303873,382.51172,-189.26202
1.5-473-550,0.3807228916,0.7614457832,0.7525573838264147,0.0006766918789,1.5,473.0,550.0,665.8611,2.169346,295.7063,834.10376,168.24268,1.3121114,-0.8572347,192.5972,-103.1091
1.5-473-550,0.06938775512,0.13877551024,0.5396442233296441,0.0004852425493,1.5,473.0,550.0,473.0,1.0891278,649.85333,558.9586,85.95862,0.6714054,-0.4177224,541.7084,-108.14496
1.5-473-550,0.3289156627,0.6578313254,0.3542741437603377,0.0003185596755,1.5,473.0,550.0,576.13184,1.6937406,528.985,671.71655,95.58472,1.5030628,-0.19067776,339.19885,-189.78613
1.5-473-550,0.2855421687,0.5710843374,0.9772248215579286,-0.000878710534,1.5,473.0,550.0,1085.3901,0.69053745,48.799416,847.61914,-237.771,0.8549855,0.16444802,226.98184,178.18243
1.5-473-550,0.3963855422,0.7927710844,0.9215172744995802,0.0008286188792,1.5,473.0,550.0,845.0931,2.1070874,71.406166,892.3288,47.235718,1.1959932,-0.9110942,144.46906,73.06289
1.5-473-550,0.3602409639,0.7204819278,0.9895407848051817,0.0008897849218,1.5,473.0,550.0,1083.1648,0.43771127,48.926704,896.3825,-186.78229,1.0507288,0.61301756,155.93156,107.00486
1.5-473-550,0.2361445783,0.4722891566,0.9726063657286781,0.0008745576659,1.5,473.0,550.0,1142.1418,0.6810103,45.75202,805.9375,-336.20435,0.7112848,0.03027451,284.6791,238.9271
1.5-473-550,0.1506024096,0.3012048192,0.8475322498919685,0.0007620923041,1.5,473.0,550.0,520.9548,0.9610561,600.7083,690.4518,169.49701,0.5856663,-0.3753898,415.92984,-184.77847
1.5-473-550,0.002040816308,0.004081632616,0.9726063659511005,0.0008745576661,1.5,473.0,550.0,473.0,0.4011061,649.85333,642.5699,169.56989,0.25649396,-0.14461213,502.72168,-147.13165
1.5-473-550,0.3445783133,0.6891566266,0.9965972946963587,0.0008961300631,1.5,473.0,550.0,1133.8413,0.12992884,46.155647,890.75073,-243.09058,1.0038676,0.8739388,166.79694,120.64129
1.5-473-550,0.2722891566,0.5445783132,0.999825745120423,0.0008990330526,1.5,473.0,550.0,1206.873,0.002892813,42.776894,844.715,-362.15802,0.7946253,0.7917325,236.25215,193.47525
1.5-473-550,0.02653061223,0.05306122446,0.16340484119544796,0.0001469319568,1.5,473.0,550.0,473.0,1.2187502,649.85333,483.3684,10.368408,0.8787813,-0.33996892,600.3679,-49.485413
1.5-473-550,0.008163265274,0.016326530548,0.7892004020960466,-0.000709640905,1.5,473.0,550.0,473.0,0.98219013,649.85333,600.5736,127.57361,0.37727955,-0.6049106,531.5092,-118.34412
1.5-473-550,0.1879518072,0.3759036144,0.9945113832197316,0.0008942544329,1.5,473.0,550.0,1063.6909,0.12869926,50.100258,770.76697,-292.92395,0.5567478,0.42804855,336.90567,286.80542
1.5-473-550,0.1060240963,0.2120481926,0.9811301446957078,0.0008822221605,1.5,473.0,550.0,551.3719,0.36846927,565.61444,700.6483,149.27643,0.38527718,0.016807914,427.37332,-138.24112
1.5-473-550,0.2831325301,0.5662650602,0.9671530515086588,0.0008696541017,1.5,473.0,550.0,1036.6783,0.9439331,51.844612,842.57666,-194.10168,0.85726064,-0.086672485,231.92586,180.08124
1.5-473-550,0.3337349398,0.6674698796,0.6600967573005477,0.0005935522321,1.5,473.0,550.0,631.26105,1.8341068,438.27042,773.1839,141.92285,1.2907164,-0.5433904,257.66193,-180.60849
1.5-473-550,0.1289156626,0.2578313252,0.9945113832197316,0.0008942544329,1.5,473.0,550.0,705.7121,0.26180497,120.76646,721.5392,15.827087,0.4192873,0.15748233,402.14783,281.38138
1.5-473-550,0.2602409639,0.5204819278,0.9996041060258503,0.000898833757,1.5,473.0,550.0,1218.54,0.0091006365,42.281075,835.0745,-383.4655,0.7588462,0.7497456,249.87201,207.59094
1.5-473-550,0.3975903615,0.795180723,0.16340484097302546,-0.0001469319566,1.5,473.0,550.0,621.78143,2.132435,457.3253,673.5629,51.781494,1.688178,-0.44425714,318.25903,-139.06625
1.5-473-550,0.4836734694,0.9673469388,0.9965972946963587,0.0008961300631,1.5,473.0,550.0,657.87854,0.18282117,360.13446,931.59937,273.72083,1.2903498,1.1075287,91.84182,-268.29263
1.5-473-550,0.386746988,0.773493976,0.9915009044774012,0.0008915474413,1.5,473.0,550.0,1067.2253,0.42328212,49.86863,907.80096,-159.42438,1.1125714,0.6892892,137.28099,87.41236
1.5-473-550,0.2493975904,0.4987951808,0.9973789933391554,0.0008968329585,1.5,473.0,550.0,1221.9774,0.07126405,42.140633,825.41693,-396.5605,0.72851187,0.65724784,262.93405,220.79343
1.5-473-550,0.1807228915,0.361445783,0.9965972946963587,-0.0008961300631,1.5,473.0,550.0,1000.0313,0.082255624,54.482246,765.1158,-234.91553,0.53635454,0.4540989,344.85672,290.37448
1.5-473-550,0.3036144579,0.6072289158,0.7892004020960466,0.000709640905,1.5,473.0,550.0,652.8298,1.758206,378.5417,796.8193,143.9895,1.0912967,-0.66690934,254.44904,-124.09265
1.5-473-550,0.3843373495,0.768674699,0.9071317792997667,-0.0008156835895,1.5,473.0,550.0,828.1966,2.0645845,74.31837,883.46234,55.265747,1.1828216,-0.88176286,155.21245,80.89408
1.5-473-550,0.3722891567,0.7445783134,0.9215172744995802,0.0008286188792,1.5,473.0,550.0,852.93976,1.8901188,70.16657,882.40533,29.465576,1.1423943,-0.74772453,160.69255,90.52598
1.5-473-550,0.1843373494,0.3686746988,0.22784103833049427,-0.0002048723242,1.5,473.0,550.0,502.12265,1.1784207,620.8619,543.77795,41.655304,1.2227204,0.04429972,500.9083,-119.95358
1.5-473-550,0.06326530613,0.12653061226,0.8705746216627653,0.0007828117684,1.5,473.0,550.0,473.0,0.7874611,649.85333,643.0331,170.03308,0.39323524,-0.39422587,485.71677,-164.13657
1.5-473-550,0.2626506024,0.5253012048,0.9973789933391554,-0.0008968329585,1.5,473.0,550.0,1206.9636,0.07350316,42.77305,836.30884,-370.6548,0.76805055,0.6945474,247.64726,204.8742
1.5-473-550,0.3132530121,0.6265060242,0.9337895728803226,0.000839654004,1.5,473.0,550.0,898.9368,1.5284458,64.09095,853.2384,-45.698425,0.9771202,-0.5513256,208.44719,144.35623
1.5-473-550,0.3506024097,0.7012048194,0.8902853188558087,0.0008005354251,1.5,473.0,550.0,803.56433,1.9236993,79.29151,862.0434,58.479065,1.118913,-0.8047862,184.38881,105.0973
1.5-473-550,0.2518072289,0.5036144578,0.9965972946963587,0.0008961300631,1.5,473.0,550.0,1213.73,0.09397706,42.48548,827.1749,-386.55505,0.73638153,0.6424045,260.31204,217.82657
1.5-473-550,0.1240963855,0.248192771,0.9531521909241071,-0.0008570646715,1.5,473.0,550.0,532.6939,0.6993949,587.6544,704.9359,172.242,0.43970972,-0.25968516,416.91476,-170.73965
1.5-473-550,0.2313253012,0.4626506024,0.8902853188558087,-0.0008005354251,1.5,473.0,550.0,763.3222,1.4819329,93.71807,773.2585,9.936279,0.7733968,-0.7085361,311.6251,217.90701
1.5-473-550,0.221686747,0.443373494,0.9973789933391554,-0.0008968329585,1.5,473.0,550.0,1288.6056,0.0631974,39.92301,801.55054,-487.05505,0.64733917,0.5841418,295.85727,255.93427
1.5-473-550,0.1638554216,0.3277108432,0.9915009044774012,0.0008915474413,1.5,473.0,550.0,866.1735,0.22321327,68.20771,748.90814,-117.26538,0.49856672,0.27535343,365.4863,297.2786
1.5-473-550,0.1096385542,0.2192771084,0.7892004020960466,0.000709640905,1.5,473.0,550.0,479.21893,0.91291714,643.9777,644.3208,165.10187,0.5413274,-0.37158972,467.87976,-176.09796
1.5-473-550,0.07959183676,0.15918367352,0.47796385156444166,-0.0004297801918,1.5,473.0,550.0,473.0,1.1136158,649.85333,548.2443,75.24432,0.74642235,-0.3671934,544.9555,-104.89783
1.5-473-550,0.3493975904,0.6987951808,0.6021818746711394,-0.0005414757638,1.5,473.0,550.0,627.9853,1.8923129,445.09006,764.46014,136.47485,1.37404,-0.5182729,257.74823,-187.34183
1.5-473-550,0.4040816326,0.8081632652,0.6021818746711394,-0.0005414757638,1.5,473.0,550.0,651.65515,2.2819598,384.46396,799.10767,147.45251,1.4715148,-0.81044495,211.49852,-172.96544
1.5-473-550,0.1373493975,0.274698795,0.9071317792997667,0.0008156835895,1.5,473.0,550.0,523.70013,0.86057955,597.65546,700.0652,176.36505,0.5038072,-0.35677236,414.8973,-182.75815
1.5-473-550,0.3795180723,0.7590361446,0.8705746216627653,0.0007828117684,1.5,473.0,550.0,778.0005,2.1554449,85.50112,870.50775,92.50726,1.205163,-0.95028186,166.32874,80.827614
1.5-473-550,0.1542168674,0.3084337348,0.7098470004029654,-0.0006382871403,1.5,473.0,550.0,505.71173,1.0357921,617.22974,647.87744,142.16571,0.72208065,-0.31371146,445.03653,-172.1932
1.5-473-550,0.4693877551,0.9387755102,0.5396442233296441,0.0004852425493,1.5,473.0,550.0,656.80963,1.8354096,364.4495,813.5451,156.73547,1.5883334,-0.24707627,183.35062,-181.09888
1.5-473-550,0.1192771084,0.2385542168,0.9215172744995802,0.0008286188792,1.5,473.0,550.0,507.01947,0.7699275,615.9063,691.5406,184.52112,0.4538916,-0.3160359,429.07864,-186.82767
1.5-473-550,0.4836734694,0.9673469388,0.9872047710533666,-0.0008876844022,1.5,473.0,550.0,657.8668,0.641264,360.18158,929.5621,271.69525,1.2974929,0.65622884,93.22729,-266.95428
1.5-473-550,0.4795918368,0.9591836736,0.5396442233296441,-0.0004852425493,1.5,473.0,550.0,656.9701,1.8354547,363.8016,817.8907,160.9206,1.5971286,-0.23832607,177.74512,-186.05649
1.5-473-550,0.2060240963,0.4120481926,0.9872047710533666,-0.0008876844022,1.5,473.0,550.0,1202.5833,0.3073605,42.959206,784.3242,-418.25903,0.61168694,0.30432644,317.2284,274.2692
1.5-473-550,0.2542168675,0.508433735,0.9215172744995802,-0.0008286188792,1.5,473.0,550.0,879.09784,1.4600353,66.63148,804.0029,-75.09491,0.81322545,-0.6468099,276.0452,209.41373
1.5-473-550,0.2373493976,0.4746987952,0.9965972946963587,-0.0008961300631,1.5,473.0,550.0,1248.5151,0.0874277,41.08921,814.93036,-433.58478,0.6935514,0.60612375,277.32452,236.23532
1.5-473-550,0.2879518072,0.5759036144,0.6600967573005477,0.0005935522321,1.5,473.0,550.0,605.2872,1.6188009,484.65237,737.7718,132.48462,1.1720748,-0.44672608,306.39774,-178.25464
1.5-473-550,0.3180722892,0.6361445784,0.9956514833048237,0.0008952795992,1.5,473.0,550.0,1151.1238,0.14959385,45.303627,875.48834,-275.63544,0.9322456,0.7826518,190.18394,144.88031
1.5-473-550,0.0612244898,0.1224489796,0.8902853187445975,0.000800535425,1.5,473.0,550.0,473.0,0.7398226,649.85333,647.48505,174.48505,0.37623075,-0.36359188,483.09613,-166.7572
1.5-473-550,0.4918367347,0.9836734694,0.9772248215579286,0.000878710534,1.5,473.0,550.0,657.53314,0.9050572,361.52866,928.4576,270.92444,1.3168434,0.4117862,92.16355,-269.3651
1.5-473-550,0.3,0.6,0.03282169734692774,-2.951293353e-05,1.5,473.0,550.0,532.8926,1.5290893,587.4335,580.53546,47.642883,1.5825351,0.053445816,425.07214,-162.36133
1.5-473-550,0.3120481928,0.6240963856,0.9985491866279087,-0.0008978851843,1.5,473.0,550.0,1169.1583,0.04681524,44.44718,872.56976,-296.58856,0.91245466,0.86563945,195.27621,150.82904
1.5-473-550,0.1855421686,0.3710843372,0.9671530515086588,0.0008696541017,1.5,473.0,550.0,862.12714,0.70846176,68.933784,759.5321,-102.59503,0.5728105,-0.13565129,346.69153,277.75775
1.5-473-550,0.2084337349,0.4168674698,0.9531521909241071,0.0008570646715,1.5,473.0,550.0,1058.0236,0.97713,50.4936,774.9617,-283.0619,0.64781755,-0.32931244,323.00354,272.50995
1.5-473-550,0.3662650603,0.7325301206,0.7525573838264147,0.0006766918789,1.5,473.0,550.0,660.6909,2.063778,334.40543,826.0821,165.39117,1.2821826,-0.78159535,204.13834,-130.26709
1.5-473-550,0.343373494,0.686746988,0.9999999997775775,0.0008991897406,1.5,473.0,550.0,1150.4194,2.077271e-08,45.360268,891.09326,-259.32617,0.99754274,0.99754274,167.1112,121.75094
1.5-473-550,0.343373494,0.686746988,0.47796385156444166,-0.0004297801918,1.5,473.0,550.0,604.9253,1.810879,485.58206,719.39124,114.46594,1.4542156,-0.35666335,295.44855,-190.13351
1.5-473-550,0.05306122449,0.10612244898,0.03282169734692774,-2.951293353e-05,1.5,473.0,550.0,473.0,1.2176893,649.85333,473.23712,0.23712158,1.0213635,-0.19632578,597.1107,-52.742615
1.5-473-550,0.3807228916,0.7614457832,0.2914697156873968,0.0002620865781,1.5,473.0,550.0,614.6017,2.0035954,469.8386,693.01886,78.417175,1.619173,-0.3844223,305.18616,-164.65244
1.5-473-550,0.04489795918,0.08979591836,0.7525573838264147,-0.0006766918789,1.5,473.0,550.0,473.0,0.9391873,649.85333,603.5322,130.53223,0.45290703,-0.48628026,519.59863,-130.2547
1.5-473-550,0.2939759036,0.5879518072,0.3542741437603377,0.0003185596755,1.5,473.0,550.0,546.9153,1.5388385,571.17725,645.009,98.09369,1.4288515,-0.10998702,374.43887,-196.73837
1.5-473-550,0.2554216867,0.5108433734,0.16340484097302546,-0.0001469319566,1.5,473.0,550.0,521.28534,1.4091835,600.34076,574.489,53.203674,1.4416971,0.03251362,446.02753,-154.31323
1.5-473-550,0.2602409639,0.5204819278,0.998978267368595,-0.0008982710093,1.5,473.0,550.0,1215.9076,0.027034363,42.392952,834.87396,-381.03363,0.7594092,0.73237485,250.01915,207.62619
1.5-473-550,0.1710843373,0.3421686746,0.998978267368595,0.0008982710093,1.5,473.0,550.0,956.89,0.023753962,58.058754,757.5321,-199.35791,0.510329,0.48657504,355.39798,297.33923
1.5-473-550,0.365060241,0.730120482,0.8705746216627653,0.0007828117684,1.5,473.0,550.0,773.98944,2.0589995,86.770805,863.5154,89.52594,1.1723448,-0.88665473,177.14908,90.37827
1.5-473-550,0.09591836738,0.19183673476,0.6600967573005477,-0.0005935522321,1.5,473.0,550.0,473.0,1.027124,649.85333,599.73254,126.732544,0.6237436,-0.40338045,504.727,-145.12634
1.5-473-550,0.3530120482,0.7060240964,0.9915009044774012,0.0008915474413,1.5,473.0,550.0,1100.8892,0.34272656,47.90049,893.522,-207.36719,1.0305508,0.68782425,161.07236,113.17187
1.5-473-550,0.1108433734,0.2216867468,0.9442484491033019,-0.0008490585182,1.5,473.0,550.0,504.91797,0.65996337,618.033,692.7327,187.81476,0.4203577,-0.23960567,431.57108,-186.46194
1.5-473-550,0.3180722892,0.6361445784,0.9442484491033019,0.0008490585182,1.5,473.0,550.0,926.16406,1.438212,61.077583,859.7234,-66.440674,0.98072016,-0.45749187,201.38249,140.3049
1.5-473-550,0.3048192771,0.6096385542,0.9973789933391554,-0.0008968329585,1.5,473.0,550.0,1167.7498,0.08502027,44.511574,867.49915,-300.2506,0.8927671,0.8077468,202.57152,158.05994
1.5-473-550,0.2518072289,0.5036144578,0.29146971579860803,-0.0002620865782,1.5,473.0,550.0,523.16864,1.4027975,598.2465,598.363,75.194336,1.3640013,-0.038796186,429.3644,-168.88211
1.5-473-550,0.1518072289,0.3036144578,0.6021818746711394,-0.0005414757638,1.5,473.0,550.0,497.6531,1.0593097,625.3851,613.24347,115.59036,0.8179745,-0.24133521,470.5188,-154.86627
1.5-473-550,0.1024096385,0.204819277,0.47796385156444166,0.0004297801918,1.5,473.0,550.0,473.00507,1.099793,649.8486,556.3337,83.32861,0.8004549,-0.29933804,530.9559,-118.8927
1.5-473-550,0.2915662651,0.5831325302,0.998978267368595,-0.0008982710093,1.5,473.0,550.0,1185.452,0.030157944,43.701973,858.8362,-326.61584,0.8526025,0.82244456,215.6929,171.99094
1.5-473-550,0.191566265,0.38313253,0.960723235489121,0.0008638724771,1.5,473.0,550.0,899.15564,0.8193205,64.14359,762.64246,-136.51318,0.5943454,-0.22497511,341.2309,277.0873
1.5-473-550,0.2554216867,0.5108433734,0.8705746216627653,0.0007828117684,1.5,473.0,550.0,721.1028,1.6052359,117.25219,787.10187,65.999084,0.8664512,-0.73878473,287.80423,170.55203
1.5-473-550,0.04081632652,0.08163265304,0.22784103833049427,-0.0002048723242,1.5,473.0,550.0,473.0,1.2254719,649.85333,494.17065,21.170654,0.861742,-0.36372983,590.28503,-59.5683
1.5-473-550,0.3530120482,0.7060240964,0.8705746216627653,-0.0007828117684,1.5,473.0,550.0,770.13226,1.9917771,88.042946,857.1252,86.99292,1.1434335,-0.8483436,186.87321,98.83027
1.5-473-550,0.4326530612,0.8653061224,0.6600967573005477,0.0005935522321,1.5,473.0,550.0,660.73126,2.054991,341.38892,830.9004,170.16913,1.4707769,-0.5842141,178.43327,-162.95564
1.5-473-550,0.3602409639,0.7204819278,0.993141646395439,-0.0008930227796,1.5,473.0,550.0,1101.4379,0.2869598,47.871162,897.3811,-204.05676,1.0474355,0.76047575,155.24008,107.36892
1.5-473-550,0.09183673473,0.18367346946,0.9993254186825348,0.0008985831642,1.5,473.0,550.0,473.0,0.006111345,649.85333,696.44037,223.44037,0.34906587,0.34295452,435.80826,-214.04507
1.5-473-550,0.4061224489,0.8122448978,0.9772248215579286,-0.000878710534,1.5,473.0,550.0,809.7642,1.2395679,77.85255,910.6186,100.85437,1.1676251,-0.071942806,128.27457,50.42202
1.5-473-550,0.3783132531,0.7566265062,0.2914697156873968,0.0002620865781,1.5,473.0,550.0,612.77075,1.9852501,472.9346,691.3004,78.52966,1.615891,-0.36935914,307.2948,-165.6398
1.5-473-550,0.2325301205,0.465060241,0.9337895728803226,0.000839654004,1.5,473.0,550.0,960.9277,1.2794713,57.802315,789.5632,-171.3645,0.7359615,-0.5435098,298.85675,241.05444
1.5-473-550,0.1614457831,0.3228915662,0.4163512323516047,-0.0003743787567,1.5,473.0,550.0,496.12592,1.1063163,626.93054,569.7546,73.62866,1.0146861,-0.09163022,495.114,-131.81653
1.5-473-550,0.01836734691,0.03673469382,0.5396442233296441,0.0004852425493,1.5,473.0,550.0,473.0,1.1214991,649.85333,546.077,73.07703,0.5767552,-0.54474384,565.3496,-84.50372
1.5-473-550,0.4836734694,0.9673469388,0.9872047710533666,0.0008876844022,1.5,473.0,550.0,657.8668,0.6412633,360.18158,929.5621,271.69525,1.2974929,0.65622956,93.22729,-266.95428
1.5-473-550,0.2361445783,0.4722891566,0.9980223152919674,-0.000897411427,1.5,473.0,550.0,1257.8264,0.04971441,40.741188,814.35986,-443.46655,0.6887645,0.6390501,278.40878,237.6676
1.5-473-550,0.2204819277,0.4409638554,0.9956514833048237,0.0008952795992,1.5,473.0,550.0,1282.0569,0.10558566,39.92301,799.91986,-482.13702,0.6453629,0.5397773,297.7333,257.8103
1.5-473-550,0.1686746988,0.3373493976,0.7098470004029654,-0.0006382871403,1.5,473.0,550.0,515.20087,1.0740746,607.1067,658.08997,142.8891,0.7625115,-0.31156313,430.37634,-176.73035
1.5-473-550,0.05714285715,0.1142857143,0.7098470004029654,-0.0006382871403,1.5,473.0,550.0,473.0,0.9862045,649.85333,596.97,123.96997,0.5061193,-0.4800852,520.37164,-129.48169
1.5-473-550,0.1060240963,0.2120481926,0.9998257452316341,-0.0008990330527,1.5,473.0,550.0,664.1467,0.004100463,312.17188,706.28937,42.14264,0.37254378,0.3684433,423.0125,110.84064
1.5-473-550,0.4183673469,0.8367346938,0.09831793589120096,8.840647929e-05,1.5,473.0,550.0,633.98315,2.2014067,432.88736,673.325,39.341858,1.7283932,-0.47301352,314.62424,-118.26312
1.5-473-550,0.4326530612,0.8653061224,0.9945113832197316,0.0008942544329,1.5,473.0,550.0,679.2105,0.35593155,178.90833,922.0923,242.88177,1.2057879,0.8498564,111.79978,-67.10854
1.5-473-550,0.3578313254,0.7156626508,0.9965972946963587,-0.0008961300631,1.5,473.0,550.0,1120.9608,0.13899763,46.82801,897.22815,-223.73267,1.0381896,0.89919204,156.38837,109.560356
1.5-473-550,0.3481927711,0.6963855422,0.9337895728803226,0.000839654004,1.5,473.0,550.0,885.464,1.6648299,65.68827,874.19543,-11.268555,1.0718393,-0.5929905,176.78958,111.10131
1.5-473-550,0.08571428574,0.17142857148,0.8705746216627653,0.0007828117684,1.5,473.0,550.0,473.0,0.7881716,649.85333,654.8536,181.85358,0.4296477,-0.35852388,469.40967,-180.44366
1.5-473-550,0.2,0.4,0.960723235489121,0.0008638724771,1.5,473.0,550.0,1021.7169,0.8212132,52.919197,770.07574,-251.64117,0.6174906,-0.2037226,331.18832,278.26913
1.5-473-550,0.01428571426,0.02857142852,0.9993254186825348,-0.0008985831642,1.5,473.0,550.0,473.0,0.005468449,649.85333,654.11926,181.11926,0.25256917,0.24710073,491.15637,-158.69696
1.5-473-550,0.3204819277,0.6409638554,0.9531521909241071,0.0008570646715,1.5,473.0,550.0,953.4848,1.3253436,58.407448,864.048,-89.43683,0.9789955,-0.3463481,197.09929,138.69183
1.5-473-550,0.1831325301,0.3662650602,0.9993254186825348,0.0008985831642,1.5,473.0,550.0,1043.7909,0.014239987,51.368294,768.12225,-275.66864,0.5403691,0.5261291,341.3531,289.9848
1.5-473-550,0.2626506024,0.5253012048,0.8705746216627653,0.0007828117684,1.5,473.0,550.0,728.94604,1.6249446,110.19172,793.20624,64.26019,0.88864934,-0.7362952,279.25598,169.06427
1.5-473-550,0.4040816326,0.8081632652,0.8206166047262803,-0.0007378900321,1.5,473.0,550.0,720.8324,2.3907175,110.272194,866.20593,145.37354,1.2990822,-1.0916353,160.56168,50.289482
1.5-473-550,0.04285714285,0.0857142857,0.9973789934503665,-0.0008968329586,1.5,473.0,550.0,473.0,0.02534314,649.85333,667.16895,194.16895,0.2832605,0.25791734,473.78098,-176.07236
1.5-473-550,0.4204081632,0.8408163264,0.9726063657286781,0.0008745576659,1.5,473.0,550.0,710.98364,1.267023,116.16828,913.61847,202.63483,1.2006277,-0.06639528,121.42884,5.260559
1.5-473-550,0.2518072289,0.5036144578,0.8206166047262803,0.0007378900321,1.5,473.0,550.0,645.3153,1.5450373,402.28265,765.9826,120.6673,0.90501577,-0.6400215,305.38538,-96.89728
1.5-473-550,0.330120482,0.660240964,0.8475322498919685,-0.0007620923041,1.5,473.0,550.0,720.86835,1.9074489,113.277306,835.8331,114.96478,1.1069243,-0.8005246,212.73824,99.46093
1.5-473-550,0.1903614457,0.3807228914,0.9772248215579286,0.000878710534,1.5,473.0,550.0,989.8198,0.5189515,55.287453,767.1355,-222.68433,0.5772693,0.05831784,338.4435,283.15607
1.5-473-550,0.3626506025,0.725301205,0.998978267368595,-0.0008982710093,1.5,473.0,550.0,1127.9365,0.040244244,46.45527,900.0725,-227.86401,1.0481522,1.007908,152.34837,105.893105
1.5-473-550,0.2734939759,0.5469879518,0.6600967573005477,-0.0005935522321,1.5,473.0,550.0,593.0957,1.5523794,502.83865,725.8553,132.75958,1.1305244,-0.42185497,322.9198,-179.91885
1.5-473-550,0.191566265,0.38313253,0.9337895728803226,0.000839654004,1.5,473.0,550.0,727.20825,1.0806277,118.131615,753.46906,26.260803,0.6175302,-0.46309745,348.15967,230.02805
1.5-473-550,0.104819277,0.209638554,0.960723235489121,-0.0008638724771,1.5,473.0,550.0,502.43295,0.5315079,620.54785,693.6402,191.20724,0.3973849,-0.134123,433.20923,-187.33862
1.5-473-550,0.008163265274,0.016326530548,0.4163512326852384,0.000374378757,1.5,473.0,550.0,473.0,1.0839791,649.85333,520.0631,47.06311,0.65563226,-0.42834687,584.1866,-65.66675
1.5-473-550,0.2734939759,0.5469879518,0.960723235489121,-0.0008638724771,1.5,473.0,550.0,1016.58154,1.0462065,53.275215,833.0372,-183.54437,0.83443314,-0.21177334,244.09387,190.81866
1.5-473-550,0.2289156626,0.4578313252,0.9726063657286781,0.0008745576659,1.5,473.0,550.0,1166.1067,0.65260714,44.594246,799.64105,-366.46564,0.6899424,0.037335277,293.3513,248.75705
1.5-473-550,0.2795180723,0.5590361446,0.9442484491033019,-0.0008490585182,1.5,473.0,550.0,944.09064,1.3182782,59.279243,832.2948,-111.79584,0.86816186,-0.45011634,241.3463,182.06705
1.5-473-550,0.1156626505,0.231325301,0.9915009044774012,-0.0008915474413,1.5,473.0,550.0,632.3304,0.32311007,436.54816,710.6754,78.34503,0.39568844,0.07257837,415.91135,-20.63681
1.5-473-550,0.1096385542,0.2192771084,0.9531521909241071,-0.0008570646715,1.5,473.0,550.0,508.50165,0.6137572,614.3614,694.63464,186.133,0.41162044,-0.20213675,430.59427,-183.76712
1.5-473-550,0.1602409638,0.3204819276,0.9993254186825348,0.0008985831642,1.5,473.0,550.0,891.0364,0.017056068,64.93177,748.39655,-142.63983,0.48402363,0.46696755,367.57672,302.64496
1.5-473-550,0.4142857143,0.8285714286,0.6021818746711394,-0.0005414757638,1.5,473.0,550.0,654.0792,2.294929,375.4722,804.68353,150.60431,1.4863437,-0.8085853,204.0747,-171.39749
1.5-473-550,0.1686746988,0.3373493976,0.8902853188558087,-0.0008005354251,1.5,473.0,550.0,557.9931,0.98720783,556.8754,719.11066,161.11755,0.59420365,-0.39300418,385.737,-171.13843
1.5-473-550,0.3746987952,0.7493975904,0.9895407848051817,0.0008897849218,1.5,473.0,550.0,1069.9619,0.47496644,49.69596,902.6334,-167.32849,1.0861653,0.6111989,145.57732,95.881355
1.5-473-550,0.4918367347,0.9836734694,0.9993254186825348,-0.0008985831642,1.5,473.0,550.0,657.54706,0.03252437,361.47253,933.18823,275.64117,1.3003141,1.2677897,88.94039,-272.53214
1.5-473-550,0.286746988,0.573493976,0.5396442233296441,-0.0004852425493,1.5,473.0,550.0,571.79767,1.5605612,535.6679,695.0682,123.27051,1.2762796,-0.2842816,339.13843,-196.52948
1.5-473-550,0.3566265061,0.7132530122,0.9980223152919674,0.000897411427,1.5,473.0,550.0,1129.0747,0.078807734,46.394447,897.0614,-232.0133,1.0338233,0.95501554,157.02885,110.63441
1.5-473-550,0.4285714286,0.8571428572,0.9071317792997667,0.0008156835895,1.5,473.0,550.0,683.16223,1.6045511,159.8702,899.01495,215.85272,1.27119,-0.33336103,129.06503,-30.80516
1.5-473-550,0.3710843374,0.7421686748,0.9844268823757469,-0.0008851865532,1.5,473.0,550.0,1046.8668,0.68408775,51.164803,899.7438,-147.12305,1.082112,0.3980242,149.04561,97.880806
1.5-473-550,0.2915662651,0.5831325302,0.7525573838264147,0.0006766918789,1.5,473.0,550.0,636.3396,1.682178,426.95505,774.1977,137.8581,1.0930215,-0.5891565,277.4251,-149.52994
1.5-473-550,0.2554216867,0.5108433734,0.9531521909241071,0.0008570646715,1.5,473.0,550.0,1000.4989,1.131979,54.46232,815.8237,-184.67517,0.78696555,-0.34501344,266.67426,212.21194
1.5-473-550,0.395180723,0.790361446,0.9811301448069191,0.0008822221606,1.5,473.0,550.0,1001.97656,0.9760992,54.330757,908.056,-93.92053,1.1406885,0.16458935,133.94466,79.6139
1.5-473-550,0.2361445783,0.4722891566,0.6021818746711394,-0.0005414757638,1.5,473.0,550.0,539.72723,1.3745743,579.6305,674.68256,134.95532,1.0732973,-0.30127704,381.18875,-198.44174
1.5-473-550,0.2602409639,0.5204819278,0.16340484097302546,-0.0001469319566,1.5,473.0,550.0,522.4079,1.4205539,599.09247,577.61584,55.207947,1.4528198,0.0322659,441.60562,-157.48685
1.5-473-550,0.1506024096,0.3012048192,0.9215172744995802,0.0008286188792,1.5,473.0,550.0,549.4939,0.87990606,567.87573,714.98773,165.49384,0.52268827,-0.3572178,397.5928,-170.28293
1.5-473-550,0.2843373494,0.5686746988,0.9872047710533666,-0.0008876844022,1.5,473.0,550.0,1137.0399,0.3921807,45.997932,849.891,-287.14893,0.8421118,0.44993111,225.988,179.99008
1.5-473-550,0.3277108434,0.6554216868,0.7525573838264147,-0.0006766918789,1.5,473.0,550.0,649.32935,1.8472728,391.18195,801.38995,152.06061,1.1915253,-0.6557474,239.22424,-151.9577
1.5-473-550,0.1012048192,0.2024096384,0.8206166048374914,-0.0007378900322,1.5,473.0,550.0,473.17062,0.8688791,649.6924,648.8826,175.712,0.49774086,-0.37113822,467.9641,-181.72827
1.5-473-550,0.3120481928,0.6240963856,0.8705746216627653,0.0007828117684,1.5,473.0,550.0,757.76025,1.8107525,92.74955,831.46893,73.70868,1.0350904,-0.77566206,224.77994,132.0304
1.5-473-550,0.1180722891,0.2361445782,0.8705746216627653,0.0007828117684,1.5,473.0,550.0,494.321,0.8508827,628.75714,674.74225,180.42123,0.49156213,-0.35932058,442.1499,-186.60724
1.5-473-550,0.3493975904,0.6987951808,0.03282169734692774,-2.951293353e-05,1.5,473.0,550.0,575.49133,1.7591122,530.1855,613.2192,37.727844,1.662631,-0.096481204,383.11578,-147.0697
1.5-473-550,0.1831325301,0.3662650602,0.29146971579860803,-0.0002620865782,1.5,473.0,550.0,502.68176,1.1713952,620.2961,554.9101,52.228333,1.1756971,0.0043019056,494.07904,-126.21704
1.5-473-550,0.4632653061,0.9265306122,0.16340484119544796,0.0001469319568,1.5,473.0,550.0,652.0446,2.0179198,383.68582,716.59454,64.54993,1.746403,-0.2715168,267.88675,-115.79907
1.5-473-550,0.3012048193,0.6024096386,0.9811301448069191,0.0008822221606,1.5,473.0,550.0,1091.642,0.6068192,48.433876,860.06555,-231.57642,0.8974299,0.29061067,209.74751,161.31363
1.5-473-550,0.3686746989,0.7373493978,0.8902853187445975,0.000800535425,1.5,473.0,550.0,804.6324,2.0220547,79.00625,871.37823,66.74585,1.1626233,-0.8594314,170.0141,91.00785
1.5-473-550,0.0,0.0,0.8476293021558459,0.0007621795725,1.5,473.0,550.0,473.0,0.90842825,649.85333,612.0114,139.01141,0.3297476,-0.57868063,525.3996,-124.453735
1.5-473-550,0.2253012048,0.4506024096,0.9931416465066502,-0.0008930227797,1.5,473.0,550.0,1267.2335,0.16791625,40.39408,803.3238,-463.90973,0.6613951,0.49347883,292.56946,252.17538
1.5-473-550,0.01836734691,0.03673469382,0.9993254186825348,0.0008985831642,1.5,473.0,550.0,473.0,0.0055117817,649.85333,655.92303,182.92303,0.25641528,0.2509035,488.78998,-161.06335
1.5-473-550,0.3987951808,0.7975903616,0.6021818746711394,0.0005414757638,1.5,473.0,550.0,649.7796,2.255025,390.858,796.1085,146.32892,1.4634434,-0.7915815,215.4915,-175.3665
1.5-473-550,0.1843373494,0.3686746988,0.4163512326852384,0.000374378757,1.5,473.0,550.0,506.2528,1.1685904,616.6822,583.05566,76.80286,1.0820286,-0.0865618,474.44388,-142.23831
1.5-473-550,0.1168674698,0.2337349396,0.7098470004029654,-0.0006382871403,1.5,473.0,550.0,481.49576,0.97678727,641.73627,624.6164,143.12064,0.6270737,-0.34971356,478.8505,-162.88577
1.5-473-550,0.09183673473,0.18367346946,0.03282169735804886,2.951293354e-05,1.5,473.0,550.0,473.0,1.188328,649.85333,481.95023,8.950226,1.1084207,-0.0799073,578.6715,-71.18182
1.5-473-550,0.4897959184,0.9795918368,0.998978267368595,-0.0008982710093,1.5,473.0,550.0,657.6107,0.051536463,361.21555,932.87354,275.26282,1.2976081,1.2460717,89.601845,-271.6137
1.5-473-550,0.05306122449,0.10612244898,0.9337895728803226,0.000839654004,1.5,473.0,550.0,473.0,0.5766538,649.85333,655.3276,182.32758,0.3354263,-0.24122748,479.78525,-170.06808
1.5-473-550,0.3963855422,0.7927710844,0.6600967573005477,-0.0005935522321,1.5,473.0,550.0,654.9224,2.2591906,372.06805,812.97656,158.05414,1.4163492,-0.8428414,203.15211,-168.91594
1.5-473-550,0.002040816309,0.004081632618,0.9996041062482727,0.0008988337572,1.5,473.0,550.0,473.0,0.0058119507,649.85333,649.02637,176.02637,0.24156691,0.23575497,497.8817,-151.97162
1.5-473-550,0.4571428571,0.9142857142,0.03282169735804886,2.951293354e-05,1.5,473.0,550.0,647.93524,2.0505688,397.64288,684.943,37.00775,1.7755004,-0.2750684,298.23306,-99.40982
1.5-473-550,0.3662650603,0.7325301206,0.3542741439827602,-0.0003185596757,1.5,473.0,550.0,607.6193,1.9126056,481.34256,699.57544,91.956116,1.5681783,-0.34442735,303.7545,-177.58807
1.5-473-550,0.03061224488,0.06122448976,0.6600967573005477,-0.0005935522321,1.5,473.0,550.0,473.0,1.021058,649.85333,576.04626,103.046265,0.5021045,-0.51895344,542.4548,-107.39856
1.5-473-550,0.221686747,0.443373494,0.22784103833049427,-0.0002048723242,1.5,473.0,550.0,514.3177,1.325873,608.0888,565.2388,50.92108,1.3236097,-0.0022633076,468.0097,-140.0791
1.5-473-550,0.2204819277,0.4409638554,0.9985491866279087,-0.0008978851843,1.5,473.0,550.0,1293.3132,0.034095787,39.92301,800.87665,-492.43658,0.64288956,0.6087938,297.0136,257.0906
1.5-473-550,0.2361445783,0.4722891566,0.9531521909241071,0.0008570646715,1.5,473.0,550.0,1043.1248,1.0574512,51.449257,799.3632,-243.76154,0.72892946,-0.3285218,289.56595,238.1167
1.5-473-550,0.2674698795,0.534939759,0.998978267368595,-0.0008982710093,1.5,473.0,550.0,1208.9137,0.027622899,42.690163,840.667,-368.2467,0.7810055,0.7533826,241.8263,199.13614
1.5-473-550,0.3337349398,0.6674698796,0.9993254186825348,0.0008985831642,1.5,473.0,550.0,1155.72,0.022114238,45.077003,885.7384,-269.98157,0.9722659,0.9501517,175.35168,130.27469
1.5-473-550,0.3168674699,0.6337349398,0.5396442233296441,-0.0004852425493,1.5,473.0,550.0,597.118,1.6999462,497.29327,719.08984,121.97186,1.351843,-0.34810317,306.595,-190.69827
1.5-473-550,0.1385542168,0.2771084336,0.9895407848051817,0.0008897849218,1.5,473.0,550.0,705.04236,0.40940818,121.428185,727.4923,22.449951,0.44281182,0.033403635,393.46088,272.03268
1.5-473-550,0.2807228916,0.5614457832,0.9442484491033019,-0.0008490585182,1.5,473.0,550.0,943.27057,1.3223954,59.354927,833.2271,-110.04346,0.8717765,-0.45061892,240.01353,180.6586
1.5-473-550,0.3168674699,0.6337349398,0.9531521909241071,-0.0008570646715,1.5,473.0,550.0,955.65826,1.3124164,58.211952,861.7501,-93.90814,0.9688377,-0.34357876,200.53752,142.32556
1.5-473-550,0.4326530612,0.8653061224,0.9993254186825348,0.0008985831642,1.5,473.0,550.0,679.2393,0.038404725,178.74194,923.24347,244.00415,1.2017726,1.1633679,111.01762,-67.72433
1.5-473-550,0.2253012048,0.4506024096,0.9215172744995802,0.0008286188792,1.5,473.0,550.0,916.6413,1.3631943,62.2996,778.95026,-137.69104,0.7257411,-0.63745326,310.7731,248.47351
1.5-473-550,0.3819277109,0.7638554218,0.9973789933391554,0.0008968329585,1.5,473.0,550.0,1102.7538,0.12282666,47.80085,907.5627,-195.1911,1.0961918,0.9733651,139.31053,91.50968
1.5-473-550,0.4367346939,0.8734693878,0.9772248215579286,-0.000878710534,1.5,473.0,550.0,672.6368,0.98297894,233.35643,918.86755,246.23077,1.22776,0.24478102,112.77947,-120.57696
1.5-473-550,0.1469879518,0.2939759036,0.5396442233296441,0.0004852425493,1.5,473.0,550.0,492.61087,1.0639486,630.4878,592.81964,100.20877,0.8630013,-0.20094734,486.8499,-143.63788
1.5-473-550,0.3554216868,0.7108433736,0.9985491866279087,-0.0008978851843,1.5,473.0,550.0,1132.845,0.05652734,46.20475,896.6415,-236.20349,1.0302657,0.9737384,157.84718,111.64243
1.5-473-550,0.1457831325,0.291566265,0.47796385156444166,-0.0004297801918,1.5,473.0,550.0,490.19604,1.0729403,632.9316,576.17456,85.978516,0.9157935,-0.15714687,498.58676,-134.34482
1.5-473-550,0.1,0.2,0.9956540645175475,-0.0008952819202,1.5,473.0,550.0,530.6227,0.06348642,585.91724,700.85236,170.22968,0.36495265,0.30146623,429.45953,-156.4577
1.5-473-550,0.3228915663,0.6457831326,0.7098470004029654,-0.0006382871403,1.5,473.0,550.0,637.51514,1.8040661,424.39798,782.82526,145.31012,1.2192357,-0.5848304,255.34146,-169.05652
1.5-473-550,0.08571428574,0.17142857148,0.9965972946963587,-0.0008961300631,1.5,473.0,550.0,473.0,0.034359954,649.85333,691.6553,218.65527,0.34119514,0.30683517,441.6389,-208.21445
1.5-473-550,0.1120481927,0.2240963854,0.9726063657286781,-0.0008745576659,1.5,473.0,550.0,539.3855,0.5101207,580.1329,702.28174,162.89624,0.40219602,-0.10792467,423.79935,-156.33353
1.5-473-550,0.2481927711,0.4963855422,0.3542741437603377,0.0003185596755,1.5,473.0,550.0,524.3465,1.3947747,596.93677,610.79895,86.45245,1.3137764,-0.0809983,421.75818,-175.17859
1.5-473-550,0.2024096385,0.404819277,0.9531521909241071,-0.0008570646715,1.5,473.0,550.0,993.9851,0.9753103,55.00953,769.6303,-224.3548,0.6307767,-0.34453362,330.24493,275.2354
1.5-473-550,0.2578313253,0.5156626506,0.22784103821928303,0.0002048723241,1.5,473.0,550.0,523.04675,1.4162676,598.382,588.6823,65.63556,1.4152606,-0.0010070801,434.03397,-164.34805
1.5-473-550,0.1072289156,0.2144578312,0.9531521909241071,0.0008570646715,1.5,473.0,550.0,503.27072,0.5964007,619.7,692.98004,189.70932,0.40716323,-0.18923745,432.79056,-186.90945
1.5-473-550,0.0,0.0,0.7893346586322618,0.0007097616271,1.5,473.0,550.0,473.0,0.90842825,649.85333,598.26154,125.261536,0.36795256,-0.5404757,535.04333,-114.81
1.5-473-550,0.4183673469,0.8367346938,0.6600967573005477,0.0005935522321,1.5,473.0,550.0,659.6193,2.2939103,347.05518,824.2715,164.65216,1.450776,-0.8431343,187.6025,-159.45268
1.5-473-550,0.3361445784,0.6722891568,0.6021818746711394,0.0005414757638,1.5,473.0,550.0,621.3262,1.8214651,457.7382,754.91296,133.58679,1.3454853,-0.4759798,270.58005,-187.15814
1.5-473-550,0.221686747,0.443373494,0.8902853188558087,0.0008005354251,1.5,473.0,550.0,759.81354,1.4592186,96.030556,764.7831,4.9695435,0.7442776,-0.714941,323.31796,227.28741
1.5-473-550,0.2192771084,0.4385542168,0.999825745120423,-0.0008990330526,1.5,473.0,550.0,1297.3315,0.0024145453,39.92301,800.2366,-497.09497,0.63836354,0.635949,298.14362,258.2206
1.5-473-550,0.3879518073,0.7759036146,0.9895407848051817,0.0008897849218,1.5,473.0,550.0,1055.3665,0.5260875,50.623665,907.7219,-147.64453,1.117063,0.5909755,136.87547,86.25181
1.5-473-550,0.2048192771,0.4096385542,0.9872047710533666,0.0008876844022,1.5,473.0,550.0,1189.5892,0.31404832,43.521523,783.256,-406.33325,0.6083393,0.294291,318.67383,275.1523
1.5-473-550,0.1518072289,0.3036144578,0.16340484119544796,0.0001469319568,1.5,473.0,550.0,488.18933,1.108744,634.9624,518.0035,29.814148,1.1767203,0.06797624,532.83295,-102.129456
1.5-473-550,0.09387755105,0.1877551021,0.998978267368595,-0.0008982710093,1.5,473.0,550.0,473.0,0.009678742,649.85333,697.69543,224.69543,0.35258898,0.34291023,434.11377,-215.73956
1.5-473-550,0.06326530613,0.12653061226,0.7098470004029654,0.0006382871403,1.5,473.0,550.0,473.0,0.98859173,649.85333,599.29803,126.298035,0.5168042,-0.4717875,516.7855,-133.06781
1.5-473-550,0.1939759036,0.3879518072,0.960723235489121,0.0008638724771,1.5,473.0,550.0,943.30286,0.80800706,59.40821,764.7613,-178.54156,0.60089916,-0.2071079,338.37207,278.96387
1.5-473-550,0.2120481927,0.4240963854,0.8206166047262803,-0.0007378900321,1.5,473.0,550.0,589.92615,1.3122079,508.22186,731.4666,141.54047,0.7824925,-0.5297154,353.36227,-154.85959
1.5-473-550,0.3060240964,0.6120481928,0.9980223152919674,-0.000897411427,1.5,473.0,550.0,1170.1324,0.06362482,44.402596,868.49396,-301.6385,0.89565057,0.83202577,201.24352,156.84091
1.5-473-550,0.08367346941,0.16734693882,0.9945113832197316,0.0008942544329,1.5,473.0,550.0,473.0,0.056081794,649.85333,689.75055,216.75055,0.3394061,0.2833243,443.80722,-206.04611
1.5-473-550,0.01632653059,0.03265306118,0.9993254186825348,0.0008985831642,1.5,473.0,550.0,473.0,0.005493006,649.85333,655.0158,182.01581,0.25447747,0.24898447,489.98004,-159.87329
1.5-473-550,0.04285714285,0.0857142857,0.9071317792997667,-0.0008156835895,1.5,473.0,550.0,473.0,0.6723205,649.85333,643.28687,170.28687,0.33976254,-0.33255795,491.7199,-158.13342
1.5-473-550,0.1204819277,0.2409638554,0.6600967573005477,0.0005935522321,1.5,473.0,550.0,482.0089,1.0031568,641.2169,612.0242,130.01526,0.6809198,-0.32223696,486.05573,-155.1612
1.5-473-550,0.3060240964,0.6120481928,0.03282169734692774,-2.951293353e-05,1.5,473.0,550.0,536.0141,1.549356,583.9623,584.42395,48.40985,1.5932829,0.043926954,419.92734,-164.03494
1.5-473-550,0.2855421687,0.5710843374,0.03282169735804886,2.951293354e-05,1.5,473.0,550.0,527.48126,1.4844531,593.45087,571.3537,43.872437,1.5556648,0.071211696,437.4075,-156.04337
1.5-473-550,0.1927710843,0.3855421686,0.8206166047262803,-0.0007378900321,1.5,473.0,550.0,558.89197,1.1586946,555.728,715.00934,156.11737,0.72510403,-0.4335906,376.1493,-179.57874
1.5-473-550,0.2012048193,0.4024096386,0.8705746216627653,-0.0007828117684,1.5,473.0,550.0,613.67944,1.230513,470.02316,739.8522,126.17273,0.7022413,-0.5282717,353.17313,-116.85004
1.5-473-550,0.1409638554,0.2819277108,0.6600967573005477,0.0005935522321,1.5,473.0,550.0,494.23785,1.0259678,628.8413,623.82446,129.58661,0.7334129,-0.29255491,468.4627,-160.3786
1.5-473-550,0.3096385542,0.6192771084,0.16340484119544796,0.0001469319568,1.5,473.0,550.0,542.5155,1.5702838,576.5008,611.2626,68.74707,1.5563145,-0.013969302,395.90298,-180.59781
1.5-473-550,0.3481927711,0.6963855422,0.9973789933391554,-0.0008968329585,1.5,473.0,550.0,1134.4042,0.10103049,46.127876,892.80334,-241.60083,1.0126455,0.911615,163.72707,117.59919
1.5-473-550,0.2289156626,0.4578313252,0.9337895728803226,0.000839654004,1.5,473.0,550.0,970.2887,1.2671028,57.00544,786.39404,-183.89465,0.7251504,-0.54195243,303.2246,246.21918
1.5-473-550,0.2530120482,0.5060240964,0.998978267368595,0.0008982710093,1.5,473.0,550.0,1222.4015,0.026661476,42.123817,828.9457,-393.4558,0.7378445,0.7111831,258.34457,216.22076
1.5-473-550,0.191566265,0.38313253,0.9337895728803226,-0.000839654004,1.5,473.0,550.0,727.2085,1.0806278,118.131325,753.46906,26.26056,0.6175302,-0.46309757,348.15967,230.02835
1.5-473-550,0.3783132531,0.7566265062,0.9993254186825348,-0.0008985831642,1.5,473.0,550.0,1115.8068,0.027900776,47.1034,906.692,-209.11475,1.0859523,1.0580515,141.33559,94.232185
1.5-473-550,0.3120481928,0.6240963856,0.7525573838264147,0.0006766918789,1.5,473.0,550.0,644.44196,1.7751764,406.8951,790.0411,145.59912,1.1503166,-0.6248598,255.20447,-151.69064
1.5-473-550,0.2180722892,0.4361445784,0.9337895728803226,0.000839654004,1.5,473.0,550.0,971.9132,1.2627981,56.900703,776.83386,-195.07935,0.6930492,-0.5697489,316.35077,259.45007
1.5-473-550,0.1879518072,0.3759036144,0.9215172744995802,-0.0008286188792,1.5,473.0,550.0,644.15625,1.071954,402.7264,746.1111,101.954834,0.61836535,-0.45358866,355.59097,-47.135437
1.5-473-550,0.2530120482,0.5060240964,0.16340484097302546,-0.0001469319566,1.5,473.0,550.0,520.734,1.4032698,600.95386,572.9385,52.204468,1.4360747,0.032804966,448.23233,-152.72153
1.5-473-550,0.2662650602,0.5325301204,0.4163512326852384,0.000374378757,1.5,473.0,550.0,535.3194,1.4510444,584.73486,640.8374,105.518005,1.3183156,-0.13272882,390.3366,-194.39825
1.5-473-550,0.4061224489,0.8122448978,0.6021818746711394,-0.0005414757638,1.5,473.0,550.0,652.3722,2.288231,382.0294,800.24524,147.87305,1.4745585,-0.8136724,209.98405,-172.04533
1.5-473-550,0.156626506,0.313253012,0.998978267368595,-0.0008982710093,1.5,473.0,550.0,869.1185,0.028301438,67.815926,745.2479,-123.870605,0.47587815,0.4475767,371.67993,303.864
1.5-473-550,0.2,0.4,0.7525573838264147,-0.0006766918789,1.5,473.0,550.0,544.53076,1.2176292,574.0513,697.0601,152.52936,0.8131056,-0.4045236,385.3052,-188.74606
1.5-473-550,0.1277108433,0.2554216866,0.09831793589120096,8.840647929e-05,1.5,473.0,550.0,477.71848,1.1049017,645.4022,500.0928,22.374329,1.1554645,0.05056286,554.1614,-91.240845
1.5-473-550,0.4,0.8,0.9985499196211469,-0.0008978858434,1.5,473.0,550.0,1028.63,0.079201184,53.231148,914.1545,-114.475525,1.1359235,1.0567223,128.0152,74.78405
1.5-473-550,0.2096385542,0.4192771084,0.9993254186825348,0.0008985831642,1.5,473.0,550.0,1287.0204,0.014790436,39.92301,791.5524,-495.46796,0.6115897,0.5967993,309.84406,269.92105
1.5-473-550,0.4387755102,0.8775510204,0.9337895728803226,-0.000839654004,1.5,473.0,550.0,669.54315,1.3398902,261.0509,908.62164,239.07849,1.2672487,-0.07264149,119.277336,-141.77356
1.5-473-550,0.3807228916,0.7614457832,0.960723235489121,-0.0008638724771,1.5,473.0,550.0,936.4351,1.4845736,60.001686,897.1812,-39.253906,1.1263353,-0.35823834,146.95781,86.95612
1.5-473-550,0.4612244898,0.9224489796,0.29146971579860803,-0.0002620865782,1.5,473.0,550.0,653.1057,1.9772413,379.4023,745.4589,92.35321,1.7011324,-0.27610886,242.34572,-137.0566
1.5-473-550,0.2843373494,0.5686746988,0.9811301448069191,0.0008822221606,1.5,473.0,550.0,1107.3414,0.5703977,47.555702,847.96545,-259.37598,0.8477586,0.27736092,227.3788,179.82309
1.5-473-550,0.2289156626,0.4578313252,0.9965972946963587,-0.0008961300631,1.5,473.0,550.0,1272.927,0.08334186,40.184,807.62415,-465.30286,0.66888756,0.5855457,287.38345,247.19946
1.5-473-550,0.3132530121,0.6265060242,0.47796385156444166,0.0004297801918,1.5,473.0,550.0,582.18396,1.6581968,519.4227,696.2527,114.068726,1.3902775,-0.2679193,325.92184,-193.50089
1.5-473-550,0.1084337349,0.2168674698,0.998978267368595,-0.0008982710093,1.5,473.0,550.0,666.5116,0.04871174,289.70316,707.7416,41.22998,0.37737194,0.3286602,420.97662,131.27347
1.5-473-550,0.1084337349,0.2168674698,0.9996041060258503,0.000898833757,1.5,473.0,550.0,671.68555,0.017981907,241.87279,707.9307,36.24518,0.37694874,0.35896683,420.82986,178.95708
1.5-473-550,0.02857142855,0.0571428571,0.9945113832197316,0.0008942544329,1.5,473.0,550.0,473.0,0.05196031,649.85333,659.39685,186.39685,0.26932648,0.21736616,483.56223,-166.2911
1.5-473-550,0.01836734691,0.03673469382,0.4163512326852384,0.000374378757,1.5,473.0,550.0,473.0,1.1530567,649.85333,521.5501,48.55011,0.67344487,-0.47961187,580.6774,-69.1759
1.5-473-550,0.02244897957,0.04489795914,0.3542741439827602,-0.0003185596757,1.5,473.0,550.0,473.0,1.1796029,649.85333,511.08923,38.089233,0.7292071,-0.45039576,585.87836,-63.974976
1.5-473-550,0.2385542169,0.4771084338,0.7525573838264147,0.0006766918789,1.5,473.0,550.0,592.57996,1.4319092,503.49786,729.7354,137.15546,0.9323247,-0.4995845,339.56924,-163.92862
1.5-473-550,0.4632653061,0.9265306122,0.9895407848051817,0.0008897849218,1.5,473.0,550.0,660.13214,0.5476076,350.17007,927.00916,266.877,1.2638168,0.71620923,99.90421,-250.26587
1.5-473-550,0.1590361445,0.318072289,0.960723235489121,0.0008638724771,1.5,473.0,550.0,628.31067,0.80826306,443.91455,734.76715,106.45648,0.51112634,-0.29713672,378.60474,-65.309814
1.5-473-550,0.1602409638,0.3204819276,0.9811301446957078,-0.0008822221605,1.5,473.0,550.0,758.8963,0.5120051,91.07011,742.4718,-16.4245,0.4979678,-0.014037281,372.13754,281.06744
1.5-473-550,0.3060240964,0.6120481928,0.9442484491033019,-0.0008490585182,1.5,473.0,550.0,930.9966,1.3997234,60.58265,851.7136,-79.28296,0.9463787,-0.4533447,213.23491,152.65225
1.5-473-550,0.3385542169,0.6771084338,0.9772248215579286,0.000878710534,1.5,473.0,550.0,1041.1466,0.832096,51.537514,881.9635,-159.1831,1.0058163,0.17372036,175.72478,124.18726
1.5-473-550,0.1843373494,0.3686746988,0.9993254186825348,-0.0008985831642,1.5,473.0,550.0,1052.9077,0.014425,50.78022,769.17883,-283.72888,0.54347605,0.52905107,339.94125,289.16104
1.5-473-550,0.4469387755,0.893877551,0.29146971579860803,-0.0002620865782,1.5,473.0,550.0,647.7055,2.024413,398.27747,736.96747,89.26196,1.6900891,-0.334324,252.36963,-145.90784
1.5-473-550,0.4081632653,0.8163265306,0.16340484097302546,-0.0001469319566,1.5,473.0,550.0,628.7875,2.1862273,444.00134,680.82825,52.04077,1.6996384,-0.48658895,309.62317,-134.37817
1.5-473-550,0.3192771085,0.638554217,0.9872047710533666,-0.0008876844022,1.5,473.0,550.0,1109.2653,0.44311318,47.45295,873.7099,-235.55536,0.9435117,0.5003985,190.8404,143.38745
1.5-473-550,0.4306122449,0.8612244898,0.4163512326852384,0.000374378757,1.5,473.0,550.0,646.7135,2.1584406,401.01736,759.9314,113.217896,1.6184,-0.5400406,236.12616,-164.8912
1.5-473-550,0.330120482,0.660240964,0.9442484491033019,0.0008490585182,1.5,473.0,550.0,920.4924,1.4801567,61.65882,867.18896,-53.303406,1.0140815,-0.46607518,190.16191,128.50308
1.5-473-550,0.09183673473,0.18367346946,0.9811301446957078,0.0008822221605,1.5,473.0,550.0,473.0,0.19473208,649.85333,691.0958,218.09583,0.36108902,0.16635694,439.93335,-209.91998
1.5-473-550,0.0102040816,0.0204081632,0.9999999997775775,-0.0008991897406,1.5,473.0,550.0,473.0,2.077271e-08,649.85333,652.52246,179.52246,0.24846704,0.24846703,493.34372,-156.50961
1.5-473-550,0.1903614458,0.3807228916,0.6600967573005477,-0.0005935522321,1.5,473.0,550.0,523.6725,1.1723129,597.6862,657.82056,134.14807,0.8752931,-0.29701978,418.94427,-178.74194
1.5-473-550,0.06734693879,0.13469387758,0.6600967573005477,0.0005935522321,1.5,473.0,550.0,473.0,1.0250355,649.85333,587.8727,114.87268,0.5652816,-0.45975387,523.23126,-126.62207
1.5-473-550,0.1409638554,0.2819277108,0.09831793590232207,-8.84064793e-05,1.5,473.0,550.0,483.21613,1.1022465,639.99524,504.9839,21.767761,1.1889216,0.08667505,545.50696,-94.48828
1.5-473-550,0.3795180723,0.7590361446,0.9985491866279087,-0.0008978851843,1.5,473.0,550.0,1110.9155,0.0649273,47.364754,906.9528,-203.9627,1.0894935,1.0245662,140.6781,93.31335
1.5-473-550,0.4714285714,0.9428571428,0.9215172744995802,0.0008286188792,1.5,473.0,550.0,658.6871,1.3387709,356.87027,912.6842,253.99713,1.32954,-0.009230852,107.78225,-249.08801
1.5-473-550,0.0897959184,0.1795918368,0.9973789934503665,-0.0008968329586,1.5,473.0,550.0,473.0,0.026227495,649.85333,694.5275,221.52753,0.347079,0.3208515,438.00488,-211.84845
1.5-473-550,0.3891566266,0.7783132532,0.8475322498919685,0.0007620923041,1.5,473.0,550.0,748.0531,2.2871735,95.84243,867.8859,119.832825,1.2463095,-1.040864,164.59259,68.75016
1.5-473-550,0.2891566265,0.578313253,0.4163512323516047,-0.0003743787567,1.5,473.0,550.0,551.0585,1.5332124,565.8557,658.61835,107.559875,1.3768721,-0.15634036,365.92102,-199.9347
1.5-473-550,0.1072289156,0.2144578312,0.6600967573005477,0.0005935522321,1.5,473.0,550.0,474.31882,1.0021182,648.60925,605.14325,130.82443,0.6492728,-0.35284543,496.4564,-152.15286
1.5-473-550,0.1638554216,0.3277108432,0.5396442233296441,0.0004852425493,1.5,473.0,550.0,501.28802,1.0960488,621.70654,602.759,101.47095,0.91154516,-0.18450367,471.63394,-150.0726
1.5-473-550,0.2265060241,0.4530120482,0.9931416465066502,-0.0008930227797,1.5,473.0,550.0,1264.8257,0.16812094,40.482918,804.37897,-460.44672,0.6648847,0.49676377,291.12408,250.64117
1.5-473-550,0.08163265309,0.16326530618,0.9215172744995802,0.0008286188792,1.5,473.0,550.0,473.0,0.6375438,649.85333,667.36224,194.36224,0.38558957,-0.25195423,461.5495,-188.30383
1.5-473-550,0.3060240964,0.6120481928,0.6021818746711394,0.0005414757638,1.5,473.0,550.0,602.95074,1.6761073,488.41043,731.8416,128.89087,1.273275,-0.40283227,301.8346,-186.57584
1.5-473-550,0.07959183676,0.15918367352,0.29146971579860803,-0.0002620865782,1.5,473.0,550.0,473.0,1.1625905,649.85333,512.34894,39.348938,0.89986545,-0.26272506,566.87177,-82.98157
1.5-473-550,0.4938775511,0.9877551022,0.5396442233296441,-0.0004852425493,1.5,473.0,550.0,657.1345,1.8352064,363.13806,823.59717,166.46265,1.608418,-0.2267884,170.37555,-192.76251
1.5-473-550,0.3168674699,0.6337349398,0.9980223152919674,0.000897411427,1.5,473.0,550.0,1163.0533,0.06614598,44.726357,875.44714,-287.6062,0.9266399,0.86049396,190.81488,146.08853
1.5-473-550,0.1301204819,0.2602409638,0.9726063657286781,-0.0008745576659,1.5,473.0,550.0,580.2662,0.6325742,521.6241,715.5737,135.30756,0.43759617,-0.19497803,406.24564,-115.37845
1.5-473-550,0.03673469387,0.07346938774,0.999825745120423,0.0008990330526,1.5,473.0,550.0,473.0,0.0009444564,649.85333,664.7171,191.7171,0.2749568,0.27401233,477.33884,-172.5145
1.5-473-550,0.2722891566,0.5445783132,0.9811301446957078,-0.0008822221605,1.5,473.0,550.0,1120.4198,0.5446032,46.85691,838.74365,-281.67615,0.81177366,0.26717043,240.59663,193.73972
1.5-473-550,0.1518072289,0.3036144578,0.9872047710533666,-0.0008876844022,1.5,473.0,550.0,755.7301,0.39823243,92.17588,737.4444,-18.285706,0.4737096,0.07547718,379.9039,287.72803
1.5-473-550,0.3530120482,0.7060240964,0.7098470004029654,-0.0006382871403,1.5,473.0,550.0,648.05927,1.9594806,396.00516,803.5972,155.53796,1.2909774,-0.6685033,226.39043,-169.61473
1.5-473-550,0.2843373494,0.5686746988,0.47796385156444166,0.0004297801918,1.5,473.0,550.0,556.8718,1.5295067,558.37067,673.32117,116.44934,1.3195723,-0.20993435,356.86295,-201.50772
1.5-473-550,0.2168674698,0.4337349396,0.9872047710533666,-0.0008876844022,1.5,473.0,550.0,1242.5662,0.31019613,41.324623,793.9274,-448.63873,0.64226466,0.33206853,304.18985,262.86523
1.5-473-550,0.1301204819,0.2602409638,0.9965972946963587,-0.0008961300631,1.5,473.0,550.0,729.0784,0.15817721,103.87217,723.1208,-5.9576416,0.42023206,0.26205486,400.42194,296.54977
1.5-473-550,0.02040816324,0.04081632648,0.7892004020960466,-0.000709640905,1.5,473.0,550.0,473.0,0.90154237,649.85333,604.36536,131.36536,0.39207843,-0.5094639,525.8047,-124.048645
1.5-473-550,0.2686746988,0.5373493976,0.9872047710533666,0.0008876844022,1.5,473.0,550.0,1154.3348,0.36950478,45.1453,837.8532,-316.48163,0.79534566,0.42584088,243.2205,198.0752
1.5-473-550,0.386746988,0.773493976,0.2914697156873968,0.0002620865781,1.5,473.0,550.0,619.0189,2.0522146,462.30386,697.28503,78.26611,1.6271445,-0.42507017,299.9682,-162.33566
1.5-473-550,0.1373493975,0.274698795,0.993141646395439,0.0008930227796,1.5,473.0,550.0,730.8354,0.2778233,102.927925,727.68195,-3.1534424,0.43763626,0.15981296,393.83344,290.90552
1.5-473-550,0.2903614458,0.5807228916,0.9215172744995802,-0.0008286188792,1.5,473.0,550.0,870.0541,1.556813,67.80772,832.97687,-37.07721,0.9224307,-0.6343823,234.99654,167.18881
1.5-473-550,0.2156626506,0.4313253012,0.9993254186825348,-0.0008985831642,1.5,473.0,550.0,1289.498,0.015172681,39.92301,796.8827,-492.61536,0.6285198,0.6133471,302.60938,262.68637
1.5-473-550,0.1602409638,0.3204819276,0.9337895728803226,-0.000839654004,1.5,473.0,550.0,578.8394,0.8930176,524.736,726.8351,147.99567,0.5358491,-0.3571685,384.06375,-140.67227
1.5-473-550,0.2096385542,0.4192771084,0.9973789933391554,0.0008968329585,1.5,473.0,550.0,1279.4996,0.06294992,39.9961,790.9089,-488.59076,0.61321765,0.55026776,310.33115,270.33505
1.5-473-550,0.3012048193,0.6024096386,0.8206166047262803,-0.0007378900321,1.5,473.0,550.0,669.52637,1.7696992,257.891,806.1969,136.67053,1.0534531,-0.7162461,248.79802,-9.092972
1.5-473-550,0.1807228915,0.361445783,0.9071317792997667,0.0008156835895,1.5,473.0,550.0,596.4119,1.0296912,498.0916,734.957,138.54504,0.6113762,-0.418315,367.72665,-130.36496
1.5-473-550,0.1590361445,0.318072289,0.22784103833049427,-0.0002048723242,1.5,473.0,550.0,491.83908,1.1161317,631.26886,531.15204,39.312958,1.153346,0.03721428,521.29114,-109.97772
1.5-473-550,0.05714285715,0.1142857143,0.9215172744995802,-0.0008286188792,1.5,473.0,550.0,473.0,0.6353252,649.85333,654.038,181.03802,0.34905133,-0.28627387,479.5102,-170.34314
1.5-473-550,0.08571428574,0.17142857148,0.9442484491033019,-0.0008490585182,1.5,473.0,550.0,473.0,0.52282465,649.85333,676.41425,203.41425,0.37627527,-0.14654937,453.30212,-196.55121
1.5-473-550,0.3915662651,0.7831325302,0.16340484097302546,-0.0001469319566,1.5,473.0,550.0,617.44055,2.0768223,465.03802,669.38043,51.93988,1.6812539,-0.39556837,323.26132,-141.7767
1.5-473-550,0.3819277109,0.7638554218,0.09831793590232207,-8.84064793e-05,1.5,473.0,550.0,608.27466,1.9897367,480.3288,648.4444,40.16974,1.6889874,-0.3007493,344.12836,-136.20044
1.5-473-550,0.2445783133,0.4891566266,0.9993254186825348,-0.0008985831642,1.5,473.0,550.0,1241.4241,0.016277095,41.36991,821.9912,-419.43286,0.71248573,0.69620866,268.11572,226.74582
1.5-473-550,0.03061224488,0.06122448976,0.03282169735804886,2.951293354e-05,1.5,473.0,550.0,473.0,1.2431239,649.85333,469.52228,-3.4777222,0.97432494,-0.26879895,606.0637,-43.78961
1.5-473-550,0.3795180723,0.7590361446,0.9811301448069191,0.0008822221606,1.5,473.0,550.0,1021.7417,0.85905415,52.882515,902.2876,-119.4541,1.1051428,0.24608868,143.88968,91.007164
1.5-473-550,0.2939759036,0.5879518072,0.9993254186825348,0.0008985831642,1.5,473.0,550.0,1184.9037,0.019220075,43.72706,860.65314,-324.25055,0.85936505,0.840145,213.11661,169.38956
1.5-473-550,0.05510204082,0.11020408164,0.9726063657286781,-0.0008745576659,1.5,473.0,550.0,473.0,0.2863945,649.85333,666.93823,193.93823,0.31321946,0.026824951,470.41833,-179.435
1.5-473-550,0.3855421687,0.7710843374,0.9872047710533666,-0.0008876844022,1.5,473.0,550.0,1046.1168,0.6272565,51.212563,906.2212,-139.89563,1.1136448,0.48638833,138.82895,87.61639
1.5-473-550,0.4938775511,0.9877551022,0.8475322498919685,-0.0007620923041,1.5,473.0,550.0,657.391,1.53989,362.10257,899.4122,242.02118,1.4140643,-0.12582576,112.19686,-249.9057
1.5-473-550,0.05714285715,0.1142857143,0.03282169734692774,-2.951293353e-05,1.5,473.0,550.0,473.0,1.2071499,649.85333,474.01376,1.0137634,1.0301963,-0.17695355,595.35004,-54.503296
1.5-473-550,0.2397590361,0.4795180722,0.960723235489121,-0.0008638724771,1.5,473.0,550.0,1069.7792,0.9429614,49.739388,805.06305,-264.71613,0.732813,-0.2101484,283.32867,233.5893
1.5-473-550,0.2903614458,0.5807228916,0.9945113832197316,0.0008942544329,1.5,473.0,550.0,1166.2765,0.17250593,44.578957,856.5898,-309.6867,0.8531771,0.68067116,217.94502,173.36606
1.5-473-550,0.3578313254,0.7156626508,0.9996041060258503,0.000898833757,1.5,473.0,550.0,1135.3184,0.013220092,46.0828,898.05853,-237.25983,1.0354415,1.0222214,155.81429,109.73148
1.5-473-550,0.2180722892,0.4361445784,0.9965972946963587,-0.0008961300631,1.5,473.0,550.0,1282.9583,0.08255609,39.92301,798.1089,-484.84937,0.6376735,0.5551174,300.39337,260.47037
1.5-473-550,0.2373493976,0.4746987952,0.9337895728803226,-0.000839654004,1.5,473.0,550.0,946.789,1.3041269,59.119698,793.76843,-153.02057,0.75044477,-0.5536821,293.04694,233.92725
1.5-473-550,0.09183673473,0.18367346946,0.9973789933391554,0.0008968329585,1.5,473.0,550.0,473.0,0.026230713,649.85333,695.8696,222.86963,0.35033706,0.32410634,436.25006,-213.60327
1.5-473-550,0.0612244898,0.1224489796,0.9215172744995802,0.0008286188792,1.5,473.0,550.0,473.0,0.6372386,649.85333,656.13104,183.13104,0.35473856,-0.28250006,476.6835,-173.16983
1.5-473-550,0.1060240963,0.2120481926,0.7098470004029654,0.0006382871403,1.5,473.0,550.0,474.30548,0.97111213,648.6218,618.7413,144.43579,0.6022684,-0.36884373,487.5182,-161.10364
1.5-473-550,0.1120481927,0.2240963854,0.6600967573005477,-0.0005935522321,1.5,473.0,550.0,476.94147,1.0005107,646.1352,607.5772,130.63574,0.6605652,-0.3399455,492.76358,-153.37161
1.5-473-550,0.05306122449,0.10612244898,0.999825745120423,-0.0008990330526,1.5,473.0,550.0,473.0,0.0009874313,649.85333,673.2143,200.2143,0.29394755,0.2929601,466.22607,-183.62726
1.5-473-550,0.3879518073,0.7759036146,0.5396442233296441,0.0004852425493,1.5,473.0,550.0,638.70496,2.1281354,421.891,769.9502,131.24524,1.4903867,-0.6377487,239.61107,-182.27992
1.5-473-550,0.0244897959,0.0489795918,0.9215172744995802,0.0008286188792,1.5,473.0,550.0,473.0,0.6000442,649.85333,639.01984,166.01984,0.30883977,-0.29120442,499.87653,-149.9768
1.5-473-550,0.2421686747,0.4843373494,0.5396442233296441,0.0004852425493,1.5,473.0,550.0,534.9033,1.3881301,585.1975,659.0541,124.15076,1.1493657,-0.2387644,389.2842,-195.9133
1.5-473-550,0.4081632653,0.8163265306,0.9071317792997667,0.0008156835895,1.5,473.0,550.0,764.3274,2.0669599,89.381294,892.5588,128.23138,1.2326658,-0.8342941,140.19086,50.809563
1.5-473-550,0.02653061223,0.05306122446,0.09831793589120096,8.840647929e-05,1.5,473.0,550.0,473.0,1.2219809,649.85333,475.70755,2.70755,0.9234179,-0.298563,604.301,-45.552307
1.5-473-550,0.278313253,0.556626506,0.9215172744995802,0.0008286188792,1.5,473.0,550.0,872.53723,1.5156798,67.46885,823.7118,-48.82544,0.88639706,-0.6292828,248.25247,180.78363
1.5-473-550,0.1506024096,0.3012048192,0.9985491866279087,-0.0008978851843,1.5,473.0,550.0,834.0161,0.045211457,73.17402,740.1084,-93.907715,0.46249232,0.41728085,378.39294,305.21893
1.5-473-550,0.3963855422,0.7927710844,0.9993254186825348,-0.0008985831642,1.5,473.0,550.0,1094.7407,0.032663964,48.25376,913.17975,-181.56097,1.127314,1.09465,129.99112,81.73736
1.5-473-550,0.2012048193,0.4024096386,0.999825745120423,0.0008990330526,1.5,473.0,550.0,1230.2217,0.0023961274,41.81388,784.24084,-445.98083,0.587903,0.5855069,319.8224,278.0085
1.5-473-550,0.2361445783,0.4722891566,0.9999999998887887,0.0008991897407,1.5,473.0,550.0,1265.3335,2.077271e-08,40.478188,815.0069,-450.3266,0.68703854,0.68703854,277.92667,237.44849
1.5-473-550,0.2590361446,0.5180722892,0.6021818746711394,0.0005414757638,1.5,473.0,550.0,559.54425,1.4649206,554.93164,693.489,133.94476,1.1425999,-0.3223207,354.74197,-200.18967
1.5-473-550,0.1939759036,0.3879518072,0.47796385156444166,0.0004297801918,1.5,473.0,550.0,512.6675,1.2089603,609.9238,605.15265,92.48517,1.0580012,-0.15095913,454.10797,-155.81586
1.5-473-550,0.2662650602,0.5325301204,0.9811301448069191,0.0008822221606,1.5,473.0,550.0,1128.1222,0.53302974,46.44535,833.96936,-294.15283,0.7937,0.26067024,247.37627,200.93091
1.5-473-550,0.1975903614,0.3951807228,0.9671530515086588,-0.0008696541017,1.5,473.0,550.0,1018.22504,0.72767,53.15943,770.123,-248.10205,0.6053306,-0.12233943,332.42212,279.2627
1.5-473-550,0.3192771085,0.638554217,0.7892004020960466,-0.000709640905,1.5,473.0,550.0,657.70416,1.826947,353.06213,808.33386,150.6297,1.1344057,-0.69254124,238.11765,-114.94449
1.5-473-550,0.3626506025,0.725301205,0.9998257452316341,-0.0008990330527,1.5,473.0,550.0,1131.9303,0.0041406364,46.249855,900.3041,-231.62622,1.0473808,1.0432402,152.1887,105.93885
1.5-473-550,0.2,0.4,0.9442484491033019,0.0008490585182,1.5,473.0,550.0,923.8852,1.045812,61.45704,764.45886,-159.42633,0.6317998,-0.4140122,335.4237,273.96667
1.5-473-550,0.1072289156,0.2144578312,0.9671530515086588,-0.0008696541017,1.5,473.0,550.0,518.1963,0.5120147,603.7749,697.24396,179.04767,0.39719573,-0.11481896,429.53033,-174.24457
1.5-473-550,0.4408163265,0.881632653,0.8705746216627653,0.0007828117684,1.5,473.0,550.0,666.59894,1.5278982,288.87335,892.85596,226.25702,1.3220935,-0.2058047,129.86584,-159.0075
1.5-473-550,0.1590361445,0.318072289,0.9071317792997667,0.0008156835895,1.5,473.0,550.0,553.1266,0.93116134,563.1746,716.9485,163.8219,0.55513805,-0.3760233,392.10754,-171.06708
1.5-473-550,0.1373493975,0.274698795,0.9872047710533666,-0.0008876844022,1.5,473.0,550.0,678.93286,0.49541476,182.20163,725.79877,46.865906,0.4419674,-0.053447366,395.2885,213.08688
1.5-473-550,0.4244897959,0.8489795918,0.3542741437603377,0.0003185596755,1.5,473.0,550.0,643.14154,2.2125022,410.88306,739.3033,96.16174,1.6424811,-0.57002115,254.96094,-155.92212
1.5-473-550,0.2951807229,0.5903614458,0.3542741437603377,0.0003185596755,1.5,473.0,550.0,547.8189,1.5435891,570.03186,645.92926,98.11035,1.4316199,-0.11196923,373.20148,-196.83038
1.5-473-550,0.3349397591,0.6698795182,0.9945113832197316,0.0008942544329,1.5,473.0,550.0,1132.0359,0.20256312,46.244637,885.0157,-247.0202,0.97999626,0.77743316,175.28558,129.04095
1.5-473-550,0.3096385542,0.6192771084,0.6600967573005477,-0.0005935522321,1.5,473.0,550.0,619.5319,1.7197541,460.8637,755.08057,135.54865,1.2309389,-0.4888152,282.51862,-178.3451
1.5-473-550,0.126506024,0.253012048,0.3542741437603377,0.0003185596755,1.5,473.0,550.0,478.9263,1.0827906,644.2629,539.62915,60.70285,0.96849686,-0.114293754,531.16815,-113.09473
1.5-473-550,0.09183673473,0.18367346946,0.3542741437603377,0.0003185596755,1.5,473.0,550.0,473.0,1.1497616,649.85333,526.94543,53.945435,0.87922424,-0.27053732,553.54553,-96.3078
1.5-473-550,0.2481927711,0.4963855422,0.7525573838264147,-0.0006766918789,1.5,473.0,550.0,605.4345,1.4827602,484.14227,738.0135,132.57898,0.96231997,-0.5204402,328.00327,-156.139
1.5-473-550,0.2445783133,0.4891566266,0.960723235489121,-0.0008638724771,1.5,473.0,550.0,1056.603,0.9652759,50.55979,809.2039,-247.39911,0.7472567,-0.21801919,277.5854,227.0256
1.5-473-550,0.1867469879,0.3734939758,0.8705746216627653,0.0007828117684,1.5,473.0,550.0,576.85657,1.0973339,527.9596,727.43005,150.57349,0.66088456,-0.43644935,370.1967,-157.76291
1.5-473-550,0.08163265309,0.16326530618,0.09831793590232207,-8.84064793e-05,1.5,473.0,550.0,473.0,1.1857399,649.85333,486.24686,13.246857,1.0435146,-0.14222527,580.47626,-69.377075
1.5-473-550,0.4306122449,0.8612244898,0.9215172744995802,-0.0008286188792,1.5,473.0,550.0,680.0759,1.48683,174.05751,903.35077,223.27484,1.26289,-0.22394001,125.388115,-48.669395
1.5-473-550,0.1168674698,0.2337349396,0.22784103833049427,-0.0002048723242,1.5,473.0,550.0,474.4798,1.1130644,648.4574,513.8522,39.372375,1.0407195,-0.0723449,551.0185,-97.4389
1.5-473-550,0.4489795918,0.8979591836,0.8475322498919685,-0.0007620923041,1.5,473.0,550.0,662.4775,1.5399275,328.03174,889.0651,226.58765,1.3532428,-0.18668473,130.35324,-197.6785
1.5-473-550,0.3253012049,0.6506024098,0.9996041060258503,0.000898833757,1.5,473.0,550.0,1163.8801,0.011382183,44.688545,881.00555,-282.87457,0.9488165,0.9374343,182.73161,138.04306
1.5-473-550,0.2253012048,0.4506024096,0.9337895728803226,0.000839654004,1.5,473.0,550.0,977.5741,1.2626143,56.39628,783.21454,-194.35956,0.7143904,-0.54822385,307.5982,251.20193
1.5-473-550,0.1192771084,0.2385542168,0.9726063657286781,-0.0008745576659,1.5,473.0,550.0,554.6419,0.56726307,561.19403,707.48364,152.84174,0.4159223,-0.15134075,416.93387,-144.26016
1.5-473-550,0.386746988,0.773493976,0.6600967573005477,0.0005935522321,1.5,473.0,550.0,652.0428,2.1686857,382.76883,807.5897,155.54694,1.3997581,-0.7689276,210.54515,-172.22368
1.5-473-550,0.1662650602,0.3325301204,0.2914697156873968,0.0002620865781,1.5,473.0,550.0,495.75482,1.1257033,627.3061,545.9433,50.188477,1.1280011,0.002297759,508.33704,-118.969055
1.5-473-550,0.3120481928,0.6240963856,0.9895407848051817,-0.0008897849218,1.5,473.0,550.0,1126.6981,0.35264114,46.52143,869.8603,-256.83783,0.92083627,0.5681951,197.19646,150.67502
1.5-473-550,0.2493975904,0.4987951808,0.9999999997775775,-0.0008991897406,1.5,473.0,550.0,1232.5778,2.077271e-08,41.736305,826.26624,-406.31152,0.7261823,0.7261823,262.30673,220.57043
1.5-473-550,0.4183673469,0.8367346938,0.9985491866279087,0.0008978851843,1.5,473.0,550.0,721.17786,0.099495076,108.70553,919.5203,198.34247,1.1744545,1.0749594,118.054115,9.348587
1.5-473-550,0.1337349397,0.2674698794,0.7525573838264147,-0.0006766918789,1.5,473.0,550.0,495.24258,0.9782897,627.8245,647.8319,152.58932,0.62903744,-0.34925228,454.88184,-172.94269
1.5-473-550,0.4183673469,0.8367346938,0.5396442233296441,-0.0004852425493,1.5,473.0,550.0,650.34515,2.2711062,389.54453,788.15625,137.8111,1.5334843,-0.7376219,216.06671,-173.47781
1.5-473-550,0.2602409639,0.5204819278,0.9996041060258503,-0.000898833757,1.5,473.0,550.0,1218.54,0.0091006365,42.281075,835.0745,-383.4655,0.7588462,0.7497456,249.87201,207.59094
1.5-473-550,0.1867469879,0.3734939758,0.6021818746711394,0.0005414757638,1.5,473.0,550.0,516.532,1.1614987,605.62646,636.54047,120.008484,0.9207261,-0.24077255,436.0257,-169.60077
1.5-473-550,0.3120481928,0.6240963856,0.9337895728803226,-0.000839654004,1.5,473.0,550.0,899.4276,1.5240829,64.03266,852.434,-46.99359,0.9736936,-0.5503893,209.63501,145.60236
1.5-473-550,0.1240963855,0.248192771,0.9772248215579286,0.000878710534,1.5,473.0,550.0,580.58673,0.563909,520.7854,712.48126,131.89453,0.42204997,-0.14185902,411.12994,-109.65546
1.5-473-550,0.1156626505,0.231325301,0.9671530515086588,0.0008696541017,1.5,473.0,550.0,535.7304,0.57840645,584.27783,703.1802,167.44977,0.41289043,-0.16551602,421.68506,-162.59277
1.5-473-550,0.3361445784,0.6722891568,0.4163512323516047,-0.0003743787567,1.5,473.0,550.0,590.6825,1.7506905,506.58932,695.06036,104.37787,1.4803207,-0.27036977,317.63803,-188.9513
1.5-473-550,0.1445783132,0.2891566264,0.9945113832197316,0.0008942544329,1.5,473.0,550.0,774.73395,0.19653542,86.121925,733.8974,-40.836548,0.45214242,0.255607,385.8802,299.75827
1.5-473-550,0.3240963856,0.6481927712,0.09831793589120096,8.840647929e-05,1.5,473.0,550.0,551.1455,1.6253726,565.9381,608.2985,57.153015,1.604972,-0.020400643,393.97018,-171.96793
1.5-473-550,0.4224489796,0.8448979592,0.9980223152919674,-0.000897411427,1.5,473.0,550.0,705.0205,0.13527294,121.449776,920.45654,215.43604,1.183068,1.047795,116.0951,-5.3546753
1.5-473-550,0.1807228915,0.361445783,0.9945113832197316,0.0008942544329,1.5,473.0,550.0,988.147,0.13310136,55.40763,764.4285,-223.71844,0.53801066,0.4049093,345.3833,289.97568
1.5-473-550,0.05510204082,0.11020408164,0.6021818746711394,-0.0005414757638,1.5,473.0,550.0,473.0,1.0575615,649.85333,569.2997,96.29968,0.59043634,-0.46712518,539.67773,-110.1756
1.5-473-550,0.09591836738,0.19183673476,0.9993254186825348,0.0008985831642,1.5,473.0,550.0,473.0,0.006098351,649.85333,699.16766,226.16766,0.35570052,0.34960216,432.2441,-217.60922
1.5-473-550,0.1409638554,0.2819277108,0.22784103821928303,0.0002048723241,1.5,473.0,550.0,483.98737,1.0960592,639.21484,523.15656,39.16919,1.1043384,0.008279204,534.7164,-104.498474
1.5-473-550,0.2445783133,0.4891566266,0.9973789934503665,-0.0008968329586,1.5,473.0,550.0,1233.409,0.06953963,41.68754,821.3578,-412.05127,0.71420574,0.64466614,268.58514,226.89761
1.5-473-550,0.148192771,0.296385542,0.999825745120423,0.0008990330526,1.5,473.0,550.0,831.5364,0.0033128469,73.57377,738.5387,-92.99768,0.45617777,0.45286492,380.68692,307.11316
1.5-473-550,0.1602409638,0.3204819276,0.9811301448069191,0.0008822221606,1.5,473.0,550.0,758.89624,0.5120051,91.07012,742.4718,-16.424438,0.4979678,-0.014037281,372.13754,281.0674
1.5-473-550,0.4367346939,0.8734693878,0.9337895728803226,-0.000839654004,1.5,473.0,550.0,671.511,1.3510993,243.26343,908.10986,236.59888,1.2636573,-0.08744192,120.22982,-123.03361
1.5-473-550,0.3614457832,0.7228915664,0.9993254186825348,-0.0008985831642,1.5,473.0,550.0,1130.5619,0.025267264,46.3173,899.629,-230.93286,1.044819,1.0195518,153.16937,106.85207
1.5-473-550,0.4632653061,0.9265306122,0.9915009044774012,-0.0008915474413,1.5,473.0,550.0,660.1422,0.45633906,350.10068,927.4528,267.3106,1.2622676,0.8059285,99.60223,-250.49844
1.5-473-550,0.3614457832,0.7228915664,0.7525573838264147,-0.0006766918789,1.5,473.0,550.0,659.13055,2.032643,345.979,823.2579,164.12732,1.2717143,-0.76092875,208.18135,-137.79765
1.5-473-550,0.02040816324,0.04081632648,0.5396442233296441,0.0004852425493,1.5,473.0,550.0,473.0,1.1219574,649.85333,546.4773,73.477295,0.58009636,-0.54186106,564.5613,-85.29205
1.5-473-550,0.01836734691,0.03673469382,0.9965972946963587,-0.0008961300631,1.5,473.0,550.0,473.0,0.030973455,649.85333,655.2448,182.24481,0.25794938,0.22697593,489.30447,-160.54886
1.5-473-550,0.1469879518,0.2939759036,0.8705746216627653,0.0007828117684,1.5,473.0,550.0,522.8865,0.9319293,598.5603,695.35425,172.46777,0.55676955,-0.37515974,414.00763,-184.55267
1.5-473-550,0.2578313253,0.5156626506,0.9973789933391554,0.0008968329585,1.5,473.0,550.0,1211.0167,0.07262107,42.600777,832.39777,-378.61896,0.7536513,0.6810303,253.15836,210.55759
1.5-473-550,0.3602409639,0.7204819278,0.8902853187445975,0.000800535425,1.5,473.0,550.0,803.0421,1.9764189,79.37917,867.16876,64.12665,1.1426121,-0.83380675,176.54008,97.16091
1.5-473-550,0.04081632652,0.08163265304,0.6021818746711394,0.0005414757638,1.5,473.0,550.0,473.0,1.0570992,649.85333,565.1722,92.17218,0.5647311,-0.4923681,546.76526,-103.08807
1.5-473-550,0.4387755102,0.8775510204,0.03282169734692774,-2.951293353e-05,1.5,473.0,550.0,642.6025,2.0520809,412.372,673.19037,30.58789,1.7617493,-0.2903316,311.70822,-100.66379
1.5-473-550,0.06938775512,0.13877551024,0.9872047710533666,0.0008876844022,1.5,473.0,550.0,473.0,0.13245709,649.85333,678.96136,205.96136,0.32318565,0.19072856,456.81943,-193.0339
1.5-473-550,0.2204819277,0.4409638554,0.9337895728803226,-0.000839654004,1.5,473.0,550.0,979.2492,1.2578655,56.268074,778.9632,-200.28601,0.7001344,-0.55773115,313.4335,257.16544
1.5-473-550,0.1060240963,0.2120481926,0.9895407848051817,-0.0008897849218,1.5,473.0,550.0,593.47406,0.25289348,502.77612,703.1896,109.715515,0.3795068,0.12661332,425.4125,-77.36362
1.5-473-550,0.1831325301,0.3662650602,0.9872047710533666,-0.0008876844022,1.5,473.0,550.0,976.00305,0.2927136,56.40339,764.11847,-211.88458,0.55006933,0.25735572,344.4165,288.01312
1.5-473-550,0.2409638554,0.4819277108,0.9726063657286781,0.0008745576659,1.5,473.0,550.0,1127.1202,0.6979479,46.502968,810.0955,-317.02472,0.72561634,0.027668417,278.92804,232.42508
1.5-473-550,0.156626506,0.313253012,0.8705746216627653,0.0007828117684,1.5,473.0,550.0,533.4177,0.96099204,586.84955,702.7761,169.3584,0.5805509,-0.38044113,403.88037,-182.96918
1.5-473-550,0.2373493976,0.4746987952,0.9999999997775775,-0.0008991897406,1.5,473.0,550.0,1261.8448,2.077271e-08,40.607002,816.0434,-445.80145,0.69057417,0.69057417,276.49573,235.88873
1.5-473-550,0.1036144578,0.2072289156,0.9945113832197316,-0.0008942544329,1.5,473.0,550.0,612.4073,0.13572873,473.41763,703.00476,90.59747,0.37191728,0.23618855,426.45862,-46.959015
1.5-473-550,0.1710843373,0.3421686746,0.9993254186825348,-0.0008985831642,1.5,473.0,550.0,958.929,0.015009185,57.880806,757.64557,-201.28345,0.5100601,0.49505088,355.31067,297.42987
1.5-473-550,0.4857142857,0.9714285714,0.9872047710533666,-0.0008876844022,1.5,473.0,550.0,657.7645,0.6413325,360.59467,929.83234,272.0678,1.3005102,0.65917766,92.580086,-268.0146
1.5-473-550,0.4326530612,0.8653061224,0.9895407848051817,-0.0008897849218,1.5,473.0,550.0,679.0838,0.6413872,179.62953,920.89716,241.81335,1.2099341,0.5685469,112.61376,-67.01577
1.5-473-550,0.4408163265,0.881632653,0.993141646395439,-0.0008930227796,1.5,473.0,550.0,669.02936,0.4266955,265.78207,923.58044,254.55109,1.2220818,0.7953863,108.36471,-157.41736
1.5-473-550,0.2602409639,0.5204819278,0.9772248215579286,0.000878710534,1.5,473.0,550.0,1113.9866,0.6317359,47.202858,827.8173,-286.16925,0.77919126,0.14745533,255.19464,207.99179
1.5-473-550,0.4591836735,0.918367347,0.9215172744995802,-0.0008286188792,1.5,473.0,550.0,660.5415,1.3349892,346.4254,910.25433,249.71283,1.3109401,-0.024049044,112.545906,-233.87952
1.5-473-550,0.04489795918,0.08979591836,0.8902853188558087,-0.0008005354251,1.5,473.0,550.0,473.0,0.7242492,649.85333,639.7391,166.73907,0.35364458,-0.3706046,493.74008,-156.11325
1.5-473-550,0.1879518072,0.3759036144,0.3542741439827602,-0.0003185596757,1.5,473.0,550.0,505.95908,1.187877,616.97943,570.7908,64.831696,1.1426718,-0.045205235,480.92932,-136.05011
1.5-473-550,0.2337349397,0.4674698794,0.9915009044774012,-0.0008915474413,1.5,473.0,550.0,1238.6426,0.21495976,41.48014,810.13385,-428.50873,0.68740267,0.47244292,282.8779,241.39777
1.5-473-550,0.3,0.6,0.9671530515086588,-0.0008696541017,1.5,473.0,550.0,1021.8186,0.9964834,52.891426,854.848,-166.97058,0.9070773,-0.08940607,214.1136,161.22217
1.5-473-550,0.1879518072,0.3759036144,0.5396442233296441,0.0004852425493,1.5,473.0,550.0,513.09784,1.174052,609.44525,618.48083,105.382996,0.98370636,-0.19034564,448.0529,-161.39236
1.5-473-550,0.1590361445,0.318072289,0.7892004020960466,0.000709640905,1.5,473.0,550.0,517.9086,1.0183654,604.0956,677.3309,159.42224,0.6603244,-0.358041,421.42297,-182.6726
1.5-473-550,0.4040816326,0.8081632652,0.960723235489121,-0.0008638724771,1.5,473.0,550.0,831.3571,1.6309259,73.85752,905.66205,74.30493,1.1777313,-0.45319462,132.40932,58.551796
1.5-473-550,0.08163265309,0.16326530618,0.9671530515086588,0.0008696541017,1.5,473.0,550.0,473.0,0.34295294,649.85333,680.57855,207.57855,0.35422936,0.011276424,451.54517,-198.30817
1.5-473-550,0.4265306122,0.8530612244,0.6021818746711394,-0.0005414757638,1.5,473.0,550.0,655.6865,2.218449,368.98346,811.00867,155.32214,1.5028924,-0.71555674,195.64897,-173.33449
1.5-473-550,0.2518072289,0.5036144578,0.8705746216627653,0.0007828117684,1.5,473.0,550.0,712.6871,1.5892615,127.173225,784.0166,71.32953,0.85533077,-0.73393077,292.1136,164.94037
1.5-473-550,0.1072289156,0.2144578312,0.9872047710533666,-0.0008876844022,1.5,473.0,550.0,583.7735,0.30189446,516.0601,703.32806,119.554565,0.3832449,0.081350446,424.8495,-91.21063
1.5-473-550,0.126506024,0.253012048,0.9772248215579286,-0.000878710534,1.5,473.0,550.0,586.8999,0.57887614,512.2637,714.28894,127.38904,0.42686474,-0.1520114,408.74466,-103.51901
1.5-473-550,0.1506024096,0.3012048192,0.3542741439827602,-0.0003185596757,1.5,473.0,550.0,489.8701,1.0944283,633.2615,550.5333,60.66324,1.0350934,-0.059334874,513.0107,-120.25079
1.5-473-550,0.3265060241,0.6530120482,0.9215172744995802,-0.0008286188792,1.5,473.0,550.0,865.43475,1.670821,68.428566,857.8408,-7.593933,1.0258982,-0.64492273,198.57855,130.15
1.5-473-550,0.4,0.8,0.960748093980033,-0.0008638948296,1.5,473.0,550.0,909.20544,1.6585797,62.91877,904.3111,-4.894348,1.1690845,-0.48949516,134.78847,71.8697
1.5-473-550,0.1012048192,0.2024096384,0.3542741439827602,-0.0003185596757,1.5,473.0,550.0,473.00015,1.1408259,649.8532,530.0314,57.03122,0.9024747,-0.23835117,547.93427,-101.918945
1.5-473-550,0.3963855422,0.7927710844,0.9993254186825348,0.0008985831642,1.5,473.0,550.0,1094.7407,0.032663964,48.25376,913.17975,-181.56097,1.127314,1.09465,129.99112,81.73736
1.5-473-550,0.2168674698,0.4337349396,0.9998257452316341,-0.0008990330527,1.5,473.0,550.0,1292.9911,0.0024446456,39.92301,798.11163,-494.87946,0.63151073,0.6290661,301.0376,261.1146
1.5-473-550,0.1240963855,0.248192771,0.7525573838264147,0.0006766918789,1.5,473.0,550.0,488.5233,0.9622512,634.62445,641.77936,153.25607,0.60579807,-0.35645312,463.54688,-171.07758
1.5-473-550,0.08571428574,0.17142857148,0.8206166047262803,-0.0007378900321,1.5,473.0,550.0,473.0,0.87556595,649.85333,640.29816,167.29816,0.46823207,-0.40733388,480.0343,-169.81903
1.5-473-550,0.1578313253,0.3156626506,0.4163512323516047,-0.0003743787567,1.5,473.0,550.0,494.45148,1.0994095,628.6251,567.79645,73.34497,1.0042194,-0.09519005,498.21313,-130.41199
1.5-473-550,0.1445783132,0.2891566264,0.9999999997775775,-0.0008991897406,1.5,473.0,550.0,815.66815,2.077271e-08,76.78385,735.6493,-80.01886,0.44811597,0.44811594,384.52472,307.74088
1.5-473-550,0.1493975903,0.2987951806,0.9442484491033019,0.0008490585182,1.5,473.0,550.0,568.8501,0.8277307,541.56134,721.50287,152.65277,0.5015095,-0.32622123,393.2117,-148.34964
1.5-473-550,0.4326530612,0.8653061224,0.7525573838264147,-0.0006766918789,1.5,473.0,550.0,666.93115,1.9309219,285.71698,857.6418,190.71063,1.4023336,-0.5285883,158.04544,-127.67154
1.5-473-550,0.191566265,0.38313253,0.9811301448069191,0.0008822221606,1.5,473.0,550.0,1027.6085,0.43330824,52.471077,769.50226,-258.10626,0.5772603,0.14395207,336.024,283.55292
1.5-473-550,0.1072289156,0.2144578312,0.9973789933391554,0.0008968329585,1.5,473.0,550.0,650.1048,0.095014416,390.28766,706.4032,56.2984,0.37631515,0.28130072,422.4705,32.18283
1.5-473-550,0.04489795918,0.08979591836,0.9726063657286781,0.0008745576659,1.5,473.0,550.0,473.0,0.2796428,649.85333,661.6499,188.6499,0.3005633,0.020920515,477.40845,-172.44489
1.5-473-550,0.2156626506,0.4313253012,0.8705746216627653,-0.0007828117684,1.5,473.0,550.0,664.8063,1.3948302,269.28036,752.48376,87.67749,0.74498934,-0.6498409,335.80774,66.527374
1.5-473-550,0.2337349398,0.4674698796,0.4163512326852384,0.000374378757,1.5,473.0,550.0,522.8001,1.3552938,598.65625,616.40247,93.602356,1.2278693,-0.12742448,424.93683,-173.71942
1.5-473-550,0.4469387755,0.893877551,0.9985491866279087,-0.0008978851843,1.5,473.0,550.0,665.19336,0.080342434,302.2276,926.1011,260.9077,1.2286832,1.1483408,104.90392,-197.32367
1.5-473-550,0.4408163265,0.881632653,0.9999999997775775,0.0008991897406,1.5,473.0,550.0,669.06525,2.077271e-08,265.44107,925.1945,256.12927,1.2164384,1.2164384,107.2685,-158.17258
1.5-473-550,0.3746987952,0.7493975904,0.9915009044774012,0.0008915474413,1.5,473.0,550.0,1080.1138,0.38624892,49.104073,903.1629,-176.95087,1.0843956,0.6981467,145.21245,96.108376
1.5-473-550,0.2843373494,0.5686746988,0.8206166047262803,-0.0007378900321,1.5,473.0,550.0,660.9836,1.6871148,323.04416,793.0791,132.09552,1.0041488,-0.682966,267.37732,-55.66684
1.5-473-550,0.2108433734,0.4216867468,0.9872047710533666,0.0008876844022,1.5,473.0,550.0,1243.4894,0.3084595,41.288033,788.5963,-454.89307,0.62518036,0.31672087,311.43835,270.15033
1.5-473-550,0.1927710843,0.3855421686,0.9895407848051817,-0.0008897849218,1.5,473.0,550.0,1091.6136,0.24417652,48.440346,773.36743,-318.24622,0.573561,0.3293845,332.46246,284.02213
1.5-473-550,0.1144578313,0.2289156626,0.09831793589120096,8.840647929e-05,1.5,473.0,550.0,473.6481,1.130431,649.24194,495.6113,21.963196,1.1224526,-0.007978439,562.3375,-86.90442
1.5-473-550,0.2156626506,0.4313253012,0.22784103821928303,0.0002048723241,1.5,473.0,550.0,512.66077,1.3100692,609.9312,561.56854,48.907776,1.3076402,-0.0024290085,473.5024,-136.4288
1.5-473-550,0.3180722892,0.6361445784,0.9772248215579286,-0.000878710534,1.5,473.0,550.0,1059.0256,0.76975524,50.391243,869.94745,-189.07819,0.9494689,0.17971367,194.10434,143.7131
1.5-473-550,0.2927710844,0.5855421688,0.7892004020960466,0.000709640905,1.5,473.0,550.0,649.4052,1.7076935,390.2067,788.4406,139.0354,1.0602579,-0.64743555,266.27402,-123.93268
1.5-473-550,0.3590361446,0.7180722892,0.9531521909241071,0.0008570646715,1.5,473.0,550.0,927.69794,1.4904372,60.90229,885.45984,-42.2381,1.0812209,-0.40921628,164.07135,103.16906
1.5-473-550,0.07959183676,0.15918367352,0.16340484097302546,-0.0001469319566,1.5,473.0,550.0,473.0,1.1807365,649.85333,493.59378,20.59378,0.9946767,-0.18605983,577.3919,-72.461426
1.5-473-550,0.191566265,0.38313253,0.9996041061370615,-0.0008988337571,1.5,473.0,550.0,1122.9935,0.0078746285,46.721443,775.63586,-347.35767,0.5621691,0.55429447,331.34937,284.62793
1.5-473-550,0.1445783132,0.2891566264,0.09831793589120096,8.840647929e-05,1.5,473.0,550.0,484.7601,1.1041602,638.4328,506.38885,21.628754,1.198102,0.09394181,543.06573,-95.367065
1.5-473-550,0.04897959184,0.09795918368,0.8902853188558087,-0.0008005354251,1.5,473.0,550.0,473.0,0.7292406,649.85333,641.6029,168.6029,0.35906318,-0.37017742,491.1741,-158.67923
1.5-473-550,0.1771084337,0.3542168674,0.9811301448069191,0.0008822221606,1.5,473.0,550.0,888.68475,0.42876348,65.24055,756.85956,-131.8252,0.5394826,0.110719115,352.96924,287.7287
1.5-473-550,0.1843373494,0.3686746988,0.9999999997775775,0.0008991897406,1.5,473.0,550.0,1055.9906,2.077271e-08,50.615852,769.4009,-286.58972,0.54293954,0.54293954,339.7712,289.15536
1.5-473-550,0.1192771084,0.2385542168,0.9965972946963587,-0.0008961300631,1.5,473.0,550.0,684.4284,0.19627126,156.39076,714.903,30.47461,0.39896378,0.20269252,411.2075,254.81673
1.5-473-550,0.2493975904,0.4987951808,0.3542741437603377,0.0003185596755,1.5,473.0,550.0,524.7039,1.3982377,596.53925,611.6699,86.966,1.3170233,-0.08121443,420.51944,-176.0198
1.5-473-550,0.2048192771,0.4096385542,0.9895407848051817,0.0008897849218,1.5,473.0,550.0,1200.0206,0.2587367,43.068123,784.0345,-415.98615,0.60637796,0.34764126,318.08417,275.01605
1.5-473-550,0.2626506024,0.5253012048,0.7892004020960466,0.000709640905,1.5,473.0,550.0,635.64966,1.574045,428.03052,763.76215,128.11249,0.9700462,-0.6039987,300.90085,-127.12967
1.5-473-550,0.2469879518,0.4939759036,0.9215172744995802,-0.0008286188792,1.5,473.0,550.0,880.5331,1.4388368,66.50413,797.8464,-82.68671,0.7912063,-0.6476305,284.63376,218.12964
1.5-473-550,0.1891566265,0.378313253,0.9442484491033019,0.0008490585182,1.5,473.0,550.0,757.32794,0.9924702,94.6063,754.93964,-2.3883057,0.6018775,-0.3905927,348.3093,253.703
1.5-473-550,0.1168674698,0.2337349396,0.16340484119544796,0.0001469319568,1.5,473.0,550.0,474.27817,1.1194115,648.6476,504.58524,30.307068,1.085994,-0.033417463,556.34375,-92.30383
1.5-473-550,0.08367346941,0.16734693882,0.16340484119544796,0.0001469319568,1.5,473.0,550.0,473.0,1.1805824,649.85333,494.63544,21.635437,1.0043157,-0.17626667,575.29126,-74.56207
1.5-473-550,0.01224489793,0.02448979586,0.9973789934503665,-0.0008968329586,1.5,473.0,550.0,473.0,0.023499211,649.85333,652.75665,179.75665,0.25177088,0.22827168,492.67972,-157.17361
1.5-473-550,0.3542168675,0.708433735,0.16340484097302546,-0.0001469319566,1.5,473.0,550.0,584.4461,1.8000978,515.16895,642.97327,58.52716,1.6315873,-0.16851056,355.46136,-159.70758
1.5-473-550,0.2012048193,0.4024096386,0.9811301448069191,0.0008822221606,1.5,473.0,550.0,1146.5444,0.43321517,45.529366,778.02185,-368.52258,0.6034548,0.17023966,324.54233,279.01297
1.5-473-550,0.3253012049,0.6506024098,0.8206166047262803,-0.0007378900321,1.5,473.0,550.0,680.57465,1.8774322,209.43767,823.4666,142.89197,1.1201192,-0.757313,224.07503,14.63736
1.5-473-550,0.3349397591,0.6698795182,0.9215172744995802,0.0008286188792,1.5,473.0,550.0,863.31757,1.7029734,68.722176,862.9545,-0.3630371,1.0487187,-0.6542547,190.88774,122.165565
1.5-473-550,0.1506024096,0.3012048192,0.16340484097302546,-0.0001469319566,1.5,473.0,550.0,487.67355,1.1073265,635.4844,517.4899,29.816376,1.1735417,0.06621516,533.70245,-101.78192
1.5-473-550,0.2385542169,0.4771084338,0.22784103821928303,0.0002048723241,1.5,473.0,550.0,518.4535,1.365828,603.48975,575.8953,57.441833,1.3673729,0.0015448332,452.33807,-151.15167
1.5-473-550,0.2686746988,0.5373493976,0.9985491866279087,0.0008978851843,1.5,473.0,550.0,1205.7086,0.04039862,42.826393,841.482,-364.22662,0.7849939,0.7445953,240.57436,197.74796
1.5-473-550,0.330120482,0.660240964,0.8902853188558087,-0.0008005354251,1.5,473.0,550.0,802.6432,1.8320482,79.550835,850.0166,47.373413,1.0657198,-0.76632833,202.46031,122.90948
1.5-473-550,0.148192771,0.296385542,0.9998257452316341,-0.0008990330527,1.5,473.0,550.0,831.53644,0.0033128469,73.57377,738.5387,-92.99774,0.45617777,0.45286492,380.68692,307.11316
1.5-473-550,0.1831325301,0.3662650602,0.9985491866279087,-0.0008978851843,1.5,473.0,550.0,1039.6868,0.032780014,51.642952,767.86676,-271.82,0.5409856,0.5082056,341.5488,289.90585
1.5-473-550,0.3686746989,0.7373493978,0.8902853188558087,-0.0008005354251,1.5,473.0,550.0,804.6324,2.0220547,79.00625,871.37823,66.74585,1.1626233,-0.8594314,170.0141,91.00785
1.5-473-550,0.256626506,0.513253012,0.22784103821928303,0.0002048723241,1.5,473.0,550.0,522.7458,1.4133537,598.7167,587.8662,65.12042,1.4123435,-0.0010101795,435.18677,-163.5299
1.5-473-550,0.2807228916,0.5614457832,0.999825745120423,0.0008990330526,1.5,473.0,550.0,1198.3507,0.002985081,43.139107,851.15717,-347.19354,0.819743,0.8167579,227.01729,183.87817
1.5-473-550,0.351807229,0.703614458,0.9726063657286781,0.0008745576659,1.5,473.0,550.0,1006.32336,1.030583,53.992317,887.5499,-118.77344,1.0448954,0.0143123865,165.76901,111.776695
1.5-473-550,0.1722891566,0.3445783132,0.9337895728803226,0.000839654004,1.5,473.0,550.0,609.37573,0.9449589,478.0521,736.87805,127.50232,0.5661441,-0.37881482,370.56094,-107.49115
1.5-473-550,0.3493975904,0.6987951808,0.47796385156444166,0.0004297801918,1.5,473.0,550.0,608.92975,1.844548,479.1063,723.8691,114.93933,1.4657823,-0.3787657,289.62897,-189.47733
1.5-473-550,0.3132530121,0.6265060242,0.16340484119544796,0.0001469319568,1.5,473.0,550.0,545.20245,1.5845116,573.2663,613.8085,68.60602,1.5630766,-0.021435022,392.57117,-180.69513
1.5-473-550,0.01224489793,0.02448979586,0.9996041061370615,-0.0008988337571,1.5,473.0,550.0,473.0,0.00291737,649.85333,653.30164,180.30164,0.25053522,0.24761786,492.26733,-157.586
1.5-473-550,0.1397590361,0.2795180722,0.6021818746711394,-0.0005414757638,1.5,473.0,550.0,490.9755,1.0404154,632.1428,606.1053,115.12979,0.7846364,-0.25577903,481.29486,-150.84796
1.5-473-550,0.1771084337,0.3542168674,0.998978267368595,0.0008982710093,1.5,473.0,550.0,997.9242,0.022802075,54.64631,762.74774,-235.17645,0.525311,0.50250894,348.45795,293.81165
1.5-473-550,0.113253012,0.226506024,0.47796385156444166,0.0004297801918,1.5,473.0,550.0,474.90533,1.070878,648.05597,560.7326,85.82727,0.82780796,-0.24307007,523.58014,-124.47583
1.5-473-550,0.1084337349,0.2168674698,0.9844268823757469,0.0008851865532,1.5,473.0,550.0,572.6155,0.35255256,536.0062,703.3333,130.71783,0.38731733,0.034764767,424.38638,-111.61984
1.5-473-550,0.1554216867,0.3108433734,0.9993254186825348,-0.0008985831642,1.5,473.0,550.0,863.0785,0.018321356,68.62528,744.3536,-118.724915,0.47284618,0.45452482,372.9236,304.29834
1.5-473-550,0.1168674698,0.2337349396,0.9999999997775775,-0.0008991897406,1.5,473.0,550.0,704.4953,2.077271e-08,122.80117,714.16565,9.670349,0.39206693,0.3920669,412.73315,289.93198
1.5-473-550,0.1,0.2,0.9945146915314984,0.0008942574077,1.5,473.0,550.0,526.637,0.07909217,591.0867,700.51276,173.87573,0.3657135,0.28662133,429.7224,-161.36426
1.5-473-550,0.3481927711,0.6963855422,0.9980223152919674,0.000897411427,1.5,473.0,550.0,1137.4558,0.075403,45.977425,892.98425,-244.47156,1.0120538,0.9366509,163.60141,117.623985
1.5-473-550,0.2445783133,0.4891566266,0.9215172744995802,-0.0008286188792,1.5,473.0,550.0,882.9539,1.429014,66.20811,795.77484,-87.17908,0.7838779,-0.64513606,287.51498,221.30688
1.5-473-550,0.1759036144,0.3518072288,0.8902853187445975,0.000800535425,1.5,473.0,550.0,570.3199,1.0196716,538.5193,725.1054,154.78552,0.61332184,-0.40634972,377.58624,-160.93304
1.5-473-550,0.113253012,0.226506024,0.9996041061370615,-0.0008988337571,1.5,473.0,550.0,688.30164,0.02169623,146.04813,711.3986,23.096985,0.38564882,0.36395258,416.2915,270.24338
1.5-473-550,0.4755102041,0.9510204082,0.8206166047262803,0.0007378900321,1.5,473.0,550.0,657.9826,1.5777435,359.7143,888.97003,230.98743,1.4106557,-0.1670878,123.825645,-235.88864
1.5-473-550,0.3638554217,0.7277108434,0.9215172744995802,0.0008286188792,1.5,473.0,550.0,854.6128,1.840952,69.93546,878.4606,23.847778,1.1223478,-0.7186042,166.96246,97.027
1.5-473-550,0.1337349397,0.2674698794,0.9945113832197316,-0.0008942544329,1.5,473.0,550.0,726.6798,0.23807336,105.205574,725.27435,-1.4054565,0.42910814,0.19103478,397.23697,292.0314
1.5-473-550,0.3313253012,0.6626506024,0.9726063657286781,-0.0008745576659,1.5,473.0,550.0,1024.7253,0.9492101,52.6789,876.52985,-148.1955,0.99059325,0.041383147,182.96791,130.289
1.5-473-550,0.4285714286,0.8571428572,0.3542741437603377,0.0003185596755,1.5,473.0,550.0,644.2976,2.1791465,407.69003,741.8624,97.56482,1.6465956,-0.53255093,251.86954,-155.8205
1.5-473-550,0.2397590361,0.4795180722,0.5396442233296441,0.0004852425493,1.5,473.0,550.0,533.6102,1.3798742,586.63544,657.14215,123.53192,1.1421345,-0.23773968,391.9959,-194.63953
1.5-473-550,0.3578313253,0.7156626506,0.16340484097302546,-0.0001469319566,1.5,473.0,550.0,588.09265,1.8235738,510.33145,645.55176,57.459106,1.636917,-0.18665683,352.26492,-158.06653
1.5-473-550,0.2120481927,0.4240963854,0.9772248215579286,-0.000878710534,1.5,473.0,550.0,1200.6746,0.540925,43.042336,786.32245,-414.3521,0.63712853,0.096203506,312.5086,269.46628
1.5-473-550,0.1903614457,0.3807228914,0.9985491866279087,-0.0008978851843,1.5,473.0,550.0,1105.8009,0.03409084,47.63804,774.22437,-331.57654,0.55983436,0.52574354,333.0411,285.40308
1.5-473-550,0.3265060241,0.6530120482,0.9973789934503665,-0.0008968329586,1.5,473.0,550.0,1152.7345,0.09184965,45.22419,881.0604,-271.67407,0.95422095,0.8623713,182.10585,136.88165
1.5-473-550,0.213253012,0.426506024,0.9915009044774012,-0.0008915474413,1.5,473.0,550.0,1261.9321,0.21108629,40.5897,792.1606,-469.77155,0.62832963,0.41724336,307.46094,266.87125
1.5-473-550,0.1506024096,0.3012048192,0.998978267368595,0.0008982710093,1.5,473.0,550.0,837.0376,0.031053564,72.69074,740.2462,-96.79138,0.46217427,0.4311207,378.2864,305.59567
1.5-473-550,0.4428571429,0.8857142858,0.09831793589120096,8.840647929e-05,1.5,473.0,550.0,643.8998,2.038857,408.7888,689.44415,45.544373,1.7495805,-0.28927648,295.8954,-112.8934
1.5-473-550,0.1903614457,0.3807228914,0.9956514833048237,0.0008952795992,1.5,473.0,550.0,1091.3733,0.10538646,48.4495,773.26697,-318.10632,0.5621751,0.45678863,333.77216,285.32266
1.5-473-550,0.1975903614,0.3951807228,0.03282169734692774,-2.951293353e-05,1.5,473.0,550.0,505.3159,1.240829,617.6304,521.8307,16.514801,1.3642219,0.12339294,509.5012,-108.12918
1.5-473-550,0.365060241,0.730120482,0.9985491866279087,-0.0008978851843,1.5,473.0,550.0,1123.9254,0.059351288,46.669594,901.0171,-222.90833,1.0545397,0.9951884,150.67476,104.005165
1.5-473-550,0.308433735,0.61686747,0.8902853188558087,-0.0008005354251,1.5,473.0,550.0,799.3681,1.7535154,80.394585,835.6088,36.240723,1.0055622,-0.7479532,223.61548,143.22089
1.5-473-550,0.2506024096,0.5012048192,0.9337895728803226,0.000839654004,1.5,473.0,550.0,922.4351,1.3606447,61.51554,805.1716,-117.26355,0.79055715,-0.57008755,277.20605,215.69052
1.5-473-550,0.4510204082,0.9020408164,0.9956514833048237,-0.0008952795992,1.5,473.0,550.0,663.414,0.24436952,319.13373,926.21924,262.80524,1.2382255,0.99385595,103.6899,-215.44382
1.5-473-550,0.3746987952,0.7493975904,0.9071317792997667,0.0008156835895,1.5,473.0,550.0,829.52936,1.9899945,74.098946,879.25665,49.727295,1.1611283,-0.82886624,161.95976,87.86082
1.5-473-550,0.3686746989,0.7373493978,0.8705746216627653,-0.0007828117684,1.5,473.0,550.0,775.1302,2.080232,86.41117,865.33167,90.20148,1.1807419,-0.89949,174.35802,87.946846
1.5-473-550,0.0897959184,0.1795918368,0.9071317792997667,-0.0008156835895,1.5,473.0,550.0,473.0,0.6902879,649.85333,667.97156,194.97156,0.40954456,-0.28074333,458.20178,-191.65155
1.5-473-550,0.3240963856,0.6481927712,0.22784103821928303,0.0002048723241,1.5,473.0,550.0,558.8865,1.6417246,555.65497,635.8496,76.963135,1.5567726,-0.084952,370.47766,-185.1773
1.5-473-550,0.02040816324,0.04081632648,0.9872047710533666,-0.0008876844022,1.5,473.0,550.0,473.0,0.119660996,649.85333,653.8112,180.81122,0.26526752,0.14560652,489.8816,-159.97174
1.5-473-550,0.4530612245,0.906122449,0.9844268823757469,-0.0008851865532,1.5,473.0,550.0,662.6044,0.7431246,326.8259,924.00653,261.40216,1.2508051,0.50768054,104.639885,-222.186
1.5-473-550,0.09591836738,0.19183673476,0.9442484491033019,0.0008490585182,1.5,473.0,550.0,473.0,0.5217832,649.85333,682.7997,209.79968,0.39336106,-0.12842211,444.79657,-205.05676
1.5-473-550,0.4102040816,0.8204081632,0.9872047710533666,-0.0008876844022,1.5,473.0,550.0,771.30255,0.84736514,87.21456,914.40485,143.1023,1.1674877,0.3201226,124.27186,37.057297
1.5-473-550,0.2807228916,0.5614457832,0.9671530515086588,-0.0008696541017,1.5,473.0,550.0,1039.018,0.9361789,51.69297,840.7463,-198.27167,0.8500652,-0.08611375,234.55482,182.86185
1.5-473-550,0.213253012,0.426506024,0.7525573838264147,-0.0006766918789,1.5,473.0,550.0,555.4361,1.3011738,560.15515,708.1235,152.68738,0.85365057,-0.44752324,369.7983,-190.35684
1.5-473-550,0.3686746989,0.7373493978,0.9811301446957078,-0.0008822221605,1.5,473.0,550.0,1032.382,0.80503535,52.13627,897.80695,-134.57501,1.0792665,0.2742312,151.38104,99.244774
1.5-473-550,0.3445783133,0.6891566266,0.9872047710533666,-0.0008876844022,1.5,473.0,550.0,1087.3245,0.49262115,48.684883,888.07166,-199.2528,1.012547,0.51992583,168.66399,119.9791
1.5-473-550,0.2686746988,0.5373493976,0.960723235489121,-0.0008638724771,1.5,473.0,550.0,1022.641,1.0312783,52.840004,829.2086,-193.43237,0.8199186,-0.21135968,249.53052,196.69052
1.5-473-550,0.4877551021,0.9755102042,0.960723235489121,-0.0008638724771,1.5,473.0,550.0,657.6491,1.1214504,361.0606,924.3078,266.6587,1.3234049,0.20195448,95.91239,-265.14822
1.5-473-550,0.2927710844,0.5855421688,0.9973789933391554,-0.0008968329585,1.5,473.0,550.0,1177.2898,0.081836306,44.075294,859.2011,-318.08868,0.8576226,0.77578634,214.7935,170.7182
1.5-473-550,0.02040816324,0.04081632648,0.8206166047262803,-0.0007378900321,1.5,473.0,550.0,473.0,0.8531208,649.85333,612.13086,139.13086,0.37029275,-0.48282805,520.344,-129.50934
1.5-473-550,0.191566265,0.38313253,0.03282169734692774,-2.951293353e-05,1.5,473.0,550.0,503.25122,1.2130659,619.7198,518.9306,15.679382,1.3498008,0.13673496,514.08655,-105.63324
1.5-473-550,0.2457831325,0.491566265,0.16340484119544796,0.0001469319568,1.5,473.0,550.0,519.105,1.3843592,602.7653,568.3414,49.23639,1.4189718,0.034612536,454.8181,-147.9472
1.5-473-550,0.05306122449,0.10612244898,0.03282169735804886,2.951293354e-05,1.5,473.0,550.0,473.0,1.2176893,649.85333,473.23712,0.23712158,1.0213635,-0.19632578,597.1107,-52.742615
1.5-473-550,0.3662650603,0.7325301206,0.03282169735804886,2.951293354e-05,1.5,473.0,550.0,593.0923,1.8711175,503.32925,624.6441,31.551819,1.6857533,-0.18536413,369.0522,-134.27707
1.5-473-550,0.1192771084,0.2385542168,0.16340484119544796,0.0001469319568,1.5,473.0,550.0,474.94507,1.1138607,648.0185,505.41257,30.467499,1.0921239,-0.02173686,554.8384,-93.180115
1.5-473-550,0.06530612246,0.13061224492,0.47796385156444166,0.0004297801918,1.5,473.0,550.0,473.0,1.113794,649.85333,543.94086,70.94086,0.7150752,-0.39871877,552.71576,-97.13757
1.5-473-550,0.2542168675,0.508433735,0.8902853188558087,-0.0008005354251,1.5,473.0,550.0,777.0292,1.5844755,86.88,793.0782,16.049011,0.8434115,-0.741064,284.08554,197.20554
1.5-473-550,0.03265306121,0.06530612242,0.993141646395439,0.0008930227796,1.5,473.0,550.0,473.0,0.0659469,649.85333,660.99097,187.99097,0.27442375,0.20847684,481.2757,-168.57764
1.5-473-550,0.2855421687,0.5710843374,0.9215172744995802,-0.0008286188792,1.5,473.0,550.0,870.64813,1.5407182,67.7288,829.3241,-41.324036,0.90808445,-0.63263375,240.23958,172.51077
1.5-473-550,0.126506024,0.253012048,0.29146971579860803,-0.0002620865782,1.5,473.0,550.0,478.30447,1.0911589,644.8494,527.927,49.622528,1.0183902,-0.07276869,538.38727,-106.46216
1.5-473-550,0.2686746988,0.5373493976,0.9772248215579286,-0.000878710534,1.5,473.0,550.0,1104.5967,0.64831203,47.70774,834.6234,-269.97327,0.80454105,0.15622902,245.57706,197.86932
1.5-473-550,0.2289156626,0.4578313252,0.9996041061370615,-0.0008988337571,1.5,473.0,550.0,1284.5854,0.007975897,39.92301,808.6127,-475.97278,0.66628915,0.6583133,286.64355,246.72055
1.5-473-550,0.4163265306,0.8326530612,0.8475322498919685,0.0007620923041,1.5,473.0,550.0,703.62665,2.1347613,123.13126,878.7401,175.11346,1.2989309,-0.83583045,147.40906,24.277794
1.5-473-550,0.3891566266,0.7783132532,0.9999999997775775,-0.0008991897406,1.5,473.0,550.0,1106.7861,2.077271e-08,47.610542,910.8879,-195.89825,1.1105118,1.1105118,134.24861,86.63807
1.5-473-550,0.3204819277,0.6409638554,0.9844268823757469,-0.0008851865532,1.5,473.0,550.0,1094.3768,0.5388809,48.27491,873.61725,-220.75958,0.9494938,0.41061294,190.30797,142.03305
1.5-473-550,0.2397590361,0.4795180722,0.9844268823757469,-0.0008851865532,1.5,473.0,550.0,1189.2277,0.40140262,43.53077,812.9931,-376.23456,0.7114253,0.31002268,277.4419,233.91113
1.5-473-550,0.09387755105,0.1877551021,0.4163512323516047,-0.0003743787567,1.5,473.0,550.0,473.0,1.133676,649.85333,539.8137,66.81372,0.83257616,-0.3010999,544.83655,-105.016785
1.5-473-550,0.3662650603,0.7325301206,0.29146971579860803,-0.0002620865782,1.5,473.0,550.0,603.04736,1.8995216,488.53558,682.615,79.56763,1.598661,-0.30086064,318.01553,-170.52005
1.5-473-550,0.1951807229,0.3903614458,0.6021818746711394,0.0005414757638,1.5,473.0,550.0,520.8613,1.205179,600.81226,642.68713,121.825806,0.9465132,-0.2586658,427.06647,-173.74579
1.5-473-550,0.3060240964,0.6120481928,0.9973789934503665,-0.0008968329586,1.5,473.0,550.0,1167.2069,0.08523478,44.536385,868.2995,-298.9074,0.8962472,0.81101245,201.38173,156.84534
1.5-473-550,0.4,0.8,0.032835376350859716,-2.952523355e-05,1.5,473.0,550.0,621.432,2.143792,457.9891,647.50037,26.06836,1.725671,-0.41812086,341.64224,-116.34686
1.5-473-550,0.126506024,0.253012048,0.9531521909241071,0.0008570646715,1.5,473.0,550.0,536.7896,0.7111449,583.0982,706.7138,169.9242,0.4446172,-0.2665277,414.55234,-168.54587
1.5-473-550,0.3626506025,0.725301205,0.9844268823757469,0.0008851865532,1.5,473.0,550.0,1054.5653,0.65288717,50.67466,896.0571,-158.50818,1.0614326,0.40854543,155.12585,104.451195
1.5-473-550,0.221686747,0.443373494,0.9999999997775775,-0.0008991897406,1.5,473.0,550.0,1298.3981,2.077271e-08,39.92301,802.4144,-495.98364,0.64510196,0.64510196,295.2078,255.28479
1.5-473-550,0.3228915663,0.6457831326,0.9872047710533666,0.0008876844022,1.5,473.0,550.0,1106.3828,0.44888586,47.60697,875.9132,-230.4696,0.9536407,0.50475484,187.49696,139.88998
1.5-473-550,0.3927710844,0.7855421688,0.8902853187445975,0.000800535425,1.5,473.0,550.0,803.8039,2.22653,79.13409,882.04767,78.243774,1.2160167,-1.0105134,153.07698,73.942894
1.5-473-550,0.1795180723,0.3590361446,0.9996041060258503,0.000898833757,1.5,473.0,550.0,1009.72986,0.007857582,53.731483,765.0526,-244.67725,0.53090984,0.5230523,345.50195,291.77048
1.5-473-550,0.2698795181,0.5397590362,0.9999999997775775,-0.0008991897406,1.5,473.0,550.0,1210.1224,2.077271e-08,42.65629,842.8894,-367.23303,0.78727514,0.78727514,238.89198,196.23569
1.5-473-550,0.03265306121,0.06530612242,0.9337895728803226,-0.000839654004,1.5,473.0,550.0,473.0,0.553065,649.85333,645.6705,172.67047,0.3103085,-0.24275652,492.79416,-157.05917
1.5-473-550,0.1542168674,0.3084337348,0.22784103821928303,0.0002048723241,1.5,473.0,550.0,489.76953,1.1086491,633.3633,528.9351,39.16559,1.1402023,0.03155315,524.9681,-108.3952
1.5-473-550,0.4061224489,0.8122448978,0.16340484097302546,-0.0001469319566,1.5,473.0,550.0,627.48,2.1790028,446.49805,679.43396,51.95398,1.6974936,-0.4815092,311.27545,-135.2226
1.5-473-550,0.3590361446,0.7180722892,0.9442484491033019,-0.0008490585182,1.5,473.0,550.0,903.7699,1.6119599,63.487312,882.8552,-20.914673,1.0894723,-0.52248764,165.90361,102.4163
1.5-473-550,0.08775510207,0.17551020414,0.9895407848051817,0.0008897849218,1.5,473.0,550.0,473.0,0.107775114,649.85333,690.91614,217.91614,0.34897432,0.2411992,441.50528,-208.34805
1.5-473-550,0.3373493976,0.6746987952,0.6600967573005477,0.0005935522321,1.5,473.0,550.0,632.8073,1.8523525,435.08865,775.7775,142.97021,1.2991376,-0.5532149,254.10786,-180.98079
1.5-473-550,0.3891566266,0.7783132532,0.9844268823757469,0.0008851865532,1.5,473.0,550.0,1026.8279,0.7806742,52.525795,906.8065,-120.02136,1.124342,0.34366775,137.04803,84.52224
1.5-473-550,0.1746987951,0.3493975902,0.8902853188558087,-0.0008005354251,1.5,473.0,550.0,568.0578,1.0137088,542.5455,724.0989,156.04108,0.6101008,-0.40360802,378.95544,-163.59003
1.5-473-550,0.2204819277,0.4409638554,0.9671530515086588,-0.0008696541017,1.5,473.0,550.0,1153.5557,0.7539014,45.184517,790.38574,-363.16992,0.67014045,-0.08376098,304.8908,259.7063
1.5-473-550,0.1819277108,0.3638554216,0.7892004020960466,-0.000709640905,1.5,473.0,550.0,537.4324,1.1010977,582.3492,695.1083,157.6759,0.7238663,-0.37723142,396.5981,-185.75107
1.5-473-550,0.002040816309,0.004081632618,0.9993254189049573,-0.0008985831644,1.5,473.0,550.0,473.0,0.01087608,649.85333,648.9598,175.95978,0.24171825,0.23084217,497.93182,-151.92151
1.5-473-550,0.1253012048,0.2506024096,0.9999999997775775,0.0008991897406,1.5,473.0,550.0,737.2418,2.077271e-08,100.11146,720.4858,-16.756042,0.4082295,0.40822947,404.45084,304.3394
1.5-473-550,0.4714285714,0.9428571428,0.47796385156444166,-0.0004297801918,1.5,473.0,550.0,656.4685,1.870593,365.8267,798.2631,141.79462,1.6237507,-0.24684227,195.43398,-170.39272
1.5-473-550,0.4020408163,0.8040816326,0.8902853189670199,-0.0008005354252,1.5,473.0,550.0,796.7186,2.2676187,80.64803,885.6458,88.927185,1.235071,-1.0325477,147.20789,66.55985
1.5-473-550,0.1554216867,0.3108433734,0.5396442233296441,-0.0004852425493,1.5,473.0,550.0,496.97388,1.0779899,626.07245,597.67505,100.70117,0.8870292,-0.19096076,479.38306,-146.68939
1.5-473-550,0.1493975903,0.2987951806,0.8206166047262803,0.0007378900321,1.5,473.0,550.0,514.76355,0.97568935,607.59296,680.63324,165.86969,0.60657513,-0.36911422,423.73764,-183.85532
1.5-473-550,0.2951807229,0.5903614458,0.9442484491033019,0.0008490585182,1.5,473.0,550.0,935.1964,1.3707583,60.15397,844.056,-91.14038,0.9147577,-0.45600057,224.41461,164.26065
1.5-473-550,0.06938775512,0.13877551024,0.9772248215579286,-0.000878710534,1.5,473.0,550.0,473.0,0.23856981,649.85333,676.1605,203.16052,0.32954344,0.09097363,458.9653,-190.88803
1.5-473-550,0.2084337349,0.4168674698,0.8475322498919685,0.0007620923041,1.5,473.0,550.0,605.98456,1.295129,482.92313,737.9572,131.97266,0.7454779,-0.549651,350.59174,-132.33139
1.5-473-550,0.4367346939,0.8734693878,0.7098470004029654,0.0006382871403,1.5,473.0,550.0,662.9773,1.8839713,323.28265,847.004,184.02673,1.4403477,-0.44362366,164.9509,-158.33176
1.5-473-550,0.308433735,0.61686747,0.9993254186825348,0.0008985831642,1.5,473.0,550.0,1174.8262,0.020044407,44.187935,870.46954,-304.35663,0.9013815,0.8813371,198.60475,154.41681
1.5-473-550,0.4897959184,0.9795918368,0.7892004020960466,-0.000709640905,1.5,473.0,550.0,657.4017,1.6287049,362.0595,884.5632,227.1615,1.4500922,-0.17861271,123.922615,-238.1369
1.5-473-550,0.2939759036,0.5879518072,0.6021818746711394,0.0005414757638,1.5,473.0,550.0,593.7361,1.6198161,502.04913,722.19,128.45392,1.241675,-0.37814105,315.0289,-187.02023
1.5-473-550,0.4653061225,0.930612245,0.9999999997775775,0.0008991897406,1.5,473.0,550.0,659.80566,2.077271e-08,352.3546,929.6962,269.89056,1.2589066,1.2589066,97.55891,-254.79572
1.5-473-550,0.3722891567,0.7445783134,0.9872047710533666,0.0008876844022,1.5,473.0,550.0,1060.1448,0.57044053,50.319466,901.0079,-159.1369,1.0824988,0.51205826,147.67854,97.35908
1.5-473-550,0.1602409638,0.3204819276,0.8902853187445975,0.000800535425,1.5,473.0,550.0,545.6075,0.9549542,572.7729,712.26263,166.65515,0.5725531,-0.3824011,395.03793,-177.73495
1.5-473-550,0.343373494,0.686746988,0.960723235489121,-0.0008638724771,1.5,473.0,550.0,964.8763,1.2805154,57.37272,879.70197,-85.17432,1.0340356,-0.24647987,175.08446,117.71174
1.5-473-550,0.1409638554,0.2819277108,0.9872047710533666,0.0008876844022,1.5,473.0,550.0,696.78125,0.47313583,131.13188,728.6624,31.881165,0.4496876,-0.023448229,391.51038,260.37848
1.5-473-550,0.2638554217,0.5277108434,0.9531521909241071,0.0008570646715,1.5,473.0,550.0,994.458,1.1478713,54.943336,822.7913,-171.66669,0.81247824,-0.335393,256.8826,201.93927
1.5-473-550,0.1337349397,0.2674698794,0.16340484097302546,-0.0001469319566,1.5,473.0,550.0,480.42963,1.0986998,642.815,510.6814,30.25177,1.1293514,0.03065157,545.4406,-97.37439
1.5-473-550,0.1469879518,0.2939759036,0.9985491866279087,-0.0008978851843,1.5,473.0,550.0,817.9358,0.047536455,76.1973,737.14545,-80.790344,0.45445582,0.40691936,382.30127,306.10397
1.5-473-550,0.1554216867,0.3108433734,0.6021818746711394,0.0005414757638,1.5,473.0,550.0,499.65033,1.0662521,623.3639,615.478,115.8277,0.8282129,-0.2380392,467.16818,-156.19571
1.5-473-550,0.3289156627,0.6578313254,0.03282169734692774,-2.951293353e-05,1.5,473.0,550.0,554.015,1.6447885,562.1259,599.4765,45.461487,1.6316564,-0.013132095,400.4184,-161.70752
1.5-473-550,0.1590361445,0.318072289,0.03282169734692774,-2.951293353e-05,1.5,473.0,550.0,490.68463,1.12173,632.4372,504.54178,13.857147,1.2706326,0.14890265,537.6557,-94.781494
1.5-473-550,0.2698795181,0.5397590362,0.9531521908128958,-0.0008570646714,1.5,473.0,550.0,987.8754,1.1650038,55.47117,827.6605,-160.2149,0.83068,-0.33432376,249.99849,194.52731
1.5-473-550,0.4428571429,0.8857142858,0.9999999997775775,0.0008991897406,1.5,473.0,550.0,667.56244,2.077271e-08,279.71927,925.61804,258.0556,1.2201599,1.2201599,106.39144,-173.32782
1.5-473-550,0.1012048192,0.2024096384,0.9811301449181302,0.0008822221607,1.5,473.0,550.0,513.95,0.27916458,608.16876,697.33374,183.38373,0.37682095,0.09765637,431.7323,-176.43646
1.5-473-550,0.1554216867,0.3108433734,0.9337895728803226,0.000839654004,1.5,473.0,550.0,568.6866,0.8741724,541.75073,722.90576,154.21918,0.5241529,-0.3500195,389.33713,-152.4136
1.5-473-550,0.191566265,0.38313253,0.8705746216627653,-0.0007828117684,1.5,473.0,550.0,587.3836,1.1364062,511.90472,731.539,144.1554,0.67449397,-0.4619122,364.5707,-147.33401
1.5-473-550,0.2614457831,0.5228915662,0.9811301448069191,0.0008822221606,1.5,473.0,550.0,1133.3141,0.52518433,46.181618,830.0783,-303.23578,0.7792276,0.25404328,252.87299,206.69138
1.5-473-550,0.3421686747,0.6843373494,0.16340484119544796,0.0001469319568,1.5,473.0,550.0,572.0786,1.7262415,537.0327,634.3687,62.2901,1.612989,-0.11325252,366.22098,-170.81174
1.5-473-550,0.4326530612,0.8653061224,0.9811301446957078,-0.0008822221605,1.5,473.0,550.0,678.8025,0.91518885,181.19765,918.86,240.0575,1.2169495,0.3017606,114.00579,-67.19186
1.5-473-550,0.2313253012,0.4626506024,0.9442484491033019,0.0008490585182,1.5,473.0,550.0,1015.32153,1.1572357,53.397804,792.1129,-223.20862,0.72270596,-0.43452978,297.63138,244.23358
1.5-473-550,0.3421686747,0.6843373494,0.8902853187445975,0.000800535425,1.5,473.0,550.0,803.65295,1.8826326,79.294,857.279,53.626038,1.0974659,-0.78516674,191.60089,112.30689
1.5-473-550,0.06326530613,0.12653061226,0.9726063657286781,0.0008745576659,1.5,473.0,550.0,473.0,0.28827122,649.85333,671.39105,198.39105,0.32401338,0.035742164,464.53845,-185.31488
1.5-473-550,0.2771084337,0.5542168674,0.7098470004029654,0.0006382871403,1.5,473.0,550.0,613.65173,1.593806,471.04868,746.84607,133.19434,1.0928679,-0.5009382,305.4014,-165.64728
1.5-473-550,0.4102040816,0.8204081632,0.9895407848051817,0.0008897849218,1.5,473.0,550.0,771.5365,0.7161215,87.14446,914.99475,143.45825,1.1654696,0.44934815,123.86814,36.72368
1.5-473-550,0.1602409638,0.3204819276,0.8705746216627653,-0.0007828117684,1.5,473.0,550.0,537.53894,0.973049,582.2337,705.6238,168.08484,0.58972216,-0.38332683,399.99396,-182.23975
1.5-473-550,0.3192771085,0.638554217,0.9985491866279087,-0.0008978851843,1.5,473.0,550.0,1163.5875,0.048195325,44.701912,877.0869,-286.5006,0.93294984,0.88475454,188.45647,143.75455
1.5-473-550,0.2240963855,0.448192771,0.993141646395439,0.0008930227796,1.5,473.0,550.0,1269.2872,0.16751243,40.318306,802.2671,-467.02014,0.65791273,0.4904003,294.01566,253.69736
1.5-473-550,0.1927710843,0.3855421686,0.9337895728803226,0.000839654004,1.5,473.0,550.0,750.56866,1.0853953,98.862114,754.522,3.953308,0.62085074,-0.4645446,346.73337,247.87125
1.5-473-550,0.2542168675,0.508433735,0.9772248215579286,-0.000878710534,1.5,473.0,550.0,1119.8376,0.6229988,46.888313,822.8462,-296.99146,0.7610916,0.13809282,262.1735,215.28519
1.5-473-550,0.2493975904,0.4987951808,0.7098470004029654,0.0006382871403,1.5,473.0,550.0,586.0075,1.4659191,514.4569,723.5021,137.49457,1.008926,-0.4569931,337.98288,-176.47403
1.5-473-550,0.3975903615,0.795180723,0.8475322498919685,0.0007620923041,1.5,473.0,550.0,753.5371,2.3870578,93.547264,871.49695,117.95984,1.2634038,-1.123654,158.94427,65.39701
1.5-473-550,0.2421686747,0.4843373494,0.03282169734692774,-2.951293353e-05,1.5,473.0,550.0,517.3431,1.3743155,604.7245,545.38684,28.043762,1.466564,0.09224856,473.8974,-130.82709
1.5-473-550,0.07346938777,0.14693877554,0.9442484491033019,0.0008490585182,1.5,473.0,550.0,473.0,0.5237241,649.85333,669.18555,196.18555,0.3571883,-0.16653576,462.939,-186.91434
1.5-473-550,0.2,0.4,0.8705746216627653,0.0007828117684,1.5,473.0,550.0,609.85614,1.2183778,476.6485,738.80707,128.95093,0.69873685,-0.519641,354.60724,-122.04126
1.5-473-550,0.2903614458,0.5807228916,0.9993254186825348,0.0008985831642,1.5,473.0,550.0,1187.9644,0.018968066,43.587105,858.0806,-329.88373,0.8487341,0.82976604,216.87408,173.28699
1.5-473-550,0.5,1.0,0.9993256565633628,0.0008985833781,1.5,473.0,550.0,657.37885,0.04196652,362.1516,934.0929,276.71405,1.3119006,1.269934,86.58602,-275.56558
1.5-473-550,0.08571428574,0.17142857148,0.9996041060258503,0.000898833757,1.5,473.0,550.0,473.0,0.0032566397,649.85333,692.5261,219.52612,0.33925572,0.33599907,440.96524,-208.88809
1.5-473-550,0.1590361445,0.318072289,0.9996041061370615,-0.0008988337571,1.5,473.0,550.0,888.24915,0.009133121,65.27665,747.4718,-140.77734,0.48099592,0.4718628,368.85016,303.57352
1.5-473-550,0.0244897959,0.0489795918,0.9844268823757469,-0.0008851865532,1.5,473.0,550.0,473.0,0.14738311,649.85333,654.9483,181.9483,0.27095607,0.12357296,487.9888,-161.86453
1.5-473-550,0.3253012049,0.6506024098,0.29146971579860803,-0.0002620865782,1.5,473.0,550.0,565.7203,1.6599034,546.7909,652.27856,86.55829,1.5294154,-0.13048804,356.41312,-190.37778
1.5-473-550,0.0244897959,0.0489795918,0.16340484119544796,0.0001469319568,1.5,473.0,550.0,473.0,1.2082222,649.85333,483.08875,10.088745,0.87468743,-0.33353472,601.10034,-48.75299
1.5-473-550,0.2144578313,0.4289156626,0.9337895728803226,-0.000839654004,1.5,473.0,550.0,958.7145,1.270667,58.0774,773.6375,-185.07697,0.6824804,-0.58818656,320.7238,262.6464
1.5-473-550,0.4163265306,0.8326530612,0.4163512323516047,-0.0003743787567,1.5,473.0,550.0,642.8807,2.2450905,411.60358,751.2161,108.33545,1.6028632,-0.6422273,246.84401,-164.75957
1.5-473-550,0.1987951807,0.3975903614,0.22784103833049427,-0.0002048723242,1.5,473.0,550.0,507.37146,1.243163,615.5501,551.70795,44.336487,1.2622129,0.019049883,488.5232,-127.02692
1.5-473-550,0.3036144579,0.6072289158,0.7098470004029654,0.0006382871403,1.5,473.0,550.0,629.35004,1.7166519,442.08023,768.22754,138.8775,1.1683463,-0.54830563,275.64575,-166.43448
1.5-473-550,0.02040816324,0.04081632648,0.9772248215579286,-0.000878710534,1.5,473.0,550.0,473.0,0.21566494,649.85333,651.3137,178.31372,0.27101693,0.055351987,491.76505,-158.08829
1.5-473-550,0.2048192771,0.4096385542,0.9915009044774012,0.0008915474413,1.5,473.0,550.0,1208.6416,0.21142049,42.70173,784.68665,-423.95496,0.60473675,0.39331627,317.59003,274.8883
1.5-473-550,0.1445783132,0.2891566264,0.9531521909241071,-0.0008570646715,1.5,473.0,550.0,571.54803,0.7836739,536.69495,720.5723,149.02429,0.4834881,-0.30018577,396.1148,-140.58014
1.5-473-550,0.3072289157,0.6144578314,0.4163512326852384,0.000374378757,1.5,473.0,550.0,566.29865,1.609743,545.63446,672.7398,106.44116,1.4194622,-0.1902808,346.94678,-198.68768
1.5-473-550,0.191566265,0.38313253,0.9985491866279087,-0.0008978851843,1.5,473.0,550.0,1117.9414,0.033979975,46.989326,775.2877,-342.6537,0.56302106,0.5290411,331.6152,284.6259
1.5-473-550,0.1120481927,0.2240963854,0.9956514833048237,-0.0008952795992,1.5,473.0,550.0,651.52454,0.19377197,385.6266,709.3223,57.79779,0.38614985,0.19237788,418.36737,32.740784
1.5-473-550,0.1168674698,0.2337349396,0.47796385156444166,-0.0004297801918,1.5,473.0,550.0,476.31845,1.0658754,646.7229,562.28094,85.962494,0.83715725,-0.22871816,521.0157,-125.707214
1.5-473-550,0.3891566266,0.7783132532,0.9915009044774012,-0.0008915474413,1.5,473.0,550.0,1064.0864,0.43294024,50.06849,908.6703,-155.41614,1.1180542,0.6851139,135.76743,85.69894
1.5-473-550,0.4469387755,0.893877551,0.9996041061370615,-0.0008988337571,1.5,473.0,550.0,665.1936,0.018523356,302.2257,926.34564,261.15204,1.227824,1.2093006,104.73812,-197.48758
1.5-473-550,0.3096385542,0.6192771084,0.5396442233296441,0.0004852425493,1.5,473.0,550.0,591.5175,1.66559,505.29437,713.4079,121.89038,1.3345882,-0.33100188,314.23257,-191.0618
1.5-473-550,0.2120481927,0.4240963854,0.9999999998887887,0.0008991897407,1.5,473.0,550.0,1295.9022,2.077271e-08,39.92301,793.90906,-501.99316,0.6177673,0.6177673,306.78265,266.85965
1.5-473-550,0.3963855422,0.7927710844,0.9996041061370615,-0.0008988337571,1.5,473.0,550.0,1096.111,0.017405292,48.17408,913.25116,-182.8598,1.1270689,1.1096636,129.94246,81.76838
1.5-473-550,0.1240963855,0.248192771,0.8902853188558087,-0.0008005354251,1.5,473.0,550.0,503.9513,0.8434095,619.0113,685.0695,181.11823,0.48839805,-0.35501143,431.92157,-187.08972
1.5-473-550,0.3457831326,0.6915662652,0.9844268823757469,0.0008851865532,1.5,473.0,550.0,1072.0402,0.5993868,49.573402,887.8971,-184.14307,1.01829,0.41890323,168.2361,118.6627
1.5-473-550,0.1734939759,0.3469879518,0.3542741439827602,-0.0003185596757,1.5,473.0,550.0,500.00824,1.1382766,623.0017,562.48047,62.47223,1.1006699,-0.037606716,493.87512,-129.12659
1.5-473-550,0.1674698795,0.334939759,0.9956514833048237,-0.0008952795992,1.5,473.0,550.0,906.5574,0.11384662,63.155403,753.3419,-153.21545,0.5040772,0.39023057,360.35663,297.20123
1.5-473-550,0.4387755102,0.8775510204,0.9071317792997667,0.0008156835895,1.5,473.0,550.0,668.9192,1.4413638,266.82877,901.83154,232.91235,1.2890717,-0.15229213,124.05207,-142.7767
1.5-473-550,0.3626506025,0.725301205,0.22784103821928303,0.0002048723241,1.5,473.0,550.0,595.9716,1.8643522,499.1571,663.97925,68.00763,1.620297,-0.24405527,334.96594,-164.19116
1.5-473-550,0.1542168674,0.3084337348,0.9993254186825348,-0.0008985831642,1.5,473.0,550.0,857.5354,0.018543324,69.422035,743.3501,-114.1853,0.4700904,0.45154706,374.2495,304.82748
1.5-473-550,0.4632653061,0.9265306122,0.999825745120423,0.0008990330526,1.5,473.0,550.0,660.16003,0.0053075165,349.97754,929.3277,269.16766,1.2556841,1.2503766,98.32957,-251.64798
1.5-473-550,0.4285714286,0.8571428572,0.9895407848051817,-0.0008897849218,1.5,473.0,550.0,687.6439,0.6590606,147.55446,919.9215,232.27759,1.2021699,0.5431093,114.53002,-33.024437
1.5-473-550,0.134939759,0.269879518,0.9915009044774012,0.0008915474413,1.5,473.0,550.0,706.00146,0.3571315,120.48052,725.26697,19.265503,0.4337794,0.07664788,396.73132,276.2508
1.5-473-550,0.1975903614,0.3951807228,0.9993254186825348,0.0008985831642,1.5,473.0,550.0,1184.4879,0.014833471,43.750282,780.8724,-403.61554,0.57850516,0.5636717,324.26184,280.51157
1.5-473-550,0.1602409638,0.3204819276,0.7098470004029654,0.0006382871403,1.5,473.0,550.0,509.66174,1.0506163,613.15106,652.0554,142.39368,0.73870254,-0.31191373,439.02795,-174.12311
1.5-473-550,0.3180722892,0.6361445784,0.960723235489121,0.0008638724771,1.5,473.0,550.0,983.05505,1.1852057,55.84223,864.8793,-118.17578,0.96504396,-0.22016174,197.70522,141.86298
1.5-473-550,0.3060240964,0.6120481928,0.9993254186825348,-0.0008985831642,1.5,473.0,550.0,1175.9879,0.01991566,44.134834,868.8873,-307.1006,0.8944429,0.8745273,200.96394,156.8291
1.5-473-550,0.3819277109,0.7638554218,0.9772248215579286,-0.000878710534,1.5,473.0,550.0,999.40283,1.0327253,54.531166,902.1732,-97.229614,1.1142604,0.0815351,143.02211,88.490944
1.5-473-550,0.3987951807,0.7975903614,0.9993254187937461,0.0008985831643,1.5,473.0,550.0,1093.4908,0.03305181,48.326393,913.9656,-179.52527,1.1326139,1.099562,128.57846,80.25207
1.5-473-550,0.3168674699,0.6337349398,0.9844268823757469,0.0008851865532,1.5,473.0,550.0,1097.3966,0.5314771,48.099342,871.37537,-226.02124,0.9393122,0.40783513,193.69435,145.595
1.5-473-550,0.01836734691,0.03673469382,0.9956514833048237,0.0008952795992,1.5,473.0,550.0,473.0,0.039837442,649.85333,655.0096,182.00958,0.2584825,0.21864504,489.48276,-160.37057
1.5-473-550,0.2987951807,0.5975903614,0.9844268823757469,-0.0008851865532,1.5,473.0,550.0,1110.2562,0.5011357,47.39997,859.4245,-250.83173,0.88731724,0.38618153,211.46417,164.06421
1.5-473-550,0.2746987952,0.5493975904,0.9999999997775775,-0.0008991897406,1.5,473.0,550.0,1204.612,2.077271e-08,42.890602,846.6332,-357.97888,0.801653,0.801653,233.55017,190.65958
1.5-473-550,0.3554216868,0.7108433736,0.5396442233296441,-0.0004852425493,1.5,473.0,550.0,621.43915,1.9024118,457.64993,747.98157,126.54242,1.433944,-0.46846783,268.27335,-189.37659
1.5-473-550,0.08775510207,0.17551020414,0.9337895728803226,0.000839654004,1.5,473.0,550.0,473.0,0.5811512,649.85333,674.59357,201.59357,0.38693836,-0.19421282,453.95892,-195.89441
1.5-473-550,0.1301204819,0.2602409638,0.8902853187445975,0.000800535425,1.5,473.0,550.0,510.28052,0.8621141,612.4846,689.3348,179.05426,0.50141734,-0.36069673,426.13712,-186.3475
1.5-473-550,0.1602409638,0.3204819276,0.9945113832197316,0.0008942544329,1.5,473.0,550.0,858.873,0.154314,69.22483,746.8342,-112.03876,0.48767856,0.33336455,368.78162,299.5568
1.5-473-550,0.4122448979,0.8244897958,0.9337895728803226,-0.000839654004,1.5,473.0,550.0,745.43384,1.8243884,96.21343,901.1427,155.70886,1.2177476,-0.6066408,132.77066,36.557228
1.5-473-550,0.1,0.2,0.9215671387250775,0.0008286637166,1.5,473.0,550.0,473.49045,0.64239085,649.3906,678.6092,205.11874,0.41696024,-0.22543061,446.4434,-202.94724
1.5-473-550,0.4428571429,0.8857142858,0.9980223152919674,-0.000897411427,1.5,473.0,550.0,667.5617,0.116483055,279.72607,925.1557,257.594,1.2217817,1.1052986,106.705025,-173.02106
1.5-473-550,0.3843373495,0.768674699,0.9671530515086588,0.0008696541017,1.5,473.0,550.0,954.7356,1.3681872,58.272346,900.3691,-54.366516,1.1288393,-0.23934793,143.33704,85.06469
1.5-473-550,0.2686746988,0.5373493976,0.9337895728803226,-0.000839654004,1.5,473.0,550.0,916.4041,1.3924584,62.12095,820.18317,-96.22095,0.8454469,-0.54701155,256.1273,194.00635
1.5-473-550,0.1530120482,0.3060240964,0.8902853188558087,-0.0008005354251,1.5,473.0,550.0,536.2561,0.93025416,583.69324,706.5314,170.27527,0.5545814,-0.37567276,402.81598,-180.87726
1.5-473-550,0.3265060241,0.6530120482,0.9872047710533666,0.0008876844022,1.5,473.0,550.0,1103.4417,0.45528346,47.764107,878.0661,-225.37555,0.96368617,0.5084027,184.21138,136.44727
1.5-473-550,0.2662650602,0.5325301204,0.9915009044774012,-0.0008915474413,1.5,473.0,550.0,1177.1033,0.24467333,44.08381,837.3195,-339.78375,0.78419924,0.5395259,244.92863,200.84482
1.5-473-550,0.4510204082,0.9020408164,0.3542741439827602,-0.0003185596757,1.5,473.0,550.0,651.2884,1.9875475,386.70374,755.341,104.05261,1.667027,-0.32052052,235.65865,-151.04509
1.5-473-550,0.2746987952,0.5493975904,0.7892004020960466,-0.000709640905,1.5,473.0,550.0,642.0673,1.6246508,412.48938,773.8444,131.7771,1.0067157,-0.6179352,286.78403,-125.70535
1.5-473-550,0.2253012048,0.4506024096,0.22784103833049427,-0.0002048723242,1.5,473.0,550.0,515.2579,1.3342229,607.0432,567.4764,52.218506,1.3331126,-0.0011103153,464.6857,-142.35751
1.5-473-550,0.3710843374,0.7421686748,0.9973789933391554,-0.0008968329585,1.5,473.0,550.0,1113.062,0.11415096,47.25004,903.2647,-209.7973,1.0703775,0.9562265,146.61662,99.366585
1.5-473-550,0.2265060241,0.4530120482,0.22784103833049427,-0.0002048723242,1.5,473.0,550.0,515.563,1.336926,606.704,568.22797,52.664978,1.3362659,-0.00066006184,463.57318,-143.1308
1.5-473-550,0.4959183674,0.9918367348,0.9442484491033019,0.0008490585182,1.5,473.0,550.0,657.4213,1.2408595,361.98013,921.7968,264.3755,1.3468598,0.106000304,95.88506,-266.09506
1.5-473-550,0.1518072289,0.3036144578,0.9965972946963587,0.0008961300631,1.5,473.0,550.0,827.8989,0.10651716,74.26032,740.4744,-87.4245,0.46665674,0.36013958,377.56613,303.30582
1.5-473-550,0.1734939759,0.3469879518,0.09831793589120096,8.840647929e-05,1.5,473.0,550.0,496.73752,1.149062,626.31165,518.71375,21.976227,1.2718557,0.122793674,522.3561,-103.95557
1.5-473-550,0.4081632653,0.8163265306,0.9442484491033019,-0.0008490585182,1.5,473.0,550.0,778.8521,1.794174,85.07404,902.6214,123.76929,1.2005041,-0.5936699,133.1141,48.040062
1.5-473-550,0.1385542168,0.2771084336,0.3542741439827602,-0.0003185596757,1.5,473.0,550.0,484.34503,1.0832603,638.85284,544.8647,60.519653,1.0014057,-0.08185458,522.353,-116.49982
1.5-473-550,0.2975903615,0.595180723,0.9996041060258503,0.000898833757,1.5,473.0,550.0,1183.0302,0.0103785,43.812782,863.2642,-319.76593,0.8696927,0.8593142,209.34885,165.53607
1.5-473-550,0.2626506024,0.5253012048,0.9985491866279087,0.0008978851843,1.5,473.0,550.0,1211.9926,0.03963097,42.559334,836.6835,-375.30908,0.7669939,0.72736293,247.37303,204.81369
1.5-473-550,0.08367346941,0.16734693882,0.5396442233296441,-0.0004852425493,1.5,473.0,550.0,473.0,1.0899302,649.85333,563.7835,90.78351,0.7023194,-0.3876108,533.4497,-116.403625
1.5-473-550,0.3180722892,0.6361445784,0.6021818746711394,-0.0005414757638,1.5,473.0,550.0,611.12024,1.7326756,475.39212,741.2746,130.15436,1.3033571,-0.42931843,289.00986,-186.38226
1.5-473-550,0.3144578314,0.6289156628,0.4163512326852384,0.000374378757,1.5,473.0,550.0,572.5464,1.6423879,535.2367,678.3685,105.82214,1.4355326,-0.2068553,339.48,-195.75668
1.5-473-550,0.2493975904,0.4987951808,0.9996041060258503,0.000898833757,1.5,473.0,550.0,1231.2739,0.008888861,41.772194,826.13806,-405.13586,0.7265338,0.71764493,262.40134,220.62915
1.5-473-550,0.2445783133,0.4891566266,0.7098470004029654,0.0006382871403,1.5,473.0,550.0,579.7828,1.4417758,524.41315,719.4021,139.61932,0.993997,-0.44777882,343.72046,-180.69269
1.5-473-550,0.0,0.0,0.9945146915314984,-0.0008942574077,1.5,473.0,550.0,473.0,0.90842825,649.85333,646.9919,173.99188,0.24262024,-0.665808,499.87576,-149.97757
1.5-473-550,0.1746987951,0.3493975902,0.9215172744995802,-0.0008286188792,1.5,473.0,550.0,598.4486,0.97808653,495.10574,734.75903,136.31042,0.5828465,-0.39524,370.95145,-124.1543
1.5-473-550,0.2614457831,0.5228915662,0.9726063657286781,0.0008745576659,1.5,473.0,550.0,1088.7926,0.75390685,48.601997,827.2839,-261.50873,0.7870702,0.03316337,254.9214,206.3194
1.5-473-550,0.3843373495,0.768674699,0.22784103821928303,0.0002048723241,1.5,473.0,550.0,614.2457,2.0222914,470.4405,679.5054,65.25964,1.6499599,-0.3723315,315.9525,-154.48798
1.5-473-550,0.1614457831,0.3228915662,0.9895407848051817,-0.0008897849218,1.5,473.0,550.0,831.1599,0.28834924,73.7042,746.2313,-84.92859,0.49433032,0.20598108,368.68182,294.97763
1.5-473-550,0.1036144578,0.2072289156,0.47796385156444166,0.0004297801918,1.5,473.0,550.0,473.02145,1.0951737,649.83307,556.8044,83.78293,0.8034418,-0.2917319,530.1598,-119.67328
1.5-473-550,0.2939759036,0.5879518072,0.9956514833048237,-0.0008952795992,1.5,473.0,550.0,1168.3741,0.13809301,44.48301,859.52203,-308.8521,0.86276,0.724667,213.92705,169.44403
1.5-473-550,0.178313253,0.356626506,0.6600967573005477,0.0005935522321,1.5,473.0,550.0,516.4857,1.1167247,605.6779,648.8682,132.3825,0.8390627,-0.27766204,431.85248,-173.82544
1.5-473-550,0.1373493975,0.274698795,0.8705746216627653,0.0007828117684,1.5,473.0,550.0,513.061,0.9054624,609.48096,688.19824,175.13727,0.53399736,-0.37146503,423.7727,-185.70825
1.5-473-550,0.1192771084,0.2385542168,0.03282169735804886,2.951293354e-05,1.5,473.0,550.0,474.70752,1.1198337,648.2426,490.001,15.293488,1.1735592,0.05372548,563.2803,-84.96234
1.5-473-550,0.09591836738,0.19183673476,0.9811301448069191,0.0008822221606,1.5,473.0,550.0,473.0,0.19425137,649.85333,693.7803,220.78027,0.3678297,0.17357834,436.40442,-213.44891
1.5-473-550,0.4653061225,0.930612245,0.9895407848051817,-0.0008897849218,1.5,473.0,550.0,659.78046,0.54663295,352.45636,927.3483,267.56787,1.2671461,0.72051316,99.153404,-253.30295
1.5-473-550,0.0387755102,0.0775510204,0.16340484097302546,-0.0001469319566,1.5,473.0,550.0,473.0,1.2430104,649.85333,485.21228,12.21228,0.90391755,-0.33909285,595.74945,-54.10388
1.5-473-550,0.4612244898,0.9224489796,0.9999999997775775,-0.0008991897406,1.5,473.0,550.0,660.55536,2.077271e-08,346.29355,929.0294,268.47406,1.2521541,1.2521541,99.05857,-247.23499
