case_id,x,x_over_L,r_over_R,r_signed,diameter,inlet_temperature,wall_heat_flux,true_temperature,true_u,true_density,pred_temperature,error_temperature,pred_u,error_u,pred_density,error_density
1.5-473-550,0.1867469879,0.3734939758,0.5396442233296441,0.0004852425493,1.5,473.0,550.0,512.5311,1.1686084,610.07544,557.34796,44.816833,1.2597069,0.09109843,527.44946,-82.62598
1.5-473-550,0.2939759036,0.5879518072,0.9772248215579286,-0.000878710534,1.5,473.0,550.0,1077.6062,0.71169186,49.254883,935.248,-142.35822,1.0712425,0.3595506,145.96548,96.7106
1.5-473-550,0.265060241,0.530120482,0.9442484491033019,-0.0008490585182,1.5,473.0,550.0,957.1903,1.2733581,58.096252,867.8983,-89.29199,1.1676939,-0.10566425,202.95547,144.85922
1.5-473-550,0.1204819277,0.2409638554,0.9945113832197316,-0.0008942544329,1.5,473.0,550.0,670.7812,0.29129153,250.21994,658.96747,-11.813721,0.5936648,0.3023733,383.44907,133.22913
1.5-473-550,0.4020408163,0.8040816326,0.9442484492145131,-0.0008490585183,1.5,473.0,550.0,850.1838,1.8915956,70.67529,818.1416,-32.042175,1.444931,-0.44666457,187.39328,116.71799
1.5-473-550,0.3722891567,0.7445783134,0.8902853188558087,-0.0008005354251,1.5,473.0,550.0,804.8726,2.0452416,78.94475,799.21063,-5.6619873,1.6539181,-0.39132345,209.18999,130.24524
1.5-473-550,0.2843373494,0.5686746988,0.9895407848051817,-0.0008897849218,1.5,473.0,550.0,1148.2205,0.32159084,45.446716,952.2789,-195.94159,0.9777383,0.6561475,136.81248,91.36577
1.5-473-550,0.2891566265,0.578313253,0.9671530515086588,0.0008696541017,1.5,473.0,550.0,1031.3419,0.9631761,52.210754,917.7024,-113.63953,1.1163219,0.15314585,159.6157,107.40495
1.5-473-550,0.4428571429,0.8857142858,0.998978267368595,0.0008982710093,1.5,473.0,550.0,667.5624,0.057608303,279.71997,799.60406,132.04169,1.1133387,1.0557305,199.42082,-80.29915
1.5-473-550,0.3168674699,0.6337349398,0.5396442233296441,0.0004852425493,1.5,473.0,550.0,597.118,1.6999462,497.29327,647.5227,50.404724,1.753789,0.053842783,401.32425,-95.969025
1.5-473-550,0.4,0.8,0.6603133567468745,0.0005937469961,1.5,473.0,550.0,655.9245,2.291082,368.0228,689.1371,33.212585,2.093783,-0.197299,303.62518,-64.39761
1.5-473-550,0.1831325301,0.3662650602,0.9531521908128958,-0.0008570646714,1.5,473.0,550.0,740.531,0.8926435,102.16557,754.6217,14.090698,0.9081869,0.015543401,303.9456,201.78001
1.5-473-550,0.1156626505,0.231325301,0.5396442233296441,-0.0004852425493,1.5,473.0,550.0,476.63132,1.048576,646.4278,518.9257,42.294403,1.0858401,0.03726411,574.2541,-72.173706
1.5-473-550,0.2530120482,0.5060240964,0.9915009044774012,0.0008915474413,1.5,473.0,550.0,1189.8553,0.23669457,43.501495,930.6974,-259.15796,0.8990546,0.66236,158.79384,115.29234
1.5-473-550,0.2421686747,0.4843373494,0.9993254186825348,0.0008985831642,1.5,473.0,550.0,1247.0807,0.016053194,41.14569,930.4918,-316.58887,0.8308801,0.8148269,160.39914,119.25345
1.5-473-550,0.1855421686,0.3710843372,0.7525573838264147,0.0006766918789,1.5,473.0,550.0,533.1109,1.129462,587.19073,594.333,61.222107,1.2835162,0.15405416,461.94394,-125.246796
1.5-473-550,0.4591836735,0.918367347,0.7525573838264147,0.0006766918789,1.5,473.0,550.0,659.2175,1.656469,354.7289,693.63165,34.414124,2.062111,0.4056419,270.7807,-83.94821
1.5-473-550,0.02244897957,0.04489795914,0.9844268823757469,-0.0008851865532,1.5,473.0,550.0,473.00003,0.14652503,649.85333,480.51718,7.517151,0.410447,0.26392198,579.2148,-70.63855
1.5-473-550,0.191566265,0.38313253,0.9726063657286781,-0.0008745576659,1.5,473.0,550.0,975.40533,0.6130002,56.49112,798.1284,-177.27692,0.8512959,0.23829567,267.1084,210.61728
1.5-473-550,0.1662650602,0.3325301204,0.9811301446957078,-0.0008822221605,1.5,473.0,550.0,800.4612,0.47762808,79.669876,753.41895,-47.042236,0.75359845,0.27597037,303.2747,223.60481
1.5-473-550,0.3313253012,0.6626506024,0.5396442233296441,0.0004852425493,1.5,473.0,550.0,607.1256,1.7711611,481.97275,655.53265,48.407043,1.813955,0.04279387,387.76724,-94.205505
1.5-473-550,0.3457831326,0.6915662652,0.9956514833048237,0.0008952795992,1.5,473.0,550.0,1128.2635,0.16783816,46.437775,946.98413,-181.27942,1.0561763,0.88833815,123.08884,76.65106
1.5-473-550,0.2831325301,0.5662650602,0.03282169734692774,-2.951293353e-05,1.5,473.0,550.0,526.77856,1.4775286,594.23224,616.1295,89.35095,1.3587239,-0.11880469,476.68182,-117.550415
1.5-473-550,0.2975903615,0.595180723,0.3542741439827602,-0.0003185596757,1.5,473.0,550.0,549.6621,1.5532156,567.6807,638.8936,89.23151,1.5067879,-0.046427727,449.66232,-118.0184
1.5-473-550,0.03469387754,0.06938775508,0.8475322498919685,0.0007620923041,1.5,473.0,550.0,473.00003,0.8050288,649.85333,463.41977,-9.580261,0.749341,-0.055687785,603.2813,-46.57202
1.5-473-550,0.07346938777,0.14693877554,0.9945113832197316,0.0008942544329,1.5,473.0,550.0,473.00003,0.056189295,649.85333,557.47766,84.47763,0.48973197,0.43354267,482.77512,-167.07822
1.5-473-550,0.03469387754,0.06938775508,0.9985491866279087,0.0008978851843,1.5,473.0,550.0,473.00003,0.013315136,649.85333,499.73544,26.735413,0.38984364,0.3765285,552.9094,-96.94391
1.5-473-550,0.1361445783,0.2722891566,0.4163512323516047,-0.0003743787567,1.5,473.0,550.0,484.2104,1.0737606,638.9891,546.6593,62.448914,1.1045573,0.030796647,559.0048,-79.98425
1.5-473-550,0.4938775511,0.9877551022,0.9985491866279087,-0.0008978851843,1.5,473.0,550.0,657.493,0.07508271,361.69086,715.1016,57.608643,1.0606209,0.9855382,263.08035,-98.610504
1.5-473-550,0.2240963855,0.448192771,0.9337895728803226,0.000839654004,1.5,473.0,550.0,979.1677,1.2608693,56.2641,803.6514,-175.5163,1.0949523,-0.16591692,261.79108,205.52698
1.5-473-550,0.2951807229,0.5903614458,0.9956514833048237,-0.0008952795992,1.5,473.0,550.0,1167.3073,0.13876098,44.53183,966.131,-201.17627,0.96211475,0.82335377,124.58928,80.05745
1.5-473-550,0.3843373495,0.768674699,0.998978267368595,0.0008982710093,1.5,473.0,550.0,1107.9937,0.04634678,47.520874,903.01074,-204.98291,1.0871004,1.0407536,141.39789,93.877014
1.5-473-550,0.1939759036,0.3879518072,0.22784103821928303,0.0002048723241,1.5,473.0,550.0,505.68872,1.2206755,617.253,589.7586,84.069885,1.1737916,-0.04688382,521.08417,-96.16882
1.5-473-550,0.2831325301,0.5662650602,0.9531521909241071,0.0008570646715,1.5,473.0,550.0,975.20734,1.2088019,56.486084,893.52405,-81.68329,1.1734669,-0.035334945,178.71043,122.22435
1.5-473-550,0.4102040816,0.8204081632,0.9337895728803226,0.000839654004,1.5,473.0,550.0,759.21014,1.8555905,91.06395,798.8149,39.604736,1.5048451,-0.35074532,197.58646,106.52251
1.5-473-550,0.1469879518,0.2939759036,0.7525573838264147,-0.0006766918789,1.5,473.0,550.0,504.51663,1.0042142,618.4392,548.35834,43.841705,1.1498559,0.14564168,509.2223,-109.21692
1.5-473-550,0.3530120482,0.7060240964,0.29146971579860803,-0.0002620865782,1.5,473.0,550.0,591.33875,1.8136603,505.79782,672.90674,81.56799,1.6810379,-0.13262236,406.06284,-99.734985
1.5-473-550,0.3566265061,0.7132530122,0.9945113832197316,0.0008942544329,1.5,473.0,550.0,1112.0148,0.224832,47.30603,934.28345,-177.73132,1.0813781,0.8565461,128.16339,80.85736
1.5-473-550,0.4224489796,0.8448979592,0.9973789934503665,-0.0008968329586,1.5,473.0,550.0,705.01843,0.18153095,121.4518,835.5482,130.52979,1.1251994,0.9436685,177.34587,55.894073
1.5-473-550,0.0102040816,0.0204081632,0.9531521908128958,-0.0008570646714,1.5,473.0,550.0,473.00003,0.42327064,649.85333,462.41696,-10.583069,0.47550902,0.052238375,607.0125,-42.84082
1.5-473-550,0.1493975903,0.2987951806,0.9872047710533666,-0.0008876844022,1.5,473.0,550.0,738.84735,0.41884995,99.01787,720.8427,-18.004639,0.68873155,0.2698816,330.02124,231.00337
1.5-473-550,0.395180723,0.790361446,0.03282169734692774,-2.951293353e-05,1.5,473.0,550.0,617.9369,2.1022122,464.19873,667.0476,49.110718,1.7184657,-0.3837465,392.51294,-71.68579
1.5-473-550,0.104819277,0.209638554,0.6021818746711394,-0.0005414757638,1.5,473.0,550.0,473.23523,1.0383072,649.6315,506.07373,32.8385,1.0655588,0.027251601,579.01715,-70.61432
1.5-473-550,0.05918367348,0.11836734696,0.9973789933391554,0.0008968329585,1.5,473.0,550.0,473.00003,0.02626192,649.85333,534.4183,61.418243,0.44772834,0.4214664,508.9593,-140.89404
1.5-473-550,0.2879518072,0.5759036144,0.7098470004029654,-0.0006382871403,1.5,473.0,550.0,620.696,1.6434748,458.6981,669.99304,49.29706,1.7032881,0.05981326,365.47784,-93.220245
1.5-473-550,0.3903614458,0.7807228916,0.9671530515086588,-0.0008696541017,1.5,473.0,550.0,948.2779,1.425056,58.848663,856.57855,-91.69934,1.3033104,-0.12174559,166.87149,108.02283
1.5-473-550,0.1855421686,0.3710843372,0.7892004020960466,-0.000709640905,1.5,473.0,550.0,540.848,1.1199418,578.3578,612.8058,71.95776,1.2594943,0.13955247,440.66138,-137.69641
1.5-473-550,0.3987951807,0.7975903614,0.9671530516198701,-0.0008696541018,1.5,473.0,550.0,941.0341,1.5027689,59.546722,844.6269,-96.40723,1.3111181,-0.19165075,172.46661,112.91989
1.5-473-550,0.1373493975,0.274698795,0.4163512326852384,0.000374378757,1.5,473.0,550.0,484.7816,1.0744156,638.4111,547.0199,62.23831,1.1063999,0.03198433,558.54913,-79.86194
1.5-473-550,0.09387755105,0.1877551021,0.9965972946963587,0.0008961300631,1.5,473.0,550.0,473.00003,0.034332987,649.85333,600.10834,127.10831,0.52690184,0.49256885,438.79843,-211.0549
1.5-473-550,0.3144578314,0.6289156628,0.9337895728803226,0.000839654004,1.5,473.0,550.0,898.4203,1.5329269,64.15234,872.66205,-25.75824,1.3440689,-0.18885803,182.30511,118.15277
1.5-473-550,0.3975903615,0.795180723,0.6600967573005477,0.0005935522321,1.5,473.0,550.0,655.24774,2.2711532,370.75494,688.8492,33.60144,2.088135,-0.18301821,304.82013,-65.934814
1.5-473-550,0.1253012048,0.2506024096,0.9772248215579286,0.000878710534,1.5,473.0,550.0,583.7302,0.57148534,516.5715,652.3303,68.6001,0.6721736,0.10068828,390.1266,-126.444885
1.5-473-550,0.2012048193,0.4024096386,0.9772248215579286,0.000878710534,1.5,473.0,550.0,1126.0778,0.519606,46.558167,824.5146,-301.56317,0.8540609,0.3344549,245.4755,198.91733
1.5-473-550,0.2686746988,0.5373493976,0.9965972946963587,0.0008961300631,1.5,473.0,550.0,1197.2126,0.09796762,43.18747,954.65295,-242.5597,0.9021434,0.8041758,138.67456,95.48709
1.5-473-550,0.395180723,0.790361446,0.9872047710533666,0.0008876844022,1.5,473.0,550.0,1032.9977,0.6851281,52.09308,871.74274,-161.25494,1.1795305,0.4944024,157.66714,105.574066
1.5-473-550,0.1650602409,0.3301204818,0.9956514833048237,0.0008952795992,1.5,473.0,550.0,899.10175,0.11353891,64.00314,770.0707,-129.03107,0.6860811,0.5725422,288.67072,224.66757
1.5-473-550,0.3120481928,0.6240963856,0.9772248215579286,-0.000878710534,1.5,473.0,550.0,1064.1111,0.7519395,50.066925,936.23486,-127.87622,1.1102751,0.35833567,139.78653,89.719604
1.5-473-550,0.2903614458,0.5807228916,0.9872047710533666,-0.0008876844022,1.5,473.0,550.0,1131.6853,0.400994,46.261932,950.63947,-181.04584,1.0045909,0.60359687,136.38815,90.12622
1.5-473-550,0.2638554217,0.5277108434,0.993141646395439,-0.0008930227796,1.5,473.0,550.0,1187.1006,0.1960538,43.626587,944.58105,-242.51953,0.9127675,0.7167137,146.80301,103.17642
1.5-473-550,0.05510204082,0.11020408164,0.9915009044774012,-0.0008915474413,1.5,473.0,550.0,473.00003,0.08704447,649.85333,524.40656,51.406525,0.4596418,0.37259734,520.36194,-129.4914
1.5-473-550,0.1012048192,0.2024096384,0.8902853189670199,-0.0008005354252,1.5,473.0,550.0,473.81305,0.7424642,649.08636,541.76105,67.948,0.8478497,0.10538554,500.9746,-148.11176
1.5-473-550,0.1975903614,0.3951807228,0.3542741439827602,-0.0003185596757,1.5,473.0,550.0,509.64078,1.2339172,613.229,580.39886,70.75809,1.2018341,-0.032083154,525.2342,-87.99481
1.5-473-550,0.221686747,0.443373494,0.4163512326852384,0.000374378757,1.5,473.0,550.0,519.5453,1.3245447,602.27563,587.5087,67.96344,1.2936444,-0.03090024,508.75577,-93.51987
1.5-473-550,0.04897959184,0.09795918368,0.8206166047262803,-0.0007378900321,1.5,473.0,550.0,473.00003,0.86254764,649.85333,469.579,-3.4210205,0.81926155,-0.043286085,594.25146,-55.601868
1.5-473-550,0.3421686747,0.6843373494,0.9985491866279087,0.0008978851843,1.5,473.0,550.0,1145.0652,0.052926715,45.602295,954.6396,-190.4256,1.0302322,0.9773055,119.31285,73.710556
1.5-473-550,0.1638554216,0.3277108432,0.9772248215579286,0.000878710534,1.5,473.0,550.0,758.43036,0.5743717,91.51036,742.75,-15.680359,0.7642987,0.18992698,312.3669,220.85655
1.5-473-550,0.4224489796,0.8448979592,0.9998257452316341,-0.0008990330527,1.5,473.0,550.0,705.0219,0.0068645426,121.44835,837.87726,132.85535,1.1079583,1.1010938,176.20195,54.7536
1.5-473-550,0.2542168675,0.508433735,0.8475322498919685,0.0007620923041,1.5,473.0,550.0,672.49554,1.5835941,244.87102,741.0329,68.53735,1.4353846,-0.14820945,308.5515,63.680496
1.5-473-550,0.4551020408,0.9102040816,0.960723235489121,0.0008638724771,1.5,473.0,550.0,661.79724,1.1186212,334.49435,754.58716,92.78992,1.3472601,0.22863889,223.83922,-110.655136
1.5-473-550,0.03061224488,0.06122448976,0.9965972946963587,-0.0008961300631,1.5,473.0,550.0,473.00003,0.032032367,649.85333,493.94656,20.946533,0.3877411,0.35570872,560.7704,-89.08295
1.5-473-550,0.07755102043,0.15510204086,0.7098470004029654,-0.0006382871403,1.5,473.0,550.0,473.00003,0.99112594,649.85333,484.6339,11.633881,0.97846264,-0.012663305,587.51105,-62.342285
1.5-473-550,0.4979591837,0.9959183674,0.9337895729915338,-0.0008396540041,1.5,473.0,550.0,657.3772,1.2955183,362.1582,692.49023,35.113037,1.4122275,0.11670923,270.37946,-91.77875
1.5-473-550,0.4306122449,0.8612244898,0.998978267368595,-0.0008982710093,1.5,473.0,550.0,683.30524,0.060897645,159.47713,822.05444,138.7492,1.1151065,1.0542089,185.46483,25.987701
1.5-473-550,0.08163265309,0.16326530618,0.993141646395439,0.0008930227796,1.5,473.0,550.0,473.00003,0.07036405,649.85333,572.03894,99.03891,0.51291513,0.44255108,467.202,-182.65134
1.5-473-550,0.3457831326,0.6915662652,0.3542741439827602,-0.0003185596757,1.5,473.0,550.0,590.75836,1.7850803,506.54828,667.66394,76.90558,1.7033684,-0.08171189,406.37814,-100.170135
1.5-473-550,0.4979591837,0.9959183674,0.9989782674798061,-0.0008982710094,1.5,473.0,550.0,657.4045,0.051491912,362.04813,709.5244,52.119934,1.0501913,0.99869937,268.3588,-93.68933
1.5-473-550,0.104819277,0.209638554,0.3542741437603377,0.0003185596755,1.5,473.0,550.0,473.01926,1.1264834,649.8352,552.06573,79.04648,1.0666772,-0.059806228,559.8398,-89.99542
1.5-473-550,0.4387755102,0.8775510204,0.9772248215579286,-0.000878710534,1.5,473.0,550.0,670.5001,0.9744412,252.3202,790.3384,119.83826,1.258649,0.28420782,202.47392,-49.846283
1.5-473-550,0.3915662651,0.7831325302,0.9895407848051817,0.0008897849218,1.5,473.0,550.0,1050.4003,0.5447517,50.93985,880.13574,-170.26453,1.1603327,0.615581,153.35432,102.414474
1.5-473-550,0.0102040816,0.0204081632,0.7525573838264147,0.0006766918789,1.5,473.0,550.0,473.00003,1.0068343,649.85333,465.0544,-7.9456177,0.8101304,-0.19670385,627.11334,-22.73999
1.5-473-550,0.191566265,0.38313253,0.9726063657286781,0.0008745576659,1.5,473.0,550.0,975.40515,0.61300033,56.49115,798.1284,-177.27673,0.8512959,0.23829556,267.1084,210.61725
1.5-473-550,0.321686747,0.643373494,0.9071317792997667,-0.0008156835895,1.5,473.0,550.0,835.4343,1.734862,73.15071,838.3421,2.9077759,1.4755203,-0.25934172,203.67764,130.52693
1.5-473-550,0.1180722891,0.2361445782,0.9931416465066502,-0.0008930227797,1.5,473.0,550.0,651.49896,0.31409836,385.5834,651.7843,0.28533936,0.59390146,0.2798031,389.98853,4.405121
1.5-473-550,0.2277108434,0.4554216868,0.09831793590232207,-8.84064793e-05,1.5,473.0,550.0,514.31964,1.339801,608.0866,601.4551,87.13544,1.2405394,-0.09926152,503.5121,-104.574524
1.5-473-550,0.365060241,0.730120482,0.9772248215579286,0.000878710534,1.5,473.0,550.0,1015.35767,0.9387923,53.337677,900.8962,-114.46149,1.2082511,0.26945883,146.13289,92.79521
1.5-473-550,0.3506024097,0.7012048194,0.9872047710533666,0.0008876844022,1.5,473.0,550.0,1081.5896,0.507424,49.01825,929.9294,-151.66022,1.1208426,0.6134186,132.25397,83.23572
1.5-473-550,0.2927710844,0.5855421688,0.9895407848051817,0.0008897849218,1.5,473.0,550.0,1140.8092,0.33163553,45.812103,955.2431,-185.5661,0.9954222,0.66378665,132.59808,86.78598
1.5-473-550,0.2204819277,0.4409638554,0.3542741437603377,0.0003185596755,1.5,473.0,550.0,516.99115,1.3218917,605.1159,592.4008,75.40967,1.256424,-0.065467715,510.69742,-94.41849
1.5-473-550,0.3903614458,0.7807228916,0.9772248215579286,0.000878710534,1.5,473.0,550.0,989.2022,1.1018214,55.331085,867.7527,-121.449524,1.2404798,0.1386584,160.45041,105.11932
1.5-473-550,0.2879518072,0.5759036144,0.9985491866279087,-0.0008978851843,1.5,473.0,550.0,1186.4879,0.04341131,43.654602,969.15717,-217.33075,0.92918164,0.8857703,124.32918,80.674576
1.5-473-550,0.4367346939,0.8734693878,0.8705746216627653,-0.0007828117684,1.5,473.0,550.0,669.67017,1.5630496,259.89743,732.8703,63.200134,1.7773372,0.21428764,236.11252,-23.784912
1.5-473-550,0.02653061223,0.05306122446,0.03282169735804886,2.951293354e-05,1.5,473.0,550.0,473.00003,1.22343,649.85333,579.71313,106.713104,1.1524949,-0.07093513,520.3034,-129.54993
1.5-473-550,0.3674698796,0.7349397592,0.993141646395439,0.0008930227796,1.5,473.0,550.0,1095.2158,0.2978323,48.226105,919.34863,-175.86719,1.1067665,0.80893415,134.67613,86.45003
1.5-473-550,0.1072289156,0.2144578312,0.9872047710533666,0.0008876844022,1.5,473.0,550.0,583.7735,0.30189443,516.0601,620.9603,37.18683,0.59271014,0.2908157,418.66876,-97.39136
1.5-473-550,0.1963855422,0.3927710844,0.9956514833048237,0.0008952795992,1.5,473.0,550.0,1155.2972,0.107451014,45.09784,842.4449,-312.85236,0.75386274,0.6464117,230.61314,185.5153
1.5-473-550,0.3072289157,0.6144578314,0.8475322498919685,-0.0007620923041,1.5,473.0,550.0,708.5955,1.8111925,128.056,773.4439,64.84839,1.6175394,-0.1936531,260.0202,131.9642
1.5-473-550,0.4816326531,0.9632653062,0.9999999997775775,-0.0008991897406,1.5,473.0,550.0,658.0003,-5.322157e-09,359.64264,733.95624,75.95593,1.0715727,1.0715727,247.14586,-112.49678
1.5-473-550,0.05306122449,0.10612244898,0.998978267368595,-0.0008982710093,1.5,473.0,550.0,473.00003,0.009608502,649.85333,525.6092,52.60916,0.42849115,0.41888264,519.6107,-130.24261
1.5-473-550,0.07755102043,0.15510204086,0.9071317792997667,-0.0008156835895,1.5,473.0,550.0,473.00003,0.69103956,649.85333,515.30676,42.306732,0.74947023,0.05843067,528.89484,-120.958496
1.5-473-550,0.1493975903,0.2987951806,0.9945113832197316,-0.0008942544329,1.5,473.0,550.0,797.34766,0.18197179,80.365234,729.98914,-67.35852,0.6571256,0.4751538,321.87128,241.50604
1.5-473-550,0.1144578313,0.2289156626,0.8705746216627653,0.0007828117684,1.5,473.0,550.0,490.62653,0.8395612,632.496,552.2251,61.59857,0.9219803,0.0824191,491.97577,-140.5202
1.5-473-550,0.09183673473,0.18367346946,0.6021818746711394,-0.0005414757638,1.5,473.0,550.0,473.00003,1.0605718,649.85333,501.45538,28.455353,1.0393329,-0.021238923,585.56323,-64.2901
1.5-473-550,0.1036144578,0.2072289156,0.6600967573005477,0.0005935522321,1.5,473.0,550.0,473.18216,1.0089788,649.6815,500.5031,27.320953,1.0561011,0.04712224,575.2583,-74.42322
1.5-473-550,0.1891566265,0.378313253,0.9531521909241071,0.0008570646715,1.5,473.0,550.0,819.0836,0.9026656,76.43022,766.93097,-52.15265,0.9243953,0.021729708,293.6347,217.20448
1.5-473-550,0.4163265306,0.8326530612,0.9998257452316341,-0.0008990330527,1.5,473.0,550.0,731.17896,0.0070285746,102.88872,849.1046,117.92566,1.1059098,1.0988812,169.78343,66.894714
1.5-473-550,0.4,0.8,0.99738047267098,-0.0008968342887,1.5,473.0,550.0,1024.9235,0.14710623,53.44696,875.3994,-149.52405,1.1133657,0.9662594,155.43533,101.98837
1.5-473-550,0.1012048192,0.2024096384,0.09831793590232207,-8.84064793e-05,1.5,473.0,550.0,473.00003,1.1769576,649.85333,576.2187,103.21866,1.1411344,-0.035823226,530.2197,-119.633606
1.5-473-550,0.4306122449,0.8612244898,0.9895407848051817,0.0008897849218,1.5,473.0,550.0,683.14685,0.644589,159.91249,813.9111,130.76422,1.1799213,0.53533226,189.35889,29.446396
1.5-473-550,0.2277108433,0.4554216866,0.998978267368595,0.0008982710093,1.5,473.0,550.0,1285.0776,0.023614818,39.923004,907.93634,-377.1413,0.8027165,0.77910167,178.65503,138.73203
1.5-473-550,0.2843373494,0.5686746988,0.6600967573005477,-0.0005935522321,1.5,473.0,550.0,602.5166,1.6018807,488.98932,648.71075,46.194153,1.6867815,0.084900856,392.8154,-96.17392
1.5-473-550,0.4326530612,0.8653061224,0.9999999997775775,0.0008991897406,1.5,473.0,550.0,679.2393,-5.322157e-09,178.74185,819.18195,139.94263,1.1079389,1.1079389,187.32645,8.584595
1.5-473-550,0.1216867469,0.2433734938,0.7098470004029654,-0.0006382871403,1.5,473.0,550.0,484.67606,0.98148215,638.5179,514.34436,29.668304,1.0904651,0.10898292,551.0392,-87.4787
1.5-473-550,0.4489795918,0.8979591836,0.6600967573005477,0.0005935522321,1.5,473.0,550.0,659.3801,1.7780234,354.0335,691.8077,32.42755,2.166049,0.38802564,287.62222,-66.411285
1.5-473-550,0.3891566266,0.7783132532,0.960723235489121,0.0008638724771,1.5,473.0,550.0,928.8826,1.5611979,60.77014,851.2715,-77.611145,1.3404437,-0.22075415,170.20135,109.43121
1.5-473-550,0.0,0.0,0.8207308238897558,-0.0007379927368,1.5,473.0,550.0,473.00003,0.90842825,649.85333,455.29996,-17.700073,0.71235067,-0.19607759,634.72375,-15.129578
1.5-473-550,0.4877551021,0.9755102042,0.9215172744995802,-0.0008286188792,1.5,473.0,550.0,657.6062,1.3465701,361.23392,700.1853,42.5791,1.4954989,0.14892876,261.2987,-99.93521
1.5-473-550,0.4183673469,0.8367346938,0.8902853187445975,0.000800535425,1.5,473.0,550.0,707.2859,1.9449607,119.377594,759.6024,52.31653,1.7039422,-0.24101853,221.06053,101.68294
1.5-473-550,0.4999999851,0.9999999702,0.6024353944675255,0.0005417037262,1.5,473.0,550.0,657.1973,1.7995625,362.88437,698.0418,40.844482,2.1877706,0.38820815,287.87665,-75.00772
1.5-473-550,0.2626506024,0.5253012048,0.3542741439827602,-0.0003185596757,1.5,473.0,550.0,529.17017,1.4343795,591.5728,617.24426,88.0741,1.3812423,-0.053137183,479.18918,-112.38364
1.5-473-550,0.1493975903,0.2987951806,0.9998257452316341,-0.0008990330527,1.5,473.0,550.0,836.1574,0.0032727665,72.831116,736.8172,-99.34021,0.63324356,0.6299708,315.83615,243.00504
1.5-473-550,0.0,0.0,0.9811419876911479,-0.0008822328096,1.5,473.0,550.0,473.00003,0.90842825,649.85333,461.79694,-11.2030945,0.3710091,-0.53741914,611.908,-37.945312
1.5-473-550,0.1180722891,0.2361445782,0.9965972946963587,0.0008961300631,1.5,473.0,550.0,679.7073,0.19851273,177.3801,655.4047,-24.302551,0.57983106,0.38131833,386.60638,209.22629
1.5-473-550,0.4244897959,0.8489795918,0.9980223152919674,-0.000897411427,1.5,473.0,550.0,698.5084,0.13275355,128.9666,832.4286,133.92017,1.1211332,0.98837966,179.21358,50.24698
1.5-473-550,0.06530612246,0.13061224492,0.7892004020960466,0.000709640905,1.5,473.0,550.0,473.00003,0.9143404,649.85333,477.7289,4.728882,0.89279664,-0.021543741,584.90576,-64.94757
1.5-473-550,0.1710843373,0.3421686746,0.8206166047262803,0.0007378900321,1.5,473.0,550.0,534.5188,1.0428625,585.6251,611.18994,76.67114,1.1760134,0.13315082,440.1209,-145.50421
1.5-473-550,0.1144578313,0.2289156626,0.9844268823757469,-0.0008851865532,1.5,473.0,550.0,587.1442,0.4138984,511.5939,634.6322,47.487976,0.6197721,0.20587367,405.95926,-105.63464
1.5-473-550,0.008163265274,0.016326530548,0.9726063657286781,0.0008745576659,1.5,473.0,550.0,473.00003,0.26022726,649.85333,465.25662,-7.743408,0.4153237,0.15509644,603.8487,-46.00464
1.5-473-550,0.1951807228,0.3903614456,0.9980223152919674,-0.000897411427,1.5,473.0,550.0,1159.2319,0.04725885,44.907288,843.5333,-315.6986,0.73918056,0.6919217,229.66675,184.75946
1.5-473-550,0.0612244898,0.1224489796,0.9973789933391554,0.0008968329585,1.5,473.0,550.0,473.00003,0.026296372,649.85333,537.8055,64.80545,0.45221362,0.42591724,505.0142,-144.83914
1.5-473-550,0.3759036145,0.751807229,0.9337895728803226,0.000839654004,1.5,473.0,550.0,874.1369,1.8171577,67.15137,838.0934,-36.043518,1.4698498,-0.34730792,181.79672,114.645355
1.5-473-550,0.3325301205,0.665060241,0.47796385156444166,0.0004297801918,1.5,473.0,550.0,597.3698,1.753471,496.99002,655.494,58.124207,1.7645844,0.011113405,400.4108,-96.57922
1.5-473-550,0.3108433735,0.621686747,0.9872047710533666,0.0008876844022,1.5,473.0,550.0,1116.0953,0.42827085,47.087982,952.3674,-163.72797,1.0469635,0.61869264,129.45985,82.37187
1.5-473-550,0.3457831326,0.6915662652,0.6600967573005477,0.0005935522321,1.5,473.0,550.0,636.32385,1.8966713,427.5138,678.26965,41.9458,1.9294523,0.032781005,336.9117,-90.60208
1.5-473-550,0.1746987951,0.3493975902,0.9996041061370615,-0.0008988337571,1.5,473.0,550.0,978.42096,0.008018488,56.202057,798.9828,-179.43817,0.68784994,0.67983145,265.0384,208.83633
1.5-473-550,0.4224489796,0.8448979592,0.8475322498919685,0.0007620923041,1.5,473.0,550.0,688.99756,1.9942232,144.92438,734.2198,45.22223,1.8531924,-0.14103079,238.80728,93.882904
1.5-473-550,0.4571428571,0.9142857142,0.9895407848051817,0.0008897849218,1.5,473.0,550.0,661.4594,0.55265063,337.70413,768.0653,106.605896,1.1685822,0.6159316,218.88406,-118.82007
1.5-473-550,0.1795180723,0.3590361446,0.9671530515086588,-0.0008696541017,1.5,473.0,550.0,794.22955,0.7184051,81.53139,764.98987,-29.239685,0.84417087,0.12576574,294.59186,213.06047
1.5-473-550,0.3759036145,0.751807229,0.9956514833048237,-0.0008952795992,1.5,473.0,550.0,1100.0182,0.19778621,47.948334,911.29694,-188.72125,1.1005931,0.9028069,137.83588,89.88754
1.5-473-550,0.3493975904,0.6987951808,0.2914697156873968,0.0002620865781,1.5,473.0,550.0,587.9975,1.7913446,510.42526,670.9124,82.91492,1.6658533,-0.12549138,409.3024,-101.12286
1.5-473-550,0.4530612245,0.906122449,0.999825745120423,0.0008990330526,1.5,473.0,550.0,662.6958,0.005442197,325.95718,781.8316,119.1358,1.1027013,1.0972592,211.32019,-114.63699
1.5-473-550,0.265060241,0.530120482,0.9811301448069191,0.0008822221606,1.5,473.0,550.0,1129.5145,0.5310357,46.371338,925.3846,-204.12994,0.9842137,0.453178,160.42093,114.04959
1.5-473-550,0.03673469387,0.07346938774,0.9945113832197316,-0.0008942544329,1.5,473.0,550.0,473.00003,0.053199466,649.85333,500.39096,27.39093,0.40844056,0.3552411,551.48553,-98.3678
1.5-473-550,0.1301204819,0.2602409638,0.7525573838264147,-0.0006766918789,1.5,473.0,550.0,492.72778,0.9719965,630.3695,529.56384,36.83606,1.0967566,0.12476009,528.64667,-101.72284
1.5-473-550,0.01836734691,0.03673469382,0.9337895728803226,-0.000839654004,1.5,473.0,550.0,473.00003,0.5402241,649.85333,464.00168,-8.998352,0.5441272,0.0039031506,602.1587,-47.69464
1.5-473-550,0.2,0.4,0.960723235489121,-0.0008638724771,1.5,473.0,550.0,1021.7171,0.82121325,52.91916,798.5436,-223.17352,0.9231068,0.101893544,267.0678,214.14865
1.5-473-550,0.3903614458,0.7807228916,0.9956514833048237,0.0008952795992,1.5,473.0,550.0,1083.9393,0.22269577,48.881653,889.3389,-194.6004,1.1169243,0.8942285,148.38422,99.50256
1.5-473-550,0.3204819277,0.6409638554,0.3542741437603377,0.0003185596755,1.5,473.0,550.0,568.7446,1.6523203,541.88214,652.87585,84.131226,1.5977497,-0.054570556,429.2942,-112.58795
1.5-473-550,0.126506024,0.253012048,0.9726063657286781,0.0008745576659,1.5,473.0,550.0,571.2468,0.6134306,537.78235,650.4357,79.1889,0.6920262,0.07859558,392.06516,-145.7172
1.5-473-550,0.1975903614,0.3951807228,0.9215172744995802,0.0008286188792,1.5,473.0,550.0,742.17267,1.1937909,105.303345,744.01587,1.8432007,1.057891,-0.1358999,313.99442,208.69107
1.5-473-550,0.2457831325,0.491566265,0.09831793590232207,-8.84064793e-05,1.5,473.0,550.0,518.4464,1.3839372,603.4976,608.3938,89.94739,1.2715847,-0.11235249,495.06076,-108.43686
1.5-473-550,0.4632653061,0.9265306122,0.29146971579860803,-0.0002620865782,1.5,473.0,550.0,653.6613,1.9716436,377.15933,721.863,68.20166,2.0998013,0.12815773,314.6369,-62.52243
1.5-473-550,0.2530120482,0.5060240964,0.9998257452316341,-0.0008990330527,1.5,473.0,550.0,1225.9236,0.0027455038,41.984222,945.04156,-280.88202,0.8503275,0.847582,148.29247,106.30824
1.5-473-550,0.04081632652,0.08163265304,0.9985491866279087,-0.0008978851843,1.5,473.0,550.0,473.00003,0.013553197,649.85333,507.64813,34.6481,0.40323645,0.38968325,542.24493,-107.6084
1.5-473-550,0.265060241,0.530120482,0.9844268823757469,0.0008851865532,1.5,473.0,550.0,1145.3715,0.44191682,45.58719,930.8732,-214.49823,0.9657646,0.52384776,156.44438,110.85719
1.5-473-550,0.2096385542,0.4192771084,0.7525573838264147,-0.0006766918789,1.5,473.0,550.0,551.9507,1.278993,564.6329,622.58417,70.633484,1.3744019,0.09540892,431.6,-133.03287
1.5-473-550,0.2108433734,0.4216867468,0.9895407848051817,-0.0008897849218,1.5,473.0,550.0,1253.1653,0.25402427,40.913208,862.2477,-390.9176,0.81671137,0.5626871,214.94254,174.02933
1.5-473-550,0.1433734939,0.2867469878,0.7525573838264147,0.0006766918789,1.5,473.0,550.0,501.9693,0.99660844,621.0171,544.21893,42.249634,1.1381892,0.14158076,513.4682,-107.54889
1.5-473-550,0.1879518072,0.3759036144,0.7098470004029654,-0.0006382871403,1.5,473.0,550.0,528.1369,1.1511055,592.7218,580.61945,52.482544,1.3054147,0.15430915,479.88498,-112.83682
1.5-473-550,0.3180722892,0.6361445784,0.8902853188558087,-0.0008005354251,1.5,473.0,550.0,800.6775,1.7872043,80.04811,819.07666,18.39917,1.527375,-0.25982928,219.43059,139.38248
1.5-473-550,0.2240963855,0.448192771,0.9811301448069191,0.0008822221606,1.5,473.0,550.0,1219.0892,0.4477931,42.257874,872.6891,-346.40015,0.88956994,0.44177684,206.21658,163.95871
1.5-473-550,0.1927710843,0.3855421686,0.6600967573005477,0.0005935522321,1.5,473.0,550.0,525.0694,1.1856122,596.1329,572.1145,47.045105,1.3222789,0.13666666,494.03912,-102.09375
1.5-473-550,0.1337349397,0.2674698794,0.5396442233296441,-0.0004852425493,1.5,473.0,550.0,485.71512,1.0492941,637.4663,526.23376,40.518646,1.1226407,0.073346615,564.9645,-72.50183
1.5-473-550,0.08571428574,0.17142857148,0.9973789933391554,0.0008968329585,1.5,473.0,550.0,473.00003,0.02624076,649.85333,583.5928,110.59274,0.5059871,0.47974634,455.40814,-194.44519
1.5-473-550,0.1867469879,0.3734939758,0.47796385156444166,0.0004297801918,1.5,473.0,550.0,509.5539,1.1743201,613.3001,561.039,51.485107,1.2297233,0.055403233,532.515,-80.785095
1.5-473-550,0.07755102043,0.15510204086,0.9531521909241071,0.0008570646715,1.5,473.0,550.0,473.00003,0.46327648,649.85333,537.9592,64.9592,0.6343954,0.17111894,502.86575,-146.98758
1.5-473-550,0.243373494,0.486746988,0.8206166047262803,0.0007378900321,1.5,473.0,550.0,639.2316,1.498059,418.8967,705.88873,66.657104,1.441738,-0.056321025,343.089,-75.80771
1.5-473-550,0.2686746988,0.5373493976,0.29146971579860803,-0.0002620865782,1.5,473.0,550.0,528.26575,1.4466435,592.57855,623.9072,95.64148,1.3626566,-0.08398688,477.1762,-115.40234
1.5-473-550,0.2337349398,0.4674698796,0.3542741439827602,-0.0003185596757,1.5,473.0,550.0,520.43353,1.3543559,601.28796,599.91296,79.47943,1.2922907,-0.062065244,501.39606,-99.89191
1.5-473-550,0.2457831325,0.491566265,0.998978267368595,-0.0008982710093,1.5,473.0,550.0,1237.2932,0.025913114,41.53363,934.72534,-302.56787,0.8404128,0.8144997,156.83784,115.304214
1.5-473-550,0.2819277109,0.5638554218,0.9531521908128958,-0.0008570646714,1.5,473.0,550.0,976.15515,1.2046318,56.410217,892.8977,-83.25745,1.1704253,-0.03420651,179.53769,123.12747
1.5-473-550,0.2602409639,0.5204819278,0.9772248215579286,-0.000878710534,1.5,473.0,550.0,1113.9865,0.631736,47.20288,914.5088,-199.47766,0.99442077,0.3626848,169.38069,122.17781
1.5-473-550,0.04693877551,0.09387755102,0.7525573838264147,-0.0006766918789,1.5,473.0,550.0,473.00003,0.94096243,649.85333,469.82776,-3.1722717,0.883291,-0.057671428,604.83746,-45.01587
1.5-473-550,0.4857142857,0.9714285714,0.03282169734692774,-2.951293353e-05,1.5,473.0,550.0,656.49426,1.9703264,365.7227,707.75397,51.259705,2.0213358,0.051009417,321.32037,-44.402313
1.5-473-550,0.4551020408,0.9102040816,0.29146971579860803,-0.0002620865782,1.5,473.0,550.0,651.11383,1.9970024,387.41412,719.127,68.01318,2.076356,0.07935357,320.24707,-67.16705
1.5-473-550,0.134939759,0.269879518,0.9844268823757469,0.0008851865532,1.5,473.0,550.0,649.4418,0.549458,392.46002,682.647,33.2052,0.6669967,0.11753869,362.9228,-29.537231
1.5-473-550,0.4122448979,0.8244897958,0.9973789934503665,-0.0008968329586,1.5,473.0,550.0,756.2222,0.1828599,92.09712,853.96985,97.74762,1.1213552,0.9384953,166.94373,74.8466
1.5-473-550,0.2337349397,0.4674698794,0.9993254186825348,0.0008985831642,1.5,473.0,550.0,1270.3674,0.015350694,40.278442,918.1758,-352.19165,0.8133366,0.7979859,170.44391,130.16547
1.5-473-550,0.2469879518,0.4939759036,0.9442484491033019,0.0008490585182,1.5,473.0,550.0,973.08417,1.2318019,56.706024,849.375,-123.70917,1.1184266,-0.113375306,221.47163,164.76561
1.5-473-550,0.265060241,0.530120482,0.7525573838264147,-0.0006766918789,1.5,473.0,550.0,621.1657,1.5634116,457.7372,676.648,55.4823,1.5945699,0.031158328,365.42108,-92.31613
1.5-473-550,0.3,0.6,0.3542741439827602,-0.0003185596757,1.5,473.0,550.0,551.5497,1.5629627,565.2739,640.38226,88.83258,1.5160829,-0.04687977,447.54684,-117.72708
1.5-473-550,0.3180722892,0.6361445784,0.03282169734692774,-2.951293353e-05,1.5,473.0,550.0,544.29474,1.5953096,574.35913,631.1372,86.84247,1.4513556,-0.14395404,453.78735,-120.57178
1.5-473-550,0.02653061223,0.05306122446,0.9993254186825348,-0.0008985831642,1.5,473.0,550.0,473.00003,0.0056337067,649.85333,490.47076,17.470734,0.36928743,0.36365372,566.19727,-83.65607
1.5-473-550,0.1650602409,0.3301204818,0.8475322498919685,-0.0007620923041,1.5,473.0,550.0,535.5497,1.0065408,584.47876,619.5587,84.00903,1.1187879,0.11224711,430.02094,-154.45782
1.5-473-550,0.4142857143,0.8285714286,0.7525573838264147,0.0006766918789,1.5,473.0,550.0,675.109,2.3164012,212.75781,705.3428,30.233765,2.0493414,-0.2670598,270.93774,58.17993
1.5-473-550,0.04285714285,0.0857142857,0.9965972946963587,-0.0008961300631,1.5,473.0,550.0,473.00003,0.033185657,649.85333,509.41608,36.416046,0.41463086,0.3814452,539.6932,-110.16016
1.5-473-550,0.2807228916,0.5614457832,0.6021818746711394,-0.0005414757638,1.5,473.0,550.0,582.0379,1.5584288,520.6461,632.2333,50.195374,1.6470975,0.088668704,418.8115,-101.834625
1.5-473-550,0.2325301205,0.465060241,0.9895407849163931,0.0008897849219,1.5,473.0,550.0,1234.2123,0.26145113,41.65573,899.8719,-334.3404,0.8650285,0.6035774,184.48581,142.83008
1.5-473-550,0.3722891567,0.7445783134,0.4163512323516047,-0.0003743787567,1.5,473.0,550.0,617.2972,1.9690765,465.26102,679.11584,61.818665,1.8721364,-0.09694016,374.8618,-90.39923
1.5-473-550,0.2638554217,0.5277108434,0.6600967573005477,-0.0005935522321,1.5,473.0,550.0,582.8105,1.5088079,519.681,634.3155,51.505005,1.6016989,0.09289098,414.6957,-104.98532
1.5-473-550,0.1650602409,0.3301204818,0.5396442233296441,-0.0004852425493,1.5,473.0,550.0,501.89288,1.0985202,621.0944,543.1898,41.296936,1.1981812,0.09966099,544.527,-76.567444
1.5-473-550,0.01224489793,0.02448979586,0.9999999997775775,-0.0008991897406,1.5,473.0,550.0,473.00003,-5.322157e-09,649.85333,476.3922,3.3921814,0.33583146,0.33583146,588.27264,-61.58069
1.5-473-550,0.1626506024,0.3253012048,0.9337895728803226,0.000839654004,1.5,473.0,550.0,584.9981,0.90256596,515.4646,689.68396,104.68585,0.91716963,0.014603674,360.38693,-155.07767
1.5-473-550,0.286746988,0.573493976,0.7892004020960466,0.000709640905,1.5,473.0,550.0,647.07904,1.6793168,398.1257,715.8027,68.72363,1.6469765,-0.03234029,319.33255,-78.79315
1.5-473-550,0.3855421687,0.7710843374,0.9844268823757469,0.0008851865532,1.5,473.0,550.0,1031.5808,0.75619274,52.192474,883.1898,-148.39099,1.1884372,0.43224448,152.37141,100.17894
1.5-473-550,0.4448979592,0.8897959184,0.7892004020960466,-0.000709640905,1.5,473.0,550.0,662.9053,1.6513947,323.96704,703.46594,40.56067,2.0002437,0.34884894,260.94583,-63.02121
1.5-473-550,0.2879518072,0.5759036144,0.4163512326852384,0.000374378757,1.5,473.0,550.0,550.0935,1.5283865,567.08734,629.92896,79.83545,1.5227036,-0.005682826,451.95383,-115.133514
1.5-473-550,0.2987951807,0.5975903614,0.9337895728803226,0.000839654004,1.5,473.0,550.0,901.3393,1.4910412,63.811768,871.3067,-30.032593,1.3041639,-0.18687725,189.3328,125.52103
1.5-473-550,0.3132530121,0.6265060242,0.7892004020960466,-0.000709640905,1.5,473.0,550.0,655.8347,1.7994665,366.45905,727.4126,71.57788,1.7432227,-0.056243777,296.63022,-69.82883
1.5-473-550,0.0102040816,0.0204081632,0.3542741437603377,0.0003185596755,1.5,473.0,550.0,473.00003,1.1026077,649.85333,564.0012,91.00119,1.0040921,-0.09851563,557.89374,-91.959595
1.5-473-550,0.3385542169,0.6771084338,0.9872047710533666,0.0008876844022,1.5,473.0,550.0,1092.6492,0.47925618,48.375305,940.12177,-152.5274,1.0999967,0.62074053,129.23662,80.86131
1.5-473-550,0.221686747,0.443373494,0.09831793590232207,-8.84064793e-05,1.5,473.0,550.0,512.7878,1.326518,609.79004,599.2973,86.50952,1.2314228,-0.09509528,506.05753,-103.73251
1.5-473-550,0.2722891566,0.5445783132,0.9895407848051817,0.0008897849218,1.5,473.0,550.0,1160.7345,0.30705434,44.83246,945.26154,-215.47296,0.9520607,0.64500636,144.57979,99.74733
1.5-473-550,0.3204819277,0.6409638554,0.9872047710533666,-0.0008876844022,1.5,473.0,550.0,1108.2849,0.4450372,47.50528,949.96155,-158.32336,1.066079,0.62104183,128.21242,80.70714
1.5-473-550,0.1180722891,0.2361445782,0.8705746216627653,-0.0007828117684,1.5,473.0,550.0,494.32104,0.8508827,628.75714,557.8295,63.508484,0.9326194,0.081736684,486.41562,-142.34152
1.5-473-550,0.4714285714,0.9428571428,0.5396442233296441,-0.0004852425493,1.5,473.0,550.0,656.83484,1.8355882,364.34784,703.28394,46.449097,2.2127316,0.37714338,296.20126,-68.146576
1.5-473-550,0.2361445783,0.4722891566,0.8705746216627653,0.0007828117684,1.5,473.0,550.0,693.22455,1.5002879,199.00012,744.8576,51.633057,1.3219097,-0.17837822,309.7334,110.73328
1.5-473-550,0.3024096386,0.6048192772,0.9996041060258503,0.000898833757,1.5,473.0,550.0,1179.037,0.010541374,43.99536,973.62213,-205.41486,0.95073056,0.9401892,117.72905,73.73369
1.5-473-550,0.4061224489,0.8122448978,0.3542741439827602,-0.0003185596757,1.5,473.0,550.0,634.436,2.2079678,431.8844,698.2326,63.79663,1.95276,-0.25520778,353.25732,-78.627075
1.5-473-550,0.2084337349,0.4168674698,0.5396442233296441,0.0004852425493,1.5,473.0,550.0,521.8868,1.2754474,599.67194,572.7287,50.84192,1.3286927,0.053245306,508.38898,-91.28296
1.5-473-550,0.1602409638,0.3204819276,0.7892004020960466,-0.000709640905,1.5,473.0,550.0,518.8786,1.0218172,603.017,578.9199,60.04132,1.169864,0.14804685,474.39078,-128.62625
1.5-473-550,0.1638554216,0.3277108432,0.22784103833049427,-0.0002048723242,1.5,473.0,550.0,493.88077,1.1249801,629.2027,579.85205,85.97128,1.1351503,0.010170221,532.0761,-97.12659
1.5-473-550,0.1674698795,0.334939759,0.8902853188558087,-0.0008005354251,1.5,473.0,550.0,555.95416,0.9823795,559.52106,657.142,101.18787,1.0467391,0.064359605,392.25534,-167.26572
1.5-473-550,0.351807229,0.703614458,0.6021818746711394,-0.0005414757638,1.5,473.0,550.0,629.1682,1.9060689,442.66125,670.0915,40.92328,1.9356405,0.029571533,352.26678,-90.39447
1.5-473-550,0.3156626506,0.6313253012,0.9895407848051817,0.0008897849218,1.5,473.0,550.0,1123.7922,0.35791808,46.676697,955.1942,-168.59802,1.041787,0.68386894,126.21294,79.53624
1.5-473-550,0.1903614457,0.3807228914,0.9996041060258503,0.000898833757,1.5,473.0,550.0,1110.9293,0.007901067,47.364014,835.3551,-275.57422,0.7208836,0.71298254,236.07248,188.70847
1.5-473-550,0.3253012049,0.6506024098,0.9337895728803226,0.000839654004,1.5,473.0,550.0,894.6602,1.5713909,64.59747,870.98676,-23.673462,1.3702906,-0.20110023,179.14458,114.547104
1.5-473-550,0.4632653061,0.9265306122,0.8475322498919685,0.0007620923041,1.5,473.0,550.0,659.361,1.5235872,354.1496,705.1027,45.7417,1.8313376,0.30775034,254.2527,-99.8969
1.5-473-550,0.3132530121,0.6265060242,0.9844268823757469,0.0008851865532,1.5,473.0,550.0,1100.4497,0.523653,47.924133,947.4791,-152.97058,1.0691111,0.54545814,131.97275,84.048615
1.5-473-550,0.04285714285,0.0857142857,0.8705746216627653,-0.0007828117684,1.5,473.0,550.0,473.00003,0.7685879,649.85333,470.37973,-2.6203003,0.7318612,-0.036726713,589.549,-60.30432
1.5-473-550,0.4918367347,0.9836734694,0.960723235489121,0.0008638724771,1.5,473.0,550.0,657.5206,1.1218809,361.57928,705.50793,47.987305,1.2881391,0.16625822,262.67593,-98.90335
1.5-473-550,0.08775510207,0.17551020414,0.9965972946963587,0.0008961300631,1.5,473.0,550.0,473.00003,0.03435665,649.85333,587.1606,114.16055,0.513457,0.47910035,451.75293,-198.1004
1.5-473-550,0.1746987951,0.3493975902,0.9671530515086588,-0.0008696541017,1.5,473.0,550.0,754.4366,0.731687,94.019424,754.4361,-0.00048828125,0.832003,0.10031599,303.32724,209.30782
1.5-473-550,0.01428571426,0.02857142852,0.22784103821928303,0.0002048723241,1.5,473.0,550.0,473.00003,1.1384495,649.85333,579.21924,106.21921,1.055905,-0.082544565,537.0351,-112.81824
1.5-473-550,0.4693877551,0.9387755102,0.9965972946963587,-0.0008961300631,1.5,473.0,550.0,659.1942,0.18255246,354.82285,751.8496,92.655396,1.1100221,0.9274696,232.14165,-122.6812
1.5-473-550,0.1903614457,0.3807228914,0.9671530515086588,-0.0008696541017,1.5,473.0,550.0,925.01495,0.71344924,61.20981,788.0437,-136.97125,0.87158537,0.15813613,275.58356,214.37375
1.5-473-550,0.2614457831,0.5228915662,0.9726063657286781,-0.0008745576659,1.5,473.0,550.0,1088.7925,0.75390697,48.60202,908.1757,-180.61676,1.0217268,0.26781988,173.79008,125.188065
1.5-473-550,0.4367346939,0.8734693878,0.9844268823757469,0.0008851865532,1.5,473.0,550.0,672.8165,0.82020646,231.77428,799.16077,126.34424,1.213016,0.39280957,197.77621,-33.998062
1.5-473-550,0.1963855421,0.3927710842,0.3542741439827602,-0.0003185596757,1.5,473.0,550.0,509.19867,1.2281479,613.6944,579.8081,70.609436,1.1992172,-0.028930664,525.9414,-87.75299
1.5-473-550,0.3662650603,0.7325301206,0.5396442233296441,-0.0004852425493,1.5,473.0,550.0,627.3364,1.9689583,446.55396,672.22174,44.885315,1.9528837,-0.016074538,357.5199,-89.03406
1.5-473-550,0.265060241,0.530120482,0.9726063657286781,-0.0008745576659,1.5,473.0,550.0,1084.9213,0.761776,48.829865,911.45807,-173.4632,1.0303248,0.26854885,170.57271,121.74284
1.5-473-550,0.3,0.6,0.998978267368595,-0.0008982710093,1.5,473.0,550.0,1178.2113,0.03108173,44.033142,972.4492,-205.76208,0.950165,0.91908324,119.12402,75.09088
1.5-473-550,0.05306122449,0.10612244898,0.8475322498919685,0.0007620923041,1.5,473.0,550.0,473.00003,0.82483065,649.85333,474.5647,1.5646667,0.79283524,-0.031995416,583.9724,-65.88092
1.5-473-550,0.3746987952,0.7493975904,0.6021818746711394,-0.0005414757638,1.5,473.0,550.0,639.729,2.0501983,419.16248,678.0307,38.301697,2.0169055,-0.03329277,335.07422,-84.08826
1.5-473-550,0.2530120482,0.5060240964,0.9965972946963587,-0.0008961300631,1.5,473.0,550.0,1212.2738,0.09409659,42.547363,939.4362,-272.8376,0.86948717,0.77539057,152.38576,109.838394
1.5-473-550,0.3927710844,0.7855421688,0.9215172744995802,0.0008286188792,1.5,473.0,550.0,845.9584,2.0686522,71.26816,808.8103,-37.14807,1.5510277,-0.5176245,195.36507,124.09691
1.5-473-550,0.169879518,0.339759036,0.9980223152919674,0.000897411427,1.5,473.0,550.0,942.4399,0.04856151,59.407684,785.0967,-157.3432,0.68526775,0.63670623,276.31946,216.91177
1.5-473-550,0.08571428574,0.17142857148,0.9945113832197316,0.0008942544329,1.5,473.0,550.0,473.00003,0.05605912,649.85333,581.2682,108.26816,0.51686865,0.46080953,457.69803,-192.1553
1.5-473-550,0.2759036145,0.551807229,0.4163512323516047,-0.0003743787567,1.5,473.0,550.0,541.14307,1.4828861,578.0466,622.1441,81.00104,1.4764318,-0.0064542294,462.91214,-115.13443
1.5-473-550,0.148192771,0.296385542,0.6600967573005477,0.0005935522321,1.5,473.0,550.0,498.55423,1.0381954,624.47314,531.8991,33.34488,1.1752777,0.13708234,539.1093,-85.36383
1.5-473-550,0.1108433734,0.2216867468,0.9671530515086588,-0.0008696541017,1.5,473.0,550.0,526.39777,0.54149294,594.6557,610.86127,84.4635,0.67288226,0.13138932,428.75296,-165.90274
1.5-473-550,0.1734939759,0.3469879518,0.7098470004029654,0.0006382871403,1.5,473.0,550.0,518.371,1.0891979,603.58154,565.18915,46.818176,1.2538143,0.16461647,496.60223,-106.97931
1.5-473-550,0.2313253012,0.4626506024,0.5396442233296441,0.0004852425493,1.5,473.0,550.0,529.6787,1.3525089,591.00726,589.5608,59.88208,1.4090022,0.056493282,486.64093,-104.36633
1.5-473-550,0.3686746989,0.7373493978,0.9531521909241071,-0.0008570646715,1.5,473.0,550.0,922.2374,1.5397652,61.46051,866.96375,-55.27368,1.3567454,-0.18301988,165.86789,104.40738
1.5-473-550,0.3289156627,0.6578313254,0.9956514833048237,0.0008952795992,1.5,473.0,550.0,1142.654,0.15583438,45.72113,959.56305,-183.091,1.0268211,0.87098676,119.69913,73.978
1.5-473-550,0.113253012,0.226506024,0.9999999997775775,0.0008991897406,1.5,473.0,550.0,691.10016,-5.322157e-09,141.95102,647.4487,-43.65143,0.5553475,0.5553475,393.7883,251.83728
1.5-473-550,0.1373493975,0.274698795,0.9531521909241071,-0.0008570646715,1.5,473.0,550.0,556.60583,0.7570819,558.63885,655.3426,98.736755,0.7865123,0.02943039,388.91135,-169.72751
1.5-473-550,0.04489795918,0.08979591836,0.9215172744995802,0.0008286188792,1.5,473.0,550.0,473.00003,0.6225554,649.85333,482.4856,9.485565,0.63566995,0.013114572,570.95795,-78.895386
1.5-473-550,0.2638554217,0.5277108434,0.9985491866279087,-0.0008978851843,1.5,473.0,550.0,1210.8439,0.03977811,42.608154,953.94727,-256.8966,0.88032407,0.84054595,140.09047,97.482315
1.5-473-550,0.3060240964,0.6120481928,0.9945113832197316,0.0008942544329,1.5,473.0,550.0,1153.9484,0.18131012,45.164337,964.9188,-189.02954,0.990955,0.8096449,122.52919,77.36485
1.5-473-550,0.2987951807,0.5975903614,0.9671530515086588,-0.0008696541017,1.5,473.0,550.0,1022.8616,0.9930192,52.816864,920.2828,-102.5788,1.1386482,0.14562893,154.81747,102.00061
1.5-473-550,0.3638554217,0.7277108434,0.8206166047262803,0.0007378900321,1.5,473.0,550.0,701.2152,2.0955362,133.78012,749.64404,48.428833,1.8400769,-0.2554593,251.26172,117.4816
1.5-473-550,0.3614457832,0.7228915664,0.998978267368595,-0.0008982710093,1.5,473.0,550.0,1128.9191,0.040017303,46.40274,935.1033,-193.8158,1.0575562,1.0175389,126.654785,80.252045
1.5-473-550,0.3012048193,0.6024096386,0.9999999997775775,0.0008991897406,1.5,473.0,550.0,1181.3778,-5.322157e-09,43.907867,974.2679,-207.10992,0.94579977,0.94579977,117.609116,73.70125
1.5-473-550,0.1301204819,0.2602409638,0.16340484097302546,-0.0001469319566,1.5,473.0,550.0,478.92557,1.0999867,644.26355,576.84064,97.91507,1.1251758,0.025189161,533.77136,-110.49219
1.5-473-550,0.278313253,0.556626506,0.09831793589120096,8.840647929e-05,1.5,473.0,550.0,526.01294,1.4650786,595.0836,622.363,96.35004,1.3425422,-0.12253642,476.77383,-118.309784
1.5-473-550,0.2759036145,0.551807229,0.6600967573005477,0.0005935522321,1.5,473.0,550.0,595.4027,1.563326,499.49216,643.04175,47.639038,1.651748,0.08842194,401.68372,-97.80844
1.5-473-550,0.4836734694,0.9673469388,0.9671530515086588,0.0008696541017,1.5,473.0,550.0,657.83734,1.0548787,360.30063,717.7652,59.927856,1.2689562,0.21407747,253.07272,-107.227905
1.5-473-550,0.08571428574,0.17142857148,0.9915009044774012,0.0008915474413,1.5,473.0,550.0,473.00003,0.0873962,649.85333,578.8677,105.867645,0.52809644,0.44070023,460.07507,-189.77826
1.5-473-550,0.3072289157,0.6144578314,0.5396442233296441,0.0004852425493,1.5,473.0,550.0,589.59644,1.6544979,507.95547,641.8321,52.235657,1.713375,0.05887711,410.62985,-97.32562
1.5-473-550,0.2734939759,0.5469879518,0.5396442233296441,0.0004852425493,1.5,473.0,550.0,559.02216,1.5031575,555.5875,619.933,60.910828,1.5731348,0.06997728,444.31778,-111.269745
1.5-473-550,0.1228915662,0.2457831324,0.03282169734692774,-2.951293353e-05,1.5,473.0,550.0,475.84003,1.112773,647.17426,576.16956,100.32953,1.180012,0.067239046,525.62115,-121.5531
1.5-473-550,0.1746987951,0.3493975902,0.9985491866279087,-0.0008978851843,1.5,473.0,550.0,972.3637,0.03462487,56.708405,797.4468,-174.91693,0.69299704,0.65837216,266.3353,209.62689
1.5-473-550,0.4591836735,0.918367347,0.999825745120423,0.0008990330526,1.5,473.0,550.0,660.9989,0.00533771,342.07916,771.03595,110.03705,1.0983483,1.0930105,218.81505,-123.264114
1.5-473-550,0.1457831325,0.291566265,0.993141646395439,0.0008930227796,1.5,473.0,550.0,770.6094,0.23946482,87.34006,719.3242,-51.285156,0.65518373,0.4157189,330.93497,243.59491
1.5-473-550,0.03469387754,0.06938775508,0.9993254186825348,-0.0008985831642,1.5,473.0,550.0,473.00003,0.005766625,649.85333,500.10007,27.100037,0.38709807,0.38133144,552.5109,-97.34241
1.5-473-550,0.386746988,0.773493976,0.8902853187445975,0.000800535425,1.5,473.0,550.0,804.6725,2.160106,78.95749,788.27594,-16.396545,1.6767101,-0.4833958,211.12175,132.16426
1.5-473-550,0.2807228916,0.5614457832,0.29146971579860803,-0.0002620865782,1.5,473.0,550.0,533.3142,1.482532,586.9646,630.9494,97.63519,1.4018449,-0.080687165,467.88507,-119.07953
1.5-473-550,0.365060241,0.730120482,0.9895407848051817,-0.0008897849218,1.5,473.0,550.0,1078.9423,0.44826183,49.17215,917.429,-161.51324,1.1278279,0.679566,136.2951,87.122955
1.5-473-550,0.4857142857,0.9714285714,0.9442484491033019,0.0008490585182,1.5,473.0,550.0,657.71063,1.239526,360.8123,708.04736,50.33673,1.3889371,0.14941108,257.38913,-103.42316
1.5-473-550,0.2855421687,0.5710843374,0.9999999997775775,0.0008991897406,1.5,473.0,550.0,1194.4897,-5.322157e-09,43.321075,970.76404,-223.72571,0.91510975,0.91510975,123.79779,80.476715
1.5-473-550,0.3638554217,0.7277108434,0.09831793589120096,8.840647929e-05,1.5,473.0,550.0,591.81323,1.8576498,505.18262,663.7758,71.962585,1.619505,-0.23814476,412.55737,-92.625244
1.5-473-550,0.4,0.8,0.9998256639362226,-0.0008990329796,1.5,473.0,550.0,1032.5925,0.00559097,53.000763,878.20056,-154.39197,1.095983,1.0903921,153.94513,100.94437
1.5-473-550,0.1602409638,0.3204819276,0.9980223152919674,0.000897411427,1.5,473.0,550.0,882.5477,0.054400858,66.02939,761.4893,-121.05841,0.66466343,0.6102626,295.5364,229.50702
1.5-473-550,0.3385542169,0.6771084338,0.9996041060258503,0.000898833757,1.5,473.0,550.0,1152.9153,0.012027377,45.21527,959.27374,-193.64154,1.0168344,1.004807,117.36856,72.15329
1.5-473-550,0.1168674698,0.2337349396,0.9993254186825348,-0.0008985831642,1.5,473.0,550.0,699.305,0.038281914,127.81038,655.39966,-43.905334,0.56592274,0.5276408,386.54257,258.73218
1.5-473-550,0.03061224488,0.06122448976,0.7892004020960466,0.000709640905,1.5,473.0,550.0,473.00003,0.8902676,649.85333,462.5853,-10.414734,0.81422246,-0.076045156,613.9423,-35.91101
1.5-473-550,0.3831325302,0.7662650604,0.09831793589120096,8.840647929e-05,1.5,473.0,550.0,609.27563,1.99941,478.7454,673.18744,63.911804,1.6941699,-0.30524015,396.06573,-82.67966
1.5-473-550,0.1734939759,0.3469879518,0.960723235489121,0.0008638724771,1.5,473.0,550.0,693.2687,0.83546233,169.39825,743.64716,50.37848,0.8540851,0.018622756,312.70035,143.3021
1.5-473-550,0.1927710843,0.3855421686,0.9772248215579286,-0.000878710534,1.5,473.0,550.0,1024.8002,0.5088585,52.673645,807.2195,-217.58069,0.8337864,0.32492793,259.53217,206.85852
1.5-473-550,0.2722891566,0.5445783132,0.9442484491033019,0.0008490585182,1.5,473.0,550.0,949.9078,1.2945849,58.75421,873.6222,-76.28558,1.1870822,-0.1075027,196.61804,137.86383
1.5-473-550,0.321686747,0.643373494,0.9671530515086588,-0.0008696541017,1.5,473.0,550.0,1007.4163,1.0584884,53.9205,918.6516,-88.76471,1.1892357,0.13074732,148.32227,94.401764
1.5-473-550,0.3927710844,0.7855421688,0.998978267368595,0.0008982710093,1.5,473.0,550.0,1097.4338,0.05015057,48.097168,889.436,-207.99786,1.0957458,1.0455953,148.16106,100.06389
1.5-473-550,0.2289156626,0.4578313252,0.7525573838264147,0.0006766918789,1.5,473.0,550.0,577.7756,1.3835561,526.9815,643.5688,65.79321,1.4499538,0.06639767,407.66006,-119.32144
1.5-473-550,0.1409638554,0.2819277108,0.9671530515086588,0.0008696541017,1.5,473.0,550.0,592.72375,0.7114111,503.7195,677.8166,85.092834,0.7473471,0.035935998,368.19897,-135.52054
1.5-473-550,0.3831325302,0.7662650604,0.6021818746711394,-0.0005414757638,1.5,473.0,550.0,643.4957,2.1130192,409.80856,680.5109,37.015198,2.04424,-0.06877923,329.35056,-80.45801
1.5-473-550,0.221686747,0.443373494,0.9671530515086588,0.0008696541017,1.5,473.0,550.0,1153.3445,0.7558104,45.19507,847.0959,-306.2486,0.9507668,0.19495642,226.67276,181.47769
1.5-473-550,0.1084337349,0.2168674698,0.7892004020960466,-0.000709640905,1.5,473.0,550.0,478.09146,0.91043776,645.05035,514.8638,36.77231,1.0066104,0.09617263,539.46454,-105.585815
1.5-473-550,0.3180722892,0.6361445784,0.47796385156444166,-0.0004297801918,1.5,473.0,550.0,586.1956,1.6814154,512.77,647.0621,60.866455,1.7037618,0.022346377,413.97208,-98.79794
1.5-473-550,0.4816326531,0.9632653062,0.9772248215579286,0.000878710534,1.5,473.0,550.0,657.9692,0.90410626,359.7683,724.2598,66.29065,1.2139447,0.3098384,249.69116,-110.07715
1.5-473-550,0.4102040816,0.8204081632,0.9531521909241071,0.0008570646715,1.5,473.0,550.0,764.5209,1.6716508,89.314224,815.0167,50.49585,1.40089,-0.27076077,188.04964,98.73541
1.5-473-550,0.3385542169,0.6771084338,0.8705746216627653,-0.0007828117684,1.5,473.0,550.0,767.1017,1.9191206,89.14285,796.36884,29.26715,1.6468064,-0.2723142,226.77847,137.63562
1.5-473-550,0.3481927711,0.6963855422,0.09831793590232207,-8.84064793e-05,1.5,473.0,550.0,575.5856,1.7551899,529.99475,656.0381,80.452515,1.5608282,-0.19436169,425.63278,-104.36197
1.5-473-550,0.1313253012,0.2626506024,0.9973789933391554,0.0008968329585,1.5,473.0,550.0,740.5694,0.11842864,98.210144,688.59064,-51.97876,0.605334,0.48690534,357.09064,258.8805
1.5-473-550,0.113253012,0.226506024,0.47796385156444166,-0.0004297801918,1.5,473.0,550.0,474.90533,1.070878,648.05597,529.1741,54.268738,1.0765121,0.0056340694,572.213,-75.84296
1.5-473-550,0.3192771085,0.638554217,0.6021818746711394,-0.0005414757638,1.5,473.0,550.0,611.8713,1.7384737,474.16937,655.3381,43.466797,1.8075095,0.06903589,380.565,-93.60437
1.5-473-550,0.1421686747,0.2843373494,0.9999999997775775,-0.0008991897406,1.5,473.0,550.0,805.891,-5.322157e-09,78.7184,718.8413,-87.04968,0.617106,0.617106,330.9524,252.234
1.5-473-550,0.3759036145,0.751807229,0.22784103833049427,-0.0002048723242,1.5,473.0,550.0,607.5377,1.9570957,481.48575,683.38727,75.84955,1.7315972,-0.22549856,391.08307,-90.40268
1.5-473-550,0.4204081632,0.8408163264,0.22784103821928303,0.0002048723241,1.5,473.0,550.0,637.5851,2.2105486,424.90906,704.3099,66.72479,1.9129595,-0.29758918,352.12613,-72.78293
1.5-473-550,0.2,0.4,0.9726063657286781,0.0008745576659,1.5,473.0,550.0,1088.7311,0.6059509,48.609467,815.3588,-273.37225,0.87206614,0.26611525,253.02005,204.41058
1.5-473-550,0.4775510204,0.9551020408,0.9945113832197316,0.0008942544329,1.5,473.0,550.0,658.3006,0.297482,358.4303,737.74335,79.44275,1.1131401,0.8156581,242.65147,-115.778824
1.5-473-550,0.3132530121,0.6265060242,0.9998257452316341,-0.0008990330527,1.5,473.0,550.0,1173.9901,0.0033247417,44.226196,972.7775,-201.21259,0.96989655,0.9665718,115.45653,71.23033
1.5-473-550,0.169879518,0.339759036,0.9956514833048237,0.0008952795992,1.5,473.0,550.0,927.89044,0.10882633,60.84662,781.7409,-146.14954,0.69652975,0.5877034,279.1842,218.33759
1.5-473-550,0.1469879518,0.2939759036,0.09831793589120096,8.840647929e-05,1.5,473.0,550.0,485.78888,1.1059701,637.39166,580.2474,94.458496,1.159606,0.053635836,526.7831,-110.60858
1.5-473-550,0.2180722891,0.4361445782,0.7892004020960466,-0.000709640905,1.5,473.0,550.0,580.334,1.3415182,523.55536,653.92523,73.59125,1.3817818,0.040263653,397.779,-125.77637
1.5-473-550,0.4020408163,0.8040816326,0.16340484119544796,0.0001469319568,1.5,473.0,550.0,624.8104,2.16219,451.5702,690.91833,66.10791,1.8001838,-0.3620062,373.5608,-78.0094
1.5-473-550,0.1421686747,0.2843373494,0.998978267368595,-0.0008982710093,1.5,473.0,550.0,798.9277,0.03557759,80.01294,717.5674,-81.36029,0.6216689,0.5860913,332.08865,252.07571
1.5-473-550,0.2397590361,0.4795180722,0.7525573838264147,0.0006766918789,1.5,473.0,550.0,594.3281,1.4381613,500.8481,654.45404,60.125916,1.4931525,0.054991245,394.53204,-106.31607
1.5-473-550,0.4755102041,0.9510204082,0.9993254186825348,0.0008985831642,1.5,473.0,550.0,658.4882,0.03251153,357.67297,743.3254,84.83716,1.084505,1.0519935,239.39758,-118.27539
1.5-473-550,0.04081632652,0.08163265304,0.9973789934503665,-0.0008968329586,1.5,473.0,550.0,473.00003,0.025195533,649.85333,507.05716,34.05713,0.40738693,0.3821914,542.8817,-106.97162
1.5-473-550,0.1710843373,0.3421686746,0.9872047710533666,-0.0008876844022,1.5,473.0,550.0,882.59515,0.31122863,66.0231,772.86163,-109.73352,0.73812264,0.426894,286.93408,220.91098
1.5-473-550,0.1638554216,0.3277108432,0.9726063657286781,-0.0008745576659,1.5,473.0,550.0,719.24994,0.6757672,113.29208,736.9173,17.667358,0.7831411,0.10737389,317.53406,204.24197
1.5-473-550,0.4857142857,0.9714285714,0.9811301446957078,-0.0008822221605,1.5,473.0,550.0,657.75696,0.8186675,360.62503,720.09,62.33307,1.1832937,0.36462623,254.12599,-106.49904
1.5-473-550,0.1855421686,0.3710843372,0.47796385156444166,-0.0004297801918,1.5,473.0,550.0,509.02054,1.168945,613.86725,560.3268,51.306244,1.226505,0.057560086,533.3901,-80.47717
1.5-473-550,0.0,0.0,0.7527150115145086,0.0006768336161,1.5,473.0,550.0,473.00003,0.90842825,649.85333,465.72275,-7.2772827,0.7911402,-0.11728805,632.32196,-17.531372
1.5-473-550,0.08367346941,0.16734693882,0.9671530515086588,0.0008696541017,1.5,473.0,550.0,473.00003,0.34286332,649.85333,557.19495,84.194916,0.606913,0.26404965,482.21268,-167.64066
1.5-473-550,0.1795180723,0.3590361446,0.999825745120423,0.0008990330526,1.5,473.0,550.0,1010.9344,0.0024045652,53.642334,810.7571,-200.1773,0.696925,0.6945204,255.60367,201.96133
1.5-473-550,0.1686746988,0.3373493976,0.9071317792997667,0.0008156835895,1.5,473.0,550.0,569.702,0.9691829,539.72375,674.8507,105.14868,1.0101151,0.040932238,375.27393,-164.44983
1.5-473-550,0.1108433734,0.2216867468,0.7525573838264147,0.0006766918789,1.5,473.0,550.0,478.7433,0.9438611,644.4355,510.1786,31.435303,1.0402884,0.09642732,549.4467,-94.98877
1.5-473-550,0.2156626506,0.4313253012,0.9895407848051817,-0.0008897849218,1.5,473.0,550.0,1250.608,0.25823528,41.00766,871.29315,-379.31488,0.8274784,0.56924313,207.68246,166.6748
1.5-473-550,0.1240963855,0.248192771,0.9442484491033019,0.0008490585182,1.5,473.0,550.0,525.0578,0.730651,596.14575,618.97986,93.92206,0.77943516,0.048784137,422.36398,-173.78177
1.5-473-550,0.4571428571,0.9142857142,0.9915009044774012,0.0008915474413,1.5,473.0,550.0,661.4732,0.46098548,337.57336,769.2838,107.81061,1.1557295,0.69474405,218.3961,-119.17726
1.5-473-550,0.1168674698,0.2337349396,0.9915009044774012,0.0008915474413,1.5,473.0,550.0,635.91534,0.33519918,428.60748,647.2509,11.335571,0.5977886,0.2625894,394.1638,-34.443695
1.5-473-550,0.3072289157,0.6144578314,0.9998257452316341,-0.0008990330527,1.5,473.0,550.0,1177.6414,0.0032557196,44.059174,973.79315,-203.8482,0.9585072,0.95525146,116.37137,72.312195
1.5-473-550,0.3060240964,0.6120481928,0.16340484097302546,-0.0001469319566,1.5,473.0,550.0,540.0313,1.5568532,579.4165,642.0045,101.973206,1.4311936,-0.12565958,454.6479,-124.768616
1.5-473-550,0.213253012,0.426506024,0.9895407849163931,0.0008897849219,1.5,473.0,550.0,1253.9436,0.25849313,40.88449,866.8163,-387.12732,0.82209665,0.5636035,211.27856,170.39407
1.5-473-550,0.3253012049,0.6506024098,0.09831793590232207,-8.84064793e-05,1.5,473.0,550.0,552.25323,1.6309997,564.4796,644.7278,92.47455,1.4803644,-0.15063524,443.8908,-120.588806
1.5-473-550,0.1445783132,0.2891566264,0.03282169734692774,-2.951293353e-05,1.5,473.0,550.0,484.60114,1.1053152,638.5937,578.0943,93.493164,1.1885107,0.08319545,523.9497,-114.64398
1.5-473-550,0.05102040816,0.10204081632,0.6021818746711394,-0.0005414757638,1.5,473.0,550.0,473.00003,1.0574282,649.85333,495.335,22.33496,0.9688091,-0.08861911,600.42725,-49.426086
1.5-473-550,0.373493976,0.746987952,0.9895407848051817,-0.0008897849218,1.5,473.0,550.0,1071.1439,0.47131228,49.62552,906.5873,-164.55664,1.1395161,0.66820383,140.9476,91.32208
1.5-473-550,0.4081632653,0.8163265306,0.6021818746711394,0.0005414757638,1.5,473.0,550.0,652.9639,2.2928073,379.919,686.6936,33.729675,2.114934,-0.17787337,314.3754,-65.54361
1.5-473-550,0.2795180723,0.5590361446,0.9985491866279087,0.0008978851843,1.5,473.0,550.0,1193.9395,0.0420292,43.3266,965.3551,-228.58435,0.9122484,0.8702192,128.88641,85.559814
1.5-473-550,0.2301204819,0.4602409638,0.9965972946963587,0.0008961300631,1.5,473.0,550.0,1269.8428,0.083760254,40.29782,907.8534,-361.98938,0.8211196,0.73735934,178.56538,138.26756
1.5-473-550,0.2759036145,0.551807229,0.9442484491033019,-0.0008490585182,1.5,473.0,550.0,946.7013,1.3061289,59.04355,876.1127,-70.58862,1.1966925,-0.10943639,193.68393,134.64038
1.5-473-550,0.1843373494,0.3686746988,0.9071317792997667,0.0008156835895,1.5,473.0,550.0,606.2421,1.0542222,482.98035,704.0935,97.85138,1.0587385,0.004516244,349.47073,-133.50961
1.5-473-550,0.1554216867,0.3108433734,0.7525573838264147,-0.0006766918789,1.5,473.0,550.0,510.5336,1.0237919,612.21704,558.199,47.665375,1.1776788,0.15388691,499.16068,-113.056366
1.5-473-550,0.08775510207,0.17551020414,0.9996041060258503,0.000898833757,1.5,473.0,550.0,473.00003,0.0032563156,649.85333,589.67334,116.67331,0.50185096,0.49859464,449.2959,-200.55743
1.5-473-550,0.156626506,0.313253012,0.960723235489121,-0.0008638724771,1.5,473.0,550.0,620.4908,0.7982326,459.00122,706.2529,85.762146,0.8104444,0.0122118,344.19882,-114.8024
1.5-473-550,0.1602409638,0.3204819276,0.9999999997775775,0.0008991897406,1.5,473.0,550.0,894.8526,-5.322157e-09,64.55673,764.1921,-130.66052,0.655401,0.655401,293.19644,228.63971
1.5-473-550,0.1,0.2,0.9993256565633628,-0.0008985833781,1.5,473.0,550.0,544.2608,0.009366864,563.5933,616.0529,71.792114,0.5295074,0.5201405,423.28394,-140.30939
1.5-473-550,0.3602409639,0.7204819278,0.8902853188558087,-0.0008005354251,1.5,473.0,550.0,803.0421,1.9764187,79.37915,806.7927,3.7506104,1.6308157,-0.345603,208.9911,129.61195
1.5-473-550,0.156626506,0.313253012,0.9965972946963587,-0.0008961300631,1.5,473.0,550.0,852.91614,0.099771254,70.15866,750.62335,-102.292786,0.66346645,0.5636952,304.56955,234.41089
1.5-473-550,0.1168674698,0.2337349396,0.7098470004029654,0.0006382871403,1.5,473.0,550.0,481.49576,0.97678727,641.7363,510.32965,28.833893,1.0770566,0.10026938,555.51855,-86.21777
1.5-473-550,0.02244897957,0.04489795914,0.5396442233296441,0.0004852425493,1.5,473.0,550.0,473.00003,1.1206744,649.85333,515.4301,42.430084,0.9517126,-0.16896176,596.03455,-53.818787
1.5-473-550,0.1891566265,0.378313253,0.9772248215579286,-0.000878710534,1.5,473.0,550.0,980.12213,0.5079574,56.06198,799.55786,-180.56427,0.8250948,0.31713742,265.7621,209.7001
1.5-473-550,0.1759036144,0.3518072288,0.09831793590232207,-8.84064793e-05,1.5,473.0,550.0,497.68054,1.155589,625.3573,585.82635,88.14581,1.17956,0.023970962,521.07794,-104.27936
1.5-473-550,0.1590361445,0.318072289,0.7525573838264147,0.0006766918789,1.5,473.0,550.0,513.1397,1.0333021,609.3987,562.4794,49.33966,1.1898562,0.1565541,494.7889,-114.60977
1.5-473-550,0.1120481927,0.2240963854,0.47796385156444166,-0.0004297801918,1.5,473.0,550.0,474.49127,1.0729629,648.44653,528.8928,54.40155,1.0746653,0.0017024279,572.6156,-75.83093
1.5-473-550,0.3108433735,0.621686747,0.9895407848051817,-0.0008897849218,1.5,473.0,550.0,1127.5573,0.3509907,46.475525,956.1797,-171.37756,1.0322617,0.681271,126.948456,80.47293
1.5-473-550,0.2915662651,0.5831325302,0.5396442233296441,-0.0004852425493,1.5,473.0,550.0,576.22766,1.5823542,529.46893,632.02234,55.794678,1.6477813,0.065427065,426.1072,-103.361725
1.5-473-550,0.1746987951,0.3493975902,0.9726063657286781,0.0008745576659,1.5,473.0,550.0,797.02075,0.6308091,80.79947,761.5338,-35.48694,0.8097771,0.17896795,297.1277,216.32822
1.5-473-550,0.3542168675,0.708433735,0.09831793589120096,8.840647929e-05,1.5,473.0,550.0,581.9572,1.7935225,518.4667,659.01917,77.06195,1.5831109,-0.21041155,420.64954,-97.81714
1.5-473-550,0.2240963855,0.448192771,0.960723235489121,0.0008638724771,1.5,473.0,550.0,1117.4614,0.8842958,47.02591,841.46387,-275.99756,0.98586774,0.10157192,231.00534,183.97943
1.5-473-550,0.3746987952,0.7493975904,0.9945113832197316,0.0008942544329,1.5,473.0,550.0,1095.4513,0.24865967,48.212433,911.48975,-183.96155,1.1070026,0.85834295,137.9174,89.70497
1.5-473-550,0.2831325301,0.5662650602,0.5396442233296441,0.0004852425493,1.5,473.0,550.0,568.3719,1.5443561,541.3699,626.475,58.10309,1.6127435,0.06838739,434.57394,-106.79593
1.5-473-550,0.2759036145,0.551807229,0.16340484097302546,-0.0001469319566,1.5,473.0,550.0,526.4471,1.4602557,594.6009,626.5653,100.118225,1.3407034,-0.119552374,476.03238,-118.56851
1.5-473-550,0.1879518072,0.3759036144,0.999825745120423,0.0008990330526,1.5,473.0,550.0,1090.7982,0.0023376888,48.48294,830.2645,-260.5337,0.71468216,0.71234447,240.09332,191.61038
1.5-473-550,0.03469387754,0.06938775508,0.8705746216627653,0.0007828117684,1.5,473.0,550.0,473.00003,0.7597669,649.85333,465.17468,-7.825348,0.71254355,-0.04722333,598.67694,-51.17639
1.5-473-550,0.2831325301,0.5662650602,0.3542741439827602,-0.0003185596757,1.5,473.0,550.0,539.45386,1.4983819,580.03156,629.92346,90.469604,1.4526436,-0.04573822,462.1661,-117.86545
1.5-473-550,0.08571428574,0.17142857148,0.9671530515086588,-0.0008696541017,1.5,473.0,550.0,473.00003,0.3427437,649.85333,560.9119,87.911896,0.61182266,0.26907897,478.29962,-171.55371
1.5-473-550,0.002040816309,0.004081632618,0.9931416466178614,-0.0008930227798,1.5,473.0,550.0,473.00003,0.11716067,649.85333,466.0976,-6.9024353,0.33683866,0.21967798,605.376,-44.477356
1.5-473-550,0.3012048193,0.6024096386,0.9973789933391554,0.0008968329585,1.5,473.0,550.0,1169.9973,0.08432012,44.408783,969.78876,-200.20856,0.96293557,0.87861544,120.58278,76.173996
1.5-473-550,0.03265306121,0.06530612242,0.9931416465066502,-0.0008930227797,1.5,473.0,550.0,473.00003,0.06594693,649.85333,494.82434,21.82431,0.40414548,0.33819854,559.0562,-90.79712
1.5-473-550,0.1650602409,0.3301204818,0.47796385156444166,-0.0004297801918,1.5,473.0,550.0,499.5828,1.1068113,623.43225,549.00555,49.42276,1.1755362,0.06872487,547.21027,-76.221985
1.5-473-550,0.2542168675,0.508433735,0.9071317792997667,-0.0008156835895,1.5,473.0,550.0,831.8459,1.5340737,73.950516,807.22815,-24.617737,1.27911,-0.25496376,253.18913,179.23862
1.5-473-550,0.05102040816,0.10204081632,0.47796385156444166,0.0004297801918,1.5,473.0,550.0,473.00003,1.1198074,649.85333,526.2598,53.259796,0.9999498,-0.11985755,583.4585,-66.39484
1.5-473-550,0.2698795181,0.5397590362,0.22784103833049427,-0.0002048723242,1.5,473.0,550.0,526.32324,1.4465424,594.7386,625.51355,99.19031,1.3391469,-0.10739553,478.23465,-116.50394
1.5-473-550,0.3614457832,0.7228915664,0.9965972946963587,-0.0008961300631,1.5,473.0,550.0,1117.4528,0.1415726,47.01544,931.69244,-185.76031,1.0742223,0.93264973,128.65704,81.6416
1.5-473-550,0.3385542169,0.6771084338,0.9442484491033019,0.0008490585182,1.5,473.0,550.0,916.0462,1.513332,62.114838,879.54047,-36.505737,1.348721,-0.16461098,168.18587,106.07103
1.5-473-550,0.05510204082,0.11020408164,0.9980223152919674,0.000897411427,1.5,473.0,550.0,473.00003,0.019487137,649.85333,528.2358,55.23575,0.43643084,0.4169437,516.3476,-133.50574
1.5-473-550,0.03061224488,0.06122448976,0.9895407848051817,0.0008897849218,1.5,473.0,550.0,473.00003,0.10049843,649.85333,490.95587,17.955841,0.41180617,0.31130773,564.12946,-85.72388
1.5-473-550,0.1879518072,0.3759036144,0.9337895728803226,-0.000839654004,1.5,473.0,550.0,684.87555,1.0448021,209.35672,740.5518,55.67627,0.9898891,-0.054912984,316.69537,107.33865
1.5-473-550,0.3963855422,0.7927710844,0.4163512326852384,0.000374378757,1.5,473.0,550.0,632.59235,2.1652641,435.96786,690.50885,57.916504,1.9674376,-0.1978265,354.48285,-81.485016
1.5-473-550,0.1831325301,0.3662650602,0.9772248215579286,-0.000878710534,1.5,473.0,550.0,913.01556,0.5038939,62.443817,786.4935,-126.52203,0.810609,0.30671507,276.40265,213.95883
1.5-473-550,0.3855421687,0.7710843374,0.9671530515086588,0.0008696541017,1.5,473.0,550.0,953.52246,1.3787609,58.380615,863.11633,-90.40613,1.2980744,-0.08068657,163.95044,105.569824
1.5-473-550,0.3963855422,0.7927710844,0.9945113832197316,-0.0008942544329,1.5,473.0,550.0,1070.2938,0.2979241,49.67578,878.1754,-192.11841,1.1305121,0.832588,154.06996,104.39418
1.5-473-550,0.3662650603,0.7325301206,0.993141646395439,0.0008930227796,1.5,473.0,550.0,1096.2714,0.29578465,48.164764,920.8833,-175.38806,1.1050689,0.80928427,134.01794,85.85318
1.5-473-550,0.4918367347,0.9836734694,0.9965972946963587,-0.0008961300631,1.5,473.0,550.0,657.5469,0.18276006,361.47333,717.28595,59.739075,1.0767056,0.8939455,260.5588,-100.91452
1.5-473-550,0.1746987951,0.3493975902,0.9999999997775775,-0.0008991897406,1.5,473.0,550.0,980.22626,-5.322157e-09,56.09845,799.5607,-180.66553,0.6859104,0.6859104,264.5509,208.45245
1.5-473-550,0.1771084337,0.3542168674,0.9726063657286781,-0.0008745576659,1.5,473.0,550.0,825.5994,0.6086317,74.80382,766.9063,-58.693115,0.81570363,0.20707196,292.7022,217.89839
1.5-473-550,0.1144578313,0.2289156626,0.960723235489121,0.0008638724771,1.5,473.0,550.0,524.35724,0.60783094,596.9248,612.9672,88.609985,0.7031344,0.095303476,427.0325,-169.8923
1.5-473-550,0.2337349398,0.4674698796,0.4163512323516047,-0.0003743787567,1.5,473.0,550.0,522.8001,1.3552938,598.6563,594.97394,72.17383,1.330265,-0.025028706,499.2321,-99.424225
1.5-473-550,0.4673469388,0.9346938776,0.7525573838264147,-0.0006766918789,1.5,473.0,550.0,658.2964,1.6601785,358.44754,691.3682,33.07184,2.055208,0.39502943,272.0185,-86.42905
1.5-473-550,0.1253012048,0.2506024096,0.9980223152919674,-0.000897411427,1.5,473.0,550.0,721.30176,0.10073262,108.46431,674.48096,-46.8208,0.58957547,0.48884284,369.46854,261.0042
1.5-473-550,0.4326530612,0.8653061224,0.22784103821928303,0.0002048723241,1.5,473.0,550.0,642.4762,2.1157558,412.7208,709.43353,66.95734,1.9590437,-0.15671206,341.974,-70.746796
1.5-473-550,0.3168674699,0.6337349398,0.8705746216627653,-0.0007828117684,1.5,473.0,550.0,759.1601,1.8296787,92.15915,797.8718,38.71173,1.5864747,-0.243204,236.0777,143.91855
1.5-473-550,0.5,1.0,0.6603133566356632,-0.000593746996,1.5,473.0,550.0,657.2259,1.7598042,362.76917,690.4651,33.239197,2.1382818,0.37847757,285.5964,-77.17276
1.5-473-550,0.3108433735,0.621686747,0.960723235489121,0.0008638724771,1.5,473.0,550.0,988.1559,1.1589994,55.434998,911.0725,-77.083374,1.2010893,0.04208982,157.12186,101.68686
1.5-473-550,0.1819277108,0.3638554216,0.9726063657286781,0.0008745576659,1.5,473.0,550.0,863.2672,0.60520005,68.741516,777.51953,-85.74768,0.82756233,0.22236228,283.98233,215.24081
1.5-473-550,0.3722891567,0.7445783134,0.9999999997775775,0.0008991897406,1.5,473.0,550.0,1124.2134,-5.322157e-09,46.678802,922.26495,-201.94843,1.0653006,1.0653006,132.14328,85.46448
1.5-473-550,0.4408163265,0.881632653,0.9872047710533666,0.0008876844022,1.5,473.0,550.0,668.92755,0.71064883,266.74948,794.2653,125.33777,1.193599,0.48295015,201.1493,-65.600174
1.5-473-550,0.2662650602,0.5325301204,0.9071317792997667,0.0008156835895,1.5,473.0,550.0,836.44507,1.5533881,73.09563,818.31824,-18.126831,1.316324,-0.23706412,240.82504,167.72942
1.5-473-550,0.308433735,0.61686747,0.22784103833049427,-0.0002048723242,1.5,473.0,550.0,545.8329,1.5736536,572.5072,646.817,100.98413,1.4639621,-0.1096915,449.20868,-123.29852
1.5-473-550,0.3674698796,0.7349397592,0.8206166047262803,0.0007378900321,1.5,473.0,550.0,703.5195,2.1190298,130.27681,748.6023,45.082825,1.8484842,-0.2705456,250.33626,120.05945
1.5-473-550,0.0102040816,0.0204081632,0.8902853188558087,-0.0008005354251,1.5,473.0,550.0,473.00003,0.735813,649.85333,454.99576,-18.004272,0.6206205,-0.11519253,620.6158,-29.237549
1.5-473-550,0.06734693879,0.13469387758,0.9996041061370615,-0.0008988337571,1.5,473.0,550.0,473.00003,0.0032670444,649.85333,549.906,76.905975,0.45740804,0.454141,491.4351,-158.41824
1.5-473-550,0.3289156627,0.6578313254,0.9945113832197316,0.0008942544329,1.5,473.0,550.0,1137.2297,0.19736284,45.988556,957.7413,-179.48846,1.034444,0.83708113,120.84787,74.859314
1.5-473-550,0.3493975904,0.6987951808,0.8206166047262803,0.0007378900321,1.5,473.0,550.0,692.3694,2.0033689,162.1716,752.69946,60.33008,1.8033127,-0.2000562,256.0275,93.855896
1.5-473-550,0.1060240963,0.2120481926,0.2914697156873968,0.0002620865781,1.5,473.0,550.0,473.03064,1.1354927,649.82446,562.4249,89.39429,1.0765508,-0.05894184,551.01575,-98.808716
1.5-473-550,0.221686747,0.443373494,0.47796385156444166,0.0004297801918,1.5,473.0,550.0,522.4477,1.3243569,599.04816,583.2765,60.828796,1.3335288,0.0091718435,504.5661,-94.482056
1.5-473-550,0.09387755105,0.1877551021,0.9956514833048237,0.0008952795992,1.5,473.0,550.0,473.00003,0.044160243,649.85333,599.28326,126.28323,0.53056,0.48639977,439.5994,-210.25394
1.5-473-550,0.3156626506,0.6313253012,0.22784103821928303,0.0002048723241,1.5,473.0,550.0,551.54895,1.6033676,565.3544,650.863,99.314026,1.4901849,-0.113182664,443.33197,-122.0224
1.5-473-550,0.2277108433,0.4554216866,0.8705746216627653,-0.0007828117684,1.5,473.0,550.0,689.9284,1.4632558,215.35742,734.2815,44.35309,1.2926964,-0.1705594,320.54187,105.18445
1.5-473-550,0.2975903615,0.595180723,0.9915009044774012,0.0008915474413,1.5,473.0,550.0,1145.7887,0.2748406,45.56662,959.4996,-186.28912,0.9931939,0.71835333,128.42557,82.85895
1.5-473-550,0.3566265061,0.7132530122,0.3542741437603377,0.0003185596755,1.5,473.0,550.0,599.8498,1.850437,493.37512,673.69653,73.84674,1.7493693,-0.10106778,396.55624,-96.81888
1.5-473-550,0.2698795181,0.5397590362,0.9215172744995802,-0.0008286188792,1.5,473.0,550.0,876.62933,1.4888597,66.903015,839.9589,-36.67041,1.2749751,-0.21388459,222.83424,155.93123
1.5-473-550,0.2469879518,0.4939759036,0.47796385156444166,-0.0004297801918,1.5,473.0,550.0,531.21765,1.3983747,589.296,600.4705,69.25287,1.4206139,0.022239208,481.87506,-107.42096
1.5-473-550,0.09387755105,0.1877551021,0.9844268823757469,0.0008851865532,1.5,473.0,550.0,473.00003,0.1607101,649.85333,589.8075,116.807465,0.57243294,0.41172284,448.89502,-200.95831
1.5-473-550,0.1301204819,0.2602409638,0.9531521909241071,0.0008570646715,1.5,473.0,550.0,543.13995,0.72742707,575.6678,639.6423,96.50232,0.7676496,0.040222526,402.94464,-172.72314
1.5-473-550,0.3012048193,0.6024096386,0.29146971579860803,-0.0002620865782,1.5,473.0,550.0,545.8363,1.5556647,572.5031,643.05426,97.21796,1.4740598,-0.08160484,451.2694,-121.2337
1.5-473-550,0.1192771084,0.2385542168,0.9956514833048237,-0.0008952795992,1.5,473.0,550.0,676.02234,0.24360335,203.56325,657.2907,-18.731628,0.5863497,0.34274638,384.9266,181.36336
1.5-473-550,0.256626506,0.513253012,0.9215172744995802,-0.0008286188792,1.5,473.0,550.0,880.535,1.4624825,66.430176,828.2925,-52.242493,1.2360324,-0.22645009,235.7695,169.33932
1.5-473-550,0.2831325301,0.5662650602,0.9945113832197316,-0.0008942544329,1.5,473.0,550.0,1172.4965,0.16801047,44.294495,960.2055,-212.29095,0.94480854,0.77679807,131.62097,87.32648
1.5-473-550,0.1493975903,0.2987951806,0.9973789934503665,-0.0008968329586,1.5,473.0,550.0,818.7096,0.08577507,76.04437,733.6551,-85.054504,0.6443335,0.5585584,318.62595,242.58157
1.5-473-550,0.2578313253,0.5156626506,0.9980223152919674,-0.000897411427,1.5,473.0,550.0,1213.7742,0.05422693,42.483612,947.16705,-266.60712,0.87107545,0.8168485,146.00484,103.521225
1.5-473-550,0.3843373495,0.768674699,0.9999999997775775,-0.0008991897406,1.5,473.0,550.0,1112.5543,-5.322157e-09,47.302155,904.3144,-208.23993,1.0798124,1.0798124,140.6748,93.37265
1.5-473-550,0.3698795181,0.7397590362,0.7892004020960466,-0.000709640905,1.5,473.0,550.0,677.26324,2.1159232,213.39485,729.6301,52.366882,1.9136868,-0.20223641,266.00467,52.609818
1.5-473-550,0.3987951808,0.7975903616,0.7098470004029654,0.0006382871403,1.5,473.0,550.0,662.54645,2.3141882,322.68518,697.339,34.79254,2.0681632,-0.24602509,288.80142,-33.88376
1.5-473-550,0.1686746988,0.3373493976,0.9671530515086588,0.0008696541017,1.5,473.0,550.0,704.73834,0.75889945,138.24396,741.03217,36.293823,0.81681323,0.05791378,314.46967,176.22571
1.5-473-550,0.3506024097,0.7012048194,0.4163512323516047,-0.0003743787567,1.5,473.0,550.0,601.72046,1.831082,490.49393,667.7255,66.005066,1.7817942,-0.049287796,394.16925,-96.32468
1.5-473-550,0.1903614457,0.3807228914,0.9215172744995802,-0.0008286188792,1.5,473.0,550.0,659.0437,1.09778,314.50018,730.8426,71.79889,1.0360492,-0.061730742,325.4907,10.990509
1.5-473-550,0.2457831325,0.491566265,0.9671530515086588,-0.0008696541017,1.5,473.0,550.0,1085.9706,0.84094924,48.77231,882.31537,-203.65521,1.0111368,0.17018753,196.2384,147.4661
1.5-473-550,0.343373494,0.686746988,0.9915009044774012,0.0008915474413,1.5,473.0,550.0,1110.0215,0.32652855,47.412506,942.824,-167.19751,1.0801525,0.75362396,126.24991,78.8374
1.5-473-550,0.3566265061,0.7132530122,0.9872047710533666,-0.0008876844022,1.5,473.0,550.0,1075.0353,0.5239125,49.399292,923.8264,-151.20886,1.1306189,0.60670644,134.42712,85.02783
1.5-473-550,0.2277108434,0.4554216868,0.6600967573005477,0.0005935522321,1.5,473.0,550.0,544.0498,1.3520275,574.5748,604.37036,60.320557,1.4546041,0.10257661,455.15137,-119.42346
1.5-473-550,0.134939759,0.269879518,0.9956514833048237,-0.0008952795992,1.5,473.0,550.0,741.7433,0.18421113,97.69032,695.51807,-46.22522,0.62057865,0.4363675,351.15384,253.46352
1.5-473-550,0.2734939759,0.5469879518,0.999825745120423,-0.0008990330526,1.5,473.0,550.0,1205.513,0.0029053038,42.834686,963.864,-241.64893,0.8920824,0.8891771,131.21005,88.37537
1.5-473-550,0.2879518072,0.5759036144,0.6021818746711394,-0.0005414757638,1.5,473.0,550.0,588.65717,1.5918204,509.2714,637.01355,48.356384,1.6773288,0.085508466,411.3445,-97.92688
1.5-473-550,0.134939759,0.269879518,0.29146971579860803,-0.0002620865782,1.5,473.0,550.0,481.94028,1.0888478,641.28644,566.34717,84.40689,1.099256,0.010408282,546.12415,-95.16229
1.5-473-550,0.09795918371,0.19591836742,0.22784103821928303,0.0002048723241,1.5,473.0,550.0,473.00003,1.1734027,649.85333,569.7333,96.733246,1.0883989,-0.08500373,543.2682,-106.585144
1.5-473-550,0.1493975903,0.2987951806,0.9985491866279087,0.0008978851843,1.5,473.0,550.0,827.1593,0.046268042,74.3755,735.16345,-91.99585,0.63904977,0.5927817,317.29407,242.91856
1.5-473-550,0.4387755102,0.8775510204,0.960723235489121,0.0008638724771,1.5,473.0,550.0,670.14215,1.1749909,255.58592,778.8077,108.66553,1.3587114,0.18372047,208.18579,-47.40013
1.5-473-550,0.04285714285,0.0857142857,0.993141646395439,-0.0008930227796,1.5,473.0,550.0,473.00003,0.06792437,649.85333,507.66562,34.66559,0.42671615,0.35879177,541.5828,-108.27051
1.5-473-550,0.4938775511,0.9877551022,0.9844268823757469,0.0008851865532,1.5,473.0,550.0,657.4859,0.7325238,361.7193,710.17017,52.684265,1.1478081,0.41528428,263.7846,-97.93469
1.5-473-550,0.1530120482,0.3060240964,0.47796385156444166,-0.0004297801918,1.5,473.0,550.0,493.75143,1.083299,629.33356,543.15265,49.401215,1.1488156,0.06551659,554.346,-74.98755
1.5-473-550,0.01836734691,0.03673469382,0.7098470004029654,0.0006382871403,1.5,473.0,550.0,473.00003,1.0069484,649.85333,472.7661,-0.23391724,0.8604056,-0.14654273,620.6402,-29.213135
1.5-473-550,0.1457831325,0.291566265,0.9772248215579286,-0.000878710534,1.5,473.0,550.0,646.7103,0.6585588,400.28418,700.25885,53.548523,0.7210109,0.062452137,348.15573,-52.12845
1.5-473-550,0.05918367348,0.11836734696,0.998978267368595,0.0008982710093,1.5,473.0,550.0,473.00003,0.009693975,649.85333,535.42413,62.424103,0.44188687,0.4321929,507.92154,-141.9318
1.5-473-550,0.09387755105,0.1877551021,0.8206166047262803,-0.0007378900321,1.5,473.0,550.0,473.00003,0.8753206,649.85333,506.7283,33.72827,0.9338178,0.05849719,544.8196,-105.03375
1.5-473-550,0.4653061225,0.930612245,0.16340484097302546,-0.0001469319566,1.5,473.0,550.0,652.85254,2.0112638,380.42426,717.4423,64.58978,2.029446,0.01818204,322.05374,-58.370514
1.5-473-550,0.3481927711,0.6963855422,0.9985491866279087,-0.0008978851843,1.5,473.0,550.0,1139.9384,0.054426547,45.85504,949.0972,-190.84113,1.0401517,0.98572516,121.2263,75.37126
1.5-473-550,0.3891566266,0.7783132532,0.9973789933391554,0.0008968329585,1.5,473.0,550.0,1094.2617,0.13094532,48.281586,893.3793,-200.88245,1.103553,0.97260773,146.26384,97.982254
1.5-473-550,0.2,0.4,0.6021818746711394,-0.0005414757638,1.5,473.0,550.0,523.16046,1.2302707,598.2556,569.5101,46.34961,1.3311423,0.10087156,503.71194,-94.54367
1.5-473-550,0.3903614458,0.7807228916,0.6021818746711394,0.0005414757638,1.5,473.0,550.0,646.6156,2.1749375,401.28116,682.46747,35.851868,2.0663517,-0.108585835,324.71368,-76.567474
1.5-473-550,0.05102040816,0.10204081632,0.998978267368595,0.0008982710093,1.5,473.0,550.0,473.00003,0.009563917,649.85333,522.4769,49.4769,0.42402592,0.414462,523.4369,-126.41644
1.5-473-550,0.3698795181,0.7397590362,0.7892004020960466,0.000709640905,1.5,473.0,550.0,677.26324,2.1159232,213.39482,729.6301,52.366882,1.9136868,-0.20223641,266.00467,52.609848
1.5-473-550,0.2421686747,0.4843373494,0.960723235489121,0.0008638724771,1.5,473.0,550.0,1062.9668,0.9537265,50.151123,867.7964,-195.17041,1.0325919,0.07886547,208.00642,157.8553
1.5-473-550,0.02244897957,0.04489795914,0.9998257452316341,-0.0008990330527,1.5,473.0,550.0,473.00003,0.0009070582,649.85333,486.2582,13.258179,0.35863984,0.35773277,572.5662,-77.28711
1.5-473-550,0.265060241,0.530120482,0.47796385156444166,-0.0004297801918,1.5,473.0,550.0,541.30347,1.4564092,577.8385,612.81934,71.51587,1.4881417,0.03173244,464.87238,-112.966125
1.5-473-550,0.4285714286,0.8571428572,0.9811301446957078,-0.0008822221605,1.5,473.0,550.0,687.30414,0.9536726,148.48822,810.385,123.08087,1.2354374,0.2817648,190.74687,42.25865
1.5-473-550,0.3349397591,0.6698795182,0.9442484491033019,-0.0008490585182,1.5,473.0,550.0,917.95013,1.4991156,61.919586,881.31866,-36.63147,1.3410099,-0.15810573,168.36798,106.448395
1.5-473-550,0.1710843373,0.3421686746,0.9999999997775775,-0.0008991897406,1.5,473.0,550.0,962.4027,-5.322157e-09,57.626923,790.8453,-171.55743,0.6782921,0.6782921,271.55682,213.9299
1.5-473-550,0.343373494,0.686746988,0.22784103821928303,0.0002048723241,1.5,473.0,550.0,577.3022,1.7431608,526.5535,666.21295,88.91077,1.5973188,-0.14584208,419.84546,-106.70807
1.5-473-550,0.07142857145,0.1428571429,0.8206166047262803,0.0007378900321,1.5,473.0,550.0,473.00003,0.87550473,649.85333,485.20856,12.208527,0.87423277,-0.0012719631,570.9847,-78.86865
1.5-473-550,0.3277108434,0.6554216868,0.3542741437603377,0.0003185596755,1.5,473.0,550.0,575.07434,1.687657,531.02954,657.1891,82.114746,1.6275235,-0.060133457,422.76843,-108.26111
1.5-473-550,0.09591836738,0.19183673476,0.6600967573005477,0.0005935522321,1.5,473.0,550.0,473.00003,1.027124,649.85333,496.50955,23.509521,1.038222,0.011097908,580.4176,-69.43573
1.5-473-550,0.3831325302,0.7662650604,0.7525573838264147,-0.0006766918789,1.5,473.0,550.0,666.8091,2.1896768,287.48538,711.0804,44.2713,1.9951482,-0.19452858,278.29303,-9.192352
1.5-473-550,0.2734939759,0.5469879518,0.9772248215579286,0.000878710534,1.5,473.0,550.0,1098.2306,0.65960443,48.052094,925.5644,-172.6662,1.0250713,0.36546683,158.34473,110.29263
1.5-473-550,0.2734939759,0.5469879518,0.960723235489121,0.0008638724771,1.5,473.0,550.0,1016.58154,1.0462065,53.275208,899.282,-117.29956,1.1119105,0.06570399,177.35347,124.07826
1.5-473-550,0.1385542168,0.2771084336,0.16340484119544796,0.0001469319568,1.5,473.0,550.0,482.4841,1.0989281,640.73615,578.03406,95.54996,1.129959,0.031030893,532.5738,-108.16235
1.5-473-550,0.3361445784,0.6722891568,0.8705746216627653,-0.0007828117684,1.5,473.0,550.0,766.37146,1.9085329,89.39885,796.84467,30.473206,1.6404685,-0.26806438,227.58519,138.18634
1.5-473-550,0.1180722891,0.2361445782,0.9442484491033019,0.0008490585182,1.5,473.0,550.0,516.04254,0.7009104,606.1707,606.6695,90.62695,0.7634986,0.062588215,433.80954,-172.36118
1.5-473-550,0.3975903615,0.795180723,0.993141646395439,0.0008930227796,1.5,473.0,550.0,1061.7452,0.37578928,50.21756,874.6094,-187.13586,1.1410657,0.76527643,155.9411,105.72354
1.5-473-550,0.213253012,0.426506024,0.8902853188558087,0.0008005354251,1.5,473.0,550.0,713.14764,1.3966246,160.41957,734.7175,21.569885,1.1961397,-0.20048487,321.80463,161.38506
1.5-473-550,0.2493975904,0.4987951808,0.5396442233296441,0.0004852425493,1.5,473.0,550.0,539.2946,1.4139029,580.154,602.82635,63.53174,1.4771444,0.06324148,468.69678,-111.457214
1.5-473-550,0.2771084337,0.5542168674,0.9996041060258503,0.000898833757,1.5,473.0,550.0,1200.8011,0.009630496,43.034943,965.80865,-234.9925,0.90075845,0.89112794,129.09604,86.0611
1.5-473-550,0.2421686747,0.4843373494,0.7892004020960466,-0.000709640905,1.5,473.0,550.0,618.68353,1.4716474,461.91083,680.339,61.655457,1.4752532,0.0036058426,367.70724,-94.20358
1.5-473-550,0.4510204082,0.9020408164,0.6600967573005477,-0.0005935522321,1.5,473.0,550.0,659.1444,1.7669617,355.02414,691.8356,32.691162,2.1670556,0.4000939,287.24475,-67.77939
1.5-473-550,0.2096385542,0.4192771084,0.8475322498919685,0.0007620923041,1.5,473.0,550.0,609.5841,1.3060464,476.9321,687.7774,78.1933,1.2745858,-0.031460524,365.08524,-111.84686
1.5-473-550,0.09591836738,0.19183673476,0.3542741437603377,0.0003185596755,1.5,473.0,550.0,473.00003,1.1502101,649.85333,551.4792,78.47916,1.0593442,-0.09086597,560.9453,-88.90802
1.5-473-550,0.01836734691,0.03673469382,0.9956514833048237,-0.0008952795992,1.5,473.0,550.0,473.00003,0.039837357,649.85333,480.56076,7.56073,0.3641559,0.32431853,580.78107,-69.072266
1.5-473-550,0.2265060241,0.4530120482,0.9965972946963587,0.0008961300631,1.5,473.0,550.0,1278.5109,0.08302557,39.977936,901.9237,-376.58716,0.8134333,0.7304077,183.3408,143.36287
1.5-473-550,0.02857142855,0.0571428571,0.9531521908128958,-0.0008570646714,1.5,473.0,550.0,473.00003,0.43351734,649.85333,476.30313,3.3031006,0.5175123,0.083994985,582.3569,-67.49646
1.5-473-550,0.2481927711,0.4963855422,0.9337895728803226,-0.000839654004,1.5,473.0,550.0,926.49207,1.3498499,61.099457,835.9808,-90.51129,1.1645217,-0.18532825,231.7389,170.63945
1.5-473-550,0.3180722892,0.6361445784,0.9985491866279087,-0.0008978851843,1.5,473.0,550.0,1164.5176,0.047980126,44.659393,969.2465,-195.27106,0.9874567,0.93947655,116.45633,71.796936
1.5-473-550,0.03265306121,0.06530612242,0.8902853187445975,0.000800535425,1.5,473.0,550.0,473.00003,0.7103956,649.85333,466.27856,-6.721466,0.6720697,-0.038325846,596.3364,-53.516907
1.5-473-550,0.4326530612,0.8653061224,0.9945113832197316,-0.0008942544329,1.5,473.0,550.0,679.2105,0.35593182,178.90837,814.4801,135.26959,1.1460761,0.79014426,189.53365,10.625275
1.5-473-550,0.4306122449,0.8612244898,0.6021818746711394,0.0005414757638,1.5,473.0,550.0,656.36346,2.1464984,366.25067,691.01294,34.649475,2.1623888,0.01589036,303.5956,-62.65506
1.5-473-550,0.1216867469,0.2433734938,0.3542741439827602,-0.0003185596757,1.5,473.0,550.0,476.9209,1.0868294,646.15466,554.26276,77.34186,1.0826279,-0.0042015314,556.6967,-89.45795
1.5-473-550,0.2421686747,0.4843373494,0.9772248215579286,0.000878710534,1.5,473.0,550.0,1147.5763,0.5893354,45.47934,893.6293,-253.94702,0.9519472,0.36261183,188.1616,142.68227
1.5-473-550,0.4265306122,0.8530612244,0.9965972946963587,0.0008961300631,1.5,473.0,550.0,692.8113,0.22826725,136.95584,827.39526,134.58398,1.1314232,0.903156,182.03416,45.078323
1.5-473-550,0.3674698796,0.7349397592,0.9993254186825348,-0.0008985831642,1.5,473.0,550.0,1125.6133,0.026074106,46.579376,927.9136,-197.6997,1.0636406,1.0375665,129.7043,83.12492
1.5-473-550,0.1313253012,0.2626506024,0.9965972946963587,0.0008961300631,1.5,473.0,550.0,734.02325,0.15462172,101.28989,687.6869,-46.336365,0.6086726,0.4540509,357.91406,256.62418
1.5-473-550,0.1228915662,0.2457831324,0.9811301446957078,-0.0008822221605,1.5,473.0,550.0,594.04565,0.519908,501.94788,650.73303,56.687378,0.65182817,0.13192016,391.3829,-110.56497
1.5-473-550,0.05306122449,0.10612244898,0.9811301446957078,-0.0008822221605,1.5,473.0,550.0,473.00003,0.19335312,649.85333,515.7004,42.700348,0.49017516,0.29682204,530.1536,-119.69971
1.5-473-550,0.3168674699,0.6337349398,0.999825745120423,0.0008990330526,1.5,473.0,550.0,1171.1968,0.0033742136,44.353943,971.7689,-199.42786,0.97663844,0.9732642,115.15549,70.801544
1.5-473-550,0.3445783133,0.6891566266,0.9772248215579286,-0.000878710534,1.5,473.0,550.0,1035.7806,0.8535387,51.89792,920.80206,-114.97858,1.1742238,0.3206851,139.57106,87.67314
1.5-473-550,0.3746987952,0.7493975904,0.999825745120423,-0.0008990330526,1.5,473.0,550.0,1121.5409,0.004442031,46.796997,918.6011,-202.93982,1.0696329,1.0651909,133.86336,87.06636
1.5-473-550,0.4510204082,0.9020408164,0.9915009044774012,-0.0008915474413,1.5,473.0,550.0,663.3853,0.4723903,319.40613,779.7246,116.339294,1.1601809,0.68779063,211.24808,-108.15805
1.5-473-550,0.2493975904,0.4987951808,0.16340484119544796,0.0001469319568,1.5,473.0,550.0,519.9159,1.3938893,601.8635,613.80615,93.89026,1.2754194,-0.11846995,492.33536,-109.52817
1.5-473-550,0.3457831326,0.6915662652,0.9726063657286781,-0.0008745576659,1.5,473.0,550.0,1012.05646,1.0037,53.579803,913.28235,-98.77411,1.2047305,0.2010305,143.92236,90.34256
1.5-473-550,0.05918367348,0.11836734696,0.9811301446957078,-0.0008822221605,1.5,473.0,550.0,473.00003,0.1950159,649.85333,524.7807,51.78067,0.50416374,0.30914783,519.0888,-130.76453
1.5-473-550,0.006122448946,0.012244897892,0.22784103821928303,0.0002048723241,1.5,473.0,550.0,473.00003,1.0640317,649.85333,581.2114,108.211395,1.0515671,-0.0124646425,536.0062,-113.84711
1.5-473-550,0.2373493976,0.4746987952,0.09831793590232207,8.84064793e-05,1.5,473.0,550.0,516.5844,1.3622967,605.5682,605.0724,88.487976,1.2563889,-0.1059078,499.15732,-106.41086
1.5-473-550,0.1963855422,0.3927710844,0.9337895728803226,-0.000839654004,1.5,473.0,550.0,790.545,1.133406,83.76993,756.5334,-34.011597,1.0143526,-0.11905348,302.97623,219.2063
1.5-473-550,0.4285714286,0.8571428572,0.22784103833049427,-0.0002048723242,1.5,473.0,550.0,641.1238,2.1674802,416.45538,707.7575,66.63373,1.9439596,-0.22352064,345.31644,-71.13895
1.5-473-550,0.3759036145,0.751807229,0.9215172744995802,0.0008286188792,1.5,473.0,550.0,852.06903,1.9141691,70.29373,825.591,-26.478027,1.5289295,-0.3852396,189.87917,119.585434
1.5-473-550,0.4387755102,0.8775510204,0.8705746216627653,-0.0007828117684,1.5,473.0,550.0,667.99835,1.5426217,275.57785,731.1178,63.119446,1.7765211,0.23389935,237.03355,-38.544296
1.5-473-550,0.04693877551,0.09387755102,0.9442484491033019,0.0008490585182,1.5,473.0,550.0,473.00003,0.5125875,649.85333,491.80734,18.807312,0.58455133,0.07196385,558.7536,-91.09973
1.5-473-550,0.3819277109,0.7638554218,0.9726063657286781,0.0008745576659,1.5,473.0,550.0,978.5048,1.1925147,56.182312,874.20264,-104.302185,1.2602892,0.067774534,158.17017,101.987854
1.5-473-550,0.2614457831,0.5228915662,0.16340484097302546,-0.0001469319566,1.5,473.0,550.0,522.69354,1.4234022,598.7748,619.4789,96.78534,1.3034168,-0.11998534,485.23248,-113.5423
1.5-473-550,0.3385542169,0.6771084338,0.03282169734692774,-2.951293353e-05,1.5,473.0,550.0,563.87646,1.6952071,549.1565,640.44885,76.57239,1.5156041,-0.17960298,438.6253,-110.53119
1.5-473-550,0.4918367347,0.9836734694,0.7892004020960466,-0.000709640905,1.5,473.0,550.0,657.3707,1.6291851,362.18448,683.9778,26.607056,1.9386412,0.3094561,275.0584,-87.12607
1.5-473-550,0.2120481927,0.4240963854,0.9671530515086588,-0.0008696541017,1.5,473.0,550.0,1150.082,0.7570956,45.358856,830.33765,-319.7444,0.9264426,0.16934705,240.67673,195.31787
1.5-473-550,0.3662650603,0.7325301206,0.9337895728803226,-0.000839654004,1.5,473.0,550.0,877.58496,1.75687,66.689606,847.1405,-30.444458,1.4545466,-0.30232346,179.22418,112.53458
1.5-473-550,0.2457831325,0.491566265,0.6021818746711394,0.0005414757638,1.5,473.0,550.0,547.1705,1.4116788,570.6985,606.6724,59.501953,1.503612,0.09193325,455.89255,-114.80594
1.5-473-550,0.2734939759,0.5469879518,0.6021818746711394,0.0005414757638,1.5,473.0,550.0,574.78937,1.5260777,531.16077,627.2625,52.473145,1.6169616,0.09088385,426.37595,-104.78482
1.5-473-550,0.05510204082,0.11020408164,0.22784103833049427,-0.0002048723242,1.5,473.0,550.0,473.00003,1.1904867,649.85333,571.8343,98.83426,1.0725616,-0.11792505,541.8641,-107.98926
1.5-473-550,0.2638554217,0.5277108434,0.09831793589120096,8.840647929e-05,1.5,473.0,550.0,522.4491,1.4281265,599.0467,615.94934,93.500244,1.3085275,-0.119598985,485.38434,-113.66235
1.5-473-550,0.4183673469,0.8367346938,0.6021818746711394,-0.0005414757638,1.5,473.0,550.0,654.58875,2.284778,373.41513,688.7833,34.19458,2.1385639,-0.14621425,309.15726,-64.25787
1.5-473-550,0.2108433734,0.4216867468,0.998978267368595,0.0008982710093,1.5,473.0,550.0,1290.5951,0.02372604,39.923004,877.4247,-413.1704,0.76729524,0.7435692,202.88106,162.95805
1.5-473-550,0.5,1.0,0.960748093980033,0.0008638948296,1.5,473.0,550.0,657.3649,1.1379675,362.20776,696.0041,38.63916,1.2690687,0.13110125,271.79343,-90.41434
1.5-473-550,0.3927710844,0.7855421688,0.6021818746711394,-0.0005414757638,1.5,473.0,550.0,647.5946,2.1974678,398.15967,683.08704,35.49243,2.073433,-0.12403488,323.22388,-74.93579
1.5-473-550,0.3289156627,0.6578313254,0.9999999997775775,0.0008991897406,1.5,473.0,550.0,1162.4417,-5.322157e-09,44.774384,966.5686,-195.87305,0.997342,0.997342,115.29555,70.521164
1.5-473-550,0.2915662651,0.5831325302,0.9671530515086588,0.0008696541017,1.5,473.0,550.0,1029.3154,0.9700968,52.35559,918.5306,-110.78485,1.1219504,0.15185356,158.30098,105.94539
1.5-473-550,0.1578313253,0.3156626506,0.9772248215579286,-0.000878710534,1.5,473.0,550.0,711.5579,0.621296,118.764114,728.66785,17.109924,0.74985206,0.12855607,324.11234,205.34822
1.5-473-550,0.2843373494,0.5686746988,0.8206166047262803,0.0007378900321,1.5,473.0,550.0,660.9836,1.6871148,323.04407,739.3134,78.329834,1.5933974,-0.093717456,299.155,-23.889069
1.5-473-550,0.4653061225,0.930612245,0.16340484119544796,0.0001469319568,1.5,473.0,550.0,652.85254,2.0112638,380.42426,717.4423,64.58978,2.029446,0.01818204,322.05374,-58.370514
1.5-473-550,0.2590361446,0.5180722892,0.9945113832197316,0.0008942544329,1.5,473.0,550.0,1197.5385,0.15463579,43.173615,942.32355,-255.2149,0.894465,0.73982924,149.30853,106.13492
1.5-473-550,0.4938775511,0.9877551022,0.9915009044774012,0.0008915474413,1.5,473.0,550.0,657.49066,0.45563507,361.70026,712.5707,55.080017,1.104733,0.6490979,263.43518,-98.265076
1.5-473-550,0.3204819277,0.6409638554,0.9999999997775775,0.0008991897406,1.5,473.0,550.0,1168.8679,-5.322157e-09,44.480316,970.75256,-198.11536,0.98212475,0.98212475,114.8546,70.37428
1.5-473-550,0.2759036145,0.551807229,0.9337895728803226,-0.000839654004,1.5,473.0,550.0,910.7029,1.4150068,62.73001,861.1193,-49.583557,1.2425604,-0.17244637,204.85268,142.12267
1.5-473-550,0.3674698796,0.7349397592,0.7098470004029654,-0.0006382871403,1.5,473.0,550.0,652.56244,2.0486712,380.6621,696.6565,44.094055,1.9899619,-0.058709383,302.85193,-77.81018
1.5-473-550,0.373493976,0.746987952,0.9442484491033019,-0.0008490585182,1.5,473.0,550.0,897.1803,1.691651,64.26721,851.79626,-45.384033,1.412431,-0.27921999,173.88354,109.61633
1.5-473-550,0.3903614458,0.7807228916,0.8902853188558087,-0.0008005354251,1.5,473.0,550.0,804.07043,2.1986573,79.08176,785.2792,-18.79126,1.6814759,-0.5171814,211.87698,132.79523
1.5-473-550,0.008163265274,0.016326530548,0.7525573838264147,-0.0006766918789,1.5,473.0,550.0,473.00003,1.0172584,649.85333,465.13275,-7.867279,0.80632335,-0.21093506,628.1823,-21.67102
1.5-473-550,0.08775510207,0.17551020414,0.9998257452316341,-0.0008990330527,1.5,473.0,550.0,473.00003,0.0009953326,649.85333,589.86017,116.86014,0.5009875,0.4999922,449.11368,-200.73965
1.5-473-550,0.2843373494,0.5686746988,0.9671530515086588,-0.0008696541017,1.5,473.0,550.0,1035.5485,0.94786114,51.917816,915.6798,-119.86865,1.1049784,0.1571173,162.47565,110.55783
1.5-473-550,0.4081632653,0.8163265306,0.9945113832197316,-0.0008942544329,1.5,473.0,550.0,790.1657,0.37754655,82.14586,858.1617,67.99597,1.1391863,0.7616397,164.57472,82.42886
1.5-473-550,0.3060240964,0.6120481928,0.9985491866279087,-0.0008978851843,1.5,473.0,550.0,1172.5126,0.045931276,44.293762,971.7268,-200.78577,0.964641,0.9187097,118.042145,73.74838
1.5-473-550,0.3108433735,0.621686747,0.9998257452316341,-0.0008990330527,1.5,473.0,550.0,1175.6783,0.003292734,44.148956,973.284,-202.39435,0.9653627,0.96207,115.760315,71.61136
1.5-473-550,0.2481927711,0.4963855422,0.9993254186825348,-0.0008985831642,1.5,473.0,550.0,1233.0986,0.016561205,41.69986,938.3975,-294.7011,0.8433643,0.8268031,153.82344,112.12358
1.5-473-550,0.4877551021,0.9755102042,0.8475322498919685,0.0007620923041,1.5,473.0,550.0,657.51624,1.5385917,361.59705,688.83905,31.322815,1.785017,0.24642527,267.80658,-93.79047
1.5-473-550,0.3638554217,0.7277108434,0.9915009044774012,-0.0008915474413,1.5,473.0,550.0,1090.0184,0.36220634,48.52826,921.5999,-168.41852,1.1128087,0.75060236,134.09387,85.56561
1.5-473-550,0.1120481927,0.2240963854,0.4163512323516047,-0.0003743787567,1.5,473.0,550.0,474.08954,1.0902278,648.8255,541.0786,66.989075,1.0717922,-0.018435597,566.47266,-82.352844
1.5-473-550,0.07142857145,0.1428571429,0.22784103821928303,0.0002048723241,1.5,473.0,550.0,473.00003,1.1742929,649.85333,570.2801,97.28006,1.0781887,-0.096104264,543.04614,-106.80719
1.5-473-550,0.148192771,0.296385542,0.8705746216627653,0.0007828117684,1.5,473.0,550.0,524.1418,0.9353321,597.1643,607.5648,83.423035,1.0250397,0.08970755,439.1003,-158.064
1.5-473-550,0.4979591837,0.9959183674,0.9811301449181302,0.0008822221607,1.5,473.0,550.0,657.39825,0.8187223,362.07343,703.83435,46.436096,1.1588559,0.3401336,268.89474,-93.17868
1.5-473-550,0.3710843374,0.7421686748,0.9993254186825348,0.0008985831642,1.5,473.0,550.0,1122.4686,0.026652092,46.747437,923.01917,-199.44946,1.0685142,1.0418621,131.90474,85.1573
1.5-473-550,0.2975903615,0.595180723,0.8206166047262803,0.0007378900321,1.5,473.0,550.0,667.7,1.7520939,272.04254,745.99054,78.29053,1.6403828,-0.111711144,287.5324,15.489868
1.5-473-550,0.1530120482,0.3060240964,0.993141646395439,0.0008930227796,1.5,473.0,550.0,808.8618,0.21193075,77.990616,737.16876,-71.693054,0.67112905,0.4591983,315.95395,237.96333
1.5-473-550,0.126506024,0.253012048,0.9215172744995802,0.0008286188792,1.5,473.0,550.0,516.0403,0.79864824,606.1732,605.3607,89.320435,0.84903663,0.050388396,436.60147,-169.57175
1.5-473-550,0.1831325301,0.3662650602,0.9915009044774012,0.0008915474413,1.5,473.0,550.0,1000.84357,0.19727045,54.418976,806.83984,-194.00372,0.74529696,0.5480265,259.19763,204.77866
1.5-473-550,0.0102040816,0.0204081632,0.16340484097302546,-0.0001469319566,1.5,473.0,550.0,473.00003,1.1050403,649.85333,583.4333,110.43326,1.0825024,-0.022537947,528.5502,-121.30316
1.5-473-550,0.04693877551,0.09387755102,0.9872047710533666,0.0008876844022,1.5,473.0,550.0,473.00003,0.12906235,649.85333,510.225,37.224976,0.45610705,0.3270447,537.62726,-112.226074
1.5-473-550,0.2361445783,0.4722891566,0.9998257452316341,0.0008990330527,1.5,473.0,550.0,1264.9545,0.0025410599,40.47818,922.6977,-342.25677,0.81547934,0.8129383,166.82892,126.35074
1.5-473-550,0.2710843374,0.5421686748,0.9996041060258503,-0.000898833757,1.5,473.0,550.0,1207.3358,0.009420032,42.757233,961.7534,-245.5824,0.8885893,0.8791693,133.1783,90.42107
1.5-473-550,0.3506024097,0.7012048194,0.8475322498919685,-0.0007620923041,1.5,473.0,550.0,730.5178,2.0101187,105.56984,773.0411,42.523254,1.7433852,-0.26673353,238.839,133.26917
1.5-473-550,0.1156626505,0.231325301,0.9872047710533666,0.0008876844022,1.5,473.0,550.0,605.2437,0.39027387,485.08734,640.1194,34.87567,0.6119098,0.22163594,400.82022,-84.26712
1.5-473-550,0.343373494,0.686746988,0.9915009044774012,-0.0008915474413,1.5,473.0,550.0,1110.0215,0.3265286,47.412506,942.824,-167.19751,1.0801525,0.7536239,126.24991,78.8374
1.5-473-550,0.4367346939,0.8734693878,0.3542741439827602,-0.0003185596757,1.5,473.0,550.0,646.08466,2.0724614,402.7543,710.6657,64.581055,2.0614462,-0.011015177,329.20984,-73.544464
1.5-473-550,0.2228915662,0.4457831324,0.9956514833048237,-0.0008952795992,1.5,473.0,550.0,1280.832,0.10592037,39.923004,894.18365,-386.64838,0.8109001,0.7049797,189.5028,149.5798
1.5-473-550,0.1301204819,0.2602409638,0.9872047710533666,-0.0008876844022,1.5,473.0,550.0,650.24536,0.49382663,389.78806,674.1824,23.937012,0.64483076,0.15100414,370.19635,-19.591705
1.5-473-550,0.3602409639,0.7204819278,0.9872047710533666,0.0008876844022,1.5,473.0,550.0,1071.1215,0.5339657,49.6268,919.8619,-151.25958,1.1362526,0.60228693,135.93562,86.30882
1.5-473-550,0.2506024096,0.5012048192,0.960723235489121,-0.0008638724771,1.5,473.0,550.0,1040.9263,0.9928522,51.58014,878.11896,-162.80731,1.0542045,0.061352253,198.56918,146.98904
1.5-473-550,0.3638554217,0.7277108434,0.999825745120423,-0.0008990330526,1.5,473.0,550.0,1130.9562,0.004166121,46.29785,933.3122,-197.64398,1.055043,1.0508769,127.23427,80.93642
1.5-473-550,0.2746987952,0.5493975904,0.3542741439827602,-0.0003185596757,1.5,473.0,550.0,534.60657,1.470014,585.52747,624.686,90.07941,1.422449,-0.047564983,469.28537,-116.242096
1.5-473-550,0.3277108434,0.6554216868,0.9973789933391554,0.0008968329585,1.5,473.0,550.0,1151.7612,0.09228014,45.272156,963.01526,-188.74597,1.0130156,0.9207355,117.84589,72.57373
1.5-473-550,0.4469387755,0.893877551,0.9895407848051817,-0.0008897849218,1.5,473.0,550.0,665.1271,0.57955563,302.85794,785.40393,120.276855,1.1755216,0.595966,207.16849,-95.68945
1.5-473-550,0.01224489793,0.02448979586,0.8705746216627653,-0.0007828117684,1.5,473.0,550.0,473.00003,0.7800589,649.85333,455.08038,-17.919647,0.66146195,-0.11859697,621.43976,-28.413574
1.5-473-550,0.3759036145,0.751807229,0.7098470004029654,0.0006382871403,1.5,473.0,550.0,655.2493,2.106733,370.74857,697.24164,41.99231,2.0136902,-0.09304285,298.473,-72.27557
1.5-473-550,0.2156626506,0.4313253012,0.9996041060258503,0.000898833757,1.5,473.0,550.0,1290.5627,0.008091325,39.923004,887.6756,-402.88715,0.7740193,0.765928,194.7845,154.8615
1.5-473-550,0.5,1.0,0.9993256565633628,-0.0008985833781,1.5,473.0,550.0,657.37885,0.041966673,362.1516,706.8362,49.457336,1.0439925,1.0020258,271.00595,-91.14566
1.5-473-550,0.4877551021,0.9755102042,0.7892004020960466,0.000709640905,1.5,473.0,550.0,657.43884,1.6281594,361.9094,685.6178,28.178955,1.9476348,0.3194754,273.34485,-88.564545
1.5-473-550,0.4183673469,0.8367346938,0.16340484097302546,-0.0001469319566,1.5,473.0,550.0,635.016,2.2059658,430.59955,698.35443,63.33844,1.8647796,-0.34118617,359.446,-71.153534
1.5-473-550,0.1927710843,0.3855421686,0.9980223152919674,0.000897411427,1.5,473.0,550.0,1133.3827,0.045985457,46.19171,838.2615,-295.12122,0.7340567,0.68807125,233.83963,187.64792
1.5-473-550,0.1156626505,0.231325301,0.9442484491033019,0.0008490585182,1.5,473.0,550.0,512.4595,0.68785965,610.1135,601.8189,89.359436,0.7571551,0.069295466,438.37714,-171.73639
1.5-473-550,0.4571428571,0.9142857142,0.8705746216627653,0.0007828117684,1.5,473.0,550.0,660.5894,1.4791343,345.96997,715.53644,54.94702,1.7614135,0.28227913,246.35854,-99.611435
1.5-473-550,0.1674698795,0.334939759,0.9999999997775775,-0.0008991897406,1.5,473.0,550.0,933.188,-5.322157e-09,60.380768,782.03705,-151.15094,0.6706681,0.6706681,278.6704,218.28964
1.5-473-550,0.4755102041,0.9510204082,0.22784103833049427,-0.0002048723242,1.5,473.0,550.0,655.6894,1.9634461,368.9718,725.0604,69.37103,2.0954335,0.13198733,310.30392,-58.667877
1.5-473-550,0.09591836738,0.19183673476,0.22784103833049427,-0.0002048723242,1.5,473.0,550.0,473.00003,1.1735555,649.85333,569.68384,96.68381,1.0875154,-0.08604014,543.338,-106.51532
1.5-473-550,0.2481927711,0.4963855422,0.998978267368595,-0.0008982710093,1.5,473.0,550.0,1231.6675,0.026218588,41.75659,937.7952,-293.87225,0.8454126,0.819194,154.26703,112.51044
1.5-473-550,0.2168674698,0.4337349396,0.960723235489121,-0.0008638724771,1.5,473.0,550.0,1113.622,0.8856123,47.236267,829.4483,-284.17365,0.967072,0.0814597,241.20993,193.97366
1.5-473-550,0.4224489796,0.8448979592,0.9531521908128958,-0.0008570646714,1.5,473.0,550.0,702.0425,1.4858387,124.68271,797.51306,95.47058,1.4046715,-0.0811671,197.16864,72.48593
1.5-473-550,0.1614457831,0.3228915662,0.9915009044774012,-0.0008915474413,1.5,473.0,550.0,845.1765,0.23529327,71.39285,755.65015,-89.52637,0.6971215,0.46182823,300.7539,229.36105
1.5-473-550,0.2542168675,0.508433735,0.9996041060258503,0.000898833757,1.5,473.0,550.0,1223.7623,0.008993143,42.069885,946.0202,-277.74213,0.8541327,0.84513956,147.40231,105.33243
1.5-473-550,0.395180723,0.790361446,0.9772248215579286,0.000878710534,1.5,473.0,550.0,982.87305,1.1452316,55.82788,860.6172,-122.25586,1.2450975,0.09986591,163.86118,108.033295
1.5-473-550,0.1602409638,0.3204819276,0.8206166047262803,-0.0007378900321,1.5,473.0,550.0,524.34204,1.006375,596.94165,595.1774,70.83539,1.1386812,0.13230622,455.50427,-141.43738
1.5-473-550,0.1855421686,0.3710843372,0.9531521909241071,0.0008570646715,1.5,473.0,550.0,761.74347,0.90650654,92.09656,759.5824,-2.1610718,0.91466707,0.0081605315,299.7894,207.69284
1.5-473-550,0.1987951807,0.3975903614,0.9442484491033019,0.0008490585182,1.5,473.0,550.0,903.3904,1.0473185,63.785156,774.2073,-129.1831,0.9841991,-0.06311935,287.72296,223.9378
1.5-473-550,0.2819277109,0.5638554218,0.9993254186825348,0.0008985831642,1.5,473.0,550.0,1195.0938,0.018397445,43.277527,967.9625,-227.13123,0.9121974,0.89379996,126.54608,83.268555
1.5-473-550,0.3373493976,0.6746987952,0.9996041060258503,0.000898833757,1.5,473.0,550.0,1153.9304,0.011965567,45.165222,960.2126,-193.71783,1.0147783,1.0028127,117.09201,71.92679
1.5-473-550,0.1530120482,0.3060240964,0.5396442233296441,-0.0004852425493,1.5,473.0,550.0,495.7303,1.0736024,627.33093,536.0994,40.36914,1.1672876,0.09368515,553.0154,-74.31555
1.5-473-550,0.1361445783,0.2722891566,0.9671530515086588,0.0008696541017,1.5,473.0,550.0,580.11053,0.6925245,522.18665,666.8153,86.70477,0.7353512,0.042826712,377.82834,-144.3583
1.5-473-550,0.2795180723,0.5590361446,0.7525573838264147,-0.0006766918789,1.5,473.0,550.0,630.3546,1.6265534,439.87723,687.05365,56.699036,1.6520743,0.02552092,350.0456,-89.831635
1.5-473-550,0.4938775511,0.9877551022,0.9931416465066502,-0.0008930227797,1.5,473.0,550.0,657.49164,0.37124068,361.69626,713.14734,55.6557,1.0945717,0.72333103,263.3532,-98.34305
1.5-473-550,0.3686746989,0.7373493978,0.9442484491033019,-0.0008490585182,1.5,473.0,550.0,899.51794,1.6613935,63.990234,856.64496,-42.872986,1.4050024,-0.25639117,172.33682,108.34659
1.5-473-550,0.2024096385,0.404819277,0.7525573838264147,0.0006766918789,1.5,473.0,550.0,546.40607,1.2334588,571.77374,614.2868,67.88074,1.3466525,0.11319375,440.69205,-131.0817
1.5-473-550,0.3807228916,0.7614457832,0.7525573838264147,0.0006766918789,1.5,473.0,550.0,665.8611,2.169346,295.7063,711.36743,45.506348,1.9896549,-0.1796912,279.12552,-16.58078
1.5-473-550,0.06938775512,0.13877551024,0.5396442233296441,0.0004852425493,1.5,473.0,550.0,473.00003,1.0891278,649.85333,510.0746,37.074554,1.0102828,-0.078845024,589.75134,-60.10199
1.5-473-550,0.3289156627,0.6578313254,0.3542741437603377,0.0003185596755,1.5,473.0,550.0,576.13184,1.6937405,528.985,657.90173,81.7699,1.6325238,-0.061216712,421.6782,-107.30679
1.5-473-550,0.2855421687,0.5710843374,0.9772248215579286,-0.000878710534,1.5,473.0,550.0,1085.3901,0.69053745,48.799377,932.3621,-153.02802,1.0524385,0.36190104,150.37045,101.571075
1.5-473-550,0.3963855422,0.7927710844,0.9215172744995802,0.0008286188792,1.5,473.0,550.0,845.0931,2.1070874,71.40616,804.91095,-40.18213,1.5547268,-0.55236053,196.85135,125.44519
1.5-473-550,0.3602409639,0.7204819278,0.9895407848051817,0.0008897849218,1.5,473.0,550.0,1083.1648,0.43771127,48.926697,923.12506,-160.03973,1.1206614,0.68295014,133.98872,85.06203
1.5-473-550,0.2361445783,0.4722891566,0.9726063657286781,0.0008745576659,1.5,473.0,550.0,1142.1417,0.6810103,45.752045,877.9401,-264.2016,0.96070254,0.27969223,201.00111,155.24907
1.5-473-550,0.1506024096,0.3012048192,0.8475322498919685,0.0007620923041,1.5,473.0,550.0,520.9548,0.9610561,600.7083,596.41315,75.458374,1.0708137,0.10975754,451.7375,-148.97083
1.5-473-550,0.002040816308,0.004081632616,0.9726063659511005,0.0008745576661,1.5,473.0,550.0,473.00003,0.40110606,649.85333,461.23615,-11.7638855,0.40165275,0.0005466938,611.8109,-38.04242
1.5-473-550,0.3445783133,0.6891566266,0.9965972946963587,0.0008961300631,1.5,473.0,550.0,1133.8413,0.12992889,46.15564,949.517,-184.32428,1.0476962,0.91776735,121.84416,75.68852
1.5-473-550,0.2722891566,0.5445783132,0.999825745120423,0.0008990330526,1.5,473.0,550.0,1206.873,0.0028928465,42.776917,963.0196,-243.85345,0.88964844,0.8867556,132.04695,89.270035
1.5-473-550,0.02653061223,0.05306122446,0.16340484119544796,0.0001469319568,1.5,473.0,550.0,473.00003,1.2187502,649.85333,580.2717,107.2717,1.0897679,-0.1289823,530.6353,-119.21802
1.5-473-550,0.008163265274,0.016326530548,0.7892004020960466,-0.000709640905,1.5,473.0,550.0,473.00003,0.98219013,649.85333,459.43622,-13.563812,0.76823556,-0.21395457,629.3181,-20.535217
1.5-473-550,0.1879518072,0.3759036144,0.9945113832197316,0.0008942544329,1.5,473.0,550.0,1063.6909,0.1286993,50.10025,822.1912,-241.4997,0.7412839,0.6125846,246.76494,196.66469
1.5-473-550,0.1060240963,0.2120481926,0.9811301446957078,0.0008822221605,1.5,473.0,550.0,551.3719,0.36846924,565.61444,612.7698,61.39789,0.61245686,0.24398762,426.55045,-139.064
1.5-473-550,0.2831325301,0.5662650602,0.9671530515086588,0.0008696541017,1.5,473.0,550.0,1036.6783,0.9439331,51.844604,915.09796,-121.58038,1.1021256,0.15819252,163.23866,111.39406
1.5-473-550,0.3337349398,0.6674698796,0.6600967573005477,0.0005935522321,1.5,473.0,550.0,631.26105,1.8341068,438.27042,674.093,42.83197,1.884926,0.05081916,346.45905,-91.81137
1.5-473-550,0.1289156626,0.2578313252,0.9945113832197316,0.0008942544329,1.5,473.0,550.0,705.7121,0.261805,120.76645,679.39044,-26.321655,0.6122117,0.3504067,365.2745,244.50806
1.5-473-550,0.2602409639,0.5204819278,0.9996041060258503,0.000898833757,1.5,473.0,550.0,1218.54,0.00910067,42.281067,952.3689,-266.17114,0.8664954,0.8573947,141.85283,99.57176
1.5-473-550,0.3975903615,0.795180723,0.16340484097302546,-0.0001469319566,1.5,473.0,550.0,621.78143,2.132435,457.3253,688.8265,67.045044,1.7822421,-0.35019302,377.45572,-79.86957
1.5-473-550,0.4836734694,0.9673469388,0.9965972946963587,0.0008961300631,1.5,473.0,550.0,657.87854,0.18282115,360.13446,729.3015,71.42297,1.0905281,0.907707,250.1268,-110.00766
1.5-473-550,0.386746988,0.773493976,0.9915009044774012,0.0008915474413,1.5,473.0,550.0,1067.2253,0.42328212,49.868652,889.9536,-177.27173,1.1420009,0.71871877,148.40431,98.53566
1.5-473-550,0.2493975904,0.4987951808,0.9973789933391554,0.0008968329585,1.5,473.0,550.0,1221.9774,0.07126408,42.140656,936.515,-285.4624,0.857322,0.7860579,155.04858,112.90793
1.5-473-550,0.1807228915,0.361445783,0.9965972946963587,-0.0008961300631,1.5,473.0,550.0,1000.03125,0.082255654,54.48221,808.7904,-191.24084,0.7154006,0.6331449,257.35733,202.87512
1.5-473-550,0.3036144579,0.6072289158,0.7892004020960466,0.000709640905,1.5,473.0,550.0,652.8298,1.7582059,378.5417,724.0283,71.19855,1.7090421,-0.04916382,304.29596,-74.24573
1.5-473-550,0.3843373495,0.768674699,0.9071317792997667,-0.0008156835895,1.5,473.0,550.0,828.1966,2.0645845,74.318375,804.459,-23.73761,1.6051996,-0.45938492,200.92413,126.60576
1.5-473-550,0.3722891567,0.7445783134,0.9215172744995802,0.0008286188792,1.5,473.0,550.0,852.93976,1.8901188,70.166565,828.82935,-24.110413,1.5232385,-0.3668803,189.0329,118.86633
1.5-473-550,0.1843373494,0.3686746988,0.22784103833049427,-0.0002048723242,1.5,473.0,550.0,502.12265,1.1784205,620.8619,586.2608,84.13815,1.1599586,-0.018461943,524.9926,-95.86926
1.5-473-550,0.06326530613,0.12653061226,0.8705746216627653,0.0007828117684,1.5,473.0,550.0,473.00003,0.7874611,649.85333,487.215,14.214966,0.7821376,-0.0053235292,564.75916,-85.09418
1.5-473-550,0.2626506024,0.5253012048,0.9973789933391554,-0.0008968329585,1.5,473.0,550.0,1206.9636,0.07350319,42.77304,950.80035,-256.16327,0.8849299,0.8114267,142.56075,99.787704
1.5-473-550,0.3132530121,0.6265060242,0.9337895728803226,0.000839654004,1.5,473.0,550.0,898.9368,1.5284458,64.09094,872.71783,-26.218994,1.3410788,-0.18736708,182.74207,118.65112
1.5-473-550,0.3506024097,0.7012048194,0.8902853188558087,0.0008005354251,1.5,473.0,550.0,803.56433,1.9236993,79.291534,811.6812,8.116882,1.6099868,-0.31371248,209.8124,130.52086
1.5-473-550,0.2518072289,0.5036144578,0.9965972946963587,0.0008961300631,1.5,473.0,550.0,1213.73,0.09397703,42.485474,938.0438,-275.68616,0.86695784,0.7729808,153.58412,111.09865
1.5-473-550,0.1240963855,0.248192771,0.9531521909241071,-0.0008570646715,1.5,473.0,550.0,532.69385,0.6993949,587.6545,626.74365,94.049805,0.7520206,0.052625716,414.66672,-172.98776
1.5-473-550,0.2313253012,0.4626506024,0.8902853188558087,-0.0008005354251,1.5,473.0,550.0,763.3222,1.4819329,93.71808,760.28845,-3.0337524,1.2560351,-0.22589779,297.27673,203.55865
1.5-473-550,0.221686747,0.443373494,0.9973789933391554,-0.0008968329585,1.5,473.0,550.0,1288.6056,0.06319731,39.923004,894.9443,-393.66132,0.79889333,0.735696,188.96164,149.03864
1.5-473-550,0.1638554216,0.3277108432,0.9915009044774012,0.0008915474413,1.5,473.0,550.0,866.1736,0.22321332,68.2077,761.4842,-104.68939,0.70247877,0.47926545,295.961,227.7533
1.5-473-550,0.1096385542,0.2192771084,0.7892004020960466,0.000709640905,1.5,473.0,550.0,479.21893,0.91291714,643.9777,516.16174,36.94281,1.010074,0.09715688,538.0599,-105.91785
1.5-473-550,0.07959183676,0.15918367352,0.47796385156444166,-0.0004297801918,1.5,473.0,550.0,473.00003,1.1136158,649.85333,524.68677,51.686737,1.0310332,-0.08258259,580.53143,-69.3219
1.5-473-550,0.3493975904,0.6987951808,0.6021818746711394,-0.0005414757638,1.5,473.0,550.0,627.9853,1.8923129,445.09006,669.1441,41.158813,1.9265776,0.034264684,354.213,-90.877045
1.5-473-550,0.4040816326,0.8081632652,0.6021818746711394,-0.0005414757638,1.5,473.0,550.0,651.65515,2.28196,384.46396,685.79333,34.138184,2.104586,-0.17737412,316.60834,-67.85562
1.5-473-550,0.1373493975,0.274698795,0.9071317792997667,0.0008156835895,1.5,473.0,550.0,523.70013,0.86057955,597.65546,614.945,91.24487,0.9156753,0.055095732,428.95215,-168.70331
1.5-473-550,0.3795180723,0.7590361446,0.8705746216627653,0.0007828117684,1.5,473.0,550.0,778.0005,2.1554449,85.501114,778.1436,0.14312744,1.7360886,-0.41935623,221.32234,135.82123
1.5-473-550,0.1542168674,0.3084337348,0.7098470004029654,-0.0006382871403,1.5,473.0,550.0,505.71173,1.0357921,617.2298,545.0521,39.340393,1.1889566,0.1531645,518.0361,-99.193726
1.5-473-550,0.4693877551,0.9387755102,0.5396442233296441,0.0004852425493,1.5,473.0,550.0,656.80963,1.8354096,364.4495,702.91895,46.109314,2.2111893,0.37577963,296.86462,-67.58487
1.5-473-550,0.1192771084,0.2385542168,0.9215172744995802,0.0008286188792,1.5,473.0,550.0,507.01947,0.7699275,615.9063,591.583,84.56354,0.828834,0.058906496,449.54184,-166.36447
1.5-473-550,0.4836734694,0.9673469388,0.9872047710533666,-0.0008876844022,1.5,473.0,550.0,657.8668,0.641264,360.18158,725.35016,67.48334,1.1497929,0.5085289,251.08136,-109.10022
1.5-473-550,0.4795918368,0.9591836736,0.5396442233296441,-0.0004852425493,1.5,473.0,550.0,656.9701,1.8354547,363.8016,704.63434,47.664246,2.2172196,0.3817649,293.79602,-70.005585
1.5-473-550,0.2060240963,0.4120481926,0.9872047710533666,-0.0008876844022,1.5,473.0,550.0,1202.5833,0.30736047,42.959198,849.2078,-353.37543,0.81759804,0.5102376,225.40529,182.44609
1.5-473-550,0.2542168675,0.508433735,0.9215172744995802,-0.0008286188792,1.5,473.0,550.0,879.09784,1.4600353,66.6315,825.85315,-53.24469,1.2288803,-0.23115504,238.32147,171.68997
1.5-473-550,0.2373493976,0.4746987952,0.9965972946963587,-0.0008961300631,1.5,473.0,550.0,1248.515,0.08742767,41.089203,918.96643,-329.54858,0.83645695,0.7490293,169.53064,128.44144
1.5-473-550,0.2879518072,0.5759036144,0.6600967573005477,0.0005935522321,1.5,473.0,550.0,605.2872,1.6188009,484.6524,651.0248,45.73761,1.7017602,0.082959294,389.08484,-95.567566
1.5-473-550,0.3180722892,0.6361445784,0.9956514833048237,0.0008952795992,1.5,473.0,550.0,1151.1238,0.14959383,45.30359,964.4631,-186.6607,1.0067452,0.8571514,119.53212,74.22853
1.5-473-550,0.0612244898,0.1224489796,0.8902853187445975,0.000800535425,1.5,473.0,550.0,473.00003,0.73982257,649.85333,490.1488,17.148773,0.7416188,0.0017962456,560.20105,-89.65228
1.5-473-550,0.4918367347,0.9836734694,0.9772248215579286,0.000878710534,1.5,473.0,550.0,657.53314,0.9050572,361.52866,710.50336,52.970215,1.1946665,0.2896093,261.7098,-99.81885
1.5-473-550,0.3,0.6,0.03282169734692774,-2.951293353e-05,1.5,473.0,550.0,532.8926,1.5290893,587.4335,623.2083,90.315735,1.4006144,-0.12847495,466.1416,-121.29187
1.5-473-550,0.3120481928,0.6240963856,0.9985491866279087,-0.0008978851843,1.5,473.0,550.0,1169.1583,0.046815272,44.447174,970.90106,-198.25726,0.97614557,0.9293303,116.991806,72.54463
1.5-473-550,0.1855421686,0.3710843372,0.9671530515086588,0.0008696541017,1.5,473.0,550.0,862.12714,0.70846176,68.93378,777.9277,-84.19946,0.8593962,0.15093446,283.91577,214.982
1.5-473-550,0.2084337349,0.4168674698,0.9531521909241071,0.0008570646715,1.5,473.0,550.0,1058.0236,0.97713,50.49362,803.8718,-254.15173,0.976366,-0.00076401234,262.59564,212.10202
1.5-473-550,0.3662650603,0.7325301206,0.7525573838264147,0.0006766918789,1.5,473.0,550.0,660.6909,2.063778,334.40543,712.45935,51.768433,1.9532921,-0.11048579,284.9485,-49.45694
1.5-473-550,0.343373494,0.686746988,0.9999999997775775,0.0008991897406,1.5,473.0,550.0,1150.4193,-5.322157e-09,45.36029,955.83356,-194.58575,1.0221734,1.0221734,118.29135,72.93106
1.5-473-550,0.343373494,0.686746988,0.47796385156444166,-0.0004297801918,1.5,473.0,550.0,604.9253,1.810879,485.5821,661.49457,56.569275,1.8099717,-0.0009073019,390.4609,-95.121185
1.5-473-550,0.05306122449,0.10612244898,0.03282169734692774,-2.951293353e-05,1.5,473.0,550.0,473.00003,1.2176892,649.85333,576.94684,103.94681,1.161429,-0.05626011,523.16724,-126.6861
1.5-473-550,0.3807228916,0.7614457832,0.2914697156873968,0.0002620865781,1.5,473.0,550.0,614.6016,2.0035954,469.8386,687.505,72.90338,1.7981601,-0.20543528,381.21704,-88.62155
1.5-473-550,0.04489795918,0.08979591836,0.7525573838264147,-0.0006766918789,1.5,473.0,550.0,473.00003,0.9391873,649.85333,469.22556,-3.774475,0.8789545,-0.06023276,606.2432,-43.610107
1.5-473-550,0.2939759036,0.5879518072,0.3542741437603377,0.0003185596755,1.5,473.0,550.0,546.9153,1.5388385,571.17725,636.65607,89.74078,1.4929855,-0.04585302,452.8198,-118.35745
1.5-473-550,0.2554216867,0.5108433734,0.16340484097302546,-0.0001469319566,1.5,473.0,550.0,521.28534,1.4091835,600.34076,616.61316,95.32782,1.2890712,-0.1201123,488.84897,-111.49179
1.5-473-550,0.2602409639,0.5204819278,0.998978267368595,-0.0008982710093,1.5,473.0,550.0,1215.9076,0.027034396,42.392914,951.275,-264.63257,0.8702908,0.8432564,142.6397,100.24678
1.5-473-550,0.1710843373,0.3421686746,0.998978267368595,0.0008982710093,1.5,473.0,550.0,956.89,0.023753935,58.058746,789.3772,-167.51282,0.683239,0.65948504,272.80356,214.74481
1.5-473-550,0.365060241,0.730120482,0.8705746216627653,0.0007828117684,1.5,473.0,550.0,773.98944,2.0589995,86.77078,786.55804,12.5686035,1.7090373,-0.34996223,221.52449,134.75371
1.5-473-550,0.09591836738,0.19183673476,0.6600967573005477,-0.0005935522321,1.5,473.0,550.0,473.00003,1.027124,649.85333,496.50955,23.509521,1.038222,0.011097908,580.4176,-69.43573
1.5-473-550,0.3530120482,0.7060240964,0.9915009044774012,0.0008915474413,1.5,473.0,550.0,1100.8892,0.3427266,47.900482,933.7782,-167.11096,1.0961647,0.7534381,129.31398,81.4135
1.5-473-550,0.1108433734,0.2216867468,0.9442484491033019,-0.0008490585182,1.5,473.0,550.0,504.91797,0.65996337,618.033,592.2603,87.34235,0.74452233,0.084558964,447.48456,-170.54846
1.5-473-550,0.3180722892,0.6361445784,0.9442484491033019,0.0008490585182,1.5,473.0,550.0,926.16406,1.438212,61.077576,886.5522,-39.611877,1.3029176,-0.13529444,171.262,110.18442
1.5-473-550,0.3048192771,0.6096385542,0.9973789933391554,-0.0008968329585,1.5,473.0,550.0,1167.7498,0.08502024,44.511566,969.80664,-197.94312,0.96998626,0.884966,119.62393,75.112366
1.5-473-550,0.2518072289,0.5036144578,0.29146971579860803,-0.0002620865782,1.5,473.0,550.0,523.16864,1.4027975,598.2465,614.26935,91.10071,1.3121568,-0.090640664,489.49213,-108.754395
1.5-473-550,0.1518072289,0.3036144578,0.6021818746711394,-0.0005414757638,1.5,473.0,550.0,497.6531,1.0593097,625.3851,532.32513,34.672028,1.1797385,0.1204288,547.417,-77.96808
1.5-473-550,0.1024096385,0.204819277,0.47796385156444166,0.0004297801918,1.5,473.0,550.0,473.0051,1.099793,649.8486,526.9631,53.957977,1.0605271,-0.03926587,575.54675,-74.30182
1.5-473-550,0.2915662651,0.5831325302,0.998978267368595,-0.0008982710093,1.5,473.0,550.0,1185.452,0.030157918,43.701996,971.0216,-214.43042,0.93361133,0.9034534,122.191055,78.48906
1.5-473-550,0.191566265,0.38313253,0.960723235489121,0.0008638724771,1.5,473.0,550.0,899.15564,0.8193205,64.143585,781.78784,-117.3678,0.9011135,0.08179301,280.98224,216.83865
1.5-473-550,0.2554216867,0.5108433734,0.8705746216627653,0.0007828117684,1.5,473.0,550.0,721.1028,1.6052359,117.25218,765.76416,44.661377,1.3882717,-0.21696424,286.98135,169.72917
1.5-473-550,0.04081632652,0.08163265304,0.22784103833049427,-0.0002048723242,1.5,473.0,550.0,473.00003,1.2254719,649.85333,573.8874,100.88736,1.0674216,-0.1580503,540.36786,-109.48547
1.5-473-550,0.3530120482,0.7060240964,0.8705746216627653,-0.0007828117684,1.5,473.0,550.0,770.13226,1.991777,88.04295,792.00854,21.876282,1.6825739,-0.30920303,223.1029,135.05995
1.5-473-550,0.4326530612,0.8653061224,0.6600967573005477,0.0005935522321,1.5,473.0,550.0,660.73126,2.054991,341.38892,691.37054,30.639282,2.1519184,0.096927404,291.49353,-49.895386
1.5-473-550,0.3602409639,0.7204819278,0.993141646395439,-0.0008930227796,1.5,473.0,550.0,1101.4379,0.28695977,47.871155,928.20465,-173.23322,1.0962666,0.80930686,130.97154,83.10039
1.5-473-550,0.09183673473,0.18367346946,0.9993254186825348,0.0008985831642,1.5,473.0,550.0,473.00003,0.0061113187,649.85333,598.0999,125.099884,0.5118048,0.5056935,440.83997,-209.01337
1.5-473-550,0.4061224489,0.8122448978,0.9772248215579286,-0.000878710534,1.5,473.0,550.0,809.7642,1.2395679,77.85254,843.7147,33.9505,1.2534838,0.013915896,172.31789,94.46535
1.5-473-550,0.3783132531,0.7566265062,0.2914697156873968,0.0002620865781,1.5,473.0,550.0,612.77075,1.9852501,472.93463,686.28906,73.51831,1.7880145,-0.19723558,383.36636,-89.56827
1.5-473-550,0.2325301205,0.465060241,0.9337895728803226,0.000839654004,1.5,473.0,550.0,960.9277,1.2794713,57.802307,815.98615,-144.94153,1.1194098,-0.16006148,250.61247,192.81017
1.5-473-550,0.1614457831,0.3228915662,0.4163512323516047,-0.0003743787567,1.5,473.0,550.0,496.12595,1.1063163,626.9306,555.742,59.61606,1.1478409,0.04152453,547.80945,-79.121155
1.5-473-550,0.01836734691,0.03673469382,0.5396442233296441,0.0004852425493,1.5,473.0,550.0,473.00003,1.1214991,649.85333,516.47925,43.479218,0.9470561,-0.17444295,596.3258,-53.527527
1.5-473-550,0.4836734694,0.9673469388,0.9872047710533666,0.0008876844022,1.5,473.0,550.0,657.8668,0.6412633,360.18158,725.35016,67.48334,1.1497929,0.5085296,251.08136,-109.10022
1.5-473-550,0.2361445783,0.4722891566,0.9980223152919674,-0.000897411427,1.5,473.0,550.0,1257.8264,0.049714323,40.74121,919.6115,-338.2149,0.825812,0.77609766,169.1557,128.41449
1.5-473-550,0.2204819277,0.4409638554,0.9956514833048237,0.0008952795992,1.5,473.0,550.0,1282.0569,0.10558563,39.923004,889.9482,-392.1087,0.805732,0.7001464,192.89114,152.96814
1.5-473-550,0.1686746988,0.3373493976,0.7098470004029654,-0.0006382871403,1.5,473.0,550.0,515.20087,1.0740746,607.1067,560.08215,44.881287,1.2371635,0.16308892,502.06497,-105.04172
1.5-473-550,0.05714285715,0.1142857143,0.7098470004029654,-0.0006382871403,1.5,473.0,550.0,473.00003,0.9862045,649.85333,476.89185,3.8918152,0.9341897,-0.052014828,600.8303,-49.02301
1.5-473-550,0.1060240963,0.2120481926,0.9998257452316341,-0.0008990330527,1.5,473.0,550.0,664.1467,0.004100556,312.1719,630.28046,-33.866272,0.5405073,0.53640676,409.74573,97.57382
1.5-473-550,0.4183673469,0.8367346938,0.09831793589120096,8.840647929e-05,1.5,473.0,550.0,633.98315,2.2014067,432.88736,689.7428,55.759644,1.8310272,-0.37037957,365.77106,-67.1163
1.5-473-550,0.4326530612,0.8653061224,0.9945113832197316,0.0008942544329,1.5,473.0,550.0,679.2105,0.35593158,178.90833,814.4801,135.26959,1.1460761,0.7901445,189.53365,10.62532
1.5-473-550,0.3578313254,0.7156626508,0.9965972946963587,-0.0008961300631,1.5,473.0,550.0,1120.9608,0.13899767,46.827972,935.9469,-185.01392,1.0688245,0.92982686,126.90851,80.080536
1.5-473-550,0.3481927711,0.6963855422,0.9337895728803226,0.000839654004,1.5,473.0,550.0,885.464,1.6648299,65.68826,860.8369,-24.627075,1.4207517,-0.24407816,176.929,111.24074
1.5-473-550,0.08571428574,0.17142857148,0.8705746216627653,0.0007828117684,1.5,473.0,550.0,473.00003,0.7881716,649.85333,512.01,39.00998,0.8409731,0.05280149,534.46564,-115.387695
1.5-473-550,0.2,0.4,0.960723235489121,0.0008638724771,1.5,473.0,550.0,1021.7169,0.8212132,52.91919,798.5436,-223.17334,0.9231068,0.101893604,267.0678,214.14862
1.5-473-550,0.01428571426,0.02857142852,0.9993254186825348,-0.0008985831642,1.5,473.0,550.0,473.00003,0.005468423,649.85333,478.01584,5.015808,0.34261024,0.3371418,585.4773,-64.37604
1.5-473-550,0.3204819277,0.6409638554,0.9531521909241071,0.0008570646715,1.5,473.0,550.0,953.4848,1.3253436,58.40744,898.58887,-54.895935,1.2631392,-0.06220436,162.1631,103.75566
1.5-473-550,0.1831325301,0.3662650602,0.9993254186825348,0.0008985831642,1.5,473.0,550.0,1043.7909,0.014240021,51.368286,818.4525,-225.33838,0.7070449,0.6928049,249.49873,198.13045
1.5-473-550,0.2626506024,0.5253012048,0.8705746216627653,0.0007828117684,1.5,473.0,550.0,728.94604,1.6249446,110.19171,772.3429,43.39685,1.4128764,-0.2120682,279.21295,169.02124
1.5-473-550,0.4040816326,0.8081632652,0.8206166047262803,-0.0007378900321,1.5,473.0,550.0,720.8324,2.3907175,110.27219,733.21356,12.381165,1.9122775,-0.47844005,246.58699,136.3148
1.5-473-550,0.04285714285,0.0857142857,0.9973789934503665,-0.0008968329586,1.5,473.0,550.0,473.00003,0.025343115,649.85333,509.81824,36.818207,0.4118651,0.38652197,539.26117,-110.59216
1.5-473-550,0.4204081632,0.8408163264,0.9726063657286781,0.0008745576659,1.5,473.0,550.0,710.98364,1.267023,116.168274,816.5857,105.60205,1.2887702,0.021747231,186.8204,70.65213
1.5-473-550,0.2518072289,0.5036144578,0.8206166047262803,0.0007378900321,1.5,473.0,550.0,645.3153,1.5450373,402.28265,714.2732,68.957886,1.4734186,-0.071618676,333.15445,-69.128204
1.5-473-550,0.330120482,0.660240964,0.8475322498919685,-0.0007620923041,1.5,473.0,550.0,720.86835,1.9074489,113.27731,776.07434,55.205994,1.6877184,-0.2197305,246.69803,133.42072
1.5-473-550,0.1903614457,0.3807228914,0.9772248215579286,0.000878710534,1.5,473.0,550.0,989.8198,0.5189514,55.287445,802.12726,-187.69257,0.82799214,0.30904073,263.6722,208.38477
1.5-473-550,0.3626506025,0.725301205,0.998978267368595,-0.0008982710093,1.5,473.0,550.0,1127.9365,0.040244278,46.45526,933.6165,-194.32,1.0593033,1.0190591,127.28769,80.83243
1.5-473-550,0.2734939759,0.5469879518,0.6600967573005477,-0.0005935522321,1.5,473.0,550.0,593.0957,1.5523794,502.83865,641.35425,48.258545,1.6417302,0.08935082,404.2562,-98.58246
1.5-473-550,0.191566265,0.38313253,0.9337895728803226,0.000839654004,1.5,473.0,550.0,727.20825,1.0806277,118.13162,747.4779,20.269653,1.0003641,-0.080263615,310.75598,192.62436
1.5-473-550,0.104819277,0.209638554,0.960723235489121,-0.0008638724771,1.5,473.0,550.0,502.43295,0.53150785,620.54785,593.0705,90.63754,0.67906,0.14755213,446.01685,-174.531
1.5-473-550,0.008163265274,0.016326530548,0.4163512326852384,0.000374378757,1.5,473.0,550.0,473.00003,1.083979,649.85333,551.8447,78.844696,0.9805798,-0.10339922,570.4328,-79.42053
1.5-473-550,0.2734939759,0.5469879518,0.960723235489121,-0.0008638724771,1.5,473.0,550.0,1016.58154,1.0462065,53.275208,899.282,-117.29956,1.1119105,0.06570399,177.35347,124.07826
1.5-473-550,0.2289156626,0.4578313252,0.9726063657286781,0.0008745576659,1.5,473.0,550.0,1166.1067,0.65260714,44.59427,867.102,-299.0047,0.9430672,0.29046005,210.22833,165.63406
1.5-473-550,0.2795180723,0.5590361446,0.9442484491033019,-0.0008490585182,1.5,473.0,550.0,944.09064,1.3182782,59.279236,878.353,-65.73761,1.2062413,-0.11203694,190.90779,131.62856
1.5-473-550,0.1156626505,0.231325301,0.9915009044774012,-0.0008915474413,1.5,473.0,550.0,632.3304,0.3231101,436.5482,644.4267,12.096313,0.59509706,0.27198696,396.74628,-39.80191
1.5-473-550,0.1096385542,0.2192771084,0.9531521909241071,-0.0008570646715,1.5,473.0,550.0,508.50165,0.6137572,614.3614,596.7872,88.28552,0.714867,0.1011098,442.71808,-171.64331
1.5-473-550,0.1602409638,0.3204819276,0.9993254186825348,0.0008985831642,1.5,473.0,550.0,891.0364,0.017056042,64.93176,763.2679,-127.76849,0.6585725,0.64151645,293.99594,229.06418
1.5-473-550,0.4142857143,0.8285714286,0.6021818746711394,-0.0005414757638,1.5,473.0,550.0,654.0792,2.294929,375.4722,687.97406,33.894836,2.129507,-0.16542196,311.18164,-64.29056
1.5-473-550,0.1686746988,0.3373493976,0.8902853188558087,-0.0008005354251,1.5,473.0,550.0,557.9931,0.98720783,556.8754,659.3246,101.33148,1.0505809,0.06337303,390.29517,-166.58026
1.5-473-550,0.3746987952,0.7493975904,0.9895407848051817,0.0008897849218,1.5,473.0,550.0,1069.9619,0.47496644,49.695953,904.9533,-165.0086,1.1410908,0.66612434,141.67409,91.978134
1.5-473-550,0.4918367347,0.9836734694,0.9993254186825348,-0.0008985831642,1.5,473.0,550.0,657.54706,0.032524344,361.47253,718.32635,60.779297,1.059363,1.0268387,260.39233,-101.0802
1.5-473-550,0.286746988,0.573493976,0.5396442233296441,-0.0004852425493,1.5,473.0,550.0,571.79767,1.5605612,535.6679,628.8737,57.07605,1.6277236,0.067162395,430.9367,-104.7312
1.5-473-550,0.3566265061,0.7132530122,0.9980223152919674,0.000897411427,1.5,473.0,550.0,1129.0746,0.078807764,46.39444,939.39636,-189.67822,1.0570726,0.97826487,125.12396,78.72952
1.5-473-550,0.4285714286,0.8571428572,0.9071317792997667,0.0008156835895,1.5,473.0,550.0,683.16223,1.6045511,159.8702,758.83136,75.66913,1.634731,0.030179977,219.62717,59.756973
1.5-473-550,0.3710843374,0.7421686748,0.9844268823757469,-0.0008851865532,1.5,473.0,550.0,1046.8667,0.68408775,51.164795,903.0537,-143.81299,1.1704321,0.48634434,143.47687,92.31207
1.5-473-550,0.2915662651,0.5831325302,0.7525573838264147,0.0006766918789,1.5,473.0,550.0,636.3396,1.6821779,426.95505,694.3635,58.023926,1.6992385,0.017060637,338.0846,-88.87045
1.5-473-550,0.2554216867,0.5108433734,0.9531521909241071,0.0008570646715,1.5,473.0,550.0,1000.4989,1.131979,54.46231,871.90533,-128.59357,1.1019628,-0.030016184,202.29704,147.83473
1.5-473-550,0.395180723,0.790361446,0.9811301448069191,0.0008822221606,1.5,473.0,550.0,1001.97656,0.9760992,54.33075,864.91974,-137.05682,1.219828,0.24372882,161.45108,107.12033
1.5-473-550,0.2361445783,0.4722891566,0.6021818746711394,-0.0005414757638,1.5,473.0,550.0,539.72723,1.3745743,579.6305,599.0532,59.32599,1.4654553,0.09088099,466.19196,-113.43854
1.5-473-550,0.2602409639,0.5204819278,0.16340484097302546,-0.0001469319566,1.5,473.0,550.0,522.40784,1.4205539,599.09247,618.9013,96.49347,1.3004919,-0.12006199,485.9661,-113.12637
1.5-473-550,0.1506024096,0.3012048192,0.9215172744995802,0.0008286188792,1.5,473.0,550.0,549.4939,0.87990606,567.87573,653.0211,103.52722,0.91798633,0.038080275,393.4366,-174.43912
1.5-473-550,0.2843373494,0.5686746988,0.9872047710533666,-0.0008876844022,1.5,473.0,550.0,1137.0399,0.39218074,45.997955,948.3392,-188.70074,0.99177104,0.5995903,139.54584,93.54788
1.5-473-550,0.3277108434,0.6554216868,0.7525573838264147,-0.0006766918789,1.5,473.0,550.0,649.32935,1.8472728,391.18195,708.7196,59.39026,1.8329364,-0.014336348,307.6004,-83.58154
1.5-473-550,0.1012048192,0.2024096384,0.8206166048374914,-0.0007378900322,1.5,473.0,550.0,473.17065,0.8688791,649.6924,514.9228,41.752136,0.9543201,0.08544099,535.7146,-113.97778
1.5-473-550,0.3120481928,0.6240963856,0.8705746216627653,0.0007828117684,1.5,473.0,550.0,757.76025,1.8107525,92.74956,797.32544,39.565186,1.5721699,-0.23858261,238.77094,146.02138
1.5-473-550,0.1180722891,0.2361445782,0.8705746216627653,0.0007828117684,1.5,473.0,550.0,494.32104,0.8508827,628.75714,557.8295,63.508484,0.9326194,0.081736684,486.41562,-142.34152
1.5-473-550,0.3493975904,0.6987951808,0.03282169734692774,-2.951293353e-05,1.5,473.0,550.0,575.49133,1.7591122,530.1855,645.4796,69.98828,1.5521343,-0.20697796,430.17947,-100.00601
1.5-473-550,0.1831325301,0.3662650602,0.29146971579860803,-0.0002620865782,1.5,473.0,550.0,502.6818,1.1713952,620.2961,580.73425,78.05246,1.1599424,-0.011452794,529.54333,-90.75275
1.5-473-550,0.4632653061,0.9265306122,0.16340484119544796,0.0001469319568,1.5,473.0,550.0,652.0446,2.0179198,383.68582,716.6868,64.64221,2.023199,0.0052793026,323.53485,-60.15097
1.5-473-550,0.3012048193,0.6024096386,0.9811301448069191,0.0008822221606,1.5,473.0,550.0,1091.642,0.6068192,48.43387,942.7826,-148.85938,1.0640715,0.45725232,138.6944,90.26053
1.5-473-550,0.3686746989,0.7373493978,0.8902853187445975,0.000800535425,1.5,473.0,550.0,804.6324,2.0220547,79.00624,801.6447,-2.987671,1.6473545,-0.3747002,208.99127,129.98503
1.5-473-550,0.0,0.0,0.8476293021558459,0.0007621795725,1.5,473.0,550.0,473.00003,0.90842825,649.85333,452.97192,-20.028107,0.6729009,-0.23552734,633.96704,-15.8862915
1.5-473-550,0.2253012048,0.4506024096,0.9931416465066502,-0.0008930227797,1.5,473.0,550.0,1267.2335,0.1679163,40.394073,894.15234,-373.08118,0.82971597,0.66179967,189.4073,149.01323
1.5-473-550,0.01836734691,0.03673469382,0.9993254186825348,0.0008985831642,1.5,473.0,550.0,473.00003,0.005511815,649.85333,481.90967,8.909637,0.35149747,0.34598565,579.2189,-70.63446
1.5-473-550,0.3987951808,0.7975903616,0.6021818746711394,0.0005414757638,1.5,473.0,550.0,649.7796,2.2550251,390.858,684.56854,34.78894,2.0904653,-0.16455984,319.62253,-71.23547
1.5-473-550,0.1843373494,0.3686746988,0.4163512326852384,0.000374378757,1.5,473.0,550.0,506.25278,1.1685904,616.6822,566.40906,60.15628,1.1959083,0.027317882,534.8662,-81.81598
1.5-473-550,0.1168674698,0.2337349396,0.7098470004029654,-0.0006382871403,1.5,473.0,550.0,481.49576,0.97678727,641.7363,510.32965,28.833893,1.0770566,0.10026938,555.51855,-86.21777
1.5-473-550,0.09183673473,0.18367346946,0.03282169735804886,2.951293354e-05,1.5,473.0,550.0,473.00003,1.188328,649.85333,575.27057,102.27054,1.1711591,-0.01716888,525.8199,-124.03345
1.5-473-550,0.4897959184,0.9795918368,0.998978267368595,-0.0008982710093,1.5,473.0,550.0,657.6107,0.051536497,361.21555,721.1679,63.55719,1.0651484,1.0136119,257.773,-103.442535
1.5-473-550,0.05306122449,0.10612244898,0.9337895728803226,0.000839654004,1.5,473.0,550.0,473.00003,0.5766538,649.85333,494.98672,21.986694,0.6260937,0.049439907,553.9941,-95.85925
1.5-473-550,0.3963855422,0.7927710844,0.6600967573005477,-0.0005935522321,1.5,473.0,550.0,654.9224,2.2591908,372.06805,688.7122,33.789795,2.08522,-0.1739707,305.3985,-66.669556
1.5-473-550,0.002040816309,0.004081632618,0.9996041062482727,0.0008988337572,1.5,473.0,550.0,473.00003,0.0058119246,649.85333,467.87982,-5.1202087,0.31501257,0.30920064,603.14246,-46.710876
1.5-473-550,0.4571428571,0.9142857142,0.03282169735804886,2.951293354e-05,1.5,473.0,550.0,647.93524,2.0505688,397.64288,695.49963,47.564392,1.9381183,-0.11245048,341.89505,-55.747833
1.5-473-550,0.3662650603,0.7325301206,0.3542741439827602,-0.0003185596757,1.5,473.0,550.0,607.6193,1.9126055,481.34256,678.8766,71.25726,1.7902224,-0.12238312,387.87793,-93.46463
1.5-473-550,0.03061224488,0.06122448976,0.6600967573005477,-0.0005935522321,1.5,473.0,550.0,473.00003,1.021058,649.85333,482.7487,9.748657,0.9122377,-0.10882026,611.89655,-37.956787
1.5-473-550,0.221686747,0.443373494,0.22784103833049427,-0.0002048723242,1.5,473.0,550.0,514.3177,1.3258731,608.0888,601.33185,87.01416,1.2220707,-0.10380244,507.86032,-100.228485
1.5-473-550,0.2204819277,0.4409638554,0.9985491866279087,-0.0008978851843,1.5,473.0,550.0,1293.3134,0.03409576,39.923004,894.7525,-398.56085,0.7899218,0.75582606,189.15248,149.22948
1.5-473-550,0.2361445783,0.4722891566,0.9531521909241071,0.0008570646715,1.5,473.0,550.0,1043.1248,1.0574512,51.44922,848.3708,-194.75397,1.0508357,-0.0066155195,224.12968,172.68047
1.5-473-550,0.2674698795,0.534939759,0.998978267368595,-0.0008982710093,1.5,473.0,550.0,1208.9137,0.027622813,42.690186,957.82544,-251.08826,0.88510364,0.8574808,136.65794,93.96776
1.5-473-550,0.3337349398,0.6674698796,0.9993254186825348,0.0008985831642,1.5,473.0,550.0,1155.72,0.022114212,45.077026,962.4019,-193.31805,1.0104524,0.9883382,116.65416,71.57713
1.5-473-550,0.3168674699,0.6337349398,0.5396442233296441,-0.0004852425493,1.5,473.0,550.0,597.118,1.6999462,497.29327,647.5227,50.404724,1.753789,0.053842783,401.32425,-95.969025
1.5-473-550,0.1385542168,0.2771084336,0.9895407848051817,0.0008897849218,1.5,473.0,550.0,705.04236,0.40940815,121.42818,697.2314,-7.810974,0.6543808,0.24497265,349.99777,228.5696
1.5-473-550,0.2807228916,0.5614457832,0.9442484491033019,-0.0008490585182,1.5,473.0,550.0,943.27057,1.3223954,59.35495,879.044,-64.22656,1.2094096,-0.11298585,190.0177,130.66275
1.5-473-550,0.3168674699,0.6337349398,0.9531521909241071,-0.0008570646715,1.5,473.0,550.0,955.65826,1.3124164,58.211945,899.30054,-56.357727,1.2549402,-0.057476282,162.99678,104.784836
1.5-473-550,0.4326530612,0.8653061224,0.9993254186825348,0.0008985831642,1.5,473.0,550.0,679.2393,0.0384047,178.74194,818.59766,139.35834,1.1126763,1.0742716,187.599,8.857056
1.5-473-550,0.2253012048,0.4506024096,0.9215172744995802,0.0008286188792,1.5,473.0,550.0,916.6413,1.3631942,62.29959,789.4677,-127.173584,1.141932,-0.22126222,273.4451,211.14551
1.5-473-550,0.3819277109,0.7638554218,0.9973789933391554,0.0008968329585,1.5,473.0,550.0,1102.7538,0.12282669,47.800842,904.67584,-198.07794,1.0957181,0.97289145,140.74187,92.941025
1.5-473-550,0.4367346939,0.8734693878,0.9772248215579286,-0.000878710534,1.5,473.0,550.0,672.6368,0.98297894,233.35645,793.69635,121.05957,1.2592797,0.2763008,200.40837,-32.948074
1.5-473-550,0.1469879518,0.2939759036,0.5396442233296441,0.0004852425493,1.5,473.0,550.0,492.61087,1.0639486,630.4878,532.8072,40.19632,1.1527125,0.08876383,556.9704,-73.517395
1.5-473-550,0.3554216868,0.7108433736,0.9985491866279087,-0.0008978851843,1.5,473.0,550.0,1132.845,0.056527313,46.204742,941.5246,-191.32037,1.051548,0.9950207,124.12164,77.9169
1.5-473-550,0.1457831325,0.291566265,0.47796385156444166,-0.0004297801918,1.5,473.0,550.0,490.19604,1.0729403,632.9316,539.9724,49.776367,1.1339092,0.060968876,558.2525,-74.67908
1.5-473-550,0.1,0.2,0.9956540645175475,-0.0008952819202,1.5,473.0,550.0,530.6227,0.06348639,585.91724,612.6575,82.03479,0.54402816,0.48054177,426.53918,-159.37805
1.5-473-550,0.3228915663,0.6457831326,0.7098470004029654,-0.0006382871403,1.5,473.0,550.0,637.51514,1.8040661,424.398,686.92883,49.413696,1.8398342,0.03576815,333.379,-91.01901
1.5-473-550,0.08571428574,0.17142857148,0.9965972946963587,-0.0008961300631,1.5,473.0,550.0,473.00003,0.034359988,649.85333,582.9554,109.95535,0.5089717,0.4746117,456.03488,-193.81845
1.5-473-550,0.1120481927,0.2240963854,0.9726063657286781,-0.0008745576659,1.5,473.0,550.0,539.3855,0.51012063,580.1329,618.2444,78.85889,0.65710384,0.1469832,421.60223,-158.53064
1.5-473-550,0.2481927711,0.4963855422,0.3542741437603377,0.0003185596755,1.5,473.0,550.0,524.3465,1.3947747,596.93677,608.4527,84.1062,1.3349618,-0.059812903,490.59445,-106.342316
1.5-473-550,0.2024096385,0.404819277,0.9531521909241071,-0.0008570646715,1.5,473.0,550.0,993.9851,0.9753103,55.009552,792.7788,-201.2063,0.96011895,-0.015191376,271.95242,216.94287
1.5-473-550,0.2578313253,0.5156626506,0.22784103821928303,0.0002048723241,1.5,473.0,550.0,523.04675,1.4162676,598.382,619.1111,96.06433,1.3057668,-0.11050081,486.3871,-111.994934
1.5-473-550,0.1072289156,0.2144578312,0.9531521909241071,0.0008570646715,1.5,473.0,550.0,503.27072,0.5964007,619.7001,591.9654,88.69467,0.7087259,0.11232525,447.36145,-172.33862
1.5-473-550,0.0,0.0,0.7893346586322618,0.0007097616271,1.5,473.0,550.0,473.00003,0.90842825,649.85333,459.36923,-13.630798,0.7520568,-0.15637147,634.33606,-15.517273
1.5-473-550,0.4183673469,0.8367346938,0.6600967573005477,0.0005935522321,1.5,473.0,550.0,659.6193,2.2939105,347.05518,690.6445,31.025146,2.1311119,-0.16279864,296.1038,-50.951385
1.5-473-550,0.3361445784,0.6722891568,0.6021818746711394,0.0005414757638,1.5,473.0,550.0,621.3262,1.8214651,457.7382,663.5254,42.19922,1.8753592,0.053894043,365.35953,-92.37866
1.5-473-550,0.221686747,0.443373494,0.8902853188558087,0.0008005354251,1.5,473.0,550.0,759.81354,1.4592186,96.03055,747.1148,-12.69873,1.2240927,-0.2351259,310.071,214.04047
1.5-473-550,0.2192771084,0.4385542168,0.999825745120423,-0.0008990330526,1.5,473.0,550.0,1297.3317,0.0024145192,39.923004,894.7107,-402.62097,0.7803593,0.7779448,189.22035,149.29735
1.5-473-550,0.3879518073,0.7759036146,0.9895407848051817,0.0008897849218,1.5,473.0,550.0,1055.3665,0.52608746,50.623657,885.7322,-169.63428,1.1566776,0.63059014,150.62415,100.00049
1.5-473-550,0.2048192771,0.4096385542,0.9872047710533666,0.0008876844022,1.5,473.0,550.0,1189.5892,0.3140483,43.521484,846.8158,-342.77344,0.8148632,0.5008149,227.32501,183.80353
1.5-473-550,0.1518072289,0.3036144578,0.16340484119544796,0.0001469319568,1.5,473.0,550.0,488.18933,1.108744,634.9624,580.384,92.19464,1.1387936,0.030049562,530.1619,-104.800476
1.5-473-550,0.09387755105,0.1877551021,0.998978267368595,-0.0008982710093,1.5,473.0,550.0,473.00003,0.009678775,649.85333,602.20386,129.20383,0.51760244,0.50792366,436.76962,-213.08371
1.5-473-550,0.06326530613,0.12653061226,0.7098470004029654,0.0006382871403,1.5,473.0,550.0,473.00003,0.98859173,649.85333,478.7957,5.7956543,0.9470248,-0.04156691,597.0646,-52.788757
1.5-473-550,0.1939759036,0.3879518072,0.960723235489121,0.0008638724771,1.5,473.0,550.0,943.3029,0.80800706,59.408203,786.65326,-156.64966,0.907396,0.09938896,276.94434,217.53613
1.5-473-550,0.2120481927,0.4240963854,0.8206166047262803,-0.0007378900321,1.5,473.0,550.0,589.92615,1.3122079,508.22186,668.94836,79.02222,1.3242085,0.012000561,383.1251,-125.09677
1.5-473-550,0.3060240964,0.6120481928,0.9980223152919674,-0.000897411427,1.5,473.0,550.0,1170.1324,0.06362479,44.40262,970.8339,-199.29852,0.96810544,0.90448064,118.62961,74.22699
1.5-473-550,0.08367346941,0.16734693882,0.9945113832197316,0.0008942544329,1.5,473.0,550.0,473.00003,0.056081768,649.85333,577.15216,104.15213,0.5123475,0.45626575,461.93472,-187.91861
1.5-473-550,0.01632653059,0.03265306118,0.9993254186825348,0.0008985831642,1.5,473.0,550.0,473.00003,0.0054930397,649.85333,479.93118,6.9311523,0.3470533,0.34156024,582.36914,-67.48419
1.5-473-550,0.04285714285,0.0857142857,0.9071317792997667,-0.0008156835895,1.5,473.0,550.0,473.00003,0.6723205,649.85333,476.99408,3.994049,0.6624767,-0.009843767,578.80426,-71.04907
1.5-473-550,0.1204819277,0.2409638554,0.6600967573005477,0.0005935522321,1.5,473.0,550.0,482.00894,1.0031568,641.217,510.85223,28.843292,1.0979744,0.09481764,562.8084,-78.40857
1.5-473-550,0.3060240964,0.6120481928,0.03282169734692774,-2.951293353e-05,1.5,473.0,550.0,536.0141,1.5493559,583.96234,625.8158,89.8017,1.4168692,-0.1324867,462.14008,-121.822266
1.5-473-550,0.2855421687,0.5710843374,0.03282169735804886,2.951293354e-05,1.5,473.0,550.0,527.48126,1.4844531,593.45087,617.11896,89.637695,1.3643785,-0.12007463,475.23785,-118.21301
1.5-473-550,0.1927710843,0.3855421686,0.8206166047262803,-0.0007378900321,1.5,473.0,550.0,558.89197,1.1586946,555.728,642.6495,83.75751,1.2532772,0.09458256,409.55298,-146.17505
1.5-473-550,0.2012048193,0.4024096386,0.8705746216627653,-0.0007828117684,1.5,473.0,550.0,613.67944,1.230513,470.02316,696.2626,82.58313,1.2011106,-0.029402375,357.3506,-112.67258
1.5-473-550,0.1409638554,0.2819277108,0.6600967573005477,0.0005935522321,1.5,473.0,550.0,494.23785,1.0259678,628.8413,525.99677,31.758911,1.1540625,0.12809467,545.659,-83.18231
1.5-473-550,0.3096385542,0.6192771084,0.16340484119544796,0.0001469319568,1.5,473.0,550.0,542.5155,1.5702837,576.5008,643.89557,101.380066,1.4431666,-0.12711704,451.89694,-124.60385
1.5-473-550,0.3481927711,0.6963855422,0.9973789933391554,-0.0008968329585,1.5,473.0,550.0,1134.4042,0.10103052,46.12787,947.32513,-187.07904,1.0482609,0.9472304,122.29651,76.16864
1.5-473-550,0.2289156626,0.4578313252,0.9337895728803226,0.000839654004,1.5,473.0,550.0,970.2887,1.2671028,57.005432,810.82776,-159.46094,1.1089385,-0.15816438,255.31944,198.31401
1.5-473-550,0.2530120482,0.5060240964,0.998978267368595,0.0008982710093,1.5,473.0,550.0,1222.4015,0.02666145,42.12381,943.56494,-278.83655,0.85538936,0.8287279,149.36949,107.24568
1.5-473-550,0.191566265,0.38313253,0.9337895728803226,-0.000839654004,1.5,473.0,550.0,727.2085,1.0806278,118.13132,747.4779,20.26941,1.0003641,-0.080263734,310.75598,192.62466
1.5-473-550,0.3783132531,0.7566265062,0.9993254186825348,-0.0008985831642,1.5,473.0,550.0,1115.8068,0.02790081,47.103394,912.64484,-203.16193,1.0776631,1.0497622,136.72598,89.62259
1.5-473-550,0.3120481928,0.6240963856,0.7525573838264147,0.0006766918789,1.5,473.0,550.0,644.44196,1.7751763,406.8951,703.8824,59.44043,1.7768041,0.0016278028,319.7587,-87.13641
1.5-473-550,0.2180722892,0.4361445784,0.9337895728803226,0.000839654004,1.5,473.0,550.0,971.9132,1.2627981,56.900696,794.22174,-177.69147,1.0774417,-0.18535638,270.18515,213.28445
1.5-473-550,0.1879518072,0.3759036144,0.9215172744995802,-0.0008286188792,1.5,473.0,550.0,644.15625,1.071954,402.7264,726.3556,82.19934,1.0287857,-0.043168306,329.39526,-73.33115
1.5-473-550,0.2530120482,0.5060240964,0.16340484097302546,-0.0001469319566,1.5,473.0,550.0,520.734,1.4032698,600.9538,615.483,94.74896,1.2835276,-0.119742155,490.25925,-110.69455
1.5-473-550,0.2662650602,0.5325301204,0.4163512326852384,0.000374378757,1.5,473.0,550.0,535.3194,1.4510444,584.73486,615.8825,80.56311,1.4407352,-0.010309219,471.53592,-113.198944
1.5-473-550,0.4061224489,0.8122448978,0.6021818746711394,-0.0005414757638,1.5,473.0,550.0,652.3722,2.2882311,382.02942,686.2483,33.8761,2.1098218,-0.17840934,315.4815,-66.54791
1.5-473-550,0.156626506,0.313253012,0.998978267368595,-0.0008982710093,1.5,473.0,550.0,869.1185,0.028301472,67.81595,753.8057,-115.312805,0.6525077,0.62420624,301.79315,233.9772
1.5-473-550,0.2,0.4,0.7525573838264147,-0.0006766918789,1.5,473.0,550.0,544.53076,1.2176292,574.0513,611.4808,66.95001,1.3374883,0.1198591,443.72876,-130.32251
1.5-473-550,0.1277108433,0.2554216866,0.09831793589120096,8.840647929e-05,1.5,473.0,550.0,477.7185,1.1049017,645.4022,577.8411,100.12262,1.1502917,0.04539001,529.03735,-116.36487
1.5-473-550,0.4,0.8,0.9985499196211469,-0.0008978858434,1.5,473.0,550.0,1028.6299,0.079201214,53.23117,876.7359,-151.89398,1.1050769,1.0258757,154.72339,101.49222
1.5-473-550,0.2096385542,0.4192771084,0.9993254186825348,0.0008985831642,1.5,473.0,550.0,1287.0203,0.01479041,39.923004,875.62756,-411.3927,0.7628951,0.7481047,204.29832,164.37532
1.5-473-550,0.4387755102,0.8775510204,0.9337895728803226,-0.000839654004,1.5,473.0,550.0,669.54315,1.3398902,261.0509,761.98224,92.43909,1.5054369,0.16554666,217.19553,-43.855377
1.5-473-550,0.3807228916,0.7614457832,0.960723235489121,-0.0008638724771,1.5,473.0,550.0,936.4351,1.4845736,60.00168,862.0466,-74.38855,1.3305643,-0.15400934,165.63026,105.628586
1.5-473-550,0.4612244898,0.9224489796,0.29146971579860803,-0.0002620865782,1.5,473.0,550.0,653.1057,1.9772413,379.4023,721.1931,68.0874,2.0941179,0.1168766,316.0115,-63.39081
1.5-473-550,0.2843373494,0.5686746988,0.9811301448069191,0.0008822221606,1.5,473.0,550.0,1107.3414,0.5703977,47.555725,938.2253,-169.11615,1.0274311,0.45703346,146.59398,99.03825
1.5-473-550,0.2289156626,0.4578313252,0.9965972946963587,-0.0008961300631,1.5,473.0,550.0,1272.927,0.08334183,40.18399,905.9039,-367.02313,0.8185587,0.73521686,180.13834,139.95435
1.5-473-550,0.3132530121,0.6265060242,0.47796385156444166,0.0004297801918,1.5,473.0,550.0,582.18396,1.6581968,519.4227,644.1485,61.96454,1.6835229,0.025326133,418.55185,-100.87088
1.5-473-550,0.1084337349,0.2168674698,0.998978267368595,-0.0008982710093,1.5,473.0,550.0,666.5116,0.048711773,289.70316,635.04346,-31.46814,0.5491595,0.50044775,405.2868,115.58365
1.5-473-550,0.1084337349,0.2168674698,0.9996041060258503,0.000898833757,1.5,473.0,550.0,671.68555,0.01798194,241.87279,635.6675,-36.018066,0.54660624,0.5286243,404.69843,162.82564
1.5-473-550,0.02857142855,0.0571428571,0.9945113832197316,0.0008942544329,1.5,473.0,550.0,473.00003,0.051960286,649.85333,490.73096,17.730927,0.39045763,0.33849734,565.1267,-84.72662
1.5-473-550,0.01836734691,0.03673469382,0.4163512326852384,0.000374378757,1.5,473.0,550.0,473.00003,1.1530567,649.85333,548.6751,75.67508,0.98865783,-0.16439891,571.11664,-78.736694
1.5-473-550,0.02244897957,0.04489795914,0.3542741439827602,-0.0003185596757,1.5,473.0,550.0,473.00003,1.1796029,649.85333,560.5014,87.50137,1.0121222,-0.1674807,559.13763,-90.7157
1.5-473-550,0.2385542169,0.4771084338,0.7525573838264147,0.0006766918789,1.5,473.0,550.0,592.57996,1.4319092,503.49786,653.28186,60.701904,1.4883364,0.05642724,395.97482,-107.52304
1.5-473-550,0.4632653061,0.9265306122,0.9895407848051817,0.0008897849218,1.5,473.0,550.0,660.13214,0.5476076,350.17007,757.9498,97.81769,1.1628423,0.6152347,226.08981,-124.08026
1.5-473-550,0.1590361445,0.318072289,0.960723235489121,0.0008638724771,1.5,473.0,550.0,628.31067,0.80826306,443.91455,711.6564,83.3457,0.8166589,0.008395851,339.60852,-104.30603
1.5-473-550,0.1602409638,0.3204819276,0.9811301446957078,-0.0008822221605,1.5,473.0,550.0,758.8963,0.5120051,91.0701,739.2456,-19.650696,0.7394279,0.22742283,315.01605,223.94595
1.5-473-550,0.3060240964,0.6120481928,0.9442484491033019,-0.0008490585182,1.5,473.0,550.0,930.9966,1.3997234,60.58264,887.063,-43.933594,1.2739164,-0.12580705,175.43782,114.85518
1.5-473-550,0.3385542169,0.6771084338,0.9772248215579286,0.000878710534,1.5,473.0,550.0,1041.1466,0.832096,51.537537,925.24274,-115.90387,1.1631687,0.3310727,138.5909,87.05336
1.5-473-550,0.1843373494,0.3686746988,0.9993254186825348,-0.0008985831642,1.5,473.0,550.0,1052.9077,0.014424974,50.780212,821.2369,-231.67084,0.7095902,0.6951652,247.28398,196.50377
1.5-473-550,0.4469387755,0.893877551,0.29146971579860803,-0.0002620865782,1.5,473.0,550.0,647.7055,2.0244133,398.2775,716.2417,68.536194,2.0510867,0.026673317,326.1407,-72.13681
1.5-473-550,0.4081632653,0.8163265306,0.16340484097302546,-0.0001469319566,1.5,473.0,550.0,628.7875,2.1862273,444.00134,693.7517,64.96423,1.8246684,-0.3615589,368.23038,-75.770966
1.5-473-550,0.3192771085,0.638554217,0.9872047710533666,-0.0008876844022,1.5,473.0,550.0,1109.2651,0.4431132,47.45294,950.37274,-158.8924,1.063724,0.62061083,128.29897,80.84602
1.5-473-550,0.4306122449,0.8612244898,0.4163512326852384,0.000374378757,1.5,473.0,550.0,646.71344,2.1584406,401.01736,704.3493,57.635864,2.08545,-0.072990656,328.3804,-72.63696
1.5-473-550,0.330120482,0.660240964,0.9442484491033019,0.0008490585182,1.5,473.0,550.0,920.4924,1.4801567,61.658844,883.3361,-37.15625,1.3304648,-0.14969182,168.8487,107.18985
1.5-473-550,0.09183673473,0.18367346946,0.9811301446957078,0.0008822221605,1.5,473.0,550.0,473.00003,0.19473207,649.85333,582.9959,109.99588,0.57946503,0.38473296,455.70404,-194.14929
1.5-473-550,0.0102040816,0.0204081632,0.9999999997775775,-0.0008991897406,1.5,473.0,550.0,473.00003,-5.322157e-09,649.85333,474.5931,1.5930786,0.33139467,0.33139467,591.30286,-58.550476
1.5-473-550,0.1903614458,0.3807228916,0.6600967573005477,-0.0005935522321,1.5,473.0,550.0,523.67255,1.1723129,597.6862,569.85474,46.18219,1.313655,0.14134216,496.64166,-101.044556
1.5-473-550,0.06734693879,0.13469387758,0.6600967573005477,0.0005935522321,1.5,473.0,550.0,473.00003,1.0250355,649.85333,486.03558,13.035553,0.977957,-0.04707849,596.74,-53.113342
1.5-473-550,0.1409638554,0.2819277108,0.09831793590232207,-8.84064793e-05,1.5,473.0,550.0,483.21616,1.1022464,639.9953,579.3828,96.16666,1.1564001,0.05415368,527.61804,-112.37726
1.5-473-550,0.3795180723,0.7590361446,0.9985491866279087,-0.0008978851843,1.5,473.0,550.0,1110.9155,0.06492733,47.364746,909.8272,-201.08832,1.0846211,1.0196937,138.15381,90.78906
1.5-473-550,0.4714285714,0.9428571428,0.9215172744995802,0.0008286188792,1.5,473.0,550.0,658.6871,1.3387709,356.87027,717.2651,58.578003,1.5288298,0.19005895,246.80373,-110.06654
1.5-473-550,0.0897959184,0.1795918368,0.9973789934503665,-0.0008968329586,1.5,473.0,550.0,473.00003,0.026227528,649.85333,592.0831,119.0831,0.5149296,0.48870206,446.8066,-203.04672
1.5-473-550,0.3891566266,0.7783132532,0.8475322498919685,0.0007620923041,1.5,473.0,550.0,748.0531,2.2871735,95.84244,756.1586,8.10553,1.8222705,-0.464903,233.9203,138.07787
1.5-473-550,0.2891566265,0.578313253,0.4163512323516047,-0.0003743787567,1.5,473.0,550.0,551.0584,1.5332124,565.8557,630.7028,79.64441,1.5274235,-0.0057889223,450.84943,-115.00629
1.5-473-550,0.1072289156,0.2144578312,0.6600967573005477,0.0005935522321,1.5,473.0,550.0,474.31885,1.0021182,648.60925,502.54086,28.222015,1.0647581,0.06263983,572.7219,-75.88733
1.5-473-550,0.1638554216,0.3277108432,0.5396442233296441,0.0004852425493,1.5,473.0,550.0,501.288,1.0960488,621.70654,542.45264,41.164642,1.1949863,0.09893751,545.40955,-76.297
1.5-473-550,0.2265060241,0.4530120482,0.9931416465066502,-0.0008930227797,1.5,473.0,550.0,1264.8257,0.16812098,40.48294,896.17017,-368.65552,0.8323377,0.6642167,187.77716,147.29422
1.5-473-550,0.08163265309,0.16326530618,0.9215172744995802,0.0008286188792,1.5,473.0,550.0,473.00003,0.6375438,649.85333,527.54407,54.544037,0.7276332,0.09008938,514.6612,-135.19214
1.5-473-550,0.3060240964,0.6120481928,0.6021818746711394,0.0005414757638,1.5,473.0,550.0,602.95074,1.6761073,488.41046,648.07434,45.123596,1.7528166,0.07670927,393.22903,-95.18143
1.5-473-550,0.07959183676,0.15918367352,0.29146971579860803,-0.0002620865782,1.5,473.0,550.0,473.00003,1.1625905,649.85333,562.04193,89.0419,1.0615823,-0.10100818,552.3167,-97.53662
1.5-473-550,0.4938775511,0.9877551022,0.5396442233296441,-0.0004852425493,1.5,473.0,550.0,657.1345,1.8352064,363.13806,706.5376,49.403076,2.2185316,0.38332522,290.57492,-72.56314
1.5-473-550,0.3168674699,0.6337349398,0.9980223152919674,0.000897411427,1.5,473.0,550.0,1163.0533,0.06614601,44.72638,968.76825,-194.2851,0.98873323,0.9225872,117.085724,72.359344
1.5-473-550,0.1301204819,0.2602409638,0.9726063657286781,-0.0008745576659,1.5,473.0,550.0,580.2662,0.6325742,521.6241,658.6875,78.421326,0.70079046,0.068216264,384.68793,-136.93616
1.5-473-550,0.03673469387,0.07346938774,0.999825745120423,0.0008990330526,1.5,473.0,550.0,473.00003,0.0009444899,649.85333,502.92108,29.921051,0.38977355,0.38882905,548.72406,-101.12927
1.5-473-550,0.2722891566,0.5445783132,0.9811301446957078,-0.0008822221605,1.5,473.0,550.0,1120.4198,0.5446032,46.856903,931.1434,-189.27643,1.0005571,0.45595384,154.63919,107.78229
1.5-473-550,0.1518072289,0.3036144578,0.9872047710533666,-0.0008876844022,1.5,473.0,550.0,755.7301,0.39823246,92.17587,726.69214,-29.037964,0.6942194,0.29598695,325.09973,232.92386
1.5-473-550,0.3530120482,0.7060240964,0.7098470004029654,-0.0006382871403,1.5,473.0,550.0,648.05927,1.9594805,396.00516,694.8095,46.750244,1.9453884,-0.014092088,311.39597,-84.60919
1.5-473-550,0.2843373494,0.5686746988,0.47796385156444166,0.0004297801918,1.5,473.0,550.0,556.8718,1.5295066,558.37067,625.7455,68.87366,1.564171,0.034664392,446.35965,-112.01102
1.5-473-550,0.2168674698,0.4337349396,0.9872047710533666,-0.0008876844022,1.5,473.0,550.0,1242.5662,0.31019616,41.324646,869.7605,-372.80566,0.84217733,0.53198117,208.86363,167.53899
1.5-473-550,0.1301204819,0.2602409638,0.9965972946963587,-0.0008961300631,1.5,473.0,550.0,729.0784,0.15817732,103.87216,684.7155,-44.362915,0.606055,0.4478777,360.51132,256.63916
1.5-473-550,0.02040816324,0.04081632648,0.7892004020960466,-0.000709640905,1.5,473.0,550.0,473.00003,0.90154237,649.85333,460.56625,-12.433777,0.7929249,-0.108617485,621.23694,-28.616394
1.5-473-550,0.2686746988,0.5373493976,0.9872047710533666,0.0008876844022,1.5,473.0,550.0,1154.3348,0.3695048,45.145294,938.56573,-215.7691,0.9578712,0.5883664,150.1409,104.995605
1.5-473-550,0.386746988,0.773493976,0.2914697156873968,0.0002620865781,1.5,473.0,550.0,619.0189,2.0522146,462.30386,690.4963,71.477356,1.8234007,-0.22881389,375.8652,-86.43866
1.5-473-550,0.1373493975,0.274698795,0.993141646395439,0.0008930227796,1.5,473.0,550.0,730.8354,0.27782327,102.92792,698.5093,-32.32611,0.6365611,0.35873783,348.69992,245.772
1.5-473-550,0.2903614458,0.5807228916,0.9215172744995802,-0.0008286188792,1.5,473.0,550.0,870.05414,1.556813,67.80771,851.9679,-18.086243,1.3334261,-0.22338688,206.6416,138.8339
1.5-473-550,0.2156626506,0.4313253012,0.9993254186825348,-0.0008985831642,1.5,473.0,550.0,1289.498,0.015172655,39.923004,887.2147,-402.28333,0.7755413,0.76036865,195.14555,155.22255
1.5-473-550,0.1602409638,0.3204819276,0.9337895728803226,-0.000839654004,1.5,473.0,550.0,578.8394,0.8930176,524.736,684.69696,105.857544,0.91031593,0.01729834,364.70547,-160.03055
1.5-473-550,0.2096385542,0.4192771084,0.9973789933391554,0.0008968329585,1.5,473.0,550.0,1279.4996,0.06294989,39.996124,872.46436,-407.03528,0.7732948,0.7103449,206.80733,166.8112
1.5-473-550,0.3012048193,0.6024096386,0.8206166047262803,-0.0007378900321,1.5,473.0,550.0,669.52637,1.7696993,257.891,747.44995,77.923584,1.6529202,-0.11677909,284.60556,26.71457
1.5-473-550,0.1807228915,0.361445783,0.9071317792997667,0.0008156835895,1.5,473.0,550.0,596.4119,1.0296912,498.0916,697.45264,101.04071,1.0474527,0.017761469,355.33273,-142.75888
1.5-473-550,0.1590361445,0.318072289,0.22784103833049427,-0.0002048723242,1.5,473.0,550.0,491.83905,1.1161317,631.26886,578.558,86.71893,1.1301546,0.014022946,533.4971,-97.77179
1.5-473-550,0.05714285715,0.1142857143,0.9215172744995802,-0.0008286188792,1.5,473.0,550.0,473.00003,0.6353252,649.85333,495.34543,22.345398,0.66557926,0.030254066,553.22833,-96.625
1.5-473-550,0.08571428574,0.17142857148,0.9442484491033019,-0.0008490585182,1.5,473.0,550.0,473.00003,0.52282465,649.85333,546.26294,73.26291,0.6798912,0.15706658,493.86908,-155.98425
1.5-473-550,0.3915662651,0.7831325302,0.16340484097302546,-0.0001469319566,1.5,473.0,550.0,617.44055,2.0768223,465.03802,685.95337,68.51282,1.7578195,-0.31900275,382.7463,-82.29172
1.5-473-550,0.3819277109,0.7638554218,0.09831793590232207,-8.84064793e-05,1.5,473.0,550.0,608.27466,1.9897366,480.3288,672.60474,64.33008,1.6894586,-0.30027795,397.10416,-83.22464
1.5-473-550,0.2445783133,0.4891566266,0.9993254186825348,-0.0008985831642,1.5,473.0,550.0,1241.424,0.016277129,41.369904,933.74493,-307.67902,0.83587897,0.81960183,157.70831,116.33841
1.5-473-550,0.03061224488,0.06122448976,0.03282169735804886,2.951293354e-05,1.5,473.0,550.0,473.00003,1.2431239,649.85333,579.2062,106.20615,1.1540973,-0.08902657,520.76434,-129.08899
1.5-473-550,0.3795180723,0.7590361446,0.9811301448069191,0.0008822221606,1.5,473.0,550.0,1021.7417,0.85905415,52.882538,887.70886,-134.03284,1.2030478,0.3439936,150.7697,97.88716
1.5-473-550,0.2939759036,0.5879518072,0.9993254186825348,0.0008985831642,1.5,473.0,550.0,1184.9037,0.019220108,43.72705,972.19824,-212.70544,0.9361207,0.9169006,120.80597,77.07892
1.5-473-550,0.05510204082,0.11020408164,0.9726063657286781,-0.0008745576659,1.5,473.0,550.0,473.00003,0.28639454,649.85333,514.241,41.240997,0.5222312,0.23583668,531.3206,-118.532715
1.5-473-550,0.3855421687,0.7710843374,0.9872047710533666,-0.0008876844022,1.5,473.0,550.0,1046.1168,0.6272565,51.212555,886.5408,-159.57605,1.1698892,0.5426327,150.47386,99.26131
1.5-473-550,0.4938775511,0.9877551022,0.8475322498919685,-0.0007620923041,1.5,473.0,550.0,657.391,1.5398899,362.10257,685.01917,27.628174,1.7698253,0.22993541,271.65314,-90.44943
1.5-473-550,0.05714285715,0.1142857143,0.03282169734692774,-2.951293353e-05,1.5,473.0,550.0,473.00003,1.2071499,649.85333,576.63416,103.634125,1.1625555,-0.044594407,523.5578,-126.29553
1.5-473-550,0.2397590361,0.4795180722,0.960723235489121,-0.0008638724771,1.5,473.0,550.0,1069.7792,0.9429614,49.73941,864.6098,-205.16937,1.0263909,0.083429515,210.85744,161.11803
1.5-473-550,0.2903614458,0.5807228916,0.9945113832197316,0.0008942544329,1.5,473.0,550.0,1166.2765,0.17250597,44.57895,962.996,-203.28052,0.95959896,0.787093,127.9377,83.35875
1.5-473-550,0.3578313254,0.7156626508,0.9996041060258503,0.000898833757,1.5,473.0,550.0,1135.3182,0.013220126,46.082794,940.3283,-194.98993,1.0478013,1.0345812,124.31729,78.2345
1.5-473-550,0.2180722892,0.4361445784,0.9965972946963587,-0.0008961300631,1.5,473.0,550.0,1282.9583,0.08255606,39.923004,887.1674,-395.79083,0.79545945,0.7129034,195.135,155.21199
1.5-473-550,0.2373493976,0.4746987952,0.9337895728803226,-0.000839654004,1.5,473.0,550.0,946.78906,1.3041267,59.11969,822.55457,-124.2345,1.1333413,-0.17078543,244.53758,185.4179
1.5-473-550,0.09183673473,0.18367346946,0.9973789933391554,0.0008968329585,1.5,473.0,550.0,473.00003,0.026230747,649.85333,596.4115,123.41147,0.5193973,0.49316657,442.4787,-207.37463
1.5-473-550,0.0612244898,0.1224489796,0.9215172744995802,0.0008286188792,1.5,473.0,550.0,473.00003,0.6372386,649.85333,500.11856,27.11853,0.67571265,0.038474023,547.07526,-102.778076
1.5-473-550,0.1060240963,0.2120481926,0.7098470004029654,0.0006382871403,1.5,473.0,550.0,474.30548,0.97111213,648.6218,501.9311,27.62561,1.0479774,0.076865315,565.16656,-83.45526
1.5-473-550,0.1120481927,0.2240963854,0.6600967573005477,-0.0005935522321,1.5,473.0,550.0,476.94147,1.0005107,646.13525,505.41403,28.472565,1.0765654,0.07605469,569.22797,-76.90729
1.5-473-550,0.05306122449,0.10612244898,0.999825745120423,-0.0008990330526,1.5,473.0,550.0,473.00003,0.0009874052,649.85333,526.1108,53.11075,0.42540586,0.42441845,519.0877,-130.76562
1.5-473-550,0.3879518073,0.7759036146,0.5396442233296441,0.0004852425493,1.5,473.0,550.0,638.70496,2.1281354,421.891,680.7703,42.06537,2.0306206,-0.09751487,340.88748,-81.00351
1.5-473-550,0.0244897959,0.0489795918,0.9215172744995802,0.0008286188792,1.5,473.0,550.0,473.00003,0.6000442,649.85333,465.84198,-7.1580505,0.5873742,-0.0126699805,597.9323,-51.92102
1.5-473-550,0.2421686747,0.4843373494,0.5396442233296441,0.0004852425493,1.5,473.0,550.0,534.9033,1.3881301,585.1975,597.5461,62.64276,1.4494351,0.061305046,475.9321,-109.26541
1.5-473-550,0.4081632653,0.8163265306,0.9071317792997667,0.0008156835895,1.5,473.0,550.0,764.3274,2.0669599,89.38129,780.9507,16.623291,1.6293108,-0.437649,209.2588,119.87752
1.5-473-550,0.02653061223,0.05306122446,0.09831793589120096,8.840647929e-05,1.5,473.0,550.0,473.00003,1.2219809,649.85333,581.1507,108.150665,1.1204351,-0.10154581,524.54974,-125.30359
1.5-473-550,0.278313253,0.556626506,0.9215172744995802,0.0008286188792,1.5,473.0,550.0,872.53723,1.5156798,67.46887,845.8021,-26.735107,1.2993374,-0.21634245,215.59808,148.12921
1.5-473-550,0.1506024096,0.3012048192,0.9985491866279087,-0.0008978851843,1.5,473.0,550.0,834.0161,0.04521143,73.17401,738.18176,-95.83435,0.64162576,0.5964143,314.77383,241.59982
1.5-473-550,0.3963855422,0.7927710844,0.9993254186825348,-0.0008985831642,1.5,473.0,550.0,1094.7407,0.032663938,48.253754,883.7998,-210.94092,1.0965488,1.0638849,151.03632,102.78256
1.5-473-550,0.2012048193,0.4024096386,0.999825745120423,0.0008990330526,1.5,473.0,550.0,1230.2216,0.0023962206,41.813904,859.2548,-370.96674,0.742526,0.74012977,217.19699,175.38309
1.5-473-550,0.2361445783,0.4722891566,0.9999999998887887,0.0008991897407,1.5,473.0,550.0,1265.3335,-5.322157e-09,40.47818,922.99677,-342.33673,0.8144756,0.8144756,166.60365,126.12547
1.5-473-550,0.2590361446,0.5180722892,0.6021818746711394,0.0005414757638,1.5,473.0,550.0,559.54425,1.4649205,554.93164,616.79706,57.252808,1.5572684,0.09234786,441.71378,-113.217865
1.5-473-550,0.1939759036,0.3879518072,0.47796385156444166,0.0004297801918,1.5,473.0,550.0,512.6675,1.2089603,609.9238,565.4036,52.736145,1.2495452,0.04058492,527.1299,-82.793945
1.5-473-550,0.2662650602,0.5325301204,0.9811301448069191,0.0008822221606,1.5,473.0,550.0,1128.1222,0.53302974,46.445343,926.42206,-201.70013,0.98694754,0.4539178,159.40793,112.962585
1.5-473-550,0.1975903614,0.3951807228,0.9671530515086588,-0.0008696541017,1.5,473.0,550.0,1018.22504,0.72767,53.159454,802.7707,-215.45435,0.8898765,0.16220647,263.4587,210.29926
1.5-473-550,0.3192771085,0.638554217,0.7892004020960466,-0.000709640905,1.5,473.0,550.0,657.70416,1.826947,353.06213,729.0492,71.34503,1.7640055,-0.06294143,292.1945,-60.867645
1.5-473-550,0.3626506025,0.725301205,0.9998257452316341,-0.0008990330527,1.5,473.0,550.0,1131.9303,0.0041406103,46.249847,934.83014,-197.10016,1.0533196,1.049179,126.57883,80.32898
1.5-473-550,0.2,0.4,0.9442484491033019,0.0008490585182,1.5,473.0,550.0,923.8852,1.045812,61.45703,776.4636,-147.42157,0.98756814,-0.05824387,285.8048,224.34778
1.5-473-550,0.1072289156,0.2144578312,0.9671530515086588,-0.0008696541017,1.5,473.0,550.0,518.1963,0.5120146,603.7749,603.25354,85.05725,0.6640346,0.15201998,435.995,-167.7799
1.5-473-550,0.4408163265,0.881632653,0.8705746216627653,0.0007828117684,1.5,473.0,550.0,666.59894,1.5278982,288.87335,729.36707,62.768127,1.7755331,0.24763489,237.9783,-50.89505
1.5-473-550,0.1590361445,0.318072289,0.9071317792997667,0.0008156835895,1.5,473.0,550.0,553.1266,0.93116134,563.1746,656.4333,103.3067,0.98061085,0.049449503,391.58582,-171.5888
1.5-473-550,0.1373493975,0.274698795,0.9872047710533666,-0.0008876844022,1.5,473.0,550.0,678.93286,0.49541476,182.20163,691.59576,12.662903,0.66129297,0.1658782,354.99454,172.79291
1.5-473-550,0.4244897959,0.8489795918,0.3542741437603377,0.0003185596755,1.5,473.0,550.0,643.14154,2.2125025,410.88306,705.95245,62.810913,2.0203454,-0.19215703,338.472,-72.41107
1.5-473-550,0.2951807229,0.5903614458,0.3542741437603377,0.0003185596755,1.5,473.0,550.0,547.8189,1.5435891,570.03186,637.40247,89.58356,1.4975673,-0.04602182,451.76944,-118.26242
1.5-473-550,0.3349397591,0.6698795182,0.9945113832197316,0.0008942544329,1.5,473.0,550.0,1132.0359,0.2025631,46.24463,953.95416,-178.08173,1.045274,0.8427109,121.59624,75.35161
1.5-473-550,0.3096385542,0.6192771084,0.6600967573005477,-0.0005935522321,1.5,473.0,550.0,619.5319,1.719754,460.8637,663.4031,43.871155,1.7905337,0.07077968,367.736,-93.127716
1.5-473-550,0.126506024,0.253012048,0.3542741437603377,0.0003185596755,1.5,473.0,550.0,478.9263,1.0827906,644.2629,555.15076,76.22446,1.0877535,0.004962921,555.53906,-88.723816
1.5-473-550,0.09183673473,0.18367346946,0.3542741437603377,0.0003185596755,1.5,473.0,550.0,473.00003,1.1497616,649.85333,551.3418,78.34177,1.0561931,-0.093568444,561.3301,-88.523254
1.5-473-550,0.2481927711,0.4963855422,0.7525573838264147,-0.0006766918789,1.5,473.0,550.0,605.4345,1.4827601,484.14227,662.37964,56.94513,1.5269381,0.04417801,384.5618,-99.580475
1.5-473-550,0.2445783133,0.4891566266,0.960723235489121,-0.0008638724771,1.5,473.0,550.0,1056.603,0.9652759,50.559784,870.8787,-185.7243,1.038782,0.07350612,205.22354,154.66376
1.5-473-550,0.1867469879,0.3734939758,0.8705746216627653,0.0007828117684,1.5,473.0,550.0,576.85657,1.0973339,527.9596,673.1207,96.26416,1.1518095,0.054475546,378.88385,-149.07574
1.5-473-550,0.08163265309,0.16326530618,0.09831793590232207,-8.84064793e-05,1.5,473.0,550.0,473.00003,1.1857399,649.85333,576.22174,103.22171,1.1360056,-0.049734235,529.79504,-120.05829
1.5-473-550,0.4306122449,0.8612244898,0.9215172744995802,-0.0008286188792,1.5,473.0,550.0,680.0759,1.48683,174.05751,764.934,84.85809,1.5686452,0.08181524,215.6154,41.55789
1.5-473-550,0.1168674698,0.2337349396,0.22784103833049427,-0.0002048723242,1.5,473.0,550.0,474.4798,1.1130644,648.4574,570.9409,96.46112,1.0977944,-0.015269995,541.8605,-106.596924
1.5-473-550,0.4489795918,0.8979591836,0.8475322498919685,-0.0007620923041,1.5,473.0,550.0,662.4775,1.5399275,328.03174,715.1717,52.694214,1.8469535,0.30702603,247.77786,-80.253876
1.5-473-550,0.3253012049,0.6506024098,0.9996041060258503,0.000898833757,1.5,473.0,550.0,1163.8802,0.011382157,44.68857,967.9067,-195.97357,0.99357677,0.9821946,115.39548,70.70691
1.5-473-550,0.2253012048,0.4506024096,0.9337895728803226,0.000839654004,1.5,473.0,550.0,977.5741,1.2626143,56.39627,805.47687,-172.09723,1.0984511,-0.16416311,260.15253,203.75626
1.5-473-550,0.1192771084,0.2385542168,0.9726063657286781,-0.0008745576659,1.5,473.0,550.0,554.6419,0.56726307,561.1941,634.1544,79.51251,0.67453694,0.10727388,406.84195,-154.35214
1.5-473-550,0.386746988,0.773493976,0.6600967573005477,0.0005935522321,1.5,473.0,550.0,652.0428,2.168686,382.76883,687.4621,35.41931,2.060378,-0.10830784,310.31403,-72.4548
1.5-473-550,0.1662650602,0.3325301204,0.2914697156873968,0.0002620865781,1.5,473.0,550.0,495.75482,1.1257033,627.30615,574.6535,78.89868,1.1348912,0.009187818,536.52,-90.78613
1.5-473-550,0.3120481928,0.6240963856,0.9895407848051817,-0.0008897849218,1.5,473.0,550.0,1126.6981,0.3526411,46.521454,955.98157,-170.71655,1.0346564,0.6820153,126.73447,80.21301
1.5-473-550,0.2493975904,0.4987951808,0.9999999997775775,-0.0008991897406,1.5,473.0,550.0,1232.5778,-5.322157e-09,41.736267,941.06024,-291.51752,0.8418536,0.8418536,151.70755,109.97128
1.5-473-550,0.4183673469,0.8367346938,0.9985491866279087,0.0008978851843,1.5,473.0,550.0,721.17786,0.099495046,108.70552,844.11035,122.932495,1.1157413,1.0162462,172.52678,63.82126
1.5-473-550,0.1337349397,0.2674698794,0.7525573838264147,-0.0006766918789,1.5,473.0,550.0,495.24258,0.9782897,627.8245,533.4693,38.226715,1.1078457,0.12955594,524.5719,-103.252625
1.5-473-550,0.4183673469,0.8367346938,0.5396442233296441,-0.0004852425493,1.5,473.0,550.0,650.34515,2.2711062,389.54453,690.74084,40.39569,2.1222246,-0.14888167,320.7679,-68.77661
1.5-473-550,0.2602409639,0.5204819278,0.9996041060258503,-0.000898833757,1.5,473.0,550.0,1218.54,0.00910067,42.281067,952.3689,-266.17114,0.8664954,0.8573947,141.85283,99.57176
1.5-473-550,0.1867469879,0.3734939758,0.6021818746711394,0.0005414757638,1.5,473.0,550.0,516.532,1.1614987,605.62646,558.7356,42.203613,1.2860857,0.12458706,516.64905,-88.97742
1.5-473-550,0.3120481928,0.6240963856,0.9337895728803226,-0.000839654004,1.5,473.0,550.0,899.4276,1.5240829,64.03265,872.74713,-26.680481,1.3380744,-0.18600845,183.19612,119.16347
1.5-473-550,0.1240963855,0.248192771,0.9772248215579286,0.000878710534,1.5,473.0,550.0,580.58673,0.563909,520.7854,649.5633,68.97656,0.66930926,0.105400264,392.6172,-128.16821
1.5-473-550,0.1156626505,0.231325301,0.9671530515086588,0.0008696541017,1.5,473.0,550.0,535.7304,0.57840645,584.27783,621.1861,85.45569,0.68471026,0.10630381,419.0644,-165.21344
1.5-473-550,0.3361445784,0.6722891568,0.4163512323516047,-0.0003743787567,1.5,473.0,550.0,590.6825,1.7506905,506.58932,659.57605,68.893555,1.7206938,-0.029996634,407.3787,-99.21063
1.5-473-550,0.1445783132,0.2891566264,0.9945113832197316,0.0008942544329,1.5,473.0,550.0,774.73395,0.19653541,86.12193,718.0375,-56.696472,0.6465727,0.4500373,331.9428,245.82088
1.5-473-550,0.3240963856,0.6481927712,0.09831793589120096,8.840647929e-05,1.5,473.0,550.0,551.1455,1.6253726,565.9381,644.13586,92.99036,1.4763427,-0.14902997,444.81705,-121.12106
1.5-473-550,0.4224489796,0.8448979592,0.9980223152919674,-0.000897411427,1.5,473.0,550.0,705.0205,0.13527298,121.44975,836.1582,131.1377,1.1206849,0.9854119,177.04564,55.595886
1.5-473-550,0.1807228915,0.361445783,0.9945113832197316,0.0008942544329,1.5,473.0,550.0,988.147,0.13310134,55.407623,805.7207,-182.42627,0.72553784,0.5924365,259.93185,204.52423
1.5-473-550,0.05510204082,0.11020408164,0.6021818746711394,-0.0005414757638,1.5,473.0,550.0,473.00003,1.0575615,649.85333,495.37927,22.379242,0.9751723,-0.082389235,599.28735,-50.56598
1.5-473-550,0.09591836738,0.19183673476,0.9993254186825348,0.0008985831642,1.5,473.0,550.0,473.00003,0.0060982653,649.85333,606.97546,133.97543,0.52066284,0.5145646,432.08966,-217.76367
1.5-473-550,0.1409638554,0.2819277108,0.22784103821928303,0.0002048723241,1.5,473.0,550.0,483.98737,1.0960592,639.21484,574.46716,90.4798,1.1139749,0.017915726,537.9785,-101.23633
1.5-473-550,0.2445783133,0.4891566266,0.9973789934503665,-0.0008968329586,1.5,473.0,550.0,1233.4089,0.0695396,41.68756,930.3872,-303.02173,0.8472192,0.7776796,160.20042,118.51286
1.5-473-550,0.148192771,0.296385542,0.999825745120423,0.0008990330526,1.5,473.0,550.0,831.5364,0.00331294,73.57378,733.7866,-97.749756,0.63068646,0.6273735,318.3703,244.79652
1.5-473-550,0.1602409638,0.3204819276,0.9811301448069191,0.0008822221606,1.5,473.0,550.0,758.89624,0.51200515,91.070114,739.2456,-19.650635,0.7394279,0.22742277,315.01605,223.94594
1.5-473-550,0.4367346939,0.8734693878,0.9337895728803226,-0.000839654004,1.5,473.0,550.0,671.511,1.3510993,243.26344,764.62726,93.11627,1.5063645,0.15526521,215.63548,-27.62796
1.5-473-550,0.3614457832,0.7228915664,0.9993254186825348,-0.0008985831642,1.5,473.0,550.0,1130.5619,0.025267357,46.31729,935.6027,-194.95917,1.05511,1.0298426,126.36221,80.04492
1.5-473-550,0.4632653061,0.9265306122,0.9915009044774012,-0.0008915474413,1.5,473.0,550.0,660.1422,0.45633903,350.10068,759.07056,98.928345,1.1501046,0.69376564,225.67151,-124.42917
1.5-473-550,0.3614457832,0.7228915664,0.7525573838264147,-0.0006766918789,1.5,473.0,550.0,659.13055,2.032643,345.979,712.5569,53.42633,1.9399697,-0.09267342,287.20947,-58.76953
1.5-473-550,0.02040816324,0.04081632648,0.5396442233296441,0.0004852425493,1.5,473.0,550.0,473.00003,1.1219574,649.85333,515.9446,42.94455,0.94938,-0.17257744,596.183,-53.67035
1.5-473-550,0.01836734691,0.03673469382,0.9965972946963587,-0.0008961300631,1.5,473.0,550.0,473.00003,0.030973488,649.85333,480.90372,7.9036865,0.36092037,0.32994688,580.38226,-69.47107
1.5-473-550,0.1469879518,0.2939759036,0.8705746216627653,0.0007828117684,1.5,473.0,550.0,522.8865,0.9319293,598.56024,605.5062,82.61975,1.0212197,0.08929044,441.00937,-157.55087
1.5-473-550,0.2578313253,0.5156626506,0.9973789933391554,0.0008968329585,1.5,473.0,550.0,1211.0167,0.0726211,42.60077,946.0488,-264.9679,0.8749236,0.8023025,146.81421,104.21344
1.5-473-550,0.3602409639,0.7204819278,0.8902853187445975,0.000800535425,1.5,473.0,550.0,803.0421,1.9764187,79.37915,806.7927,3.7506104,1.6308157,-0.345603,208.9911,129.61195
1.5-473-550,0.04081632652,0.08163265304,0.6021818746711394,0.0005414757638,1.5,473.0,550.0,473.00003,1.0570992,649.85333,495.74582,22.745789,0.95343715,-0.10366207,603.00256,-46.85077
1.5-473-550,0.4387755102,0.8775510204,0.03282169734692774,-2.951293353e-05,1.5,473.0,550.0,642.6025,2.0520809,412.372,687.27875,44.67627,1.8770789,-0.17500198,356.32697,-56.045044
1.5-473-550,0.06938775512,0.13877551024,0.9872047710533666,0.0008876844022,1.5,473.0,550.0,473.00003,0.1324572,649.85333,545.15283,72.1528,0.5067431,0.37428588,495.9522,-153.90112
1.5-473-550,0.2204819277,0.4409638554,0.9337895728803226,-0.000839654004,1.5,473.0,550.0,979.2492,1.2578655,56.268097,798.05316,-181.19604,1.084449,-0.1734165,266.78772,210.51962
1.5-473-550,0.1060240963,0.2120481926,0.9895407848051817,-0.0008897849218,1.5,473.0,550.0,593.47406,0.25289345,502.77612,620.44104,26.96698,0.58109444,0.328201,419.12616,-83.64996
1.5-473-550,0.1831325301,0.3662650602,0.9872047710533666,-0.0008876844022,1.5,473.0,550.0,976.00305,0.29271358,56.40338,800.6028,-175.40027,0.76555413,0.47284055,264.4424,208.03903
1.5-473-550,0.2409638554,0.4819277108,0.9726063657286781,0.0008745576659,1.5,473.0,550.0,1127.1202,0.69794786,46.50299,884.64374,-242.4765,0.9724191,0.27447122,195.19962,148.69662
1.5-473-550,0.156626506,0.313253012,0.8705746216627653,0.0007828117684,1.5,473.0,550.0,533.4177,0.96099204,586.84955,622.03644,88.61871,1.0520446,0.09105259,425.7461,-161.10345
1.5-473-550,0.2373493976,0.4746987952,0.9999999997775775,-0.0008991897406,1.5,473.0,550.0,1261.8448,-5.322157e-09,40.606995,924.7874,-337.05743,0.81697214,0.81697214,165.14946,124.542465
1.5-473-550,0.1036144578,0.2072289156,0.9945113832197316,-0.0008942544329,1.5,473.0,550.0,612.4072,0.13572872,473.41766,619.6787,7.2714844,0.5564701,0.42074138,419.8079,-53.60977
1.5-473-550,0.1710843373,0.3421686746,0.9993254186825348,-0.0008985831642,1.5,473.0,550.0,958.929,0.015009159,57.8808,789.8754,-169.05359,0.6815616,0.6665524,272.38028,214.49948
1.5-473-550,0.4857142857,0.9714285714,0.9872047710533666,-0.0008876844022,1.5,473.0,550.0,657.7645,0.6413325,360.59467,722.4207,64.65619,1.1462834,0.5049509,253.58122,-107.01344
1.5-473-550,0.4326530612,0.8653061224,0.9895407848051817,-0.0008897849218,1.5,473.0,550.0,679.0838,0.6413872,179.62955,810.3231,131.23932,1.1798111,0.5384239,191.51303,11.883484
1.5-473-550,0.4408163265,0.881632653,0.993141646395439,-0.0008930227796,1.5,473.0,550.0,669.02936,0.42669547,265.78207,798.768,129.73865,1.1539488,0.7272533,199.09122,-66.69086
1.5-473-550,0.2602409639,0.5204819278,0.9772248215579286,0.000878710534,1.5,473.0,550.0,1113.9866,0.6317359,47.20288,914.5088,-199.47778,0.99442077,0.36268485,169.38069,122.17781
1.5-473-550,0.4591836735,0.918367347,0.9215172744995802,-0.0008286188792,1.5,473.0,550.0,660.5415,1.3349892,346.4254,730.993,70.45148,1.5474616,0.21247244,236.62248,-109.80293
1.5-473-550,0.04489795918,0.08979591836,0.8902853188558087,-0.0008005354251,1.5,473.0,550.0,473.00003,0.7242491,649.85333,475.14612,2.1460876,0.70126796,-0.022981167,581.5579,-68.29541
1.5-473-550,0.1879518072,0.3759036144,0.3542741439827602,-0.0003185596757,1.5,473.0,550.0,505.95905,1.187877,616.97943,575.80414,69.84509,1.1816064,-0.006270647,530.71906,-86.260376
1.5-473-550,0.2337349397,0.4674698794,0.9915009044774012,-0.0008915474413,1.5,473.0,550.0,1238.6426,0.2149598,41.480133,904.97406,-333.66852,0.85704863,0.64208883,180.47807,138.99794
1.5-473-550,0.3,0.6,0.9671530515086588,-0.0008696541017,1.5,473.0,550.0,1021.8186,0.9964834,52.89142,920.46814,-101.350464,1.1414018,0.14491838,154.30411,101.41269
1.5-473-550,0.1879518072,0.3759036144,0.5396442233296441,0.0004852425493,1.5,473.0,550.0,513.09784,1.174052,609.44525,558.17664,45.078796,1.2633469,0.08929491,526.43866,-83.00659
1.5-473-550,0.1590361445,0.318072289,0.7892004020960466,0.000709640905,1.5,473.0,550.0,517.9086,1.0183654,604.0956,577.30896,59.40033,1.1657448,0.1473794,475.9828,-128.1128
1.5-473-550,0.4040816326,0.8081632652,0.960723235489121,-0.0008638724771,1.5,473.0,550.0,831.3571,1.6309259,73.857544,830.6427,-0.7144165,1.3535749,-0.27735102,179.78958,105.93204
1.5-473-550,0.08163265309,0.16326530618,0.9671530515086588,0.0008696541017,1.5,473.0,550.0,473.00003,0.34295297,649.85333,553.535,80.53494,0.6020113,0.25905836,486.10388,-163.74945
1.5-473-550,0.4265306122,0.8530612244,0.6021818746711394,-0.0005414757638,1.5,473.0,550.0,655.6865,2.218449,368.98346,690.30164,34.615112,2.1550212,-0.063427925,305.3634,-63.620056
1.5-473-550,0.2518072289,0.5036144578,0.8705746216627653,0.0007828117684,1.5,473.0,550.0,712.6871,1.5892614,127.17322,762.20966,49.522583,1.3758993,-0.2133621,291.02716,163.85394
1.5-473-550,0.1072289156,0.2144578312,0.9872047710533666,-0.0008876844022,1.5,473.0,550.0,583.7735,0.30189443,516.0601,620.9603,37.18683,0.59271014,0.2908157,418.66876,-97.39136
1.5-473-550,0.126506024,0.253012048,0.9772248215579286,-0.000878710534,1.5,473.0,550.0,586.8999,0.57887614,512.2637,655.1056,68.20569,0.67503893,0.096162796,387.637,-124.62668
1.5-473-550,0.1506024096,0.3012048192,0.3542741439827602,-0.0003185596757,1.5,473.0,550.0,489.87006,1.0944283,633.26154,561.2739,71.40387,1.1178337,0.023405433,547.99805,-85.26349
1.5-473-550,0.3265060241,0.6530120482,0.9215172744995802,-0.0008286188792,1.5,473.0,550.0,865.43475,1.670821,68.42856,855.04944,-10.385315,1.4285125,-0.2423085,189.7213,121.29274
1.5-473-550,0.4,0.8,0.960748093980033,-0.0008638948296,1.5,473.0,550.0,909.20544,1.6585797,62.918762,836.4748,-72.73065,1.3504261,-0.30815363,176.9742,114.055435
1.5-473-550,0.1012048192,0.2024096384,0.3542741439827602,-0.0003185596757,1.5,473.0,550.0,473.00018,1.1408259,649.85315,551.77997,78.779785,1.0636187,-0.07720721,560.33356,-89.51959
1.5-473-550,0.3963855422,0.7927710844,0.9993254186825348,0.0008985831642,1.5,473.0,550.0,1094.7407,0.032663938,48.253754,883.7998,-210.94092,1.0965488,1.0638849,151.03632,102.78256
1.5-473-550,0.2168674698,0.4337349396,0.9998257452316341,-0.0008990330527,1.5,473.0,550.0,1292.9911,0.0024446792,39.923004,890.29004,-402.70105,0.77532536,0.7728807,192.71999,152.79698
1.5-473-550,0.1240963855,0.248192771,0.7525573838264147,0.0006766918789,1.5,473.0,550.0,488.5233,0.9622512,634.62445,523.2299,34.706635,1.0786273,0.11637616,535.32117,-99.30328
1.5-473-550,0.08571428574,0.17142857148,0.8206166047262803,-0.0007378900321,1.5,473.0,550.0,473.00003,0.87556595,649.85333,498.25342,25.253387,0.9115936,0.03602767,554.6489,-95.20441
1.5-473-550,0.1578313253,0.3156626506,0.4163512323516047,-0.0003743787567,1.5,473.0,550.0,494.45148,1.0994095,628.6251,554.2582,59.8067,1.1410462,0.041636705,549.61475,-79.010376
1.5-473-550,0.1445783132,0.2891566264,0.9999999997775775,-0.0008991897406,1.5,473.0,550.0,815.66815,-5.322157e-09,76.78386,724.90955,-90.758606,0.62222385,0.62222385,325.82013,249.03627
1.5-473-550,0.1493975903,0.2987951806,0.9442484491033019,0.0008490585182,1.5,473.0,550.0,568.8501,0.8277307,541.56134,672.55347,103.70337,0.8474909,0.019760191,374.45395,-167.10739
1.5-473-550,0.4326530612,0.8653061224,0.7525573838264147,-0.0006766918789,1.5,473.0,550.0,666.93115,1.9309218,285.71698,700.8009,33.86975,2.0646694,0.13374758,269.43292,-16.284058
1.5-473-550,0.191566265,0.38313253,0.9811301448069191,0.0008822221606,1.5,473.0,550.0,1027.6085,0.43330824,52.47107,810.3108,-217.29773,0.8131683,0.37986004,256.88168,204.41061
1.5-473-550,0.1072289156,0.2144578312,0.9973789933391554,0.0008968329585,1.5,473.0,550.0,650.1048,0.095014445,390.28766,630.6682,-19.436584,0.5530168,0.45800233,409.3972,19.109528
1.5-473-550,0.04489795918,0.08979591836,0.9726063657286781,0.0008745576659,1.5,473.0,550.0,473.00003,0.27964276,649.85333,500.67184,27.671814,0.4986375,0.21899474,548.76355,-101.08978
1.5-473-550,0.2156626506,0.4313253012,0.8705746216627653,-0.0007828117684,1.5,473.0,550.0,664.8063,1.3948302,269.28036,717.8264,53.02014,1.2509593,-0.14387095,336.78098,67.50061
1.5-473-550,0.2337349398,0.4674698796,0.4163512326852384,0.000374378757,1.5,473.0,550.0,522.8001,1.3552938,598.6563,594.97394,72.17383,1.330265,-0.025028706,499.2321,-99.424225
1.5-473-550,0.4469387755,0.893877551,0.9985491866279087,-0.0008978851843,1.5,473.0,550.0,665.19336,0.080342345,302.2276,791.8911,126.697754,1.1147344,1.0343921,204.36009,-97.86751
1.5-473-550,0.4408163265,0.881632653,0.9999999997775775,0.0008991897406,1.5,473.0,550.0,669.06525,-5.322157e-09,265.4411,804.1345,135.06927,1.1068233,1.1068233,196.68492,-68.75618
1.5-473-550,0.3746987952,0.7493975904,0.9915009044774012,0.0008915474413,1.5,473.0,550.0,1080.1138,0.3862489,49.104065,907.5176,-172.59619,1.1277477,0.74149877,140.19676,91.0927
1.5-473-550,0.2843373494,0.5686746988,0.8206166047262803,-0.0007378900321,1.5,473.0,550.0,660.9836,1.6871148,323.04416,739.3134,78.329834,1.5933974,-0.093717456,299.155,-23.88916
1.5-473-550,0.2108433734,0.4216867468,0.9872047710533666,0.0008876844022,1.5,473.0,550.0,1243.4893,0.30845952,41.288055,858.5643,-384.925,0.8285303,0.5200708,217.88786,176.59981
1.5-473-550,0.1927710843,0.3855421686,0.9895407848051817,-0.0008897849218,1.5,473.0,550.0,1091.6136,0.2441765,48.44034,825.32306,-266.2906,0.77623546,0.53205895,244.47763,196.0373
1.5-473-550,0.1144578313,0.2289156626,0.09831793589120096,8.840647929e-05,1.5,473.0,550.0,473.6481,1.130431,649.24194,576.7899,103.141815,1.145286,0.014854908,529.89655,-119.3454
1.5-473-550,0.2156626506,0.4313253012,0.22784103821928303,0.0002048723241,1.5,473.0,550.0,512.66077,1.3100692,609.9312,598.6402,85.97943,1.2104521,-0.09961712,510.98138,-98.94983
1.5-473-550,0.3180722892,0.6361445784,0.9772248215579286,-0.000878710534,1.5,473.0,550.0,1059.0256,0.76975524,50.391235,935.0078,-124.01782,1.1228176,0.3530624,138.70581,88.314575
1.5-473-550,0.2927710844,0.5855421688,0.7892004020960466,0.000709640905,1.5,473.0,550.0,649.4052,1.7076935,390.2067,719.0782,69.67297,1.6694268,-0.03826666,313.7323,-76.474396
1.5-473-550,0.3590361446,0.7180722892,0.9531521909241071,0.0008570646715,1.5,473.0,550.0,927.69794,1.4904372,60.902283,876.28314,-51.414795,1.340898,-0.14953911,163.03552,102.13324
1.5-473-550,0.07959183676,0.15918367352,0.16340484097302546,-0.0001469319566,1.5,473.0,550.0,473.00003,1.1807365,649.85333,574.5461,101.54605,1.105999,-0.07473755,535.73145,-114.12189
1.5-473-550,0.191566265,0.38313253,0.9996041061370615,-0.0008988337571,1.5,473.0,550.0,1122.9935,0.007874602,46.721466,838.04474,-284.9488,0.72342056,0.71554595,233.94444,187.22298
1.5-473-550,0.1445783132,0.2891566264,0.09831793589120096,8.840647929e-05,1.5,473.0,550.0,484.76013,1.1041603,638.43274,579.8892,95.12909,1.1582891,0.054128766,527.1314,-111.30133
1.5-473-550,0.04897959184,0.09795918368,0.8902853188558087,-0.0008005354251,1.5,473.0,550.0,473.00003,0.72924054,649.85333,478.55304,5.553009,0.711199,-0.018041551,576.3927,-73.46063
1.5-473-550,0.1771084337,0.3542168674,0.9811301448069191,0.0008822221606,1.5,473.0,550.0,888.6848,0.42876348,65.24054,778.4305,-110.25433,0.7791229,0.3503594,282.76318,217.52264
1.5-473-550,0.1843373494,0.3686746988,0.9999999997775775,0.0008991897406,1.5,473.0,550.0,1055.9906,-5.322157e-09,50.615845,822.25775,-233.73285,0.70619816,0.70619816,246.43723,195.82138
1.5-473-550,0.1192771084,0.2385542168,0.9965972946963587,-0.0008961300631,1.5,473.0,550.0,684.4284,0.1962713,156.39076,658.296,-26.132385,0.5824577,0.38618642,383.99112,227.60036
1.5-473-550,0.2493975904,0.4987951808,0.3542741437603377,0.0003185596755,1.5,473.0,550.0,524.7039,1.3982377,596.53925,609.1773,84.47339,1.3386825,-0.059555173,489.666,-106.87326
1.5-473-550,0.2048192771,0.4096385542,0.9895407848051817,0.0008897849218,1.5,473.0,550.0,1200.0205,0.25873673,43.068115,850.4416,-349.57892,0.8032348,0.5444981,224.39273,181.32462
1.5-473-550,0.2626506024,0.5253012048,0.7892004020960466,0.000709640905,1.5,473.0,550.0,635.64966,1.5740448,428.03052,699.00745,63.357788,1.5549421,-0.019102693,344.08936,-83.94116
1.5-473-550,0.2469879518,0.4939759036,0.9215172744995802,-0.0008286188792,1.5,473.0,550.0,880.5331,1.4388368,66.50412,817.96545,-62.567627,1.207316,-0.23152077,246.336,179.83188
1.5-473-550,0.1891566265,0.378313253,0.9442484491033019,0.0008490585182,1.5,473.0,550.0,757.32794,0.9924702,94.60631,755.62964,-1.6983032,0.9572751,-0.035195112,303.4738,208.86748
1.5-473-550,0.1168674698,0.2337349396,0.16340484119544796,0.0001469319568,1.5,473.0,550.0,474.2782,1.1194115,648.6476,575.44037,101.16217,1.1187913,-0.0006201267,535.1303,-113.51727
1.5-473-550,0.08367346941,0.16734693882,0.16340484119544796,0.0001469319568,1.5,473.0,550.0,473.00003,1.1805824,649.85333,574.43195,101.431915,1.1071639,-0.0734185,535.87823,-113.9751
1.5-473-550,0.01224489793,0.02448979586,0.9973789934503665,-0.0008968329586,1.5,473.0,550.0,473.00003,0.023499185,649.85333,475.50922,2.5091858,0.34486508,0.3213659,589.3171,-60.536255
1.5-473-550,0.3542168675,0.708433735,0.16340484097302546,-0.0001469319566,1.5,473.0,550.0,584.4461,1.8000978,515.16895,667.25183,82.805725,1.6069956,-0.19310224,415.41812,-99.750824
1.5-473-550,0.2012048193,0.4024096386,0.9811301448069191,0.0008822221606,1.5,473.0,550.0,1146.5444,0.43321517,45.529358,830.32245,-316.222,0.83585274,0.40263757,240.69981,195.17046
1.5-473-550,0.3253012049,0.6506024098,0.8206166047262803,-0.0007378900321,1.5,473.0,550.0,680.57465,1.8774322,209.43767,753.2774,72.70276,1.7325879,-0.1448443,267.86087,58.423203
1.5-473-550,0.3349397591,0.6698795182,0.9215172744995802,0.0008286188792,1.5,473.0,550.0,863.31757,1.7029734,68.72217,852.55585,-10.761719,1.4485943,-0.25437903,187.91096,119.1888
1.5-473-550,0.1506024096,0.3012048192,0.16340484097302546,-0.0001469319566,1.5,473.0,550.0,487.67355,1.1073265,635.4844,580.14655,92.47299,1.1379186,0.030592084,530.4081,-105.076294
1.5-473-550,0.2385542169,0.4771084338,0.22784103821928303,0.0002048723241,1.5,473.0,550.0,518.4535,1.365828,603.48975,609.31494,90.86145,1.2580942,-0.107733846,498.41476,-105.07498
1.5-473-550,0.2686746988,0.5373493976,0.9985491866279087,0.0008978851843,1.5,473.0,550.0,1205.7085,0.040398594,42.826385,958.05273,-247.65576,0.89020395,0.84980536,136.26501,93.43863
1.5-473-550,0.330120482,0.660240964,0.8902853188558087,-0.0008005354251,1.5,473.0,550.0,802.6432,1.832048,79.55083,818.08887,15.445679,1.5599011,-0.27214694,214.60605,135.05522
1.5-473-550,0.148192771,0.296385542,0.9998257452316341,-0.0008990330527,1.5,473.0,550.0,831.53644,0.00331294,73.57378,733.7866,-97.74982,0.63068646,0.6273735,318.3703,244.79652
1.5-473-550,0.1831325301,0.3662650602,0.9985491866279087,-0.0008978851843,1.5,473.0,550.0,1039.6868,0.032780048,51.642944,817.2858,-222.40094,0.71091884,0.6781388,250.46933,198.82639
1.5-473-550,0.3686746989,0.7373493978,0.8902853188558087,-0.0008005354251,1.5,473.0,550.0,804.6324,2.0220547,79.00624,801.6447,-2.987671,1.6473545,-0.3747002,208.99127,129.98503
1.5-473-550,0.256626506,0.513253012,0.22784103821928303,0.0002048723241,1.5,473.0,550.0,522.7458,1.4133536,598.71674,618.48126,95.73547,1.3025806,-0.11077297,487.1761,-111.54065
1.5-473-550,0.2807228916,0.5614457832,0.999825745120423,0.0008990330526,1.5,473.0,550.0,1198.3507,0.0029850549,43.1391,968.22656,-230.12415,0.9066134,0.90362835,126.632965,83.493866
1.5-473-550,0.351807229,0.703614458,0.9726063657286781,0.0008745576659,1.5,473.0,550.0,1006.3233,1.030583,53.99228,908.19836,-98.12494,1.2154303,0.18484724,145.28854,91.296265
1.5-473-550,0.1722891566,0.3445783132,0.9337895728803226,0.000839654004,1.5,473.0,550.0,609.37573,0.9449589,478.0521,709.45135,100.07562,0.9447234,-0.00023549795,343.35458,-134.69751
1.5-473-550,0.3493975904,0.6987951808,0.47796385156444166,0.0004297801918,1.5,473.0,550.0,608.92975,1.844548,479.10632,664.70276,55.77301,1.834967,-0.00958097,385.03177,-94.074554
1.5-473-550,0.3132530121,0.6265060242,0.16340484119544796,0.0001469319568,1.5,473.0,550.0,545.20245,1.5845116,573.2663,645.7909,100.58844,1.4553638,-0.12914789,449.10995,-124.15634
1.5-473-550,0.01224489793,0.02448979586,0.9996041061370615,-0.0008988337571,1.5,473.0,550.0,473.00003,0.002917344,649.85333,476.25754,3.2575073,0.33720362,0.33428627,588.4316,-61.421753
1.5-473-550,0.1397590361,0.2795180722,0.6021818746711394,-0.0005414757638,1.5,473.0,550.0,490.9755,1.0404154,632.1428,524.3456,33.370087,1.1473813,0.1069659,556.67365,-75.46918
1.5-473-550,0.1771084337,0.3542168674,0.998978267368595,0.0008982710093,1.5,473.0,550.0,997.9242,0.02280205,54.6463,803.8094,-194.1148,0.6960168,0.67321473,261.20688,206.56058
1.5-473-550,0.113253012,0.226506024,0.47796385156444166,0.0004297801918,1.5,473.0,550.0,474.90533,1.070878,648.05597,529.1741,54.268738,1.0765121,0.0056340694,572.213,-75.84296
1.5-473-550,0.1084337349,0.2168674698,0.9844268823757469,0.0008851865532,1.5,473.0,550.0,572.6155,0.35255253,536.0063,621.06854,48.453064,0.6059014,0.2533489,418.61807,-117.388214
1.5-473-550,0.1554216867,0.3108433734,0.9993254186825348,-0.0008985831642,1.5,473.0,550.0,863.0785,0.01832133,68.625275,751.26373,-111.81476,0.64833665,0.6300153,303.86905,235.24377
1.5-473-550,0.1168674698,0.2337349396,0.9999999997775775,-0.0008991897406,1.5,473.0,550.0,704.4953,-5.322157e-09,122.80116,656.1165,-48.378784,0.56310505,0.56310505,385.87637,263.0752
1.5-473-550,0.1,0.2,0.9945146915314984,0.0008942574077,1.5,473.0,550.0,526.637,0.07909208,591.08673,611.6168,84.9798,0.54847026,0.46937817,427.54083,-163.5459
1.5-473-550,0.3481927711,0.6963855422,0.9980223152919674,0.000897411427,1.5,473.0,550.0,1137.4558,0.07540297,45.977448,948.2985,-189.15729,1.0438088,0.96840584,121.7086,75.731155
1.5-473-550,0.2445783133,0.4891566266,0.9215172744995802,-0.0008286188792,1.5,473.0,550.0,882.9539,1.4290138,66.2081,815.1501,-67.80383,1.2000962,-0.2289176,249.12494,182.91684
1.5-473-550,0.1759036144,0.3518072288,0.8902853187445975,0.000800535425,1.5,473.0,550.0,570.3199,1.0196716,538.5193,672.33044,102.01056,1.0737619,0.05409038,378.62097,-159.89832
1.5-473-550,0.113253012,0.226506024,0.9996041061370615,-0.0008988337571,1.5,473.0,550.0,688.30164,0.021696324,146.04816,647.0385,-41.263123,0.5569871,0.5352908,394.1717,248.12354
1.5-473-550,0.4755102041,0.9510204082,0.8206166047262803,0.0007378900321,1.5,473.0,550.0,657.9826,1.5777435,359.7143,693.31433,35.331726,1.8914253,0.31368172,264.4189,-95.29538
1.5-473-550,0.3638554217,0.7277108434,0.9215172744995802,0.0008286188792,1.5,473.0,550.0,854.6128,1.840952,69.935486,835.81055,-18.802246,1.5087819,-0.33217013,187.5395,117.60402
1.5-473-550,0.1337349397,0.2674698794,0.9945113832197316,-0.0008942544329,1.5,473.0,550.0,726.6798,0.23807341,105.20558,691.213,-35.466797,0.62279546,0.38472205,354.942,249.7364
1.5-473-550,0.3313253012,0.6626506024,0.9726063657286781,-0.0008745576659,1.5,473.0,550.0,1024.7253,0.9492101,52.678894,922.77466,-101.95068,1.1772329,0.22802275,142.44026,89.76137
1.5-473-550,0.4285714286,0.8571428572,0.3542741437603377,0.0003185596755,1.5,473.0,550.0,644.2976,2.1791465,407.69003,707.5623,63.26471,2.034435,-0.1447115,335.32632,-72.36371
1.5-473-550,0.2397590361,0.4795180722,0.5396442233296441,0.0004852425493,1.5,473.0,550.0,533.6102,1.3798742,586.63544,595.77673,62.166504,1.4403286,0.06045437,478.32864,-108.30679
1.5-473-550,0.3578313253,0.7156626506,0.16340484097302546,-0.0001469319566,1.5,473.0,550.0,588.09265,1.8235738,510.33148,669.11554,81.02289,1.6213014,-0.20227242,412.3022,-98.0293
1.5-473-550,0.2120481927,0.4240963854,0.9772248215579286,-0.000878710534,1.5,473.0,550.0,1200.6746,0.540925,43.042328,845.39435,-355.2802,0.88009673,0.3391717,228.45862,185.41629
1.5-473-550,0.1903614457,0.3807228914,0.9985491866279087,-0.0008978851843,1.5,473.0,550.0,1105.8009,0.034090813,47.63806,833.7287,-272.0722,0.7262584,0.6921676,237.40782,189.76976
1.5-473-550,0.3265060241,0.6530120482,0.9973789934503665,-0.0008968329586,1.5,473.0,550.0,1152.7345,0.09184968,45.224213,963.66376,-189.07074,1.0108336,0.91898394,117.75789,72.533676
1.5-473-550,0.213253012,0.426506024,0.9915009044774012,-0.0008915474413,1.5,473.0,550.0,1261.9321,0.21108627,40.58969,869.94763,-391.9845,0.8119891,0.60090286,208.79163,168.20193
1.5-473-550,0.1506024096,0.3012048192,0.998978267368595,0.0008982710093,1.5,473.0,550.0,837.0376,0.031053597,72.69075,738.7402,-98.297424,0.6396727,0.6086191,314.2823,241.59154
1.5-473-550,0.4428571429,0.8857142858,0.09831793589120096,8.840647929e-05,1.5,473.0,550.0,643.8998,2.038857,408.78882,700.5437,56.64392,1.9205164,-0.11834061,345.50516,-63.28366
1.5-473-550,0.1903614457,0.3807228914,0.9956514833048237,0.0008952795992,1.5,473.0,550.0,1091.3733,0.10538655,48.449493,829.2919,-262.08142,0.7408537,0.6354672,241.05869,192.60919
1.5-473-550,0.1975903614,0.3951807228,0.03282169734692774,-2.951293353e-05,1.5,473.0,550.0,505.31586,1.240829,617.6304,587.57904,82.26318,1.223966,-0.016862988,513.8462,-103.78418
1.5-473-550,0.365060241,0.730120482,0.9985491866279087,-0.0008978851843,1.5,473.0,550.0,1123.9254,0.05935132,46.669586,929.9637,-193.96173,1.0657647,1.0064133,128.95604,82.28645
1.5-473-550,0.308433735,0.61686747,0.8902853188558087,-0.0008005354251,1.5,473.0,550.0,799.3681,1.7535154,80.39458,818.2857,18.917603,1.5000236,-0.25349176,224.37859,143.98401
1.5-473-550,0.2506024096,0.5012048192,0.9337895728803226,0.000839654004,1.5,473.0,550.0,922.4351,1.3606447,61.515533,838.7006,-83.7345,1.1714125,-0.18923223,229.06314,167.5476
1.5-473-550,0.4510204082,0.9020408164,0.9956514833048237,-0.0008952795992,1.5,473.0,550.0,663.414,0.2443695,319.13373,782.5621,119.14807,1.1323733,0.8880038,210.05756,-109.07617
1.5-473-550,0.3746987952,0.7493975904,0.9071317792997667,0.0008156835895,1.5,473.0,550.0,829.5293,1.9899943,74.09894,812.7439,-16.7854,1.590738,-0.39925623,198.87454,124.775604
1.5-473-550,0.3686746989,0.7373493978,0.8705746216627653,-0.0007828117684,1.5,473.0,550.0,775.1302,2.080232,86.41116,784.63293,9.502747,1.7163095,-0.36392236,221.30496,134.8938
1.5-473-550,0.0897959184,0.1795918368,0.9071317792997667,-0.0008156835895,1.5,473.0,550.0,473.00003,0.6902879,649.85333,532.7401,59.74008,0.7818379,0.09154999,509.49057,-140.36276
1.5-473-550,0.3240963856,0.6481927712,0.22784103821928303,0.0002048723241,1.5,473.0,550.0,558.8865,1.6417246,555.655,655.57227,96.68579,1.5217575,-0.1199671,436.33218,-119.322845
1.5-473-550,0.02040816324,0.04081632648,0.9872047710533666,-0.0008876844022,1.5,473.0,550.0,473.00003,0.119661026,649.85333,479.5291,6.5290833,0.3968802,0.27721918,581.17126,-68.68207
1.5-473-550,0.4530612245,0.906122449,0.9844268823757469,-0.0008851865532,1.5,473.0,550.0,662.6044,0.7431246,326.8259,771.648,109.04364,1.2049503,0.46182573,215.53804,-111.28786
1.5-473-550,0.09591836738,0.19183673476,0.9442484491033019,0.0008490585182,1.5,473.0,550.0,473.00003,0.5217832,649.85333,564.07544,91.07541,0.7058781,0.1840949,475.3175,-174.53583
1.5-473-550,0.4102040816,0.8204081632,0.9872047710533666,-0.0008876844022,1.5,473.0,550.0,771.30255,0.84736514,87.214554,847.099,75.79645,1.1903324,0.34296727,170.43005,83.2155
1.5-473-550,0.2807228916,0.5614457832,0.9671530515086588,-0.0008696541017,1.5,473.0,550.0,1039.018,0.9361789,51.692963,913.8431,-125.174866,1.0964009,0.16022193,164.82196,113.129
1.5-473-550,0.213253012,0.426506024,0.7525573838264147,-0.0006766918789,1.5,473.0,550.0,555.4361,1.3011738,560.15515,626.6555,71.21942,1.3884096,0.08723581,427.07016,-133.08499
1.5-473-550,0.3686746989,0.7373493978,0.9811301446957078,-0.0008822221605,1.5,473.0,550.0,1032.382,0.80503535,52.13626,901.7528,-130.62915,1.188578,0.38354266,144.76541,92.62915
1.5-473-550,0.3445783133,0.6891566266,0.9872047710533666,-0.0008876844022,1.5,473.0,550.0,1087.3245,0.49262115,48.684875,935.3716,-151.95288,1.1106213,0.61800015,130.5193,81.83443
1.5-473-550,0.2686746988,0.5373493976,0.960723235489121,-0.0008638724771,1.5,473.0,550.0,1022.641,1.0312784,52.840027,895.68604,-126.954956,1.0999032,0.068624854,181.27339,128.43336
1.5-473-550,0.4877551021,0.9755102042,0.960723235489121,-0.0008638724771,1.5,473.0,550.0,657.6491,1.1214504,361.0606,710.46857,52.819458,1.2968723,0.17542183,258.17038,-102.89023
1.5-473-550,0.2927710844,0.5855421688,0.9973789933391554,-0.0008968329585,1.5,473.0,550.0,1177.2898,0.081836335,44.075287,968.5703,-208.71948,0.94627076,0.8644344,123.55176,79.47647
1.5-473-550,0.02040816324,0.04081632648,0.8206166047262803,-0.0007378900321,1.5,473.0,550.0,473.00003,0.8531208,649.85333,458.2275,-14.772522,0.7551414,-0.09797943,619.4974,-30.355957
1.5-473-550,0.191566265,0.38313253,0.03282169734692774,-2.951293353e-05,1.5,473.0,550.0,503.25122,1.2130659,619.7198,586.1566,82.905396,1.218556,0.005490184,515.4552,-104.26459
1.5-473-550,0.2457831325,0.491566265,0.16340484119544796,0.0001469319568,1.5,473.0,550.0,519.1049,1.3843592,602.7653,612.1523,93.04736,1.2675583,-0.116800904,494.36404,-108.401276
1.5-473-550,0.05306122449,0.10612244898,0.03282169735804886,2.951293354e-05,1.5,473.0,550.0,473.00003,1.2176892,649.85333,576.94684,103.94681,1.161429,-0.05626011,523.16724,-126.6861
1.5-473-550,0.3662650603,0.7325301206,0.03282169735804886,2.951293354e-05,1.5,473.0,550.0,593.0923,1.8711175,503.32925,653.3936,60.30133,1.6116973,-0.25942016,416.5928,-86.73645
1.5-473-550,0.1192771084,0.2385542168,0.16340484119544796,0.0001469319568,1.5,473.0,550.0,474.94507,1.1138607,648.0185,575.652,100.70691,1.1198591,0.005998373,534.93024,-113.08826
1.5-473-550,0.06530612246,0.13061224492,0.47796385156444166,0.0004297801918,1.5,473.0,550.0,473.00003,1.113794,649.85333,524.88104,51.881012,1.0148561,-0.09893787,582.39435,-67.458984
1.5-473-550,0.2542168675,0.508433735,0.8902853188558087,-0.0008005354251,1.5,473.0,550.0,777.0292,1.5844755,86.87999,786.7605,9.731323,1.3313732,-0.2531023,269.84683,182.96684
1.5-473-550,0.03265306121,0.06530612242,0.993141646395439,0.0008930227796,1.5,473.0,550.0,473.00003,0.06594693,649.85333,494.82434,21.82431,0.40414548,0.33819854,559.0562,-90.79712
1.5-473-550,0.2855421687,0.5710843374,0.9215172744995802,-0.0008286188792,1.5,473.0,550.0,870.64813,1.5407182,67.72882,849.8116,-20.836548,1.3199021,-0.22081614,210.02727,142.29845
1.5-473-550,0.126506024,0.253012048,0.29146971579860803,-0.0002620865782,1.5,473.0,550.0,478.3045,1.0911589,644.8494,564.82294,86.51843,1.0917614,0.00060248375,547.944,-96.90546
1.5-473-550,0.2686746988,0.5373493976,0.9772248215579286,-0.000878710534,1.5,473.0,550.0,1104.5966,0.64831203,47.707733,921.9729,-182.62366,1.0139843,0.3656723,162.0852,114.37747
1.5-473-550,0.2289156626,0.4578313252,0.9996041061370615,-0.0008988337571,1.5,473.0,550.0,1284.5854,0.007975871,39.923004,910.9818,-373.60364,0.8017084,0.7937325,176.25345,136.33044
1.5-473-550,0.4163265306,0.8326530612,0.8475322498919685,0.0007620923041,1.5,473.0,550.0,703.62665,2.1347613,123.13127,738.5277,34.901062,1.8505691,-0.2841922,237.34465,114.21338
1.5-473-550,0.3891566266,0.7783132532,0.9999999997775775,-0.0008991897406,1.5,473.0,550.0,1106.7861,-5.322157e-09,47.610535,896.615,-210.17114,1.0849127,1.0849127,144.48907,96.87854
1.5-473-550,0.3204819277,0.6409638554,0.9844268823757469,-0.0008851865532,1.5,473.0,550.0,1094.3768,0.5388809,48.274902,945.5535,-148.8233,1.0835798,0.5446989,131.0705,82.79559
1.5-473-550,0.2397590361,0.4795180722,0.9844268823757469,-0.0008851865532,1.5,473.0,550.0,1189.2277,0.40140265,43.53076,902.0572,-287.17047,0.90867823,0.5072756,182.06541,138.53465
1.5-473-550,0.09387755105,0.1877551021,0.4163512323516047,-0.0003743787567,1.5,473.0,550.0,473.00003,1.133676,649.85333,538.9907,65.99069,1.0515559,-0.08212018,570.0744,-79.77893
1.5-473-550,0.3662650603,0.7325301206,0.29146971579860803,-0.0002620865782,1.5,473.0,550.0,603.04736,1.8995216,488.53558,680.05066,77.003296,1.7370563,-0.16246533,394.16064,-94.37494
1.5-473-550,0.1951807229,0.3903614458,0.6021818746711394,0.0005414757638,1.5,473.0,550.0,520.8613,1.205179,600.81226,565.5677,44.70636,1.3144728,0.10929382,508.48294,-92.329315
1.5-473-550,0.3060240964,0.6120481928,0.9973789934503665,-0.0008968329586,1.5,473.0,550.0,1167.2069,0.085234754,44.536377,969.7456,-197.4613,0.97232324,0.8870885,119.34592,74.80954
1.5-473-550,0.4,0.8,0.032835376350859716,-2.952523355e-05,1.5,473.0,550.0,621.432,2.143792,457.98914,669.3195,47.887512,1.7364541,-0.40733778,388.45795,-69.53119
1.5-473-550,0.126506024,0.253012048,0.9531521909241071,0.0008570646715,1.5,473.0,550.0,536.7896,0.7111449,583.0982,631.8792,95.0896,0.75826216,0.047117233,409.977,-173.12122
1.5-473-550,0.3626506025,0.725301205,0.9844268823757469,0.0008851865532,1.5,473.0,550.0,1054.5653,0.65288717,50.674683,913.29333,-141.27197,1.1582403,0.50535315,139.29117,88.616486
1.5-473-550,0.221686747,0.443373494,0.9999999997775775,-0.0008991897406,1.5,473.0,550.0,1298.3981,-5.322157e-09,39.923004,899.3221,-399.076,0.78442067,0.78442067,185.56808,145.64508
1.5-473-550,0.3228915663,0.6457831326,0.9872047710533666,0.0008876844022,1.5,473.0,550.0,1106.3828,0.44888583,47.606964,949.04535,-157.33746,1.070757,0.62187123,128.09818,80.49121
1.5-473-550,0.3927710844,0.7855421688,0.8902853187445975,0.000800535425,1.5,473.0,550.0,803.8039,2.22653,79.13408,783.23083,-20.57306,1.6844325,-0.54209757,212.43832,133.30424
1.5-473-550,0.1795180723,0.3590361446,0.9996041060258503,0.000898833757,1.5,473.0,550.0,1009.7298,0.0078575555,53.731476,810.4274,-199.30237,0.6980249,0.69016737,255.87941,202.14793
1.5-473-550,0.2698795181,0.5397590362,0.9999999997775775,-0.0008991897406,1.5,473.0,550.0,1210.1224,-5.322157e-09,42.65628,961.5364,-248.58606,0.88368946,0.88368946,133.56854,90.91226
1.5-473-550,0.03265306121,0.06530612242,0.9337895728803226,-0.000839654004,1.5,473.0,550.0,473.00003,0.553065,649.85333,474.66193,1.6618958,0.5773088,0.024243772,583.51495,-66.33838
1.5-473-550,0.1542168674,0.3084337348,0.22784103821928303,0.0002048723241,1.5,473.0,550.0,489.76953,1.1086491,633.3633,577.34845,87.57892,1.1254561,0.01680696,534.82336,-98.53992
1.5-473-550,0.4061224489,0.8122448978,0.16340484097302546,-0.0001469319566,1.5,473.0,550.0,627.48,2.1790028,446.49805,692.81305,65.33307,1.8165362,-0.36246657,370.00305,-76.494995
1.5-473-550,0.3590361446,0.7180722892,0.9442484491033019,-0.0008490585182,1.5,473.0,550.0,903.7699,1.6119599,63.487335,865.435,-38.3349,1.3887242,-0.22323573,169.94658,106.45924
1.5-473-550,0.08775510207,0.17551020414,0.9895407848051817,0.0008897849218,1.5,473.0,550.0,473.00003,0.107775085,649.85333,581.4256,108.42557,0.5399005,0.4321254,457.41043,-192.4429
1.5-473-550,0.3373493976,0.6746987952,0.6600967573005477,0.0005935522321,1.5,473.0,550.0,632.8073,1.8523524,435.08868,675.4249,42.617615,1.8985056,0.046153188,343.51535,-91.57333
1.5-473-550,0.3891566266,0.7783132532,0.9844268823757469,0.0008851865532,1.5,473.0,550.0,1026.8279,0.7806742,52.525787,877.8305,-148.99738,1.1922984,0.4116242,154.91057,102.38478
1.5-473-550,0.1746987951,0.3493975902,0.8902853188558087,-0.0008005354251,1.5,473.0,550.0,568.0578,1.0137088,542.5455,670.1752,102.11737,1.0698836,0.056174755,380.55554,-161.98993
1.5-473-550,0.2204819277,0.4409638554,0.9671530515086588,-0.0008696541017,1.5,473.0,550.0,1153.5557,0.7539014,45.18451,845.0785,-308.47717,0.9477301,0.1938287,228.36876,183.18425
1.5-473-550,0.1819277108,0.3638554216,0.7892004020960466,-0.000709640905,1.5,473.0,550.0,537.4324,1.1010977,582.3492,608.0024,70.57001,1.2463486,0.14525092,445.49362,-136.85556
1.5-473-550,0.002040816309,0.004081632618,0.9993254189049573,-0.0008985831644,1.5,473.0,550.0,473.00003,0.010876054,649.85333,467.80048,-5.1995544,0.3159685,0.30509245,603.2408,-46.61255
1.5-473-550,0.1253012048,0.2506024096,0.9999999997775775,0.0008991897406,1.5,473.0,550.0,737.2418,-5.322157e-09,100.111465,676.70044,-60.54138,0.5811625,0.5811625,367.4321,267.32062
1.5-473-550,0.4714285714,0.9428571428,0.47796385156444166,-0.0004297801918,1.5,473.0,550.0,656.4685,1.870593,365.8267,710.59564,54.127136,2.2052531,0.33466017,300.2526,-65.5741
1.5-473-550,0.4020408163,0.8040816326,0.8902853189670199,-0.0008005354252,1.5,473.0,550.0,796.7186,2.2676187,80.648026,775.0196,-21.699036,1.6940846,-0.573534,215.0151,134.36708
1.5-473-550,0.1554216867,0.3108433734,0.5396442233296441,-0.0004852425493,1.5,473.0,550.0,496.97388,1.0779899,626.07245,537.4655,40.49164,1.1732795,0.09528959,551.3785,-74.69397
1.5-473-550,0.1493975903,0.2987951806,0.8206166047262803,0.0007378900321,1.5,473.0,550.0,514.76355,0.97568935,607.59296,579.25256,64.48901,1.1023448,0.1266554,470.8242,-136.76877
1.5-473-550,0.2951807229,0.5903614458,0.9442484491033019,0.0008490585182,1.5,473.0,550.0,935.1964,1.3707583,60.15399,885.145,-50.05139,1.2467915,-0.12396681,180.72171,120.56772
1.5-473-550,0.06938775512,0.13877551024,0.9772248215579286,-0.000878710534,1.5,473.0,550.0,473.00003,0.23856986,649.85333,538.81976,65.81973,0.54058737,0.3020175,502.5604,-147.29294
1.5-473-550,0.2084337349,0.4168674698,0.8475322498919685,0.0007620923041,1.5,473.0,550.0,605.98456,1.295129,482.92313,686.0782,80.09363,1.2702644,-0.024864554,366.7594,-116.16373
1.5-473-550,0.4367346939,0.8734693878,0.7098470004029654,0.0006382871403,1.5,473.0,550.0,662.9773,1.8839712,323.28265,694.33093,31.353638,2.1195142,0.23554301,279.666,-43.61667
1.5-473-550,0.308433735,0.61686747,0.9993254186825348,0.0008985831642,1.5,473.0,550.0,1174.8262,0.02004438,44.187927,972.8093,-202.01685,0.96412367,0.9440793,116.701035,72.51311
1.5-473-550,0.4897959184,0.9795918368,0.7892004020960466,-0.000709640905,1.5,473.0,550.0,657.4017,1.6287048,362.0595,684.79626,27.394592,1.9432188,0.31451404,274.19034,-87.86917
1.5-473-550,0.2939759036,0.5879518072,0.6021818746711394,0.0005414757638,1.5,473.0,550.0,593.7361,1.6198161,502.04913,640.84485,47.108765,1.7025398,0.08272374,405.2107,-96.83844
1.5-473-550,0.4653061225,0.930612245,0.9999999997775775,0.0008991897406,1.5,473.0,550.0,659.80566,-5.322157e-09,352.3546,760.594,100.78833,1.0916865,1.0916865,226.38983,-125.96478
1.5-473-550,0.3722891567,0.7445783134,0.9872047710533666,0.0008876844022,1.5,473.0,550.0,1060.1448,0.57044053,50.319458,905.1272,-155.01758,1.1536304,0.58318985,142.02278,91.70332
1.5-473-550,0.1602409638,0.3204819276,0.8902853187445975,0.000800535425,1.5,473.0,550.0,545.6075,0.9549542,572.7729,643.98895,98.38147,1.0238293,0.068875134,404.08762,-168.68527
1.5-473-550,0.343373494,0.686746988,0.960723235489121,-0.0008638724771,1.5,473.0,550.0,964.8763,1.2805154,57.37274,898.60535,-66.270935,1.2698386,-0.010676861,154.01839,96.645645
1.5-473-550,0.1409638554,0.2819277108,0.9872047710533666,0.0008876844022,1.5,473.0,550.0,696.78125,0.47313583,131.13188,700.35504,3.5737915,0.6695243,0.19638848,347.44662,216.31474
1.5-473-550,0.2638554217,0.5277108434,0.9531521909241071,0.0008570646715,1.5,473.0,550.0,994.458,1.1478713,54.94336,880.05994,-114.39807,1.1240276,-0.023843646,194.12048,139.17712
1.5-473-550,0.1337349397,0.2674698794,0.16340484097302546,-0.0001469319566,1.5,473.0,550.0,480.42966,1.0986998,642.815,577.3233,96.89365,1.1271517,0.02845192,533.29016,-109.52484
1.5-473-550,0.1469879518,0.2939759036,0.9985491866279087,-0.0008978851843,1.5,473.0,550.0,817.9358,0.04753643,76.197296,729.1222,-88.8136,0.6338955,0.5863591,322.35693,246.15964
1.5-473-550,0.1554216867,0.3108433734,0.6021818746711394,0.0005414757638,1.5,473.0,550.0,499.65033,1.0662521,623.3639,534.85486,35.20453,1.1898775,0.1236254,544.4945,-78.869385
1.5-473-550,0.3289156627,0.6578313254,0.03282169734692774,-2.951293353e-05,1.5,473.0,550.0,554.015,1.6447884,562.1259,636.0309,82.01587,1.4845374,-0.16025102,445.90042,-116.225494
1.5-473-550,0.1590361445,0.318072289,0.03282169734692774,-2.951293353e-05,1.5,473.0,550.0,490.6846,1.12173,632.4372,580.00073,89.31613,1.1957823,0.074052334,522.0722,-110.36499
1.5-473-550,0.2698795181,0.5397590362,0.9531521908128958,-0.0008570646714,1.5,473.0,550.0,987.8754,1.1650038,55.47116,885.0505,-102.82495,1.1396413,-0.025362492,188.80983,133.33867
1.5-473-550,0.4428571429,0.8857142858,0.9999999997775775,0.0008991897406,1.5,473.0,550.0,667.56244,-5.322157e-09,279.71927,800.39655,132.8341,1.1062447,1.1062447,199.07321,-80.64606
1.5-473-550,0.1012048192,0.2024096384,0.9811301449181302,0.0008822221607,1.5,473.0,550.0,513.95,0.2791646,608.16876,602.4011,88.45111,0.6012358,0.3220712,436.52124,-171.64752
1.5-473-550,0.1554216867,0.3108433734,0.9337895728803226,0.000839654004,1.5,473.0,550.0,568.6866,0.8741724,541.75073,674.69116,106.00458,0.8966542,0.0224818,373.40414,-168.34659
1.5-473-550,0.191566265,0.38313253,0.8705746216627653,-0.0007828117684,1.5,473.0,550.0,587.3836,1.1364061,511.90475,680.981,93.59741,1.1681643,0.03175819,371.6139,-140.29086
1.5-473-550,0.2614457831,0.5228915662,0.9811301448069191,0.0008822221606,1.5,473.0,550.0,1133.3141,0.52518433,46.18161,922.0876,-211.2265,0.97598976,0.45080543,163.57784,117.396225
1.5-473-550,0.3421686747,0.6843373494,0.16340484119544796,0.0001469319568,1.5,473.0,550.0,572.0786,1.7262414,537.03265,660.9852,88.90662,1.5601921,-0.16604924,425.66934,-111.36331
1.5-473-550,0.4326530612,0.8653061224,0.9811301446957078,-0.0008822221605,1.5,473.0,550.0,678.8025,0.91518885,181.19766,803.5049,124.70239,1.2351689,0.31998008,194.82155,13.623886
1.5-473-550,0.2313253012,0.4626506024,0.9442484491033019,0.0008490585182,1.5,473.0,550.0,1015.32153,1.1572357,53.397797,828.73016,-186.59137,1.0750748,-0.08216095,240.46623,187.06844
1.5-473-550,0.3421686747,0.6843373494,0.8902853187445975,0.000800535425,1.5,473.0,550.0,803.65295,1.8826325,79.29402,815.00684,11.353882,1.5902485,-0.29238403,211.27501,131.98099
1.5-473-550,0.06326530613,0.12653061226,0.9726063657286781,0.0008745576659,1.5,473.0,550.0,473.00003,0.28827125,649.85333,526.29565,53.295624,0.54124695,0.2529757,516.7637,-133.08966
1.5-473-550,0.2771084337,0.5542168674,0.7098470004029654,0.0006382871403,1.5,473.0,550.0,613.65173,1.593806,471.04868,662.9773,49.32556,1.6592466,0.065440536,376.68002,-94.36865
1.5-473-550,0.4102040816,0.8204081632,0.9895407848051817,0.0008897849218,1.5,473.0,550.0,771.5365,0.7161215,87.144455,849.47296,77.93646,1.1745427,0.45842117,169.18042,82.035965
1.5-473-550,0.1602409638,0.3204819276,0.8705746216627653,-0.0007828117684,1.5,473.0,550.0,537.53894,0.973049,582.2337,628.25275,90.713806,1.063755,0.09070605,420.03677,-162.19693
1.5-473-550,0.3192771085,0.638554217,0.9985491866279087,-0.0008978851843,1.5,473.0,550.0,1163.5875,0.0481953,44.701904,968.81726,-194.77026,0.9896936,0.9414983,116.410446,71.70854
1.5-473-550,0.2240963855,0.448192771,0.993141646395439,0.0008930227796,1.5,473.0,550.0,1269.2872,0.16751242,40.3183,892.10834,-377.1789,0.8270932,0.65958077,191.05573,150.73743
1.5-473-550,0.1927710843,0.3855421686,0.9337895728803226,0.000839654004,1.5,473.0,550.0,750.56866,1.0853953,98.86211,749.76166,-0.80700684,1.003859,-0.08153629,308.79578,209.93367
1.5-473-550,0.2542168675,0.508433735,0.9772248215579286,-0.000878710534,1.5,473.0,550.0,1119.8376,0.6229988,46.888306,908.27563,-211.56201,0.98033756,0.3573388,175.16931,128.281
1.5-473-550,0.2493975904,0.4987951808,0.7098470004029654,0.0006382871403,1.5,473.0,550.0,586.0075,1.4659191,514.4569,641.5021,55.494568,1.5457802,0.079861045,407.33368,-107.12323
1.5-473-550,0.3975903615,0.795180723,0.8475322498919685,0.0007620923041,1.5,473.0,550.0,753.5371,2.3870578,93.54726,751.03156,-2.5055542,1.8338056,-0.5532522,234.42184,140.87459
1.5-473-550,0.2421686747,0.4843373494,0.03282169734692774,-2.951293353e-05,1.5,473.0,550.0,517.34314,1.3743155,604.7245,600.679,83.33588,1.2791241,-0.09519136,497.90665,-106.81784
1.5-473-550,0.07346938777,0.14693877554,0.9442484491033019,0.0008490585182,1.5,473.0,550.0,473.00003,0.5237241,649.85333,526.6958,53.69577,0.6491918,0.12546772,515.42914,-134.4242
1.5-473-550,0.2,0.4,0.8705746216627653,0.0007828117684,1.5,473.0,550.0,609.85614,1.2183778,476.6485,694.388,84.53186,1.196977,-0.02140081,359.11148,-117.53702
1.5-473-550,0.2903614458,0.5807228916,0.9993254186825348,0.0008985831642,1.5,473.0,550.0,1187.9644,0.01896804,43.587097,971.28357,-216.68079,0.92899257,0.9100245,122.305725,78.71863
1.5-473-550,0.5,1.0,0.9993256565633628,0.0008985833781,1.5,473.0,550.0,657.37885,0.041966613,362.1516,706.8362,49.457336,1.0439925,1.002026,271.00595,-91.14566
1.5-473-550,0.08571428574,0.17142857148,0.9996041060258503,0.000898833757,1.5,473.0,550.0,473.00003,0.0032566136,649.85333,585.4224,112.42239,0.4974169,0.4941603,453.61398,-196.23935
1.5-473-550,0.1590361445,0.318072289,0.9996041061370615,-0.0008988337571,1.5,473.0,550.0,888.24915,0.009133095,65.27664,760.6542,-127.59497,0.6547103,0.6455772,296.1211,230.84445
1.5-473-550,0.0244897959,0.0489795918,0.9844268823757469,-0.0008851865532,1.5,473.0,550.0,473.00003,0.1473831,649.85333,482.51492,9.514893,0.41499886,0.26761577,576.0917,-73.76166
1.5-473-550,0.3253012049,0.6506024098,0.29146971579860803,-0.0002620865782,1.5,473.0,550.0,565.7203,1.6599034,546.7909,657.21136,91.49109,1.5668694,-0.09303403,430.66113,-116.12976
1.5-473-550,0.0244897959,0.0489795918,0.16340484119544796,0.0001469319568,1.5,473.0,550.0,473.00003,1.2082222,649.85333,580.63446,107.63443,1.0889511,-0.11927104,530.3737,-119.479614
1.5-473-550,0.2144578313,0.4289156626,0.9337895728803226,-0.000839654004,1.5,473.0,550.0,958.7145,1.270667,58.077393,788.33075,-170.38373,1.0669258,-0.2037412,275.37842,217.30103
1.5-473-550,0.4163265306,0.8326530612,0.4163512323516047,-0.0003743787567,1.5,473.0,550.0,642.8807,2.2450905,411.60358,698.9065,56.025818,2.0393112,-0.20577931,338.79553,-72.808044
1.5-473-550,0.1987951807,0.3975903614,0.22784103833049427,-0.0002048723242,1.5,473.0,550.0,507.37146,1.243163,615.5501,591.61554,84.24408,1.1812611,-0.061901927,518.9944,-96.555725
1.5-473-550,0.3036144579,0.6072289158,0.7098470004029654,0.0006382871403,1.5,473.0,550.0,629.35004,1.7166519,442.08023,678.6604,49.310364,1.7657973,0.04914534,350.27997,-91.80026
1.5-473-550,0.02040816324,0.04081632648,0.9772248215579286,-0.000878710534,1.5,473.0,550.0,473.00003,0.21566498,649.85333,476.24203,3.2420044,0.4286757,0.21301073,585.1285,-64.72485
1.5-473-550,0.2048192771,0.4096385542,0.9915009044774012,0.0008915474413,1.5,473.0,550.0,1208.6416,0.21142048,42.70172,853.5065,-355.13513,0.79335284,0.58193237,221.91966,179.21794
1.5-473-550,0.1445783132,0.2891566264,0.9531521909241071,-0.0008570646715,1.5,473.0,550.0,571.54803,0.7836739,536.69495,671.19977,99.65173,0.80548596,0.021812081,374.9615,-161.73346
1.5-473-550,0.3072289157,0.6144578314,0.4163512326852384,0.000374378757,1.5,473.0,550.0,566.29865,1.609743,545.63446,642.15515,75.85651,1.5999556,-0.00978744,434.16156,-111.4729
1.5-473-550,0.191566265,0.38313253,0.9985491866279087,-0.0008978851843,1.5,473.0,550.0,1117.9414,0.03397995,46.98932,836.412,-281.52942,0.728813,0.69483304,235.28218,188.29286
1.5-473-550,0.1120481927,0.2240963854,0.9956514833048237,-0.0008952795992,1.5,473.0,550.0,651.52454,0.19377202,385.6266,640.1595,-11.365051,0.57050663,0.3767346,400.57947,14.952881
1.5-473-550,0.1168674698,0.2337349396,0.47796385156444166,-0.0004297801918,1.5,473.0,550.0,476.31848,1.0658754,646.72296,530.07056,53.752075,1.0821631,0.016287684,570.9567,-75.766235
1.5-473-550,0.3891566266,0.7783132532,0.9915009044774012,-0.0008915474413,1.5,473.0,550.0,1064.0864,0.4329402,50.068512,886.2317,-177.85474,1.1445212,0.711581,150.21347,100.14496
1.5-473-550,0.4469387755,0.893877551,0.9996041061370615,-0.0008988337571,1.5,473.0,550.0,665.1936,0.01852339,302.2257,792.6704,127.47681,1.1074588,1.0889355,204.02798,-98.19772
1.5-473-550,0.3096385542,0.6192771084,0.5396442233296441,0.0004852425493,1.5,473.0,550.0,591.5175,1.6655899,505.29437,643.2804,51.76288,1.7234865,0.057896614,408.2857,-97.00867
1.5-473-550,0.2120481927,0.4240963854,0.9999999998887887,0.0008991897407,1.5,473.0,550.0,1295.9021,-5.322157e-09,39.923004,881.4405,-414.4616,0.7643022,0.7643022,199.71098,159.78798
1.5-473-550,0.3963855422,0.7927710844,0.9996041061370615,-0.0008988337571,1.5,473.0,550.0,1096.111,0.017405266,48.174072,884.1283,-211.98267,1.094559,1.0771537,150.85991,102.68584
1.5-473-550,0.1240963855,0.248192771,0.8902853188558087,-0.0008005354251,1.5,473.0,550.0,503.9513,0.8434095,619.0113,579.1158,75.16449,0.91351384,0.07010436,463.94595,-155.06534
1.5-473-550,0.3457831326,0.6915662652,0.9844268823757469,0.0008851865532,1.5,473.0,550.0,1072.0402,0.5993868,49.573395,930.2523,-141.78784,1.130761,0.5313742,133.35004,83.77664
1.5-473-550,0.1734939759,0.3469879518,0.3542741439827602,-0.0003185596757,1.5,473.0,550.0,500.00824,1.1382766,623.00165,569.5195,69.51123,1.1542393,0.01596272,538.18115,-84.820496
1.5-473-550,0.1674698795,0.334939759,0.9956514833048237,-0.0008952795992,1.5,473.0,550.0,906.5574,0.11384659,63.155426,775.9231,-130.63428,0.6913065,0.5774599,283.90555,220.75012
1.5-473-550,0.4387755102,0.8775510204,0.9071317792997667,0.0008156835895,1.5,473.0,550.0,668.9192,1.4413638,266.82877,747.58246,78.66327,1.6315907,0.19022691,225.77301,-41.055756
1.5-473-550,0.3626506025,0.725301205,0.22784103821928303,0.0002048723241,1.5,473.0,550.0,595.9716,1.8643522,499.1571,676.5439,80.572266,1.6763012,-0.18805099,402.88052,-96.27658
1.5-473-550,0.1542168674,0.3084337348,0.9993254186825348,-0.0008985831642,1.5,473.0,550.0,857.5354,0.018543357,69.42203,748.25104,-109.28436,0.6457759,0.62723255,306.36014,236.93811
1.5-473-550,0.4632653061,0.9265306122,0.999825745120423,0.0008990330526,1.5,473.0,550.0,660.16003,0.00530755,349.97754,763.976,103.81598,1.0948161,1.0895085,223.8769,-126.10063
1.5-473-550,0.4285714286,0.8571428572,0.9895407848051817,-0.0008897849218,1.5,473.0,550.0,687.6439,0.6590606,147.55444,817.4998,129.8559,1.1799095,0.5208489,187.22736,39.672913
1.5-473-550,0.134939759,0.269879518,0.9915009044774012,0.0008915474413,1.5,473.0,550.0,706.00146,0.35713148,120.48053,690.6838,-15.317688,0.6381157,0.28098422,355.55286,235.07233
1.5-473-550,0.1975903614,0.3951807228,0.9993254186825348,0.0008985831642,1.5,473.0,550.0,1184.4879,0.014833504,43.750275,850.78326,-333.70465,0.7375469,0.7227134,223.89236,180.14209
1.5-473-550,0.1602409638,0.3204819276,0.7098470004029654,0.0006382871403,1.5,473.0,550.0,509.66174,1.0506163,613.15106,551.2486,41.586853,1.2087193,0.15810299,511.46338,-101.68768
1.5-473-550,0.3180722892,0.6361445784,0.960723235489121,0.0008638724771,1.5,473.0,550.0,983.05505,1.1852057,55.842224,910.0707,-72.984375,1.2172741,0.03206837,155.28654,99.44432
1.5-473-550,0.3060240964,0.6120481928,0.9993254186825348,-0.0008985831642,1.5,473.0,550.0,1175.9879,0.019915694,44.134827,973.04474,-202.94318,0.9595197,0.939604,117.17583,73.041
1.5-473-550,0.3819277109,0.7638554218,0.9772248215579286,-0.000878710534,1.5,473.0,550.0,999.40283,1.0327253,54.53116,879.6767,-119.726135,1.2311505,0.19842517,154.98204,100.45088
1.5-473-550,0.3987951807,0.7975903614,0.9993254187937461,0.0008985831643,1.5,473.0,550.0,1093.4908,0.033051785,48.326416,879.69586,-213.79498,1.0985839,1.0655322,153.16698,104.84056
1.5-473-550,0.3168674699,0.6337349398,0.9844268823757469,0.0008851865532,1.5,473.0,550.0,1097.3966,0.53147703,48.099335,946.65717,-150.73944,1.0763912,0.5449142,131.433,83.333664
1.5-473-550,0.01836734691,0.03673469382,0.9956514833048237,0.0008952795992,1.5,473.0,550.0,473.00003,0.039837357,649.85333,480.56076,7.56073,0.3641559,0.32431853,580.78107,-69.072266
1.5-473-550,0.2987951807,0.5975903614,0.9844268823757469,-0.0008851865532,1.5,473.0,550.0,1110.2562,0.50113565,47.399994,947.90485,-162.35138,1.0391902,0.5380545,135.9251,88.5251
1.5-473-550,0.2746987952,0.5493975904,0.9999999997775775,-0.0008991897406,1.5,473.0,550.0,1204.612,-5.322157e-09,42.890594,964.98035,-239.63171,0.8934206,0.8934206,130.1809,87.2903
1.5-473-550,0.3554216868,0.7108433736,0.5396442233296441,-0.0004852425493,1.5,473.0,550.0,621.43915,1.9024118,457.64993,667.442,46.00287,1.9111859,0.008774042,366.48172,-91.16821
1.5-473-550,0.08775510207,0.17551020414,0.9337895728803226,0.000839654004,1.5,473.0,550.0,473.00003,0.5811512,649.85333,543.57086,70.57083,0.713084,0.1319328,496.93512,-152.91821
1.5-473-550,0.1301204819,0.2602409638,0.8902853187445975,0.000800535425,1.5,473.0,550.0,510.28052,0.8621141,612.4846,589.59467,79.31415,0.9313605,0.06924641,454.0013,-158.4833
1.5-473-550,0.1602409638,0.3204819276,0.9945113832197316,0.0008942544329,1.5,473.0,550.0,858.873,0.15431404,69.22485,756.7422,-102.1308,0.68084043,0.5265264,299.66003,230.43518
1.5-473-550,0.4122448979,0.8244897958,0.9337895728803226,-0.000839654004,1.5,473.0,550.0,745.43384,1.8243884,96.21344,796.24133,50.807495,1.5058211,-0.31856728,198.81413,102.60069
1.5-473-550,0.1,0.2,0.9215671387250775,0.0008286637166,1.5,473.0,550.0,473.49048,0.64239085,649.3907,556.9335,83.44299,0.7760269,0.13363606,483.50064,-165.89005
1.5-473-550,0.4428571429,0.8857142858,0.9980223152919674,-0.000897411427,1.5,473.0,550.0,667.5617,0.116483025,279.72607,798.866,131.30432,1.1199478,1.0034648,199.74527,-79.980804
1.5-473-550,0.3843373495,0.768674699,0.9671530515086588,0.0008696541017,1.5,473.0,550.0,954.7356,1.3681872,58.27237,864.7136,-90.02197,1.2966819,-0.07150531,163.25285,104.980484
1.5-473-550,0.2686746988,0.5373493976,0.9337895728803226,-0.000839654004,1.5,473.0,550.0,916.4041,1.3924584,62.12091,855.8854,-60.518738,1.2224954,-0.169963,211.03026,148.90935
1.5-473-550,0.1530120482,0.3060240964,0.8902853188558087,-0.0008005354251,1.5,473.0,550.0,536.2561,0.93025416,583.69324,630.7922,94.53607,1.0011771,0.07092291,416.01608,-167.67715
1.5-473-550,0.3265060241,0.6530120482,0.9872047710533666,0.0008876844022,1.5,473.0,550.0,1103.4417,0.45528346,47.7641,947.4389,-156.00275,1.0776906,0.62240714,128.07327,80.30917
1.5-473-550,0.2662650602,0.5325301204,0.9915009044774012,-0.0008915474413,1.5,473.0,550.0,1177.1033,0.24467331,44.08383,943.8823,-233.22095,0.9275865,0.6829132,146.83325,102.74942
1.5-473-550,0.4510204082,0.9020408164,0.3542741439827602,-0.0003185596757,1.5,473.0,550.0,651.2884,1.9875474,386.70377,715.7207,64.43231,2.1045594,0.117012024,319.1289,-67.57486
1.5-473-550,0.2746987952,0.5493975904,0.7892004020960466,-0.000709640905,1.5,473.0,550.0,642.0673,1.6246508,412.48938,708.1342,66.066895,1.6013263,-0.02332449,331.25964,-81.22974
1.5-473-550,0.2253012048,0.4506024096,0.22784103833049427,-0.0002048723242,1.5,473.0,550.0,515.2579,1.3342229,607.0433,602.98914,87.73126,1.2293528,-0.10487008,505.92334,-101.119934
1.5-473-550,0.3710843374,0.7421686748,0.9973789933391554,-0.0008968329585,1.5,473.0,550.0,1113.0619,0.11415099,47.25006,920.3537,-192.70819,1.082256,0.96810496,133.43454,86.18448
1.5-473-550,0.2265060241,0.4530120482,0.22784103833049427,-0.0002048723242,1.5,473.0,550.0,515.563,1.3369259,606.704,603.5484,87.98541,1.2318327,-0.10509312,505.2671,-101.43689
1.5-473-550,0.4959183674,0.9918367348,0.9442484491033019,0.0008490585182,1.5,473.0,550.0,657.4213,1.2408595,361.98013,696.743,39.321655,1.3655007,0.12464118,267.89062,-94.08951
1.5-473-550,0.1518072289,0.3036144578,0.9965972946963587,0.0008961300631,1.5,473.0,550.0,827.8989,0.10651719,74.260315,738.6538,-89.24512,0.65305287,0.5465357,314.49966,240.23935
1.5-473-550,0.1734939759,0.3469879518,0.09831793589120096,8.840647929e-05,1.5,473.0,550.0,496.73752,1.149062,626.31165,585.27167,88.53415,1.1775728,0.028510809,521.6624,-104.64923
1.5-473-550,0.4081632653,0.8163265306,0.9442484491033019,-0.0008490585182,1.5,473.0,550.0,778.8521,1.794174,85.074036,810.1081,31.255981,1.448973,-0.34520102,191.1606,106.08656
1.5-473-550,0.1385542168,0.2771084336,0.3542741439827602,-0.0003185596757,1.5,473.0,550.0,484.34503,1.0832603,638.85284,557.86725,73.52222,1.1018193,0.018558979,552.1332,-86.719666
1.5-473-550,0.2975903615,0.595180723,0.9996041060258503,0.000898833757,1.5,473.0,550.0,1183.03,0.010378474,43.812744,973.2871,-209.74292,0.94138354,0.93100506,119.175705,75.36296
1.5-473-550,0.2626506024,0.5253012048,0.9985491866279087,0.0008978851843,1.5,473.0,550.0,1211.9926,0.039630886,42.559326,952.8393,-259.15326,0.8778471,0.8382162,141.09901,98.53969
1.5-473-550,0.08367346941,0.16734693882,0.5396442233296441,-0.0004852425493,1.5,473.0,550.0,473.00003,1.0899302,649.85333,511.2407,38.24066,1.0311503,-0.058779836,586.165,-63.688354
1.5-473-550,0.3180722892,0.6361445784,0.6021818746711394,-0.0005414757638,1.5,473.0,550.0,611.1203,1.7326754,475.39212,654.70795,43.587646,1.8025771,0.069901705,381.69165,-93.70047
1.5-473-550,0.3144578314,0.6289156628,0.4163512326852384,0.000374378757,1.5,473.0,550.0,572.5464,1.6423879,535.2367,646.6312,74.08484,1.6297344,-0.01265347,427.45215,-107.784546
1.5-473-550,0.2493975904,0.4987951808,0.9996041060258503,0.000898833757,1.5,473.0,550.0,1231.2739,0.008888835,41.772186,940.3715,-290.9024,0.84420407,0.8353152,152.21327,110.441086
1.5-473-550,0.2445783133,0.4891566266,0.7098470004029654,0.0006382871403,1.5,473.0,550.0,579.7828,1.4417758,524.41315,637.2914,57.508606,1.5261251,0.084349275,412.89435,-111.5188
1.5-473-550,0.0,0.0,0.9945146915314984,-0.0008942574077,1.5,473.0,550.0,473.00003,0.90842825,649.85333,465.01666,-7.983368,0.32779682,-0.58063143,607.6806,-42.17273
1.5-473-550,0.1746987951,0.3493975902,0.9215172744995802,-0.0008286188792,1.5,473.0,550.0,598.4486,0.97808653,495.10577,700.97375,102.52515,0.98904014,0.010953605,351.44513,-143.66064
1.5-473-550,0.2614457831,0.5228915662,0.9726063657286781,0.0008745576659,1.5,473.0,550.0,1088.7926,0.75390685,48.60202,908.1757,-180.61688,1.0217268,0.26782,173.79008,125.188065
1.5-473-550,0.3843373495,0.768674699,0.22784103821928303,0.0002048723241,1.5,473.0,550.0,614.2457,2.0222914,470.44052,687.60974,73.36401,1.7668334,-0.255458,383.57166,-86.868866
1.5-473-550,0.1614457831,0.3228915662,0.9895407848051817,-0.0008897849218,1.5,473.0,550.0,831.15985,0.28834927,73.70419,753.0443,-78.11554,0.70587516,0.4175259,303.0287,229.3245
1.5-473-550,0.1036144578,0.2072289156,0.47796385156444166,0.0004297801918,1.5,473.0,550.0,473.0215,1.0951737,649.83307,527.173,54.15146,1.0622345,-0.032939196,575.2082,-74.62488
1.5-473-550,0.2939759036,0.5879518072,0.9956514833048237,-0.0008952795992,1.5,473.0,550.0,1168.3741,0.138093,44.483032,965.8856,-202.48853,0.9596993,0.8216063,125.0627,80.579666
1.5-473-550,0.178313253,0.356626506,0.6600967573005477,0.0005935522321,1.5,473.0,550.0,516.4857,1.1167247,605.6779,558.61774,42.13202,1.2716464,0.15492165,509.4148,-96.26312
1.5-473-550,0.1373493975,0.274698795,0.8705746216627653,0.0007828117684,1.5,473.0,550.0,513.061,0.9054624,609.48096,589.18146,76.12048,0.99101716,0.08555478,456.26337,-153.21759
1.5-473-550,0.1192771084,0.2385542168,0.03282169735804886,2.951293354e-05,1.5,473.0,550.0,474.7075,1.1198337,648.2426,575.95496,101.24747,1.1788203,0.058986545,525.7721,-122.47052
1.5-473-550,0.09591836738,0.19183673476,0.9811301448069191,0.0008822221606,1.5,473.0,550.0,473.00003,0.19425142,649.85333,591.322,118.32199,0.5889432,0.39469177,447.38373,-202.4696
1.5-473-550,0.4653061225,0.930612245,0.9895407848051817,-0.0008897849218,1.5,473.0,550.0,659.78046,0.54663295,352.45636,754.63495,94.85449,1.1606663,0.6140334,228.5176,-123.93877
1.5-473-550,0.0387755102,0.0775510204,0.16340484097302546,-0.0001469319566,1.5,473.0,550.0,473.00003,1.2430104,649.85333,578.3006,105.30057,1.0942142,-0.1487962,532.1653,-117.68805
1.5-473-550,0.4612244898,0.9224489796,0.9999999997775775,-0.0008991897406,1.5,473.0,550.0,660.55536,-5.322157e-09,346.29355,767.5995,107.04413,1.0954635,1.0954635,221.29987,-124.99368
1.5-473-550,0.1734939759,0.3469879518,0.8206166047262803,-0.0007378900321,1.5,473.0,550.0,536.8885,1.0520948,582.9725,614.739,77.850525,1.1844356,0.13234079,436.70352,-146.26895
1.5-473-550,0.1337349397,0.2674698794,0.998978267368595,0.0008982710093,1.5,473.0,550.0,763.5739,0.041753408,89.503006,696.44977,-67.124146,0.6036201,0.5618667,350.18802,260.685
1.5-473-550,0.1746987951,0.3493975902,0.9985491866279087,0.0008978851843,1.5,473.0,550.0,972.36365,0.03462487,56.708405,797.4468,-174.91687,0.69299704,0.65837216,266.3353,209.62689
1.5-473-550,0.3879518073,0.7759036146,0.9993254186825348,-0.0008985831642,1.5,473.0,550.0,1105.4103,0.030225212,47.658905,897.7228,-207.6875,1.0884968,1.0582716,143.97766,96.318756
1.5-473-550,0.1879518072,0.3759036144,0.9531521909241071,0.0008570646715,1.5,473.0,550.0,803.815,0.8965152,79.76941,764.49426,-39.32074,0.92115164,0.024636447,295.6754,215.906
1.5-473-550,0.3048192771,0.6096385542,0.9993254186825348,0.0008985831642,1.5,473.0,550.0,1176.5245,0.019866163,44.11026,973.11206,-203.41248,0.9572073,0.93734115,117.44443,73.33417
1.5-473-550,0.2698795181,0.5397590362,0.9071317792997667,-0.0008156835895,1.5,473.0,550.0,834.87897,1.5637404,73.358505,821.18884,-13.6901245,1.3273664,-0.23637402,237.4015,164.043
1.5-473-550,0.02244897957,0.04489795914,0.9965972946963587,-0.0008961300631,1.5,473.0,550.0,473.00003,0.031305548,649.85333,484.98923,11.989197,0.36985278,0.33854723,574.01105,-75.842285
1.5-473-550,0.0387755102,0.0775510204,0.9996041060258503,0.000898833757,1.5,473.0,550.0,473.00003,0.0031082577,649.85333,505.46454,32.464508,0.39501667,0.3919084,545.274,-104.579346
1.5-473-550,0.2819277109,0.5638554218,0.8705746216627653,-0.0007828117684,1.5,473.0,550.0,736.27795,1.6951693,103.917114,786.3011,50.023132,1.4772424,-0.21792698,260.71985,156.80273
1.5-473-550,0.3975903615,0.795180723,0.47796385156444166,0.0004297801918,1.5,473.0,550.0,637.86786,2.1949096,424.18234,687.0717,49.203857,2.021421,-0.17348862,344.93033,-79.252014
1.5-473-550,0.2096385542,0.4192771084,0.9844268823757469,-0.0008851865532,1.5,473.0,550.0,1226.4993,0.36714756,41.961395,851.92847,-374.5708,0.83959705,0.47244948,223.22163,181.26024
1.5-473-550,0.06326530613,0.12653061226,0.999825745120423,0.0008990330526,1.5,473.0,550.0,473.00003,0.0009982532,649.85333,542.8743,69.8743,0.44767684,0.44667858,499.38757,-150.46576
1.5-473-550,0.3180722892,0.6361445784,0.7892004020960466,-0.000709640905,1.5,473.0,550.0,657.33826,1.8213103,355.7505,728.751,71.41272,1.7598877,-0.061422586,293.05948,-62.69101
1.5-473-550,0.1903614458,0.3807228916,0.16340484119544796,0.0001469319568,1.5,473.0,550.0,503.5924,1.2058109,619.3745,590.4275,86.83508,1.1757885,-0.030022383,519.4401,-99.93439
1.5-473-550,0.1855421686,0.3710843372,0.8206166047262803,0.0007378900321,1.5,473.0,550.0,550.004,1.1100328,567.1725,632.3161,82.31207,1.2271763,0.11714351,419.67902,-147.49347
1.5-473-550,0.1373493975,0.274698795,0.16340484119544796,0.0001469319568,1.5,473.0,550.0,481.9672,1.0986736,641.2592,577.84906,95.88187,1.129238,0.030564427,532.76086,-108.49835
1.5-473-550,0.1795180723,0.3590361446,0.9915009044774012,0.0008915474413,1.5,473.0,550.0,963.1864,0.204422,57.509277,798.55707,-164.62933,0.73727435,0.53285235,265.85632,208.34705
1.5-473-550,0.4571428571,0.9142857142,0.8902853188558087,-0.0008005354251,1.5,473.0,550.0,660.7477,1.4327978,344.46628,721.7031,60.955444,1.6864274,0.25362957,242.01515,-102.451126
1.5-473-550,0.0,0.0,0.41652669253852764,-0.0003745365287,1.5,473.0,550.0,473.00003,0.90842825,649.85333,554.5724,81.57236,0.97382617,0.06539792,569.9462,-79.907104
1.5-473-550,0.3614457832,0.7228915664,0.9531521908128958,-0.0008570646714,1.5,473.0,550.0,926.1411,1.5021577,61.061523,874.0767,-52.064392,1.3450216,-0.15713608,163.65201,102.590485
1.5-473-550,0.09795918371,0.19591836742,0.3542741437603377,0.0003185596755,1.5,473.0,550.0,473.00003,1.1500888,649.85333,551.57886,78.57883,1.0609674,-0.08912134,560.7245,-89.128845
1.5-473-550,0.2927710844,0.5855421688,0.9915009044774012,0.0008915474413,1.5,473.0,550.0,1150.1398,0.2698419,45.35208,958.54706,-191.59271,0.9833211,0.71347916,130.34845,84.99637
1.5-473-550,0.1975903614,0.3951807228,0.9215172744995802,-0.0008286188792,1.5,473.0,550.0,742.1729,1.193791,105.30318,744.01587,1.8429565,1.057891,-0.13590002,313.99442,208.69124
1.5-473-550,0.1927710843,0.3855421686,0.22784103833049427,-0.0002048723242,1.5,473.0,550.0,505.25702,1.2152689,617.68994,589.3054,84.0484,1.1719828,-0.043286085,521.5925,-96.09741
1.5-473-550,0.3975903615,0.795180723,0.9980223152919674,-0.000897411427,1.5,473.0,550.0,1086.8932,0.10513329,48.70993,880.2349,-206.65826,1.1068505,1.0017172,152.90947,104.19954
1.5-473-550,0.2734939759,0.5469879518,0.9985491866279087,-0.0008978851843,1.5,473.0,550.0,1200.0325,0.04109245,43.067627,961.6312,-238.40125,0.90003544,0.858943,132.77505,89.70743
1.5-473-550,0.2927710844,0.5855421688,0.8475322498919685,0.0007620923041,1.5,473.0,550.0,696.1898,1.7465045,162.2738,768.2699,72.08008,1.5699724,-0.17653215,270.88803,108.61423
1.5-473-550,0.4489795918,0.8979591836,0.7892004020960466,0.000709640905,1.5,473.0,550.0,661.633,1.6323338,336.05524,701.73627,40.10327,1.9986337,0.3663,261.6782,-74.377045
1.5-473-550,0.0102040816,0.0204081632,0.9215172744995802,0.0008286188792,1.5,473.0,550.0,473.00003,0.6107169,649.85333,457.53275,-15.467285,0.554594,-0.0561229,614.84216,-35.01117
1.5-473-550,0.1445783132,0.2891566264,0.998978267368595,0.0008982710093,1.5,473.0,550.0,808.8168,0.03430992,77.99951,723.61835,-85.198425,0.6268173,0.59250736,326.9672,248.96768
1.5-473-550,0.4775510204,0.9551020408,0.9956514833048237,0.0008952795992,1.5,473.0,550.0,658.3019,0.23493326,358.42526,738.28534,79.98346,1.1057695,0.87083626,242.49745,-115.92781
1.5-473-550,0.3180722892,0.6361445784,0.6600967573005477,0.0005935522321,1.5,473.0,550.0,624.0617,1.7587951,452.74036,667.5089,43.447205,1.8242322,0.06543708,359.97348,-92.76688
1.5-473-550,0.3397590362,0.6795180724,0.9973789933391554,-0.0008968329585,1.5,473.0,550.0,1141.5614,0.09715163,45.775024,954.8279,-186.73352,1.034206,0.9370544,119.79996,74.02493
1.5-473-550,0.3168674699,0.6337349398,0.6021818746711394,0.0005414757638,1.5,473.0,550.0,610.35626,1.7268816,476.63614,654.0718,43.715515,1.7976351,0.070753455,382.82343,-93.81271
1.5-473-550,0.1385542168,0.2771084336,0.9442484491033019,0.0008490585182,1.5,473.0,550.0,548.4441,0.78917736,569.2548,649.3475,100.90338,0.8181138,0.028936446,394.88635,-174.36847
1.5-473-550,0.4163265306,0.8326530612,0.9442484491033019,-0.0008490585182,1.5,473.0,550.0,725.0807,1.6782901,106.18268,799.1264,74.045715,1.4525473,-0.22574282,196.60176,90.41908
1.5-473-550,0.4693877551,0.9387755102,0.7892004020960466,0.000709640905,1.5,473.0,550.0,658.31836,1.617685,358.35873,693.14496,34.8266,1.979761,0.36207604,266.7678,-91.59094
1.5-473-550,0.03265306121,0.06530612242,0.998978267368595,-0.0008982710093,1.5,473.0,550.0,473.00003,0.009083087,649.85333,497.43176,24.431732,0.38386983,0.37478673,556.1685,-93.684814
1.5-473-550,0.2759036145,0.551807229,0.9671530515086588,0.0008696541017,1.5,473.0,550.0,1043.9895,0.9210678,51.370758,910.9697,-133.01978,1.0848783,0.16381055,168.21782,116.84706
1.5-473-550,0.2746987952,0.5493975904,0.5396442233296441,0.0004852425493,1.5,473.0,550.0,560.1898,1.508134,554.06116,620.76166,60.57184,1.5780554,0.069921374,443.09723,-110.96393
1.5-473-550,0.4551020408,0.9102040816,0.7098470004029654,0.0006382871403,1.5,473.0,550.0,659.33636,1.7065396,354.2492,692.10815,32.77179,2.1239252,0.41738558,278.25305,-75.996155
1.5-473-550,0.1337349397,0.2674698794,0.9945113832197316,0.0008942544329,1.5,473.0,550.0,726.6798,0.23807341,105.2056,691.213,-35.466797,0.62279546,0.38472205,354.942,249.73639
1.5-473-550,0.126506024,0.253012048,0.9772248215579286,0.000878710534,1.5,473.0,550.0,586.8999,0.57887614,512.2637,655.1056,68.20569,0.67503893,0.096162796,387.637,-124.62668
1.5-473-550,0.169879518,0.339759036,0.9965972946963587,-0.0008961300631,1.5,473.0,550.0,933.74286,0.08487182,60.267822,783.07605,-150.66681,0.692056,0.6071842,278.04346,217.77563
1.5-473-550,0.3108433735,0.621686747,0.9980223152919674,-0.000897411427,1.5,473.0,550.0,1167.5837,0.064547054,44.519165,970.24744,-197.3363,0.97735006,0.912803,117.73741,73.21825
1.5-473-550,0.3879518073,0.7759036146,0.9945113832197316,0.0008942544329,1.5,473.0,550.0,1081.2864,0.27562886,49.03589,891.77094,-189.51544,1.122442,0.84681314,147.26257,98.226685
1.5-473-550,0.004081632618,0.008163265236,0.9772248215579286,-0.000878710534,1.5,473.0,550.0,473.00003,0.25207168,649.85333,463.55734,-9.442688,0.39219636,0.14012468,607.7933,-42.06006
1.5-473-550,0.03265306121,0.06530612242,0.9726063657286781,0.0008745576659,1.5,473.0,550.0,473.00003,0.2700898,649.85333,486.5849,13.584869,0.47059086,0.20050105,568.5042,-81.34912
1.5-473-550,0.4938775511,0.9877551022,0.7525573838264147,0.0006766918789,1.5,473.0,550.0,657.3146,1.673175,362.4111,683.91486,26.60028,2.0131814,0.34000647,278.70297,-83.70813
1.5-473-550,0.2493975904,0.4987951808,0.9726063657286781,0.0008745576659,1.5,473.0,550.0,1104.1688,0.73104894,47.736725,895.3272,-208.84161,0.9928288,0.26177984,185.73837,138.00165
1.5-473-550,0.3710843374,0.7421686748,0.9071317792997667,-0.0008156835895,1.5,473.0,550.0,829.909,1.9660814,74.03766,815.61816,-14.2908325,1.584697,-0.38138437,198.31921,124.281555
1.5-473-550,0.1662650602,0.3325301204,0.5396442233296441,0.0004852425493,1.5,473.0,550.0,502.49786,1.101124,620.4822,543.9328,41.434937,1.2013994,0.1002754,543.6372,-76.84497
1.5-473-550,0.06734693879,0.13469387758,0.9915009044774012,0.0008915474413,1.5,473.0,550.0,473.00003,0.087678365,649.85333,544.4327,71.43265,0.48699108,0.3993127,497.01813,-152.8352
1.5-473-550,0.2445783133,0.4891566266,0.9895407848051817,0.0008897849218,1.5,473.0,550.0,1199.6417,0.28017628,43.08423,917.06525,-282.57648,0.8916739,0.61149764,170.13597,127.05174
1.5-473-550,0.04285714285,0.0857142857,0.4163512326852384,0.000374378757,1.5,473.0,550.0,473.00003,1.1563,649.85333,542.62537,69.625336,1.0074624,-0.14883757,572.45447,-77.398865
1.5-473-550,0.3012048193,0.6024096386,0.9726063657286781,0.0008745576659,1.5,473.0,550.0,1046.9993,0.8628558,51.16864,929.14954,-117.84973,1.1136559,0.25080013,147.96483,96.79619
1.5-473-550,0.1253012048,0.2506024096,0.16340484097302546,-0.0001469319566,1.5,473.0,550.0,477.01846,1.1040974,646.0626,576.2644,99.24594,1.1227047,0.018607378,534.339,-111.72363
1.5-473-550,0.07959183676,0.15918367352,0.9973789933391554,0.0008968329585,1.5,473.0,550.0,473.00003,0.026269788,649.85333,571.29315,98.29312,0.49255982,0.46629003,468.15656,-181.69678
1.5-473-550,0.3108433735,0.621686747,0.47796385156444166,-0.0004297801918,1.5,473.0,550.0,580.1476,1.6469184,522.8342,642.6735,62.52594,1.6734246,0.026506186,420.85052,-101.9837
1.5-473-550,0.3674698796,0.7349397592,0.47796385156444166,-0.0004297801918,1.5,473.0,550.0,620.42206,1.9548975,459.58264,673.77704,53.35498,1.9083256,-0.04657197,369.24048,-90.34216
1.5-473-550,0.3048192771,0.6096385542,0.9996041060258503,-0.000898833757,1.5,473.0,550.0,1177.7594,0.010586971,44.053802,973.58685,-204.17255,0.9553673,0.94478035,117.131744,73.07794
1.5-473-550,0.4775510204,0.9551020408,0.9671530515086588,-0.0008696541017,1.5,473.0,550.0,658.239,1.0530664,358.67917,725.91895,67.67993,1.2799637,0.22689736,246.25702,-112.42215
1.5-473-550,0.09591836738,0.19183673476,0.2914697156873968,0.0002620865781,1.5,473.0,550.0,473.00003,1.1632739,649.85333,561.9226,88.92258,1.0703318,-0.09294212,551.8497,-98.00366
1.5-473-550,0.06734693879,0.13469387758,0.9726063657286781,-0.0008745576659,1.5,473.0,550.0,473.00003,0.28834397,649.85333,532.717,59.71695,0.5507998,0.26245582,509.2986,-140.55472
1.5-473-550,0.395180723,0.790361446,0.9956514833048237,-0.0008952795992,1.5,473.0,550.0,1077.5393,0.2328574,49.253723,881.4944,-196.04492,1.1214759,0.8886185,152.33463,103.0809
1.5-473-550,0.3060240964,0.6120481928,0.9998257452316341,-0.0008990330527,1.5,473.0,550.0,1178.1998,0.0032458252,44.03366,973.8956,-204.3042,0.956208,0.95296216,116.61676,72.5831
1.5-473-550,0.3373493976,0.6746987952,0.9872047710533666,0.0008876844022,1.5,473.0,550.0,1093.7415,0.4767716,48.31183,940.9861,-152.75537,1.0978268,0.62105525,129.03543,80.7236
1.5-473-550,0.1831325301,0.3662650602,0.7892004020960466,0.000709640905,1.5,473.0,550.0,538.5197,1.10687,581.0788,609.6065,71.08679,1.2507188,0.14384878,443.88263,-137.19617
1.5-473-550,0.1385542168,0.2771084336,0.9215172744995802,0.0008286188792,1.5,473.0,550.0,531.81006,0.8404774,588.6372,628.95886,97.1488,0.88321567,0.04273826,414.97095,-173.66626
1.5-473-550,0.1144578313,0.2289156626,0.7525573838264147,-0.0006766918789,1.5,473.0,550.0,481.557,0.9486,641.6743,513.6077,32.05072,1.0505347,0.10193473,545.67413,-96.00018
1.5-473-550,0.3180722892,0.6361445784,0.29146971579860803,-0.0002620865782,1.5,473.0,550.0,559.3516,1.6258521,555.06354,652.99536,93.64374,1.5382499,-0.08760226,436.94257,-118.12097
1.5-473-550,0.4183673469,0.8367346938,0.9071317792997667,0.0008156835895,1.5,473.0,550.0,710.31415,1.8709074,116.72034,770.0142,59.700073,1.6339113,-0.23699617,214.104,97.38367
1.5-473-550,0.3686746988,0.7373493976,0.03282169734692774,-2.951293353e-05,1.5,473.0,550.0,595.4362,1.8880066,499.93292,654.52997,59.09375,1.6204243,-0.2675823,414.61594,-85.316986
1.5-473-550,0.1373493975,0.274698795,0.9956514833048237,-0.0008952795992,1.5,473.0,550.0,751.8303,0.17614621,93.59241,701.48645,-50.343872,0.6258333,0.44968706,346.0048,252.41238
1.5-473-550,0.2795180723,0.5590361446,0.9071317792997667,-0.0008156835895,1.5,473.0,550.0,832.92944,1.5954094,73.67078,827.78925,-5.1401978,1.3564786,-0.23893082,228.93542,155.26465
1.5-473-550,0.4551020408,0.9102040816,0.9337895728803226,-0.000839654004,1.5,473.0,550.0,661.5866,1.2874432,336.49533,741.147,79.56036,1.4924186,0.20497549,230.43317,-106.062164
1.5-473-550,0.1650602409,0.3301204818,0.9844268823757469,0.0008851865532,1.5,473.0,550.0,821.49567,0.39866513,75.493744,754.92065,-66.57501,0.7365809,0.33791578,301.81924,226.3255
1.5-473-550,0.2060240964,0.4120481928,0.6600967573005477,-0.0005935522321,1.5,473.0,550.0,532.1917,1.2596158,588.2128,584.52734,52.335632,1.3709494,0.11133361,479.49527,-108.71756
1.5-473-550,0.3277108434,0.6554216868,0.9726063657286781,0.0008745576659,1.5,473.0,550.0,1027.8677,0.93669945,52.455414,924.5197,-103.34796,1.1700063,0.23330683,142.47865,90.02324
1.5-473-550,0.2975903615,0.595180723,0.9215172744995802,0.0008286188792,1.5,473.0,550.0,868.69653,1.580813,67.99249,854.42535,-14.271179,1.353399,-0.22741401,202.05957,134.06708
1.5-473-550,0.4265306122,0.8530612244,0.09831793590232207,-8.84064793e-05,1.5,473.0,550.0,638.32556,2.1763937,423.26886,693.4156,55.090027,1.8616607,-0.31473303,358.89734,-64.37152
1.5-473-550,0.2168674699,0.4337349398,0.4163512323516047,-0.0003743787567,1.5,473.0,550.0,518.17474,1.3111689,603.79974,584.5929,66.41815,1.279682,-0.03148687,512.42975,-91.369995
1.5-473-550,0.2518072289,0.5036144578,0.8902853188558087,-0.0008005354251,1.5,473.0,550.0,770.8973,1.5771453,88.94624,784.31635,13.419067,1.3235037,-0.2536416,272.52386,183.57762
1.5-473-550,0.07346938777,0.14693877554,0.9531521909241071,0.0008570646715,1.5,473.0,550.0,473.00003,0.46359837,649.85333,531.4343,58.434296,0.6243722,0.16077381,510.15857,-139.69476
1.5-473-550,0.1963855422,0.3927710844,0.9671530515086588,0.0008696541017,1.5,473.0,550.0,1002.306,0.7337658,54.331726,800.35614,-201.94989,0.8868277,0.15306193,265.44717,211.11545
1.5-473-550,0.2469879518,0.4939759036,0.8902853187445975,0.000800535425,1.5,473.0,550.0,764.9614,1.5539435,91.44832,779.17883,14.217407,1.3077115,-0.24623203,278.03134,186.58302
1.5-473-550,0.1650602409,0.3301204818,0.9973789933391554,0.0008968329585,1.5,473.0,550.0,910.1807,0.06775432,62.74344,772.4616,-137.71912,0.6780007,0.61024636,286.6116,223.86816
1.5-473-550,0.4285714286,0.8571428572,0.9726063657286781,-0.0008745576659,1.5,473.0,550.0,686.89667,1.1269602,149.60797,803.45105,116.55438,1.2895008,0.16254067,194.25989,44.651917
1.5-473-550,0.3807228916,0.7614457832,0.9215172744995802,0.0008286188792,1.5,473.0,550.0,851.0041,1.9485747,70.46353,821.06256,-29.941528,1.5360147,-0.41256,191.19331,120.72978
1.5-473-550,0.4163265306,0.8326530612,0.9811301446957078,0.0008822221605,1.5,473.0,550.0,730.18005,1.0909516,103.423294,830.92426,100.7442,1.2332605,0.14230895,179.10909,75.68579
1.5-473-550,0.0244897959,0.0489795918,0.999825745120423,0.0008990330526,1.5,473.0,550.0,473.00003,0.0009121246,649.85333,488.4369,15.436859,0.36308426,0.36217213,569.2846,-80.568726
1.5-473-550,0.3506024097,0.7012048194,0.9442484491033019,0.0008490585182,1.5,473.0,550.0,909.4014,1.5680976,62.83206,872.04,-37.36145,1.3730713,-0.19502628,168.65874,105.826675
1.5-473-550,0.3626506025,0.725301205,0.9985491866279087,-0.0008978851843,1.5,473.0,550.0,1125.891,0.05862057,46.564575,933.00336,-192.88763,1.0623236,1.003703,127.64618,81.081604
1.5-473-550,0.2445783133,0.4891566266,0.9985491866279087,-0.0008978851843,1.5,473.0,550.0,1238.2518,0.03751343,41.495636,932.40356,-305.84827,0.84041595,0.8029025,158.7034,117.20776
1.5-473-550,0.1578313253,0.3156626506,0.9965972946963587,-0.0008961300631,1.5,473.0,550.0,861.915,0.09704714,68.802185,753.6056,-108.30939,0.6660683,0.56902117,302.10873,233.30655
1.5-473-550,0.3228915663,0.6457831326,0.9215172744995802,0.0008286188792,1.5,473.0,550.0,866.11914,1.6581734,68.33441,855.75916,-10.359985,1.4196206,-0.23855281,190.74162,122.40721
1.5-473-550,0.1156626505,0.231325301,0.9811301446957078,-0.0008822221605,1.5,473.0,550.0,575.1821,0.46178892,530.81134,634.1818,58.999695,0.6349373,0.17314836,406.48087,-124.330475
1.5-473-550,0.4714285714,0.9428571428,0.9895407848051817,0.0008897849218,1.5,473.0,550.0,658.9144,0.546402,355.95255,744.8786,85.96417,1.1533544,0.6069524,235.87112,-120.08142
1.5-473-550,0.2746987952,0.5493975904,0.2914697156873968,0.0002620865781,1.5,473.0,550.0,530.59564,1.463907,589.9877,627.41614,96.820496,1.3819333,-0.08197367,472.57913,-117.40854
1.5-473-550,0.06530612246,0.13061224492,0.3542741439827602,-0.0003185596757,1.5,473.0,550.0,473.00003,1.1516982,649.85333,552.40326,79.40323,1.0381271,-0.11357117,562.14075,-87.712585
1.5-473-550,0.2578313253,0.5156626506,0.9956514833048237,-0.0008952795992,1.5,473.0,550.0,1203.527,0.12188511,42.919098,943.05664,-260.47034,0.8851909,0.7633058,148.98253,106.06343
1.5-473-550,0.4,0.8,0.9980233842543413,-0.0008974123882,1.5,473.0,550.0,1026.9688,0.10975539,53.32782,876.1334,-150.83533,1.1088146,0.9990592,155.04417,101.716354
1.5-473-550,0.1457831325,0.291566265,0.9071317792997667,-0.0008156835895,1.5,473.0,550.0,534.3461,0.8866052,585.81714,630.99554,96.649414,0.9406701,0.05406487,414.35635,-171.46078
1.5-473-550,0.365060241,0.730120482,0.2914697156873968,0.0002620865781,1.5,473.0,550.0,602.0253,1.8914384,490.1205,679.41284,77.38751,1.7319524,-0.15948594,395.2427,-94.87781
1.5-473-550,0.1204819277,0.2409638554,0.7098470004029654,-0.0006382871403,1.5,473.0,550.0,483.8881,0.9802127,639.31525,513.3253,29.437225,1.0870848,0.10687208,552.1698,-87.14545
1.5-473-550,0.2445783133,0.4891566266,0.6021818746711394,0.0005414757638,1.5,473.0,550.0,546.1575,1.4068439,571.9899,605.7306,59.57312,1.4987987,0.09195483,457.18204,-114.80789
1.5-473-550,0.1795180723,0.3590361446,0.9671530515086588,0.0008696541017,1.5,473.0,550.0,794.2295,0.71840507,81.5314,764.98987,-29.239624,0.84417087,0.1257658,294.59186,213.06046
1.5-473-550,0.3975903615,0.795180723,0.5396442233296441,0.0004852425493,1.5,473.0,550.0,643.3505,2.2176716,410.30392,684.1686,40.818054,2.0621474,-0.15552425,334.08743,-76.21649
1.5-473-550,0.4673469388,0.9346938776,0.9895407848051817,-0.0008897849218,1.5,473.0,550.0,659.4625,0.5462298,353.7398,751.3505,91.888,1.1583592,0.6121294,230.95747,-122.78233
1.5-473-550,0.3361445784,0.6722891568,0.6600967573005477,-0.0005935522321,1.5,473.0,550.0,632.2948,1.8462409,436.1433,674.9886,42.693787,1.8939993,0.04775846,344.4891,-91.654205
1.5-473-550,0.1578313253,0.3156626506,0.9980223152919674,-0.000897411427,1.5,473.0,550.0,871.5514,0.05548125,67.49228,755.5179,-116.03351,0.659506,0.60402477,300.4428,232.95053
1.5-473-550,0.2385542169,0.4771084338,0.998978267368595,-0.0008982710093,1.5,473.0,550.0,1254.7961,0.02493369,40.853027,924.7922,-330.00397,0.8253731,0.8004394,165.03271,124.17969
1.5-473-550,0.2819277109,0.5638554218,0.8902853188558087,0.0008005354251,1.5,473.0,550.0,788.1756,1.6621753,83.3591,808.6076,20.432007,1.420059,-0.24211633,242.95251,159.59341
1.5-473-550,0.2024096385,0.404819277,0.03282169734692774,-2.951293353e-05,1.5,473.0,550.0,506.89136,1.2613741,616.03595,588.7792,81.88782,1.2286044,-0.03276968,512.4689,-103.56708
1.5-473-550,0.0,0.0,0.9999998074933552,0.0008991895677,1.5,473.0,550.0,473.00003,-5.322157e-09,649.85333,466.4872,-6.5128174,0.30921775,0.30921775,605.8226,-44.03076
1.5-473-550,0.01224489793,0.02448979586,0.9999999997775775,0.0008991897406,1.5,473.0,550.0,473.00003,-5.322157e-09,649.85333,476.3922,3.3921814,0.33583146,0.33583146,588.27264,-61.58069
1.5-473-550,0.4612244898,0.9224489796,0.9965972946963587,0.0008961300631,1.5,473.0,550.0,660.55396,0.18370163,346.3069,765.5066,104.95264,1.1183863,0.93468463,222.07788,-124.229004
1.5-473-550,0.1445783132,0.2891566264,0.998978267368595,-0.0008982710093,1.5,473.0,550.0,808.8168,0.0343098,77.99951,723.61835,-85.198425,0.6268173,0.5925075,326.9672,248.96768
1.5-473-550,0.1228915662,0.2457831324,0.9844268823757469,0.0008851865532,1.5,473.0,550.0,610.25,0.48605224,477.10648,654.1071,43.857117,0.6392067,0.15315446,388.19998,-88.906494
1.5-473-550,0.1421686747,0.2843373494,0.9985491866279087,0.0008978851843,1.5,473.0,550.0,795.7125,0.05180162,80.74057,717.034,-78.67853,0.623577,0.5717754,332.56488,251.82431
1.5-473-550,0.2469879518,0.4939759036,0.6600967573005477,0.0005935522321,1.5,473.0,550.0,563.6018,1.4331094,549.07715,620.96814,57.366333,1.5322081,0.09909868,433.40988,-115.66727
1.5-473-550,0.148192771,0.296385542,0.9996041061370615,-0.0008988337571,1.5,473.0,550.0,829.9849,0.010830397,73.850876,733.50073,-96.48419,0.6316943,0.6208639,318.62268,244.7718
1.5-473-550,0.1096385542,0.2192771084,0.993141646395439,0.0008930227796,1.5,473.0,550.0,627.01746,0.2235654,447.37683,632.0798,5.062317,0.575194,0.3516286,408.12802,-39.24881
1.5-473-550,0.1614457831,0.3228915662,0.8475322498919685,-0.0007620923041,1.5,473.0,550.0,531.797,0.994278,588.6518,613.7648,81.96777,1.1066523,0.112374246,435.44592,-153.20587
1.5-473-550,0.1240963855,0.248192771,0.9531521909241071,0.0008570646715,1.5,473.0,550.0,532.69385,0.6993949,587.6544,626.74365,94.049805,0.7520206,0.052625716,414.66672,-172.9877
1.5-473-550,0.1530120482,0.3060240964,0.9337895728803226,-0.000839654004,1.5,473.0,550.0,564.08966,0.86532944,548.9406,669.6789,105.58923,0.8898472,0.024517775,377.781,-171.1596
1.5-473-550,0.06938775512,0.13877551024,0.16340484097302546,-0.0001469319566,1.5,473.0,550.0,473.00003,1.1832433,649.85333,575.04865,102.048615,1.1031816,-0.080061674,535.1678,-114.68555
1.5-473-550,0.3108433735,0.621686747,0.6021818746711394,0.0005414757638,1.5,473.0,550.0,606.3416,1.6983614,483.11298,650.8002,44.458557,1.7728045,0.0744431,388.55676,-94.55621
1.5-473-550,0.1590361445,0.318072289,0.9956514833048237,-0.0008952795992,1.5,473.0,550.0,861.9236,0.12262838,68.77988,755.31213,-106.61145,0.67300916,0.55038077,300.76343,231.98355
1.5-473-550,0.4959183674,0.9918367348,0.9531521909241071,-0.0008570646715,1.5,473.0,550.0,657.4262,1.1833347,361.9605,698.79803,41.371826,1.3194419,0.1361072,267.5227,-94.437805
1.5-473-550,0.07346938777,0.14693877554,0.9872047710533666,-0.0008876844022,1.5,473.0,550.0,473.00003,0.13236248,649.85333,552.3693,79.36929,0.515989,0.38362652,487.97104,-161.8823
1.5-473-550,0.4775510204,0.9551020408,0.9531521908128958,-0.0008570646714,1.5,473.0,550.0,658.2074,1.179428,358.8067,720.68774,62.480347,1.3580745,0.17864656,248.06215,-110.74455
1.5-473-550,0.02244897957,0.04489795914,0.29146971579860803,-0.0002620865782,1.5,473.0,550.0,473.00003,1.1880245,649.85333,570.5631,97.56308,1.034534,-0.15349054,547.8674,-101.98596
1.5-473-550,0.2240963855,0.448192771,0.9215172744995802,0.0008286188792,1.5,473.0,550.0,917.53046,1.3618994,62.207764,787.6864,-129.84406,1.1382804,-0.22361898,275.07828,212.87051
1.5-473-550,0.1253012048,0.2506024096,0.09831793589120096,8.840647929e-05,1.5,473.0,550.0,476.80087,1.1075138,646.2678,577.6138,100.8129,1.1493068,0.04179299,529.2347,-117.03314
1.5-473-550,0.02040816324,0.04081632648,0.998978267368595,-0.0008982710093,1.5,473.0,550.0,473.00003,0.008780533,649.85333,483.8186,10.818573,0.35715234,0.3483718,576.1791,-73.674255
1.5-473-550,0.2265060241,0.4530120482,0.9442484491033019,0.0008490585182,1.5,473.0,550.0,1028.1874,1.1451952,52.480377,821.58374,-206.60364,1.061656,-0.08353925,246.83064,194.35027
1.5-473-550,0.4816326531,0.9632653062,0.9811301446957078,0.0008822221605,1.5,473.0,550.0,657.976,0.8182267,359.74072,725.81354,67.837524,1.1904635,0.37223685,249.26189,-110.478836
1.5-473-550,0.04285714285,0.0857142857,0.8206166047262803,-0.0007378900321,1.5,473.0,550.0,473.00003,0.85585463,649.85333,466.36243,-6.6376038,0.805009,-0.050845623,600.06964,-49.78369
1.5-473-550,0.3831325302,0.7662650604,0.9985491866279087,0.0008978851843,1.5,473.0,550.0,1107.2261,0.066825025,47.56189,904.3327,-202.89337,1.0888063,1.0219812,140.793,93.23111
1.5-473-550,0.07346938777,0.14693877554,0.8705746216627653,0.0007828117684,1.5,473.0,550.0,473.00003,0.78869295,649.85333,497.69168,24.69165,0.8084075,0.019714534,551.3564,-98.49695
1.5-473-550,0.1602409638,0.3204819276,0.9726063657286781,-0.0008745576659,1.5,473.0,550.0,686.0006,0.7101459,170.82321,728.58795,42.58734,0.77427685,0.06413096,324.4976,153.67438
1.5-473-550,0.4897959184,0.9795918368,0.9671530515086588,-0.0008696541017,1.5,473.0,550.0,657.58514,1.0557295,361.31873,709.9185,52.333374,1.2567794,0.20104992,259.97876,-101.339966
1.5-473-550,0.3421686747,0.6843373494,0.6600967573005477,-0.0005935522321,1.5,473.0,550.0,634.82904,1.8773226,430.92776,677.095,42.26593,1.9163226,0.039000034,339.696,-91.23175
1.5-473-550,0.221686747,0.443373494,0.9973789933391554,0.0008968329585,1.5,473.0,550.0,1288.6056,0.06319731,39.923004,894.9443,-393.66132,0.79889333,0.735696,188.96164,149.03864
1.5-473-550,0.2277108433,0.4554216866,0.9671530515086588,0.0008696541017,1.5,473.0,550.0,1141.9308,0.7664735,45.76648,856.8342,-285.09656,0.9659302,0.19945675,218.43475,172.66827
1.5-473-550,0.04285714285,0.0857142857,0.9996041060258503,0.000898833757,1.5,473.0,550.0,473.00003,0.0031449741,649.85333,510.97568,37.975647,0.40392745,0.40078247,538.02216,-111.83118
1.5-473-550,0.1518072289,0.3036144578,0.7892004020960466,-0.000709640905,1.5,473.0,550.0,512.1658,0.9989619,610.46497,567.6997,55.533936,1.1413352,0.14237332,485.48425,-124.98071
1.5-473-550,0.156626506,0.313253012,0.9915009044774012,-0.0008915474413,1.5,473.0,550.0,816.4303,0.25015026,76.49484,743.91223,-72.51807,0.68640375,0.4362535,310.45175,233.95691
1.5-473-550,0.1240963855,0.248192771,0.47796385156444166,0.0004297801918,1.5,473.0,550.0,479.56668,1.0608035,643.65234,532.0983,52.531647,1.0939816,0.03317809,568.22345,-75.428894
1.5-473-550,0.2951807229,0.5903614458,0.9980223152919674,-0.000897411427,1.5,473.0,550.0,1178.065,0.061684188,44.039825,970.1916,-207.87335,0.9469185,0.8852343,121.85568,77.81586
1.5-473-550,0.1204819277,0.2409638554,0.9999999997775775,0.0008991897406,1.5,473.0,550.0,718.3434,-5.322157e-09,110.97415,664.88196,-53.461426,0.5708515,0.5708515,377.9653,266.99115
1.5-473-550,0.373493976,0.746987952,0.9215172744995802,-0.0008286188792,1.5,473.0,550.0,852.64575,1.8979826,70.20761,827.76556,-24.880188,1.5251702,-0.3728124,189.30156,119.09395
1.5-473-550,0.3963855422,0.7927710844,0.9956514833048237,0.0008952795992,1.5,473.0,550.0,1076.1873,0.23517704,49.332306,879.49835,-196.6889,1.1225381,0.88736105,153.35388,104.021576
1.5-473-550,0.1578313253,0.3156626506,0.9945113832197316,0.0008942544329,1.5,473.0,550.0,847.4754,0.15743113,71.026245,750.82574,-96.64966,0.6755738,0.5181427,304.53564,233.5094
1.5-473-550,0.1578313253,0.3156626506,0.5396442233296441,0.0004852425493,1.5,473.0,550.0,498.2139,1.0828689,624.81757,538.85846,40.64456,1.1793647,0.09649575,549.71094,-75.10663
1.5-473-550,0.4061224489,0.8122448978,0.9915009044774012,0.0008915474413,1.5,473.0,550.0,812.16925,0.5702177,77.337906,858.47754,46.30829,1.1587374,0.5885197,164.37798,87.04007
1.5-473-550,0.1542168674,0.3084337348,0.9993254186825348,0.0008985831642,1.5,473.0,550.0,857.5354,0.018543357,69.42203,748.25104,-109.28436,0.6457759,0.62723255,306.36014,236.93811
1.5-473-550,0.2819277109,0.5638554218,0.9973789933391554,0.0008968329585,1.5,473.0,550.0,1186.5328,0.07868975,43.652557,964.5769,-221.95593,0.9244715,0.84578174,128.88199,85.22943
1.5-473-550,0.4387755102,0.8775510204,0.9726063657286781,-0.0008745576659,1.5,473.0,550.0,670.39984,1.0471444,253.23529,787.01373,116.61389,1.2874554,0.24031103,204.08836,-49.146927
1.5-473-550,0.3337349398,0.6674698796,0.4163512326852384,0.000374378757,1.5,473.0,550.0,588.7598,1.7379959,509.25278,658.178,69.41815,1.7105137,-0.027482152,409.59802,-99.654755
1.5-473-550,0.2674698795,0.534939759,0.9895407848051817,0.0008897849218,1.5,473.0,550.0,1166.7233,0.3017313,44.558533,941.5479,-225.17535,0.94167525,0.63994396,148.25966,103.701126
1.5-473-550,0.1277108433,0.2554216866,0.9811301448069191,0.0008822221606,1.5,473.0,550.0,607.8326,0.55012965,481.02277,661.952,54.119446,0.6631014,0.11297172,381.32767,-99.6951
1.5-473-550,0.3915662651,0.7831325302,0.03282169735804886,2.951293354e-05,1.5,473.0,550.0,615.2043,2.0690005,468.81952,665.34296,50.13867,1.7049749,-0.3640256,395.55103,-73.26849
1.5-473-550,0.1927710843,0.3855421686,0.8475322498919685,0.0007620923041,1.5,473.0,550.0,572.5704,1.1526465,534.2278,663.072,90.50165,1.214522,0.061875463,389.0285,-145.19928
1.5-473-550,0.3144578314,0.6289156628,0.7892004020960466,-0.000709640905,1.5,473.0,550.0,656.21783,1.8047911,363.86328,727.7691,71.55127,1.7474174,-0.057373643,295.721,-68.14227
1.5-473-550,0.2987951807,0.5975903614,0.16340484119544796,0.0001469319568,1.5,473.0,550.0,535.67615,1.5312004,584.33813,638.24023,102.56409,1.4079405,-0.1232599,460.03702,-124.30112
1.5-473-550,0.2084337349,0.4168674698,0.09831793590232207,8.84064793e-05,1.5,473.0,550.0,509.0446,1.2858135,613.8569,594.8485,85.803925,1.2133862,-0.07242727,511.1846,-102.67227
1.5-473-550,0.4714285714,0.9428571428,0.9772248215579286,-0.000878710534,1.5,473.0,550.0,658.8739,0.9010871,356.11606,738.9055,80.03162,1.2300155,0.3289284,237.90599,-118.21007
1.5-473-550,0.1710843373,0.3421686746,0.9071317792997667,0.0008156835895,1.5,473.0,550.0,574.2125,0.9796682,531.69977,679.418,105.205505,1.0175447,0.037876546,371.24118,-160.45859
1.5-473-550,0.1795180723,0.3590361446,0.5396442233296441,0.0004852425493,1.5,473.0,550.0,509.04874,1.1390431,613.82367,552.45935,43.410614,1.2383544,0.09931135,533.3831,-80.44055
1.5-473-550,0.1385542168,0.2771084336,0.9973789933391554,0.0008968329585,1.5,473.0,550.0,770.8718,0.102804236,87.24808,706.55853,-64.31329,0.62095594,0.5181517,341.56073,254.31265
1.5-473-550,0.169879518,0.339759036,0.9531521909241071,0.0008570646715,1.5,473.0,550.0,643.80585,0.88178474,406.48697,726.6025,82.79663,0.8726467,-0.009138048,327.49557,-78.991394
1.5-473-550,0.1843373494,0.3686746988,0.9956514833048237,0.0008952795992,1.5,473.0,550.0,1033.3623,0.10272174,52.067535,815.71954,-217.64276,0.72783154,0.6251098,251.87154,199.804
1.5-473-550,0.06326530613,0.12653061226,0.8206166047262803,0.0007378900321,1.5,473.0,550.0,473.00003,0.873751,649.85333,478.82584,5.8258057,0.8537312,-0.02001977,579.794,-70.059326
1.5-473-550,0.2409638554,0.4819277108,0.9985491866279087,0.0008978851843,1.5,473.0,550.0,1246.906,0.03676587,41.15262,927.484,-319.422,0.8328773,0.7961114,162.77278,121.62016
1.5-473-550,0.3361445784,0.6722891568,0.9811301448069191,0.0008822221606,1.5,473.0,550.0,1064.0854,0.68835956,50.068542,932.63617,-131.44928,1.1343801,0.44602054,134.6402,84.571655
1.5-473-550,0.3036144579,0.6072289158,0.9811301448069191,0.0008822221606,1.5,473.0,550.0,1089.8076,0.61095864,48.540527,942.92255,-146.88507,1.0691911,0.45823246,137.88599,89.34546
1.5-473-550,0.4816326531,0.9632653062,0.9531521909241071,0.0008570646715,1.5,473.0,550.0,657.92816,1.1810594,359.93393,715.6036,57.675415,1.350417,0.16935766,252.30731,-107.62662
1.5-473-550,0.2240963855,0.448192771,0.16340484097302546,-0.0001469319566,1.5,473.0,550.0,514.01654,1.3317388,608.42365,602.7735,88.75696,1.225436,-0.10630286,505.53088,-102.89276
1.5-473-550,0.3168674699,0.6337349398,0.9215172744995802,0.0008286188792,1.5,473.0,550.0,867.2611,1.6368184,68.17737,856.4512,-10.809937,1.4044528,-0.23236561,192.77156,124.59419
1.5-473-550,0.2939759036,0.5879518072,0.16340484119544796,0.0001469319568,1.5,473.0,550.0,533.20795,1.5148647,587.0828,635.74725,102.53931,1.3929657,-0.12189901,463.5429,-123.53992
1.5-473-550,0.05918367348,0.11836734696,0.5396442233296441,0.0004852425493,1.5,473.0,550.0,473.00003,1.0892762,649.85333,510.0841,37.084076,0.99643993,-0.09283626,591.74646,-58.106873
1.5-473-550,0.2915662651,0.5831325302,0.993141646395439,0.0008930227796,1.5,473.0,550.0,1158.9102,0.21677065,44.91971,961.0099,-197.90027,0.9706335,0.75386286,128.9845,84.06479
1.5-473-550,0.1710843373,0.3421686746,0.9872047710533666,0.0008876844022,1.5,473.0,550.0,882.5951,0.3112287,66.0231,772.86163,-109.73346,0.73812264,0.42689395,286.93408,220.91098
1.5-473-550,0.3638554217,0.7277108434,0.9531521909241071,0.0008570646715,1.5,473.0,550.0,924.90985,1.5135132,61.187256,871.78656,-53.12329,1.3490396,-0.16447365,164.3301,103.14284
1.5-473-550,0.2289156626,0.4578313252,0.9993254186825348,-0.0008985831642,1.5,473.0,550.0,1283.5208,0.014958138,39.923004,910.5092,-373.01154,0.803282,0.7883239,176.61458,136.69157
1.5-473-550,0.1795180723,0.3590361446,0.960723235489121,0.0008638724771,1.5,473.0,550.0,744.74164,0.8197806,98.79288,756.646,11.904358,0.86973804,0.049957454,301.864,203.07114
1.5-473-550,0.2409638554,0.4819277108,0.9671530515086588,0.0008696541017,1.5,473.0,550.0,1099.021,0.8200421,48.022614,876.0932,-222.9278,0.9991326,0.1790905,201.77744,153.75482
1.5-473-550,0.3036144579,0.6072289158,0.6600967573005477,-0.0005935522321,1.5,473.0,550.0,615.96497,1.6922333,467.16434,660.2269,44.261963,1.7661291,0.07389581,373.47473,-93.689606
1.5-473-550,0.2156626506,0.4313253012,0.9811301448069191,0.0008822221606,1.5,473.0,550.0,1214.7883,0.45390433,42.44049,858.0148,-356.77356,0.86981696,0.41591263,218.23677,175.79628
1.5-473-550,0.2855421687,0.5710843374,0.9895407848051817,-0.0008897849218,1.5,473.0,550.0,1147.1158,0.32319725,45.50119,952.80084,-194.315,0.9802807,0.65708345,136.14876,90.64757
1.5-473-550,0.2951807229,0.5903614458,0.09831793589120096,8.840647929e-05,1.5,473.0,550.0,531.7663,1.5152624,588.68585,630.1751,98.40881,1.3873154,-0.12794697,465.789,-122.89685
1.5-473-550,0.1987951807,0.3975903614,0.9531521909241071,-0.0008570646715,1.5,473.0,550.0,957.22296,0.93851817,58.1474,785.91565,-171.30731,0.9503711,0.01185292,277.72098,219.57358
1.5-473-550,0.3409638555,0.681927711,0.9671530515086588,0.0008696541017,1.5,473.0,550.0,991.9512,1.1291202,55.124756,909.144,-82.80719,1.2282175,0.09909725,148.06671,92.941956
1.5-473-550,0.1602409638,0.3204819276,0.9998257452316341,-0.0008990330527,1.5,473.0,550.0,894.2327,0.0027817434,64.55673,763.9532,-130.27954,0.65622133,0.6534396,293.403,228.84628
1.5-473-550,0.2409638554,0.4819277108,0.9985491866279087,-0.0008978851843,1.5,473.0,550.0,1246.9059,0.03676587,41.15265,927.484,-319.42188,0.8328773,0.7961114,162.77278,121.62013
1.5-473-550,0.4632653061,0.9265306122,0.9980223152919674,-0.000897411427,1.5,473.0,550.0,660.1598,0.10435235,349.97916,762.8931,102.73334,1.1069576,1.0026052,224.26828,-125.71088
1.5-473-550,0.2903614458,0.5807228916,0.999825745120423,0.0008990330526,1.5,473.0,550.0,1190.142,0.0030916876,43.488525,972.15155,-217.99042,0.9257676,0.9226759,121.71753,78.229004
1.5-473-550,0.3530120482,0.7060240964,0.3542741437603377,0.0003185596755,1.5,473.0,550.0,596.84735,1.828073,497.88013,671.70886,74.86151,1.7340239,-0.094049096,399.82538,-98.05475
1.5-473-550,0.2204819277,0.4409638554,0.9945113832197316,0.0008942544329,1.5,473.0,550.0,1277.5923,0.13336259,40.01184,888.07,-389.52228,0.8118819,0.6785193,194.35574,154.3439
1.5-473-550,0.1084337349,0.2168674698,0.9772248215579286,-0.000878710534,1.5,473.0,550.0,543.9177,0.43559903,574.7666,614.5248,70.607056,0.63217235,0.19657332,424.97037,-149.79623
1.5-473-550,0.2819277109,0.5638554218,0.9965972946963587,-0.0008961300631,1.5,473.0,550.0,1183.043,0.10289239,43.812164,963.22253,-219.82043,0.9293657,0.8264733,129.81778,86.005615
1.5-473-550,0.1927710843,0.3855421686,0.960723235489121,0.0008638724771,1.5,473.0,550.0,923.07446,0.80859834,61.461395,784.2281,-138.84637,0.9042545,0.09565616,278.95712,217.49573
1.5-473-550,0.2253012048,0.4506024096,0.8705746216627653,0.0007828117684,1.5,473.0,550.0,688.1722,1.4543774,219.72603,731.1124,42.940247,1.2843447,-0.17003274,323.71738,103.99135
1.5-473-550,0.2265060241,0.4530120482,0.9337895728803226,-0.000839654004,1.5,473.0,550.0,975.515,1.2640021,56.567993,807.2815,-168.23352,1.1019484,-0.1620537,258.52768,201.95969
1.5-473-550,0.2385542169,0.4771084338,0.09831793590232207,8.84064793e-05,1.5,473.0,550.0,516.855,1.3652775,605.2673,605.5383,88.68335,1.2584825,-0.10679507,498.58856,-106.67871
1.5-473-550,0.3060240964,0.6120481928,0.9931416465066502,-0.0008930227797,1.5,473.0,550.0,1147.5033,0.22695363,45.482086,962.6276,-184.87567,0.99975747,0.77280384,124.0437,78.561615
1.5-473-550,0.2301204819,0.4602409638,0.03282169735804886,2.951293354e-05,1.5,473.0,550.0,514.6056,1.3450177,607.7686,596.7137,82.10809,1.2613051,-0.08371258,502.93723,-104.83139
1.5-473-550,0.2481927711,0.4963855422,0.9337895728803226,0.000839654004,1.5,473.0,550.0,926.4921,1.3498499,61.099457,835.9808,-90.51135,1.1645217,-0.18532825,231.7389,170.63945
1.5-473-550,0.2927710844,0.5855421688,0.9531521908128958,-0.0008570646714,1.5,473.0,550.0,968.58044,1.2406828,57.050964,897.49066,-71.08978,1.197519,-0.043163896,172.75163,115.70067
1.5-473-550,0.2674698795,0.534939759,0.8206166047262803,-0.0007378900321,1.5,473.0,550.0,653.3899,1.6121262,375.54266,727.8275,74.43762,1.5317914,-0.08033478,315.87207,-59.670593
1.5-473-550,0.03265306121,0.06530612242,0.9071317792997667,-0.0008156835895,1.5,473.0,550.0,473.00003,0.660489,649.85333,468.95035,-4.0496826,0.63815093,-0.022338092,591.84106,-58.012268
1.5-473-550,0.2108433735,0.421686747,0.5396442234408553,-0.0004852425494,1.5,473.0,550.0,522.76917,1.2857565,598.6907,574.484,51.714844,1.3367987,0.0510422,506.16852,-92.522156
1.5-473-550,0.3457831326,0.6915662652,0.2914697156873968,0.0002620865781,1.5,473.0,550.0,584.6365,1.7697861,514.9167,668.9002,84.26373,1.6507335,-0.11905265,412.5359,-102.3808
1.5-473-550,0.0,0.0,0.8476293021558459,-0.0007621795725,1.5,473.0,550.0,473.00003,0.90842825,649.85333,452.97192,-20.028107,0.6729009,-0.23552734,633.96704,-15.8862915
1.5-473-550,0.1240963855,0.248192771,0.9895407848051817,0.0008897849218,1.5,473.0,550.0,645.4311,0.4261439,404.5594,662.31274,16.881653,0.62182575,0.19568184,380.62653,-23.932861
1.5-473-550,0.1963855422,0.3927710844,0.9531521908128958,-0.0008570646714,1.5,473.0,550.0,915.0865,0.9530577,62.35434,781.2592,-133.82727,0.94387376,-0.009183943,281.62848,219.27414
1.5-473-550,0.3662650603,0.7325301206,0.3542741437603377,0.0003185596755,1.5,473.0,550.0,607.6193,1.9126055,481.34256,678.8766,71.25726,1.7902224,-0.12238312,387.87793,-93.46463
1.5-473-550,0.2771084337,0.5542168674,0.5396442233296441,0.0004852425493,1.5,473.0,550.0,562.53735,1.5182599,550.9792,622.4099,59.87256,1.5879241,0.06966424,440.65805,-110.32114
1.5-473-550,0.4448979592,0.8897959184,0.2914697156873968,0.0002620865781,1.5,473.0,550.0,646.9251,2.030343,400.4329,715.49725,68.57214,2.0445008,0.014157772,327.6554,-72.7775
1.5-473-550,0.2518072289,0.5036144578,0.9895407848051817,-0.0008897849218,1.5,473.0,550.0,1182.5094,0.2901767,43.83658,925.98987,-256.51953,0.90756613,0.61738944,162.45245,118.615875
1.5-473-550,0.01632653059,0.03265306118,0.9895407848051817,0.0008897849218,1.5,473.0,550.0,473.00003,0.09677201,649.85333,476.548,3.5479736,0.3801716,0.28339958,586.3552,-63.498108
1.5-473-550,0.4714285714,0.9428571428,0.4163512323516047,-0.0003743787567,1.5,473.0,550.0,656.0955,1.9013927,367.33234,717.20135,61.105835,2.1847816,0.28338885,303.4682,-63.864136
1.5-473-550,0.04285714285,0.0857142857,0.960723235489121,-0.0008638724771,1.5,473.0,550.0,473.00003,0.38967276,649.85333,493.32578,20.325745,0.5294424,0.13976967,557.754,-92.099304
1.5-473-550,0.3927710844,0.7855421688,0.9442484491033019,-0.0008490585182,1.5,473.0,550.0,885.46497,1.8597895,65.65701,829.85284,-55.61212,1.4367248,-0.4230647,182.24117,116.58415
1.5-473-550,0.4448979592,0.8897959184,0.9993254186825348,-0.0008985831642,1.5,473.0,550.0,666.288,0.035476025,291.82745,796.1607,129.87268,1.1102197,1.0747437,201.70052,-90.12694
1.5-473-550,0.3927710844,0.7855421688,0.16340484097302546,-0.0001469319566,1.5,473.0,550.0,618.3295,2.0877755,463.53473,686.5317,68.20215,1.7627139,-0.32506156,381.6869,-81.84784
1.5-473-550,0.3012048193,0.6024096386,0.9442484491033019,0.0008490585182,1.5,473.0,550.0,931.9467,1.3898237,60.486847,886.49097,-45.45575,1.2619694,-0.12785423,177.60725,117.12041
1.5-473-550,0.4,0.8,0.09835895158380348,8.844336018e-05,1.5,473.0,550.0,622.1098,2.1463902,456.70142,681.2476,59.137817,1.760217,-0.38617325,381.4975,-75.20392
1.5-473-550,0.4510204082,0.9020408164,0.9965972946963587,0.0008961300631,1.5,473.0,550.0,663.41675,0.19005412,319.10776,783.2172,119.800476,1.1259667,0.93591255,209.78493,-109.32283
1.5-473-550,0.2903614458,0.5807228916,0.9956514833048237,-0.0008952795992,1.5,473.0,550.0,1171.5022,0.13626486,44.339966,964.9483,-206.5539,0.9524198,0.81615496,126.60846,82.26849
1.5-473-550,0.3855421687,0.7710843374,0.9973789933391554,0.0008968329585,1.5,473.0,550.0,1098.7301,0.1266433,48.02182,899.10455,-199.62555,1.0997568,0.97311354,143.44061,95.41879
1.5-473-550,0.4081632653,0.8163265306,0.9993254186825348,0.0008985831642,1.5,473.0,550.0,790.2188,0.04129755,82.13385,863.3093,73.090515,1.1052902,1.0639926,161.89673,79.76288
1.5-473-550,0.351807229,0.703614458,0.9973789933391554,0.0008968329585,1.5,473.0,550.0,1130.9714,0.103000455,46.29712,943.6859,-187.28552,1.0540587,0.9510582,123.64105,77.34393
1.5-473-550,0.04489795918,0.08979591836,0.9998257452316341,-0.0008990330527,1.5,473.0,550.0,473.00003,0.00096684165,649.85333,513.9554,40.955353,0.40758592,0.40661907,534.2111,-115.64221
1.5-473-550,0.1180722891,0.2361445782,0.8475322498919685,-0.0007620923041,1.5,473.0,550.0,491.39114,0.8775253,631.72217,546.61536,55.224213,0.9689564,0.09143108,499.84482,-131.87735
1.5-473-550,0.4673469388,0.9346938776,0.9071317792997667,-0.0008156835895,1.5,473.0,550.0,659.11847,1.3859069,355.12885,717.06366,57.94519,1.6010354,0.21512842,245.88556,-109.243286
1.5-473-550,0.3746987952,0.7493975904,0.9915009044774012,-0.0008915474413,1.5,473.0,550.0,1080.1138,0.3862489,49.104065,907.5176,-172.59619,1.1277477,0.74149877,140.19676,91.0927
1.5-473-550,0.4244897959,0.8489795918,0.960723235489121,-0.0008638724771,1.5,473.0,550.0,696.5123,1.3671287,131.52644,800.4121,103.89978,1.3612493,-0.005879402,195.58871,64.06227
1.5-473-550,0.4469387755,0.893877551,0.5396442233296441,-0.0004852425493,1.5,473.0,550.0,656.18463,1.9039707,366.97253,698.2524,42.06775,2.1835227,0.27955198,305.71646,-61.256073
1.5-473-550,0.3349397591,0.6698795182,0.7892004020960466,-0.000709640905,1.5,473.0,550.0,662.8058,1.9031994,314.6937,731.63745,68.831665,1.8155648,-0.08763468,281.96863,-32.725067
1.5-473-550,0.2493975904,0.4987951808,0.993141646395439,-0.0008930227796,1.5,473.0,550.0,1203.6881,0.18912697,42.91223,929.24164,-274.44647,0.881867,0.69274,160.41309,117.500854
1.5-473-550,0.3277108434,0.6554216868,0.9811301448069191,0.0008822221606,1.5,473.0,550.0,1071.816,0.6644318,49.586426,937.4258,-134.39026,1.1183012,0.45386934,134.13536,84.548935
1.5-473-550,0.3987951807,0.7975903614,0.9337895729915338,-0.0008396540041,1.5,473.0,550.0,864.29395,2.027685,68.52783,812.8318,-51.46216,1.4969531,-0.5307318,191.27971,122.75188
1.5-473-550,0.178313253,0.356626506,0.03282169735804886,2.951293354e-05,1.5,473.0,550.0,498.38394,1.1623933,624.64545,583.33624,84.9523,1.2080566,0.045663238,518.5647,-106.08075
1.5-473-550,0.4163265306,0.8326530612,0.9993254186825348,-0.0008985831642,1.5,473.0,550.0,731.1789,0.043176766,102.88873,848.59955,117.420654,1.1094638,1.066287,170.03717,67.14844
1.5-473-550,0.2421686747,0.4843373494,0.7098470004029654,0.0006382871403,1.5,473.0,550.0,576.563,1.4297818,528.6226,635.13837,58.57538,1.5163245,0.086542726,415.69363,-112.928986
1.5-473-550,0.2156626506,0.4313253012,0.9337895728803226,0.000839654004,1.5,473.0,550.0,960.1326,1.2733893,57.93808,790.31323,-169.8194,1.0704317,-0.20295763,273.63455,215.69647
1.5-473-550,0.4510204082,0.9020408164,0.16340484119544796,0.0001469319568,1.5,473.0,550.0,646.6904,2.0368135,401.08105,712.00885,65.31842,1.9837333,-0.0530802,332.74396,-68.3371
1.5-473-550,0.1277108433,0.2554216866,0.9915009044774012,0.0008915474413,1.5,473.0,550.0,673.62415,0.3948617,224.66728,673.10974,-0.5144043,0.621995,0.22713327,370.94385,146.27657
1.5-473-550,0.3481927711,0.6963855422,0.993141646395439,0.0008930227796,1.5,473.0,550.0,1113.8524,0.26930672,47.207794,940.9615,-172.89093,1.077235,0.80792826,126.15315,78.94536
1.5-473-550,0.002040816299,0.004081632598,0.7892004020960466,-0.000709640905,1.5,473.0,550.0,473.00003,0.9722591,649.85333,459.35187,-13.648163,0.7561904,-0.21606869,633.10474,-16.748596
1.5-473-550,0.3578313254,0.7156626508,0.960723235489121,-0.0008638724771,1.5,473.0,550.0,952.72565,1.3508335,58.462555,886.9255,-65.80017,1.2962067,-0.054626822,156.72495,98.26239
1.5-473-550,0.4081632653,0.8163265306,0.9945113832197316,0.0008942544329,1.5,473.0,550.0,790.1657,0.37754655,82.14586,858.1617,67.99597,1.1391863,0.7616397,164.57472,82.42886
1.5-473-550,0.1975903614,0.3951807228,0.22784103821928303,0.0002048723241,1.5,473.0,550.0,506.95856,1.2380903,615.96796,591.1447,84.18616,1.1793584,-0.058731914,519.5253,-96.44263
1.5-473-550,0.3590361446,0.7180722892,0.5396442233296441,0.0004852425493,1.5,473.0,550.0,623.44495,1.9240322,454.05988,669.07434,45.629395,1.9252592,0.0012270212,363.44913,-90.61075
1.5-473-550,0.4755102041,0.9510204082,0.9337895728803226,0.000839654004,1.5,473.0,550.0,658.32776,1.2896265,358.32077,716.6092,58.281433,1.4622011,0.17257464,248.63777,-109.683
1.5-473-550,0.2060240964,0.4120481928,0.7098470004029654,-0.0006382871403,1.5,473.0,550.0,539.8215,1.2578889,579.5508,599.73096,59.909485,1.3730775,0.1151886,458.51794,-121.03284
1.5-473-550,0.3,0.6,0.7892004020960466,-0.000709640905,1.5,473.0,550.0,651.84515,1.7416974,381.87933,722.51337,70.66821,1.695962,-0.04573548,307.34747,-74.53186
1.5-473-550,0.4510204082,0.9020408164,0.9671530515086588,0.0008696541017,1.5,473.0,550.0,663.1494,1.0628548,321.64728,764.2946,101.1452,1.3133336,0.25047886,218.059,-103.58827
1.5-473-550,0.4,0.8,0.4165266927609501,0.0003745365289,1.5,473.0,550.0,634.5969,2.195667,431.52774,692.089,57.492065,1.9811649,-0.2145021,351.5295,-79.99823
1.5-473-550,0.1216867469,0.2433734938,0.9872047710533666,-0.0008876844022,1.5,473.0,550.0,622.57947,0.44314814,455.8089,654.15485,31.575378,0.6256261,0.18247795,388.04523,-67.76367
1.5-473-550,0.4163265306,0.8326530612,0.999825745120423,0.0008990330526,1.5,473.0,550.0,731.17896,0.0070285746,102.8887,849.1046,117.92566,1.1059098,1.0988812,169.78343,66.89473
1.5-473-550,0.07142857145,0.1428571429,0.9215172744995802,0.0008286188792,1.5,473.0,550.0,473.00003,0.6382248,649.85333,513.103,40.102997,0.70141083,0.06318605,531.19476,-118.65857
1.5-473-550,0.04897959184,0.09795918368,0.9965972946963587,0.0008961300631,1.5,473.0,550.0,473.00003,0.033753034,649.85333,518.0865,45.086456,0.42809808,0.39434505,528.62964,-121.223694
1.5-473-550,0.2180722892,0.4361445784,0.9996041061370615,-0.0008988337571,1.5,473.0,550.0,1294.5768,0.007915551,39.923004,892.14417,-402.43262,0.77906245,0.7711469,191.24854,151.32553
1.5-473-550,0.3722891567,0.7445783134,0.9671530515086588,-0.0008696541017,1.5,473.0,550.0,965.08813,1.2831511,57.348663,879.76654,-85.321594,1.2810379,-0.002113223,157.03728,99.688614
1.5-473-550,0.1674698795,0.334939759,0.8902853187445975,0.000800535425,1.5,473.0,550.0,555.9541,0.98237944,559.52106,657.142,101.18793,1.0467391,0.064359665,392.25534,-167.26572
1.5-473-550,0.2361445783,0.4722891566,0.8475322498919685,-0.0007620923041,1.5,473.0,550.0,653.6512,1.4776741,364.62134,721.932,68.28082,1.3702564,-0.1074177,330.05032,-34.571014
1.5-473-550,0.4469387755,0.893877551,0.8475322498919685,0.0007620923041,1.5,473.0,550.0,663.1897,1.5466526,321.26505,716.6323,53.442627,1.8484794,0.30182683,246.94357,-74.32147
1.5-473-550,0.4612244898,0.9224489796,0.9872047710533666,-0.0008876844022,1.5,473.0,550.0,660.51117,0.64184314,346.71353,759.937,99.42584,1.1799747,0.53813154,224.19847,-122.51506
1.5-473-550,0.4040816326,0.8081632652,0.3542741437603377,0.0003185596755,1.5,473.0,550.0,633.27783,2.200194,434.44965,697.327,64.049194,1.9448816,-0.25531232,354.9565,-79.49313
1.5-473-550,0.3638554217,0.7277108434,0.9772248215579286,-0.000878710534,1.5,473.0,550.0,1016.3855,0.9335158,53.265076,902.25775,-114.12775,1.2064224,0.27290666,145.61488,92.34981
1.5-473-550,0.03673469387,0.07346938774,0.9996041060258503,0.000898833757,1.5,473.0,550.0,473.00003,0.0030900186,649.85333,502.8134,29.813354,0.3905627,0.3874727,548.84076,-101.01257
1.5-473-550,0.05714285715,0.1142857143,0.998978267368595,-0.0008982710093,1.5,473.0,550.0,473.00003,0.009673888,649.85333,532.08307,59.08304,0.43742192,0.42774802,511.85233,-138.001
1.5-473-550,0.365060241,0.730120482,0.9531521909241071,-0.0008570646715,1.5,473.0,550.0,924.27997,1.5196233,61.251648,870.61066,-53.66931,1.351008,-0.16861522,164.69205,103.4404
1.5-473-550,0.4795918368,0.9591836736,0.9531521908128958,-0.0008570646714,1.5,473.0,550.0,658.0577,1.1803166,359.4112,718.13055,60.072876,1.3543144,0.17399788,250.17854,-109.23265
1.5-473-550,0.3939759037,0.7879518074,0.8206166047262803,0.0007378900321,1.5,473.0,550.0,718.96875,2.3582828,111.89203,738.1879,19.219177,1.898928,-0.45935476,246.64091,134.74889
1.5-473-550,0.4204081632,0.8408163264,0.7892004020960466,-0.000709640905,1.5,473.0,550.0,680.8593,2.1847246,174.86263,713.647,32.78766,1.9950988,-0.18962574,258.61758,83.75496
1.5-473-550,0.03061224488,0.06122448976,0.999825745120423,0.0008990330526,1.5,473.0,550.0,473.00003,0.0009279198,649.85333,495.37317,22.373138,0.37642378,0.37549585,559.1894,-90.66394
1.5-473-550,0.1180722891,0.2361445782,0.9215172744995802,0.0008286188792,1.5,473.0,550.0,505.51617,0.76476544,617.4277,589.32184,83.805664,0.8254899,0.060724437,451.6918,-165.73587
1.5-473-550,0.04489795918,0.08979591836,0.9985491866279087,-0.0008978851843,1.5,473.0,550.0,473.00003,0.013711566,649.85333,513.271,40.270966,0.41217056,0.398459,534.93896,-114.91437
1.5-473-550,0.2831325301,0.5662650602,0.9872047710533666,0.0008876844022,1.5,473.0,550.0,1138.1831,0.3903063,45.94159,947.78143,-190.40167,0.9891911,0.5988848,140.23865,94.29706
1.5-473-550,0.2746987952,0.5493975904,0.3542741437603377,0.0003185596755,1.5,473.0,550.0,534.60657,1.4700139,585.52747,624.686,90.07941,1.422449,-0.047564864,469.28537,-116.242096
1.5-473-550,0.2530120482,0.5060240964,0.9215172744995802,-0.0008286188792,1.5,473.0,550.0,878.07294,1.4586983,66.77347,824.59753,-53.475403,1.2252971,-0.23340118,239.62004,172.84657
1.5-473-550,0.4959183674,0.9918367348,0.9998257452316341,-0.0008990330527,1.5,473.0,550.0,657.4491,0.005294139,361.86813,712.6741,55.224976,1.0487298,1.0434357,265.67215,-96.195984
1.5-473-550,0.2951807229,0.5903614458,0.4163512326852384,0.000374378757,1.5,473.0,550.0,556.0193,1.5579308,559.4649,634.55536,78.53607,1.5512543,-0.0066765547,445.30878,-114.15613
1.5-473-550,0.09387755105,0.1877551021,0.9531521908128958,-0.0008570646714,1.5,473.0,550.0,473.00003,0.46240765,649.85333,566.3427,93.34268,0.6749801,0.21257246,472.78705,-177.06628
1.5-473-550,0.3180722892,0.6361445784,0.3542741439827602,-0.0003185596757,1.5,473.0,550.0,566.65045,1.6409086,545.3457,651.4251,84.77466,1.5879216,-0.05298698,431.462,-113.8837
1.5-473-550,0.4040816326,0.8081632652,0.9872047710533666,0.0008876844022,1.5,473.0,550.0,840.9669,0.8096305,72.18027,857.3312,16.364258,1.1865914,0.37696087,165.01573,92.835464
1.5-473-550,0.3096385542,0.6192771084,0.22784103821928303,0.0002048723241,1.5,473.0,550.0,546.7435,1.5783806,571.4108,647.49146,100.747925,1.468276,-0.11010456,448.23764,-123.17319
1.5-473-550,0.3542168675,0.708433735,0.8475322498919685,-0.0007620923041,1.5,473.0,550.0,731.8246,2.0313888,104.599686,772.0264,40.201843,1.752351,-0.2790377,237.8431,133.24341
1.5-473-550,0.02244897957,0.04489795914,0.6600967573005477,-0.0005935522321,1.5,473.0,550.0,473.00003,1.0388064,649.85333,483.45132,10.451294,0.89900726,-0.13979918,614.5661,-35.28723
1.5-473-550,0.0387755102,0.0775510204,0.6600967573005477,-0.0005935522321,1.5,473.0,550.0,473.00003,1.0164543,649.85333,482.5372,9.53717,0.9259016,-0.09055275,609.0067,-40.84662
1.5-473-550,0.2927710844,0.5855421688,0.993141646395439,-0.0008930227796,1.5,473.0,550.0,1157.8481,0.21773058,44.972107,961.32745,-196.52069,0.9730943,0.7553637,128.45892,83.48682
1.5-473-550,0.07959183676,0.15918367352,0.7098470004029654,0.0006382871403,1.5,473.0,550.0,473.00003,0.9912609,649.85333,485.62698,12.626953,0.9831324,-0.008128464,586.0565,-63.796814
1.5-473-550,0.08367346941,0.16734693882,0.7525573838264147,0.0006766918789,1.5,473.0,550.0,473.00003,0.95460343,649.85333,488.04993,15.049896,0.9681629,0.013559461,575.6974,-74.155945
1.5-473-550,0.1650602409,0.3301204818,0.22784103833049427,-0.0002048723242,1.5,473.0,550.0,494.38562,1.126988,628.6918,580.1887,85.8031,1.1364471,0.009459019,531.70605,-96.98572
1.5-473-550,0.373493976,0.746987952,0.7098470004029654,0.0006382871403,1.5,473.0,550.0,654.4869,2.0895224,373.82642,697.10846,42.621582,2.007095,-0.08242726,299.67877,-74.147644
1.5-473-550,0.4632653061,0.9265306122,0.993141646395439,0.0008930227796,1.5,473.0,550.0,660.1497,0.37207186,350.04874,760.0187,99.86896,1.1393603,0.76728845,225.32018,-124.72856
1.5-473-550,0.213253012,0.426506024,0.16340484097302546,-0.0001469319566,1.5,473.0,550.0,511.05536,1.3027596,611.7165,598.4807,87.425354,1.2074789,-0.09528077,510.4625,-101.254
1.5-473-550,0.3554216868,0.7108433736,0.9215172744995802,0.0008286188792,1.5,473.0,550.0,856.70135,1.7986192,69.64621,841.91125,-14.7901,1.4928045,-0.30581462,186.74626,117.10005
1.5-473-550,0.395180723,0.790361446,0.9337895728803226,0.000839654004,1.5,473.0,550.0,864.6147,1.9963161,68.484985,817.1096,-47.505066,1.4936283,-0.5026878,189.48903,121.00404
1.5-473-550,0.0387755102,0.0775510204,0.9531521908128958,-0.0008570646714,1.5,473.0,550.0,473.00003,0.4445781,649.85333,486.12076,13.120728,0.54125315,0.09667504,567.3813,-82.472046
1.5-473-550,0.395180723,0.790361446,0.29146971579860803,-0.0002620865782,1.5,473.0,550.0,624.81213,2.1273704,451.56693,694.5639,69.75177,1.8583311,-0.26903927,368.43906,-83.12787
1.5-473-550,0.4102040816,0.8204081632,0.03282169735804886,2.951293354e-05,1.5,473.0,550.0,628.3223,2.1851525,444.89758,674.1021,45.779785,1.7743751,-0.41077745,379.8879,-65.009674
1.5-473-550,0.2710843374,0.5421686748,0.9996041060258503,0.000898833757,1.5,473.0,550.0,1207.3358,0.009420032,42.757233,961.7534,-245.5824,0.8885893,0.8791693,133.1783,90.42107
1.5-473-550,0.330120482,0.660240964,0.9726063657286781,-0.0008745576659,1.5,473.0,550.0,1025.7821,0.94495976,52.60373,923.385,-102.397095,1.1748383,0.22987854,142.4346,89.83087
1.5-473-550,0.3927710844,0.7855421688,0.9337895728803226,0.000839654004,1.5,473.0,550.0,865.7769,1.9706935,68.32257,819.9094,-45.867493,1.4912018,-0.4794917,188.35368,120.03111
1.5-473-550,0.3168674699,0.6337349398,0.8475322498919685,0.0007620923041,1.5,473.0,550.0,713.7003,1.8489482,120.91756,775.3662,61.665894,1.6479561,-0.2009921,253.82515,132.9076
1.5-473-550,0.3626506025,0.725301205,0.9811301446957078,-0.0008822221605,1.5,473.0,550.0,1037.7808,0.7802534,51.75763,908.8249,-128.95587,1.179663,0.39940953,141.96591,90.20828
1.5-473-550,0.2301204819,0.4602409638,0.9772248215579286,0.000878710534,1.5,473.0,550.0,1185.6685,0.5495275,43.69211,876.2187,-309.44977,0.9233237,0.37379616,202.98401,159.2919
1.5-473-550,0.256626506,0.513253012,0.8206166047262803,0.0007378900321,1.5,473.0,550.0,648.0701,1.5686599,393.2582,718.72974,70.65961,1.491461,-0.07719886,327.6686,-65.5896
1.5-473-550,0.2626506024,0.5253012048,0.999825745120423,-0.0008990330526,1.5,473.0,550.0,1217.3839,0.002802307,42.33017,955.07153,-262.31238,0.8700699,0.8672676,139.50076,97.17059
1.5-473-550,0.3132530121,0.6265060242,0.960723235489121,-0.0008638724771,1.5,473.0,550.0,986.5605,1.1674103,55.562378,910.8549,-75.70557,1.2065326,0.039122343,156.43578,100.8734
1.5-473-550,0.4857142857,0.9714285714,0.9215172744995802,0.0008286188792,1.5,473.0,550.0,657.68085,1.3460443,360.93256,702.2354,44.554565,1.50017,0.15412569,259.43414,-101.49841
1.5-473-550,0.3795180723,0.7590361446,0.4163512323516047,-0.0003743787567,1.5,473.0,550.0,622.1698,2.021284,456.54315,682.6761,60.506287,1.9014657,-0.11981845,368.61008,-87.933075
1.5-473-550,0.05714285715,0.1142857143,0.47796385156444166,0.0004297801918,1.5,473.0,550.0,473.00003,1.1160386,649.85333,525.5288,52.528778,1.0062093,-0.10982931,583.0892,-66.76416
1.5-473-550,0.3975903615,0.795180723,0.6021818746711394,0.0005414757638,1.5,473.0,550.0,649.37573,2.2440584,392.20966,684.2797,34.90399,2.0871372,-0.15692115,320.32867,-71.88098
1.5-473-550,0.3373493976,0.6746987952,0.7525573838264147,-0.0006766918789,1.5,473.0,550.0,652.18835,1.8949473,381.37097,710.6894,58.501038,1.8656884,-0.029258847,300.9583,-80.41266
1.5-473-550,0.1108433734,0.2216867468,0.9844268823757469,0.0008851865532,1.5,473.0,550.0,578.3832,0.37707877,524.3324,626.4553,48.072144,0.6114484,0.23436964,413.55984,-110.77255
1.5-473-550,0.08163265309,0.16326530618,0.9996041061370615,-0.0008988337571,1.5,473.0,550.0,473.00003,0.0032587594,649.85333,577.0954,104.09537,0.48854107,0.4852823,462.18872,-187.66461
1.5-473-550,0.1843373494,0.3686746988,0.960723235489121,0.0008638724771,1.5,473.0,550.0,806.01953,0.8012642,79.06825,766.8537,-39.165833,0.88227904,0.08101481,293.37827,214.31001
1.5-473-550,0.3120481928,0.6240963856,0.8902853188558087,-0.0008005354251,1.5,473.0,550.0,800.3043,1.7641047,80.161545,818.7502,18.445862,1.5104065,-0.25369823,222.40944,142.2479
1.5-473-550,0.3903614458,0.7807228916,0.9726063657286781,-0.0008745576659,1.5,473.0,550.0,968.9415,1.2663027,57.00705,862.57416,-106.36737,1.2696986,0.003395915,163.41014,106.40309
1.5-473-550,0.02857142855,0.0571428571,0.9337895728803226,0.000839654004,1.5,473.0,550.0,473.00003,0.5486014,649.85333,471.32663,-1.6734009,0.5677517,0.019150317,589.0143,-60.83905
1.5-473-550,0.2951807229,0.5903614458,0.8206166047262803,0.0007378900321,1.5,473.0,550.0,666.47943,1.7402265,281.32828,744.9315,78.45209,1.6319541,-0.10827243,289.54227,8.213989
1.5-473-550,0.1903614457,0.3807228914,0.999825745120423,0.0008990330526,1.5,473.0,550.0,1111.992,0.0024182147,47.30725,835.6975,-276.29443,0.7197502,0.717332,235.79144,188.48419
1.5-473-550,0.308433735,0.61686747,0.47796385156444166,0.0004297801918,1.5,473.0,550.0,578.0999,1.6358838,526.262,641.18677,63.086853,1.6633444,0.027460575,423.15445,-103.107574
1.5-473-550,0.07142857145,0.1428571429,0.03282169734692774,-2.951293353e-05,1.5,473.0,550.0,473.00003,1.1904356,649.85333,575.7871,102.78708,1.166205,-0.0242306,524.74677,-125.10657
1.5-473-550,0.386746988,0.773493976,0.960723235489121,0.0008638724771,1.5,473.0,550.0,931.2199,1.5373611,60.5318,854.4244,-76.79553,1.3377914,-0.1995697,168.82964,108.29784
1.5-473-550,0.3397590362,0.6795180724,0.9895407848051817,-0.0008897849218,1.5,473.0,550.0,1103.3564,0.394863,47.768646,942.7665,-160.58997,1.0868614,0.69199836,127.25522,79.48657
1.5-473-550,0.2180722891,0.4361445782,0.6600967573005477,0.0005935522321,1.5,473.0,550.0,537.8772,1.3159966,581.81415,595.6636,57.786377,1.4168683,0.10087168,466.02295,-115.7912
1.5-473-550,0.1072289156,0.2144578312,0.29146971579860803,-0.0002620865782,1.5,473.0,550.0,473.0719,1.1315117,649.7855,562.51465,89.44275,1.0773427,-0.05416894,550.8869,-98.89862
1.5-473-550,0.2204819277,0.4409638554,0.7525573838264147,-0.0006766918789,1.5,473.0,550.0,564.63165,1.3412088,547.46045,634.6194,69.98773,1.41666,0.075451136,418.05963,-129.40082
1.5-473-550,0.1457831325,0.291566265,0.9895407848051817,-0.0008897849218,1.5,473.0,550.0,741.163,0.36277336,97.987625,714.8967,-26.266296,0.6706483,0.30787492,334.90225,236.91463
1.5-473-550,0.2301204819,0.4602409638,0.8475322498919685,-0.0007620923041,1.5,473.0,550.0,648.2607,1.4472626,389.61362,714.7629,66.5022,1.3484658,-0.098796844,337.6795,-51.934113
1.5-473-550,0.191566265,0.38313253,0.9531521909241071,0.0008570646715,1.5,473.0,550.0,849.25244,0.9221178,71.12518,771.7641,-77.48834,0.9308854,0.008767545,289.58664,218.46146
1.5-473-550,0.3469879518,0.6939759036,0.16340484119544796,0.0001469319568,1.5,473.0,550.0,577.0239,1.7547321,527.08356,663.5006,86.476685,1.5787355,-0.17599666,421.59622,-105.487335
1.5-473-550,0.1518072289,0.3036144578,0.29146971579860803,-0.0002620865782,1.5,473.0,550.0,489.46198,1.1014194,633.6745,570.3147,80.85272,1.1168053,0.015385866,541.50525,-92.16925
1.5-473-550,0.395180723,0.790361446,0.8902853187445975,0.000800535425,1.5,473.0,550.0,803.91125,2.2540252,79.10419,781.1447,-22.76654,1.6872083,-0.5668169,213.04512,133.94093
1.5-473-550,0.3096385542,0.6192771084,0.9337895728803226,0.000839654004,1.5,473.0,550.0,900.0953,1.5166738,63.953735,872.72614,-27.36914,1.3320245,-0.18464935,184.15616,120.20242
1.5-473-550,0.2120481928,0.4240963856,0.22784103821928303,0.0002048723241,1.5,473.0,550.0,511.60666,1.297701,611.10345,597.06946,85.4628,1.2037874,-0.093913555,512.789,-98.31445
1.5-473-550,0.2060240963,0.4120481926,0.998978267368595,-0.0008982710093,1.5,473.0,550.0,1252.4089,0.023556465,40.94696,867.83826,-384.57068,0.75714374,0.73358727,210.44711,169.50015
1.5-473-550,0.1614457831,0.3228915662,0.16340484097302546,-0.0001469319566,1.5,473.0,550.0,492.26443,1.1231551,630.8384,582.45416,90.18973,1.1463561,0.023200989,527.9989,-102.83948
1.5-473-550,0.3132530121,0.6265060242,0.9726063657286781,-0.0008745576659,1.5,473.0,550.0,1039.6167,0.89105725,51.644653,928.8597,-110.75702,1.1399267,0.24886942,144.32156,92.67691
1.5-473-550,0.213253012,0.426506024,0.4163512323516047,-0.0003743787567,1.5,473.0,550.0,517.07214,1.2986659,605.0258,582.4371,65.36493,1.2694706,-0.029195309,515.13074,-89.89508
1.5-473-550,0.191566265,0.38313253,0.9215172744995802,0.0008286188792,1.5,473.0,550.0,671.58435,1.1134733,248.89577,733.0689,61.48456,1.0396843,-0.073789,323.5516,74.65584
1.5-473-550,0.2277108434,0.4554216868,0.7525573838264147,-0.0006766918789,1.5,473.0,550.0,575.8472,1.3777303,529.5053,642.3147,66.46747,1.4451787,0.0674485,409.1368,-120.3685
1.5-473-550,0.05714285715,0.1142857143,0.29146971579860803,-0.0002620865782,1.5,473.0,550.0,473.00003,1.173696,649.85333,563.9887,90.98868,1.0510663,-0.12262976,551.43646,-98.41687
1.5-473-550,0.02653061223,0.05306122446,0.9965972946963587,0.0008961300631,1.5,473.0,550.0,473.00003,0.0316627,649.85333,489.335,16.33496,0.37879276,0.34713006,567.47327,-82.380066
1.5-473-550,0.2060240964,0.4120481928,0.16340484097302546,-0.0001469319566,1.5,473.0,550.0,508.8764,1.2763116,614.0271,595.78345,86.90704,1.1965896,-0.07972205,513.50775,-100.51935
1.5-473-550,0.191566265,0.38313253,0.8475322498919685,0.0007620923041,1.5,473.0,550.0,570.68866,1.1431621,537.56244,661.24066,90.552,1.2102742,0.06711209,390.77563,-146.7868
1.5-473-550,0.2096385542,0.4192771084,0.6600967573005477,-0.0005935522321,1.5,473.0,550.0,533.8422,1.2772133,586.3775,587.8904,54.048157,1.3845676,0.10735428,475.4733,-110.904205
1.5-473-550,0.09591836738,0.19183673476,0.998978267368595,0.0008982710093,1.5,473.0,550.0,473.00003,0.009661967,649.85333,606.6623,133.66226,0.522036,0.51237404,432.39102,-217.46231
1.5-473-550,0.1024096385,0.204819277,0.9772248215579286,-0.000878710534,1.5,473.0,550.0,517.12445,0.35722136,604.9392,601.6234,84.49896,0.6179415,0.26072013,437.32758,-167.61163
1.5-473-550,0.06938775512,0.13877551024,0.9965972946963587,-0.0008961300631,1.5,473.0,550.0,473.00003,0.0344637,649.85333,551.4888,78.48874,0.47304112,0.4385774,489.4689,-160.38443
1.5-473-550,0.3313253012,0.6626506024,0.9071317792997667,0.0008156835895,1.5,473.0,550.0,834.94257,1.769782,73.22084,836.65424,1.7116699,1.500045,-0.269737,200.63348,127.41264
1.5-473-550,0.4959183674,0.9918367348,0.7525573838264147,-0.0006766918789,1.5,473.0,550.0,657.2984,1.6735157,362.47638,683.333,26.034607,2.0087576,0.3352419,279.38513,-83.09125
1.5-473-550,0.243373494,0.486746988,0.9071317792997667,0.0008156835895,1.5,473.0,550.0,827.7147,1.4950761,74.90349,795.3145,-32.400208,1.2451967,-0.24987936,265.52283,190.61934
1.5-473-550,0.4755102041,0.9510204082,0.960723235489121,-0.0008638724771,1.5,473.0,550.0,658.39874,1.1177075,358.03424,726.1435,67.74475,1.3199403,0.20223284,244.90572,-113.128525
1.5-473-550,0.4448979592,0.8897959184,0.8705746216627653,-0.0007828117684,1.5,473.0,550.0,664.4096,1.5076425,309.67456,725.87494,61.465332,1.7730415,0.26539898,239.93797,-69.73659
1.5-473-550,0.104819277,0.209638554,0.09831793589120096,8.840647929e-05,1.5,473.0,550.0,473.00232,1.1625783,649.85114,576.32764,103.32532,1.1421968,-0.02038157,530.1829,-119.66821
1.5-473-550,0.4734693878,0.9469387756,0.9872047710533666,0.0008876844022,1.5,473.0,550.0,658.67395,0.6400273,356.92334,740.56,81.88605,1.1654553,0.52542806,238.7068,-118.21654
1.5-473-550,0.4530612245,0.906122449,0.7892004020960466,-0.000709640905,1.5,473.0,550.0,660.65045,1.6204312,345.38998,700.00714,39.35669,1.996303,0.37587178,262.50653,-82.88345
1.5-473-550,0.2975903615,0.595180723,0.8902853187445975,0.000800535425,1.5,473.0,550.0,793.4696,1.7211791,81.87689,815.6669,22.197266,1.4680581,-0.25312102,231.10248,149.22559
1.5-473-550,0.2807228916,0.5614457832,0.9965972946963587,-0.0008961300631,1.5,473.0,550.0,1184.1653,0.102415256,43.760834,962.60974,-221.55554,0.92690986,0.8244946,130.5181,86.75726
1.5-473-550,0.4102040816,0.8204081632,0.3542741439827602,-0.0003185596757,1.5,473.0,550.0,636.75604,2.221238,426.74542,700.0151,63.259033,1.9683148,-0.25292313,349.8903,-76.85513
1.5-473-550,0.1325301204,0.2650602408,0.8902853188558087,-0.0008005354251,1.5,473.0,550.0,512.8446,0.8693357,609.7147,593.84235,80.99774,0.9385629,0.06922722,450.0105,-159.70422
1.5-473-550,0.1397590361,0.2795180722,0.9671530515086588,0.0008696541017,1.5,473.0,550.0,589.47595,0.70671064,508.63022,675.0611,85.585144,0.7443456,0.03763497,370.6012,-138.02902
1.5-473-550,0.09795918369,0.19591836738,0.9945113834421542,0.0008942544331,1.5,473.0,550.0,473.00378,0.055836912,649.8498,607.12476,134.12097,0.543971,0.4881341,431.89612,-217.95367
1.5-473-550,0.2240963855,0.448192771,0.7892004020960466,0.000709640905,1.5,473.0,550.0,591.43524,1.376857,505.52847,660.9243,69.489075,1.4050149,0.02815783,390.07614,-115.45233
1.5-473-550,0.1385542168,0.2771084336,0.960723235489121,-0.0008638724771,1.5,473.0,550.0,571.487,0.7326337,536.9059,665.6098,94.1228,0.76409477,0.03146106,379.3177,-157.5882
1.5-473-550,0.4306122449,0.8612244898,0.9726063657286781,0.0008745576659,1.5,473.0,550.0,682.4783,1.091356,161.74974,800.1586,117.68036,1.289359,0.19800293,196.18068,34.43094
1.5-473-550,0.4530612245,0.906122449,0.960723235489121,0.0008638724771,1.5,473.0,550.0,662.4012,1.1220994,328.75653,757.56055,95.15936,1.3491993,0.2270999,221.81802,-106.93851
1.5-473-550,0.3204819277,0.6409638554,0.9980223152919674,0.000897411427,1.5,473.0,550.0,1160.2593,0.0670424,44.854492,967.4872,-192.7721,0.9954618,0.9284194,116.93965,72.08516
1.5-473-550,0.04285714285,0.0857142857,0.9985491866279087,-0.0008978851843,1.5,473.0,550.0,473.00003,0.01363265,649.85333,510.42468,37.424652,0.40770286,0.3940702,538.6113,-111.242004
1.5-473-550,0.1228915662,0.2457831324,0.7892004020960466,-0.000709640905,1.5,473.0,550.0,490.1111,0.9375533,633.0176,531.20013,41.08902,1.0492297,0.111676455,522.2006,-110.816956
1.5-473-550,0.2831325301,0.5662650602,0.9071317792997667,-0.0008156835895,1.5,473.0,550.0,832.74243,1.6082867,73.6949,829.86456,-2.8778687,1.3672546,-0.24103212,226.01343,152.31853
1.5-473-550,0.365060241,0.730120482,0.03282169734692774,-2.951293353e-05,1.5,473.0,550.0,591.90125,1.8627942,505.05505,652.82587,60.92462,1.6073515,-0.25544262,417.57837,-87.476685
1.5-473-550,0.05510204082,0.11020408164,0.993141646395439,0.0008930227796,1.5,473.0,550.0,473.00003,0.070031755,649.85333,525.3541,52.354095,0.45388207,0.3838503,519.36334,-130.48999
1.5-473-550,0.3289156627,0.6578313254,0.9442484491033019,-0.0008490585182,1.5,473.0,550.0,921.12317,1.475611,61.594116,883.77625,-37.346924,1.3277838,-0.14782715,169.01178,107.41766
1.5-473-550,0.05306122449,0.10612244898,0.5396442233296441,-0.0004852425493,1.5,473.0,550.0,473.00003,1.09053,649.85333,510.41556,37.415527,0.98849523,-0.10203481,592.7435,-57.109802
1.5-473-550,0.2048192771,0.4096385542,0.9337895728803226,0.000839654004,1.5,473.0,550.0,892.82477,1.2190409,65.12891,771.8284,-120.99634,1.0388745,-0.18016636,289.77277,224.64386
1.5-473-550,0.2590361446,0.5180722892,0.9811301448069191,0.0008822221606,1.5,473.0,550.0,1135.5046,0.52188504,46.07364,919.7369,-215.76776,0.9704897,0.44860464,165.78026,119.70662
1.5-473-550,0.08571428574,0.17142857148,0.9531521908128958,-0.0008570646714,1.5,473.0,550.0,473.00003,0.4627201,649.85333,551.7102,78.710175,0.6545913,0.19187123,487.99347,-161.85986
1.5-473-550,0.4428571429,0.8857142858,0.9985491866279087,0.0008978851843,1.5,473.0,550.0,667.5622,0.083986096,279.7217,799.27234,131.71014,1.1163086,1.0323225,199.56651,-80.1552
1.5-473-550,0.191566265,0.38313253,0.3542741439827602,-0.0003185596757,1.5,473.0,550.0,507.37558,1.2049252,615.5459,577.49146,70.115875,1.1890031,-0.01592207,528.70874,-86.83716
1.5-473-550,0.1,0.2,0.7527150114032973,-0.000676833616,1.5,473.0,550.0,473.00665,0.9508296,649.84705,500.55783,27.551178,1.0103803,0.059550643,560.3388,-89.50824
1.5-473-550,0.4265306122,0.8530612244,0.09831793589120096,8.840647929e-05,1.5,473.0,550.0,638.32556,2.1763937,423.26886,693.4156,55.090027,1.8616607,-0.31473303,358.89734,-64.37152
1.5-473-550,0.4612244898,0.9224489796,0.9844268823757469,-0.0008851865532,1.5,473.0,550.0,660.49603,0.7318522,346.85718,758.3469,97.85089,1.1977193,0.46586716,224.8186,-122.038574
1.5-473-550,0.01836734691,0.03673469382,0.9071317792997667,0.0008156835895,1.5,473.0,550.0,473.00003,0.65215385,649.85333,460.0388,-12.961243,0.60495085,-0.047203004,608.7598,-41.093506
1.5-473-550,0.2156626506,0.4313253012,0.2914697156873968,0.0002620865781,1.5,473.0,550.0,513.9343,1.3092685,608.515,595.1469,81.212585,1.221532,-0.08773649,512.76355,-95.751465
1.5-473-550,0.2277108434,0.4554216868,0.5396442234408553,0.0004852425494,1.5,473.0,550.0,528.3246,1.3420143,592.5131,586.89136,58.566772,1.3958486,0.05383432,490.16153,-102.35159
1.5-473-550,0.2530120482,0.5060240964,0.998978267368595,-0.0008982710093,1.5,473.0,550.0,1222.4014,0.02666145,42.12381,943.56494,-278.83643,0.85538936,0.8287279,149.36949,107.24568
1.5-473-550,0.1891566265,0.378313253,0.9999999997775775,-0.0008991897406,1.5,473.0,550.0,1104.0494,-5.322157e-09,47.758728,833.2578,-270.79163,0.7163274,0.7163274,237.71437,189.95564
1.5-473-550,0.178313253,0.356626506,0.9999999997775775,-0.0008991897406,1.5,473.0,550.0,1008.44006,-5.322157e-09,53.868866,808.1715,-200.26855,0.69352275,0.69352275,257.6582,203.78934
1.5-473-550,0.3168674699,0.6337349398,0.8705746216627653,0.0007828117684,1.5,473.0,550.0,759.16016,1.8296787,92.15915,797.8718,38.71167,1.5864747,-0.243204,236.0777,143.91855
1.5-473-550,0.2373493976,0.4746987952,0.9442484491033019,-0.0008490585182,1.5,473.0,550.0,995.66925,1.1889602,54.871674,837.1496,-158.51965,1.091802,-0.09715819,232.84908,177.9774
1.5-473-550,0.3240963856,0.6481927712,0.6021818746711394,0.0005414757638,1.5,473.0,550.0,614.7525,1.7616476,469.41168,657.7979,43.04541,1.8271378,0.065490246,376.11063,-93.301056
1.5-473-550,0.2542168675,0.508433735,0.9999999997775775,0.0008991897406,1.5,473.0,550.0,1225.0809,-5.322157e-09,42.0336,946.71124,-278.3697,0.85175675,0.85175675,146.89969,104.86609
1.5-473-550,0.4897959184,0.9795918368,0.9996041061370615,-0.0008988337571,1.5,473.0,550.0,657.6107,0.017326767,361.21555,721.41785,63.80713,1.0611322,1.0438055,257.7282,-103.487335
1.5-473-550,0.4510204082,0.9020408164,0.9442484491033019,0.0008490585182,1.5,473.0,550.0,662.9253,1.2416966,323.777,751.56213,88.63684,1.4423474,0.20065081,224.24084,-99.53616
1.5-473-550,0.3228915663,0.6457831326,0.9726063657286781,0.0008745576659,1.5,473.0,550.0,1031.7815,0.9212793,52.178406,926.4407,-105.34082,1.1601783,0.23889899,142.7905,90.61209
1.5-473-550,0.265060241,0.530120482,0.8902853188558087,-0.0008005354251,1.5,473.0,550.0,786.78925,1.605507,83.96054,796.7023,9.913025,1.3665221,-0.23898494,258.4533,174.49277
1.5-473-550,0.05918367348,0.11836734696,0.9215172744995802,0.0008286188792,1.5,473.0,550.0,473.00003,0.6364487,649.85333,497.70178,24.701752,0.67063564,0.03418696,550.1664,-99.68695
1.5-473-550,0.05714285715,0.1142857143,0.9872047710533666,0.0008876844022,1.5,473.0,550.0,473.00003,0.1319176,649.85333,525.0842,52.084198,0.47907266,0.34715506,519.1818,-130.67151
1.5-473-550,0.3349397591,0.6698795182,0.5396442233296441,0.0004852425493,1.5,473.0,550.0,609.4048,1.7896174,478.26447,657.43414,48.029358,1.8288391,0.039221644,384.46356,-93.8009
1.5-473-550,0.2373493976,0.4746987952,0.9442484491033019,0.0008490585182,1.5,473.0,550.0,995.6693,1.1889601,54.871643,837.1496,-158.51971,1.091802,-0.097158074,232.84908,177.97743
1.5-473-550,0.01428571426,0.02857142852,0.9811301446957078,0.0008822221605,1.5,473.0,550.0,473.00003,0.17407423,649.85333,472.16888,-0.83114624,0.40276963,0.2286954,592.51904,-57.33429
1.5-473-550,0.1879518072,0.3759036144,0.4163512323516047,-0.0003743787567,1.5,473.0,550.0,507.76486,1.1841522,615.152,568.27423,60.50937,1.204312,0.020159721,532.5949,-82.55707
1.5-473-550,0.2759036145,0.551807229,0.9215172744995802,-0.0008286188792,1.5,473.0,550.0,873.3346,1.5075879,67.358795,844.2601,-29.074524,1.2924147,-0.21517324,217.58511,150.22632
1.5-473-550,0.4693877551,0.9387755102,0.9531521909241071,0.0008570646715,1.5,473.0,550.0,659.0422,1.1751246,355.43683,731.2051,72.1629,1.3717102,0.19658554,239.72823,-115.7086
1.5-473-550,0.1879518072,0.3759036144,0.09831793590232207,-8.84064793e-05,1.5,473.0,550.0,502.21323,1.1961688,620.7702,588.8392,86.625946,1.1905049,-0.0056638718,517.852,-102.91821
1.5-473-550,0.330120482,0.660240964,0.9337895728803226,0.000839654004,1.5,473.0,550.0,892.8394,1.5887346,64.81323,869.5771,-23.26233,1.3815098,-0.20722485,178.18175,113.368515
1.5-473-550,0.3409638555,0.681927711,0.9844268823757469,-0.0008851865532,1.5,473.0,550.0,1076.3743,0.5863137,49.32144,934.15045,-142.22382,1.1222607,0.53594697,132.28293,82.96149
1.5-473-550,0.3409638555,0.681927711,0.8902853187445975,0.000800535425,1.5,473.0,550.0,803.58374,1.8771309,79.312485,815.4054,11.821655,1.5873228,-0.28980803,211.54181,132.22932
1.5-473-550,0.2024096385,0.404819277,0.9973789933391554,0.0008968329585,1.5,473.0,550.0,1224.3711,0.06450861,42.045746,857.869,-366.50208,0.75789714,0.6933885,218.3501,176.30435
1.5-473-550,0.06938775512,0.13877551024,0.999825745120423,0.0008990330526,1.5,473.0,550.0,473.00003,0.000998432,649.85333,553.753,80.75296,0.46102908,0.46003065,487.18042,-162.67291
1.5-473-550,0.2168674698,0.4337349396,0.9985491866279087,-0.0008978851843,1.5,473.0,550.0,1288.0995,0.03448957,39.923004,888.1752,-399.92432,0.7823079,0.74781835,194.37347,154.45047
1.5-473-550,0.2831325301,0.5662650602,0.8206166047262803,-0.0007378900321,1.5,473.0,550.0,660.3932,1.6813256,327.6252,738.6032,78.21002,1.5890563,-0.0922693,300.27936,-27.345856
1.5-473-550,0.213253012,0.426506024,0.3542741439827602,-0.0003185596757,1.5,473.0,550.0,514.89874,1.2999536,607.4427,588.4628,73.56409,1.2381796,-0.061774015,515.50665,-91.936035
1.5-473-550,0.4653061225,0.930612245,0.8705746216627653,0.0007828117684,1.5,473.0,550.0,659.2097,1.4793041,354.76047,708.82007,49.61035,1.750215,0.27091098,251.07124,-103.689224
1.5-473-550,0.256626506,0.513253012,0.9980223152919674,0.000897411427,1.5,473.0,550.0,1214.7964,0.05409896,42.440155,945.89856,-268.89783,0.86857784,0.8144789,147.11833,104.67818
1.5-473-550,0.3313253012,0.6626506024,0.9772248215579286,0.000878710534,1.5,473.0,550.0,1047.7883,0.8082016,51.111694,929.6516,-118.13672,1.1493789,0.34117728,138.01384,86.902145
1.5-473-550,0.4693877551,0.9387755102,0.9895407848051817,-0.0008897849218,1.5,473.0,550.0,659.1745,0.5462173,354.90262,748.0981,88.923584,1.1559216,0.60970426,233.40883,-121.49379
1.5-473-550,0.06326530613,0.12653061226,0.9998257452316341,-0.0008990330527,1.5,473.0,550.0,473.00003,0.0009982532,649.85333,542.8743,69.8743,0.44767684,0.44667858,499.38757,-150.46576
1.5-473-550,0.351807229,0.703614458,0.03282169734692774,-2.951293353e-05,1.5,473.0,550.0,578.08246,1.7744498,524.94116,646.6046,68.522156,1.5604563,-0.21399355,428.26917,-96.672
1.5-473-550,0.2831325301,0.5662650602,0.22784103833049427,-0.0002048723242,1.5,473.0,550.0,531.051,1.4846792,589.48126,632.73535,101.684326,1.3790295,-0.10564971,468.73666,-120.7446
1.5-473-550,0.1843373494,0.3686746988,0.993141646395439,0.0008930227796,1.5,473.0,550.0,1019.6041,0.16171789,53.03241,811.9919,-207.61224,0.74006855,0.57835066,254.98164,201.94923
1.5-473-550,0.2168674698,0.4337349396,0.9985491866279087,0.0008978851843,1.5,473.0,550.0,1288.0996,0.03448957,39.923004,888.1752,-399.92444,0.7823079,0.74781835,194.37347,154.45047
1.5-473-550,0.2771084337,0.5542168674,0.47796385156444166,-0.0004297801918,1.5,473.0,550.0,550.5677,1.5002519,566.43555,620.9438,70.3761,1.535238,0.03498614,453.32724,-113.10831
1.5-473-550,0.4897959184,0.9795918368,0.9872047710533666,0.0008876844022,1.5,473.0,550.0,657.6033,0.64136034,361.24554,716.67914,59.075867,1.1388985,0.49753815,258.60205,-102.64349
1.5-473-550,0.1614457831,0.3228915662,0.9993254186825348,-0.0008985831642,1.5,473.0,550.0,897.90454,0.016848916,64.13925,766.2549,-131.64966,0.6611296,0.6442807,291.55167,227.41241
1.5-473-550,0.3855421687,0.7710843374,0.8206166047262803,0.0007378900321,1.5,473.0,550.0,713.6253,2.2622275,117.10988,741.9697,28.344421,1.8851717,-0.37705588,247.24318,130.1333
1.5-473-550,0.4979591837,0.9959183674,0.9442484492145131,-0.0008490585183,1.5,473.0,550.0,657.38196,1.2408785,362.13904,694.5741,37.19214,1.3604348,0.11955631,270.0236,-92.11545
1.5-473-550,0.2,0.4,0.9956514833048237,-0.0008952795992,1.5,473.0,550.0,1201.4897,0.10257482,43.005676,850.1154,-351.37433,0.7616612,0.65908635,224.53076,181.52509
1.5-473-550,0.1457831325,0.291566265,0.7892004020960466,0.000709640905,1.5,473.0,550.0,507.4696,0.98452705,615.4508,559.7948,52.325195,1.121406,0.13687891,493.3231,-122.127716
1.5-473-550,0.1831325301,0.3662650602,0.9999999997775775,0.0008991897406,1.5,473.0,550.0,1046.9092,-5.322157e-09,51.195007,819.469,-227.44019,0.7036641,0.7036641,248.6538,197.45879
1.5-473-550,0.5,1.0,0.9931458282714428,0.0008930265399,1.5,473.0,550.0,657.37775,0.41296825,362.15607,704.8438,47.466064,1.082345,0.66937673,271.13525,-91.02081
1.5-473-550,0.3710843374,0.7421686748,0.9726063657286781,-0.0008745576659,1.5,473.0,550.0,988.40955,1.1237984,55.399536,887.93256,-100.47699,1.246002,0.12220359,152.43172,97.03218
1.5-473-550,0.1795180723,0.3590361446,0.6021818746711394,-0.0005414757638,1.5,473.0,550.0,512.69684,1.1307455,609.8912,552.9785,40.281677,1.2625736,0.13182807,523.4435,-86.44769
1.5-473-550,0.2626506024,0.5253012048,0.7098470004029654,0.0006382871403,1.5,473.0,550.0,600.8871,1.528926,491.38037,652.381,51.493896,1.600056,0.07113004,392.3566,-99.02377
1.5-473-550,0.4551020408,0.9102040816,0.9872047710533666,0.0008876844022,1.5,473.0,550.0,661.99884,0.6489401,332.57916,770.01526,108.01642,1.1854498,0.53650975,217.11716,-115.462006
1.5-473-550,0.0244897959,0.0489795918,0.8705746216627653,-0.0007828117684,1.5,473.0,550.0,473.00003,0.7536158,649.85333,459.84692,-13.153107,0.6889767,-0.06463909,609.4457,-40.407654
1.5-473-550,0.4897959184,0.9795918368,0.9985491866279087,-0.0008978851843,1.5,473.0,550.0,657.6107,0.07510512,361.21555,720.9972,63.386475,1.067896,0.9927909,257.80374,-103.411804
1.5-473-550,0.2506024096,0.5012048192,0.03282169734692774,-2.951293353e-05,1.5,473.0,550.0,519.1595,1.3961993,602.7047,603.6246,84.46509,1.2930387,-0.10316062,494.05756,-108.647156
1.5-473-550,0.3120481928,0.6240963856,0.6600967573005477,-0.0005935522321,1.5,473.0,550.0,620.8843,1.730764,458.43802,664.61664,43.73236,1.800222,0.06945801,365.48508,-92.95294
1.5-473-550,0.1626506024,0.3253012048,0.9945113832197316,-0.0008942544329,1.5,473.0,550.0,876.97546,0.14804292,66.77069,762.6353,-114.34015,0.68610543,0.5380625,294.82236,228.05167
1.5-473-550,0.1734939759,0.3469879518,0.9945113832197316,-0.0008942544329,1.5,473.0,550.0,939.1429,0.13682604,59.733765,788.76697,-150.37592,0.70977616,0.5729501,273.5717,213.83792
1.5-473-550,0.2807228916,0.5614457832,0.9999999997775775,-0.0008991897406,1.5,473.0,550.0,1198.7684,-5.322157e-09,43.1391,968.5312,-230.23724,0.90550816,0.90550816,126.42259,83.28349
1.5-473-550,0.1734939759,0.3469879518,0.22784103821928303,0.0002048723241,1.5,473.0,550.0,497.85666,1.1452785,625.1791,582.68835,84.831696,1.1460798,0.00080132484,528.9519,-96.22717
1.5-473-550,0.1891566265,0.378313253,0.9071317792997667,-0.0008156835895,1.5,473.0,550.0,623.3608,1.0961962,452.8324,712.8205,89.45972,1.0738374,-0.022358775,341.75418,-111.07822
1.5-473-550,0.4489795918,0.8979591836,0.8206166047262803,-0.0007378900321,1.5,473.0,550.0,662.0991,1.5859886,331.6262,708.15295,46.053833,1.9241874,0.33819878,254.33377,-77.29242
1.5-473-550,0.2325301205,0.465060241,0.7525573838264147,0.0006766918789,1.5,473.0,550.0,583.44196,1.4012218,518.96405,647.27905,63.837097,1.4643126,0.0630908,403.25006,-115.71399
1.5-473-550,0.1518072289,0.3036144578,0.9671530515086588,-0.0008696541017,1.5,473.0,550.0,625.037,0.7495838,450.6333,702.6829,77.645935,0.7744375,0.024853706,346.77817,-103.85513
1.5-473-550,0.1228915662,0.2457831324,0.9895407848051817,0.0008897849218,1.5,473.0,550.0,641.4203,0.41842744,415.49442,659.44666,18.026367,0.61911154,0.2006841,383.19415,-32.300262
1.5-473-550,0.4081632653,0.8163265306,0.9872047710533666,-0.0008876844022,1.5,473.0,550.0,789.6035,0.83928376,82.28552,850.5339,60.93036,1.1891906,0.34990686,168.59435,86.30882
1.5-473-550,0.3698795181,0.7397590362,0.16340484097302546,-0.0001469319566,1.5,473.0,550.0,599.5842,1.9053347,493.87454,675.25635,75.67212,1.6696349,-0.23569977,401.81528,-92.059265
1.5-473-550,0.4836734694,0.9673469388,0.6021818746711394,-0.0005414757638,1.5,473.0,550.0,657.1604,1.7976016,363.03354,697.40314,40.242737,2.1997213,0.40211976,288.98883,-74.04471
1.5-473-550,0.1530120482,0.3060240964,0.9215172744995802,0.0008286188792,1.5,473.0,550.0,553.36127,0.88827026,562.8701,657.8549,104.49365,0.9250062,0.036735952,389.15894,-173.71118
1.5-473-550,0.2493975904,0.4987951808,0.9726063657286781,-0.0008745576659,1.5,473.0,550.0,1104.1688,0.731049,47.736725,895.3272,-208.84161,0.9928288,0.2617798,185.73837,138.00165
1.5-473-550,0.2361445783,0.4722891566,0.3542741439827602,-0.0003185596757,1.5,473.0,550.0,521.05066,1.3608559,600.6017,601.31415,80.26349,1.2991474,-0.06170857,499.64117,-100.96051
1.5-473-550,0.1554216867,0.3108433734,0.7892004020960466,-0.000709640905,1.5,473.0,550.0,515.0195,1.0082599,607.30835,572.4906,57.47113,1.1534736,0.14521372,480.74506,-126.56329
1.5-473-550,0.4020408163,0.8040816326,0.9998257453428454,-0.0008990330528,1.5,473.0,550.0,891.4308,0.0060924836,65.22,874.6581,-16.772705,1.0975571,1.0914646,155.81383,90.59383
1.5-473-550,0.04897959184,0.09795918368,0.6021818746711394,0.0005414757638,1.5,473.0,550.0,473.00003,1.0573602,649.85333,495.35815,22.358124,0.96567523,-0.09168494,600.97284,-48.880493
1.5-473-550,0.3373493976,0.6746987952,0.8206166047262803,-0.0007378900321,1.5,473.0,550.0,686.3957,1.9372386,185.3628,753.7426,67.346924,1.7692672,-0.16797137,261.32913,75.96634
1.5-473-550,0.3397590362,0.6795180724,0.9071317792997667,-0.0008156835895,1.5,473.0,550.0,834.0831,1.8039116,73.35747,834.00604,-0.0770874,1.5204035,-0.28350806,198.78883,125.431366
1.5-473-550,0.0102040816,0.0204081632,0.6021818746711394,0.0005414757638,1.5,473.0,550.0,473.00003,1.0822082,649.85333,501.019,28.018982,0.9108259,-0.17138225,608.9514,-40.901917
1.5-473-550,0.07755102043,0.15510204086,0.9973789934503665,-0.0008968329586,1.5,473.0,550.0,473.00003,0.026279146,649.85333,567.31445,94.31442,0.48808092,0.46180177,472.36023,-177.4931
1.5-473-550,0.4632653061,0.9265306122,0.22784103821928303,0.0002048723241,1.5,473.0,550.0,652.82227,1.9970202,380.5464,720.9681,68.14581,2.061134,0.064113855,318.60895,-61.93744
1.5-473-550,0.1530120482,0.3060240964,0.9985491866279087,0.0008978851843,1.5,473.0,550.0,847.8248,0.043124493,70.97052,744.21106,-103.61377,0.6467754,0.6036509,309.75702,238.7865
1.5-473-550,0.4734693878,0.9469387756,0.9999999997775775,-0.0008991897406,1.5,473.0,550.0,658.6978,-5.322157e-09,356.82693,746.98035,88.28253,1.0826236,1.0826236,236.69762,-120.12932
1.5-473-550,0.1421686747,0.2843373494,0.9071317792997667,-0.0008156835895,1.5,473.0,550.0,529.6721,0.8754706,591.0146,624.09314,94.42102,0.9299158,0.054445207,420.60687,-170.40771
1.5-473-550,0.1927710843,0.3855421686,0.9993254186825348,0.0008985831642,1.5,473.0,550.0,1139.5219,0.014444107,45.876495,840.28345,-299.2384,0.7273892,0.7129451,232.18604,186.30954
1.5-473-550,0.351807229,0.703614458,0.9671530515086588,0.0008696541017,1.5,473.0,550.0,982.6434,1.1780134,55.864624,900.7776,-81.86578,1.2482057,0.07019222,149.9164,94.05177
1.5-473-550,0.1903614457,0.3807228914,0.9726063657286781,-0.0008745576659,1.5,473.0,550.0,960.5114,0.61288214,57.77005,795.60236,-164.90906,0.84832853,0.2354464,269.17407,211.40402
1.5-473-550,0.2638554217,0.5277108434,0.9337895728803226,0.000839654004,1.5,473.0,550.0,920.16327,1.3801066,61.733704,851.86865,-68.29462,1.2089902,-0.17111635,215.48149,153.74779
1.5-473-550,0.2831325301,0.5662650602,0.9945113832197316,0.0008942544329,1.5,473.0,550.0,1172.4965,0.16801041,44.294495,960.2055,-212.29095,0.94480854,0.7767981,131.62097,87.32648
1.5-473-550,0.3373493976,0.6746987952,0.9985491866279087,-0.0008978851843,1.5,473.0,550.0,1149.0731,0.051794406,45.404694,958.5484,-190.52472,1.0220472,0.97025275,118.11864,72.71394
1.5-473-550,0.2638554217,0.5277108434,0.9996041060258503,-0.000898833757,1.5,473.0,550.0,1215.3169,0.009196037,42.41803,955.79193,-259.52496,0.8738845,0.86468846,138.77272,96.35469
1.5-473-550,0.351807229,0.703614458,0.9844268823757469,0.0008851865532,1.5,473.0,550.0,1066.0657,0.61796045,49.942474,924.76996,-141.29572,1.1410043,0.5230439,135.08543,85.14296
1.5-473-550,0.3855421687,0.7710843374,0.47796385156444166,-0.0004297801918,1.5,473.0,550.0,631.2619,2.086372,438.65964,682.0236,50.76172,1.9779412,-0.10843074,354.3185,-84.341125
1.5-473-550,0.2843373494,0.5686746988,0.9844268823757469,0.0008851865532,1.5,473.0,550.0,1123.5444,0.47480708,46.68994,943.69055,-179.85388,1.0082269,0.5334198,142.77968,96.08974
1.5-473-550,0.308433735,0.61686747,0.9872047710533666,-0.0008876844022,1.5,473.0,550.0,1117.5636,0.42486724,47.00952,952.6502,-164.91339,1.0420926,0.6172253,129.97142,82.9619
1.5-473-550,0.01632653059,0.03265306118,0.9671530515086588,-0.0008696541017,1.5,473.0,550.0,473.00003,0.3092515,649.85333,469.92603,-3.0740051,0.44985688,0.14060539,594.58246,-55.270874
1.5-473-550,0.3614457832,0.7228915664,0.4163512323516047,-0.0003743787567,1.5,473.0,550.0,609.66504,1.8972857,477.97226,673.5512,63.88617,1.8273015,-0.0699842,384.42346,-93.5488
1.5-473-550,0.01632653059,0.03265306118,0.9956514833048237,-0.0008952795992,1.5,473.0,550.0,473.00003,0.039697107,649.85333,478.62457,5.624542,0.3596866,0.3199895,583.8944,-65.95892
1.5-473-550,0.3903614458,0.7807228916,0.22784103833049427,-0.0002048723242,1.5,473.0,550.0,618.73303,2.0736063,462.8316,690.5567,71.82367,1.7918975,-0.28170872,378.2226,-84.60901
1.5-473-550,0.3554216868,0.7108433736,0.9895407848051817,0.0008897849218,1.5,473.0,550.0,1088.3606,0.42673436,48.624634,928.43176,-159.92883,1.1131707,0.6864364,131.94926,83.32463
1.5-473-550,0.1927710843,0.3855421686,0.9671530515086588,0.0008696541017,1.5,473.0,550.0,963.4591,0.7031205,57.53076,793.0152,-170.44391,0.87768185,0.17456132,271.49088,213.96011
1.5-473-550,0.2457831325,0.491566265,0.4163512323516047,-0.0003743787567,1.5,473.0,550.0,526.50616,1.390415,594.53516,602.63025,76.124084,1.3692708,-0.021144152,489.2747,-105.26047
1.5-473-550,0.1180722891,0.2361445782,0.9726063657286781,-0.0008745576659,1.5,473.0,550.0,552.01996,0.5584529,564.6546,631.4746,79.45465,0.67162746,0.11317456,409.30463,-155.34998
1.5-473-550,0.3722891567,0.7445783134,0.47796385156444166,-0.0004297801918,1.5,473.0,550.0,623.38336,1.98732,454.2602,676.0566,52.673218,1.9273257,-0.05999422,365.1698,-89.09039
1.5-473-550,0.4959183674,0.9918367348,0.5396442233296441,-0.0004852425493,1.5,473.0,550.0,657.147,1.8352723,363.0878,706.75726,49.61029,2.2180357,0.3827634,290.2206,-72.86719
1.5-473-550,0.2180722892,0.4361445784,0.9998257452316341,-0.0008990330527,1.5,473.0,550.0,1295.4188,0.0024219698,39.923004,892.5129,-402.90594,0.7778427,0.7754207,190.96101,151.03801
1.5-473-550,0.09387755105,0.1877551021,0.9985491866279087,0.0008978851843,1.5,473.0,550.0,473.00003,0.014105016,649.85333,601.8243,128.82425,0.519288,0.505183,437.13654,-212.7168
1.5-473-550,0.2771084337,0.5542168674,0.22784103833049427,-0.0002048723242,1.5,473.0,550.0,528.70325,1.4666013,592.09204,629.43335,100.7301,1.3604941,-0.106107116,473.12054,-118.9715
1.5-473-550,0.2506024096,0.5012048192,0.9996041061370615,-0.0008988337571,1.5,473.0,550.0,1228.4829,0.0089423,41.882782,941.8305,-286.6524,0.8466893,0.837747,150.9798,109.097015
1.5-473-550,0.1650602409,0.3301204818,0.9442484491033019,0.0008490585182,1.5,473.0,550.0,607.83765,0.8892399,480.58572,706.0494,98.21173,0.8904075,0.0011675954,345.56015,-135.02557
1.5-473-550,0.1445783132,0.2891566264,0.9726063657286781,-0.0008745576659,1.5,473.0,550.0,621.54834,0.6916738,457.29953,692.1612,70.612854,0.7359704,0.044296563,355.41348,-101.88605
1.5-473-550,0.2975903615,0.595180723,0.7892004020960466,0.000709640905,1.5,473.0,550.0,651.08887,1.7304426,384.45154,721.42834,70.33948,1.6871703,-0.043272376,309.4344,-75.01715
1.5-473-550,0.2108433734,0.4216867468,0.9531521909241071,0.0008570646715,1.5,473.0,550.0,1073.9049,0.9939721,49.508636,808.1807,-265.72418,0.9828632,-0.011108935,258.94623,209.43759
1.5-473-550,0.07755102043,0.15510204086,0.9772248215579286,0.000878710534,1.5,473.0,550.0,473.00003,0.23819262,649.85333,552.9383,79.93826,0.55959225,0.32139963,486.96432,-162.889
1.5-473-550,0.1987951807,0.3975903614,0.3542741439827602,-0.0003185596757,1.5,473.0,550.0,510.07578,1.2391376,612.7661,580.994,70.91824,1.2044762,-0.034661412,524.52106,-88.245056
1.5-473-550,0.2108433734,0.4216867468,0.9442484491033019,-0.0008490585182,1.5,473.0,550.0,1024.2898,1.1187315,52.764038,796.0236,-228.26617,1.0179026,-0.100828886,269.0891,216.32507
1.5-473-550,0.4489795918,0.8979591836,0.999825745120423,-0.0008990330526,1.5,473.0,550.0,664.2454,0.0055717775,311.23438,789.1469,124.90149,1.1049753,1.0994036,206.39636,-104.83801
1.5-473-550,0.2542168675,0.508433735,0.9726063657286781,0.0008745576659,1.5,473.0,550.0,1095.7146,0.74162525,48.197296,900.8141,-194.90051,1.0044285,0.26280326,180.735,132.5377
1.5-473-550,0.3180722892,0.6361445784,0.8705746216627653,-0.0007828117684,1.5,473.0,550.0,759.59326,1.8347545,91.986176,797.95715,38.36389,1.5900049,-0.24474955,235.44006,143.45389
1.5-473-550,0.4122448979,0.8244897958,0.29146971579860803,-0.0002620865782,1.5,473.0,550.0,635.2145,2.214711,430.1599,702.34644,67.13196,1.9268028,-0.2879082,353.75336,-76.406555
1.5-473-550,0.1361445783,0.2722891566,0.9895407848051817,-0.0008897849218,1.5,473.0,550.0,694.10266,0.42489296,135.0614,691.361,-2.7416382,0.64895666,0.2240637,355.06918,220.00778
1.5-473-550,0.2180722892,0.4361445784,0.9985491866279087,-0.0008978851843,1.5,473.0,550.0,1290.5273,0.034172293,39.923004,890.39264,-400.1347,0.7848468,0.7506745,192.61494,152.69194
1.5-473-550,0.2939759036,0.5879518072,0.993141646395439,-0.0008930227796,1.5,473.0,550.0,1156.7567,0.21878433,45.02591,961.61176,-195.14496,0.97554946,0.7567651,127.95407,82.92816
1.5-473-550,0.4979591837,0.9959183674,0.9985491868503311,0.0008978851845,1.5,473.0,550.0,657.4045,0.075039856,362.04813,709.3774,51.9729,1.0528914,0.9778515,268.37213,-93.675995
1.5-473-550,0.3180722892,0.6361445784,0.9844268823757469,-0.0008851865532,1.5,473.0,550.0,1096.3789,0.5340739,48.15851,946.3204,-150.05853,1.0787979,0.54472405,131.29256,83.13405
1.5-473-550,0.2578313253,0.5156626506,0.9945113832197316,-0.0008942544329,1.5,473.0,550.0,1198.5215,0.15424794,43.131836,941.0903,-257.4312,0.89191467,0.7376667,150.4095,107.277664
1.5-473-550,0.4061224489,0.8122448978,0.9726063657286781,0.0008745576659,1.5,473.0,550.0,808.53235,1.3716218,78.1156,839.1201,30.587769,1.2827343,-0.08888757,174.84204,96.72644
1.5-473-550,0.1373493975,0.274698795,0.9671530515086588,-0.0008696541017,1.5,473.0,550.0,583.1011,0.6974731,518.04584,669.56006,86.458984,0.7383477,0.0408746,375.41614,-142.6297
1.5-473-550,0.1457831325,0.291566265,0.8206166047262803,0.0007378900321,1.5,473.0,550.0,511.6816,0.96667767,610.98456,574.0005,62.31888,1.0904667,0.12378907,475.9,-135.08456
1.5-473-550,0.04489795918,0.08979591836,0.9993254186825348,-0.0008985831642,1.5,473.0,550.0,473.00003,0.005938227,649.85333,513.68646,40.68643,0.4093864,0.40344816,534.49695,-115.356384
1.5-473-550,0.4489795918,0.8979591836,0.993141646395439,-0.0008930227796,1.5,473.0,550.0,664.22345,0.39083022,311.4433,784.39056,120.167114,1.1504441,0.75961393,208.40686,-103.03644
1.5-473-550,0.1650602409,0.3301204818,0.9726063657286781,-0.0008745576659,1.5,473.0,550.0,724.90454,0.67397267,108.741165,739.6824,14.777832,0.78609747,0.1121248,315.2297,206.48854
1.5-473-550,0.1843373494,0.3686746988,0.9985491866279087,0.0008978851843,1.5,473.0,550.0,1048.8497,0.033202108,51.038574,820.0651,-228.7846,0.71347684,0.6802747,248.25665,197.21808
1.5-473-550,0.3939759037,0.7879518074,0.16340484097302546,-0.0001469319566,1.5,473.0,550.0,619.2082,2.098841,462.02176,687.10815,67.89996,1.7676036,-0.33123732,380.62808,-81.39368
1.5-473-550,0.4204081632,0.8408163264,0.8206166047262803,-0.0007378900321,1.5,473.0,550.0,687.7022,2.117738,148.2836,724.4456,36.74341,1.9259839,-0.1917541,247.9554,99.6718
1.5-473-550,0.2,0.4,0.9999999997775775,-0.0008991897406,1.5,473.0,550.0,1219.794,-5.322157e-09,42.254303,856.9919,-362.80206,0.7390824,0.7390824,218.97543,176.72113
1.5-473-550,0.395180723,0.790361446,0.47796385156444166,-0.0004297801918,1.5,473.0,550.0,636.6113,2.1720583,427.06592,686.0903,49.478943,2.0129442,-0.15911412,346.76932,-80.2966
1.5-473-550,0.3795180723,0.7590361446,0.9993254186825348,0.0008985831642,1.5,473.0,550.0,1114.6748,0.028143639,47.16388,910.8444,-203.83038,1.079106,1.0509623,137.58226,90.41838
1.5-473-550,0.3807228916,0.7614457832,0.29146971579860803,-0.0002620865782,1.5,473.0,550.0,614.6016,2.0035954,469.8386,687.505,72.90338,1.7981601,-0.20543528,381.21704,-88.62155
1.5-473-550,0.3626506025,0.725301205,0.9965972946963587,-0.0008961300631,1.5,473.0,550.0,1116.4562,0.14237815,47.068695,930.2246,-186.23157,1.0759833,0.93360513,129.27356,82.204865
1.5-473-550,0.4285714286,0.8571428572,0.3542741439827602,-0.0003185596757,1.5,473.0,550.0,644.2976,2.1791465,407.69003,707.5623,63.26471,2.034435,-0.1447115,335.32632,-72.36371
1.5-473-550,0.4081632653,0.8163265306,0.9772248215579286,0.000878710534,1.5,473.0,550.0,787.91675,1.2390552,82.71831,840.4737,52.556946,1.2547073,0.01565218,173.9981,91.279785
1.5-473-550,0.2975903615,0.595180723,0.9945113832197316,0.0008942544329,1.5,473.0,550.0,1159.9355,0.17718017,44.870026,964.58386,-195.35168,0.9742003,0.79702014,125.00531,80.135284
1.5-473-550,0.05306122449,0.10612244898,0.960723235489121,-0.0008638724771,1.5,473.0,550.0,473.00003,0.39915115,649.85333,505.82663,32.8266,0.5534089,0.15425777,541.1406,-108.71271
1.5-473-550,0.3795180723,0.7590361446,0.9980223152919674,-0.000897411427,1.5,473.0,550.0,1108.3406,0.08995747,47.50232,909.1383,-199.20227,1.0883527,0.9983952,138.54129,91.03897
1.5-473-550,0.3337349398,0.6674698796,0.9895407848051817,0.0008897849218,1.5,473.0,550.0,1108.7465,0.3846981,47.48065,947.0112,-161.73523,1.0760506,0.69135255,126.272964,78.79231
1.5-473-550,0.3120481928,0.6240963856,0.9998257452316341,-0.0008990330527,1.5,473.0,550.0,1174.8707,0.0033081716,44.185913,973.0474,-201.8233,0.96763337,0.9643252,115.598145,71.41223
1.5-473-550,0.3831325302,0.7662650604,0.9980223152919674,0.000897411427,1.5,473.0,550.0,1104.6392,0.092585735,47.700104,903.6583,-200.98083,1.092542,0.9999563,141.16888,93.46878
1.5-473-550,0.278313253,0.556626506,0.9945113832197316,0.0008942544329,1.5,473.0,550.0,1177.0654,0.16494709,44.08554,957.679,-219.38641,0.934857,0.7699099,134.49391,90.40837
1.5-473-550,0.113253012,0.226506024,0.7098470004029654,0.0006382871403,1.5,473.0,550.0,479.0446,0.97390515,644.1488,507.42947,28.384888,1.0671971,0.09329194,558.80176,-85.347046
1.5-473-550,0.2445783133,0.4891566266,0.9844268823757469,-0.0008851865532,1.5,473.0,550.0,1176.5044,0.4126095,44.111176,908.5473,-267.9571,0.91963863,0.5070292,176.53001,132.41884
1.5-473-550,0.1469879518,0.2939759036,0.9811301446957078,-0.0008822221605,1.5,473.0,550.0,677.14856,0.59967875,193.66063,707.6942,30.545654,0.7082878,0.10860902,341.55353,147.8929
1.5-473-550,0.1036144578,0.2072289156,0.9772248215579286,-0.000878710534,1.5,473.0,550.0,526.294,0.38188392,594.77106,604.1738,77.87982,0.6207851,0.2389012,434.8629,-159.90814
1.5-473-550,0.2481927711,0.4963855422,0.8902853187445975,0.000800535425,1.5,473.0,550.0,765.7694,1.5596747,91.04646,780.4941,14.72467,1.3116655,-0.2480092,276.63553,185.58907
1.5-473-550,0.1120481927,0.2240963854,0.6600967573005477,0.0005935522321,1.5,473.0,550.0,476.94147,1.0005107,646.13525,505.41403,28.472565,1.0765654,0.07605469,569.22797,-76.90729
1.5-473-550,0.1674698795,0.334939759,0.9985491866279087,-0.0008978851843,1.5,473.0,550.0,924.8105,0.03669202,61.151245,779.986,-144.82446,0.67761266,0.64092064,280.4236,219.27237
1.5-473-550,0.1686746988,0.3373493976,0.09831793590232207,-8.84064793e-05,1.5,473.0,550.0,494.8198,1.1383911,628.2524,584.211,89.391205,1.1737888,0.03539765,522.77124,-105.48114
1.5-473-550,0.2072289156,0.4144578312,0.22784103833049427,-0.0002048723242,1.5,473.0,550.0,510.13412,1.2798498,612.72144,595.02936,84.89523,1.1952525,-0.08459723,515.12274,-97.598694
1.5-473-550,0.1638554216,0.3277108432,0.9337895728803226,-0.000839654004,1.5,473.0,550.0,587.87897,0.9078502,510.89813,692.17206,104.29309,0.92060196,0.012751758,358.2361,-152.66202
1.5-473-550,0.4102040816,0.8204081632,0.9872047710533666,0.0008876844022,1.5,473.0,550.0,771.3026,0.8473651,87.214554,847.099,75.79639,1.1903324,0.34296733,170.43005,83.2155
1.5-473-550,0.07755102043,0.15510204086,0.9772248215579286,-0.000878710534,1.5,473.0,550.0,473.00003,0.23819262,649.85333,552.9383,79.93826,0.55959225,0.32139963,486.96432,-162.889
1.5-473-550,0.2771084337,0.5542168674,0.6600967573005477,-0.0005935522321,1.5,473.0,550.0,596.5026,1.5688124,497.89767,643.87427,47.371643,1.6567568,0.08794439,400.4036,-97.49408
1.5-473-550,0.2,0.4,0.09831793590232207,-8.84064793e-05,1.5,473.0,550.0,506.38318,1.250222,616.55023,592.24243,85.85925,1.2032686,-0.04695332,514.1128,-102.43744
1.5-473-550,0.1987951807,0.3975903614,0.9996041061370615,-0.0008988337571,1.5,473.0,550.0,1202.582,0.0077124187,42.95926,853.80237,-348.77966,0.7386288,0.7309164,221.50163,178.54237
1.5-473-550,0.2409638554,0.4819277108,0.998978267368595,-0.0008982710093,1.5,473.0,550.0,1248.6425,0.0252549,41.084076,928.2222,-320.42023,0.83039284,0.80513793,162.22122,121.137146
1.5-473-550,0.4,0.8,0.9071908186744295,0.0008157366771,1.5,473.0,550.0,823.9666,2.2142987,75.05376,789.4412,-34.52539,1.6228055,-0.59149325,205.88052,130.82677
1.5-473-550,0.4387755102,0.8775510204,0.9956514833048237,0.0008952795992,1.5,473.0,550.0,670.85675,0.27709532,249.06577,804.38324,133.52649,1.1373919,0.8602966,195.89981,-53.165955
1.5-473-550,0.395180723,0.790361446,0.5396442233296441,-0.0004852425493,1.5,473.0,550.0,642.249,2.1944642,413.1206,683.34076,41.091736,2.054464,-0.1400001,335.75177,-77.368835
1.5-473-550,0.4795918368,0.9591836736,0.9973789933391554,0.0008968329585,1.5,473.0,550.0,658.14087,0.13961518,359.07526,735.9177,77.776855,1.0916455,0.9520303,244.85043,-114.22482
1.5-473-550,0.2265060241,0.4530120482,0.8705746216627653,-0.0007828117684,1.5,473.0,550.0,689.14764,1.4589436,217.39624,732.7049,43.55725,1.2885205,-0.17042315,322.1249,104.72867
1.5-473-550,0.0244897959,0.0489795918,0.7892004020960466,0.000709640905,1.5,473.0,550.0,473.00003,0.89353913,649.85333,461.25073,-11.749298,0.8013585,-0.09218061,618.3827,-31.470642
1.5-473-550,0.2228915662,0.4457831324,0.9980223152919674,0.000897411427,1.5,473.0,550.0,1290.0525,0.04731303,39.923004,898.1295,-391.92297,0.7979047,0.75059164,186.4453,146.5223
1.5-473-550,0.03265306121,0.06530612242,0.9337895728803226,0.000839654004,1.5,473.0,550.0,473.00003,0.553065,649.85333,474.66193,1.6618958,0.5773088,0.024243772,583.51495,-66.33838
1.5-473-550,0.08775510207,0.17551020414,0.9945113832197316,-0.0008942544329,1.5,473.0,550.0,473.00003,0.056053396,649.85333,585.44165,112.44162,0.5213888,0.46533543,453.4412,-196.41214
1.5-473-550,0.05714285715,0.1142857143,0.9985491866279087,0.0008978851843,1.5,473.0,550.0,473.00003,0.014098162,649.85333,531.8182,58.818146,0.43898892,0.42489076,512.1264,-137.72693
1.5-473-550,0.1867469879,0.3734939758,0.9973789933391554,-0.0008968329585,1.5,473.0,550.0,1061.9141,0.0620141,50.20746,823.80304,-238.11102,0.72445637,0.66244227,245.34268,195.13522
1.5-473-550,0.1867469879,0.3734939758,0.8705746216627653,-0.0007828117684,1.5,473.0,550.0,576.85657,1.0973339,527.9596,673.1207,96.26416,1.1518095,0.054475546,378.88385,-149.07574
1.5-473-550,0.3144578314,0.6289156628,0.9993254186825348,-0.0008985831642,1.5,473.0,550.0,1170.8495,0.020499224,44.369812,971.6362,-199.21326,0.9755065,0.95500726,115.87706,71.50725
1.5-473-550,0.1951807229,0.3903614458,0.09831793590232207,-8.84064793e-05,1.5,473.0,550.0,504.7647,1.2289267,618.1882,590.8352,86.070496,1.197933,-0.0309937,515.6706,-102.51758
1.5-473-550,0.3530120482,0.7060240964,0.9071317792997667,0.0008156835895,1.5,473.0,550.0,831.6352,1.8681371,73.76402,827.77136,-3.8638306,1.5499921,-0.31814504,197.39496,123.630936
1.5-473-550,0.2144578313,0.4289156626,0.9915009044774012,-0.0008915474413,1.5,473.0,550.0,1259.4901,0.21193922,40.67981,872.2065,-387.28363,0.81464845,0.60270923,206.98369,166.30388
1.5-473-550,0.3530120482,0.7060240964,0.9442484491033019,-0.0008490585182,1.5,473.0,550.0,907.784,1.5812186,63.01596,870.2621,-37.52191,1.3776685,-0.2035501,168.94804,105.93208
1.5-473-550,0.1433734939,0.2867469878,0.9985491866279087,0.0008978851843,1.5,473.0,550.0,800.2849,0.05092716,79.72098,720.05554,-80.22937,0.6261579,0.5752307,330.00327,250.28229
1.5-473-550,0.1313253012,0.2626506024,0.3542741437603377,0.0003185596755,1.5,473.0,550.0,481.05386,1.0813973,642.18353,556.1528,75.09891,1.0931585,0.0117611885,554.26465,-87.918884
1.5-473-550,0.4183673469,0.8367346938,0.09831793590232207,-8.84064793e-05,1.5,473.0,550.0,633.98315,2.2014067,432.88736,689.7428,55.759644,1.8310272,-0.37037957,365.77106,-67.1163
1.5-473-550,0.4571428571,0.9142857142,0.9215172744995802,-0.0008286188792,1.5,473.0,550.0,660.98615,1.3361868,342.20078,733.3447,72.35858,1.5500149,0.21382809,234.98885,-107.21193
1.5-473-550,0.2457831325,0.491566265,0.3542741437603377,0.0003185596755,1.5,473.0,550.0,523.6494,1.3878458,597.71185,607.00903,83.35962,1.3275962,-0.060249567,492.43893,-105.27292
1.5-473-550,0.3120481928,0.6240963856,0.9985491866279087,0.0008978851843,1.5,473.0,550.0,1169.1583,0.046815272,44.447174,970.90106,-198.25726,0.97614557,0.9293303,116.991806,72.54463
1.5-473-550,0.4857142857,0.9714285714,0.9996041060258503,0.000898833757,1.5,473.0,550.0,657.77484,0.017329926,360.55304,727.513,69.73816,1.0678843,1.0505544,252.4484,-108.104645
1.5-473-550,0.2,0.4,0.9071317792997667,0.0008156835895,1.5,473.0,550.0,699.10767,1.2333175,204.41527,731.82166,32.71399,1.1079856,-0.12533188,324.85574,120.440475
1.5-473-550,0.2542168675,0.508433735,0.9671530515086588,-0.0008696541017,1.5,473.0,550.0,1067.9048,0.8683839,49.840424,892.1496,-175.75519,1.032031,0.16364717,187.23206,137.39163
1.5-473-550,0.3746987952,0.7493975904,0.9531521908128958,-0.0008570646714,1.5,473.0,550.0,918.5964,1.5776513,61.833008,860.5065,-58.089905,1.3657217,-0.21192956,168.1207,106.28769
1.5-473-550,0.2228915662,0.4457831324,0.9973789933391554,-0.0008968329585,1.5,473.0,550.0,1287.5585,0.06329363,39.923004,897.0559,-390.50256,0.801448,0.73815435,187.27649,147.35349
1.5-473-550,0.1807228915,0.361445783,0.6021818746711394,-0.0005414757638,1.5,473.0,550.0,513.34436,1.1354985,609.1711,553.93024,40.585876,1.2664388,0.13094032,522.3251,-86.84601
1.5-473-550,0.3626506025,0.725301205,0.9337895728803226,-0.000839654004,1.5,473.0,550.0,878.55206,1.7385021,66.56094,850.2387,-28.313354,1.4482907,-0.29021144,178.49483,111.93388
1.5-473-550,0.1409638554,0.2819277108,0.7892004020960466,-0.000709640905,1.5,473.0,550.0,503.7721,0.9737932,619.1927,553.56177,49.789673,1.1057386,0.13194543,499.5322,-119.66049
1.5-473-550,0.3915662651,0.7831325302,0.8705746216627653,0.0007828117684,1.5,473.0,550.0,778.61566,2.27282,85.28899,769.84607,-8.769592,1.7541409,-0.51867914,222.47821,137.18922
1.5-473-550,0.2771084337,0.5542168674,0.7525573838264147,-0.0006766918789,1.5,473.0,550.0,629.0635,1.6158129,442.5338,685.4415,56.37805,1.642546,0.02673316,352.5342,-89.9996
1.5-473-550,0.3060240964,0.6120481928,0.9915009044774012,0.0008915474413,1.5,473.0,550.0,1139.693,0.28135848,45.867126,959.8952,-179.79779,1.0102192,0.72886074,125.8528,79.98567
1.5-473-550,0.4775510204,0.9551020408,0.9215172744995802,0.0008286188792,1.5,473.0,550.0,658.1327,1.3426261,359.10843,710.68274,52.55005,1.5174325,0.17480636,252.12328,-106.98515
1.5-473-550,0.126506024,0.253012048,0.6600967573005477,-0.0005935522321,1.5,473.0,550.0,485.61057,1.0077575,637.57214,515.0376,29.427032,1.1138608,0.1061033,557.98926,-79.582886
1.5-473-550,0.09591836738,0.19183673476,0.8705746216627653,0.0007828117684,1.5,473.0,550.0,473.00003,0.7876873,649.85333,525.3044,52.30435,0.86899567,0.081308365,519.7881,-130.06525
1.5-473-550,0.3180722892,0.6361445784,0.9811301448069191,0.0008822221606,1.5,473.0,550.0,1079.8484,0.6410266,49.119507,941.1099,-138.73846,1.0991611,0.45813453,134.69905,85.579544
1.5-473-550,0.1963855422,0.3927710844,0.9726063657286781,-0.0008745576659,1.5,473.0,550.0,1034.9119,0.62864137,51.973633,808.07495,-226.83691,0.86316526,0.23452389,258.97668,207.00305
1.5-473-550,0.373493976,0.746987952,0.9531521908128958,-0.0008570646714,1.5,473.0,550.0,919.3368,1.5697932,61.757263,861.8344,-57.50238,1.3639868,-0.20580637,167.64142,105.884155
1.5-473-550,0.3144578314,0.6289156628,0.9980223152919674,-0.000897411427,1.5,473.0,550.0,1164.9536,0.06549173,44.639435,969.45886,-195.49475,0.9842041,0.9187124,117.284836,72.6454
1.5-473-550,0.3325301205,0.665060241,0.7098470004029654,-0.0006382871403,1.5,473.0,550.0,640.9947,1.8502983,415.73257,690.09283,49.098145,1.8751847,0.02488637,325.73907,-89.9935
1.5-473-550,0.3072289157,0.6144578314,0.9215172744995802,0.0008286188792,1.5,473.0,550.0,868.94965,1.6056379,67.945404,856.2556,-12.694031,1.3793659,-0.22627199,196.88223,128.93683
1.5-473-550,0.4938775511,0.9877551022,0.9895407848051817,0.0008897849218,1.5,473.0,550.0,657.4893,0.54740393,361.7057,711.8918,54.402466,1.1167885,0.5693846,263.53253,-98.17316
1.5-473-550,0.3445783133,0.6891566266,0.9671530515086588,0.0008696541017,1.5,473.0,550.0,989.0378,1.1444557,55.356323,906.58514,-82.45264,1.2350546,0.09059894,148.52852,93.172195
1.5-473-550,0.4326530612,0.8653061224,0.9993254186825348,-0.0008985831642,1.5,473.0,550.0,679.2393,0.0384047,178.74216,818.59766,139.35834,1.1126763,1.0742716,187.599,8.856842
1.5-473-550,0.4428571429,0.8857142858,0.9844268823757469,0.0008851865532,1.5,473.0,550.0,667.3978,0.78587276,281.2834,788.7399,121.3421,1.2109804,0.42510766,204.29846,-76.984924
1.5-473-550,0.2855421687,0.5710843374,0.9215172744995802,0.0008286188792,1.5,473.0,550.0,870.64813,1.5407181,67.72882,849.8116,-20.836548,1.3199021,-0.22081602,210.02727,142.29845
1.5-473-550,0.1759036144,0.3518072288,0.9980223152919674,-0.000897411427,1.5,473.0,550.0,982.2527,0.046661552,55.88684,799.5504,-182.70227,0.69812626,0.6514647,264.6779,208.79105
1.5-473-550,0.3831325302,0.7662650604,0.993141646395439,0.0008930227796,1.5,473.0,550.0,1080.0399,0.33084142,49.108337,897.46967,-182.57025,1.1267028,0.79586136,144.63457,95.52623
1.5-473-550,0.373493976,0.746987952,0.8705746216627653,0.0007828117684,1.5,473.0,550.0,776.37933,2.1120863,86.013,781.87555,5.496216,1.7254889,-0.3865974,221.18916,135.17616
1.5-473-550,0.2204819277,0.4409638554,0.8902853188558087,0.0008005354251,1.5,473.0,550.0,756.4957,1.4564217,97.58562,745.3915,-11.104248,1.2200981,-0.2363236,311.71756,214.13194
1.5-473-550,0.3445783133,0.6891566266,0.9531521909241071,0.0008570646715,1.5,473.0,550.0,938.51013,1.4183923,59.79648,887.63934,-50.87079,1.3141266,-0.10426569,160.67725,100.88077
1.5-473-550,0.05306122449,0.10612244898,0.9945113832197316,0.0008942544329,1.5,473.0,550.0,473.00003,0.05561578,649.85333,523.0131,50.013092,0.44451508,0.3888993,522.33325,-127.52008
1.5-473-550,0.1843373494,0.3686746988,0.9872047710533666,-0.0008876844022,1.5,473.0,550.0,985.88446,0.2959209,55.5838,803.30817,-182.5763,0.7682963,0.4723754,262.26114,206.67734
1.5-473-550,0.2048192771,0.4096385542,0.9945113832197316,-0.0008942544329,1.5,473.0,550.0,1221.6431,0.13720757,42.159454,858.25366,-363.3894,0.77795327,0.6407457,218.09921,175.93976
1.5-473-550,0.3012048193,0.6024096386,0.9895407848051817,0.0008897849218,1.5,473.0,550.0,1133.1628,0.3419984,46.189087,956.59644,-176.5664,1.0128136,0.67081517,129.39012,83.201035
1.5-473-550,0.3819277109,0.7638554218,0.7892004020960466,0.000709640905,1.5,473.0,550.0,683.5321,2.2103639,184.29887,726.8845,43.352417,1.9405802,-0.26978362,262.6358,78.33693
1.5-473-550,0.1710843373,0.3421686746,0.9973789934503665,-0.0008968329586,1.5,473.0,550.0,947.353,0.06402277,58.92511,787.09045,-160.26257,0.6909225,0.6268997,274.7485,215.8234
1.5-473-550,0.2096385542,0.4192771084,0.960723235489121,-0.0008638724771,1.5,473.0,550.0,1109.2476,0.85812765,47.474792,816.66724,-292.58032,0.9482414,0.09011376,251.95322,204.47842
1.5-473-550,0.2144578313,0.4289156626,0.8475322498919685,-0.0007620923041,1.5,473.0,550.0,624.0512,1.3506578,450.5686,694.4593,70.40808,1.2919074,-0.05875039,358.45203,-92.11658
1.5-473-550,0.4918367347,0.9836734694,0.7098470004029654,-0.0006382871403,1.5,473.0,550.0,657.2918,1.715693,362.50293,686.6944,29.402588,2.0894501,0.37375712,281.3726,-81.13034
1.5-473-550,0.4306122449,0.8612244898,0.03282169734692774,-2.951293353e-05,1.5,473.0,550.0,639.7455,2.1360016,420.07724,683.5557,43.81024,1.8485032,-0.28749835,362.9541,-57.12314
1.5-473-550,0.3674698796,0.7349397592,0.9985491866279087,0.0008978851843,1.5,473.0,550.0,1121.9048,0.06015229,46.777557,926.82886,-195.07593,1.0691255,1.0089732,130.33154,83.553986
1.5-473-550,0.1457831325,0.291566265,0.9945113832197316,-0.0008942544329,1.5,473.0,550.0,781.418,0.19161034,84.29419,721.0261,-60.391907,0.6492117,0.45760137,329.41495,245.12076
1.5-473-550,0.1024096385,0.204819277,0.9772248215579286,0.000878710534,1.5,473.0,550.0,517.12445,0.35722136,604.9392,601.6234,84.49896,0.6179415,0.26072013,437.32758,-167.61163
1.5-473-550,0.278313253,0.556626506,0.9999999997775775,-0.0008991897406,1.5,473.0,550.0,1201.0115,-5.322157e-09,43.0437,967.21185,-233.79962,0.90068394,0.90068394,127.862305,84.8186
1.5-473-550,0.4142857143,0.8285714286,0.9996041060258503,0.000898833757,1.5,473.0,550.0,742.77014,0.0229181,97.35629,852.59186,109.82172,1.1065925,1.0836744,167.81355,70.45726
1.5-473-550,0.4346938775,0.869387755,0.8475322498919685,0.0007620923041,1.5,473.0,550.0,670.68384,1.6583604,250.66525,725.44714,54.763306,1.8539408,0.19558048,242.43262,-8.2326355
1.5-473-550,0.2614457831,0.5228915662,0.8705746216627653,-0.0007828117684,1.5,473.0,550.0,728.4996,1.6217829,110.54814,771.2962,42.79663,1.4087901,-0.21299279,280.4772,169.92906
1.5-473-550,0.2301204819,0.4602409638,0.4163512323516047,-0.0003743787567,1.5,473.0,550.0,521.81366,1.3456907,599.75323,592.7109,70.89722,1.3190244,-0.026666284,502.13766,-97.61557
1.5-473-550,0.002040816309,0.004081632618,0.987204771275789,0.0008876844024,1.5,473.0,550.0,473.00003,0.2078377,649.85333,464.56885,-8.431183,0.35627413,0.14843643,607.3387,-42.51465
1.5-473-550,0.4061224489,0.8122448978,0.9337895728803226,0.000839654004,1.5,473.0,550.0,793.9792,1.9233965,81.28694,803.908,9.928833,1.5024891,-0.42090738,195.21964,113.93269
1.5-473-550,0.4979591837,0.9959183674,0.9215172746107915,0.0008286188793,1.5,473.0,550.0,657.3715,1.3477744,362.18112,690.3182,32.946655,1.4701203,0.122345924,270.8275,-91.35361
1.5-473-550,0.1325301204,0.2650602408,0.9811301448069191,0.0008822221606,1.5,473.0,550.0,622.774,0.57505333,455.43945,673.2864,50.51239,0.6743845,0.09933114,371.30035,-84.1391
1.5-473-550,0.05102040816,0.10204081632,0.993141646395439,0.0008930227796,1.5,473.0,550.0,473.00003,0.069443636,649.85333,519.18066,46.180634,0.44481793,0.3753743,526.9151,-122.93823
1.5-473-550,0.2,0.4,0.47796385156444166,0.0004297801918,1.5,473.0,550.0,515.1066,1.2384356,607.2115,569.1506,54.043945,1.2667322,0.02829659,522.4726,-84.73889
1.5-473-550,0.1120481927,0.2240963854,0.9071317792997667,0.0008156835895,1.5,473.0,550.0,493.9725,0.76993823,629.10986,568.8463,74.87381,0.8428942,0.072955966,472.51114,-156.59872
1.5-473-550,0.1445783132,0.2891566264,0.9811301446957078,-0.0008822221605,1.5,473.0,550.0,665.17993,0.60816914,302.3555,701.9387,36.75879,0.702632,0.09446287,346.4644,44.108887
1.5-473-550,0.2240963855,0.448192771,0.7892004020960466,-0.000709640905,1.5,473.0,550.0,591.43524,1.3768572,505.52844,660.9243,69.489075,1.4050149,0.028157711,390.07614,-115.4523
1.5-473-550,0.3771084338,0.7542168676,0.09831793589120096,8.840647929e-05,1.5,473.0,550.0,604.1531,1.9524971,486.7997,670.26575,66.11267,1.6706538,-0.2818433,401.25046,-85.549255
1.5-473-550,0.4346938775,0.869387755,0.9999999997775775,-0.0008991897406,1.5,473.0,550.0,675.8008,-5.322157e-09,205.51332,815.4099,139.60913,1.1078379,1.1078379,189.63547,-15.877853
1.5-473-550,0.3807228916,0.7614457832,0.9844268823757469,0.0008851865532,1.5,473.0,550.0,1037.1884,0.72760814,51.799194,890.1057,-147.08264,1.1828748,0.45526665,149.17671,97.37752
1.5-473-550,0.3,0.6,0.999825745120423,0.0008990330526,1.5,473.0,550.0,1181.9537,0.0031991547,43.862,973.90283,-208.0509,0.94461524,0.9414161,118.15732,74.29532
1.5-473-550,0.3385542169,0.6771084338,0.998978267368595,-0.0008982710093,1.5,473.0,550.0,1150.0404,0.035744127,45.356995,958.2896,-191.7508,1.021157,0.9854129,117.97394,72.61694
1.5-473-550,0.4204081632,0.8408163264,0.7098470004029654,-0.0006382871403,1.5,473.0,550.0,666.0812,2.2689135,293.79245,695.96454,29.883362,2.1040068,-0.16490674,282.56396,-11.228485
1.5-473-550,0.1493975903,0.2987951806,0.7098470004029654,0.0006382871403,1.5,473.0,550.0,502.5712,1.025287,620.40796,540.1825,37.611298,1.1734856,0.1481986,523.2013,-97.206665
1.5-473-550,0.3855421687,0.7710843374,0.4163512323516047,-0.0003743787567,1.5,473.0,550.0,626.0668,2.0687356,449.18314,685.5501,59.483337,1.9254673,-0.14326835,363.4859,-85.697235
1.5-473-550,0.4428571429,0.8857142858,0.9895407848051817,0.0008897849218,1.5,473.0,550.0,667.478,0.6016516,280.5214,792.4686,124.9906,1.177385,0.57573336,202.59924,-77.92215
1.5-473-550,0.3759036145,0.751807229,0.9945113832197316,-0.0008942544329,1.5,473.0,550.0,1094.2952,0.25056595,48.279633,909.7921,-184.50305,1.1085337,0.8579678,138.69423,90.4146
1.5-473-550,0.4693877551,0.9387755102,0.6021818746711394,0.0005414757638,1.5,473.0,550.0,657.22797,1.7940636,362.7607,696.2449,39.016907,2.2009044,0.4068408,291.3174,-71.4433
1.5-473-550,0.3048192771,0.6096385542,0.9945113832197316,0.0008942544329,1.5,473.0,550.0,1154.5006,0.1808464,45.137115,964.9707,-189.5299,0.98858166,0.80773526,122.82086,77.68375
1.5-473-550,0.4408163265,0.881632653,0.960723235489121,0.0008638724771,1.5,473.0,550.0,668.43787,1.1656046,271.40198,775.7368,107.29895,1.3577853,0.19218075,210.0743,-61.327682
1.5-473-550,0.2301204819,0.4602409638,0.9999999998887887,0.0008991897407,1.5,473.0,550.0,1282.7542,-5.322157e-09,39.923004,913.6145,-369.13965,0.8019731,0.8019731,174.16881,134.2458
1.5-473-550,0.04285714285,0.0857142857,0.5396442233296441,0.0004852425493,1.5,473.0,550.0,473.00003,1.0943528,649.85333,511.48804,38.488007,0.975762,-0.11859083,594.11664,-55.736694
1.5-473-550,0.07142857145,0.1428571429,0.993141646395439,0.0008930227796,1.5,473.0,550.0,473.00003,0.07050984,649.85333,552.7762,79.77615,0.49019665,0.4196868,487.83664,-162.0167
1.5-473-550,0.4020408163,0.8040816326,0.99659729480757,-0.0008961300632,1.5,473.0,550.0,891.38824,0.20967335,65.22467,871.02045,-20.367798,1.1204592,0.91078585,157.7387,92.51402
1.5-473-550,0.3975903615,0.795180723,0.9811301446957078,0.0008822221605,1.5,473.0,550.0,999.2122,0.9919419,54.54599,861.1995,-138.0127,1.2219261,0.22998416,163.28722,108.74123
1.5-473-550,0.1096385542,0.2192771084,0.998978267368595,0.0008982710093,1.5,473.0,550.0,670.4665,0.05461907,252.96902,637.8608,-32.605713,0.5517644,0.49714535,402.6615,149.69247
1.5-473-550,0.1024096385,0.204819277,0.9993254186825348,-0.0008985831642,1.5,473.0,550.0,631.66595,0.015563602,436.81323,621.5009,-10.165039,0.5347246,0.519161,418.06415,-18.749084
1.5-473-550,0.3903614458,0.7807228916,0.9996041061370615,-0.0008988337571,1.5,473.0,550.0,1103.677,0.016484851,47.751526,894.16223,-209.51477,1.0889504,1.0724655,145.7423,97.99077
1.5-473-550,0.4061224489,0.8122448978,0.9996041060258503,0.000898833757,1.5,473.0,550.0,812.38,0.021514231,77.29529,867.23694,54.856934,1.1020114,1.0804973,159.77744,82.48215
1.5-473-550,0.2939759036,0.5879518072,0.9671530515086588,0.0008696541017,1.5,473.0,550.0,1027.1503,0.9777838,52.510345,919.23676,-107.91351,1.1275487,0.1497649,157.06294,104.5526
1.5-473-550,0.02857142855,0.0571428571,0.29146971579860803,-0.0002620865782,1.5,473.0,550.0,473.00003,1.2090155,649.85333,569.12445,96.12442,1.03769,-0.17132545,548.60004,-101.253296
1.5-473-550,0.2903614458,0.5807228916,0.9985491866279087,0.0008978851843,1.5,473.0,550.0,1184.5433,0.04373878,43.74353,969.93945,-214.60388,0.9339797,0.8902409,123.2173,79.47377
1.5-473-550,0.3409638555,0.681927711,0.9996041060258503,-0.000898833757,1.5,473.0,550.0,1150.9299,0.012157733,45.31314,957.306,-193.6239,1.020908,1.0087503,117.97885,72.66571
1.5-473-550,0.4693877551,0.9387755102,0.9844268823757469,0.0008851865532,1.5,473.0,550.0,659.15546,0.7297582,354.97943,745.4803,86.32483,1.1883473,0.45858914,234.31662,-120.66281
1.5-473-550,0.3024096386,0.6048192772,0.960723235489121,-0.0008638724771,1.5,473.0,550.0,991.6637,1.1401315,55.15564,910.9085,-80.75519,1.1816899,0.041558385,160.1118,104.95616
1.5-473-550,0.2638554217,0.5277108434,0.2914697156873968,0.0002620865781,1.5,473.0,550.0,526.6337,1.4336674,594.3934,621.12213,94.4884,1.3477013,-0.08596611,480.78082,-113.61255
1.5-473-550,0.2361445783,0.4722891566,0.9811301448069191,0.0008822221606,1.5,473.0,550.0,1185.2319,0.47311413,43.712067,891.53357,-293.69836,0.9176723,0.44455814,190.52199,146.80992
1.5-473-550,0.2518072289,0.5036144578,0.9985491866279087,0.0008978851843,1.5,473.0,550.0,1222.0364,0.038772997,42.138306,941.42365,-280.61273,0.8554453,0.8166723,151.10873,108.97043
1.5-473-550,0.343373494,0.686746988,0.9945113832197316,0.0008942544329,1.5,473.0,550.0,1124.812,0.21028751,46.622223,947.39325,-177.41876,1.0598966,0.8496091,123.444824,76.8226
1.5-473-550,0.3156626506,0.6313253012,0.9671530515086588,0.0008696541017,1.5,473.0,550.0,1012.03827,1.0383774,53.59021,920.12494,-91.91333,1.1763116,0.13793421,149.36868,95.77847
1.5-473-550,0.3421686747,0.6843373494,0.960723235489121,0.0008638724771,1.5,473.0,550.0,965.7544,1.2751796,57.293976,899.41895,-66.33545,1.2675059,-0.0076737404,153.90198,96.608
1.5-473-550,0.1216867469,0.2433734938,0.8902853188558087,-0.0008005354251,1.5,473.0,550.0,501.4265,0.8355591,621.5664,574.9873,73.56079,0.9064398,0.07088065,467.90726,-153.65915
1.5-473-550,0.3108433735,0.621686747,0.9999999997775775,-0.0008991897406,1.5,473.0,550.0,1176.1091,-5.322157e-09,44.148956,973.5782,-202.53094,0.96419877,0.96419877,115.56894,71.41998
1.5-473-550,0.3397590362,0.6795180724,0.9965972946963587,-0.0008961300631,1.5,473.0,550.0,1137.861,0.1270858,45.95746,953.6118,-184.24915,1.039551,0.9124652,120.54816,74.5907
1.5-473-550,0.0102040816,0.0204081632,0.22784103821928303,0.0002048723241,1.5,473.0,550.0,473.00003,1.1045889,649.85333,580.1963,107.19626,1.0537915,-0.050797343,536.51575,-113.337585
1.5-473-550,0.3554216868,0.7108433736,0.960723235489121,0.0008638724771,1.5,473.0,550.0,954.91016,1.3387977,58.266632,889.1088,-65.80133,1.2920345,-0.04676318,156.10934,97.84271
1.5-473-550,0.2638554217,0.5277108434,0.9945113832197316,0.0008942544329,1.5,473.0,550.0,1193.2213,0.156726,43.357086,946.9393,-246.28204,0.90463895,0.74791294,145.1094,101.75232
1.5-473-550,0.2638554217,0.5277108434,0.998978267368595,0.0008982710093,1.5,473.0,550.0,1212.6729,0.027318174,42.530396,954.6968,-257.97607,0.87770927,0.8503911,139.55482,97.02443
1.5-473-550,0.002040816309,0.004081632618,0.9998257453428454,0.0008990330528,1.5,473.0,550.0,473.00003,0.0017818755,649.85333,467.94324,-5.056793,0.31425154,0.31246966,603.0639,-46.78943
1.5-473-550,0.2542168675,0.508433735,0.9531521909241071,-0.0008570646715,1.5,473.0,550.0,1001.32684,1.1300257,54.40027,870.6311,-130.69574,1.0987934,-0.031232357,203.53485,149.13458
1.5-473-550,0.1602409638,0.3204819276,0.7525573838264147,-0.0006766918789,1.5,473.0,550.0,514.01245,1.03655,608.4282,563.9127,49.90027,1.1939486,0.15739858,493.32443,-115.10379
1.5-473-550,0.386746988,0.773493976,0.9973789933391554,-0.0008968329585,1.5,473.0,550.0,1097.2877,0.12800634,48.105682,897.21265,-200.07507,1.1010497,0.9730433,144.36815,96.26247
1.5-473-550,0.09183673473,0.18367346946,0.9895407848051817,0.0008897849218,1.5,473.0,550.0,473.00003,0.10774433,649.85333,589.7901,116.79007,0.5491032,0.44135886,448.9594,-200.89392
1.5-473-550,0.2879518072,0.5759036144,0.2914697156873968,0.0002620865781,1.5,473.0,550.0,537.1508,1.5067943,582.6983,635.2118,98.060974,1.4265555,-0.08023882,462.1313,-120.56702
1.5-473-550,0.4306122449,0.8612244898,0.4163512323516047,-0.0003743787567,1.5,473.0,550.0,646.71344,2.1584406,401.0174,704.3493,57.635864,2.08545,-0.072990656,328.3804,-72.63699
1.5-473-550,0.1759036144,0.3518072288,0.9215172744995802,0.0008286188792,1.5,473.0,550.0,601.8839,0.9847416,489.9324,703.32336,101.43945,0.99263704,0.00789541,349.40372,-140.52869
1.5-473-550,0.3638554217,0.7277108434,0.998978267368595,0.0008982710093,1.5,473.0,550.0,1126.9576,0.04049265,46.50757,932.10535,-194.8523,1.0610313,1.0205387,127.937256,81.42969
1.5-473-550,0.3445783133,0.6891566266,0.9442484491033019,0.0008490585182,1.5,473.0,550.0,912.89606,1.539515,62.438477,876.08606,-36.809998,1.3611691,-0.17834592,168.21709,105.77861
1.5-473-550,0.1216867469,0.2433734938,0.9965972946963587,0.0008961300631,1.5,473.0,550.0,694.12317,0.1886307,135.03134,664.1083,-30.014893,0.5877075,0.39907682,378.76233,243.73099
1.5-473-550,0.4408163265,0.881632653,0.9980223152919674,-0.000897411427,1.5,473.0,550.0,669.0644,0.11990612,265.44904,802.5687,133.50433,1.1205586,1.0006526,197.38203,-68.067
1.5-473-550,0.01428571426,0.02857142852,0.8705746216627653,0.0007828117684,1.5,473.0,550.0,473.00003,0.76860934,649.85333,455.7578,-17.242218,0.6659945,-0.10261482,619.5099,-30.343445
1.5-473-550,0.1807228915,0.361445783,0.9996041060258503,0.000898833757,1.5,473.0,550.0,1016.6884,0.007887417,53.236908,813.2563,-203.43213,0.7005673,0.6926799,253.62257,200.38567
1.5-473-550,0.1,0.2,0.8476293021558459,-0.0007621795725,1.5,473.0,550.0,473.05237,0.8301686,649.80396,522.0366,48.984253,0.91617566,0.08600706,525.2741,-124.52985
1.5-473-550,0.1554216867,0.3108433734,0.22784103821928303,0.0002048723241,1.5,473.0,550.0,490.2893,1.1104112,632.8372,577.64276,87.353455,1.1266035,0.016192317,534.50073,-98.33649
1.5-473-550,0.2072289156,0.4144578312,0.960723235489121,-0.0008638724771,1.5,473.0,550.0,1084.4586,0.8548005,48.871735,812.24744,-272.21118,0.9419595,0.08715898,255.64932,206.77759
1.5-473-550,0.4346938775,0.869387755,0.8206166047262803,-0.0007378900321,1.5,473.0,550.0,669.44226,1.7259322,262.0462,716.3529,46.910645,1.9293553,0.20342302,250.53755,-11.508652
1.5-473-550,0.1771084337,0.3542168674,0.9956514833048237,0.0008952795992,1.5,473.0,550.0,978.9427,0.10282313,56.147156,798.95013,-179.99255,0.7121891,0.60936594,265.30035,209.1532
1.5-473-550,0.4,0.8,0.9726236451740442,0.0008745732034,1.5,473.0,550.0,940.3201,1.3549562,59.79547,848.47327,-91.84686,1.2783102,-0.07664597,170.1523,110.35683
1.5-473-550,0.3168674699,0.6337349398,0.9956514833048237,0.0008952795992,1.5,473.0,550.0,1152.0786,0.14887297,45.25653,964.84735,-187.23126,1.0044662,0.8555932,119.613785,74.357254
1.5-473-550,0.4306122449,0.8612244898,0.9337895728803226,0.000839654004,1.5,473.0,550.0,680.7027,1.4237307,170.59868,772.5816,91.87891,1.508228,0.08449721,211.09238,40.4937
1.5-473-550,0.3566265061,0.7132530122,0.9531521909241071,0.0008570646715,1.5,473.0,550.0,929.5664,1.4782286,60.711,878.4033,-51.163086,1.3366727,-0.1415559,162.48157,101.77057
1.5-473-550,0.3939759037,0.7879518074,0.999825745120423,-0.0008990330526,1.5,473.0,550.0,1100.0133,0.00521707,47.949066,888.4508,-211.5625,1.0908186,1.0856016,148.63084,100.68178
1.5-473-550,0.07755102043,0.15510204086,0.9726063657286781,-0.0008745576659,1.5,473.0,550.0,473.00003,0.2878371,649.85333,549.88477,76.884735,0.57480663,0.28696954,490.14313,-159.7102
1.5-473-550,0.213253012,0.426506024,0.9442484491033019,-0.0008490585182,1.5,473.0,550.0,1023.02313,1.1437855,52.85672,800.1744,-222.84875,1.0246425,-0.11914301,265.51443,212.65771
1.5-473-550,0.3626506025,0.725301205,0.03282169735804886,2.951293354e-05,1.5,473.0,550.0,589.4815,1.8463136,508.4839,651.69135,62.20984,1.5986973,-0.24761629,419.54303,-88.94086
1.5-473-550,0.1626506024,0.3253012048,0.16340484097302546,-0.0001469319566,1.5,473.0,550.0,492.76614,1.1254792,630.3307,582.734,89.967865,1.147374,0.021894813,527.7043,-102.6264
1.5-473-550,0.04285714285,0.0857142857,0.9993254186825348,-0.0008985831642,1.5,473.0,550.0,473.00003,0.0059040138,649.85333,510.82968,37.82965,0.40492707,0.39902306,538.1781,-111.67523
1.5-473-550,0.2530120482,0.5060240964,0.03282169735804886,2.951293354e-05,1.5,473.0,550.0,519.6773,1.4022876,602.12885,604.4905,84.81317,1.2972414,-0.10504615,492.9079,-109.22095
1.5-473-550,0.3542168675,0.708433735,0.8206166047262803,0.0007378900321,1.5,473.0,550.0,694.70526,2.0327828,152.70119,751.88837,57.183105,1.8160969,-0.21668589,254.2476,101.54642
1.5-473-550,0.4142857143,0.8285714286,0.7098470004029654,-0.0006382871403,1.5,473.0,550.0,665.49207,2.320953,299.3901,696.46234,30.970276,2.0955448,-0.22540808,284.05096,-15.339142
1.5-473-550,0.3566265061,0.7132530122,0.9671530515086588,0.0008696541017,1.5,473.0,550.0,977.84033,1.2018273,56.24643,896.4159,-81.42444,1.2565544,0.054727077,151.1772,94.93077
1.5-473-550,0.04897959184,0.09795918368,0.5396442233296441,-0.0004852425493,1.5,473.0,550.0,473.00003,1.0920545,649.85333,510.7681,37.768066,0.98333114,-0.10872334,593.33344,-56.519897
1.5-473-550,0.4775510204,0.9551020408,0.8206166047262803,0.0007378900321,1.5,473.0,550.0,657.861,1.5790846,360.20493,692.2127,34.351685,1.887679,0.30859435,265.35214,-94.85278
1.5-473-550,0.4857142857,0.9714285714,0.9442484491033019,-0.0008490585182,1.5,473.0,550.0,657.71063,1.2395272,360.8123,708.04736,50.33673,1.3889371,0.14940989,257.38913,-103.42316
1.5-473-550,0.02653061223,0.05306122446,0.9985491866279087,0.0008978851843,1.5,473.0,550.0,473.00003,0.013007933,649.85333,490.14502,17.144989,0.37200606,0.35899812,566.5624,-83.290955
1.5-473-550,0.2,0.4,0.9993254186825348,-0.0008985831642,1.5,473.0,550.0,1217.2972,0.0143970195,42.34018,855.9186,-361.37866,0.742622,0.728225,219.84085,177.50067
1.5-473-550,0.3915662651,0.7831325302,0.8475322498919685,0.0007620923041,1.5,473.0,550.0,748.86237,2.3148916,95.45134,754.7335,5.871155,1.8258036,-0.48908794,234.0096,138.55826
1.5-473-550,0.2108433735,0.421686747,0.7892004020960466,-0.000709640905,1.5,473.0,550.0,567.17163,1.2922267,543.2752,645.2265,78.05487,1.3540919,0.06186521,407.14987,-136.12534
1.5-473-550,0.2795180723,0.5590361446,0.5396442233296441,-0.0004852425493,1.5,473.0,550.0,564.88293,1.5285643,547.2554,624.04565,59.16272,1.5978277,0.06926334,438.22165,-109.03372
1.5-473-550,0.03673469387,0.07346938774,0.9772248215579286,0.000878710534,1.5,473.0,550.0,473.00003,0.22595584,649.85333,492.85626,19.856232,0.46554914,0.2395933,559.9452,-89.90814
1.5-473-550,0.4612244898,0.9224489796,0.9965972946963587,-0.0008961300631,1.5,473.0,550.0,660.55396,0.18370163,346.3069,765.5066,104.95264,1.1183863,0.93468463,222.07788,-124.229004
1.5-473-550,0.2626506024,0.5253012048,0.9726063657286781,-0.0008745576659,1.5,473.0,550.0,1087.5813,0.7564329,48.67331,909.2996,-178.28168,1.0245968,0.26816392,172.69858,124.02527
1.5-473-550,0.2590361446,0.5180722892,0.9071317792997667,-0.0008156835895,1.5,473.0,550.0,837.0731,1.5394503,73.00607,811.9415,-25.131592,1.2940637,-0.2453866,248.0702,175.06413
1.5-473-550,0.1313253012,0.2626506024,0.8902853188558087,-0.0008005354251,1.5,473.0,550.0,511.5587,0.8657374,611.10944,591.7148,80.1561,0.93495715,0.06921977,452.00665,-159.10278
1.5-473-550,0.126506024,0.253012048,0.9956514833048237,0.0008952795992,1.5,473.0,550.0,705.5505,0.21822184,120.92616,674.78296,-30.767517,0.6021642,0.38394237,369.29135,248.36519
1.5-473-550,0.2012048193,0.4024096386,0.960723235489121,-0.0008638724771,1.5,473.0,550.0,1034.3926,0.8337637,52.027435,800.87195,-233.52063,0.9262493,0.09248561,265.13116,213.10373
1.5-473-550,0.156626506,0.313253012,0.3542741439827602,-0.0003185596757,1.5,473.0,550.0,492.60144,1.1034181,630.4973,563.2259,70.62445,1.1266282,0.023210049,545.6603,-84.837036
1.5-473-550,0.4102040816,0.8204081632,0.9915009044774012,-0.0008915474413,1.5,473.0,550.0,771.686,0.5917876,87.101,851.48236,79.79639,1.1611574,0.5693698,168.12778,81.02678
1.5-473-550,0.2385542169,0.4771084338,0.22784103833049427,-0.0002048723242,1.5,473.0,550.0,518.4535,1.365828,603.48975,609.31494,90.86145,1.2580942,-0.107733846,498.41476,-105.07498
1.5-473-550,0.221686747,0.443373494,0.9915009044774012,-0.0008915474413,1.5,473.0,550.0,1265.4415,0.20616084,40.460205,885.258,-380.18353,0.83058316,0.6244223,196.50241,156.0422
1.5-473-550,0.3783132531,0.7566265062,0.7892004020960466,-0.000709640905,1.5,473.0,550.0,681.6966,2.1802025,192.05952,727.79926,46.10266,1.9329461,-0.2472564,263.5355,71.47597
1.5-473-550,0.01836734691,0.03673469382,0.9931416465066502,-0.0008930227797,1.5,473.0,550.0,473.00003,0.06337725,649.85333,479.6647,6.664673,0.3726654,0.30928814,581.82825,-68.025085
1.5-473-550,0.3602409639,0.7204819278,0.5396442233296441,0.0004852425493,1.5,473.0,550.0,624.10236,1.931369,452.87918,669.6097,45.507324,1.9299135,-0.0014554262,362.44818,-90.431
1.5-473-550,0.213253012,0.426506024,0.8206166047262803,-0.0007378900321,1.5,473.0,550.0,593.1048,1.3220707,502.85977,670.5161,77.411316,1.3286927,0.006621957,381.50967,-121.3501
1.5-473-550,0.07755102043,0.15510204086,0.22784103833049427,-0.0002048723242,1.5,473.0,550.0,473.00003,1.1731259,649.85333,569.9297,96.92966,1.080357,-0.09276891,543.3024,-106.5509
1.5-473-550,0.3493975904,0.6987951808,0.9726063657286781,-0.0008745576659,1.5,473.0,550.0,1008.7281,1.0190452,53.816498,910.30817,-98.41992,1.211209,0.19216383,144.69067,90.874176
1.5-473-550,0.08367346941,0.16734693882,0.8475322498919685,0.0007620923041,1.5,473.0,550.0,473.00003,0.83312905,649.85333,502.543,29.542969,0.8712326,0.03810358,547.1087,-102.74463
1.5-473-550,0.1180722891,0.2361445782,0.8902853188558087,-0.0008005354251,1.5,473.0,550.0,497.60074,0.8233121,625.43805,568.8706,71.26987,0.89589924,0.07258713,473.827,-151.61105
1.5-473-550,0.4367346939,0.8734693878,0.9985491866279087,-0.0008978851843,1.5,473.0,550.0,673.0646,0.08916318,229.59186,810.44116,137.37659,1.1177506,1.0285875,192.51393,-37.077927
1.5-473-550,0.3554216868,0.7108433736,0.9985491866279087,0.0008978851843,1.5,473.0,550.0,1132.845,0.056527313,46.204742,941.5246,-191.32037,1.051548,0.9950207,124.12164,77.9169
1.5-473-550,0.07959183676,0.15918367352,0.9945113832197316,0.0008942544329,1.5,473.0,550.0,473.00003,0.05612069,649.85333,569.09796,96.09793,0.503303,0.4471823,470.3428,-179.51053
1.5-473-550,0.4224489796,0.8448979592,0.9811301446957078,0.0008822221605,1.5,473.0,550.0,704.31866,1.0384558,122.14316,820.68945,116.37079,1.2348969,0.19644105,184.81279,62.669632
1.5-473-550,0.4285714286,0.8571428572,0.9996041060258503,0.000898833757,1.5,473.0,550.0,687.8073,0.020889455,147.2057,826.37573,138.56842,1.1105846,1.0896952,182.94406,35.738358
1.5-473-550,0.01224489793,0.02448979586,0.6600967573005477,-0.0005935522321,1.5,473.0,550.0,473.00003,1.0670702,649.85333,484.96854,11.968506,0.88298327,-0.18408698,617.64166,-32.21167
1.5-473-550,0.2180722892,0.4361445784,0.9956514833048237,0.0008952795992,1.5,473.0,550.0,1279.2686,0.10580175,39.95868,885.6119,-393.65668,0.8005599,0.6947581,196.35223,156.39355
1.5-473-550,0.1903614457,0.3807228914,0.8206166047262803,0.0007378900321,1.5,473.0,550.0,555.8918,1.1413808,559.60675,639.22766,83.33588,1.2445421,0.103161335,412.91846,-146.6883
1.5-473-550,0.04081632652,0.08163265304,0.3542741437603377,0.0003185596755,1.5,473.0,550.0,473.00003,1.1852125,649.85333,556.1673,83.16727,1.0233619,-0.16185057,560.8421,-89.01123
1.5-473-550,0.0102040816,0.0204081632,0.9872047710533666,0.0008876844022,1.5,473.0,550.0,473.00003,0.117743306,649.85333,470.62805,-2.3719788,0.37428784,0.25654453,596.11505,-53.73828
1.5-473-550,0.3746987952,0.7493975904,0.5396442233296441,0.0004852425493,1.5,473.0,550.0,631.8455,2.0256567,437.31506,675.7014,43.855896,1.9841121,-0.041544557,350.84027,-86.47479
1.5-473-550,0.1301204819,0.2602409638,0.7892004020960466,-0.000709640905,1.5,473.0,550.0,495.57535,0.9514368,627.4878,539.9239,44.34854,1.0714041,0.11996728,513.2623,-114.225464
1.5-473-550,0.4551020408,0.9102040816,0.9993254186825348,0.0008985831642,1.5,473.0,550.0,662.0596,0.033149537,332.00174,777.87225,115.81268,1.1047958,1.0716463,213.93747,-118.06427
1.5-473-550,0.4714285714,0.9428571428,0.3542741437603377,0.0003185596755,1.5,473.0,550.0,655.7207,1.928716,368.84555,722.0882,66.36749,2.1556597,0.22694373,306.32394,-62.521606
1.5-473-550,0.3012048193,0.6024096386,0.960723235489121,-0.0008638724771,1.5,473.0,550.0,992.52686,1.1366562,55.086792,910.7667,-81.76013,1.1788774,0.04222119,160.614,105.52721
1.5-473-550,0.4489795918,0.8979591836,0.960723235489121,-0.0008638724771,1.5,473.0,550.0,663.87085,1.1320572,314.7932,763.56134,99.69049,1.3526416,0.22058439,217.82826,-96.96495
1.5-473-550,0.4367346939,0.8734693878,0.960723235489121,0.0008638724771,1.5,473.0,550.0,672.2152,1.1840688,237.06627,781.886,109.67078,1.3594943,0.17542553,206.31839,-30.747879
1.5-473-550,0.3987951808,0.7975903616,0.9215172746107915,0.0008286188793,1.5,473.0,550.0,845.32935,2.1272366,71.3685,802.26227,-43.067078,1.5569748,-0.57026184,197.89961,126.53111
1.5-473-550,0.2192771084,0.4385542168,0.16340484119544796,0.0001469319568,1.5,473.0,550.0,512.7448,1.3204815,609.83777,600.8303,88.08551,1.2172091,-0.10327244,507.77652,-102.06125
1.5-473-550,0.4285714286,0.8571428572,0.8705746216627653,0.0007828117684,1.5,473.0,550.0,680.3193,1.7515743,172.2591,739.87897,59.559692,1.7789055,0.027331233,232.67143,60.41234
1.5-473-550,0.04285714285,0.0857142857,0.9996041061370615,-0.0008988337571,1.5,473.0,550.0,473.00003,0.0031449741,649.85333,510.97568,37.975647,0.40392745,0.40078247,538.02216,-111.83118
1.5-473-550,0.05102040816,0.10204081632,0.9945113832197316,0.0008942544329,1.5,473.0,550.0,473.00003,0.05535948,649.85333,519.9423,46.94229,0.43999946,0.38463998,526.1073,-123.74603
1.5-473-550,0.4428571429,0.8857142858,0.7098470004029654,0.0006382871403,1.5,473.0,550.0,661.5662,1.7770346,336.68945,693.6282,32.06195,2.1225588,0.3455242,278.9776,-57.711853
1.5-473-550,0.2939759036,0.5879518072,0.3542741439827602,-0.0003185596757,1.5,473.0,550.0,546.9153,1.5388385,571.1772,636.65607,89.74078,1.4929855,-0.04585302,452.8198,-118.35739
1.5-473-550,0.1795180723,0.3590361446,0.9071317792997667,-0.0008156835895,1.5,473.0,550.0,592.84534,1.022388,503.302,695.2226,102.37726,1.0436988,0.021310806,357.30005,-146.00195
1.5-473-550,0.1469879518,0.2939759036,0.9945113832197316,0.0008942544329,1.5,473.0,550.0,787.65784,0.1870125,82.675415,724.0145,-63.64331,0.6518501,0.4648376,326.89355,244.21814
1.5-473-550,0.2228915663,0.4457831326,0.29146971579860803,-0.0002620865782,1.5,473.0,550.0,515.9289,1.3283031,606.2971,598.7531,82.82422,1.2377439,-0.090559244,508.47763,-97.81949
1.5-473-550,0.2277108433,0.4554216866,0.960723235489121,0.0008638724771,1.5,473.0,550.0,1109.1873,0.8907794,47.476807,847.1666,-262.02063,0.99524724,0.10446787,226.11288,178.63608
1.5-473-550,0.03469387754,0.06938775508,0.9965972946963587,-0.0008961300631,1.5,473.0,550.0,473.00003,0.032412168,649.85333,498.82825,25.828217,0.39669675,0.36428457,553.90424,-95.9491
1.5-473-550,0.2072289156,0.4144578312,0.9999999997775775,0.0008991897406,1.5,473.0,550.0,1269.0684,-5.322157e-09,40.34027,871.9252,-397.1432,0.7542229,0.7542229,207.21146,166.87119
1.5-473-550,0.4530612245,0.906122449,0.9999999997775775,-0.0008991897406,1.5,473.0,550.0,662.6958,-5.322157e-09,325.9572,781.9518,119.25598,1.1015049,1.1015049,211.27177,-114.68544
1.5-473-550,0.3457831326,0.6915662652,0.9071317792997667,0.0008156835895,1.5,473.0,550.0,833.27496,1.8311844,73.4893,831.47546,-1.7994995,1.5342412,-0.2969432,197.93062,124.441315
1.5-473-550,0.01836734691,0.03673469382,0.9993254186825348,-0.0008985831642,1.5,473.0,550.0,473.00003,0.005511815,649.85333,481.90967,8.909637,0.35149747,0.34598565,579.2189,-70.63446
1.5-473-550,0.2771084337,0.5542168674,0.7098470004029654,-0.0006382871403,1.5,473.0,550.0,613.65173,1.593806,471.0487,662.9773,49.32556,1.6592466,0.065440536,376.68002,-94.36868
1.5-473-550,0.1397590361,0.2795180722,0.8705746216627653,-0.0007828117684,1.5,473.0,550.0,515.46936,0.9119974,606.8081,593.234,77.76465,0.9985072,0.086509824,452.4552,-154.3529
1.5-473-550,0.113253012,0.226506024,0.9998257452316341,-0.0008990330527,1.5,473.0,550.0,690.2453,0.0066628405,141.95105,647.26807,-42.977234,0.5560696,0.54940677,393.9571,252.00604
1.5-473-550,0.2855421687,0.5710843374,0.999825745120423,-0.0008990330526,1.5,473.0,550.0,1194.0695,0.0030417389,43.321045,970.46027,-223.60919,0.91622496,0.9131832,124.00549,80.68445
1.5-473-550,0.3614457832,0.7228915664,0.9996041060258503,0.000898833757,1.5,473.0,550.0,1131.8726,0.013464028,46.252686,936.0041,-195.86847,1.0531433,1.0396793,126.12715,79.874466
1.5-473-550,0.4204081632,0.8408163264,0.3542741439827602,-0.0003185596757,1.5,473.0,550.0,641.7058,2.2285202,414.84445,704.304,62.598206,2.0058932,-0.22262692,341.67197,-73.172485
1.5-473-550,0.1253012048,0.2506024096,0.8206166047262803,0.0007378900321,1.5,473.0,550.0,494.76855,0.9195131,628.3042,545.2422,50.473633,1.0254922,0.105979085,504.1609,-124.14331
1.5-473-550,0.1240963855,0.248192771,0.03282169734692774,-2.951293353e-05,1.5,473.0,550.0,476.25873,1.1108881,646.7793,576.24774,99.98901,1.1804217,0.06953359,525.56305,-121.21625
1.5-473-550,0.3843373495,0.768674699,0.7098470004029654,0.0006382871403,1.5,473.0,550.0,658.068,2.1726928,356.0127,697.5091,39.4411,2.0355413,-0.13715148,294.5361,-61.476593
1.5-473-550,0.09387755105,0.1877551021,0.9931416465066502,-0.0008930227797,1.5,473.0,550.0,473.00003,0.070262365,649.85333,597.11414,124.114105,0.5401684,0.46990603,441.7116,-208.14172
1.5-473-550,0.1361445783,0.2722891566,0.8475322498919685,-0.0007620923041,1.5,473.0,550.0,507.5336,0.9234589,615.38605,573.66724,66.13364,1.0244513,0.10099238,473.35156,-142.03448
1.5-473-550,0.4163265306,0.8326530612,0.9965972946963587,-0.0008961300631,1.5,473.0,550.0,731.1692,0.24285692,102.89395,845.8632,114.69403,1.1287007,0.8858438,171.41685,68.5229
1.5-473-550,0.395180723,0.790361446,0.9965972946963587,-0.0008961300631,1.5,473.0,550.0,1082.3756,0.18122935,48.972565,882.60547,-199.77014,1.114828,0.93359864,151.73242,102.75986
1.5-473-550,0.4979591837,0.9959183674,0.9726063659511005,0.0008745576661,1.5,473.0,550.0,657.3944,0.98397106,362.08875,701.4098,44.01538,1.2081438,0.22417277,269.146,-92.94275
1.5-473-550,0.0,0.0,0.7893346586322618,-0.0007097616271,1.5,473.0,550.0,473.00003,0.90842825,649.85333,459.36923,-13.630798,0.7520568,-0.15637147,634.33606,-15.517273
1.5-473-550,0.3855421687,0.7710843374,0.999825745120423,0.0008990330526,1.5,473.0,550.0,1110.7174,0.0048183748,47.375336,902.19403,-208.52338,1.082373,1.0775547,141.72983,94.35449
1.5-473-550,0.3987951808,0.7975903616,0.2914697156873968,0.0002620865781,1.5,473.0,550.0,627.14496,2.1603613,447.1346,696.26306,69.1181,1.8731129,-0.28724837,365.2859,-81.848724
1.5-473-550,0.3373493976,0.6746987952,0.6021818746711394,0.0005414757638,1.5,473.0,550.0,621.949,1.8276365,456.62192,664.0653,42.116333,1.8801025,0.052466035,364.316,-92.30591
1.5-473-550,0.4040816326,0.8081632652,0.9931416465066502,-0.0008930227797,1.5,473.0,550.0,841.62866,0.44810575,72.06363,863.7166,22.087952,1.1460578,0.6979521,161.603,89.53937
1.5-473-550,0.0102040816,0.0204081632,0.5396442233296441,-0.0004852425493,1.5,473.0,550.0,473.00003,1.0920877,649.85333,518.8099,45.809845,0.93782735,-0.1542604,596.85394,-52.99939
1.5-473-550,0.2698795181,0.5397590362,0.7098470004029654,-0.0006382871403,1.5,473.0,550.0,607.8511,1.5614332,480.48828,657.85205,50.000977,1.6296874,0.06825423,384.42126,-96.06702
1.5-473-550,0.4408163265,0.881632653,0.9895407848051817,0.0008897849218,1.5,473.0,550.0,668.9695,0.61605084,266.35107,796.02136,127.05188,1.1781236,0.56207275,200.34222,-66.00885
1.5-473-550,0.1457831325,0.291566265,0.9844268823757469,0.0008851865532,1.5,473.0,550.0,697.3946,0.5258006,130.52776,708.7242,11.32959,0.6920309,0.16623032,340.46484,209.93709
1.5-473-550,0.3289156627,0.6578313254,0.7892004020960466,-0.000709640905,1.5,473.0,550.0,660.7615,1.8728819,330.2179,730.92084,70.15936,1.7961919,-0.07668996,285.6766,-44.54129
1.5-473-550,0.3674698796,0.7349397592,0.9844268823757469,-0.0008851865532,1.5,473.0,550.0,1050.2698,0.66963714,50.94815,907.5745,-142.69525,1.1653471,0.49570996,141.58836,90.64021
1.5-473-550,0.2831325301,0.5662650602,0.03282169735804886,2.951293354e-05,1.5,473.0,550.0,526.77856,1.4775286,594.23224,616.1295,89.35095,1.3587239,-0.11880469,476.68182,-117.550415
1.5-473-550,0.3710843374,0.7421686748,0.5396442233296441,-0.0004852425493,1.5,473.0,550.0,629.9218,2.0007353,441.25693,674.23505,44.313232,1.97087,-0.029865265,353.67093,-87.586
1.5-473-550,0.3819277109,0.7638554218,0.9956514833048237,-0.0008952795992,1.5,473.0,550.0,1094.1289,0.20647192,48.289307,902.46234,-191.66656,1.1078595,0.9013876,141.98328,93.69397
1.5-473-550,0.05306122449,0.10612244898,0.8206166047262803,0.0007378900321,1.5,473.0,550.0,473.00003,0.8669517,649.85333,471.97104,-1.0289917,0.828933,-0.038018703,590.2466,-59.60675
1.5-473-550,0.4265306122,0.8530612244,0.9811301446957078,0.0008822221605,1.5,473.0,550.0,692.26044,0.98491734,138.00272,813.82404,121.5636,1.2353814,0.25046402,188.74437,50.741653
1.5-473-550,0.4632653061,0.9265306122,0.960723235489121,-0.0008638724771,1.5,473.0,550.0,659.99084,1.1136198,351.14682,742.90497,82.91412,1.3380508,0.22443104,232.08865,-119.05817
1.5-473-550,0.05510204082,0.11020408164,0.999825745120423,0.0008990330526,1.5,473.0,550.0,473.00003,0.0009912199,649.85333,529.3246,56.324554,0.429861,0.42886978,515.21606,-134.63727
1.5-473-550,0.05306122449,0.10612244898,0.7525573838264147,-0.0006766918789,1.5,473.0,550.0,473.00003,0.9463141,649.85333,471.88992,-1.1101074,0.89652324,-0.04979086,600.4898,-49.363525
1.5-473-550,0.3313253012,0.6626506024,0.7098470004029654,-0.0006382871403,1.5,473.0,550.0,640.56586,1.8443685,416.80148,689.7317,49.165833,1.8708378,0.02646935,326.66342,-90.13806
1.5-473-550,0.343373494,0.686746988,0.9071317792997667,-0.0008156835895,1.5,473.0,550.0,833.65326,1.8200412,73.42691,832.54987,-1.1033936,1.5287807,-0.29126048,198.22844,124.80153
1.5-473-550,0.2228915662,0.4457831324,0.9772248215579286,0.000878710534,1.5,473.0,550.0,1202.1971,0.5385337,42.977234,864.5315,-337.66565,0.9060663,0.3675326,212.7217,169.74446
1.5-473-550,0.3879518073,0.7759036146,0.9996041060258503,0.000898833757,1.5,473.0,550.0,1106.7625,0.016105944,47.58664,898.07043,-208.69202,1.0865077,1.0704018,143.78664,96.2
1.5-473-550,0.3337349398,0.6674698796,0.9811301448069191,-0.0008822221606,1.5,473.0,550.0,1066.3258,0.68136424,49.925903,934.1504,-132.17542,1.129856,0.44849175,134.40242,84.47652
1.5-473-550,0.3349397591,0.6698795182,0.9996041060258503,0.000898833757,1.5,473.0,550.0,1155.9672,0.011846239,45.06482,961.99945,-193.96771,1.0106289,0.9987827,116.59645,71.53163
1.5-473-550,0.2987951807,0.5975903614,0.9985491866279087,0.0008978851843,1.5,473.0,550.0,1177.3116,0.04509216,44.07425,971.6111,-205.70056,0.95061195,0.9055198,119.989746,75.9155
1.5-473-550,0.4061224489,0.8122448978,0.9071317792997667,-0.0008156835895,1.5,473.0,550.0,780.1713,2.108415,84.73433,783.09186,2.9205322,1.6279563,-0.48045862,208.37639,123.64206
1.5-473-550,0.3228915663,0.6457831326,0.999825745120423,0.0008990330526,1.5,473.0,550.0,1166.6674,0.0034484214,44.561096,969.4313,-197.23608,0.98770493,0.9842565,115.062195,70.5011
1.5-473-550,0.05918367348,0.11836734696,0.22784103821928303,0.0002048723241,1.5,473.0,550.0,473.00003,1.1836942,649.85333,571.3637,98.36368,1.0739706,-0.10972369,542.2204,-107.632935
1.5-473-550,0.3144578314,0.6289156628,0.5396442233296441,-0.0004852425493,1.5,473.0,550.0,595.28424,1.6883082,499.98157,646.1259,50.841675,1.7436967,0.05538845,403.6323,-96.34927
1.5-473-550,0.1012048192,0.2024096384,0.9945113833309429,-0.000894254433,1.5,473.0,550.0,575.1089,0.10353374,530.7175,614.28613,39.177246,0.55114603,0.4476123,424.96878,-105.74875
1.5-473-550,0.04693877551,0.09387755102,0.7525573838264147,0.0006766918789,1.5,473.0,550.0,473.00003,0.94096243,649.85333,469.82776,-3.1722717,0.883291,-0.057671428,604.83746,-45.01587
1.5-473-550,0.2204819277,0.4409638554,0.9980223152919674,0.000897411427,1.5,473.0,550.0,1291.2771,0.047173794,39.923004,893.8757,-397.40143,0.79281574,0.74564195,189.83408,149.91107
1.5-473-550,0.1204819277,0.2409638554,0.9726063657286781,0.0008745576659,1.5,473.0,550.0,557.30865,0.5756772,557.6799,636.8446,79.53595,0.6774482,0.101771,404.3788,-153.30106
1.5-473-550,0.1337349397,0.2674698794,0.03282169735804886,2.951293354e-05,1.5,473.0,550.0,480.025,1.1029477,643.21704,576.9937,96.96872,1.1839464,0.08099866,524.9526,-118.264465
1.5-473-550,0.3831325302,0.7662650604,0.9956514833048237,-0.0008952795992,1.5,473.0,550.0,1092.8208,0.20854658,48.365356,900.63904,-192.18176,1.1092362,0.90068966,142.85616,94.4908
1.5-473-550,0.002040816308,0.004081632616,0.9772248216691397,-0.0008787105341,1.5,473.0,550.0,473.00003,0.34356207,649.85333,462.22635,-10.773682,0.38765895,0.044096887,610.4496,-39.403748
1.5-473-550,0.2722891566,0.5445783132,0.9996041060258503,0.000898833757,1.5,473.0,550.0,1205.9342,0.009458238,42.816803,962.6313,-243.30292,0.89102966,0.8815714,132.31964,89.50284
1.5-473-550,0.03061224488,0.06122448976,0.9442484491033019,-0.0008490585182,1.5,473.0,550.0,473.00003,0.49388477,649.85333,475.62805,2.6280212,0.54603827,0.052153498,582.68976,-67.163574
1.5-473-550,0.330120482,0.660240964,0.9965972946963587,0.0008961300631,1.5,473.0,550.0,1146.1064,0.121928625,45.550964,960.372,-185.73444,1.0226324,0.9007037,118.86717,73.31621
1.5-473-550,0.3686746989,0.7373493978,0.9999999997775775,0.0008991897406,1.5,473.0,550.0,1127.4022,-5.322157e-09,46.50833,927.24384,-200.15839,1.0604999,1.0604999,129.88103,83.372696
1.5-473-550,0.3626506025,0.725301205,0.9980223152919674,0.000897411427,1.5,473.0,550.0,1123.3636,0.081218,46.699585,932.2516,-191.11206,1.0660236,0.9848056,128.08598,81.3864
1.5-473-550,0.2,0.4,0.9442484491033019,-0.0008490585182,1.5,473.0,550.0,923.8854,1.045812,61.457,776.4636,-147.42175,0.98756814,-0.05824387,285.8048,224.34781
1.5-473-550,0.03469387754,0.06938775508,0.9811301446957078,-0.0008822221605,1.5,473.0,550.0,473.00003,0.18388593,649.85333,492.11688,19.116852,0.4485119,0.26462597,561.42816,-88.42517
1.5-473-550,0.2409638554,0.4819277108,0.8902853188558087,-0.0008005354251,1.5,473.0,550.0,761.2648,1.5249395,93.44388,772.3011,11.036316,1.2878888,-0.23705077,285.19565,191.75177
1.5-473-550,0.2554216867,0.5108433734,0.9726063657286781,0.0008745576659,1.5,473.0,550.0,1094.4081,0.7436358,48.27307,902.11395,-192.29413,1.0073204,0.26368463,179.53062,131.25755
1.5-473-550,0.4734693878,0.9469387756,0.9531521908128958,-0.0008570646714,1.5,473.0,550.0,658.57477,1.1773195,357.3238,725.8901,67.31531,1.365176,0.18785644,243.8681,-113.45569
1.5-473-550,0.2253012048,0.4506024096,0.9915009044774012,0.0008915474413,1.5,473.0,550.0,1260.6238,0.2076739,40.63797,891.4485,-369.1753,0.83853614,0.63086224,191.50229,150.86432
1.5-473-550,0.1337349397,0.2674698794,0.8475322498919685,-0.0007620923041,1.5,473.0,550.0,505.376,0.91743696,617.5695,569.9532,64.57718,1.0168908,0.09945381,476.92633,-140.64319
1.5-473-550,0.2927710844,0.5855421688,0.9844268823757469,0.0008851865532,1.5,473.0,550.0,1115.9166,0.4897996,47.097504,946.7149,-169.20172,1.0263988,0.53659916,138.42691,91.32941
1.5-473-550,0.3939759037,0.7879518074,0.7098470004029654,-0.0006382871403,1.5,473.0,550.0,661.11597,2.264278,333.59854,697.4749,36.358948,2.058006,-0.20627189,290.5719,-43.02664
1.5-473-550,0.3060240964,0.6120481928,0.9071317792997667,-0.0008156835895,1.5,473.0,550.0,835.35516,1.6831989,73.1895,837.8927,2.5375366,1.4332436,-0.2499553,210.78815,137.59865
1.5-473-550,0.343373494,0.686746988,0.2914697156873968,0.0002620865781,1.5,473.0,550.0,582.3878,1.7557687,518.09406,667.54926,85.16144,1.6406964,-0.11507225,414.68726,-103.4068
1.5-473-550,0.0244897959,0.0489795918,0.8902853188558087,-0.0008005354251,1.5,473.0,550.0,473.00003,0.70451003,649.85333,461.46024,-11.539795,0.65307057,-0.051439464,605.5852,-44.268127
1.5-473-550,0.3457831326,0.6915662652,0.9999999997775775,0.0008991897406,1.5,473.0,550.0,1148.4125,-5.322157e-09,45.45926,953.62585,-194.78662,1.0261319,1.0261319,119.05684,73.59758
1.5-473-550,0.1373493975,0.274698795,0.5396442233296441,0.0004852425493,1.5,473.0,550.0,487.596,1.0523434,635.56287,527.9304,40.33441,1.1305748,0.078231454,562.8822,-72.680664
1.5-473-550,0.02653061223,0.05306122446,0.9337895728803226,-0.000839654004,1.5,473.0,550.0,473.00003,0.54650646,649.85333,469.747,-3.2530212,0.5629967,0.016490221,591.7123,-58.141052
1.5-473-550,0.01224489793,0.02448979586,0.9872047710533666,0.0008876844022,1.5,473.0,550.0,473.00003,0.11808603,649.85333,472.28732,-0.7127075,0.37879944,0.2607134,593.2078,-56.645508
1.5-473-550,0.213253012,0.426506024,0.7098470004029654,0.0006382871403,1.5,473.0,550.0,544.05145,1.2967503,574.6035,607.1935,63.14203,1.4009981,0.10424781,449.90283,-124.70068
1.5-473-550,0.2445783133,0.4891566266,0.8206166047262803,0.0007378900321,1.5,473.0,550.0,640.2705,1.5048598,416.44736,707.131,66.86047,1.4462695,-0.058590293,341.6448,-74.80255
1.5-473-550,0.1084337349,0.2168674698,0.8475322498919685,0.0007620923041,1.5,473.0,550.0,481.39026,0.849323,641.83734,533.1285,51.73822,0.94052154,0.09119856,513.58655,-128.2508
1.5-473-550,0.1337349397,0.2674698794,0.3542741437603377,0.0003185596755,1.5,473.0,550.0,482.14267,1.0815575,641.08167,556.69635,74.55368,1.09597,0.014412522,553.5834,-87.49829
1.5-473-550,0.00204081629,0.00408163258,0.4163512323516047,-0.0003743787567,1.5,473.0,550.0,473.00003,0.99445,649.85333,553.9025,80.9025,0.9755853,-0.018864691,570.0349,-79.81842
1.5-473-550,0.4836734694,0.9673469388,0.8902853188558087,-0.0008005354251,1.5,473.0,550.0,657.71814,1.443947,360.78183,697.6914,39.973267,1.639887,0.19594002,260.781,-100.000824
1.5-473-550,0.148192771,0.296385542,0.22784103833049427,-0.0002048723242,1.5,473.0,550.0,487.1524,1.1014807,636.0118,575.9571,88.80469,1.1199843,0.018503547,536.3472,-99.66455
1.5-473-550,0.3879518073,0.7759036146,0.9945113832197316,-0.0008942544329,1.5,473.0,550.0,1081.2864,0.27562886,49.03589,891.77094,-189.51544,1.122442,0.84681314,147.26257,98.226685
1.5-473-550,0.1674698795,0.334939759,0.999825745120423,0.0008990330526,1.5,473.0,550.0,932.60077,0.0025984591,60.3808,781.7901,-150.81067,0.6715053,0.6689068,278.88135,218.50055
1.5-473-550,0.3662650603,0.7325301206,0.9980223152919674,0.000897411427,1.5,473.0,550.0,1120.3893,0.08276748,46.85852,927.669,-192.72028,1.0711638,0.9883963,130.06447,83.20595
1.5-473-550,0.4040816326,0.8081632652,0.9996041061370615,-0.0008988337571,1.5,473.0,550.0,841.75336,0.02088588,72.041565,870.8366,29.083252,1.1006228,1.079737,157.84563,85.80406
1.5-473-550,0.2626506024,0.5253012048,0.998978267368595,-0.0008982710093,1.5,473.0,550.0,1213.8186,0.027217144,42.48169,953.5887,-260.22992,0.875239,0.84802186,140.56226,98.08057
1.5-473-550,0.04897959184,0.09795918368,0.8475322498919685,0.0007620923041,1.5,473.0,550.0,473.00003,0.82023466,649.85333,471.72382,-1.2762146,0.7829539,-0.03728074,588.45074,-61.402588
1.5-473-550,0.1096385542,0.2192771084,0.6600967573005477,0.0005935522321,1.5,473.0,550.0,475.5527,1.0008007,647.4453,503.95554,28.402832,1.0706235,0.06982279,570.99097,-76.454346
1.5-473-550,0.05714285715,0.1142857143,0.9973789934503665,-0.0008968329586,1.5,473.0,550.0,473.00003,0.026207918,649.85333,531.0998,58.099762,0.4432435,0.41703558,512.87115,-136.98218
1.5-473-550,0.2469879518,0.4939759036,0.9945113832197316,0.0008942544329,1.5,473.0,550.0,1215.663,0.14923698,42.40332,928.58966,-287.0733,0.8688555,0.7196185,161.22928,118.82596
1.5-473-550,0.2614457831,0.5228915662,0.4163512323516047,-0.0003743787567,1.5,473.0,550.0,532.8588,1.4365169,587.471,612.75116,79.892334,1.4233645,-0.013152361,475.78842,-111.68259
1.5-473-550,0.2277108434,0.4554216868,0.03282169735804886,2.951293354e-05,1.5,473.0,550.0,514.0211,1.3398614,608.4186,595.95636,81.93524,1.2580186,-0.08184278,503.87784,-104.54074
1.5-473-550,0.08367346941,0.16734693882,0.993141646395439,0.0008930227796,1.5,473.0,550.0,473.00003,0.07034611,649.85333,576.07556,103.07553,0.5174588,0.44711268,463.00317,-186.85016
1.5-473-550,0.1120481927,0.2240963854,0.9973789934503665,-0.0008968329586,1.5,473.0,550.0,664.9591,0.14096391,304.45334,641.90564,-23.053467,0.5635112,0.42254728,398.93613,94.48279
1.5-473-550,0.3843373495,0.768674699,0.4163512326852384,0.000374378757,1.5,473.0,550.0,625.3011,2.0589027,450.6379,684.98206,59.68097,1.9207029,-0.1381998,364.50415,-86.13376
1.5-473-550,0.1192771084,0.2385542168,0.9772248215579286,-0.000878710534,1.5,473.0,550.0,568.56116,0.5302407,542.8314,638.5852,70.02405,0.65786266,0.12762195,402.5848,-140.24661
1.5-473-550,0.4714285714,0.9428571428,0.6600967573005477,-0.0005935522321,1.5,473.0,550.0,657.5102,1.7511461,361.6214,691.7833,34.273132,2.1675115,0.41636539,284.8033,-76.818085
1.5-473-550,0.2361445783,0.4722891566,0.9671530515086588,-0.0008696541017,1.5,473.0,550.0,1114.1492,0.80105656,47.201202,869.44696,-244.70221,0.9870882,0.18603164,207.59607,160.39487
1.5-473-550,0.3156626506,0.6313253012,0.9915009044774012,0.0008915474413,1.5,473.0,550.0,1133.3218,0.29111534,46.181244,958.3835,-174.9383,1.0292182,0.73810285,124.1369,77.95566
1.5-473-550,0.2228915662,0.4457831324,0.7892004020960466,-0.000709640905,1.5,473.0,550.0,589.2007,1.3701001,509.37537,659.5439,70.3432,1.4003583,0.030258179,391.60812,-117.76724
1.5-473-550,0.1361445783,0.2722891566,0.9965972946963587,0.0008961300631,1.5,473.0,550.0,754.6841,0.14034474,92.54965,699.6227,-55.0614,0.61913466,0.47878993,347.56155,255.0119
1.5-473-550,0.365060241,0.730120482,0.7525573838264147,0.0006766918789,1.5,473.0,550.0,660.27966,2.055883,337.4531,712.49713,52.21747,1.950015,-0.10586798,285.4986,-51.9545
1.5-473-550,0.4244897959,0.8489795918,0.998978267368595,0.0008982710093,1.5,473.0,550.0,698.5096,0.0656045,128.96515,833.32104,134.81146,1.1144093,1.0488049,178.77908,49.813934
1.5-473-550,0.3132530121,0.6265060242,0.9811301448069191,0.0008822221606,1.5,473.0,550.0,1083.963,0.6286959,48.88028,942.2156,-141.74744,1.0893245,0.46062857,135.44626,86.56598
1.5-473-550,0.2686746988,0.5373493976,0.9999999997775775,0.0008991897406,1.5,473.0,550.0,1211.5569,-5.322157e-09,42.595276,960.59216,-250.96472,0.8812491,0.8812491,134.46825,91.87297
1.5-473-550,0.3265060241,0.6530120482,0.8705746216627653,-0.0007828117684,1.5,473.0,550.0,763.1327,1.8681316,90.606995,797.9885,34.855835,1.6141627,-0.25396895,231.3764,140.76941
1.5-473-550,0.09591836738,0.19183673476,0.9215172744995802,0.0008286188792,1.5,473.0,550.0,473.00003,0.6363897,649.85333,550.0335,77.03348,0.76522255,0.12883288,490.58075,-159.27258
1.5-473-550,0.2012048193,0.4024096386,0.2914697156873968,0.0002620865781,1.5,473.0,550.0,509.36807,1.2516978,613.52344,588.3462,78.97812,1.191907,-0.05979073,520.74146,-92.78198
1.5-473-550,0.1638554216,0.3277108432,0.9931416465066502,-0.0008930227797,1.5,473.0,550.0,877.302,0.18051487,66.727234,763.7062,-113.595825,0.6950203,0.51450545,294.03378,227.30655
1.5-473-550,0.3349397591,0.6698795182,0.6021818746711394,-0.0005414757638,1.5,473.0,550.0,620.6988,1.8153193,458.86255,662.97955,42.28076,1.8706005,0.055281162,366.40897,-92.45358
1.5-473-550,0.1072289156,0.2144578312,0.9531521909241071,-0.0008570646715,1.5,473.0,550.0,503.27072,0.5964007,619.7001,591.9654,88.69467,0.7087259,0.11232525,447.36145,-172.33862
1.5-473-550,0.2963855422,0.5927710844,0.9915009044774012,-0.0008915474413,1.5,473.0,550.0,1146.8691,0.27368468,45.513336,959.31104,-187.5581,0.99073476,0.7170501,128.87535,83.362015
1.5-473-550,0.2120481927,0.4240963854,0.9844268823757469,-0.0008851865532,1.5,473.0,550.0,1233.5696,0.37572438,41.681183,856.4937,-377.07587,0.8451499,0.4694255,219.5335,177.85231
1.5-473-550,0.2313253012,0.4626506024,0.9996041060258503,0.000898833757,1.5,473.0,550.0,1278.4015,0.008053893,39.982086,914.8727,-363.5288,0.8067289,0.798675,173.12975,133.14766
1.5-473-550,0.234939759,0.469879518,0.22784103833049427,-0.0002048723242,1.5,473.0,550.0,517.6084,1.3566141,604.4295,607.553,89.94458,1.2499344,-0.10667968,500.5252,-103.9043
1.5-473-550,0.308433735,0.61686747,0.9337895728803226,-0.000839654004,1.5,473.0,550.0,900.27124,1.5135808,63.933258,872.6757,-27.59552,1.328979,-0.18460178,184.66212,120.72887
1.5-473-550,0.4755102041,0.9510204082,0.9772248215579286,-0.000878710534,1.5,473.0,550.0,658.4413,0.90251756,357.86252,732.9458,74.50452,1.2239829,0.32146537,242.58835,-115.27417
1.5-473-550,0.09591836738,0.19183673476,0.9811301446957078,-0.0008822221605,1.5,473.0,550.0,473.00003,0.19425142,649.85333,591.322,118.32199,0.5889432,0.39469177,447.38373,-202.4696
1.5-473-550,0.2939759036,0.5879518072,0.8206166047262803,-0.0007378900321,1.5,473.0,550.0,665.86475,1.7342857,285.96463,744.37616,78.51141,1.6277195,-0.10656619,290.56464,4.600006
1.5-473-550,0.1638554216,0.3277108432,0.998978267368595,-0.0008982710093,1.5,473.0,550.0,915.19135,0.025301928,62.173767,771.726,-143.46533,0.6678856,0.64258367,287.10892,224.93515
1.5-473-550,0.243373494,0.486746988,0.9980223152919674,0.000897411427,1.5,473.0,550.0,1238.8716,0.05158549,41.47104,929.8859,-308.98566,0.8409646,0.7893791,160.71506,119.24402
1.5-473-550,0.1686746988,0.3373493976,0.8902853187445975,0.000800535425,1.5,473.0,550.0,557.9931,0.9872078,556.8754,659.3246,101.33148,1.0505809,0.06337309,390.29517,-166.58026
1.5-473-550,0.0387755102,0.0775510204,0.7098470004029654,-0.0006382871403,1.5,473.0,550.0,473.00003,0.9756053,649.85333,473.29193,0.29190063,0.8977586,-0.077846706,611.023,-38.830322
1.5-473-550,0.1831325301,0.3662650602,0.9980223152919674,-0.000897411427,1.5,473.0,550.0,1036.8749,0.045349594,51.831116,816.49585,-220.37903,0.7135383,0.6681887,251.12703,199.29591
1.5-473-550,0.002040816309,0.004081632618,0.9989782674798061,-0.0008982710094,1.5,473.0,550.0,473.00003,0.017165298,649.85333,467.70178,-5.2982483,0.3171574,0.29999208,603.3632,-46.490112
1.5-473-550,0.3722891567,0.7445783134,0.9844268823757469,0.0008851865532,1.5,473.0,550.0,1045.6893,0.6890367,51.239777,901.5045,-144.18481,1.172078,0.4830413,144.13722,92.897446
1.5-473-550,0.395180723,0.790361446,0.960723235489121,0.0008638724771,1.5,473.0,550.0,922.9523,1.6235192,61.374603,843.1563,-79.79596,1.3464462,-0.27707303,173.85098,112.47638
1.5-473-550,0.1060240963,0.2120481926,0.9945113832197316,-0.0008942544329,1.5,473.0,550.0,625.4388,0.15704471,450.37628,625.13257,-0.30621338,0.5617918,0.40474707,414.6343,-35.741974
1.5-473-550,0.3120481928,0.6240963856,0.9215172744995802,-0.0008286188792,1.5,473.0,550.0,868.6726,1.6187761,67.98062,856.5558,-12.116821,1.3920281,-0.22674799,194.69382,126.713196
1.5-473-550,0.1867469879,0.3734939758,0.9956514833048237,-0.0008952795992,1.5,473.0,550.0,1052.8455,0.103689246,50.78418,821.1956,-231.64984,0.7330419,0.6293526,247.50368,196.7195
1.5-473-550,0.3168674699,0.6337349398,0.16340484097302546,-0.0001469319566,1.5,473.0,550.0,548.083,1.5996437,569.78204,647.6897,99.60669,1.4677792,-0.13186455,446.28802,-123.49402
1.5-473-550,0.3590361446,0.7180722892,0.9442484491033019,0.0008490585182,1.5,473.0,550.0,903.7699,1.6119598,63.487335,865.435,-38.3349,1.3887242,-0.2232356,169.94658,106.45924
1.5-473-550,0.3590361446,0.7180722892,0.8705746216627653,0.0007828117684,1.5,473.0,550.0,771.2273,2.025768,87.6351,789.47614,18.24884,1.6962175,-0.3295505,222.14885,134.51375
1.5-473-550,0.1024096385,0.204819277,0.9726063657286781,0.0008745576659,1.5,473.0,550.0,505.8693,0.4014982,616.9794,597.7548,91.88553,0.63395226,0.23245406,441.1621,-175.81726
1.5-473-550,0.3530120482,0.7060240964,0.9965972946963587,0.0008961300631,1.5,473.0,550.0,1125.9994,0.13561195,46.558746,941.25995,-184.73944,1.0613735,0.9257615,124.81816,78.259415
1.5-473-550,0.1385542168,0.2771084336,0.29146971579860803,-0.0002620865782,1.5,473.0,550.0,483.5477,1.0898452,639.6597,567.0952,83.547516,1.102718,0.012872815,545.24414,-94.41559
1.5-473-550,0.03673469387,0.07346938774,0.7892004020960466,-0.000709640905,1.5,473.0,550.0,473.00003,0.8923826,649.85333,464.3038,-8.696228,0.82736063,-0.06502199,609.305,-40.54834
1.5-473-550,0.3192771085,0.638554217,0.9215172744995802,0.0008286188792,1.5,473.0,550.0,866.6987,1.6459849,68.25525,856.2486,-10.450134,1.41057,-0.23541486,191.91,123.654755
1.5-473-550,0.4428571429,0.8857142858,0.9772248215579286,-0.000878710534,1.5,473.0,550.0,667.2827,0.9515959,282.37686,783.64954,116.36682,1.256985,0.30538905,206.6657,-75.71117
1.5-473-550,0.4326530612,0.8653061224,0.8206166047262803,0.0007378900321,1.5,473.0,550.0,671.2307,1.7847862,245.82266,717.5213,46.29059,1.9293878,0.14460158,250.0928,4.2701416
1.5-473-550,0.1771084337,0.3542168674,0.9956514833048237,-0.0008952795992,1.5,473.0,550.0,978.9428,0.10282313,56.147156,798.95013,-179.99268,0.7121891,0.60936594,265.30035,209.1532
1.5-473-550,0.3939759037,0.7879518074,0.2914697156873968,0.0002620865781,1.5,473.0,550.0,624.0142,2.1162443,453.083,693.9916,69.977356,1.8533766,-0.2628677,369.49426,-83.588745
1.5-473-550,0.3915662651,0.7831325302,0.8206166047262803,-0.0007378900321,1.5,473.0,550.0,716.9907,2.328163,113.557495,739.30634,22.315613,1.8952321,-0.43293083,246.76025,133.20276
1.5-473-550,0.05714285715,0.1142857143,0.9531521908128958,-0.0008570646714,1.5,473.0,550.0,473.00003,0.46206552,649.85333,507.80676,34.806732,0.58478975,0.122724235,538.2253,-111.62805
1.5-473-550,0.2457831325,0.491566265,0.47796385156444166,0.0004297801918,1.5,473.0,550.0,530.67,1.3944507,589.905,599.64514,68.97516,1.41626,0.02180934,482.98935,-106.91568
1.5-473-550,0.2530120482,0.5060240964,0.9980223152919674,0.000897411427,1.5,473.0,550.0,1218.3673,0.053754386,42.28839,941.9038,-276.4635,0.86107135,0.80731696,150.58221,108.29382
1.5-473-550,0.3289156627,0.6578313254,0.7525573838264147,0.0006766918789,1.5,473.0,550.0,649.68823,1.8530531,389.95084,709.0068,59.318542,1.8371116,-0.0159415,306.73474,-83.216095
1.5-473-550,0.2807228916,0.5614457832,0.9071317792997667,-0.0008156835895,1.5,473.0,550.0,832.8507,1.5996517,73.68158,828.5054,-4.345337,1.3600796,-0.23957205,227.94595,154.26437
1.5-473-550,0.234939759,0.469879518,0.9956514833048237,-0.0008952795992,1.5,473.0,550.0,1251.9415,0.11084675,40.958466,913.7727,-338.16882,0.8366703,0.7258235,173.67894,132.72047
1.5-473-550,0.3180722892,0.6361445784,0.9215172744995802,0.0008286188792,1.5,473.0,550.0,866.963,1.6414764,68.21872,856.3623,-10.600708,1.4075197,-0.2339567,192.33247,124.113754
1.5-473-550,0.1469879518,0.2939759036,0.9337895728803226,-0.000839654004,1.5,473.0,550.0,553.23755,0.84416693,563.0271,657.1468,103.90924,0.8729034,0.028736472,388.79092,-174.23618
1.5-473-550,0.3048192771,0.6096385542,0.09831793590232207,-8.84064793e-05,1.5,473.0,550.0,536.6285,1.5476364,583.2791,634.76465,98.13617,1.4153239,-0.13231254,459.0825,-124.196625
1.5-473-550,0.286746988,0.573493976,0.998978267368595,0.0008982710093,1.5,473.0,550.0,1189.3682,0.029688412,43.52289,969.4602,-219.90796,0.9240394,0.894351,124.40799,80.8851
1.5-473-550,0.4877551021,0.9755102042,0.4163512323516047,-0.0003743787567,1.5,473.0,550.0,656.91473,1.8915546,364.02527,721.12146,64.206726,2.2084873,0.31693268,295.94098,-68.08429
1.5-473-550,0.134939759,0.269879518,0.4163512323516047,-0.0003743787567,1.5,473.0,550.0,483.6403,1.0732102,639.56604,546.3064,62.666107,1.1027352,0.029524922,559.45276,-80.11328
1.5-473-550,0.05918367348,0.11836734696,0.9726063657286781,-0.0008745576659,1.5,473.0,550.0,473.00003,0.28773504,649.85333,520.13605,47.136017,0.5317238,0.24398875,524.10614,-125.74719
1.5-473-550,0.1903614457,0.3807228914,0.9895407848051817,-0.0008897849218,1.5,473.0,550.0,1059.7728,0.24994034,50.34314,820.0825,-239.6903,0.7708298,0.52088946,248.67403,198.33089
1.5-473-550,0.286746988,0.573493976,0.9996041060258503,-0.000898833757,1.5,473.0,550.0,1192.0989,0.009992773,43.404785,970.5482,-221.55066,0.9200376,0.91004485,123.66502,80.26024
1.5-473-550,0.3132530121,0.6265060242,0.5396442233296441,0.0004852425493,1.5,473.0,550.0,594.35266,1.6825529,501.3256,645.4209,51.068237,1.7386465,0.056093574,404.79117,-96.534424
1.5-473-550,0.221686747,0.443373494,0.7098470004029654,0.0006382871403,1.5,473.0,550.0,550.8635,1.3364297,565.97766,615.6969,64.833374,1.4340976,0.09766793,439.85272,-126.12494
1.5-473-550,0.2144578313,0.4289156626,0.16340484097302546,-0.0001469319566,1.5,473.0,550.0,511.40262,1.3068432,611.3303,598.9434,87.5408,1.2093765,-0.09746671,509.93607,-101.39426
1.5-473-550,0.1927710843,0.3855421686,0.9993254186825348,-0.0008985831642,1.5,473.0,550.0,1139.5221,0.014444107,45.876495,840.28345,-299.23865,0.7273892,0.7129451,232.18604,186.30954
1.5-473-550,0.148192771,0.296385542,0.993141646395439,0.0008930227796,1.5,473.0,550.0,781.8099,0.2302661,84.16858,725.2778,-56.532104,0.6605005,0.43023443,325.9129,241.74432
1.5-473-550,0.4836734694,0.9673469388,0.8206166047262803,-0.0007378900321,1.5,473.0,550.0,657.59564,1.5823088,361.2764,688.9493,31.353638,1.8754327,0.29312396,268.28284,-92.99356
1.5-473-550,0.2084337349,0.4168674698,0.8705746216627653,0.0007828117684,1.5,473.0,550.0,639.61426,1.3141413,410.2109,707.26996,67.6557,1.2259852,-0.088156104,346.93054,-63.280365
1.5-473-550,0.2722891566,0.5445783132,0.9671530515086588,-0.0008696541017,1.5,473.0,550.0,1048.3265,0.9101504,51.08963,908.4982,-139.82831,1.0761768,0.16602635,170.96443,119.8748
1.5-473-550,0.2373493976,0.4746987952,0.7525573838264147,0.0006766918789,1.5,473.0,550.0,590.8027,1.4257296,506.44592,652.10004,61.297363,1.4835238,0.057794213,397.4218,-109.02411
1.5-473-550,0.1120481927,0.2240963854,0.9811301446957078,0.0008822221605,1.5,473.0,550.0,566.61694,0.42749065,545.64044,626.0555,59.438538,0.6265014,0.19901073,414.02106,-131.61938
1.5-473-550,0.0,0.0,0.9442838153875877,0.0008490903192,1.5,473.0,550.0,473.00003,0.90842825,649.85333,455.4076,-17.592438,0.47600293,-0.43242532,621.4617,-28.391663
1.5-473-550,0.4632653061,0.9265306122,0.6600967573005477,0.0005935522321,1.5,473.0,550.0,657.9586,1.7457297,359.811,691.8787,33.920105,2.1694458,0.42371607,285.48593,-74.32507
1.5-473-550,0.2578313253,0.5156626506,0.9531521908128958,-0.0008570646714,1.5,473.0,550.0,998.9654,1.1357548,54.582764,874.37244,-124.59296,1.1082895,-0.027465343,199.87347,145.29071
1.5-473-550,0.2108433734,0.4216867468,0.9945113832197316,0.0008942544329,1.5,473.0,550.0,1273.1962,0.13468534,40.17404,870.18225,-403.01392,0.7910194,0.65633404,208.62209,168.44804
1.5-473-550,0.09183673473,0.18367346946,0.999825745120423,0.0008990330526,1.5,473.0,550.0,473.00003,0.0009950942,649.85333,598.53674,125.53671,0.5098391,0.508844,440.41684,-209.4365
1.5-473-550,0.2228915662,0.4457831324,0.9071317792997667,0.0008156835895,1.5,473.0,550.0,845.1416,1.4325932,72.19882,768.2077,-76.9339,1.1804966,-0.25209665,291.70068,219.50186
1.5-473-550,0.4714285714,0.9428571428,0.6021818746711394,0.0005414757638,1.5,473.0,550.0,657.1933,1.7948889,362.9007,696.4391,39.24579,2.2012577,0.40636885,290.90897,-71.99173
1.5-473-550,0.07142857145,0.1428571429,0.9726063657286781,0.0008745576659,1.5,473.0,550.0,473.00003,0.28819668,649.85333,539.3957,66.39566,0.56038153,0.27218485,501.71756,-148.13577
1.5-473-550,0.3120481928,0.6240963856,0.5396442233296441,-0.0004852425493,1.5,473.0,550.0,593.4137,1.6768432,502.66074,644.71173,51.298035,1.7335948,0.05675161,405.95303,-96.7077
1.5-473-550,0.09183673473,0.18367346946,0.9531521909241071,0.0008570646715,1.5,473.0,550.0,473.00003,0.4625442,649.85333,562.60596,89.60593,0.66986525,0.20732105,476.61664,-173.2367
1.5-473-550,0.2795180723,0.5590361446,0.16340484097302546,-0.0001469319566,1.5,473.0,550.0,527.5516,1.4703691,593.3727,628.37665,100.82507,1.3506564,-0.11971271,473.62036,-119.75232
1.5-473-550,0.213253012,0.426506024,0.9895407848051817,-0.0008897849218,1.5,473.0,550.0,1253.9436,0.25849319,40.88449,866.8163,-387.12732,0.82209665,0.56360346,211.27856,170.39407
1.5-473-550,0.1397590361,0.2795180722,0.8902853188558087,-0.0008005354251,1.5,473.0,550.0,520.71533,0.8905164,600.97455,606.74194,86.02661,0.9603829,0.06986648,438.01184,-162.9627
1.5-473-550,0.07959183676,0.15918367352,0.9999999997775775,-0.0008991897406,1.5,473.0,550.0,473.00003,-5.322157e-09,649.85333,573.33167,100.331635,0.4825826,0.4825826,466.13657,-183.71677
1.5-473-550,0.08163265309,0.16326530618,0.6021818746711394,-0.0005414757638,1.5,473.0,550.0,473.00003,1.0602202,649.85333,498.72556,25.725525,1.0201228,-0.040097475,590.05743,-59.7959
1.5-473-550,0.2602409639,0.5204819278,0.9973789933391554,-0.0008968329585,1.5,473.0,550.0,1209.0723,0.07300817,42.68344,948.4887,-260.58356,0.8799319,0.80692375,144.6461,101.96266
1.5-473-550,0.3060240964,0.6120481928,0.993141646395439,0.0008930227796,1.5,473.0,550.0,1147.5033,0.22695357,45.482086,962.6276,-184.87567,0.99975747,0.7728039,124.0437,78.561615
1.5-473-550,0.2686746988,0.5373493976,0.16340484119544796,0.0001469319568,1.5,473.0,550.0,524.4731,1.4411992,596.79596,622.98804,98.51495,1.3215547,-0.11964452,480.72318,-116.072784
1.5-473-550,0.1060240963,0.2120481926,0.9973789933391554,0.0008968329585,1.5,473.0,550.0,645.60693,0.08554631,404.0736,627.89325,-17.713684,0.55039036,0.46484405,412.00754,7.9339294
1.5-473-550,0.008163265274,0.016326530548,0.2914697156873968,0.0002620865781,1.5,473.0,550.0,473.00003,1.0860019,649.85333,574.32153,101.3215,1.0264777,-0.05952418,546.14484,-103.708496
1.5-473-550,0.3445783133,0.6891566266,0.9973789933391554,0.0008968329585,1.5,473.0,550.0,1137.5608,0.099323206,45.97223,950.713,-186.84778,1.0423241,0.94300085,121.11551,75.14328
1.5-473-550,0.1,0.2,0.9844366225891887,-0.0008851953115,1.5,473.0,550.0,498.36182,0.19989645,624.2794,602.67804,104.31622,0.5864652,0.38656873,436.22415,-188.05527
1.5-473-550,0.3445783133,0.6891566266,0.999825745120423,-0.0008990330526,1.5,473.0,550.0,1148.9811,0.0037800616,45.40924,954.47516,-194.50592,1.0253745,1.0215945,118.828064,73.41882
1.5-473-550,0.2891566265,0.578313253,0.9956514833048237,-0.0008952795992,1.5,473.0,550.0,1172.4907,0.13573533,44.29477,964.5687,-207.922,0.9499829,0.81424755,127.16548,82.87071
1.5-473-550,0.4081632653,0.8163265306,0.4163512326852384,0.000374378757,1.5,473.0,550.0,638.93713,2.2296195,421.71375,695.5816,56.64447,2.0108316,-0.21878791,345.0686,-76.64514
1.5-473-550,0.05102040816,0.10204081632,0.47796385156444166,-0.0004297801918,1.5,473.0,550.0,473.00003,1.1198074,649.85333,526.2598,53.259796,0.9999498,-0.11985755,583.4585,-66.39484
1.5-473-550,0.2807228916,0.5614457832,0.9993254186825348,0.0008985831642,1.5,473.0,550.0,1196.1979,0.018312627,43.23059,967.3527,-228.84515,0.9097813,0.89146864,127.23665,84.00606
1.5-473-550,0.4448979592,0.8897959184,0.6021818746711394,0.0005414757638,1.5,473.0,550.0,658.06396,1.8712012,359.3859,693.2631,35.199158,2.1833992,0.31219804,298.1028,-61.28308
1.5-473-550,0.1072289156,0.2144578312,0.6021818746711394,-0.0005414757638,1.5,473.0,550.0,473.82224,1.0329887,649.07776,507.06842,33.246185,1.0706605,0.037671804,577.6978,-71.379944
1.5-473-550,0.2325301205,0.465060241,0.9980223152919674,-0.000897411427,1.5,473.0,550.0,1268.9031,0.048556145,40.33249,914.08405,-354.81903,0.81821585,0.7696597,173.64105,133.30856
1.5-473-550,0.1951807229,0.3903614458,0.7892004020960466,0.000709640905,1.5,473.0,550.0,550.2852,1.1816355,566.7983,625.4486,75.16339,1.2950367,0.113401175,427.8061,-138.99219
1.5-473-550,0.3168674699,0.6337349398,0.993141646395439,0.0008930227796,1.5,473.0,550.0,1140.2146,0.2359963,45.8414,960.7264,-179.48822,1.0209154,0.7849191,122.27812,76.43672
1.5-473-550,0.1084337349,0.2168674698,0.9895407848051817,0.0008897849218,1.5,473.0,550.0,600.6519,0.27735084,492.24045,625.8637,25.211792,0.5865274,0.30917656,414.0089,-78.23154
1.5-473-550,0.1108433734,0.2216867468,0.9811301446957078,-0.0008822221605,1.5,473.0,550.0,563.8676,0.41566563,549.16785,623.37146,59.503845,0.6236912,0.20802557,416.5314,-132.63644
1.5-473-550,0.351807229,0.703614458,0.16340484097302546,-0.0001469319566,1.5,473.0,550.0,581.98114,1.7846606,518.48236,666.0047,84.02356,1.5975208,-0.18713975,417.48596,-100.9964
1.5-473-550,0.4714285714,0.9428571428,0.9071317792997667,0.0008156835895,1.5,473.0,550.0,658.635,1.3885248,357.08047,712.93536,54.300354,1.59407,0.20554519,249.07065,-108.00983
1.5-473-550,0.4938775511,0.9877551022,0.9973789933391554,0.0008968329585,1.5,473.0,550.0,657.4929,0.13956666,361.69107,714.6716,57.17865,1.0680279,0.9284612,263.13983,-98.55124
1.5-473-550,0.1096385542,0.2192771084,0.9844268823757469,-0.0008851865532,1.5,473.0,550.0,575.5515,0.36464268,530.0638,623.7552,48.203674,0.60867465,0.24403197,416.09,-113.973785
1.5-473-550,0.3253012049,0.6506024098,0.7098470004029654,0.0006382871403,1.5,473.0,550.0,638.3987,1.8154188,422.1994,687.7792,49.380493,1.8487908,0.033371925,331.41684,-90.78256
1.5-473-550,0.395180723,0.790361446,0.9998257452316341,-0.0008990330527,1.5,473.0,550.0,1098.5111,0.0052702376,48.034546,886.4273,-212.0838,1.0919114,1.0866412,149.66882,101.63428
1.5-473-550,0.1987951807,0.3975903614,0.9956514833048237,-0.0008952795992,1.5,473.0,550.0,1185.2273,0.10305791,43.719086,847.5779,-337.6494,0.75906235,0.6560044,226.54243,182.82335
1.5-473-550,0.2313253012,0.4626506024,0.9945113832197316,0.0008942544329,1.5,473.0,550.0,1258.2856,0.13677567,40.724274,906.2671,-352.01855,0.83527243,0.69849676,179.69,138.96573
1.5-473-550,0.3626506025,0.725301205,0.4163512326852384,0.000374378757,1.5,473.0,550.0,610.5294,1.9049311,476.5651,674.18256,63.653137,1.8323234,-0.07260764,383.3512,-93.2139
1.5-473-550,0.3409638555,0.681927711,0.3542741437603377,0.0003185596755,1.5,473.0,550.0,586.64435,1.7577783,512.2358,664.91864,78.27429,1.6829987,-0.07477963,410.75223,-101.48355
1.5-473-550,0.1216867469,0.2433734938,0.9844268823757469,0.0008851865532,1.5,473.0,550.0,606.75696,0.47703224,482.7116,651.29486,44.537903,0.6364293,0.15939707,390.73672,-91.974884
1.5-473-550,0.1253012048,0.2506024096,0.29146971579860803,-0.0002620865782,1.5,473.0,550.0,477.81082,1.0921346,645.3151,564.63055,86.81973,1.0907542,-0.0013804436,548.17737,-97.13776
1.5-473-550,0.3481927711,0.6963855422,0.9872047710533666,0.0008876844022,1.5,473.0,550.0,1083.9725,0.5011244,48.87973,932.18744,-151.7851,1.116805,0.6156806,131.50671,82.62698
1.5-473-550,0.4836734694,0.9673469388,0.9993254186825348,0.0008985831642,1.5,473.0,550.0,657.8789,0.032534655,360.13287,730.49945,72.620544,1.0728947,1.0403601,249.84555,-110.28732
1.5-473-550,0.3614457832,0.7228915664,0.9993254186825348,0.0008985831642,1.5,473.0,550.0,1130.5619,0.025267238,46.31729,935.6027,-194.95917,1.05511,1.0298427,126.36221,80.04492
1.5-473-550,0.3855421687,0.7710843374,0.7525573838264147,-0.0006766918789,1.5,473.0,550.0,667.8509,2.2114627,278.06207,710.76624,42.915344,2.0004704,-0.21099234,277.49927,-0.5628052
1.5-473-550,0.2469879518,0.4939759036,0.9965972946963587,0.0008961300631,1.5,473.0,550.0,1224.5708,0.09191989,42.037872,932.16583,-292.40497,0.85682034,0.76490045,158.57993,116.54205
1.5-473-550,0.2891566265,0.578313253,0.9973789933391554,0.0008968329585,1.5,473.0,550.0,1180.3,0.08083313,43.937622,967.5424,-212.75763,0.939047,0.85821384,125.139084,81.20146
1.5-473-550,0.4428571429,0.8857142858,0.09831793590232207,-8.84064793e-05,1.5,473.0,550.0,643.8998,2.038857,408.78882,700.5437,56.64392,1.9205164,-0.11834061,345.50516,-63.28366
1.5-473-550,0.2734939759,0.5469879518,0.9999999997775775,-0.0008991897406,1.5,473.0,550.0,1205.9265,-5.322157e-09,42.834686,964.1695,-241.75702,0.89099264,0.89099264,130.99611,88.16142
1.5-473-550,0.2409638554,0.4819277108,0.9996041060258503,0.000898833757,1.5,473.0,550.0,1251.1528,0.008504206,40.987915,929.30084,-321.852,0.8267585,0.8182543,161.41588,120.42796
1.5-473-550,0.3108433735,0.621686747,0.9844268823757469,-0.0008851865532,1.5,473.0,550.0,1102.296,0.5186549,47.825317,947.86945,-154.42657,1.0642099,0.54555506,132.43167,84.60635
1.5-473-550,0.1867469879,0.3734939758,0.09831793590232207,-8.84064793e-05,1.5,473.0,550.0,501.77487,1.1913043,621.21387,588.52014,86.74527,1.1893317,-0.0019726753,518.1976,-103.0163
1.5-473-550,0.3253012049,0.6506024098,0.9999999997775775,0.0008991897406,1.5,473.0,550.0,1165.3108,-5.322157e-09,44.643097,968.5542,-196.75659,0.9908789,0.9908789,114.98633,70.34323
1.5-473-550,0.3602409639,0.7204819278,0.09831793589120096,8.840647929e-05,1.5,473.0,550.0,588.1941,1.8332455,510.2028,661.9946,73.80054,1.6057614,-0.2274841,415.60736,-94.59543
1.5-473-550,0.2108433734,0.4216867468,0.9442484491033019,0.0008490585182,1.5,473.0,550.0,1024.2898,1.1187314,52.764038,796.0236,-228.26617,1.0179026,-0.10082877,269.0891,216.32507
1.5-473-550,0.3939759037,0.7879518074,0.9844268823757469,-0.0008851865532,1.5,473.0,550.0,1020.0422,0.81604874,53.00174,870.476,-149.56616,1.1970111,0.38096237,158.47903,105.477295
1.5-473-550,0.1807228915,0.361445783,0.9895407848051817,-0.0008897849218,1.5,473.0,550.0,958.8988,0.2507692,57.883423,798.49945,-160.39935,0.7491935,0.4984243,266.01248,208.12906
1.5-473-550,0.2734939759,0.5469879518,0.9671530515086588,0.0008696541017,1.5,473.0,550.0,1046.8176,0.91366076,51.18744,909.35205,-137.46558,1.0790827,0.16542196,170.02989,118.84245
1.5-473-550,0.4102040816,0.8204081632,0.47796385156444166,-0.0004297801918,1.5,473.0,550.0,643.9217,2.2530107,408.72827,691.9843,48.062622,2.0637715,-0.18923926,335.64005,-73.08823
1.5-473-550,0.1831325301,0.3662650602,0.7098470004029654,-0.0006382871403,1.5,473.0,550.0,524.82965,1.126834,596.3994,575.4706,50.64093,1.2879484,0.16111434,485.50565,-110.89377
1.5-473-550,0.0897959184,0.1795918368,0.9980223152919674,-0.000897411427,1.5,473.0,550.0,473.00003,0.019559259,649.85333,592.62933,119.6293,0.5124412,0.49288195,446.27405,-203.57928
1.5-473-550,0.3915662651,0.7831325302,0.4163512326852384,0.000374378757,1.5,473.0,550.0,629.7795,2.1207454,441.82074,688.33905,58.55957,1.9489981,-0.17174733,358.44727,-83.373474
1.5-473-550,0.3445783133,0.6891566266,0.9872047710533666,0.0008876844022,1.5,473.0,550.0,1087.3245,0.49262112,48.684875,935.3716,-151.95288,1.1106213,0.6180002,130.5193,81.83443
1.5-473-550,0.3373493976,0.6746987952,0.960723235489121,0.0008638724771,1.5,473.0,550.0,969.311,1.2551917,56.975464,902.4156,-66.895386,1.2579868,0.0027951002,153.60963,96.63417
1.5-473-550,0.06326530613,0.12653061226,0.22784103833049427,-0.0002048723242,1.5,473.0,550.0,473.00003,1.1790262,649.85333,570.9471,97.94705,1.075371,-0.10365522,542.5384,-107.31494
1.5-473-550,0.1554216867,0.3108433734,0.9956514833048237,0.0008952795992,1.5,473.0,550.0,837.64545,0.13120514,72.59381,746.38824,-91.2572,0.6651596,0.53395444,308.13287,235.53906
1.5-473-550,0.04489795918,0.08979591836,0.9956514833048237,-0.0008952795992,1.5,473.0,550.0,473.00003,0.04293346,649.85333,511.74033,38.740295,0.42245862,0.37952515,536.57434,-113.27899
1.5-473-550,0.02653061223,0.05306122446,0.9895407848051817,-0.0008897849218,1.5,473.0,550.0,473.00003,0.099327736,649.85333,486.51566,13.515625,0.40274912,0.30342138,570.683,-79.17035
1.5-473-550,0.2253012048,0.4506024096,0.998978267368595,0.0008982710093,1.5,473.0,550.0,1290.0942,0.02359503,39.923004,903.88586,-386.20837,0.79766816,0.7740731,181.89378,141.97078
1.5-473-550,0.07346938777,0.14693877554,0.9915009044774012,0.0008915474413,1.5,473.0,550.0,473.00003,0.08759933,649.85333,555.34534,82.34531,0.5006862,0.4130869,484.9351,-164.91824
1.5-473-550,0.2855421687,0.5710843374,0.5396442233296441,-0.0004852425493,1.5,473.0,550.0,570.6639,1.5551101,537.55316,628.0776,57.413696,1.6227236,0.06761348,432.14786,-105.405304
1.5-473-550,0.4428571429,0.8857142858,0.7892004020960466,0.000709640905,1.5,473.0,550.0,663.67676,1.6652334,316.63678,704.32996,40.6532,2.000779,0.33554554,260.61588,-56.020905
1.5-473-550,0.3686746989,0.7373493978,0.9726063657286781,-0.0008745576659,1.5,473.0,550.0,990.4977,1.1102083,55.234528,890.7728,-99.72485,1.242521,0.13231277,151.31822,96.083694
1.5-473-550,0.07755102043,0.15510204086,0.6021818746711394,-0.0005414757638,1.5,473.0,550.0,473.00003,1.0599686,649.85333,497.8589,24.858856,1.0127596,-0.047209024,591.7006,-58.15271
1.5-473-550,0.330120482,0.660240964,0.7525573838264147,-0.0006766918789,1.5,473.0,550.0,650.04755,1.8588884,388.71817,709.2821,59.23456,1.8412642,-0.01762414,305.87918,-82.83899
1.5-473-550,0.4081632653,0.8163265306,0.7098470004029654,-0.0006382871403,1.5,473.0,550.0,664.8918,2.3377473,305.0933,696.88086,31.989075,2.085717,-0.25203037,285.75833,-19.33496
1.5-473-550,0.1951807228,0.3903614456,0.993141646395439,0.0008930227796,1.5,473.0,550.0,1136.2911,0.166219,46.03482,835.9837,-300.30743,0.7638711,0.5976521,235.8348,189.79997
1.5-473-550,0.2325301205,0.465060241,0.9999999998887887,0.0008991897407,1.5,473.0,550.0,1276.2843,-5.322157e-09,40.073883,917.4523,-358.83203,0.80697787,0.80697787,171.08423,131.01035
1.5-473-550,0.4897959184,0.9795918368,0.09831793589120096,8.840647929e-05,1.5,473.0,550.0,656.7342,1.9619464,364.75406,719.2146,62.480408,2.0627306,0.10078418,311.3294,-53.424652
1.5-473-550,0.2710843374,0.5421686748,0.9442484491033019,0.0008490585182,1.5,473.0,550.0,951.12366,1.2909403,58.64441,872.73676,-78.3869,1.1838658,-0.1070745,197.63087,138.98647
1.5-473-550,0.3554216868,0.7108433736,0.7892004020960466,-0.000709640905,1.5,473.0,550.0,670.3002,2.0191345,256.52988,731.6445,61.3443,1.8763647,-0.14276981,271.47308,14.943207
1.5-473-550,0.0897959184,0.1795918368,0.5396442233296441,0.0004852425493,1.5,473.0,550.0,473.00003,1.090121,649.85333,512.1698,39.16977,1.0407033,-0.049417734,584.31683,-65.5365
1.5-473-550,0.02653061223,0.05306122446,0.5396442233296441,-0.0004852425493,1.5,473.0,550.0,473.00003,1.1150707,649.85333,514.4633,41.463287,0.9564091,-0.1586616,595.7189,-54.13446
1.5-473-550,0.1759036144,0.3518072288,0.9337895728803226,-0.000839654004,1.5,473.0,550.0,621.60406,0.96421754,456.7573,716.7616,95.15753,0.95510787,-0.009109676,337.08063,-119.67667
1.5-473-550,0.3843373495,0.768674699,0.998978267368595,-0.0008982710093,1.5,473.0,550.0,1107.9937,0.04634678,47.520874,903.01074,-204.98291,1.0871004,1.0407536,141.39789,93.877014
1.5-473-550,0.2963855422,0.5927710844,0.7098470004029654,-0.0006382871403,1.5,473.0,550.0,625.59454,1.682943,449.62027,674.87756,49.28302,1.7371501,0.054207087,357.14114,-92.479126
1.5-473-550,0.2590361446,0.5180722892,0.9531521909241071,0.0008570646715,1.5,473.0,550.0,998.264,1.1376019,54.638702,875.56506,-122.69891,1.1114463,-0.026155591,198.68784,144.04913
1.5-473-550,0.1650602409,0.3301204818,0.6021818746711394,0.0005414757638,1.5,473.0,550.0,504.9359,1.0881382,618.0149,541.86633,36.93042,1.2178938,0.12975562,536.39,-81.62488
1.5-473-550,0.2746987952,0.5493975904,0.6021818746711394,0.0005414757638,1.5,473.0,550.0,576.04724,1.5314101,529.5186,628.10376,52.05652,1.6219743,0.09056425,425.10928,-104.40933
1.5-473-550,0.05306122449,0.10612244898,0.9671530515086588,0.0008696541017,1.5,473.0,550.0,473.00003,0.34030545,649.85333,508.7766,35.77658,0.5342854,0.19397998,537.79846,-112.05487
1.5-473-550,0.4265306122,0.8530612244,0.9772248215579286,-0.000878710534,1.5,473.0,550.0,692.0476,1.0801755,138.44199,810.54474,118.49713,1.260458,0.18028247,190.40904,51.967056
1.5-473-550,0.3903614458,0.7807228916,0.9945113832197316,0.0008942544329,1.5,473.0,550.0,1078.1022,0.2820974,49.22101,887.9604,-190.14178,1.1248959,0.84279853,149.14262,99.921616
1.5-473-550,0.1987951807,0.3975903614,0.9915009044774012,0.0008915474413,1.5,473.0,550.0,1166.3475,0.20041412,44.58081,841.1313,-325.21625,0.7800204,0.5796063,231.78572,187.20491
1.5-473-550,0.4653061225,0.930612245,0.9980223152919674,-0.000897411427,1.5,473.0,550.0,659.8054,0.10412621,352.3554,759.4387,99.6333,1.1049614,1.0008352,226.79564,-125.55977
1.5-473-550,0.1867469879,0.3734939758,0.9772248215579286,-0.000878710534,1.5,473.0,550.0,946.20874,0.51241,59.081512,794.37445,-151.83429,0.8193003,0.3068903,269.98056,210.89905
1.5-473-550,0.0979591837,0.1959183674,0.8475322500031797,0.0007620923042,1.5,473.0,550.0,473.00006,0.8325472,649.8533,519.41425,46.414185,0.9105509,0.078003705,528.1137,-121.73956
1.5-473-550,0.2409638554,0.4819277108,0.9915009044774012,-0.0008915474413,1.5,473.0,550.0,1217.3174,0.22365135,42.333008,915.494,-301.82336,0.87285775,0.6492064,171.76363,129.43062
1.5-473-550,0.3819277109,0.7638554218,0.8902853188558087,-0.0008005354251,1.5,473.0,550.0,805.37067,2.1151705,78.81442,792.11816,-13.252502,1.6697572,-0.44541323,210.2808,131.46638
1.5-473-550,0.02040816324,0.04081632648,0.9811301446957078,-0.0008822221605,1.5,473.0,550.0,473.00003,0.17654628,649.85333,477.49103,4.4909973,0.41643375,0.23988748,583.6095,-66.243835
1.5-473-550,0.1469879518,0.2939759036,0.9996041060258503,0.000898833757,1.5,473.0,550.0,825.50397,0.010993535,74.70157,730.4707,-95.033264,0.62913275,0.6181392,321.16312,246.46155
1.5-473-550,0.4346938775,0.869387755,0.9772248215579286,0.000878710534,1.5,473.0,550.0,675.2963,0.9906684,209.95248,797.06085,121.76453,1.2597773,0.2691089,198.3639,-11.588577
1.5-473-550,0.4551020408,0.9102040816,0.9337895728803226,0.000839654004,1.5,473.0,550.0,661.5866,1.287443,336.49533,741.147,79.56036,1.4924186,0.2049756,230.43317,-106.062164
1.5-473-550,0.1746987951,0.3493975902,0.7098470004029654,0.0006382871403,1.5,473.0,550.0,519.1915,1.0936868,602.66907,566.47064,47.279114,1.258021,0.16433418,495.22708,-107.441986
1.5-473-550,0.3361445784,0.6722891568,0.6021818746711394,-0.0005414757638,1.5,473.0,550.0,621.3262,1.8214653,457.7382,663.5254,42.19922,1.8753592,0.053893924,365.35953,-92.37866
1.5-473-550,0.308433735,0.61686747,0.9726063657286781,-0.0008745576659,1.5,473.0,550.0,1042.8951,0.87726337,51.433228,929.34393,-113.55121,1.1295351,0.2522717,145.5466,94.11337
1.5-473-550,0.03265306121,0.06530612242,0.9442484491033019,-0.0008490585182,1.5,473.0,550.0,473.00003,0.49615738,649.85333,477.43365,4.4336243,0.5508018,0.054644436,579.81976,-70.03357
1.5-473-550,0.06734693879,0.13469387758,0.9980223152919674,0.000897411427,1.5,473.0,550.0,473.00003,0.019631857,649.85333,548.8158,75.815765,0.4632911,0.44365925,492.5401,-157.31323
1.5-473-550,0.213253012,0.426506024,0.9980223152919674,-0.000897411427,1.5,473.0,550.0,1287.6683,0.048494276,39.923004,880.5127,-407.15564,0.77752656,0.7290323,200.43744,160.51443
1.5-473-550,0.2325301205,0.465060241,0.8902853188558087,-0.0008005354251,1.5,473.0,550.0,762.59296,1.4864228,93.89023,761.8556,-0.7373657,1.2600235,-0.2263993,295.7264,201.83618
1.5-473-550,0.4959183674,0.9918367348,0.9965972946963587,0.0008961300631,1.5,473.0,550.0,657.4489,0.18270802,361.86868,711.5295,54.080566,1.0690951,0.8863871,265.80405,-96.06464
1.5-473-550,0.1746987951,0.3493975902,0.9844268823757469,-0.0008851865532,1.5,473.0,550.0,884.2376,0.3736834,65.81912,777.45465,-106.78296,0.7588703,0.3851869,283.36206,217.54294
1.5-473-550,0.1036144578,0.2072289156,0.9980223152919674,0.000897411427,1.5,473.0,550.0,636.20526,0.054059204,427.65775,623.0006,-13.204651,0.54256576,0.48850656,416.6361,-11.021637
1.5-473-550,0.3590361446,0.7180722892,0.998978267368595,-0.0008982710093,1.5,473.0,550.0,1131.1412,0.03954595,46.288727,938.0017,-193.13953,1.0540055,1.0144596,125.43979,79.15106
1.5-473-550,0.05510204082,0.11020408164,0.9772248215579286,-0.000878710534,1.5,473.0,550.0,473.00003,0.23697639,649.85333,516.60156,43.601532,0.5075526,0.27057624,528.7327,-121.120605
1.5-473-550,0.2048192771,0.4096385542,0.9980223152919674,0.000897411427,1.5,473.0,550.0,1236.4059,0.048536833,41.568787,863.8509,-372.555,0.75965124,0.7111144,213.60999,172.0412
1.5-473-550,0.4183673469,0.8367346938,0.9872047710533666,-0.0008876844022,1.5,473.0,550.0,720.77606,0.84671634,108.970825,833.1691,112.39307,1.1938041,0.3470878,178.06503,69.09421
1.5-473-550,0.4183673469,0.8367346938,0.960723235489121,0.0008638724771,1.5,473.0,550.0,718.0626,1.4779279,110.75676,809.62744,91.56482,1.3602893,-0.11763859,190.55579,79.79903
1.5-473-550,0.2951807229,0.5903614458,0.9671530515086588,-0.0008696541017,1.5,473.0,550.0,1026.0654,0.98184174,52.58789,919.544,-106.52142,1.130336,0.1484943,156.47272,103.88483
1.5-473-550,0.3120481928,0.6240963856,0.7525573838264147,-0.0006766918789,1.5,473.0,550.0,644.44196,1.7751763,406.89517,703.8824,59.44043,1.7768041,0.0016278028,319.7587,-87.136475
1.5-473-550,0.3602409639,0.7204819278,0.9973789933391554,-0.0008968329585,1.5,473.0,550.0,1122.3055,0.107615165,46.756134,934.25867,-188.04688,1.0669961,0.9593809,127.39549,80.63936
1.5-473-550,0.3542168675,0.708433735,0.4163512323516047,-0.0003743787567,1.5,473.0,550.0,604.39667,1.8526615,486.4172,669.6957,65.29901,1.7970154,-0.055646062,390.9027,-95.514496
1.5-473-550,0.3349397591,0.6698795182,0.9811301448069191,-0.0008822221606,1.5,473.0,550.0,1065.2037,0.6848935,49.997345,933.4076,-131.79614,1.1321253,0.44723177,134.51202,84.51468
1.5-473-550,0.2024096385,0.404819277,0.9726063657286781,-0.0008745576659,1.5,473.0,550.0,1105.918,0.6353348,47.643097,820.1256,-285.79236,0.8779989,0.2426641,249.11896,201.47586
1.5-473-550,0.4,0.8,0.539871667873015,0.0004854470651,1.5,473.0,550.0,644.37946,2.2371888,407.46396,684.97516,40.595703,2.069814,-0.16737485,332.40326,-75.0607
1.5-473-550,0.4142857143,0.8285714286,0.9998257452316341,-0.0008990330527,1.5,473.0,550.0,742.77014,0.007004971,97.35629,852.81976,110.04962,1.1050154,1.0980104,167.69829,70.341995
1.5-473-550,0.3843373495,0.768674699,0.9965972946963587,-0.0008961300631,1.5,473.0,550.0,1096.2222,0.16397053,48.167603,899.9905,-196.23169,1.103947,0.9399765,143.07784,94.91023
1.5-473-550,0.1012048192,0.2024096384,0.8475322500031797,0.0007620923042,1.5,473.0,550.0,473.29883,0.82802486,649.5715,523.55,50.25116,0.9197338,0.09170896,523.6622,-125.9093
1.5-473-550,0.1891566265,0.378313253,0.9671530515086588,-0.0008696541017,1.5,473.0,550.0,914.6868,0.69937444,62.301147,785.5357,-129.15112,0.86853755,0.16916311,277.64853,215.34738
1.5-473-550,0.4551020408,0.9102040816,0.9671530515086588,-0.0008696541017,1.5,473.0,550.0,661.84607,1.0544703,334.03036,758.1225,96.27643,1.3097545,0.2552842,222.2318,-111.79857
1.5-473-550,0.01632653059,0.03265306118,0.9965972946963587,0.0008961300631,1.5,473.0,550.0,473.00003,0.030865366,649.85333,478.9567,5.956665,0.35645717,0.3255918,583.50525,-66.34808
1.5-473-550,0.08571428574,0.17142857148,0.9980223152919674,-0.000897411427,1.5,473.0,550.0,473.00003,0.019569153,649.85333,584.11945,111.119415,0.5035208,0.48395163,454.891,-194.96234
1.5-473-550,0.113253012,0.226506024,0.9442484491033019,-0.0008490585182,1.5,473.0,550.0,508.80276,0.6742101,614.05566,597.0149,88.21213,0.75082964,0.076619565,442.9361,-171.11957
1.5-473-550,0.1662650602,0.3325301204,0.6021818746711394,-0.0005414757638,1.5,473.0,550.0,505.58673,1.0909075,617.35626,542.76746,37.180725,1.2214959,0.13058841,535.3462,-82.01007
1.5-473-550,0.2265060241,0.4530120482,0.16340484119544796,0.0001469319568,1.5,473.0,550.0,514.6274,1.3371025,607.7444,603.7655,89.13812,1.2296999,-0.10740268,504.3758,-103.36859
1.5-473-550,0.1228915662,0.2457831324,0.9844268823757469,-0.0008851865532,1.5,473.0,550.0,610.25,0.48605224,477.10648,654.1071,43.857117,0.6392067,0.15315446,388.19998,-88.906494
1.5-473-550,0.1012048192,0.2024096384,0.9956514835272462,-0.0008952795994,1.5,473.0,550.0,581.85345,0.08388584,521.42664,615.3377,33.484253,0.54668856,0.4628027,423.9587,-97.467926
1.5-473-550,0.4285714286,0.8571428572,0.9215172744995802,0.0008286188792,1.5,473.0,550.0,684.10175,1.5377687,157.2885,767.39746,83.295715,1.5689706,0.03120184,214.28273,56.994232
1.5-473-550,0.2963855422,0.5927710844,0.9337895728803226,0.000839654004,1.5,473.0,550.0,902.28625,1.4831809,63.6998,870.69464,-31.591614,1.2978436,-0.1853373,190.67358,126.973785
1.5-473-550,0.0244897959,0.0489795918,0.16340484097302546,-0.0001469319566,1.5,473.0,550.0,473.00003,1.2082222,649.85333,580.63446,107.63443,1.0889511,-0.11927104,530.3737,-119.479614
1.5-473-550,0.1361445783,0.2722891566,0.9915009044774012,0.0008915474413,1.5,473.0,550.0,711.48206,0.34966135,115.578156,693.6303,-17.851746,0.64080095,0.2911396,352.9998,237.42163
1.5-473-550,0.4122448979,0.8244897958,0.7892004020960466,-0.000709640905,1.5,473.0,550.0,689.6676,2.3151336,146.72821,716.85376,27.186157,1.9879848,-0.3271488,258.6559,111.927704
1.5-473-550,0.1084337349,0.2168674698,0.8206166047262803,-0.0007378900321,1.5,473.0,550.0,479.61002,0.88002497,643.59845,523.51166,43.90164,0.9750667,0.09504175,526.49066,-117.10779
1.5-473-550,0.2024096385,0.404819277,0.9999999997775775,-0.0008991897406,1.5,473.0,550.0,1234.934,-5.322157e-09,41.642853,862.0541,-372.87988,0.7441321,0.7441321,214.98717,173.34431
1.5-473-550,0.4775510204,0.9551020408,0.16340484119544796,0.0001469319568,1.5,473.0,550.0,655.8083,1.9727271,368.492,721.82697,66.01868,2.0647614,0.09203434,313.52652,-54.965485
1.5-473-550,0.2698795181,0.5397590362,0.16340484119544796,0.0001469319568,1.5,473.0,550.0,524.7849,1.4442948,596.44916,623.57983,98.79492,1.3246758,-0.11961901,479.95386,-116.4953
1.5-473-550,0.3638554217,0.7277108434,0.9071317792997667,-0.0008156835895,1.5,473.0,550.0,830.2629,1.9243293,73.98573,820.9438,-9.319092,1.5716769,-0.35265243,197.57204,123.5863
1.5-473-550,0.4163265306,0.8326530612,0.9945113832197316,-0.0008942544329,1.5,473.0,550.0,731.1365,0.3955897,102.9115,843.79175,112.65527,1.1432477,0.747658,172.46703,69.55553
1.5-473-550,0.1542168674,0.3084337348,0.9531521909241071,0.0008570646715,1.5,473.0,550.0,594.5455,0.81911284,500.99045,692.4273,97.881836,0.8309433,0.011830449,356.5768,-144.41364
1.5-473-550,0.4448979592,0.8897959184,0.03282169735804886,2.951293354e-05,1.5,473.0,550.0,644.1574,2.036911,408.07715,690.0445,45.887085,1.8979707,-0.13894033,351.4345,-56.64264
1.5-473-550,0.4081632653,0.8163265306,0.8705746216627653,-0.0007828117684,1.5,473.0,550.0,745.7426,2.2235327,96.19812,757.00085,11.25824,1.7713785,-0.45215416,225.88518,129.68706
1.5-473-550,0.2578313253,0.5156626506,0.9872047710533666,-0.0008876844022,1.5,473.0,550.0,1165.3622,0.35782713,44.620758,928.64825,-236.71393,0.934019,0.5761919,159.47667,114.85591
1.5-473-550,0.4816326531,0.9632653062,0.9337895728803226,0.000839654004,1.5,473.0,550.0,657.89435,1.2926605,360.0706,709.7037,51.809326,1.4502226,0.15756214,254.40695,-105.663635
1.5-473-550,0.4448979592,0.8897959184,0.7098470004029654,-0.0006382871403,1.5,473.0,550.0,661.13245,1.7557834,340.81085,693.385,32.252563,2.1232271,0.36744368,278.7964,-62.014465
1.5-473-550,0.2746987952,0.5493975904,0.9999999997775775,0.0008991897406,1.5,473.0,550.0,1204.612,-5.322157e-09,42.890594,964.98035,-239.63171,0.8934206,0.8934206,130.1809,87.2903
1.5-473-550,0.2987951807,0.5975903614,0.09831793590232207,-8.84064793e-05,1.5,473.0,550.0,533.4205,1.5271199,586.84644,631.8869,98.46643,1.3976157,-0.1295042,463.30936,-123.53708
1.5-473-550,0.3686746988,0.7373493976,0.03282169735804886,2.951293354e-05,1.5,473.0,550.0,595.4362,1.8880066,499.93292,654.52997,59.09375,1.6204243,-0.2675823,414.61594,-85.316986
1.5-473-550,0.1228915662,0.2457831324,0.9531521909241071,0.0008570646715,1.5,473.0,550.0,530.6719,0.6933116,589.9029,624.189,93.51715,0.74890494,0.05559337,417.01126,-172.89163
1.5-473-550,0.2373493976,0.4746987952,0.22784103833049427,-0.0002048723242,1.5,473.0,550.0,518.1729,1.362756,603.80176,608.72473,90.55182,1.2553474,-0.10740864,499.12344,-104.678314
1.5-473-550,0.1337349397,0.2674698794,0.9980223152919674,-0.000897411427,1.5,473.0,550.0,755.9255,0.08413642,92.10301,695.32043,-60.60504,0.60776716,0.52363074,351.2108,259.1078
1.5-473-550,0.4632653061,0.9265306122,0.4163512323516047,-0.0003743787567,1.5,473.0,550.0,655.33966,1.909091,370.38376,714.9648,59.625122,2.169282,0.26019096,307.79578,-62.587982
1.5-473-550,0.2084337349,0.4168674698,0.9872047710533666,-0.0008876844022,1.5,473.0,550.0,1228.9508,0.30278713,41.864258,853.92896,-375.02185,0.8230657,0.5202786,221.61409,179.74983
1.5-473-550,0.3879518073,0.7759036146,0.09831793589120096,8.840647929e-05,1.5,473.0,550.0,613.16266,2.0396526,472.27194,675.5091,62.346436,1.71304,-0.3266126,391.90677,-80.36517
1.5-473-550,0.3204819277,0.6409638554,0.998978267368595,0.0008982710093,1.5,473.0,550.0,1164.6228,0.03322917,44.65457,969.0633,-195.55951,0.9890315,0.9558023,115.93271,71.27814
1.5-473-550,0.4897959184,0.9795918368,0.7098470004029654,0.0006382871403,1.5,473.0,550.0,657.30786,1.7152594,362.43814,687.03406,29.726196,2.092863,0.37760365,280.988,-81.450134
1.5-473-550,0.2096385542,0.4192771084,0.8902853188558087,0.0008005354251,1.5,473.0,550.0,707.1075,1.3589959,197.92426,729.1762,22.068726,1.1841741,-0.17482185,326.97604,129.05179
1.5-473-550,0.3277108434,0.6554216868,0.9931416465066502,-0.0008930227797,1.5,473.0,550.0,1131.661,0.24586332,46.263123,956.21875,-175.44226,1.0413289,0.7954656,122.14151,75.87839
1.5-473-550,0.3566265061,0.7132530122,0.47796385156444166,-0.0004297801918,1.5,473.0,550.0,613.634,1.8871255,471.44577,668.4321,54.798157,1.8646516,-0.022473931,378.62106,-92.82471
1.5-473-550,0.1397590361,0.2795180722,0.9844268823757469,0.0008851865532,1.5,473.0,550.0,668.21106,0.5540221,273.8883,694.21246,26.001404,0.6781207,0.1240986,352.8951,79.006805
1.5-473-550,0.1626506024,0.3253012048,0.8902853187445975,0.000800535425,1.5,473.0,550.0,549.11554,0.96399224,568.3483,648.38196,99.26642,1.0314385,0.06744623,400.131,-168.21732
1.5-473-550,0.2831325301,0.5662650602,0.9980223152919674,0.000897411427,1.5,473.0,550.0,1188.292,0.059020873,43.572113,966.2713,-222.02069,0.9228597,0.86383885,127.43683,83.864716
1.5-473-550,0.2530120482,0.5060240964,0.9442484491033019,-0.0008490585182,1.5,473.0,550.0,963.4147,1.2529167,57.53943,856.2028,-107.21185,1.1349572,-0.1179595,214.88347,157.34404
1.5-473-550,0.4979591837,0.9959183674,0.9607232356003321,0.0008638724772,1.5,473.0,550.0,657.3892,1.12207,362.1097,698.3238,40.93457,1.2741151,0.15204513,269.50204,-92.607666
1.5-473-550,0.09183673473,0.18367346946,0.9999999997775775,-0.0008991897406,1.5,473.0,550.0,473.00003,-5.322157e-09,649.85333,598.6892,125.68918,0.5091533,0.5091533,440.2693,-209.58405
1.5-473-550,0.02857142855,0.0571428571,0.3542741439827602,-0.0003185596757,1.5,473.0,550.0,473.00003,1.1931089,649.85333,558.92706,85.92703,1.015948,-0.17716086,559.7437,-90.10962
1.5-473-550,0.2,0.4,0.03282169735804886,2.951293354e-05,1.5,473.0,550.0,506.11234,1.2506474,616.8243,588.1722,82.059845,1.2262497,-0.02439773,513.16766,-103.65662
1.5-473-550,0.1493975903,0.2987951806,0.9973789933391554,0.0008968329585,1.5,473.0,550.0,818.7096,0.08577507,76.04437,733.6551,-85.054504,0.6443335,0.5585584,318.62595,242.58157
1.5-473-550,0.2204819277,0.4409638554,0.2914697156873968,0.0002620865781,1.5,473.0,550.0,515.2837,1.3224585,607.0146,597.5369,82.253235,1.2322347,-0.09022379,509.92764,-97.086945
1.5-473-550,0.104819277,0.209638554,0.8475322498919685,-0.0007620923041,1.5,473.0,550.0,476.69797,0.83500284,646.3649,528.2777,51.579742,0.9300699,0.095067084,518.65106,-127.71387
1.5-473-550,0.1385542168,0.2771084336,0.9998257452316341,-0.0008990330527,1.5,473.0,550.0,789.73206,0.0039224573,82.16664,709.5352,-80.19684,0.6101943,0.60627186,338.8867,256.72003
1.5-473-550,0.4061224489,0.8122448978,0.7525573838264147,-0.0006766918789,1.5,473.0,550.0,675.35657,2.3622978,214.033,707.14624,31.789673,2.0383723,-0.3239255,272.26743,58.23442
1.5-473-550,0.2554216867,0.5108433734,0.9844268823757469,0.0008851865532,1.5,473.0,550.0,1154.6294,0.43079385,45.130768,921.45154,-233.17786,0.94416183,0.513368,165.19374,120.06297
1.5-473-550,0.3493975904,0.6987951808,0.9980223152919674,0.000897411427,1.5,473.0,550.0,1136.359,0.07586073,46.031525,947.10864,-189.25037,1.0457522,0.9698914,122.14279,76.11127
1.5-473-550,0.2614457831,0.5228915662,0.9442484491033019,0.0008490585182,1.5,473.0,550.0,960.07336,1.2649293,57.83603,864.6694,-95.40399,1.1579237,-0.107005596,206.3564,148.52037
1.5-473-550,0.4469387755,0.893877551,0.9945113832197316,0.0008942544329,1.5,473.0,550.0,665.1805,0.3186267,302.35056,788.9465,123.76599,1.1422774,0.82365066,205.62486,-96.72569
1.5-473-550,0.2048192771,0.4096385542,0.8902853188558087,-0.0008005354251,1.5,473.0,550.0,673.35925,1.3007189,246.17273,721.5911,48.231873,1.1682434,-0.1324755,333.996,87.82327
1.5-473-550,0.1831325301,0.3662650602,0.09831793590232207,-8.84064793e-05,1.5,473.0,550.0,500.4387,1.1772147,622.5661,587.5865,87.1478,1.185919,0.008704305,519.2034,-103.36267
1.5-473-550,0.2204819277,0.4409638554,0.9442484491033019,0.0008490585182,1.5,473.0,550.0,1034.5029,1.1361108,52.05768,812.16064,-222.34229,1.0448475,-0.091263294,255.11346,203.05579
1.5-473-550,0.1795180723,0.3590361446,0.9844268823757469,0.0008851865532,1.5,473.0,550.0,919.52185,0.365435,61.68988,788.48065,-131.0412,0.7700158,0.40458077,274.39883,212.70895
1.5-473-550,0.2108433734,0.4216867468,0.9811301448069191,0.0008822221606,1.5,473.0,550.0,1217.5697,0.44477782,42.322296,849.1223,-368.4474,0.85850716,0.41372934,225.47118,183.14888
1.5-473-550,0.3373493976,0.6746987952,0.3542741439827602,-0.0003185596757,1.5,473.0,550.0,583.5176,1.7379988,516.55096,662.8357,79.318115,1.6677779,-0.07022095,414.03278,-102.51819
1.5-473-550,0.2614457831,0.5228915662,0.9915009044774012,-0.0008915474413,1.5,473.0,550.0,1182.0056,0.2410897,43.85962,939.52795,-242.47766,0.9172514,0.6761617,150.8992,107.03958
1.5-473-550,0.1253012048,0.2506024096,0.9671530515086588,0.0008696541017,1.5,473.0,550.0,555.18726,0.6403059,560.46704,642.3648,87.17755,0.7084693,0.068163395,399.63525,-160.83179
1.5-473-550,0.07959183676,0.15918367352,0.9531521908128958,-0.0008570646714,1.5,473.0,550.0,473.00003,0.46313226,649.85333,541.31067,68.31064,0.6394259,0.17629361,499.18225,-150.67108
1.5-473-550,0.2722891566,0.5445783132,0.960723235489121,0.0008638724771,1.5,473.0,550.0,1018.02216,1.0425164,53.171753,898.4269,-119.595276,1.1089168,0.06640041,178.3057,125.13394
1.5-473-550,0.1012048192,0.2024096384,0.9671530517310813,0.0008696541019,1.5,473.0,550.0,487.2095,0.41270736,635.94714,590.8622,103.65268,0.6493355,0.23662814,447.99908,-187.94806
1.5-473-550,0.2277108433,0.4554216866,0.9337895728803226,-0.000839654004,1.5,473.0,550.0,973.0522,1.2652193,56.773956,809.06525,-163.98694,1.1054442,-0.15977514,256.9166,200.14264
1.5-473-550,0.4816326531,0.9632653062,0.3542741437603377,0.0003185596755,1.5,473.0,550.0,656.57416,1.9172504,365.40018,724.87585,68.3017,2.176057,0.2588067,300.72568,-64.6745
1.5-473-550,0.2469879518,0.4939759036,0.9726063657286781,-0.0008745576659,1.5,473.0,550.0,1110.8793,0.7211193,47.373962,892.41364,-218.46564,0.98701084,0.26589155,188.35063,140.97667
1.5-473-550,0.1939759036,0.3879518072,0.9945113832197316,0.0008942544329,1.5,473.0,550.0,1133.3102,0.12969422,46.188965,835.4833,-297.8269,0.75439256,0.62469834,236.18275,189.99379
1.5-473-550,0.1337349397,0.2674698794,0.9985491866279087,0.0008978851843,1.5,473.0,550.0,760.1596,0.060779568,90.63777,695.9423,-64.217285,0.6054846,0.54470503,350.6474,260.00964
1.5-473-550,0.3204819277,0.6409638554,0.22784103821928303,0.0002048723241,1.5,473.0,550.0,555.6662,1.6249163,559.92,653.55634,97.89014,1.5081033,-0.11681306,439.35007,-120.569916
1.5-473-550,0.1686746988,0.3373493976,0.9945113832197316,0.0008942544329,1.5,473.0,550.0,908.6594,0.14135712,62.916412,777.2418,-131.4176,0.6992598,0.5579027,282.90637,219.98996
1.5-473-550,0.0102040816,0.0204081632,0.9772248215579286,-0.000878710534,1.5,473.0,550.0,473.00003,0.2121566,649.85333,467.87997,-5.120056,0.4058361,0.19367951,599.58984,-50.26349
1.5-473-550,0.2710843374,0.5421686748,0.9915009044774012,-0.0008915474413,1.5,473.0,550.0,1171.3052,0.24890077,44.349,947.7244,-223.58075,0.93786925,0.6889685,143.0941,98.7451
1.5-473-550,0.3927710844,0.7855421688,0.9973789933391554,-0.0008968329585,1.5,473.0,550.0,1089.4569,0.13561434,48.560913,887.5116,-201.94531,1.1070956,0.97148126,149.20714,100.646225
1.5-473-550,0.2638554217,0.5277108434,0.7098470004029654,0.0006382871403,1.5,473.0,550.0,602.10345,1.5343657,489.51816,653.3163,51.21283,1.6049966,0.07063091,391.02148,-98.49667
1.5-473-550,0.3361445784,0.6722891568,0.3542741439827602,-0.0003185596757,1.5,473.0,550.0,582.46814,1.7315195,518.2724,662.137,79.668884,1.6627173,-0.06880212,415.12604,-103.14636
1.5-473-550,0.4408163265,0.881632653,0.999825745120423,0.0008990330526,1.5,473.0,550.0,669.06525,0.006086225,265.44107,803.996,134.93073,1.1080382,1.101952,196.74648,-68.694595
1.5-473-550,0.3421686747,0.6843373494,0.999825745120423,0.0008990330526,1.5,473.0,550.0,1150.9586,0.0037391132,45.311737,956.6226,-194.336,1.0213852,1.0176461,118.10199,72.79025
1.5-473-550,0.2734939759,0.5469879518,0.6021818746711394,-0.0005414757638,1.5,473.0,550.0,574.78937,1.5260777,531.16077,627.2625,52.473145,1.6169616,0.09088385,426.37595,-104.78482
1.5-473-550,0.1795180723,0.3590361446,0.9980223152919674,0.000897411427,1.5,473.0,550.0,1000.97125,0.046936866,54.409027,808.0827,-192.88855,0.70583457,0.6588977,257.8429,203.43387
1.5-473-550,0.1060240963,0.2120481926,0.4163512326852384,0.000374378757,1.5,473.0,550.0,473.08954,1.1065279,649.76886,540.1819,67.09235,1.0647056,-0.041822314,567.85474,-81.91412
1.5-473-550,0.1457831325,0.291566265,0.960723235489121,0.0008638724771,1.5,473.0,550.0,589.11584,0.75922614,509.10883,681.84863,92.73279,0.78257656,0.023350418,365.14612,-143.9627
1.5-473-550,0.1722891566,0.3445783132,0.9985491866279087,-0.0008978851843,1.5,473.0,550.0,959.17303,0.034662243,57.859497,791.6679,-167.50513,0.6878713,0.65320903,270.98376,213.12427
1.5-473-550,0.3168674699,0.6337349398,0.09831793589120096,8.840647929e-05,1.5,473.0,550.0,544.95087,1.5934179,573.56915,640.5976,95.64673,1.4527104,-0.1407075,450.2923,-123.276855
1.5-473-550,0.2578313253,0.5156626506,0.9985491866279087,0.0008978851843,1.5,473.0,550.0,1216.018,0.039157387,42.388245,948.0843,-267.93365,0.867914,0.82875663,145.34128,102.95303
1.5-473-550,0.3036144579,0.6072289158,0.9337895728803226,-0.000839654004,1.5,473.0,550.0,900.05383,1.5045445,63.962494,872.2064,-27.847412,1.3166686,-0.18787587,186.85886,122.89636
1.5-473-550,0.2168674698,0.4337349396,0.8705746216627653,0.0007828117684,1.5,473.0,550.0,670.1624,1.4085923,252.61946,719.5383,49.375916,1.2551286,-0.15346372,335.11768,82.498215
1.5-473-550,0.1927710843,0.3855421686,0.9442484491033019,-0.0008490585182,1.5,473.0,550.0,816.93915,1.0098443,77.17879,762.7011,-54.238037,0.96736425,-0.04248005,297.48502,220.30623
1.5-473-550,0.3987951808,0.7975903616,0.16340484119544796,0.0001469319568,1.5,473.0,550.0,622.61646,2.142971,455.73877,689.3954,66.77893,1.7871095,-0.35586154,376.3999,-79.33887
1.5-473-550,0.05306122449,0.10612244898,0.9965972946963587,0.0008961300631,1.5,473.0,550.0,473.00003,0.034086104,649.85333,524.21564,51.215607,0.43708244,0.40299633,521.069,-128.78436
1.5-473-550,0.3337349398,0.6674698796,0.7098470004029654,0.0006382871403,1.5,473.0,550.0,641.4212,1.8562745,414.66925,690.44434,49.023132,1.8795097,0.023235202,324.82355,-89.8457
1.5-473-550,0.2807228916,0.5614457832,0.993141646395439,0.0008930227796,1.5,473.0,550.0,1168.4767,0.20826548,44.478333,956.6558,-211.82086,0.9482553,0.7399898,134.65034,90.17201
1.5-473-550,0.02244897957,0.04489795914,0.4163512326852384,0.000374378757,1.5,473.0,550.0,473.00003,1.1665586,649.85333,547.5062,74.506195,0.9918249,-0.1747337,571.38354,-78.46979
1.5-473-550,0.1554216867,0.3108433734,0.9980223152919674,-0.000897411427,1.5,473.0,550.0,854.2239,0.05845427,69.9501,749.52625,-104.69763,0.65434587,0.5958916,305.38632,235.43622
1.5-473-550,0.2012048193,0.4024096386,0.9985491866279087,0.0008978851843,1.5,473.0,550.0,1224.9287,0.033795353,42.02368,857.2199,-367.7088,0.749228,0.71543264,218.83495,176.81126
1.5-473-550,0.1771084337,0.3542168674,0.5396442233296441,0.0004852425493,1.5,473.0,550.0,507.8775,1.1312919,615.038,550.8643,42.986816,1.2314236,0.10013175,535.3091,-79.72894
1.5-473-550,0.1530120482,0.3060240964,0.9945113832197316,0.0008942544329,1.5,473.0,550.0,819.0121,0.16957003,75.98457,738.938,-80.0741,0.66503495,0.49546492,314.39313,238.40855
1.5-473-550,0.3554216868,0.7108433736,0.998978267368595,0.0008982710093,1.5,473.0,550.0,1134.8726,0.038808104,46.104797,942.1576,-192.71497,1.0485438,1.0097357,123.745636,77.64084
1.5-473-550,0.06326530613,0.12653061226,0.5396442233296441,-0.0004852425493,1.5,473.0,550.0,473.00003,1.0890201,649.85333,509.99768,36.99765,1.0018815,-0.08713865,591.00073,-58.8526
1.5-473-550,0.2975903615,0.595180723,0.998978267368595,0.0008982710093,1.5,473.0,550.0,1180.2665,0.030837173,43.939117,972.2107,-208.05579,0.9454631,0.91462594,119.895004,75.95589
1.5-473-550,0.2578313253,0.5156626506,0.3542741437603377,0.0003185596755,1.5,473.0,550.0,527.40344,1.4214786,593.5374,614.29254,86.8891,1.3654228,-0.056055784,483.05283,-110.48459
1.5-473-550,0.2289156626,0.4578313252,0.6600967573005477,-0.0005935522321,1.5,473.0,550.0,545.0306,1.3564817,573.4001,605.4423,60.411743,1.459377,0.10289538,453.78983,-119.61026
1.5-473-550,0.3144578314,0.6289156628,0.8705746216627653,0.0007828117684,1.5,473.0,550.0,758.4158,1.8198363,92.46214,797.63983,39.22406,1.5793585,-0.2404778,237.39575,144.93361
1.5-473-550,0.3662650603,0.7325301206,0.9996041061370615,-0.0008988337571,1.5,473.0,550.0,1127.9468,0.013798231,46.45468,929.8914,-198.05536,1.0600016,1.0462034,128.77574,82.32106
1.5-473-550,0.3289156627,0.6578313254,0.09831793590232207,-8.84064793e-05,1.5,473.0,550.0,555.68555,1.648397,559.8941,646.5065,90.82092,1.4925678,-0.15582919,441.08936,-118.80475
1.5-473-550,0.2927710844,0.5855421688,0.8902853187445975,0.000800535425,1.5,473.0,550.0,791.99115,1.7030331,82.28621,813.90796,21.91681,1.4534984,-0.24953473,234.48172,152.19551
1.5-473-550,0.3265060241,0.6530120482,0.9442484491033019,0.0008490585182,1.5,473.0,550.0,922.35016,1.4669816,61.468292,884.5785,-37.771667,1.3223705,-0.14461112,169.3897,107.9214
1.5-473-550,0.3963855422,0.7927710844,0.2914697156873968,0.0002620865781,1.5,473.0,550.0,625.60046,2.1386316,450.06915,695.13324,69.532776,1.8632727,-0.27535892,367.38574,-82.68341
1.5-473-550,0.08775510207,0.17551020414,0.9985491866279087,0.0008978851843,1.5,473.0,550.0,473.00003,0.014114851,649.85333,588.7869,115.786896,0.5059461,0.49183124,450.16116,-199.69217
1.5-473-550,0.0,0.0,0.09835895158380348,8.844336018e-05,1.5,473.0,550.0,473.00003,0.90842825,649.85333,585.8028,112.802765,1.1077774,0.1993491,521.40717,-128.44617
1.5-473-550,0.4469387755,0.893877551,0.47796385156444166,0.0004297801918,1.5,473.0,550.0,654.07544,1.9487722,375.48743,704.20776,50.132324,2.1633072,0.214535,312.24683,-63.2406
1.5-473-550,0.0897959184,0.1795918368,0.9772248215579286,0.000878710534,1.5,473.0,550.0,473.00003,0.2377351,649.85333,575.92114,102.92111,0.58825207,0.35051697,462.85214,-187.00119
1.5-473-550,0.4571428571,0.9142857142,0.8705746216627653,-0.0007828117684,1.5,473.0,550.0,660.5894,1.4791344,345.97006,715.53644,54.94702,1.7614135,0.282279,246.35854,-99.61153
1.5-473-550,0.03265306121,0.06530612242,0.2914697156873968,0.0002620865781,1.5,473.0,550.0,473.00003,1.2137586,649.85333,568.22723,95.2272,1.0397148,-0.17404377,549.0753,-100.778015
1.5-473-550,0.1554216867,0.3108433734,0.9998257452316341,-0.0008990330527,1.5,473.0,550.0,866.4102,0.002987737,68.17624,751.93317,-114.47705,0.64601725,0.6430295,303.2851,235.10886
1.5-473-550,0.2927710844,0.5855421688,0.22784103833049427,-0.0002048723242,1.5,473.0,550.0,535.6955,1.5162566,584.31665,638.0699,102.37439,1.4100666,-0.106189966,461.50177,-122.81488
1.5-473-550,0.1554216867,0.3108433734,0.9671530515086588,-0.0008696541017,1.5,473.0,550.0,636.45325,0.7618532,426.25064,710.9639,74.51068,0.78349566,0.021642447,339.73618,-86.514465
1.5-473-550,0.330120482,0.660240964,0.8705746216627653,-0.0007828117684,1.5,473.0,550.0,764.4069,1.882633,90.1143,797.7042,33.297302,1.6241995,-0.25843346,229.84856,139.73425
1.5-473-550,0.2602409639,0.5204819278,0.8206166047262803,-0.0007378900321,1.5,473.0,550.0,650.05664,1.5837495,386.79248,721.9072,71.850586,1.5049509,-0.07879865,323.65033,-63.14215
1.5-473-550,0.01428571426,0.02857142852,0.6600967573005477,-0.0005935522321,1.5,473.0,550.0,473.00003,1.0642254,649.85333,484.6114,11.611359,0.88614774,-0.1780777,617.0472,-32.806152
1.5-473-550,0.04897959184,0.09795918368,0.9215172744995802,-0.0008286188792,1.5,473.0,550.0,473.00003,0.6274805,649.85333,486.52887,13.528839,0.645559,0.018078506,565.1728,-84.68054
1.5-473-550,0.1216867469,0.2433734938,0.9811301448069191,0.0008822221606,1.5,473.0,550.0,590.7559,0.51116174,506.65997,647.9497,57.193787,0.64901114,0.13784939,393.89908,-112.760895
1.5-473-550,0.4224489796,0.8448979592,0.4163512323516047,-0.0003743787567,1.5,473.0,550.0,644.91907,2.2323594,405.97354,701.29767,56.3786,2.0596972,-0.17266226,334.2398,-71.733734
1.5-473-550,0.1060240963,0.2120481926,0.9993254186825348,0.0008985831642,1.5,473.0,550.0,660.2481,0.023739213,342.70938,629.79,-30.45813,0.54254013,0.5188009,410.20978,67.5004
1.5-473-550,0.2493975904,0.4987951808,0.03282169735804886,2.951293354e-05,1.5,473.0,550.0,518.90106,1.3930926,602.99207,603.1956,84.294556,1.2909758,-0.10211682,494.62393,-108.36813
1.5-473-550,0.156626506,0.313253012,0.7892004020960466,0.000709640905,1.5,473.0,550.0,515.9923,1.0116574,606.22656,574.09406,58.101746,1.1575494,0.14589202,479.16003,-127.06653
1.5-473-550,0.2710843374,0.5421686748,0.8705746216627653,0.0007828117684,1.5,473.0,550.0,730.74567,1.6519275,108.291626,779.1013,48.35565,1.4412915,-0.21063602,270.7145,162.42288
1.5-473-550,0.2301204819,0.4602409638,0.999825745120423,-0.0008990330526,1.5,473.0,550.0,1282.3834,0.0024501032,39.923004,913.31793,-369.0655,0.80296236,0.80051225,174.39478,134.47177
1.5-473-550,0.3060240964,0.6120481928,0.3542741439827602,-0.0003185596757,1.5,473.0,550.0,556.41754,1.5877482,558.92633,644.0901,87.67255,1.5396291,-0.04811907,442.2249,-116.701416
1.5-473-550,0.09795918371,0.19591836742,0.6021818746711394,-0.0005414757638,1.5,473.0,550.0,473.00003,1.0608068,649.85333,503.47574,30.475708,1.0514414,-0.00936532,582.59375,-67.25958
1.5-473-550,0.1228915662,0.2457831324,0.6600967573005477,0.0005935522321,1.5,473.0,550.0,483.45154,1.0047498,639.7571,512.4974,29.045837,1.1042689,0.09951913,560.9038,-78.85327
1.5-473-550,0.05714285715,0.1142857143,0.8206166047262803,-0.0007378900321,1.5,473.0,550.0,473.00003,0.87047493,649.85333,474.56284,1.5628052,0.8387445,-0.031730413,586.1409,-63.712402
1.5-473-550,0.3072289157,0.6144578314,0.6021818746711394,0.0005414757638,1.5,473.0,550.0,603.813,1.6816515,487.07782,648.76483,44.951843,1.7578222,0.07617068,392.05408,-95.02374
1.5-473-550,0.1421686747,0.2843373494,0.47796385156444166,-0.0004297801918,1.5,473.0,550.0,488.40878,1.0687681,634.7403,538.4821,50.073334,1.1267643,0.057996154,560.09766,-74.64264
1.5-473-550,0.1361445783,0.2722891566,0.9071317792997667,0.0008156835895,1.5,473.0,550.0,522.24805,0.8568034,599.2702,612.67035,90.4223,0.9121332,0.0553298,431.03918,-168.23102
1.5-473-550,0.2493975904,0.4987951808,0.9071317792997667,0.0008156835895,1.5,473.0,550.0,826.101,1.5208919,75.099976,802.1533,-23.947693,1.2640784,-0.25681353,258.53348,183.4335
1.5-473-550,0.3590361446,0.7180722892,0.9726063657286781,0.0008745576659,1.5,473.0,550.0,998.6697,1.064413,54.588837,901.28125,-97.38843,1.2275923,0.1631794,147.48482,92.89598
1.5-473-550,0.4448979592,0.8897959184,0.998978267368595,-0.0008982710093,1.5,473.0,550.0,666.28796,0.056222137,291.82803,795.898,129.61005,1.1126206,1.0563985,201.81416,-90.01387
1.5-473-550,0.2493975904,0.4987951808,0.9671530515086588,0.0008696541017,1.5,473.0,550.0,1076.1077,0.85680187,49.35559,886.69666,-189.41101,1.0201104,0.1633085,192.27045,142.91486
1.5-473-550,0.1734939759,0.3469879518,0.9915009044774012,-0.0008915474413,1.5,473.0,550.0,920.36926,0.21098858,61.608154,784.5022,-135.86707,0.72389716,0.5129086,277.20547,215.59732
1.5-473-550,0.3566265061,0.7132530122,0.8475322498919685,0.0007620923041,1.5,473.0,550.0,732.8766,2.0457783,103.82985,771.27594,38.399353,1.7581692,-0.2876091,237.24298,133.41313
1.5-473-550,0.330120482,0.660240964,0.9985491866279087,-0.0008978851843,1.5,473.0,550.0,1155.1954,0.050221916,45.102875,963.5038,-191.69165,1.009397,0.9591751,116.90286,71.79999
1.5-473-550,0.06530612246,0.13061224492,0.16340484097302546,-0.0001469319566,1.5,473.0,550.0,473.00003,1.1859536,649.85333,575.33435,102.33432,1.1020672,-0.083886385,534.8701,-114.983215
1.5-473-550,0.0755102041,0.1510204082,0.9915009044774012,0.0008915474413,1.5,473.0,550.0,473.00003,0.08756446,649.85333,559.1117,86.111664,0.50525314,0.41768867,480.8526,-169.00073
1.5-473-550,0.169879518,0.339759036,0.9772248215579286,0.000878710534,1.5,473.0,550.0,799.921,0.5453176,79.97513,756.6757,-43.2453,0.7787594,0.23344183,300.8434,220.86829
1.5-473-550,0.3120481928,0.6240963856,0.6021818746711394,-0.0005414757638,1.5,473.0,550.0,607.1663,1.7039914,481.81342,651.46655,44.300232,1.7777861,0.07379472,387.40036,-94.413055
1.5-473-550,0.1397590361,0.2795180722,0.9531521909241071,0.0008570646715,1.5,473.0,550.0,561.4585,0.76604944,552.35187,660.6154,99.15692,0.7928249,0.02677548,384.24966,-168.1022
1.5-473-550,0.1867469879,0.3734939758,0.7525573838264147,-0.0006766918789,1.5,473.0,550.0,534.0904,1.1360852,586.10156,595.77747,61.687073,1.2879429,0.15185773,460.4292,-125.67236
1.5-473-550,0.3975903615,0.795180723,0.9973789934503665,-0.0008968329586,1.5,473.0,550.0,1083.6432,0.14088279,48.898865,879.48755,-204.15564,1.1114056,0.9705228,153.31065,104.41179
1.5-473-550,0.3542168675,0.708433735,0.8705746216627653,-0.0007828117684,1.5,473.0,550.0,770.2728,1.9985753,87.98607,791.5341,21.261292,1.6853659,-0.3132094,222.88538,134.8993
1.5-473-550,0.4204081632,0.8408163264,0.9337895728803226,0.000839654004,1.5,473.0,550.0,706.8605,1.6775321,119.70802,785.80786,78.94739,1.5083352,-0.16919684,204.00708,84.29906
1.5-473-550,0.191566265,0.38313253,0.9915009044774012,-0.0008915474413,1.5,473.0,550.0,1082.7646,0.20400035,48.94995,825.6554,-257.10925,0.7640035,0.56000316,244.13387,195.18391
1.5-473-550,0.07755102043,0.15510204086,0.9999999997775775,-0.0008991897406,1.5,473.0,550.0,473.00003,-5.322157e-09,649.85333,569.31354,96.31351,0.47814512,0.47814512,470.372,-179.48132
1.5-473-550,0.3783132531,0.7566265062,0.03282169734692774,-2.951293353e-05,1.5,473.0,550.0,604.30194,1.958808,486.56598,659.082,54.78003,1.6557337,-0.30307424,406.6409,-79.92508
1.5-473-550,0.1602409638,0.3204819276,0.9915009044774012,-0.0008915474413,1.5,473.0,550.0,837.7218,0.23845214,72.581604,752.7237,-84.99811,0.69444245,0.4559903,303.16473,230.58313
1.5-473-550,0.1457831325,0.291566265,0.6600967573005477,0.0005935522321,1.5,473.0,550.0,497.11664,1.0339493,625.928,529.9037,32.78705,1.1681229,0.13417363,541.31995,-84.60803
1.5-473-550,0.3626506025,0.725301205,0.9531521909241071,0.0008570646715,1.5,473.0,550.0,925.52527,1.507636,61.12439,872.94196,-52.583313,1.3470441,-0.16059184,163.9834,102.85901
1.5-473-550,0.2698795181,0.5397590362,0.4163512326852384,0.000374378757,1.5,473.0,550.0,537.35486,1.4625486,582.4549,618.232,80.87714,1.4539756,-0.008573055,468.31943,-114.13547
1.5-473-550,0.2072289156,0.4144578312,0.8902853188558087,-0.0008005354251,1.5,473.0,550.0,695.8286,1.3358655,215.23615,725.4109,29.582275,1.1762048,-0.1596607,330.46866,115.23251
1.5-473-550,0.3686746989,0.7373493978,0.9931416465066502,-0.0008930227797,1.5,473.0,550.0,1094.1428,0.29998064,48.288513,917.7913,-176.3515,1.1084422,0.80846155,135.35037,87.06186
1.5-473-550,0.1313253012,0.2626506024,0.998978267368595,0.0008982710093,1.5,473.0,550.0,753.6688,0.043940123,92.91496,690.4494,-63.21942,0.59845436,0.5545142,355.39987,262.48492
1.5-473-550,0.07959183676,0.15918367352,0.9772248215579286,0.000878710534,1.5,473.0,550.0,473.00003,0.23810422,649.85333,556.6225,83.62247,0.56435686,0.32625264,483.0013,-166.85202
1.5-473-550,0.286746988,0.573493976,0.998978267368595,-0.0008982710093,1.5,473.0,550.0,1189.3682,0.029688412,43.52289,969.4602,-219.90796,0.9240394,0.894351,124.40799,80.8851
1.5-473-550,0.1662650602,0.3325301204,0.5396442233296441,-0.0004852425493,1.5,473.0,550.0,502.49786,1.101124,620.4822,543.9328,41.434937,1.2013994,0.1002754,543.6372,-76.84497
1.5-473-550,0.09591836738,0.19183673476,0.9844268823757469,0.0008851865532,1.5,473.0,550.0,473.00003,0.16038108,649.85333,594.04535,121.04532,0.5771206,0.41673952,444.6883,-205.16504
1.5-473-550,0.2265060241,0.4530120482,0.9973789934503665,-0.0008968329586,1.5,473.0,550.0,1281.5533,0.06357997,39.923004,903.23395,-378.3194,0.80910575,0.7455258,182.33269,142.40968
1.5-473-550,0.4714285714,0.9428571428,0.9772248215579286,0.000878710534,1.5,473.0,550.0,658.8739,0.9010868,356.11606,738.9055,80.03162,1.2300155,0.3289287,237.90599,-118.21007
1.5-473-550,0.03469387754,0.06938775508,0.9945113832197316,0.0008942544329,1.5,473.0,550.0,473.00003,0.052884277,649.85333,497.87402,24.873993,0.4039414,0.3510571,554.9561,-94.89722
1.5-473-550,0.3795180723,0.7590361446,0.22784103821928303,0.0002048723241,1.5,473.0,550.0,610.4746,1.9841859,476.759,685.21027,74.73566,1.7467092,-0.2374767,387.86212,-88.89688
1.5-473-550,0.330120482,0.660240964,0.22784103821928303,0.0002048723241,1.5,473.0,550.0,564.4576,1.671206,548.41095,658.92065,94.46307,1.5449014,-0.12630463,431.24677,-117.164185
1.5-473-550,0.05306122449,0.10612244898,0.47796385156444166,-0.0004297801918,1.5,473.0,550.0,473.00003,1.1183251,649.85333,525.9933,52.993256,1.0020173,-0.116307855,583.34875,-66.50458
1.5-473-550,0.3421686747,0.6843373494,0.4163512326852384,0.000374378757,1.5,473.0,550.0,595.373,1.783181,500.02405,663.0225,67.649536,1.7461667,-0.037014246,401.85016,-98.17389
1.5-473-550,0.3566265061,0.7132530122,0.7525573838264147,0.0006766918789,1.5,473.0,550.0,657.8154,2.002507,355.37448,712.50726,54.691833,1.9260956,-0.07641137,289.63254,-65.74194
1.5-473-550,0.2614457831,0.5228915662,0.7525573838264147,-0.0006766918789,1.5,473.0,550.0,618.1751,1.5475215,463.01947,673.77747,55.602356,1.5801007,0.032579184,369.422,-93.59747
1.5-473-550,0.02857142855,0.0571428571,0.9872047710533666,-0.0008876844022,1.5,473.0,550.0,473.00003,0.12241291,649.85333,487.77856,14.778534,0.41502604,0.29261312,568.48486,-81.36847
1.5-473-550,0.1650602409,0.3301204818,0.6021818746711394,-0.0005414757638,1.5,473.0,550.0,504.9359,1.0881382,618.0149,541.86633,36.93042,1.2178938,0.12975562,536.39,-81.62488
1.5-473-550,0.03265306121,0.06530612242,0.9215172744995802,0.0008286188792,1.5,473.0,550.0,473.00003,0.60800606,649.85333,471.798,-1.2020264,0.6064706,-0.0015354753,587.53827,-62.315063
1.5-473-550,0.2277108434,0.4554216868,0.47796385156444166,0.0004297801918,1.5,473.0,550.0,524.17053,1.3404204,597.1324,587.3274,63.15686,1.353406,0.012985587,499.31506,-97.81732
1.5-473-550,0.4224489796,0.8448979592,0.6600967573005477,0.0005935522321,1.5,473.0,550.0,660.16986,2.2597647,343.0406,690.8885,30.718628,2.1378236,-0.12194109,294.67117,-48.369415
1.5-473-550,0.4224489796,0.8448979592,0.8206166047262803,0.0007378900321,1.5,473.0,550.0,684.29193,2.0713384,156.99695,723.3058,39.013855,1.9269735,-0.14436495,248.24736,91.25041
1.5-473-550,0.02857142855,0.0571428571,0.993141646395439,0.0008930227796,1.5,473.0,550.0,473.00003,0.06517743,649.85333,490.16357,17.163544,0.39513665,0.3299592,565.7669,-84.086426
1.5-473-550,0.4938775511,0.9877551022,0.9811301448069191,0.0008822221606,1.5,473.0,550.0,657.4839,0.8188844,361.7277,709.0978,51.61389,1.167476,0.3485917,263.94608,-97.78162
1.5-473-550,0.1036144578,0.2072289156,0.9337895728803226,-0.000839654004,1.5,473.0,550.0,483.75092,0.6410717,639.4541,571.07947,87.32855,0.7545484,0.11347669,468.6829,-170.77121
1.5-473-550,0.3385542169,0.6771084338,0.5396442233296441,-0.0004852425493,1.5,473.0,550.0,611.6176,1.8083565,474.6641,659.29486,47.677246,1.843636,0.035279512,381.197,-93.4671
1.5-473-550,0.4244897959,0.8489795918,0.9442484491033019,-0.0008490585182,1.5,473.0,550.0,695.27905,1.5128669,133.3356,787.94354,92.66449,1.4539406,-0.058926225,202.48584,69.15024
1.5-473-550,0.1216867469,0.2433734938,0.03282169734692774,-2.951293353e-05,1.5,473.0,550.0,475.43997,1.1148883,647.5517,576.0947,100.654755,1.1796087,0.06472039,525.6754,-121.87628
1.5-473-550,0.3313253012,0.6626506024,0.9215172744995802,0.0008286188792,1.5,473.0,550.0,864.2416,1.6886218,68.59396,853.7662,-10.475403,1.4401067,-0.24851501,188.5896,119.995636
1.5-473-550,0.3120481928,0.6240963856,0.03282169735804886,2.951293354e-05,1.5,473.0,550.0,539.8,1.5710326,579.735,628.4598,88.65979,1.4337884,-0.13724422,458.02036,-121.71463
1.5-473-550,0.3783132531,0.7566265062,0.9215172744995802,-0.0008286188792,1.5,473.0,550.0,851.5662,1.9304938,70.3739,823.3559,-28.210327,1.5325453,-0.3979485,190.51007,120.13617
1.5-473-550,0.1927710843,0.3855421686,0.9973789933391554,0.0008968329585,1.5,473.0,550.0,1130.3162,0.061498042,46.349304,837.26666,-293.0495,0.73732984,0.6758318,234.65416,188.30486
1.5-473-550,0.148192771,0.296385542,0.9726063657286781,0.0008745576659,1.5,473.0,550.0,633.1216,0.70438987,434.12363,700.58606,67.46448,0.7447938,0.040403903,348.18723,-85.9364
1.5-473-550,0.1144578313,0.2289156626,0.03282169735804886,2.951293354e-05,1.5,473.0,550.0,473.60263,1.1326891,649.2849,575.715,102.1124,1.1773121,0.044623017,525.9187,-123.36621
1.5-473-550,0.008163265274,0.016326530548,0.8902853188558087,-0.0008005354251,1.5,473.0,550.0,473.00003,0.76015353,649.85333,454.26376,-18.736267,0.6160588,-0.1440947,622.6452,-27.20813
1.5-473-550,0.2951807229,0.5903614458,0.9956514833048237,0.0008952795992,1.5,473.0,550.0,1167.3073,0.13876098,44.53183,966.131,-201.17627,0.96211475,0.82335377,124.58928,80.05745
1.5-473-550,0.3915662651,0.7831325302,0.2914697156873968,0.0002620865781,1.5,473.0,550.0,622.3878,2.094264,456.17316,692.8381,70.45026,1.8434296,-0.25083447,371.61078,-84.56238
1.5-473-550,0.4673469388,0.9346938776,0.5396442233296441,0.0004852425493,1.5,473.0,550.0,656.794,1.8350673,364.51266,702.5436,45.749573,2.2094824,0.37441516,297.55225,-66.96042
1.5-473-550,0.3698795181,0.7397590362,0.03282169734692774,-2.951293353e-05,1.5,473.0,550.0,596.58905,1.896587,498.26245,655.09845,58.5094,1.6248049,-0.27178216,413.62476,-84.637695
1.5-473-550,0.4040816326,0.8081632652,0.9980223152919674,0.000897411427,1.5,473.0,550.0,841.7508,0.12537473,72.04202,869.0776,27.326782,1.1118708,0.98649603,158.7694,86.72737
1.5-473-550,0.1144578313,0.2289156626,0.2914697156873968,0.0002620865781,1.5,473.0,550.0,474.1087,1.1101834,648.8075,563.18787,89.07916,1.0823469,-0.027836442,549.9795,-98.828
1.5-473-550,0.2301204819,0.4602409638,0.9531521908128958,-0.0008570646714,1.5,473.0,550.0,1063.6074,1.0258777,50.129883,839.6999,-223.90753,1.034714,0.008836269,231.81194,181.68205
1.5-473-550,0.1289156626,0.2578313252,0.6600967573005477,-0.0005935522321,1.5,473.0,550.0,487.04874,1.010152,636.1167,516.7777,29.728973,1.1203567,0.1102047,556.0082,-80.10852
1.5-473-550,0.2445783133,0.4891566266,0.9973789933391554,0.0008968329585,1.5,473.0,550.0,1233.409,0.0695396,41.68753,930.3872,-303.02185,0.8472192,0.7776796,160.20042,118.51289
1.5-473-550,0.4224489796,0.8448979592,0.6021818746711394,-0.0005414757638,1.5,473.0,550.0,655.0959,2.2610373,371.3678,689.5587,34.46283,2.1470745,-0.11396289,307.2176,-64.15021
1.5-473-550,0.1060240963,0.2120481926,0.7525573838264147,-0.0006766918789,1.5,473.0,550.0,474.97034,0.93841016,647.9947,505.77094,30.800598,1.0268689,0.08845878,554.3789,-93.61578
1.5-473-550,0.2204819277,0.4409638554,0.9071317792997667,-0.0008156835895,1.5,473.0,550.0,840.19165,1.431531,73.08815,764.65576,-75.53589,1.1728575,-0.25867343,295.0098,221.92165
1.5-473-550,0.06530612246,0.13061224492,0.8475322498919685,-0.0007620923041,1.5,473.0,550.0,473.00003,0.832386,649.85333,484.35352,11.353485,0.82326514,-0.009120882,569.90497,-79.948364
1.5-473-550,0.3686746989,0.7373493978,0.9980223152919674,0.000897411427,1.5,473.0,550.0,1118.3239,0.08394294,46.968903,924.49634,-193.82751,1.0744886,0.9905457,131.46495,84.49605
1.5-473-550,0.3337349398,0.6674698796,0.998978267368595,0.0008982710093,1.5,473.0,550.0,1154.129,0.03502136,45.155426,961.84814,-192.28088,1.0128356,0.97781426,116.998276,71.84285
1.5-473-550,0.3554216868,0.7108433736,0.9726063657286781,-0.0008745576659,1.5,473.0,550.0,1002.5118,1.0474849,54.289093,904.8479,-97.66388,1.2216083,0.1741234,146.31204,92.02295
1.5-473-550,0.05102040816,0.10204081632,0.9973789933391554,0.0008968329585,1.5,473.0,550.0,473.00003,0.02591067,649.85333,521.5605,48.560455,0.4297907,0.40388003,524.3995,-125.45386
1.5-473-550,0.3771084338,0.7542168676,0.8902853188558087,-0.0008005354251,1.5,473.0,550.0,805.17145,2.078282,78.86746,795.7689,-9.402527,1.6621493,-0.4161328,209.63503,130.76756
1.5-473-550,0.3072289157,0.6144578314,0.9844268823757469,0.0008851865532,1.5,473.0,550.0,1104.4398,0.5127724,47.710785,948.21643,-156.22339,1.0567905,0.5440181,133.26918,85.558395
1.5-473-550,0.3469879518,0.6939759036,0.7525573838264147,-0.0006766918789,1.5,473.0,550.0,655.0204,1.9460468,371.6016,711.9361,56.91571,1.896817,-0.04922986,294.9681,-76.633484
1.5-473-550,0.2975903615,0.595180723,0.6600967573005477,0.0005935522321,1.5,473.0,550.0,612.09357,1.6640183,473.74713,656.8482,44.75464,1.741503,0.07748473,379.36575,-94.38138
1.5-473-550,0.3831325302,0.7662650604,0.7098470004029654,-0.0006382871403,1.5,473.0,550.0,657.6542,2.1625197,358.94467,697.48883,39.834656,2.0325406,-0.12997913,295.07162,-63.873047
1.5-473-550,0.0755102041,0.1510204082,0.9998257452316341,-0.0008990330527,1.5,473.0,550.0,473.00003,0.0009972996,649.85333,565.22675,92.226715,0.47436804,0.47337073,474.71353,-175.1398
1.5-473-550,0.0102040816,0.0204081632,0.9996041060258503,0.000898833757,1.5,473.0,550.0,473.00003,0.0029075688,649.85333,474.4628,1.4627686,0.3327644,0.3298568,591.4579,-58.395447
1.5-473-550,0.3987951808,0.7975903616,0.47796385156444166,-0.0004297801918,1.5,473.0,550.0,638.471,2.2056224,422.6877,687.5572,49.08618,2.025615,-0.18000746,344.01837,-78.66934
1.5-473-550,0.3108433735,0.621686747,0.960723235489121,-0.0008638724771,1.5,473.0,550.0,988.1559,1.1589996,55.434998,911.0725,-77.083374,1.2010893,0.0420897,157.12186,101.68686
1.5-473-550,0.1951807228,0.3903614456,0.9993254186825348,-0.0008985831642,1.5,473.0,550.0,1165.1726,0.014846617,44.629425,845.5706,-319.602,0.7324693,0.7176227,228.00783,183.3784
1.5-473-550,0.1939759036,0.3879518072,0.9671530515086588,0.0008696541017,1.5,473.0,550.0,983.1956,0.7021268,55.843964,795.478,-187.71759,0.88073033,0.17860353,269.4634,213.61945
1.5-473-550,0.3277108434,0.6554216868,0.5396442233296441,-0.0004852425493,1.5,473.0,550.0,604.7675,1.7530533,485.7434,653.5905,48.822998,1.7989967,0.04594338,391.10672,-94.63669
1.5-473-550,0.1373493975,0.274698795,0.7525573838264147,-0.0006766918789,1.5,473.0,550.0,497.758,0.98488164,625.27893,537.4466,39.6886,1.1190931,0.13421142,520.44714,-104.83179
1.5-473-550,0.4081632653,0.8163265306,0.2914697156873968,0.0002620865781,1.5,473.0,550.0,632.8145,2.2031527,435.47592,700.54065,67.726135,1.9107559,-0.29239678,357.2159,-78.26001
1.5-473-550,0.3168674699,0.6337349398,0.9998257452316341,-0.0008990330527,1.5,473.0,550.0,1171.1967,0.0033742136,44.353943,971.7689,-199.42773,0.97663844,0.9732642,115.15549,70.801544
1.5-473-550,0.3783132531,0.7566265062,0.09831793589120096,8.840647929e-05,1.5,473.0,550.0,605.20135,1.9616072,485.1539,670.8517,65.65033,1.6753484,-0.28625882,400.21515,-84.93875
1.5-473-550,0.1144578313,0.2289156626,0.9215172744995802,0.0008286188792,1.5,473.0,550.0,500.90945,0.7485881,622.08966,582.60535,81.69589,0.815498,0.06690991,458.12598,-163.96368
1.5-473-550,0.2722891566,0.5445783132,0.9973789933391554,-0.0008968329585,1.5,473.0,550.0,1196.2996,0.07589262,43.226257,958.74634,-237.55322,0.9048082,0.8289156,135.05103,91.82477
1.5-473-550,0.2144578313,0.4289156626,0.7892004020960466,0.000709640905,1.5,473.0,550.0,573.66473,1.3178748,532.31586,649.6146,75.94989,1.3679081,0.05003333,402.44855,-129.86731
1.5-473-550,0.2638554217,0.5277108434,0.29146971579860803,-0.0002620865782,1.5,473.0,550.0,526.6337,1.4336674,594.3934,621.12213,94.4884,1.3477013,-0.08596611,480.78082,-113.61255
1.5-473-550,0.3469879518,0.6939759036,0.8475322498919685,-0.0007620923041,1.5,473.0,550.0,729.0546,1.9902976,106.61725,773.9184,44.86377,1.7341439,-0.2561537,239.95078,133.33353
1.5-473-550,0.3614457832,0.7228915664,0.9671530515086588,-0.0008696541017,1.5,473.0,550.0,973.3909,1.2250223,56.618774,891.6818,-81.70911,1.2645386,0.03951633,152.69868,96.07991
1.5-473-550,0.278313253,0.556626506,0.9071317792997667,-0.0008156835895,1.5,473.0,550.0,833.00555,1.5912493,73.66051,827.04877,-5.956787,1.3528684,-0.23838091,229.94026,156.27975
1.5-473-550,0.148192771,0.296385542,0.03282169734692774,-2.951293353e-05,1.5,473.0,550.0,486.13593,1.1080558,637.04047,578.52356,92.387634,1.1901925,0.08213663,523.539,-113.501465
1.5-473-550,0.3289156627,0.6578313254,0.6600967573005477,0.0005935522321,1.5,473.0,550.0,629.1452,1.810331,442.62228,672.20917,43.063965,1.8665531,0.05622208,350.4878,-92.13449
1.5-473-550,0.1361445783,0.2722891566,0.9844268823757469,0.0008851865532,1.5,473.0,550.0,653.72955,0.5531318,376.8839,685.5328,31.803223,0.6697774,0.116645575,360.40994,-16.473969
1.5-473-550,0.3674698796,0.7349397592,0.9945113832197316,0.0008942544329,1.5,473.0,550.0,1102.0955,0.23781669,47.83603,921.2308,-180.86469,1.0973258,0.8595091,133.57971,85.74368
1.5-473-550,0.2036144577,0.4072289154,0.9844268823757469,-0.0008851865532,1.5,473.0,550.0,1169.2186,0.3815992,44.444397,840.1441,-329.07452,0.8257022,0.444103,232.72237,188.27797
1.5-473-550,0.4755102041,0.9510204082,0.9872047710533666,-0.0008876844022,1.5,473.0,550.0,658.46704,0.6403837,357.7585,737.44543,78.97839,1.1625781,0.5221944,241.16344,-116.59508
1.5-473-550,0.3024096386,0.6048192772,0.8475322498919685,0.0007620923041,1.5,473.0,550.0,703.9607,1.7920618,135.4715,772.02686,68.06616,1.6019218,-0.19014001,263.4346,127.963104
1.5-473-550,0.2578313253,0.5156626506,0.8475322498919685,0.0007620923041,1.5,473.0,550.0,676.36633,1.5992676,233.77362,744.3919,68.02557,1.4483187,-0.15094888,304.52335,70.749725
1.5-473-550,0.2277108434,0.4554216868,0.09831793590232207,8.84064793e-05,1.5,473.0,550.0,514.31964,1.339801,608.0866,601.4551,87.13544,1.2405394,-0.09926152,503.5121,-104.574524
1.5-473-550,0.3349397591,0.6698795182,0.9999999997775775,0.0008991897406,1.5,473.0,550.0,1157.4126,-5.322157e-09,45.01532,962.63,-194.7826,1.0078992,1.0078992,116.2059,71.19058
1.5-473-550,0.1084337349,0.2168674698,0.960723235489121,0.0008638724771,1.5,473.0,550.0,512.84607,0.56441754,609.6691,600.4301,87.584045,0.68806565,0.12364811,438.91956,-170.74957
1.5-473-550,0.3795180723,0.7590361446,0.9531521908128958,-0.0008570646714,1.5,473.0,550.0,915.7051,1.6100216,62.128662,855.02264,-60.682434,1.3723434,-0.23767817,170.17819,108.04953
1.5-473-550,0.3674698796,0.7349397592,0.47796385156444166,0.0004297801918,1.5,473.0,550.0,620.42206,1.9548975,459.58264,673.77704,53.35498,1.9083256,-0.04657197,369.24048,-90.34216
1.5-473-550,0.3807228916,0.7614457832,0.9973789934503665,-0.0008968329586,1.5,473.0,550.0,1103.9941,0.12164568,47.73459,906.4968,-197.49731,1.0943199,0.97267425,139.87073,92.13614
1.5-473-550,0.2012048193,0.4024096386,0.9993254186825348,-0.0008985831642,1.5,473.0,550.0,1228.1633,0.014682168,41.895447,858.45624,-369.7071,0.7451587,0.7304765,217.8395,175.94405
1.5-473-550,0.1879518072,0.3759036144,0.8475322498919685,0.0007620923041,1.5,473.0,550.0,564.61145,1.1156981,548.1287,655.70276,91.09131,1.1975713,0.08187318,396.04153,-152.08719
1.5-473-550,0.4795918368,0.9591836736,0.22784103833049427,-0.0002048723242,1.5,473.0,550.0,656.1625,1.9556732,367.06198,726.35626,70.19379,2.1059172,0.150244,307.69223,-59.36975
1.5-473-550,0.351807229,0.703614458,0.9915009044774012,-0.0008915474413,1.5,473.0,550.0,1102.1487,0.34050822,47.83316,935.0038,-167.1449,1.094222,0.7537137,128.86853,81.03537
1.5-473-550,0.4816326531,0.9632653062,0.5396442233296441,-0.0004852425493,1.5,473.0,550.0,657.0024,1.8353589,363.67148,704.9434,47.94104,2.2179186,0.38255978,293.2578,-70.413666
1.5-473-550,0.4387755102,0.8775510204,0.9993254186825348,-0.0008985831642,1.5,473.0,550.0,670.8676,0.038191494,248.96687,807.33624,136.46863,1.1119899,1.0737984,194.56212,-54.404755
1.5-473-550,0.286746988,0.573493976,0.22784103833049427,-0.0002048723242,1.5,473.0,550.0,532.65405,1.496215,587.6987,634.7293,102.07526,1.3904715,-0.10574353,466.05475,-121.64398
1.5-473-550,0.06326530613,0.12653061226,0.3542741437603377,0.0003185596755,1.5,473.0,550.0,473.00003,1.152711,649.85333,552.62,79.619965,1.0368607,-0.11585033,562.0956,-87.75775
1.5-473-550,0.3156626506,0.6313253012,0.3542741437603377,0.0003185596755,1.5,473.0,550.0,564.5678,1.6296939,548.2721,649.9684,85.40057,1.5781459,-0.051548004,433.62534,-114.64676
1.5-473-550,0.2277108433,0.4554216866,0.9772248215579286,-0.000878710534,1.5,473.0,550.0,1192.4215,0.5445914,43.39499,872.4226,-319.9989,0.91757727,0.37298584,206.16113,162.76614
1.5-473-550,0.3445783133,0.6891566266,0.9915009044774012,0.0008915474413,1.5,473.0,550.0,1108.9775,0.3283072,47.468323,941.7899,-167.18762,1.0822103,0.7539031,126.569855,79.10153
1.5-473-550,0.4918367347,0.9836734694,0.9071317792997667,-0.0008156835895,1.5,473.0,550.0,657.4781,1.3975111,361.7511,693.51697,36.03888,1.5501084,0.15259731,266.01312,-95.737976
1.5-473-550,0.4979591837,0.9959183674,0.8475322500031797,-0.0007620923042,1.5,473.0,550.0,657.33453,1.5403761,362.3304,682.5307,25.196167,1.7589586,0.21858251,274.31467,-88.01575
1.5-473-550,0.1361445783,0.2722891566,0.6600967573005477,-0.0005935522321,1.5,473.0,550.0,491.36206,1.018921,631.7516,522.21014,30.848083,1.1403333,0.12141228,549.8859,-81.86566
1.5-473-550,0.03265306121,0.06530612242,0.47796385156444166,0.0004297801918,1.5,473.0,550.0,473.00003,1.1401232,649.85333,529.6302,56.630157,0.98199165,-0.1581316,583.94653,-65.9068
1.5-473-550,0.4183673469,0.8367346938,0.8475322498919685,0.0007620923041,1.5,473.0,550.0,698.1586,2.091506,129.58781,737.1003,38.94165,1.8516064,-0.23989964,237.80545,108.217636
1.5-473-550,0.3987951807,0.7975903614,0.9844268824869582,-0.0008851865533,1.5,473.0,550.0,1015.7283,0.84512603,53.30426,862.9081,-152.82019,1.2012006,0.35607457,162.24751,108.94325
1.5-473-550,0.373493976,0.746987952,0.09831793590232207,-8.84064793e-05,1.5,473.0,550.0,600.93506,1.9256727,491.8418,668.5034,67.56836,1.6566082,-0.26906443,404.35016,-87.49164
1.5-473-550,0.05102040816,0.10204081632,0.9915009044774012,0.0008915474413,1.5,473.0,550.0,473.00003,0.08631491,649.85333,518.27795,45.277924,0.45054165,0.36422673,527.8755,-121.977844
1.5-473-550,0.4673469388,0.9346938776,0.9772248215579286,-0.000878710534,1.5,473.0,550.0,659.41284,0.89998806,353.9404,744.99243,85.57959,1.2355112,0.33552313,233.27032,-120.670074
1.5-473-550,0.09591836738,0.19183673476,0.9071317792997667,-0.0008156835895,1.5,473.0,550.0,473.00003,0.6897369,649.85333,542.14496,69.14493,0.798351,0.10861409,499.50943,-150.3439
1.5-473-550,0.373493976,0.746987952,0.9956514833048237,0.0008952795992,1.5,473.0,550.0,1102.3052,0.19476843,47.82483,914.6917,-187.61346,1.0975153,0.9027469,136.28107,88.45624
1.5-473-550,0.3987951808,0.7975903616,0.8475322500031797,-0.0007620923042,1.5,473.0,550.0,754.6096,2.3985777,93.11688,750.26917,-4.340454,1.8352602,-0.56331754,234.53613,141.41925
1.5-473-550,0.4938775511,0.9877551022,0.29146971579860803,-0.0002620865782,1.5,473.0,550.0,656.95886,1.9280254,363.84708,730.7363,73.777466,2.1694078,0.24138248,296.54102,-67.30606
1.5-473-550,0.2409638554,0.4819277108,0.9772248215579286,0.000878710534,1.5,473.0,550.0,1150.9419,0.5854488,45.312744,892.00946,-258.93243,0.9490941,0.36364532,189.56267,144.24992
1.5-473-550,0.3915662651,0.7831325302,0.3542741439827602,-0.0003185596757,1.5,473.0,550.0,625.76056,2.106284,449.7649,691.56775,65.80719,1.8952711,-0.21101284,365.5812,-84.183685
1.5-473-550,0.3072289157,0.6144578314,0.9965972946963587,-0.0008961300631,1.5,473.0,550.0,1163.0571,0.11182105,44.726196,968.334,-194.72314,0.97976923,0.8679482,119.954285,75.22809
1.5-473-550,0.3686746989,0.7373493978,0.998978267368595,-0.0008982710093,1.5,473.0,550.0,1122.9252,0.041593846,46.723022,925.82214,-197.10303,1.0677435,1.0261497,130.70006,83.977036
1.5-473-550,0.1554216867,0.3108433734,0.8206166047262803,-0.0007378900321,1.5,473.0,550.0,520.02985,0.99201113,601.7368,588.0763,68.04645,1.122404,0.13039285,462.32672,-139.4101
1.5-473-550,0.008163265274,0.016326530548,0.8475322498919685,0.0007620923041,1.5,473.0,550.0,473.00003,0.8833987,649.85333,454.317,-18.683044,0.6904347,-0.19296402,627.3989,-22.454407
1.5-473-550,0.3012048193,0.6024096386,0.4163512323516047,-0.0003743787567,1.5,473.0,550.0,561.13477,1.5836456,552.77277,638.37494,77.24017,1.5754445,-0.008201122,439.74347,-113.0293
1.5-473-550,0.2626506024,0.5253012048,0.9215172744995802,-0.0008286188792,1.5,473.0,550.0,880.9817,1.4703097,66.351715,833.96625,-47.01544,1.2538221,-0.21648765,229.65666,163.30495
1.5-473-550,0.3578313254,0.7156626508,0.993141646395439,-0.0008930227796,1.5,473.0,550.0,1103.9375,0.28329986,47.73761,930.9629,-172.97461,1.0926058,0.80930597,129.86948,82.13187
1.5-473-550,0.351807229,0.703614458,0.8902853188558087,0.0008005354251,1.5,473.0,550.0,803.4367,1.930349,79.31653,811.13184,7.6951294,1.6126957,-0.3176533,209.66069,130.34416
1.5-473-550,0.3614457832,0.7228915664,0.8705746216627653,0.0007828117684,1.5,473.0,550.0,772.2613,2.0392823,87.306885,788.3537,16.092407,1.7014476,-0.33783472,221.86002,134.55313
1.5-473-550,0.05714285715,0.1142857143,0.9442484491033019,0.0008490585182,1.5,473.0,550.0,473.00003,0.521842,649.85333,503.96832,30.968292,0.60910726,0.08726525,542.6999,-107.15344
1.5-473-550,0.2060240964,0.4120481928,0.8206166047262803,-0.0007378900321,1.5,473.0,550.0,578.0919,1.2641447,526.4706,660.96344,82.87152,1.3018658,0.037721157,391.2734,-135.19717
1.5-473-550,0.3313253012,0.6626506024,0.47796385156444166,0.0004297801918,1.5,473.0,550.0,596.48895,1.7472855,498.3177,654.8098,58.32086,1.7595212,0.012235761,401.52905,-96.788635
1.5-473-550,0.2036144578,0.4072289156,0.03282169734692774,-2.951293353e-05,1.5,473.0,550.0,507.27426,1.2670612,615.64844,589.08777,81.81351,1.2298089,-0.037252307,512.1119,-103.53656
1.5-473-550,0.3481927711,0.6963855422,0.47796385156444166,-0.0004297801918,1.5,473.0,550.0,608.1343,1.837689,480.40143,664.06836,55.934082,1.8299848,-0.007704258,386.11148,-94.28995
1.5-473-550,0.1879518072,0.3759036144,0.9996041060258503,0.000898833757,1.5,473.0,550.0,1089.7073,0.0076382705,48.546326,829.92487,-259.7824,0.715808,0.7081697,240.37329,191.82697
1.5-473-550,0.05306122449,0.10612244898,0.960723235489121,0.0008638724771,1.5,473.0,550.0,473.00003,0.39915115,649.85333,505.82663,32.8266,0.5534089,0.15425777,541.1406,-108.71271
1.5-473-550,0.2481927711,0.4963855422,0.7098470004029654,-0.0006382871403,1.5,473.0,550.0,584.47015,1.4598516,517.07385,640.4616,55.991455,1.5408603,0.08100867,408.7188,-108.35504
1.5-473-550,0.1012048192,0.2024096384,0.9998257453428454,-0.0008990330528,1.5,473.0,550.0,607.8606,0.0021083301,478.65796,619.2411,11.380493,0.5301081,0.52799976,420.2256,-58.432373
1.5-473-550,0.03673469387,0.07346938774,0.6021818746711394,0.0005414757638,1.5,473.0,550.0,473.00003,1.058939,649.85333,496.11154,23.111511,0.9474824,-0.11145657,603.9333,-45.920044
1.5-473-550,0.3638554217,0.7277108434,0.8475322498919685,0.0007620923041,1.5,473.0,550.0,737.63416,2.089379,101.13635,768.68494,31.050781,1.7748183,-0.31456077,235.74513,134.60878
1.5-473-550,0.3879518073,0.7759036146,0.9985491866279087,-0.0008978851843,1.5,473.0,550.0,1101.6069,0.069727115,47.862152,896.7562,-204.85071,1.0940229,1.0242958,144.50925,96.647095
1.5-473-550,0.4734693878,0.9469387756,0.6600967573005477,0.0005935522321,1.5,473.0,550.0,657.4441,1.7522322,361.88824,691.74274,34.298645,2.1665838,0.41435158,284.69492,-77.19333
1.5-473-550,0.2722891566,0.5445783132,0.8705746216627653,-0.0007828117684,1.5,473.0,550.0,731.1741,1.6563898,107.86311,779.9847,48.810608,1.445321,-0.21106887,269.5515,161.6884
1.5-473-550,0.1626506024,0.3253012048,0.9215172744995802,-0.0008286188792,1.5,473.0,550.0,570.96844,0.9246542,537.53107,677.1563,106.18787,0.95328647,0.028632283,372.1975,-165.33356
1.5-473-550,0.2325301205,0.465060241,0.9965972946963587,-0.0008961300631,1.5,473.0,550.0,1263.2516,0.08493929,40.541016,911.66974,-351.58185,0.8262376,0.7412983,175.47675,134.93573
1.5-473-550,0.2108433735,0.421686747,0.4163512326852384,0.000374378757,1.5,473.0,550.0,516.2973,1.2892526,605.8874,581.01575,64.718445,1.2627878,-0.02646482,516.90454,-88.98285
1.5-473-550,0.1108433734,0.2216867468,0.9531521909241071,0.0008570646715,1.5,473.0,550.0,510.74805,0.62185735,611.96246,599.21844,88.4704,0.7179431,0.09608573,440.3917,-171.57077
1.5-473-550,0.3506024097,0.7012048194,0.9985491866279087,-0.0008978851843,1.5,473.0,550.0,1137.7107,0.055112,45.964844,946.6823,-191.02838,1.0440148,0.9889028,122.11992,76.155075
1.5-473-550,0.1325301204,0.2650602408,0.9071317792997667,-0.0008156835895,1.5,473.0,550.0,517.9449,0.8453171,604.05536,605.8818,87.93689,0.901551,0.056233883,437.29916,-166.7562
1.5-473-550,0.1734939759,0.3469879518,0.8705746216627653,0.0007828117684,1.5,473.0,550.0,554.49536,1.0236685,561.4051,650.93744,96.44208,1.1073384,0.0836699,399.259,-162.14609
1.5-473-550,0.03061224488,0.06122448976,0.9973789934503665,-0.0008968329586,1.5,473.0,550.0,473.00003,0.024462873,649.85333,494.2886,21.288574,0.3850186,0.3605557,560.39014,-89.463196
1.5-473-550,0.4367346939,0.8734693878,0.47796385156444166,0.0004297801918,1.5,473.0,550.0,650.5402,2.0636766,389.15738,701.1206,50.580383,2.139696,0.07601929,318.1451,-71.01227
1.5-473-550,0.373493976,0.746987952,0.9999999997775775,0.0008991897406,1.5,473.0,550.0,1123.1124,-5.322157e-09,46.73767,920.5614,-202.55103,1.0668572,1.0668572,132.9288,86.19113
1.5-473-550,0.0387755102,0.0775510204,0.9945113832197316,-0.0008942544329,1.5,473.0,550.0,473.00003,0.05351567,649.85333,502.9763,29.976257,0.41294223,0.35942656,547.97534,-101.87799
1.5-473-550,0.1879518072,0.3759036144,0.960723235489121,0.0008638724771,1.5,473.0,550.0,855.81256,0.7968477,69.97119,774.38135,-81.43121,0.8916934,0.09484571,287.12854,217.15735
1.5-473-550,0.09591836738,0.19183673476,0.8206166047262803,0.0007378900321,1.5,473.0,550.0,473.00003,0.87538105,649.85333,508.95654,35.956512,0.93947524,0.064094186,542.3095,-107.54382
1.5-473-550,0.3506024097,0.7012048194,0.9772248215579286,0.000878710534,1.5,473.0,550.0,1030.0151,0.87707657,52.302307,915.69336,-114.32178,1.1848388,0.3077622,140.99347,88.69116
1.5-473-550,0.3710843374,0.7421686748,0.4163512323516047,-0.0003743787567,1.5,473.0,550.0,616.46735,1.9607248,466.68375,678.51074,62.043396,1.8671997,-0.09352517,375.91382,-90.76993
1.5-473-550,0.2397590361,0.4795180722,0.9993254186825348,-0.0008985831642,1.5,473.0,550.0,1253.0537,0.015853519,40.917297,927.1192,-325.9345,0.82587504,0.8100215,163.16997,122.25267
1.5-473-550,0.4734693878,0.9469387756,0.16340484119544796,0.0001469319568,1.5,473.0,550.0,655.15204,1.9834017,371.1413,720.39386,65.24182,2.0534127,0.07001102,316.29794,-54.843353
1.5-473-550,0.3530120482,0.7060240964,0.9726063657286781,-0.0008745576659,1.5,473.0,550.0,1005.07275,1.0363879,54.08966,907.106,-97.966736,1.2175107,0.18112278,145.61299,91.52333
1.5-473-550,0.1795180723,0.3590361446,0.9337895728803226,0.000839654004,1.5,473.0,550.0,632.7446,0.98432326,433.94788,723.99963,91.255005,0.96551716,-0.0188061,330.8761,-103.07178
1.5-473-550,0.1409638554,0.2819277108,0.9965972946963587,-0.0008961300631,1.5,473.0,550.0,775.75085,0.12818635,85.83362,711.6161,-64.134766,0.6295842,0.50139785,337.2806,251.44699
1.5-473-550,0.2156626506,0.4313253012,0.6021818746711394,-0.0005414757638,1.5,473.0,550.0,529.69476,1.3051053,590.98944,582.396,52.701233,1.3874441,0.08233881,487.76566,-103.223785
1.5-473-550,0.3662650603,0.7325301206,0.9895407848051817,0.0008897849218,1.5,473.0,550.0,1077.8867,0.4511919,49.23352,915.9467,-161.94,1.1295658,0.67837393,136.91238,87.67886
1.5-473-550,0.3,0.6,0.9999999997775775,0.0008991897406,1.5,473.0,550.0,1182.3809,-5.322157e-09,43.862,974.20215,-208.17871,0.94347113,0.94347113,117.958496,74.0965
1.5-473-550,0.3578313254,0.7156626508,0.9772248215579286,0.000878710534,1.5,473.0,550.0,1022.1196,0.90830654,52.859924,908.72406,-113.39557,1.1969335,0.28862697,143.26607,90.40614
1.5-473-550,0.1734939759,0.3469879518,0.9872047710533666,-0.0008876844022,1.5,473.0,550.0,892.5764,0.31365603,64.74814,778.49963,-114.07678,0.74360985,0.4299538,282.3417,217.59357
1.5-473-550,0.3048192771,0.6096385542,0.9844268823757469,-0.0008851865532,1.5,473.0,550.0,1105.6332,0.50979483,47.647003,948.28796,-157.34521,1.0518013,0.5420065,133.92763,86.280624
1.5-473-550,0.3915662651,0.7831325302,0.9811301448069191,0.0008822221606,1.5,473.0,550.0,1006.8955,0.9469937,53.947723,870.4035,-136.492,1.2164282,0.26943445,158.78941,104.84169
1.5-473-550,0.2024096385,0.404819277,0.9071317792997667,-0.0008156835895,1.5,473.0,550.0,711.49414,1.2680529,167.63039,735.9077,24.413574,1.1156001,-0.15245283,321.19598,153.5656
1.5-473-550,0.4244897959,0.8489795918,0.7525573838264147,0.0006766918789,1.5,473.0,550.0,671.37897,2.1606905,244.89682,702.88574,31.506775,2.0595095,-0.10118103,269.85104,24.954224
1.5-473-550,0.1963855421,0.3927710842,0.47796385156444166,-0.0004297801918,1.5,473.0,550.0,513.6722,1.2216085,608.8066,566.89124,53.219055,1.2563474,0.0347389,525.28503,-83.521545
1.5-473-550,0.1469879518,0.2939759036,0.9442484491033019,0.0008490585182,1.5,473.0,550.0,564.1456,0.81906337,548.869,667.38306,103.23743,0.8409373,0.021873951,378.97168,-169.89734
1.5-473-550,0.1,0.2,0.4165266927609501,0.0003745365289,1.5,473.0,550.0,473.00006,1.1297354,649.8533,539.4518,66.45172,1.0579972,-0.071738124,569.0715,-80.7818
1.5-473-550,0.4775510204,0.9551020408,0.8705746216627653,-0.0007828117684,1.5,473.0,550.0,658.00134,1.4879285,359.63864,699.1063,41.10498,1.728372,0.24044347,258.75418,-100.88446
1.5-473-550,0.1843373494,0.3686746988,0.9945113832197316,-0.0008942544329,1.5,473.0,550.0,1027.1499,0.12967646,52.503204,814.02203,-213.12787,0.7334128,0.60373634,253.28665,200.78345
1.5-473-550,0.3325301205,0.665060241,0.9442484491033019,-0.0008490585182,1.5,473.0,550.0,919.2241,1.4895064,61.78888,882.3784,-36.845703,1.335774,-0.15373242,168.57408,106.7852
1.5-473-550,0.4265306122,0.8530612244,0.9956514833048237,0.0008952795992,1.5,473.0,550.0,692.8035,0.2939325,136.96725,826.5383,133.7348,1.1379945,0.84406203,182.45,45.482742
1.5-473-550,0.1144578313,0.2289156626,0.9071317792997667,0.0008156835895,1.5,473.0,550.0,497.02496,0.7801485,626.02075,573.04596,76.020996,0.84967566,0.06952715,468.4085,-157.61224
1.5-473-550,0.4673469388,0.9346938776,0.8705746216627653,0.0007828117684,1.5,473.0,550.0,658.9452,1.4806987,355.82825,707.1689,48.223694,1.7469906,0.26629186,252.3014,-103.52684
1.5-473-550,0.343373494,0.686746988,0.6021818746711394,-0.0005414757638,1.5,473.0,550.0,625.0016,1.859277,451.1318,666.6768,41.675232,1.9035686,0.044291615,359.18808,-91.943726
1.5-473-550,0.2674698795,0.534939759,0.9956514833048237,-0.0008952795992,1.5,473.0,550.0,1194.4285,0.12522823,43.305786,952.0356,-242.39288,0.9053745,0.7801463,140.77208,97.46629
1.5-473-550,0.1096385542,0.2192771084,0.6021818746711394,-0.0005414757638,1.5,473.0,550.0,474.74738,1.0297333,648.205,508.1052,33.35782,1.0758382,0.046104908,576.34534,-71.85968
1.5-473-550,0.1771084337,0.3542168674,0.8705746216627653,0.0007828117684,1.5,473.0,550.0,559.9112,1.0405028,554.38525,657.05505,97.14386,1.1193863,0.07888353,393.65363,-160.73163
1.5-473-550,0.2674698795,0.534939759,0.9726063657286781,0.0008745576659,1.5,473.0,550.0,1082.042,0.76727635,48.99936,913.49664,-168.54535,1.0360359,0.26875955,168.52313,119.52377
1.5-473-550,0.1192771084,0.2385542168,0.9985491866279087,-0.0008978851843,1.5,473.0,550.0,701.81866,0.08329498,124.73619,660.3849,-41.433777,0.5743547,0.49105972,382.0514,257.3152
1.5-473-550,0.3578313253,0.7156626506,0.47796385156444166,0.0004297801918,1.5,473.0,550.0,614.4024,1.8943914,470.17236,669.0408,54.638367,1.8695592,-0.024832249,377.5644,-92.60797
1.5-473-550,0.1879518072,0.3759036144,0.9973789933391554,-0.0008968329585,1.5,473.0,550.0,1078.5112,0.060979184,49.197937,826.5288,-251.98242,0.7270322,0.666053,243.17567,193.97774
1.5-473-550,0.2373493976,0.4746987952,0.47796385156444166,-0.0004297801918,1.5,473.0,550.0,527.2683,1.3678223,593.6877,593.8763,66.60797,1.3863442,0.018521905,490.70514,-102.982544
1.5-473-550,0.2903614458,0.5807228916,0.4163512323516047,-0.0003743787567,1.5,473.0,550.0,552.03204,1.5380642,564.61334,631.47565,79.4436,1.5321594,-0.0059047937,449.74362,-114.86972
1.5-473-550,0.2301204819,0.4602409638,0.2914697156873968,0.0002620865781,1.5,473.0,550.0,517.7684,1.3449702,604.2516,602.4805,84.71216,1.2549055,-0.090064764,504.00113,-100.25046
1.5-473-550,0.4938775511,0.9877551022,0.9071317792997667,-0.0008156835895,1.5,473.0,550.0,657.43494,1.3977498,361.92508,691.6962,34.26129,1.5449233,0.14717352,267.79398,-94.1311
1.5-473-550,0.2795180723,0.5590361446,0.960723235489121,0.0008638724771,1.5,473.0,550.0,1010.3632,1.0658971,53.72159,903.1165,-107.246704,1.1267899,0.06089282,172.87082,119.14923
1.5-473-550,0.1650602409,0.3301204818,0.960723235489121,-0.0008638724771,1.5,473.0,550.0,649.38446,0.8305456,388.5591,725.0927,75.70825,0.83222586,0.0016802549,328.25632,-60.302795
1.5-473-550,0.386746988,0.773493976,0.9965972946963587,0.0008961300631,1.5,473.0,550.0,1093.3759,0.16746593,48.33307,896.2386,-197.13727,1.1065626,0.9390967,144.90738,96.57431
1.5-473-550,0.3120481928,0.6240963856,0.960723235489121,-0.0008638724771,1.5,473.0,550.0,987.4005,1.1630403,55.4953,910.9783,-76.42224,1.2038169,0.04077661,156.7695,101.2742
1.5-473-550,0.3156626506,0.6313253012,0.9811301448069191,0.0008822221606,1.5,473.0,550.0,1081.917,0.6348081,48.999237,941.72485,-140.19214,1.0942633,0.4594552,135.03351,86.03427
1.5-473-550,0.2746987952,0.5493975904,0.9980223152919674,-0.000897411427,1.5,473.0,550.0,1196.409,0.057165857,43.22162,961.52386,-234.8852,0.90575993,0.84859407,132.59836,89.37674
1.5-473-550,0.1975903614,0.3951807228,0.9980223152919674,-0.000897411427,1.5,473.0,550.0,1178.698,0.047235485,44.010864,848.73114,-329.96686,0.74430203,0.69706655,225.55606,181.5452
1.5-473-550,0.3891566266,0.7783132532,0.999825745120423,0.0008990330526,1.5,473.0,550.0,1106.3156,0.0049822875,47.610535,896.399,-209.91656,1.086159,1.0811768,144.60742,96.99689
1.5-473-550,0.0102040816,0.0204081632,0.9531521909241071,0.0008570646715,1.5,473.0,550.0,473.00003,0.42327064,649.85333,462.41696,-10.583069,0.47550902,0.052238375,607.0125,-42.84082
1.5-473-550,0.2795180723,0.5590361446,0.960723235489121,-0.0008638724771,1.5,473.0,550.0,1010.36316,1.0658971,53.72159,903.1165,-107.24664,1.1267899,0.06089282,172.87082,119.14923
1.5-473-550,0.1180722891,0.2361445782,0.9844268823757469,-0.0008851865532,1.5,473.0,550.0,596.64075,0.44765773,498.18762,642.9158,46.275024,0.6280992,0.18044147,398.34915,-99.83847
1.5-473-550,0.06530612246,0.13061224492,0.9996041061370615,-0.0008988337571,1.5,473.0,550.0,473.00003,0.0032668656,649.85333,546.2829,73.28287,0.452954,0.44968712,495.5017,-154.35162
1.5-473-550,0.3614457832,0.7228915664,0.9980223152919674,-0.000897411427,1.5,473.0,550.0,1124.3517,0.08075952,46.64682,933.7307,-190.62097,1.0642709,0.9835113,127.45964,80.81282
1.5-473-550,0.1108433734,0.2216867468,0.7098470004029654,-0.0006382871403,1.5,473.0,550.0,477.38425,0.9722737,645.7175,505.55103,28.166779,1.060717,0.08844328,560.95355,-84.76398
1.5-473-550,0.4102040816,0.8204081632,0.9965972946963587,0.0008961300631,1.5,473.0,550.0,771.8621,0.23592997,87.050674,856.78174,84.91962,1.1257734,0.88984346,165.3729,78.32222
1.5-473-550,0.3554216868,0.7108433736,0.9973789933391554,0.0008968329585,1.5,473.0,550.0,1127.2599,0.10493689,46.491425,939.8026,-187.45728,1.0597087,0.9547718,125.145645,78.65422
1.5-473-550,0.4857142857,0.9714285714,0.7098470004029654,0.0006382871403,1.5,473.0,550.0,657.3516,1.7142057,362.26163,687.69745,30.345825,2.0991743,0.38496852,280.29398,-81.96765
1.5-473-550,0.2457831325,0.491566265,0.9442484491033019,0.0008490585182,1.5,473.0,550.0,975.6162,1.2265668,56.495087,847.93317,-127.683044,1.1151093,-0.11145747,222.83803,166.34294
1.5-473-550,0.1192771084,0.2385542168,0.8902853188558087,-0.0008005354251,1.5,473.0,550.0,498.88446,0.8274646,624.1389,570.899,72.01453,0.89940333,0.07193875,471.8569,-152.28201
1.5-473-550,0.3542168675,0.708433735,0.03282169735804886,2.951293354e-05,1.5,473.0,550.0,580.6665,1.7901088,520.2323,647.7319,67.06537,1.5688457,-0.22126305,426.3478,-93.88449
1.5-473-550,0.2795180723,0.5590361446,0.9811301448069191,0.0008822221606,1.5,473.0,550.0,1112.182,0.5597346,47.29709,935.773,-176.409,1.0167419,0.4570073,149.57237,102.27528
1.5-473-550,0.1409638554,0.2819277108,0.9895407848051817,-0.0008897849218,1.5,473.0,550.0,717.2524,0.39235348,111.18445,703.1132,-14.13916,0.6598039,0.26745045,344.94473,233.76028
1.5-473-550,0.02857142855,0.0571428571,0.960723235489121,-0.0008638724771,1.5,473.0,550.0,473.00003,0.3752445,649.85333,478.5438,5.543762,0.4963506,0.12110609,579.5176,-70.335754
1.5-473-550,0.4755102041,0.9510204082,0.9215172744995802,-0.0008286188792,1.5,473.0,550.0,658.29395,1.3414215,358.45743,712.8542,54.56024,1.5213822,0.17996073,250.33395,-108.123474
1.5-473-550,0.3373493976,0.6746987952,0.9945113832197316,-0.0008942544329,1.5,473.0,550.0,1129.9359,0.20462859,46.349396,952.2272,-177.70874,1.0495194,0.84489083,122.030075,75.68068
1.5-473-550,0.3662650603,0.7325301206,0.9071317792997667,-0.0008156835895,1.5,473.0,550.0,830.271,1.9370447,73.98108,819.2337,-11.0372925,1.5761515,-0.36089325,197.76645,123.78537
1.5-473-550,0.3566265061,0.7132530122,0.8902853188558087,0.0008005354251,1.5,473.0,550.0,802.9685,1.956811,79.40637,808.75586,5.7873535,1.6232344,-0.33357656,209.19466,129.78828
1.5-473-550,0.2325301205,0.465060241,0.22784103821928303,0.0002048723241,1.5,473.0,550.0,517.03705,1.3505969,605.0648,606.3932,89.35614,1.2446291,-0.10596776,501.90625,-103.15857
1.5-473-550,0.4102040816,0.8204081632,0.9442484491033019,0.0008490585182,1.5,473.0,550.0,762.19366,1.7654632,90.06586,807.38794,45.194275,1.4500645,-0.3153987,192.47733,102.41147
1.5-473-550,0.0244897959,0.0489795918,0.4163512326852384,0.000374378757,1.5,473.0,550.0,473.00003,1.1700526,649.85333,546.94434,73.944305,0.99339867,-0.17665398,571.51324,-78.34009
1.5-473-550,0.2795180723,0.5590361446,0.9726063657286781,0.0008745576659,1.5,473.0,550.0,1067.3395,0.80042076,49.864746,921.8673,-145.47217,1.0643066,0.26388586,159.43004,109.56529
1.5-473-550,0.1530120482,0.3060240964,0.47796385156444166,0.0004297801918,1.5,473.0,550.0,493.75143,1.0832989,629.33356,543.15265,49.401215,1.1488156,0.06551671,554.346,-74.98755
1.5-473-550,0.1337349397,0.2674698794,0.9671530515086588,-0.0008696541017,1.5,473.0,550.0,574.2323,0.6820608,531.84534,661.33954,87.10724,0.72936416,0.04730338,382.66092,-149.18442
1.5-473-550,0.2951807229,0.5903614458,0.9915009044774012,0.0008915474413,1.5,473.0,550.0,1147.9438,0.27247345,45.460358,959.0895,-188.85437,0.9882696,0.7157962,129.34578,83.88542
1.5-473-550,0.343373494,0.686746988,0.998978267368595,0.0008982710093,1.5,473.0,550.0,1146.0718,0.036540147,45.552643,954.2516,-191.82019,1.0292736,0.9927335,119.25447,73.70183
1.5-473-550,0.2493975904,0.4987951808,0.9215172744995802,-0.0008286188792,1.5,473.0,550.0,877.7539,1.4490536,66.846375,820.6885,-57.06543,1.2145208,-0.23453283,243.60533,176.75896
1.5-473-550,0.03061224488,0.06122448976,0.22784103833049427,-0.0002048723242,1.5,473.0,550.0,473.00003,1.2256786,649.85333,575.71783,102.717804,1.0633829,-0.1622957,539.12994,-110.72339
1.5-473-550,0.1240963855,0.248192771,0.8475322498919685,-0.0007620923041,1.5,473.0,550.0,496.81848,0.8931862,626.22974,555.40717,58.588684,0.98714197,0.093955755,491.10446,-135.12527
1.5-473-550,0.1024096385,0.204819277,0.5396442233296441,-0.0004852425493,1.5,473.0,550.0,473.0111,1.0759377,649.8429,514.8984,41.887268,1.0616913,-0.014246464,579.87665,-69.96625
1.5-473-550,0.1891566265,0.378313253,0.9872047710533666,-0.0008876844022,1.5,473.0,550.0,1038.2048,0.29610723,51.737335,813.9841,-224.22076,0.77926296,0.48315573,253.66895,201.93161
1.5-473-550,0.265060241,0.530120482,0.993141646395439,0.0008930227796,1.5,473.0,550.0,1185.8489,0.1967783,43.683838,945.6544,-240.19446,0.915325,0.7185467,145.80093,102.117096
1.5-473-550,0.126506024,0.253012048,0.8902853187445975,0.000800535425,1.5,473.0,550.0,506.47327,0.85104096,616.4591,583.28156,76.80829,0.9206249,0.06958395,459.97452,-156.48459
1.5-473-550,0.2024096385,0.404819277,0.9442484491033019,-0.0008490585182,1.5,473.0,550.0,939.33655,1.087278,59.877808,780.9286,-158.40796,0.99430776,-0.09297025,282.00403,222.12622
1.5-473-550,0.1445783132,0.2891566264,0.6021818746711394,0.0005414757638,1.5,473.0,550.0,493.64847,1.047135,629.43774,527.44916,33.80069,1.1600597,0.112924695,553.06213,-76.37561
1.5-473-550,0.2879518072,0.5759036144,0.960723235489121,-0.0008638724771,1.5,473.0,550.0,1003.0652,1.0948216,54.247375,907.2398,-95.82538,1.1473467,0.052525163,167.38025,113.13287
1.5-473-550,0.4612244898,0.9224489796,0.9215172744995802,0.0008286188792,1.5,473.0,550.0,660.1455,1.3345722,350.07538,728.65796,68.51245,1.5447493,0.21017706,238.27478,-111.8006
1.5-473-550,0.1457831325,0.291566265,0.6021818746711394,-0.0005414757638,1.5,473.0,550.0,494.31665,1.0490177,628.7616,528.2439,33.927246,1.1632843,0.114266634,552.1401,-76.62152
1.5-473-550,0.4714285714,0.9428571428,0.9337895728803226,-0.000839654004,1.5,473.0,550.0,658.7301,1.2871025,356.69656,721.33954,62.609436,1.4694569,0.18235445,244.8658,-111.830765
1.5-473-550,0.3096385542,0.6192771084,0.29146971579860803,-0.0002620865782,1.5,473.0,550.0,552.3029,1.5891227,564.3568,648.0378,95.73486,1.5056701,-0.08345258,444.16916,-120.18765
1.5-473-550,0.006122448946,0.012244897892,0.960723235489121,-0.0008638724771,1.5,473.0,550.0,473.00003,0.3784818,649.85333,461.35132,-11.648712,0.44534162,0.06685981,610.0303,-39.82306
1.5-473-550,0.3457831326,0.6915662652,0.9999999997775775,-0.0008991897406,1.5,473.0,550.0,1148.4125,-5.322157e-09,45.45926,953.62585,-194.78662,1.0261319,1.0261319,119.05684,73.59758
1.5-473-550,0.02040816324,0.04081632648,0.9726063657286781,-0.0008745576659,1.5,473.0,550.0,473.00003,0.26098418,649.85333,474.82538,1.8253479,0.44282812,0.18184394,586.8766,-62.976746
1.5-473-550,0.1228915662,0.2457831324,0.6021818746711394,0.0005414757638,1.5,473.0,550.0,481.64447,1.0261422,641.5858,514.53204,32.887573,1.1057234,0.07958114,568.3172,-73.268616
1.5-473-550,0.3337349398,0.6674698796,0.6021818746711394,0.0005414757638,1.5,473.0,550.0,620.06616,1.8092041,459.99628,662.42773,42.361572,1.8658259,0.05662179,367.46417,-92.532104
1.5-473-550,0.4734693878,0.9469387756,0.9337895728803226,0.000839654004,1.5,473.0,550.0,658.51654,1.2883792,357.5586,718.96216,60.445618,1.4659027,0.1775235,246.74413,-110.81447
1.5-473-550,0.1831325301,0.3662650602,0.993141646395439,-0.0008930227796,1.5,473.0,550.0,1010.10376,0.15979946,53.723114,809.2478,-200.85596,0.73742175,0.5776223,257.17944,203.45633
1.5-473-550,0.3012048193,0.6024096386,0.9726063657286781,-0.0008745576659,1.5,473.0,550.0,1046.9993,0.86285585,51.16864,929.14954,-117.84973,1.1136559,0.25080007,147.96483,96.79619
1.5-473-550,0.4346938775,0.869387755,0.9965972946963587,-0.0008961300631,1.5,473.0,550.0,675.7944,0.21891451,205.56976,812.5423,136.74792,1.1315458,0.9126313,190.96301,-14.6067505
1.5-473-550,0.0979591837,0.1959183674,0.8206166048374914,0.0007378900322,1.5,473.0,550.0,473.00006,0.87526685,649.85333,511.22705,38.22699,0.94517344,0.06990659,539.7793,-110.074036
1.5-473-550,0.1144578313,0.2289156626,0.9993254186825348,-0.0008985831642,1.5,473.0,550.0,690.22894,0.039915856,142.01741,649.62177,-40.607178,0.560735,0.5208191,391.8088,249.7914
1.5-473-550,0.4387755102,0.8775510204,0.9980223152919674,-0.000897411427,1.5,473.0,550.0,670.8667,0.12248235,248.97523,806.2829,135.4162,1.1210469,0.99856454,195.03764,-53.93759
1.5-473-550,0.4714285714,0.9428571428,0.9531521908128958,-0.0008570646714,1.5,473.0,550.0,658.79535,1.1761906,356.4332,728.5339,69.738525,1.3685144,0.1923238,241.79114,-114.64206
1.5-473-550,0.1084337349,0.2168674698,0.9993254186825348,-0.0008985831642,1.5,473.0,550.0,669.3623,0.03243893,263.12027,635.3893,-33.973022,0.54774445,0.5153055,404.9606,141.84033
1.5-473-550,0.05918367348,0.11836734696,0.9915009044774012,-0.0008915474413,1.5,473.0,550.0,473.00003,0.087474875,649.85333,530.81036,57.810333,0.4687508,0.38127592,512.71045,-137.14288
1.5-473-550,0.09183673473,0.18367346946,0.9996041060258503,0.000898833757,1.5,473.0,550.0,473.00003,0.003255362,649.85333,598.3431,125.34305,0.51071066,0.5074553,440.60443,-209.2489
1.5-473-550,0.2542168675,0.508433735,0.9973789934503665,-0.0008968329586,1.5,473.0,550.0,1214.3629,0.072125725,42.458588,942.1508,-272.2121,0.86739326,0.7952675,150.2207,107.762115
1.5-473-550,0.0102040816,0.0204081632,0.9965972946963587,-0.0008961300631,1.5,473.0,550.0,473.00003,0.030667001,649.85333,473.48892,0.4888916,0.34307754,0.31241053,592.6226,-57.230713
1.5-473-550,0.03673469387,0.07346938774,0.9895407848051817,0.0008897849218,1.5,473.0,550.0,473.00003,0.10230648,649.85333,498.11685,25.116821,0.42541948,0.323113,553.99927,-95.854065
1.5-473-550,0.2361445783,0.4722891566,0.22784103821928303,0.0002048723241,1.5,473.0,550.0,517.89136,1.3596932,604.11487,608.1374,90.24603,1.2526274,-0.1070658,499.82687,-104.287994
1.5-473-550,0.1710843373,0.3421686746,0.03282169734692774,-2.951293353e-05,1.5,473.0,550.0,495.57034,1.1442196,627.4928,581.97876,86.40842,1.2030693,0.058849692,520.01807,-107.47473
1.5-473-550,0.1807228915,0.361445783,0.6021818746711394,0.0005414757638,1.5,473.0,550.0,513.34436,1.1354984,609.1711,553.93024,40.585876,1.2664388,0.13094044,522.3251,-86.84601
1.5-473-550,0.2301204819,0.4602409638,0.6600967573005477,0.0005935522321,1.5,473.0,550.0,546.06274,1.3610334,572.11896,606.5101,60.447327,1.4641614,0.10312796,452.42813,-119.69083
1.5-473-550,0.006122448946,0.012244897892,0.7525573838264147,-0.0006766918789,1.5,473.0,550.0,473.00003,1.0192251,649.85333,465.24268,-7.7573547,0.8025372,-0.21668792,629.2361,-20.617249
1.5-473-550,0.1036144578,0.2072289156,0.4163512326852384,0.000374378757,1.5,473.0,550.0,473.0108,1.1147189,649.8432,539.88,66.8692,1.0619806,-0.05273831,568.3546,-81.48859
1.5-473-550,0.1506024096,0.3012048192,0.7892004020960466,0.000709640905,1.5,473.0,550.0,511.21863,0.9959264,611.4823,566.11005,54.89142,1.1373192,0.14139283,487.05832,-124.42398
1.5-473-550,0.1180722891,0.2361445782,0.4163512323516047,-0.0003743787567,1.5,473.0,550.0,476.1138,1.0794457,646.916,542.17706,66.06326,1.0792935,-0.00015223026,564.89856,-82.017456
1.5-473-550,0.1819277108,0.3638554216,0.03282169734692774,-2.951293353e-05,1.5,473.0,550.0,499.75137,1.1738822,623.26166,584.0631,84.31174,1.2107391,0.03685689,517.7743,-105.487366
1.5-473-550,0.1373493975,0.274698795,0.9985491866279087,-0.0008978851843,1.5,473.0,550.0,775.0154,0.056694563,86.042145,704.9642,-70.05121,0.61324424,0.55654967,342.86804,256.8259
1.5-473-550,0.1518072289,0.3036144578,0.9531521909241071,0.0008570646715,1.5,473.0,550.0,588.7529,0.809496,509.59933,687.1217,98.368774,0.8245629,0.015066922,361.1445,-148.45483
1.5-473-550,0.09387755105,0.1877551021,0.9442484491033019,-0.0008490585182,1.5,473.0,550.0,473.00003,0.5224957,649.85333,560.41077,87.410736,0.700652,0.17815632,479.06424,-170.7891
1.5-473-550,0.3493975904,0.6987951808,0.9337895728803226,-0.000839654004,1.5,473.0,550.0,884.89154,1.6707045,65.75635,860.06976,-24.821777,1.4231892,-0.24751532,176.97462,111.21828
1.5-473-550,0.4918367347,0.9836734694,0.9726063657286781,-0.0008745576659,1.5,473.0,550.0,657.5296,0.98394346,361.54297,709.0359,51.506287,1.221467,0.23752356,261.98004,-99.56293
1.5-473-550,0.1867469879,0.3734939758,0.4163512323516047,-0.0003743787567,1.5,473.0,550.0,507.266,1.1789857,615.6568,567.6475,60.38153,1.2014858,0.022500038,533.3586,-82.29822
1.5-473-550,0.3686746989,0.7373493978,0.8705746216627653,0.0007828117684,1.5,473.0,550.0,775.1302,2.080232,86.41116,784.63293,9.502747,1.7163095,-0.36392236,221.30496,134.8938
1.5-473-550,0.2614457831,0.5228915662,0.8206166047262803,-0.0007378900321,1.5,473.0,550.0,650.67645,1.5885061,384.70413,722.93445,72.257996,1.5094379,-0.079068184,322.3297,-62.37442
1.5-473-550,0.03673469387,0.07346938774,0.9915009044774012,-0.0008915474413,1.5,473.0,550.0,473.00003,0.08294665,649.85333,499.00308,26.003052,0.41877908,0.33583242,553.0159,-96.8374
1.5-473-550,0.2120481927,0.4240963854,0.8902853188558087,0.0008005354251,1.5,473.0,550.0,710.93274,1.3832651,175.12102,732.88495,21.95221,1.1921498,-0.19111538,323.51926,148.39824
1.5-473-550,0.1385542168,0.2771084336,0.9215172744995802,-0.0008286188792,1.5,473.0,550.0,531.81006,0.84047747,588.6372,628.95886,97.1488,0.88321567,0.0427382,414.97095,-173.66626
1.5-473-550,0.1277108433,0.2554216866,0.22784103833049427,-0.0002048723242,1.5,473.0,550.0,478.31326,1.0968342,644.8412,572.2518,93.93851,1.1044009,0.0075666904,540.4087,-104.432495
1.5-473-550,0.1397590361,0.2795180722,0.9956514833048237,-0.0008952795992,1.5,473.0,550.0,762.6918,0.16839749,89.78677,707.4674,-55.224365,0.63108516,0.46268767,340.87454,251.08777
1.5-473-550,0.1024096385,0.204819277,0.8475322498919685,-0.0007620923041,1.5,473.0,550.0,474.0102,0.82768875,648.9004,525.11176,51.101562,0.92316633,0.09547758,521.998,-126.902405
1.5-473-550,0.4326530612,0.8653061224,0.993141646395439,0.0008930227796,1.5,473.0,550.0,679.1846,0.44360343,179.0575,813.325,134.14044,1.1554482,0.7118448,190.08098,11.023483
1.5-473-550,0.243373494,0.486746988,0.9726063657286781,0.0008745576659,1.5,473.0,550.0,1120.3721,0.7073675,46.86081,887.8341,-232.53796,0.9782635,0.27089602,192.40585,145.54504
1.5-473-550,0.3710843374,0.7421686748,0.998978267368595,0.0008982710093,1.5,473.0,550.0,1120.8092,0.042210873,46.83609,922.5425,-198.26672,1.0709747,1.0287639,132.17804,85.34195
1.5-473-550,0.4591836735,0.918367347,0.993141646395439,-0.0008930227796,1.5,473.0,550.0,660.98627,0.37430298,342.19977,766.8547,105.86841,1.1431749,0.7688719,220.41766,-121.782104
1.5-473-550,0.2987951807,0.5975903614,0.9872047710533666,0.0008876844022,1.5,473.0,550.0,1123.9467,0.41385007,46.668457,952.48895,-171.4577,1.0222878,0.6084378,132.82463,86.15617
1.5-473-550,0.3626506025,0.725301205,0.9973789933391554,0.0008968329585,1.5,473.0,550.0,1120.2574,0.10882931,46.86557,931.3354,-188.92206,1.0705284,0.96169907,128.62251,81.75694
1.5-473-550,0.178313253,0.356626506,0.9671530515086588,0.0008696541017,1.5,473.0,550.0,789.78937,0.7116774,82.60918,762.36725,-27.42212,0.8411278,0.12945044,296.76004,214.15086
1.5-473-550,0.3072289157,0.6144578314,0.9945113832197316,0.0008942544329,1.5,473.0,550.0,1153.372,0.18187207,45.19278,964.834,-188.53796,0.9933209,0.8114488,122.25801,77.06523
1.5-473-550,0.2987951807,0.5975903614,0.9996041060258503,-0.000898833757,1.5,473.0,550.0,1181.9932,0.010420734,43.86017,973.4217,-208.57147,0.94372904,0.9333083,118.782486,74.92232
1.5-473-550,0.3506024097,0.7012048194,0.9531521908128958,-0.0008570646714,1.5,473.0,550.0,934.3525,1.4468169,60.220795,883.31305,-51.03943,1.3256835,-0.12113345,161.37546,101.15466
1.5-473-550,0.3903614458,0.7807228916,0.03282169735804886,2.951293354e-05,1.5,473.0,550.0,614.2716,2.058153,470.39667,664.77435,50.502747,1.7004807,-0.3576722,396.5629,-73.83377
1.5-473-550,0.2831325301,0.5662650602,0.9985491866279087,-0.0008978851843,1.5,473.0,550.0,1190.616,0.042614337,43.467834,967.18695,-223.42902,0.91953087,0.8769165,126.80658,83.338745
1.5-473-550,0.07346938777,0.14693877554,0.9945113832197316,-0.0008942544329,1.5,473.0,550.0,473.00003,0.056189295,649.85333,557.47766,84.47763,0.48973197,0.43354267,482.77512,-167.07822
1.5-473-550,0.2602409639,0.5204819278,0.09831793590232207,-8.84064793e-05,1.5,473.0,550.0,521.62714,1.4196243,599.96063,614.3942,92.76709,1.3006493,-0.11897504,487.41714,-112.54349
1.5-473-550,0.02857142855,0.0571428571,0.8902853188558087,-0.0008005354251,1.5,473.0,550.0,473.00003,0.7068561,649.85333,463.76297,-9.237061,0.6625257,-0.04433036,601.02136,-48.83197
1.5-473-550,0.4653061225,0.930612245,0.9996041061370615,-0.0008988337571,1.5,473.0,550.0,659.80566,0.017327363,352.3546,760.36163,100.55597,1.0943527,1.0770254,226.47116,-125.88345
1.5-473-550,0.3048192771,0.6096385542,0.7525573838264147,0.0006766918789,1.5,473.0,550.0,641.79877,1.743679,413.4994,700.94116,59.142395,1.7498865,0.006207466,325.9229,-87.57648
1.5-473-550,0.148192771,0.296385542,0.4163512326852384,0.000374378757,1.5,473.0,550.0,489.92697,1.0844569,633.2039,550.59674,60.66977,1.1239426,0.039485693,554.09644,-79.10748
1.5-473-550,0.4040816326,0.8081632652,0.9671530515086588,-0.0008696541017,1.5,473.0,550.0,834.38544,1.5073197,73.329895,836.85596,2.47052,1.3150765,-0.19224322,176.26915,102.939255
1.5-473-550,0.1180722891,0.2361445782,0.9996041061370615,-0.0008988337571,1.5,473.0,550.0,706.34973,0.019952888,120.136444,658.6036,-47.746155,0.5673487,0.5473958,383.63254,263.4961
1.5-473-550,0.1710843373,0.3421686746,0.22784103821928303,0.0002048723241,1.5,473.0,550.0,496.87717,1.1395174,626.17035,581.9487,85.07156,1.1432266,0.003709197,529.768,-96.40234
1.5-473-550,0.1120481927,0.2240963854,0.7098470004029654,0.0006382871403,1.5,473.0,550.0,478.2151,0.9730531,644.9338,506.4846,28.2695,1.0639478,0.0908947,559.88135,-85.05243
1.5-473-550,0.4816326531,0.9632653062,0.8902853188558087,-0.0008005354251,1.5,473.0,550.0,657.813,1.4430709,360.39902,699.43787,41.624878,1.6444184,0.20134747,259.22647,-101.17255
1.5-473-550,0.1807228915,0.361445783,0.4163512326852384,0.000374378757,1.5,473.0,550.0,504.71628,1.1553594,618.2372,564.5897,59.873444,1.1877291,0.032369733,537.07733,-81.15985
1.5-473-550,0.1060240963,0.2120481926,0.8902853187445975,0.000800535425,1.5,473.0,550.0,481.9226,0.77312034,641.2996,549.24005,67.317444,0.86138433,0.08826399,493.31274,-147.98688
1.5-473-550,0.2843373494,0.5686746988,0.9945113832197316,0.0008942544329,1.5,473.0,550.0,1171.402,0.16880774,44.344543,960.75397,-210.64801,0.9472856,0.77847785,130.9549,86.61035
1.5-473-550,0.1289156626,0.2578313252,0.9965972946963587,0.0008961300631,1.5,473.0,550.0,723.89703,0.1625033,106.84465,681.75,-42.147034,0.60343635,0.44093305,363.11163,256.26697
1.5-473-550,0.4673469388,0.9346938776,0.9956514833048237,0.0008952795992,1.5,473.0,550.0,659.48315,0.23474526,353.65643,754.6879,95.20477,1.1185561,0.8838109,229.79085,-123.865585
1.5-473-550,0.3192771085,0.638554217,0.9872047710533666,0.0008876844022,1.5,473.0,550.0,1109.2653,0.44311318,47.45294,950.37274,-158.89252,1.063724,0.62061083,128.29897,80.84602
1.5-473-550,0.3843373495,0.768674699,0.9772248215579286,0.000878710534,1.5,473.0,550.0,996.72705,1.0508233,54.740417,876.34906,-120.37799,1.2339715,0.18314815,156.47723,101.73682
1.5-473-550,0.3795180723,0.7590361446,0.9071317792997667,0.0008156835895,1.5,473.0,550.0,829.1601,2.023601,74.156784,808.70886,-20.451233,1.5982777,-0.42532337,199.79773,125.640945
1.5-473-550,0.006122448946,0.012244897892,0.9956514833048237,-0.0008952795992,1.5,473.0,550.0,473.00003,0.04086828,649.85333,469.86572,-3.1343079,0.33736503,0.29649675,598.8354,-51.017944
1.5-473-550,0.2698795181,0.5397590362,0.9980223152919674,-0.000897411427,1.5,473.0,550.0,1201.9822,0.056203302,42.98474,958.0774,-243.90479,0.8959095,0.8397062,136.01076,93.02602
1.5-473-550,0.2927710844,0.5855421688,0.4163512323516047,-0.0003743787567,1.5,473.0,550.0,554.0081,1.547881,562.09155,633.01794,79.00983,1.5416768,-0.0062042475,447.5284,-114.56314
1.5-473-550,0.3228915663,0.6457831326,0.9965972946963587,0.0008961300631,1.5,473.0,550.0,1151.8682,0.1184768,45.266907,964.1432,-187.72498,1.0094614,0.8909846,118.425415,73.15851
1.5-473-550,0.2168674698,0.4337349396,0.9337895728803226,-0.000839654004,1.5,473.0,550.0,965.77527,1.2687559,57.431946,792.27704,-173.49823,1.0739369,-0.19481897,271.9034,214.47147
1.5-473-550,0.3939759037,0.7879518074,0.8705746216627653,-0.0007828117684,1.5,473.0,550.0,779.0426,2.3013244,85.1597,768.0705,-10.972107,1.7572144,-0.54410994,222.84625,137.68655
1.5-473-550,0.4346938775,0.869387755,0.9998257452316341,-0.0008990330527,1.5,473.0,550.0,675.8008,0.0062886425,205.51329,815.26196,139.46118,1.1090605,1.1027719,189.70366,-15.809631
1.5-473-550,0.2987951807,0.5975903614,0.9993254186825348,0.0008985831642,1.5,473.0,550.0,1180.7651,0.019553537,43.91632,972.9428,-207.82233,0.945551,0.92599744,119.101746,75.185425
1.5-473-550,0.4387755102,0.8775510204,0.7098470004029654,0.0006382871403,1.5,473.0,550.0,662.4831,1.8401906,327.97833,694.1014,31.618286,2.1207016,0.2805109,279.41235,-48.56598
1.5-473-550,0.3228915663,0.6457831326,0.5396442233296441,0.0004852425493,1.5,473.0,550.0,601.48816,1.7293179,490.70947,650.9382,49.450012,1.7789558,0.049637914,395.61227,-95.0972
1.5-473-550,0.4530612245,0.906122449,0.9071317792997667,0.0008156835895,1.5,473.0,550.0,661.9152,1.3904533,333.3736,732.03436,70.11914,1.6203356,0.22988224,235.32857,-98.04503
1.5-473-550,0.2253012048,0.4506024096,0.998978267368595,-0.0008982710093,1.5,473.0,550.0,1290.0941,0.02359503,39.923004,903.88586,-386.20825,0.79766816,0.7740731,181.89378,141.97078
1.5-473-550,0.1253012048,0.2506024096,0.9996041060258503,0.000898833757,1.5,473.0,550.0,734.6217,0.016891116,100.99831,676.2546,-58.367126,0.5828544,0.56596327,367.84076,266.84247
1.5-473-550,0.1819277108,0.3638554216,0.8206166047262803,0.0007378900321,1.5,473.0,550.0,545.87036,1.0900446,572.4501,627.0812,81.210815,1.2142489,0.12420428,424.7712,-147.67886
1.5-473-550,0.3590361446,0.7180722892,0.8475322498919685,0.0007620923041,1.5,473.0,550.0,734.1372,2.060377,103.02681,770.4679,36.33069,1.7638553,-0.29652154,236.69356,133.66675
1.5-473-550,0.3,0.6,0.993141646395439,-0.0008930227796,1.5,473.0,550.0,1151.4105,0.22355205,45.28946,962.53424,-188.87628,0.98773533,0.7641833,125.74068,80.45122
1.5-473-550,0.2445783133,0.4891566266,0.9726063657286781,0.0008745576659,1.5,473.0,550.0,1117.1836,0.71226645,47.033173,889.3882,-227.79541,0.981182,0.26891553,191.036,144.00282
1.5-473-550,0.3240963856,0.6481927712,0.9965972946963587,0.0008961300631,1.5,473.0,550.0,1150.9651,0.119035,45.31143,963.59375,-187.37134,1.0116824,0.8926474,118.449524,73.13809
1.5-473-550,0.3265060241,0.6530120482,0.16340484119544796,0.0001469319568,1.5,473.0,550.0,556.591,1.6435721,558.68445,652.7612,96.17023,1.5019047,-0.14166737,438.60178,-120.08267
1.5-473-550,0.0897959184,0.1795918368,0.9726063657286781,-0.0008745576659,1.5,473.0,550.0,473.00003,0.28729498,649.85333,572.47034,99.47031,0.6038316,0.3165366,466.35638,-183.49695
1.5-473-550,0.148192771,0.296385542,0.9985491866279087,0.0008978851843,1.5,473.0,550.0,822.47125,0.0468325,75.300934,732.14343,-90.32782,0.63647306,0.58964056,319.82184,244.5209
1.5-473-550,0.1903614458,0.3807228916,0.22784103821928303,0.0002048723241,1.5,473.0,550.0,504.38113,1.2041525,618.5763,588.41254,84.0314,1.168434,-0.03571844,522.5924,-95.98389
1.5-473-550,0.0244897959,0.0489795918,0.3542741439827602,-0.0003185596757,1.5,473.0,550.0,473.00003,1.1860523,649.85333,559.9631,86.96304,1.013409,-0.1726433,559.34235,-90.51099
1.5-473-550,0.1216867469,0.2433734938,0.7525573838264147,0.0006766918789,1.5,473.0,550.0,486.82483,0.95861876,636.3433,520.76263,33.937805,1.0714989,0.11288011,537.94806,-98.39526
1.5-473-550,0.3566265061,0.7132530122,0.03282169735804886,2.951293354e-05,1.5,473.0,550.0,583.2313,1.8059342,516.7785,648.861,65.6297,1.5773005,-0.22863364,424.4158,-92.3627
1.5-473-550,0.06734693879,0.13469387758,0.9965972946963587,0.0008961300631,1.5,473.0,550.0,473.00003,0.034470197,649.85333,547.8427,74.84268,0.46854594,0.43407574,493.52927,-156.32407
1.5-473-550,0.2710843374,0.5421686748,0.9956514833048237,0.0008952795992,1.5,473.0,550.0,1190.0907,0.12688172,43.49115,954.86865,-235.22205,0.9128942,0.7860125,138.03453,94.54338
1.5-473-550,0.3602409639,0.7204819278,0.9956514833048237,-0.0008952795992,1.5,473.0,550.0,1113.8898,0.18088919,47.20581,931.7805,-182.10925,1.0790031,0.8981139,128.85663,81.65082
1.5-473-550,0.3240963856,0.6481927712,0.16340484119544796,0.0001469319568,1.5,473.0,550.0,554.3646,1.6321228,561.6589,651.493,97.12836,1.4932394,-0.13888335,440.54446,-121.11441
1.5-473-550,0.1518072289,0.3036144578,0.9442484491033019,-0.0008490585182,1.5,473.0,550.0,574.2189,0.83605194,531.7436,677.72546,103.50659,0.85405844,0.018006504,369.9525,-161.79108
1.5-473-550,0.0244897959,0.0489795918,0.5396442233296441,-0.0004852425493,1.5,473.0,550.0,473.00003,1.118254,649.85333,514.9362,41.936188,0.9540554,-0.16419852,595.88,-53.973328
1.5-473-550,0.4959183674,0.9918367348,0.8705746216627653,0.0007828117684,1.5,473.0,550.0,657.3776,1.4939793,362.15646,685.5107,28.133057,1.6849405,0.19096112,271.57336,-90.5831
1.5-473-550,0.2108433734,0.4216867468,0.9965972946963587,0.0008961300631,1.5,473.0,550.0,1281.374,0.08328246,39.924927,873.551,-407.823,0.780016,0.69673353,205.94832,166.02339
1.5-473-550,0.3674698796,0.7349397592,0.9973789934503665,-0.0008968329586,1.5,473.0,550.0,1116.2433,0.111675076,47.080048,925.1988,-191.0445,1.0773551,0.96568006,131.27525,84.195206
1.5-473-550,0.5,1.0,0.996599272588142,0.0008961318416,1.5,473.0,550.0,657.3787,0.20855528,362.1521,705.9443,48.56555,1.0610231,0.85246783,271.06366,-91.08844
1.5-473-550,0.1843373494,0.3686746988,0.7525573838264147,-0.0006766918789,1.5,473.0,550.0,532.11395,1.1229721,588.2993,592.8868,60.772827,1.2791029,0.15613079,463.45755,-124.84177
1.5-473-550,0.09183673473,0.18367346946,0.9531521908128958,-0.0008570646714,1.5,473.0,550.0,473.00003,0.4625442,649.85333,562.60596,89.60593,0.66986525,0.20732105,476.61664,-173.2367
1.5-473-550,0.1325301204,0.2650602408,0.5396442233296441,0.0004852425493,1.5,473.0,550.0,485.08923,1.0484359,638.09973,525.685,40.595764,1.1200396,0.071603656,565.642,-72.4577
1.5-473-550,0.2951807229,0.5903614458,0.9895407848051817,0.0008897849218,1.5,473.0,550.0,1138.5873,0.33487898,45.92163,955.7941,-182.79315,1.0004232,0.6655442,131.57896,85.65733
1.5-473-550,0.4755102041,0.9510204082,0.7892004020960466,0.000709640905,1.5,473.0,550.0,657.8752,1.6222585,360.148,690.60956,32.734375,1.9706082,0.3483497,268.7524,-91.3956
1.5-473-550,0.4530612245,0.906122449,0.9337895728803226,0.000839654004,1.5,473.0,550.0,662.164,1.2906023,331.00977,743.7073,81.543274,1.4945929,0.20399058,228.70891,-102.30086
1.5-473-550,0.4408163265,0.881632653,0.3542741439827602,-0.0003185596757,1.5,473.0,550.0,647.1978,2.041796,399.67953,712.1591,64.9613,2.0743277,0.03253174,326.24493,-73.4346
1.5-473-550,0.1385542168,0.2771084336,0.6600967573005477,0.0005935522321,1.5,473.0,550.0,492.80017,1.022327,630.29626,524.08777,31.287598,1.1471566,0.12482965,547.78674,-82.50952
1.5-473-550,0.09795918371,0.19591836742,0.16340484119544796,0.0001469319568,1.5,473.0,550.0,473.00003,1.1810174,649.85333,574.43634,101.43631,1.1115869,-0.06943047,535.9992,-113.854126
1.5-473-550,0.4489795918,0.8979591836,0.22784103821928303,0.0002048723241,1.5,473.0,550.0,647.0327,2.030194,400.13553,715.8142,68.781494,2.0161388,-0.014055252,329.09952,-71.03601
1.5-473-550,0.1674698795,0.334939759,0.6021818746711394,0.0005414757638,1.5,473.0,550.0,506.24283,1.094035,616.69226,543.67346,37.430634,1.2251203,0.13108528,534.2957,-82.396545
1.5-473-550,0.4959183674,0.9918367348,0.8902853188558087,-0.0008005354251,1.5,473.0,550.0,657.3899,1.4466499,362.10706,687.612,30.222107,1.609633,0.16298306,270.46466,-91.642395
1.5-473-550,0.3493975904,0.6987951808,0.6600967573005477,-0.0005935522321,1.5,473.0,550.0,637.8024,1.9165825,423.83182,679.3794,41.576965,1.9423698,0.025787354,334.19693,-89.63489
1.5-473-550,0.1216867469,0.2433734938,0.960723235489121,-0.0008638724771,1.5,473.0,550.0,537.3101,0.65355766,582.5062,628.4022,91.0921,0.7213111,0.067753434,412.7087,-169.79752
1.5-473-550,0.07142857145,0.1428571429,0.4163512326852384,0.000374378757,1.5,473.0,550.0,473.00003,1.1333983,649.85333,538.9331,65.933075,1.0304977,-0.102900624,572.33545,-77.51788
1.5-473-550,0.3566265061,0.7132530122,0.9956514833048237,0.0008952795992,1.5,473.0,550.0,1117.613,0.17748904,47.006866,935.9375,-181.67554,1.0735315,0.89604247,127.17854,80.17168
1.5-473-550,0.1759036144,0.3518072288,0.9844268823757469,0.0008851865532,1.5,473.0,550.0,898.8042,0.36417454,64.03699,780.2282,-118.57599,0.7616566,0.39748204,281.10373,217.06674
1.5-473-550,0.1445783132,0.2891566264,0.9872047710533666,0.0008876844022,1.5,473.0,550.0,713.9532,0.45034835,113.60857,709.1326,-4.8205566,0.6777558,0.22740743,339.94354,226.33498
1.5-473-550,0.256626506,0.513253012,0.9895407848051817,-0.0008897849218,1.5,473.0,550.0,1177.2333,0.2927888,44.07785,931.3362,-245.8971,0.9181127,0.6253239,157.72469,113.646835
1.5-473-550,0.1759036144,0.3518072288,0.6021818746711394,-0.0005414757638,1.5,473.0,550.0,510.78516,1.1189253,611.9584,550.1445,39.359314,1.251108,0.13218272,526.76355,-85.194824
1.5-473-550,0.1746987951,0.3493975902,0.9442484491033019,0.0008490585182,1.5,473.0,550.0,638.4672,0.93349373,420.5803,726.2996,87.8324,0.91705436,-0.016439378,328.31705,-92.263245
1.5-473-550,0.2421686747,0.4843373494,0.9844268823757469,-0.0008851865532,1.5,473.0,550.0,1182.6925,0.40674222,43.828186,905.359,-277.3335,0.9141627,0.5074205,179.26,135.43181
1.5-473-550,0.221686747,0.443373494,0.9772248215579286,-0.000878710534,1.5,473.0,550.0,1203.3848,0.5370281,42.926483,862.4978,-340.88696,0.9031853,0.36615723,214.40422,171.47774
1.5-473-550,0.3253012049,0.6506024098,0.9726063657286781,0.0008745576659,1.5,473.0,550.0,1029.8802,0.9289792,52.312347,925.53864,-104.34161,1.1651189,0.23613971,142.59717,90.28482
1.5-473-550,0.169879518,0.339759036,0.9844268823757469,0.0008851865532,1.5,473.0,550.0,853.89465,0.38061017,70.007385,766.2587,-87.635925,0.747725,0.36711484,292.50662,222.49924
1.5-473-550,0.2891566265,0.578313253,0.9442484491033019,-0.0008490585182,1.5,473.0,550.0,938.381,1.3515059,59.828217,883.09534,-55.285645,1.2313678,-0.12013805,184.2832,124.45499
1.5-473-550,0.330120482,0.660240964,0.8705746216627653,0.0007828117684,1.5,473.0,550.0,764.407,1.882633,90.11429,797.7042,33.29724,1.6241995,-0.25843346,229.84856,139.73427
1.5-473-550,0.3048192771,0.6096385542,0.7892004020960466,-0.000709640905,1.5,473.0,550.0,653.156,1.7635036,377.41425,724.5034,71.34741,1.713372,-0.05013156,303.30002,-74.11423
1.5-473-550,0.3903614458,0.7807228916,0.9965972946963587,0.0008961300631,1.5,473.0,550.0,1088.7378,0.17332733,48.60269,890.4869,-198.25092,1.1102782,0.9369509,147.75372,99.15103
1.5-473-550,0.3180722892,0.6361445784,0.9965972946963587,0.0008961300631,1.5,473.0,550.0,1155.5361,0.1164624,45.08606,966.0199,-189.51624,1.0004808,0.88401836,118.52989,73.44383
1.5-473-550,0.1036144578,0.2072289156,0.9985491866279087,0.0008978851843,1.5,473.0,550.0,639.9234,0.039949413,418.38516,623.5043,-16.419128,0.54045415,0.50050473,416.15677,-2.2283936
1.5-473-550,0.3783132531,0.7566265062,0.6600967573005477,-0.0005935522321,1.5,473.0,550.0,648.8865,2.1009521,393.52997,686.12067,37.23419,2.0365527,-0.06439948,315.03592,-78.49405
1.5-473-550,0.2204819277,0.4409638554,0.03282169734692774,-2.951293353e-05,1.5,473.0,550.0,512.17413,1.3238612,610.4724,593.75964,81.58551,1.2486897,-0.07517159,506.57025,-103.90216
1.5-473-550,0.2481927711,0.4963855422,0.09831793590232207,-8.84064793e-05,1.5,473.0,550.0,518.971,1.3902199,602.9143,609.368,90.39697,1.276161,-0.11405897,493.84125,-109.07306
1.5-473-550,0.1493975903,0.2987951806,0.9671530515086588,0.0008696541017,1.5,473.0,550.0,616.6516,0.7416911,466.02573,697.1549,80.503296,0.76840603,0.026714921,351.50287,-114.52286
1.5-473-550,0.3927710844,0.7855421688,0.7892004020960466,-0.000709640905,1.5,473.0,550.0,690.5159,2.3247223,153.60635,723.7306,33.21466,1.961086,-0.36363626,260.49326,106.8869
1.5-473-550,0.1204819277,0.2409638554,0.9998257452316341,-0.0008990330527,1.5,473.0,550.0,717.518,0.00578397,110.97418,664.69183,-52.82617,0.5715871,0.5658031,378.14087,267.1667
1.5-473-550,0.04693877551,0.09387755102,0.6600967573005477,-0.0005935522321,1.5,473.0,550.0,473.00003,1.0186638,649.85333,482.84622,9.846191,0.9400577,-0.07860607,605.86597,-43.987366
1.5-473-550,0.3277108434,0.6554216868,0.9811301446957078,-0.0008822221605,1.5,473.0,550.0,1071.816,0.66443187,49.586426,937.4258,-134.39026,1.1183012,0.45386928,134.13536,84.548935
1.5-473-550,0.04897959184,0.09795918368,0.9915009044774012,0.0008915474413,1.5,473.0,550.0,473.00003,0.08586978,649.85333,515.3171,42.317047,0.4459959,0.3601261,531.57904,-118.27429
1.5-473-550,0.3746987952,0.7493975904,0.9996041061370615,-0.0008988337571,1.5,473.0,550.0,1120.491,0.014526362,46.85309,918.30194,-202.18903,1.0712107,1.0566844,134.03317,87.180084
1.5-473-550,0.1819277108,0.3638554216,0.9956514833048237,-0.0008952795992,1.5,473.0,550.0,1009.04425,0.1031621,53.81024,810.1843,-198.85992,0.72261935,0.61945724,256.29456,202.48431
1.5-473-550,0.07755102043,0.15510204086,0.9965972946963587,0.0008961300631,1.5,473.0,550.0,473.00003,0.034410294,649.85333,566.7241,93.72409,0.491015,0.4566047,472.9493,-176.90402
1.5-473-550,0.2240963855,0.448192771,0.9844268823757469,0.0008851865532,1.5,473.0,550.0,1233.3125,0.3732459,41.691376,877.9425,-355.37,0.8728574,0.4996115,202.09663,160.40526
1.5-473-550,0.4530612245,0.906122449,0.9993254186825348,-0.0008985831642,1.5,473.0,550.0,662.6958,0.033430334,325.9572,781.4874,118.791626,1.1061311,1.0727007,211.45924,-114.49797
1.5-473-550,0.1590361445,0.318072289,0.9915009044774012,-0.0008915474413,1.5,473.0,550.0,832.7505,0.23965687,73.37439,749.7916,-82.95886,0.6917632,0.45210636,305.58478,232.21039
1.5-473-550,0.4755102041,0.9510204082,0.9671530515086588,-0.0008696541017,1.5,473.0,550.0,658.4152,1.0522327,357.96774,728.70233,70.28711,1.2833658,0.2311331,244.00728,-113.960464
1.5-473-550,0.2939759036,0.5879518072,0.9531521908128958,-0.0008570646714,1.5,473.0,550.0,967.7121,1.2448225,57.12903,897.85565,-69.856445,1.2004877,-0.04433477,172.08943,114.9604
1.5-473-550,0.07346938777,0.14693877554,0.09831793589120096,8.840647929e-05,1.5,473.0,550.0,473.00003,1.1870077,649.85333,576.5094,103.50937,1.1340322,-0.052975416,529.3349,-120.51843
1.5-473-550,0.2602409639,0.5204819278,0.6021818746711394,-0.0005414757638,1.5,473.0,550.0,560.76166,1.4697275,553.3425,617.6939,56.93225,1.562203,0.09247553,440.42813,-112.9144
1.5-473-550,0.2614457831,0.5228915662,0.9985491866279087,0.0008978851843,1.5,473.0,550.0,1213.0719,0.03949016,42.51346,951.69885,-261.37305,0.8753676,0.8358774,142.12845,99.61499
1.5-473-550,0.3698795181,0.7397590362,0.7525573838264147,-0.0006766918789,1.5,473.0,550.0,661.94855,2.0882263,325.05435,712.2946,50.34607,1.9629053,-0.12532103,283.35843,-41.695923
1.5-473-550,0.1240963855,0.248192771,0.9993254186825348,0.0008985831642,1.5,473.0,550.0,727.44104,0.032590624,104.7572,672.97986,-54.46118,0.5814582,0.5488676,370.7548,265.9976
1.5-473-550,0.1626506024,0.3253012048,0.9999999997775775,-0.0008991897406,1.5,473.0,550.0,912.02893,-5.322157e-09,62.60208,770.1699,-141.85901,0.66049296,0.66049296,288.3123,225.7102
1.5-473-550,0.4653061225,0.930612245,0.9531521909241071,0.0008570646715,1.5,473.0,550.0,659.6192,1.1737504,353.10718,736.626,77.006775,1.3776668,0.20391643,235.64597,-117.46121
1.5-473-550,0.4285714286,0.8571428572,0.9973789933391554,0.0008968329585,1.5,473.0,550.0,687.80444,0.16935104,147.21178,824.3787,136.57428,1.1261857,0.9568346,183.89809,36.68631
1.5-473-550,0.3469879518,0.6939759036,0.7525573838264147,0.0006766918789,1.5,473.0,550.0,655.0204,1.9460468,371.6016,711.9361,56.91571,1.896817,-0.04922986,294.9681,-76.633484
1.5-473-550,0.330120482,0.660240964,0.9671530515086588,-0.0008696541017,1.5,473.0,550.0,1000.9202,1.0873119,54.412994,915.3723,-85.54791,1.2067722,0.119460344,147.63803,93.22504
1.5-473-550,0.2168674699,0.4337349398,0.4163512326852384,0.000374378757,1.5,473.0,550.0,518.17474,1.3111689,603.79974,584.5929,66.41815,1.279682,-0.03148687,512.42975,-91.369995
1.5-473-550,0.07142857145,0.1428571429,0.4163512323516047,-0.0003743787567,1.5,473.0,550.0,473.00003,1.1333983,649.85333,538.9331,65.933075,1.0304977,-0.102900624,572.33545,-77.51788
1.5-473-550,0.3771084338,0.7542168676,0.9996041060258503,-0.000898833757,1.5,473.0,550.0,1118.2551,0.014747733,46.972565,914.7965,-203.45862,1.0742131,1.0594654,135.6751,88.70253
1.5-473-550,0.03469387754,0.06938775508,0.9726063657286781,-0.0008745576659,1.5,473.0,550.0,473.00003,0.2716779,649.85333,488.76834,15.768311,0.4752452,0.2035673,565.3076,-84.545715
1.5-473-550,0.4204081632,0.8408163264,0.9980223152919674,0.000897411427,1.5,473.0,550.0,712.52234,0.13693386,114.85239,839.87964,127.3573,1.1201258,0.9831919,174.90305,60.05066
1.5-473-550,0.3265060241,0.6530120482,0.9999999997775775,-0.0008991897406,1.5,473.0,550.0,1164.3759,-5.322157e-09,44.685883,967.9242,-196.45166,0.99304354,0.99304354,115.06946,70.383575
1.5-473-550,0.169879518,0.339759036,0.9895407848051817,0.0008897849218,1.5,473.0,550.0,888.6424,0.25992936,65.26343,773.22943,-115.412964,0.7248328,0.4649034,286.48642,221.22299
1.5-473-550,0.4632653061,0.9265306122,0.03282169734692774,-2.951293353e-05,1.5,473.0,550.0,651.0758,2.0410864,387.597,698.1851,47.109314,1.9572684,-0.08381808,337.26895,-50.328033
1.5-473-550,0.1674698795,0.334939759,0.9973789933391554,0.0008968329585,1.5,473.0,550.0,917.5199,0.067963414,61.912994,778.33984,-139.18005,0.6831711,0.6152077,281.83292,219.91992
1.5-473-550,0.3024096386,0.6048192772,0.9980223152919674,-0.000897411427,1.5,473.0,550.0,1171.9626,0.063187174,44.31891,970.9227,-201.03992,0.96109927,0.8979121,119.516785,75.197876
1.5-473-550,0.3831325302,0.7662650604,0.8705746216627653,0.0007828117684,1.5,473.0,550.0,778.44714,2.1856318,85.36386,775.764,-2.6831665,1.7419586,-0.44367313,221.5468,136.18294
1.5-473-550,0.3108433735,0.621686747,0.4163512326852384,0.000374378757,1.5,473.0,550.0,569.4185,1.6257641,540.43884,644.4019,74.9834,1.6147993,-0.01096487,430.80762,-109.631226
1.5-473-550,0.3024096386,0.6048192772,0.9993254186825348,0.0008985831642,1.5,473.0,550.0,1177.8042,0.019780213,44.051758,973.1457,-204.65851,0.95256346,0.93278325,118.04443,73.992676
1.5-473-550,0.3192771085,0.638554217,0.9442484491033019,-0.0008490585182,1.5,473.0,550.0,925.5795,1.4425871,61.13748,886.3506,-39.228943,1.3057423,-0.13684487,170.94186,109.80438
1.5-473-550,0.1963855422,0.3927710844,0.9872047710533666,-0.0008876844022,1.5,473.0,550.0,1114.6658,0.30926204,47.164368,829.5179,-285.1479,0.7957033,0.48644125,241.19836,194.034
1.5-473-550,0.3987951807,0.7975903614,0.9442484492145131,0.0008490585183,1.5,473.0,550.0,883.1711,1.9155768,65.94647,822.3106,-60.860474,1.442336,-0.47324085,185.51157,119.565094
1.5-473-550,0.1530120482,0.3060240964,0.03282169734692774,-2.951293353e-05,1.5,473.0,550.0,488.17084,1.1132046,634.98114,579.1448,90.97394,1.1925722,0.07936764,522.931,-112.05011
1.5-473-550,0.1819277108,0.3638554216,0.5396442233296441,0.0004852425493,1.5,473.0,550.0,510.21945,1.1481845,612.57697,554.0722,43.852753,1.2453787,0.097194195,531.4307,-81.14624
1.5-473-550,0.4653061225,0.930612245,0.47796385156444166,-0.0004297801918,1.5,473.0,550.0,656.1957,1.8722563,366.92807,709.14105,52.945374,2.1968215,0.32456517,302.94717,-63.980896
1.5-473-550,0.4265306122,0.8530612244,0.9215172744995802,0.0008286188792,1.5,473.0,550.0,688.4681,1.5961864,145.78313,769.8586,81.3905,1.569142,-0.027044415,212.97466,67.19153
1.5-473-550,0.02653061223,0.05306122446,0.9915009044774012,0.0008915474413,1.5,473.0,550.0,473.00003,0.0805363,649.85333,487.28186,14.28183,0.3961848,0.3156485,569.80444,-80.04889
1.5-473-550,0.2481927711,0.4963855422,0.5396442233296441,0.0004852425493,1.5,473.0,550.0,538.5146,1.4095627,581.0637,601.9497,63.43512,1.4724871,0.062924385,469.90686,-111.15686
1.5-473-550,0.2915662651,0.5831325302,0.9915009044774012,0.0008915474413,1.5,473.0,550.0,1151.2122,0.26864654,45.299225,958.22614,-192.98602,0.9808381,0.7121916,130.88087,85.58165
1.5-473-550,0.1385542168,0.2771084336,0.998978267368595,0.0008982710093,1.5,473.0,550.0,783.3159,0.03809082,83.78079,708.5006,-74.81531,0.61393946,0.57584864,339.81506,256.03427
1.5-473-550,0.4530612245,0.906122449,0.993141646395439,-0.0008930227796,1.5,473.0,550.0,662.6783,0.38172352,326.12347,777.3076,114.62933,1.1479242,0.76620066,213.16614,-112.95734
1.5-473-550,0.1590361445,0.318072289,0.9980223152919674,-0.000897411427,1.5,473.0,550.0,877.90424,0.054647263,66.647125,758.5064,-119.39783,0.6620852,0.6074379,297.98483,231.3377
1.5-473-550,0.3168674699,0.6337349398,0.2914697156873968,0.0002620865781,1.5,473.0,550.0,558.31573,1.6203585,556.4193,652.28937,93.97363,1.53354,-0.08681846,437.98206,-118.437256
1.5-473-550,0.006122448946,0.012244897892,0.9811301446957078,0.0008822221605,1.5,473.0,550.0,473.00003,0.17982566,649.85333,465.9033,-7.0967407,0.3846174,0.20479172,603.8387,-46.01465
1.5-473-550,0.1180722891,0.2361445782,0.2914697156873968,0.0002620865781,1.5,473.0,550.0,475.1384,1.1021699,647.8361,563.6111,88.47269,1.0850227,-0.017147183,549.43805,-98.39807
1.5-473-550,0.2120481927,0.4240963854,0.7525573838264147,0.0006766918789,1.5,473.0,550.0,554.1302,1.293806,561.818,625.3046,71.17444,1.3837312,0.08992529,428.57858,-133.23941
1.5-473-550,0.1168674698,0.2337349396,0.9215172744995802,-0.0008286188792,1.5,473.0,550.0,504.0016,0.759491,618.9604,587.07166,83.07007,0.82215255,0.06266153,453.83926,-165.12112
1.5-473-550,0.2493975904,0.4987951808,0.9956514833048237,-0.0008952795992,1.5,473.0,550.0,1214.6003,0.11955463,42.448486,933.5385,-281.06183,0.8673976,0.74784297,157.2412,114.79271
1.5-473-550,0.1578313253,0.3156626506,0.7098470004029654,-0.0006382871403,1.5,473.0,550.0,508.08737,1.0446439,614.8192,548.7568,40.669403,1.2007581,0.15611422,514.10736,-100.71185
1.5-473-550,0.2024096385,0.404819277,0.9945113832197316,-0.0008942544329,1.5,473.0,550.0,1212.1106,0.13620842,42.55429,853.3322,-358.77838,0.7727219,0.6365135,222.00627,179.45198
1.5-473-550,0.2,0.4,0.8475322498919685,-0.0007620923041,1.5,473.0,550.0,585.9261,1.2148433,514.53174,673.8878,87.96173,1.240138,0.02529478,378.64142,-135.89032
1.5-473-550,0.1542168674,0.3084337348,0.7098470004029654,0.0006382871403,1.5,473.0,550.0,505.71173,1.0357921,617.2298,545.0521,39.340393,1.1889566,0.1531645,518.0361,-99.193726
1.5-473-550,0.1337349397,0.2674698794,0.9956514833048237,-0.0008952795992,1.5,473.0,550.0,736.36536,0.1885587,100.14882,692.5399,-43.82544,0.61795014,0.42939144,353.73468,253.58586
1.5-473-550,0.06938775512,0.13877551024,0.9999999997775775,-0.0008991897406,1.5,473.0,550.0,473.00003,-5.322157e-09,649.85333,553.8766,80.87656,0.4603745,0.4603745,487.056,-162.79733
1.5-473-550,0.1228915662,0.2457831324,0.9973789933391554,0.0008968329585,1.5,473.0,550.0,705.9126,0.14167786,120.56836,667.8836,-38.02899,0.5870667,0.44538885,375.35928,254.79092
1.5-473-550,0.1060240963,0.2120481926,0.16340484097302546,-0.0001469319566,1.5,473.0,550.0,473.01154,1.1533986,649.84247,574.72327,101.71173,1.1144294,-0.03896928,535.7782,-114.06427
1.5-473-550,0.2554216867,0.5108433734,0.9215172744995802,-0.0008286188792,1.5,473.0,550.0,879.89575,1.4612975,66.52014,827.08484,-52.810913,1.2324587,-0.2288388,237.03789,170.51775
1.5-473-550,0.4489795918,0.8979591836,0.7525573838264147,0.0006766918789,1.5,473.0,550.0,661.0541,1.6793755,341.55545,696.4347,35.380615,2.0666685,0.38729298,269.77664,-71.77881
1.5-473-550,0.4387755102,0.8775510204,0.9985491866279087,0.0008978851843,1.5,473.0,550.0,670.8673,0.08828478,248.9698,806.70795,135.84064,1.1173912,1.0291065,194.8455,-54.1243
1.5-473-550,0.01836734691,0.03673469382,0.16340484119544796,0.0001469319568,1.5,473.0,550.0,473.00003,1.1697346,649.85333,581.77924,108.779205,1.086351,-0.08338356,529.58673,-120.2666
1.5-473-550,0.09591836738,0.19183673476,0.7525573838264147,0.0006766918789,1.5,473.0,550.0,473.00003,0.95473295,649.85333,497.1808,24.180756,0.9996164,0.04488343,564.3431,-85.510254
1.5-473-550,0.3385542169,0.6771084338,0.4163512326852384,0.000374378757,1.5,473.0,550.0,592.5798,1.7635227,503.9615,660.963,68.38324,1.7308806,-0.032642126,405.16364,-98.79785
1.5-473-550,0.3361445784,0.6722891568,0.7098470004029654,-0.0006382871403,1.5,473.0,550.0,642.2685,1.8683567,412.5564,691.11865,48.85016,1.8880931,0.01973641,323.0192,-89.5372
1.5-473-550,0.08571428574,0.17142857148,0.9071317792997667,-0.0008156835895,1.5,473.0,550.0,473.00003,0.69050074,649.85333,526.71875,53.71872,0.77095085,0.08045012,516.04614,-133.80719
1.5-473-550,0.191566265,0.38313253,0.16340484119544796,0.0001469319568,1.5,473.0,550.0,504.02475,1.2114674,618.93695,590.81476,86.79001,1.177259,-0.034208417,519.016,-99.92096
1.5-473-550,0.3566265061,0.7132530122,0.09831793590232207,-8.84064793e-05,1.5,473.0,550.0,584.4784,1.8092672,515.12616,660.21027,75.73187,1.5921302,-0.21713698,418.63925,-96.48691
1.5-473-550,0.01632653059,0.03265306118,0.9985491866279087,-0.0008978851843,1.5,473.0,550.0,473.00003,0.012682373,649.85333,479.65137,6.6513367,0.34974235,0.33705997,582.6944,-67.158936
1.5-473-550,0.169879518,0.339759036,0.3542741437603377,0.0003185596755,1.5,473.0,550.0,498.45877,1.1295911,624.56976,568.0722,69.613434,1.1479403,0.01834917,539.89746,-84.6723
1.5-473-550,0.2313253012,0.4626506024,0.9811301448069191,0.0008822221606,1.5,473.0,550.0,1201.2422,0.45820406,43.016205,884.3078,-316.9344,0.90645057,0.4482465,196.58609,153.56989
1.5-473-550,0.4510204082,0.9020408164,0.9973789933391554,0.0008968329585,1.5,473.0,550.0,663.4181,0.14512998,319.09485,783.7613,120.3432,1.1206517,0.97552174,209.55925,-109.5356
1.5-473-550,0.4265306122,0.8530612244,0.3542741439827602,-0.0003185596757,1.5,473.0,550.0,643.75323,2.198348,409.19363,706.7622,63.008972,2.0274372,-0.17091084,336.89218,-72.30145
1.5-473-550,0.3783132531,0.7566265062,0.9844268823757469,-0.0008851865532,1.5,473.0,550.0,1039.6685,0.7153524,51.62613,893.45776,-146.2107,1.1799238,0.46457136,147.66379,96.03766
1.5-473-550,0.213253012,0.426506024,0.3542741437603377,0.0003185596755,1.5,473.0,550.0,514.89874,1.2999535,607.4426,588.4628,73.56409,1.2381796,-0.061773896,515.50665,-91.935974
1.5-473-550,0.05918367348,0.11836734696,0.9895407848051817,0.0008897849218,1.5,473.0,550.0,473.00003,0.10788732,649.85333,529.63824,56.638214,0.47560617,0.36771885,513.9393,-135.91406
1.5-473-550,0.3289156627,0.6578313254,0.9965972946963587,-0.0008961300631,1.5,473.0,550.0,1147.114,0.12130963,45.50128,961.0791,-186.03491,1.0204642,0.89915454,118.74428,73.243
1.5-473-550,0.2373493976,0.4746987952,0.8902853188558087,0.0008005354251,1.5,473.0,550.0,760.10175,1.5086429,94.31308,767.9385,7.836731,1.2759598,-0.23268306,289.63892,195.32584
1.5-473-550,0.4918367347,0.9836734694,0.9996041060258503,0.000898833757,1.5,473.0,550.0,657.54706,0.017324978,361.47253,718.4339,60.88684,1.0575812,1.0402563,260.37527,-101.09726
1.5-473-550,0.1301204819,0.2602409638,0.7098470004029654,-0.0006382871403,1.5,473.0,550.0,490.1314,0.9920005,632.997,521.7476,31.61621,1.1146598,0.122659266,542.9293,-90.06769
1.5-473-550,0.1710843373,0.3421686746,0.6021818746711394,-0.0005414757638,1.5,473.0,550.0,508.19156,1.1038713,614.7145,546.4204,38.22885,1.236126,0.1322546,531.1055,-83.60895
1.5-473-550,0.3807228916,0.7614457832,0.993141646395439,0.0008930227796,1.5,473.0,550.0,1082.6418,0.3244232,48.957092,901.0521,-181.58972,1.1239109,0.7994877,142.9395,93.98241
1.5-473-550,0.3795180723,0.7590361446,0.9671530515086588,-0.0008696541017,1.5,473.0,550.0,959.14636,1.3293624,57.878784,870.943,-88.20337,1.2907901,-0.03857231,160.59831,102.71953
1.5-473-550,0.1096385542,0.2192771084,0.6021818746711394,0.0005414757638,1.5,473.0,550.0,474.74738,1.0297333,648.205,508.1052,33.35782,1.0758382,0.046104908,576.34534,-71.85968
1.5-473-550,0.2795180723,0.5590361446,0.3542741439827602,-0.0003185596757,1.5,473.0,550.0,537.2684,1.4858743,582.5622,627.6776,90.40924,1.4395716,-0.046302676,465.23456,-117.32764
1.5-473-550,0.3975903615,0.795180723,0.9915009044774012,-0.0008915474413,1.5,473.0,550.0,1053.0731,0.46601614,50.769653,872.741,-180.33209,1.1523908,0.68637466,156.95413,106.18448
1.5-473-550,0.4979591837,0.9959183674,0.03282169735804886,2.951293354e-05,1.5,473.0,550.0,656.9869,1.9600555,363.73392,712.7615,55.774597,2.0517166,0.091661096,313.41833,-50.315582
1.5-473-550,0.3240963856,0.6481927712,0.9872047710533666,-0.0008876844022,1.5,473.0,550.0,1105.4281,0.4510131,47.65796,948.54065,-156.88745,1.0730795,0.6220664,128.07037,80.412415
1.5-473-550,0.4020408163,0.8040816326,0.2914697156873968,0.0002620865781,1.5,473.0,550.0,629.148,2.1794102,443.24243,697.7658,68.6178,1.8862714,-0.29313886,362.47226,-80.77017
1.5-473-550,0.01428571426,0.02857142852,0.9215172744995802,0.0008286188792,1.5,473.0,550.0,473.00003,0.59923196,649.85333,459.64398,-13.356049,0.563883,-0.03534895,610.1762,-39.677124
1.5-473-550,0.1493975903,0.2987951806,0.993141646395439,0.0008930227796,1.5,473.0,550.0,786.82446,0.22744912,82.883545,728.25323,-58.571228,0.6631583,0.43570918,323.4122,240.52866
1.5-473-550,0.1156626505,0.231325301,0.7098470004029654,-0.0006382871403,1.5,473.0,550.0,480.68585,0.9757707,642.5465,509.35214,28.66629,1.0737514,0.09798074,556.62036,-85.92615
1.5-473-550,0.4816326531,0.9632653062,0.9844268823757469,0.0008851865532,1.5,473.0,550.0,657.9815,0.73212785,359.7187,727.15936,69.17786,1.1703442,0.4382164,248.89764,-110.821045
1.5-473-550,0.2819277109,0.5638554218,0.9985491866279087,-0.0008978851843,1.5,473.0,550.0,1191.7056,0.04241967,43.42151,966.61005,-225.09552,0.9171074,0.87468773,127.47865,84.057144
1.5-473-550,0.4224489796,0.8448979592,0.6600967573005477,-0.0005935522321,1.5,473.0,550.0,660.1698,2.2597647,343.04062,690.8885,30.718689,2.1378236,-0.12194109,294.67117,-48.369446
1.5-473-550,0.05714285715,0.1142857143,0.7098470004029654,0.0006382871403,1.5,473.0,550.0,473.00003,0.9862045,649.85333,476.89185,3.8918152,0.9341897,-0.052014828,600.8303,-49.02301
1.5-473-550,0.1445783132,0.2891566264,0.9931416465066502,-0.0008930227797,1.5,473.0,550.0,763.7994,0.2455967,89.43146,716.34705,-47.45233,0.6525247,0.406928,333.45572,244.02426
1.5-473-550,0.4204081632,0.8408163264,0.9872047710533666,0.0008876844022,1.5,473.0,550.0,712.15894,0.8364697,115.164,829.6503,117.491394,1.1943897,0.35792,180.04303,64.87903
1.5-473-550,0.330120482,0.660240964,0.9973789934503665,-0.0008968329586,1.5,473.0,550.0,1149.7682,0.09321397,45.370453,961.624,-188.14417,1.0173472,0.92413324,118.081314,72.71086
1.5-473-550,0.1903614457,0.3807228914,0.960723235489121,0.0008638724771,1.5,473.0,550.0,882.0955,0.8171671,66.24106,779.33307,-102.76245,0.89797294,0.08080584,283.01923,216.77817
1.5-473-550,0.1253012048,0.2506024096,0.6021818746711394,0.0005414757638,1.5,473.0,550.0,482.96783,1.0271204,640.2466,515.8269,32.85907,1.1114208,0.0843004,566.7507,-73.49591
1.5-473-550,0.3771084338,0.7542168676,0.03282169734692774,-2.951293353e-05,1.5,473.0,550.0,603.2383,1.949676,488.23593,658.51263,55.274353,1.6512899,-0.2983861,407.6429,-80.59302
1.5-473-550,0.2240963855,0.448192771,0.9915009044774012,0.0008915474413,1.5,473.0,550.0,1262.6984,0.20714223,40.56143,889.4105,-373.28784,0.83588636,0.6287441,193.1509,152.58946
1.5-473-550,0.2734939759,0.5469879518,0.9956514833048237,0.0008952795992,1.5,473.0,550.0,1187.2603,0.12795746,43.619293,956.5934,-230.66687,0.9178905,0.789933,136.31357,92.694275
1.5-473-550,0.1204819277,0.2409638554,0.9985491866279087,0.0008978851843,1.5,473.0,550.0,706.5331,0.08120596,119.95531,663.30383,-43.229248,0.5769549,0.49574894,379.4242,259.46887
1.5-473-550,0.1313253012,0.2626506024,0.9895407848051817,0.0008897849218,1.5,473.0,550.0,672.34186,0.4475563,235.99954,679.67004,7.328186,0.6381068,0.19055054,365.2585,129.25897
1.5-473-550,0.3638554217,0.7277108434,0.6600967573005477,-0.0005935522321,1.5,473.0,550.0,643.4395,2.0028138,409.80142,683.1997,39.760193,1.9916636,-0.011150241,324.04382,-85.7576
1.5-473-550,0.4653061225,0.930612245,0.2914697156873968,0.0002620865781,1.5,473.0,550.0,654.1685,1.9663677,375.1116,722.5234,68.35486,2.1053612,0.1389935,313.28156,-61.830048
1.5-473-550,0.3180722892,0.6361445784,0.09831793590232207,-8.84064793e-05,1.5,473.0,550.0,545.9251,1.5985518,572.3962,641.1856,95.2605,1.4565886,-0.14196312,449.3899,-123.00629
1.5-473-550,0.05306122449,0.10612244898,0.7892004020960466,0.000709640905,1.5,473.0,550.0,473.00003,0.90733767,649.85333,470.86023,-2.139801,0.86387086,-0.043466806,595.9302,-53.923157
1.5-473-550,0.1493975903,0.2987951806,0.8902853188558087,-0.0008005354251,1.5,473.0,550.0,531.815,0.9189732,588.6317,624.2016,92.3866,0.98995405,0.07098085,422.00488,-166.62683
1.5-473-550,0.2530120482,0.5060240964,0.9931416465066502,-0.0008930227797,1.5,473.0,550.0,1197.1746,0.19113135,43.189087,933.4961,-263.67847,0.8896257,0.6984944,156.73807,113.54898
1.5-473-550,0.3590361446,0.7180722892,0.7525573838264147,-0.0006766918789,1.5,473.0,550.0,658.4773,2.0174413,350.70764,712.55096,54.07367,1.9330994,-0.08434188,288.4007,-62.306946
1.5-473-550,0.07959183676,0.15918367352,0.7525573838264147,-0.0006766918789,1.5,473.0,550.0,473.00003,0.95450836,649.85333,485.33542,12.335388,0.9580482,0.0035398602,579.3014,-70.55194
1.5-473-550,0.2192771084,0.4385542168,0.4163512326852384,0.000374378757,1.5,473.0,550.0,518.8708,1.318093,603.0257,586.04517,67.17438,1.286614,-0.031479,510.6029,-92.42279
1.5-473-550,0.1891566265,0.378313253,0.9811301448069191,0.0008822221606,1.5,473.0,550.0,1004.4546,0.42445627,54.137817,805.1399,-199.3147,0.80749464,0.38303837,261.06693,206.92911
1.5-473-550,0.1686746988,0.3373493976,0.9872047710533666,0.0008876844022,1.5,473.0,550.0,860.0072,0.32457572,69.11856,767.18555,-92.821655,0.732635,0.4080593,291.5702,222.45163
1.5-473-550,0.3578313253,0.7156626506,0.03282169735804886,2.951293354e-05,1.5,473.0,550.0,584.5018,1.8139095,515.09515,649.4263,64.9245,1.5815505,-0.23235905,423.44608,-91.64908
1.5-473-550,0.351807229,0.703614458,0.9895407848051817,-0.0008897849218,1.5,473.0,550.0,1092.253,0.41873997,48.398346,932.14453,-160.10852,1.1073542,0.6886142,130.59927,82.20093
1.5-473-550,0.4122448979,0.8244897958,0.9996041060258503,0.000898833757,1.5,473.0,550.0,756.2271,0.022697384,92.09535,856.2855,100.05841,1.105597,1.0828997,165.75983,73.664474
1.5-473-550,0.3409638555,0.681927711,0.8902853188558087,-0.0008005354251,1.5,473.0,550.0,803.58374,1.877131,79.312485,815.4054,11.821655,1.5873228,-0.28980815,211.54181,132.22932
1.5-473-550,0.2602409639,0.5204819278,0.9956514833048237,0.0008952795992,1.5,473.0,550.0,1201.5626,0.12254172,43.002594,945.4935,-256.0691,0.89025337,0.76771164,146.80646,103.80386
1.5-473-550,0.1891566265,0.378313253,0.9811301446957078,-0.0008822221605,1.5,473.0,550.0,1004.4547,0.42445636,54.137817,805.1399,-199.31482,0.80749464,0.38303828,261.06693,206.92911
1.5-473-550,0.3481927711,0.6963855422,0.9671530515086588,0.0008696541017,1.5,473.0,550.0,985.9781,1.160204,55.59955,903.79425,-82.18384,1.2417206,0.081516504,149.14592,93.54637
1.5-473-550,0.1710843373,0.3421686746,0.9956514833048237,0.0008952795992,1.5,473.0,550.0,936.8386,0.10722273,59.96167,784.6357,-152.20294,0.6991409,0.5919182,276.84045,216.87878
1.5-473-550,0.221686747,0.443373494,0.9945113832197316,-0.0008942544329,1.5,473.0,550.0,1277.414,0.13358063,40.018433,890.196,-387.21796,0.8144855,0.68090487,192.6525,152.63406
1.5-473-550,0.3590361446,0.7180722892,0.9215172744995802,-0.0008286188792,1.5,473.0,550.0,855.34454,1.8172982,69.83597,839.4102,-15.934326,1.4998285,-0.31746972,186.99846,117.16249
1.5-473-550,0.1084337349,0.2168674698,0.9980223152919674,0.000897411427,1.5,473.0,550.0,658.9386,0.08532595,353.53748,634.0938,-24.844788,0.5530416,0.46771562,406.18307,52.6456
1.5-473-550,0.2626506024,0.5253012048,0.9442484491033019,0.0008490585182,1.5,473.0,550.0,959.22473,1.2675017,57.912537,865.7726,-93.45215,1.1611856,-0.10631609,205.2057,147.29317
1.5-473-550,0.01224489793,0.02448979586,0.9811301446957078,-0.0008822221605,1.5,473.0,550.0,473.00003,0.17412615,649.85333,470.5152,-2.4848328,0.39822447,0.22409832,595.40894,-54.444397
1.5-473-550,0.3602409639,0.7204819278,0.6600967573005477,-0.0005935522321,1.5,473.0,550.0,642.10034,1.9804686,413.13184,682.33386,40.23352,1.9797214,-0.0007472038,326.47537,-86.65646
1.5-473-550,0.2771084337,0.5542168674,0.960723235489121,0.0008638724771,1.5,473.0,550.0,1012.67584,1.0580211,53.555603,901.6712,-111.00464,1.1208563,0.06283522,174.608,121.0524
1.5-473-550,0.3120481928,0.6240963856,0.998978267368595,0.0008982710093,1.5,473.0,550.0,1171.0933,0.032144304,44.358673,971.62177,-199.4715,0.97329056,0.94114625,116.523605,72.16493
1.5-473-550,0.004081632618,0.008163265236,0.9215172744995802,-0.0008286188792,1.5,473.0,550.0,473.00003,0.7134198,649.85333,454.73773,-18.262299,0.5407634,-0.17265642,621.59644,-28.256897
1.5-473-550,0.4306122449,0.8612244898,0.9945113832197316,-0.0008942544329,1.5,473.0,550.0,683.2771,0.3559155,159.55461,818.1567,134.87958,1.1461288,0.7902133,187.31651,27.761902
1.5-473-550,0.01224489793,0.02448979586,0.9956514833048237,0.0008952795992,1.5,473.0,550.0,473.00003,0.039567407,649.85333,474.93933,1.9393005,0.35075307,0.31118566,589.9961,-59.85724
1.5-473-550,0.2301204819,0.4602409638,0.03282169734692774,-2.951293353e-05,1.5,473.0,550.0,514.6056,1.3450177,607.7686,596.7137,82.10809,1.2613051,-0.08371258,502.93723,-104.83139
1.5-473-550,0.3204819277,0.6409638554,0.03282169735804886,2.951293354e-05,1.5,473.0,550.0,546.28656,1.6056958,571.96106,632.21686,85.9303,1.4585589,-0.14713693,452.06375,-119.89731
1.5-473-550,0.2457831325,0.491566265,0.9671530515086588,0.0008696541017,1.5,473.0,550.0,1085.9707,0.8409491,48.77231,882.31537,-203.65533,1.0111368,0.17018765,196.2384,147.4661
1.5-473-550,0.3132530121,0.6265060242,0.8206166047262803,0.0007378900321,1.5,473.0,550.0,675.2047,1.8213644,233.8572,751.2028,75.99811,1.6936808,-0.12768364,275.62494,41.767746
1.5-473-550,0.2012048193,0.4024096386,0.9531521909241071,-0.0008570646715,1.5,473.0,550.0,989.96606,0.9486707,55.332123,790.5077,-199.45837,0.95686954,0.008198857,273.86273,218.53061
1.5-473-550,0.07142857145,0.1428571429,0.6600967573005477,0.0005935522321,1.5,473.0,550.0,473.00003,1.0257024,649.85333,487.10144,14.10141,0.9860172,-0.03968513,594.6734,-55.17993
1.5-473-550,0.1710843373,0.3421686746,0.9811301448069191,0.0008822221606,1.5,473.0,550.0,840.6824,0.44874325,72.10953,764.62787,-76.054504,0.76494044,0.3161972,294.05322,221.9437
1.5-473-550,0.2265060241,0.4530120482,0.03282169735804886,2.951293354e-05,1.5,473.0,550.0,513.7232,1.3373183,608.7498,595.58246,81.85925,1.2564093,-0.080909014,504.34012,-104.4097
1.5-473-550,0.03265306121,0.06530612242,0.9945113832197316,0.0008942544329,1.5,473.0,550.0,473.00003,0.052572783,649.85333,495.42538,22.425354,0.39944416,0.34687138,558.3868,-91.46655
1.5-473-550,0.1650602409,0.3301204818,0.4163512326852384,0.000374378757,1.5,473.0,550.0,497.7804,1.1135536,625.2562,557.2838,59.503418,1.1548482,0.041294575,545.9375,-79.318726
1.5-473-550,0.1060240963,0.2120481926,0.47796385156444166,-0.0004297801918,1.5,473.0,550.0,473.15488,1.0872291,649.7072,527.6197,54.464813,1.0656998,-0.021529317,574.5073,-75.19989
1.5-473-550,0.01632653059,0.03265306118,0.6600967573005477,-0.0005935522321,1.5,473.0,550.0,473.00003,1.0591578,649.85333,484.28046,11.280426,0.8893315,-0.16982633,616.4428,-33.410522
1.5-473-550,0.2626506024,0.5253012048,0.03282169735804886,2.951293354e-05,1.5,473.0,550.0,521.7842,1.4247711,599.786,608.05664,86.27246,1.3150904,-0.10968065,488.08804,-111.69797
1.5-473-550,0.3277108434,0.6554216868,0.9915009044774012,0.0008915474413,1.5,473.0,550.0,1123.6921,0.30486566,46.682037,953.6102,-170.08191,1.052129,0.7472634,123.79584,77.1138
1.5-473-550,0.2253012048,0.4506024096,0.9872047710533666,0.0008876844022,1.5,473.0,550.0,1242.9064,0.30985695,41.311127,884.4362,-358.47015,0.86124045,0.5513835,196.95197,155.64084
1.5-473-550,0.1987951807,0.3975903614,0.47796385156444166,0.0004297801918,1.5,473.0,550.0,514.6363,1.2331082,607.7345,568.39386,53.75757,1.2632463,0.030138135,523.41595,-84.31854
1.5-473-550,0.213253012,0.426506024,0.03282169735804886,2.951293354e-05,1.5,473.0,550.0,510.17807,1.3035022,612.6903,591.67804,81.49997,1.2401223,-0.063379884,509.07077,-103.61954
1.5-473-550,0.03469387754,0.06938775508,0.8902853188558087,-0.0008005354251,1.5,473.0,550.0,473.00003,0.712449,649.85333,467.61765,-5.3823853,0.67687607,-0.035572946,593.9487,-55.904602
1.5-473-550,0.2024096385,0.404819277,0.7098470004029654,0.0006382871403,1.5,473.0,550.0,537.5938,1.2358464,582.15247,595.95123,58.35742,1.3592892,0.12344277,462.8171,-119.33536
1.5-473-550,0.4755102041,0.9510204082,0.7525573838264147,-0.0006766918789,1.5,473.0,550.0,657.74445,1.6662729,360.67572,689.0917,31.347229,2.0454257,0.37915277,273.6421,-87.03363
1.5-473-550,0.2084337349,0.4168674698,0.9671530515086588,0.0008696541017,1.5,473.0,550.0,1132.5358,0.734822,46.237335,823.70416,-308.8316,0.9173071,0.1824851,246.17894,199.9416
1.5-473-550,0.3060240964,0.6120481928,0.8902853187445975,0.000800535425,1.5,473.0,550.0,798.0372,1.7477345,80.714874,817.86316,19.825989,1.4930222,-0.25471234,225.7671,145.05223
1.5-473-550,0.4918367347,0.9836734694,0.47796385156444166,0.0004297801918,1.5,473.0,550.0,657.06,1.865322,363.43875,714.6743,57.61432,2.2228677,0.35754573,292.86642,-70.57233
1.5-473-550,0.3686746988,0.7373493976,0.7892004020960466,-0.000709640905,1.5,473.0,550.0,676.65094,2.1073608,216.43002,729.85455,53.203613,1.9107773,-0.19658351,266.4003,49.970276
1.5-473-550,0.4551020408,0.9102040816,0.9996041060258503,0.000898833757,1.5,473.0,550.0,662.05963,0.017656738,332.00174,778.0591,115.99945,1.1028919,1.0852352,213.86346,-118.138275
1.5-473-550,0.5,1.0,0.9071908186744295,0.0008157366771,1.5,473.0,550.0,657.34357,1.4042392,362.29404,686.37915,29.035583,1.5283215,0.12408233,273.2211,-89.07294
1.5-473-550,0.2638554217,0.5277108434,0.9993254186825348,-0.0008985831642,1.5,473.0,550.0,1214.1436,0.017253751,42.467896,955.304,-258.83954,0.87558925,0.8583355,139.1211,96.6532
1.5-473-550,0.1819277108,0.3638554216,0.9973789934503665,-0.0008968329586,1.5,473.0,550.0,1018.61786,0.061669406,53.102356,812.747,-205.87085,0.71414775,0.65247834,254.1523,201.04994
1.5-473-550,0.4755102041,0.9510204082,0.9811301446957078,0.0008822221605,1.5,473.0,550.0,658.4516,0.8169388,357.82074,734.6708,76.21918,1.2002608,0.38332194,242.03337,-115.78737
1.5-473-550,0.1927710843,0.3855421686,0.9811301448069191,-0.0008822221606,1.5,473.0,550.0,1047.7269,0.4247955,51.120667,812.8723,-234.85461,0.8160048,0.3912093,254.80948,203.68881
1.5-473-550,0.134939759,0.269879518,0.9811301448069191,0.0008822221606,1.5,473.0,550.0,630.71906,0.58552504,439.9136,678.9879,48.26886,0.68002963,0.094504595,366.30246,-73.611145
1.5-473-550,0.104819277,0.209638554,0.999825745120423,0.0008990330526,1.5,473.0,550.0,657.87994,0.0034553355,356.19852,627.4978,-30.382141,0.53790945,0.5344541,412.37015,56.17163
1.5-473-550,0.2048192771,0.4096385542,0.7098470004029654,0.0006382871403,1.5,473.0,550.0,539.1279,1.2510142,580.36066,598.4742,59.346252,1.3684679,0.117453694,459.95187,-120.40878
1.5-473-550,0.1819277108,0.3638554216,0.9985491866279087,0.0008978851843,1.5,473.0,550.0,1025.0034,0.03332537,52.653748,814.49194,-210.51147,0.70836025,0.6750349,252.69589,200.04214
1.5-473-550,0.2927710844,0.5855421688,0.9973789933391554,0.0008968329585,1.5,473.0,550.0,1177.2898,0.081836335,44.075287,968.5703,-208.71948,0.94627076,0.8644344,123.55176,79.47647
1.5-473-550,0.3144578314,0.6289156628,0.9531521909241071,0.0008570646715,1.5,473.0,550.0,957.2193,1.303286,58.071472,899.6347,-57.584595,1.2494065,-0.0538795,163.64314,105.57167
1.5-473-550,0.1855421686,0.3710843372,0.03282169735804886,2.951293354e-05,1.5,473.0,550.0,501.08997,1.1869841,621.907,584.8218,83.73181,1.2135544,0.02657032,516.94104,-104.96594
1.5-473-550,0.2879518072,0.5759036144,0.5396442233296441,-0.0004852425493,1.5,473.0,550.0,572.92163,1.5660217,533.89026,629.6663,56.74469,1.6327295,0.06670785,429.72705,-104.16321
1.5-473-550,0.3542168675,0.708433735,0.6600967573005477,0.0005935522321,1.5,473.0,550.0,639.75555,1.9443533,418.9676,680.7604,41.00482,1.9592409,0.014887571,330.68643,-88.28116
1.5-473-550,0.1578313253,0.3156626506,0.9726063657286781,-0.0008745576659,1.5,473.0,550.0,674.9405,0.71213037,213.63599,723.01074,48.07025,0.7683719,0.056241512,329.1797,115.5437
1.5-473-550,0.1108433734,0.2216867468,0.9071317792997667,-0.0008156835895,1.5,473.0,550.0,492.33264,0.76458496,630.7694,566.76526,74.43262,0.8395158,0.07493085,474.55685,-156.21255
1.5-473-550,0.1301204819,0.2602409638,0.9915009044774012,0.0008915474413,1.5,473.0,550.0,684.1866,0.38598818,157.05528,678.94476,-5.2418213,0.6273701,0.24138194,365.8015,208.74623
1.5-473-550,0.4102040816,0.8204081632,0.09831793589120096,8.840647929e-05,1.5,473.0,550.0,628.9138,2.1876328,443.76822,686.00287,57.08905,1.7998039,-0.38782895,372.7281,-71.04013
1.5-473-550,0.1518072289,0.3036144578,0.9956514833048237,0.0008952795992,1.5,473.0,550.0,821.0415,0.13668412,75.583496,737.42834,-83.61316,0.6573051,0.520621,315.57983,239.99634
1.5-473-550,0.3903614458,0.7807228916,0.9956514833048237,-0.0008952795992,1.5,473.0,550.0,1083.9393,0.22269577,48.881653,889.3389,-194.6004,1.1169243,0.8942285,148.38422,99.50256
1.5-473-550,0.4979591837,0.9959183674,0.9726063658398892,-0.000874557666,1.5,473.0,550.0,657.3944,0.98397243,362.08875,701.4098,44.01538,1.2081438,0.2241714,269.146,-92.94275
1.5-473-550,0.1867469879,0.3734939758,0.9915009044774012,-0.0008915474413,1.5,473.0,550.0,1030.5006,0.20139778,52.26822,814.9961,-215.50452,0.75331646,0.5519187,252.65845,200.39023
1.5-473-550,0.2530120482,0.5060240964,0.9999999997775775,-0.0008991897406,1.5,473.0,550.0,1226.3257,-5.322157e-09,41.984222,945.3456,-280.9801,0.84928393,0.84928393,148.0707,106.08647
1.5-473-550,0.191566265,0.38313253,0.9973789933391554,0.0008968329585,1.5,473.0,550.0,1112.2521,0.06285333,47.293335,834.6078,-277.6443,0.73475623,0.6719029,236.76216,189.46883
1.5-473-550,0.126506024,0.253012048,0.8705746216627653,-0.0007828117684,1.5,473.0,550.0,502.50555,0.87563473,620.4744,571.2754,68.76984,0.9578294,0.082194686,473.31076,-147.16367
1.5-473-550,0.3542168675,0.708433735,0.999825745120423,0.0008990330526,1.5,473.0,550.0,1140.0759,0.0039685317,45.848267,944.7495,-195.32642,1.0407424,1.0367739,122.466675,76.61841
1.5-473-550,0.1951807229,0.3903614458,0.22784103821928303,0.0002048723241,1.5,473.0,550.0,506.11682,1.2264795,616.8198,590.2162,84.099365,1.1756238,-0.050855756,520.5701,-96.249695
1.5-473-550,0.2771084337,0.5542168674,0.8902853187445975,0.000800535425,1.5,473.0,550.0,786.9982,1.6442833,83.729385,805.6572,18.658997,1.4049315,-0.23935175,247.09703,163.36765
1.5-473-550,0.4591836735,0.918367347,0.7098470004029654,0.0006382871403,1.5,473.0,550.0,658.8097,1.7010593,356.37524,691.57086,32.76117,2.122957,0.42189765,278.20557,-78.16968
1.5-473-550,0.2060240963,0.4120481926,0.9671530515086588,-0.0008696541017,1.5,473.0,550.0,1102.7921,0.7439588,47.820282,819.1825,-283.60962,0.91121376,0.16725498,249.92029,202.1
1.5-473-550,0.4979591837,0.9959183674,1.0,-0.0008991897408,1.5,473.0,550.0,657.4045,-5.322157e-09,362.04813,709.8766,52.472107,1.0437433,1.0437433,268.327,-93.72113
1.5-473-550,0.113253012,0.226506024,0.960723235489121,-0.0008638724771,1.5,473.0,550.0,522.2137,0.599469,599.3084,610.4344,88.2207,0.70011485,0.10064584,429.4146,-169.8938
1.5-473-550,0.4836734694,0.9673469388,0.9998257452316341,-0.0008990330527,1.5,473.0,550.0,657.8789,0.005297298,360.13287,730.7216,72.84271,1.06964,1.0643427,249.79376,-110.33911
1.5-473-550,0.3855421687,0.7710843374,0.9215172744995802,-0.0008286188792,1.5,473.0,550.0,849.2069,1.9915904,70.75012,816.31104,-32.895874,1.5424981,-0.44909227,192.71352,121.963394
1.5-473-550,0.2361445783,0.4722891566,0.9772248215579286,-0.000878710534,1.5,473.0,550.0,1165.6992,0.57096887,44.60898,885.2574,-280.44183,0.9376601,0.36669123,195.34883,150.73985
1.5-473-550,0.4530612245,0.906122449,0.9945113832197316,-0.0008942544329,1.5,473.0,550.0,662.6865,0.3060652,326.04535,778.2216,115.535095,1.1387622,0.83269703,212.78983,-113.25552
1.5-473-550,0.01836734691,0.03673469382,0.9915009044774012,-0.0008915474413,1.5,473.0,550.0,473.00003,0.07876431,649.85333,479.08994,6.089905,0.378168,0.29940367,582.5042,-67.34912
1.5-473-550,0.09387755105,0.1877551021,0.9811301446957078,-0.0008822221605,1.5,473.0,550.0,473.00003,0.19465727,649.85333,587.13324,114.13321,0.5842026,0.38954532,451.55182,-198.30151
1.5-473-550,0.2481927711,0.4963855422,0.9772248215579286,-0.000878710534,1.5,473.0,550.0,1131.6846,0.6094187,46.267456,901.3094,-230.37518,0.96617615,0.35675746,181.43216,135.1647
1.5-473-550,0.2385542169,0.4771084338,0.9895407848051817,-0.0008897849218,1.5,473.0,550.0,1215.2991,0.27086902,42.418793,908.8222,-306.47687,0.8783734,0.60750437,177.07281,134.65402
1.5-473-550,0.1903614457,0.3807228914,0.9726063657286781,0.0008745576659,1.5,473.0,550.0,960.51135,0.612882,57.77008,795.60236,-164.909,0.84832853,0.23544651,269.17407,211.40399
1.5-473-550,0.08163265309,0.16326530618,0.9844268823757469,0.0008851865532,1.5,473.0,550.0,473.00003,0.16094267,649.85333,565.5127,92.512665,0.5443513,0.3834086,473.76312,-176.09021
1.5-473-550,0.4102040816,0.8204081632,0.9945113832197316,0.0008942544329,1.5,473.0,550.0,771.8231,0.38422483,87.06181,854.5997,82.77655,1.1403577,0.7561329,166.50351,79.441696
1.5-473-550,0.2180722891,0.4361445782,0.22784103833049427,-0.0002048723242,1.5,473.0,550.0,513.33765,1.3169318,609.1786,599.706,86.36835,1.2150223,-0.10190952,509.7492,-99.42938
1.5-473-550,0.03673469387,0.07346938774,0.9956514833048237,-0.0008952795992,1.5,473.0,550.0,473.00003,0.041938957,649.85333,500.925,27.924957,0.4044811,0.36254215,550.89966,-98.953674
1.5-473-550,0.1012048192,0.2024096384,0.9985491868503311,0.0008978851845,1.5,473.0,550.0,599.7394,0.028910572,491.62946,618.03845,18.299072,0.53522223,0.50631166,421.3731,-70.25635
1.5-473-550,0.03061224488,0.06122448976,0.9872047710533666,0.0008876844022,1.5,473.0,550.0,473.00003,0.12313341,649.85333,490.00366,17.003632,0.41957334,0.29643992,565.2125,-84.64081
1.5-473-550,0.3939759037,0.7879518074,0.6021818746711394,-0.0005414757638,1.5,473.0,550.0,648.0623,2.2089775,396.59433,683.39087,35.328552,2.076917,-0.13206053,322.4895,-74.10483
1.5-473-550,0.1638554216,0.3277108432,0.960723235489121,-0.0008638724771,1.5,473.0,550.0,646.00226,0.82622945,400.29688,722.4154,76.41315,0.8291091,0.0028796196,330.51178,-69.785095
1.5-473-550,0.4346938775,0.869387755,0.7892004020960466,-0.000709640905,1.5,473.0,550.0,667.87256,1.7963992,276.77255,707.7702,39.897644,2.001143,0.20474374,259.54034,-17.232208
1.5-473-550,0.1204819277,0.2409638554,0.2914697156873968,0.0002620865781,1.5,473.0,550.0,475.9587,1.0979729,647.0623,563.92523,87.96652,1.0868754,-0.011097431,549.0442,-98.01813
1.5-473-550,0.06326530613,0.12653061226,0.9071317792997667,0.0008156835895,1.5,473.0,550.0,473.00003,0.6906518,649.85333,497.48224,24.482208,0.71281713,0.022165358,550.4317,-99.42163
1.5-473-550,0.2409638554,0.4819277108,0.960723235489121,0.0008638724771,1.5,473.0,550.0,1066.3362,0.94833034,49.945465,866.21606,-200.12012,1.0294927,0.08116239,209.4235,159.47803
1.5-473-550,0.01224489793,0.02448979586,0.9531521908128958,-0.0008570646714,1.5,473.0,550.0,473.00003,0.42246452,649.85333,463.7322,-9.267822,0.48013413,0.05766961,604.41986,-45.43347
1.5-473-550,0.4653061225,0.930612245,0.9337895728803226,0.000839654004,1.5,473.0,550.0,659.5305,1.28404,353.46527,728.6118,69.0813,1.4792176,0.19517767,239.32622,-114.13905
1.5-473-550,0.2,0.4,0.5396442233296441,-0.0004852425493,1.5,473.0,550.0,518.516,1.2346998,603.4202,566.6451,48.12909,1.301004,0.06630421,516.0087,-87.4115
1.5-473-550,0.2397590361,0.4795180722,0.9811301448069191,0.0008822221606,1.5,473.0,550.0,1174.1389,0.4818998,44.21936,896.6695,-277.46942,0.926069,0.44416922,186.16496,141.9456
1.5-473-550,0.4163265306,0.8326530612,0.3542741439827602,-0.0003185596757,1.5,473.0,550.0,639.96533,2.23223,419.27646,702.6173,62.651978,1.9910992,-0.24113071,344.9233,-74.35315
1.5-473-550,0.1879518072,0.3759036144,0.2914697156873968,0.0002620865781,1.5,473.0,550.0,504.55542,1.1908907,618.3999,582.65906,78.10364,1.1679323,-0.022958398,527.3274,-91.07251
1.5-473-550,0.1277108433,0.2554216866,0.9531521909241071,-0.0008570646715,1.5,473.0,550.0,538.88074,0.716675,580.6989,634.4593,95.57855,0.761388,0.04471302,407.63242,-173.0665
1.5-473-550,0.1397590361,0.2795180722,0.9844268823757469,-0.0008851865532,1.5,473.0,550.0,668.21106,0.5540221,273.88815,694.21246,26.001404,0.6781207,0.1240986,352.8951,79.00696
1.5-473-550,0.3277108434,0.6554216868,0.9999999997775775,-0.0008991897406,1.5,473.0,550.0,1163.4171,-5.322157e-09,44.729767,967.26227,-196.15485,0.9951979,0.9951979,115.17258,70.44281
1.5-473-550,0.1819277108,0.3638554216,0.8705746216627653,-0.0007828117684,1.5,473.0,550.0,567.8749,1.0658995,542.73157,665.13885,97.26398,1.1355468,0.06964731,386.23358,-156.49799
1.5-473-550,0.06938775512,0.13877551024,0.9726063657286781,0.0008745576659,1.5,473.0,550.0,473.00003,0.28828502,649.85333,536.0243,63.02426,0.55558723,0.26730222,505.52228,-144.33105
1.5-473-550,0.3638554217,0.7277108434,0.9985491866279087,0.0008978851843,1.5,473.0,550.0,1124.9095,0.058982547,46.616974,931.49567,-193.41388,1.0640541,1.0050716,128.29283,81.67586
1.5-473-550,0.09795918369,0.19591836738,0.9071317794109779,-0.0008156835896,1.5,473.0,550.0,473.00015,0.6896583,649.8532,545.375,72.37485,0.803904,0.11424571,496.14603,-153.70718
1.5-473-550,0.1277108433,0.2554216866,0.3542741439827602,-0.0003185596757,1.5,473.0,550.0,479.44983,1.0822178,643.76776,555.3905,75.940674,1.0890781,0.006860256,555.23145,-88.536316
1.5-473-550,0.3686746988,0.7373493976,0.29146971579860803,-0.0002620865782,1.5,473.0,550.0,605.0656,1.9159569,485.36694,681.3188,76.253174,1.7472645,-0.16869235,391.9973,-93.36963
1.5-473-550,0.2325301205,0.465060241,0.9071317792997667,0.0008156835895,1.5,473.0,550.0,838.50323,1.4493846,73.13721,781.6759,-56.82733,1.2110137,-0.2383709,278.93387,205.79666
1.5-473-550,0.2939759036,0.5879518072,0.9811301446957078,-0.0008822221605,1.5,473.0,550.0,1098.446,0.59118736,48.03836,941.5971,-156.84894,1.0485301,0.45734274,141.59915,93.56079
1.5-473-550,0.08163265309,0.16326530618,0.6600967573005477,-0.0005935522321,1.5,473.0,550.0,473.00003,1.0265889,649.85333,490.3977,17.397675,1.0069412,-0.019647717,589.1272,-60.726135
1.5-473-550,0.2385542169,0.4771084338,0.6021818746711394,-0.0005414757638,1.5,473.0,550.0,541.45233,1.3834869,577.614,600.9752,59.52289,1.4749169,0.09143007,463.6218,-113.99222
1.5-473-550,0.4448979592,0.8897959184,0.960723235489121,0.0008638724771,1.5,473.0,550.0,665.80756,1.1467417,296.3926,769.6242,103.81665,1.3555025,0.20876074,213.91238,-82.480225
1.5-473-550,0.2554216867,0.5108433734,0.993141646395439,0.0008930227796,1.5,473.0,550.0,1194.6539,0.19199121,43.296234,936.1786,-258.47534,0.8947866,0.7027954,154.38849,111.092255
1.5-473-550,0.1795180723,0.3590361446,0.9726063657286781,-0.0008745576659,1.5,473.0,550.0,835.76294,0.61771625,73.03223,772.23596,-63.526978,0.82163215,0.2039159,288.31992,215.28769
1.5-473-550,0.2807228916,0.5614457832,0.09831793589120096,8.840647929e-05,1.5,473.0,550.0,526.6886,1.4717495,594.3323,623.4591,96.77051,1.3486031,-0.123146415,475.2653,-119.066986
1.5-473-550,0.4387755102,0.8775510204,0.999825745120423,0.0008990330526,1.5,473.0,550.0,670.8676,0.006213183,248.96645,807.7424,136.87476,1.1084988,1.1022856,194.3792,-54.58725
1.5-473-550,0.008163265274,0.016326530548,0.9945113832197316,-0.0008942544329,1.5,473.0,550.0,473.00003,0.050829407,649.85333,471.15152,-1.8485107,0.34566993,0.2948405,596.3528,-53.50055
1.5-473-550,0.4469387755,0.893877551,0.6600967573005477,-0.0005935522321,1.5,473.0,550.0,659.60913,1.7929147,352.59332,691.7739,32.164795,2.16487,0.37195528,288.0236,-64.56973
1.5-473-550,0.1987951807,0.3975903614,0.8206166047262803,-0.0007378900321,1.5,473.0,550.0,566.7676,1.2049414,544.3292,651.0886,84.321045,1.2752553,0.07031393,401.19107,-143.13815
1.5-473-550,0.04897959184,0.09795918368,0.7098470004029654,0.0006382871403,1.5,473.0,550.0,473.00003,0.98152983,649.85333,474.90646,1.9064331,0.9176301,-0.063899755,605.5582,-44.295105
1.5-473-550,0.3674698796,0.7349397592,0.6600967573005477,0.0005935522321,1.5,473.0,550.0,644.7955,2.0258086,406.3149,684.0093,39.213806,2.0033307,-0.022477865,321.68393,-84.63098
1.5-473-550,0.2602409639,0.5204819278,0.9985491866279087,-0.0008978851843,1.5,473.0,550.0,1214.0867,0.03936469,42.470306,950.5262,-263.5605,0.8728855,0.8335208,143.17865,100.70834
1.5-473-550,0.4979591837,0.9959183674,0.6600967573005477,-0.0005935522321,1.5,473.0,550.0,657.22876,1.7584317,362.7575,690.6412,33.412415,2.14171,0.38327837,285.38098,-77.376526
1.5-473-550,0.2915662651,0.5831325302,0.8705746216627653,-0.0007828117684,1.5,473.0,550.0,742.673,1.7362059,99.8979,791.2685,48.59552,1.5085133,-0.2276926,252.74916,152.85126
1.5-473-550,0.1192771084,0.2385542168,0.7525573838264147,-0.0006766918789,1.5,473.0,550.0,485.10614,0.9551377,638.0826,518.3353,33.229187,1.0644408,0.10930312,540.54956,-97.53302
1.5-473-550,0.351807229,0.703614458,0.9337895728803226,0.000839654004,1.5,473.0,550.0,883.6234,1.6834909,65.907196,858.47015,-25.15326,1.4279903,-0.25550056,177.11278,111.20558
1.5-473-550,0.2072289156,0.4144578312,0.9895407848051817,0.0008897849218,1.5,473.0,550.0,1226.5681,0.24995387,41.95923,855.2284,-371.33972,0.80862767,0.5586738,220.56358,178.60435
1.5-473-550,0.03061224488,0.06122448976,0.9726063657286781,-0.0008745576659,1.5,473.0,550.0,473.00003,0.26850963,649.85333,484.46622,11.466187,0.46594432,0.1974347,571.66266,-78.190674
1.5-473-550,0.08367346941,0.16734693882,0.9071317792997667,0.0008156835895,1.5,473.0,550.0,473.00003,0.69065046,649.85333,523.78564,50.785614,0.76554394,0.074893475,519.2922,-130.56116
1.5-473-550,0.2012048193,0.4024096386,0.9844268823757469,-0.0008851865532,1.5,473.0,550.0,1162.1139,0.36279267,44.772827,835.28864,-326.82526,0.82014006,0.4573474,236.63193,191.8591
1.5-473-550,0.3,0.6,0.9872047710533666,-0.0008876844022,1.5,473.0,550.0,1122.8579,0.4155286,46.726624,952.6227,-170.23523,1.0247896,0.609261,132.39705,85.670425
1.5-473-550,0.3325301205,0.665060241,0.22784103821928303,0.0002048723241,1.5,473.0,550.0,566.7431,1.6835517,545.4778,660.255,93.5119,1.5542861,-0.12926555,429.19437,-116.28342
1.5-473-550,0.008163265274,0.016326530548,0.998978267368595,-0.0008982710093,1.5,473.0,550.0,473.00003,0.008794123,649.85333,472.53058,-0.4694519,0.3304816,0.32168746,594.68036,-55.172974
1.5-473-550,0.1301204819,0.2602409638,0.8902853188558087,-0.0008005354251,1.5,473.0,550.0,510.28052,0.8621141,612.4846,589.59467,79.31415,0.9313605,0.06924641,454.0013,-158.4833
1.5-473-550,0.08775510207,0.17551020414,0.03282169735804886,2.951293354e-05,1.5,473.0,550.0,473.00003,1.1882316,649.85333,575.3064,102.306366,1.1701543,-0.018077254,525.6735,-124.17981
1.5-473-550,0.1578313253,0.3156626506,0.9993254186825348,0.0008985831642,1.5,473.0,550.0,880.17834,0.017392928,66.344604,757.2761,-122.90222,0.6534561,0.63606316,298.9137,232.56909
1.5-473-550,0.3795180723,0.7590361446,0.993141646395439,-0.0008930227796,1.5,473.0,550.0,1083.8547,0.32149327,48.886566,902.81573,-181.039,1.1224755,0.80098224,142.11343,93.22687
1.5-473-550,0.3240963856,0.6481927712,0.9973789933391554,0.0008968329585,1.5,473.0,550.0,1154.6045,0.0910049,45.13199,964.8658,-189.73871,1.0064385,0.9154336,117.64137,72.509384
1.5-473-550,0.5,1.0,0.09835895158380348,8.844336018e-05,1.5,473.0,550.0,657.02374,1.9560387,363.58524,722.8771,65.85333,2.0868669,0.13082814,305.07324,-58.511993
1.5-473-550,0.1602409638,0.3204819276,0.7098470004029654,-0.0006382871403,1.5,473.0,550.0,509.66174,1.0506163,613.15106,551.2486,41.586853,1.2087193,0.15810299,511.46338,-101.68768
1.5-473-550,0.2662650602,0.5325301204,0.22784103821928303,0.0002048723241,1.5,473.0,550.0,525.2714,1.4370749,595.90814,623.57416,98.302734,1.3288431,-0.10823178,480.72992,-115.17822
1.5-473-550,0.1385542168,0.2771084336,0.22784103821928303,0.0002048723241,1.5,473.0,550.0,482.93326,1.0950484,640.28156,574.0144,91.08115,1.1121,0.017051578,538.4742,-101.80737
1.5-473-550,0.4734693878,0.9469387756,0.9844268823757469,-0.0008851865532,1.5,473.0,550.0,658.6658,0.7306483,356.95615,739.2348,80.56903,1.1828659,0.45221758,239.13649,-117.81966
1.5-473-550,0.1759036144,0.3518072288,0.9844268823757469,-0.0008851865532,1.5,473.0,550.0,898.8043,0.3641745,64.03696,780.2282,-118.57611,0.7616566,0.3974821,281.10373,217.06677
1.5-473-550,0.1554216867,0.3108433734,0.9772248215579286,-0.000878710534,1.5,473.0,550.0,690.30225,0.64805186,152.08153,723.0036,32.701355,0.7440779,0.09602606,328.86642,176.7849
1.5-473-550,0.02653061223,0.05306122446,0.7098470004029654,-0.0006382871403,1.5,473.0,550.0,473.00003,0.98188823,649.85333,472.56564,-0.4343872,0.87500167,-0.106886566,616.9858,-32.867554
1.5-473-550,0.1204819277,0.2409638554,0.998978267368595,-0.0008982710093,1.5,473.0,550.0,710.2649,0.05593657,116.59624,663.7694,-46.495483,0.5751552,0.5192186,378.99344,262.39722
1.5-473-550,0.3722891567,0.7445783134,0.22784103821928303,0.0002048723241,1.5,473.0,550.0,604.50604,1.9308008,486.24545,681.5449,77.03888,1.7164851,-0.21431565,394.30438,-91.94107
1.5-473-550,0.3481927711,0.6963855422,0.5396442233296441,0.0004852425493,1.5,473.0,550.0,617.29913,1.8605738,465.06036,664.058,46.75885,1.8825792,0.022005439,372.67767,-92.38269
1.5-473-550,0.3457831326,0.6915662652,0.6600967573005477,-0.0005935522321,1.5,473.0,550.0,636.32385,1.8966714,427.51382,678.26965,41.9458,1.9294523,0.032780886,336.9117,-90.60211
1.5-473-550,0.2325301205,0.465060241,0.9872047710533666,0.0008876844022,1.5,473.0,550.0,1224.2399,0.318267,42.050934,896.02423,-328.21564,0.8775307,0.5592637,187.4379,145.38696
1.5-473-550,0.4,0.8,0.6603133566356632,-0.000593746996,1.5,473.0,550.0,655.9245,2.291082,368.0228,689.1371,33.212585,2.093783,-0.197299,303.62518,-64.39761
1.5-473-550,0.4816326531,0.9632653062,0.6021818746711394,-0.0005414757638,1.5,473.0,550.0,657.15594,1.7972949,363.0515,697.26776,40.111816,2.2004135,0.4031186,289.24487,-73.80664
1.5-473-550,0.2373493976,0.4746987952,0.9772248215579286,-0.000878710534,1.5,473.0,550.0,1161.7069,0.5743493,44.792603,886.98596,-274.72095,0.9405218,0.3661725,193.87523,149.08263
1.5-473-550,0.4979591837,0.9959183674,0.9671530517310813,0.0008696541019,1.5,473.0,550.0,657.392,1.0560001,362.09842,699.95215,42.56012,1.2388114,0.18281126,269.30804,-92.790375
1.5-473-550,0.1469879518,0.2939759036,0.9999999997775775,0.0008991897406,1.5,473.0,550.0,827.7535,-5.322157e-09,74.392715,730.9783,-96.77521,0.6273377,0.6273377,320.71417,246.32146
1.5-473-550,0.3349397591,0.6698795182,0.09831793590232207,-8.84064793e-05,1.5,473.0,550.0,561.69995,1.6792927,551.9524,649.47925,87.7793,1.513348,-0.1659447,436.34827,-115.604126
1.5-473-550,0.365060241,0.730120482,0.998978267368595,-0.0008982710093,1.5,473.0,550.0,1125.976,0.04074567,46.560028,930.56995,-195.406,1.0627398,1.0219942,128.60342,82.043396
1.5-473-550,0.191566265,0.38313253,0.9071317792997667,0.0008156835895,1.5,473.0,550.0,634.0803,1.1235683,429.58844,717.1233,83.04297,1.0814066,-0.042161703,337.9413,-91.647125
1.5-473-550,0.4244897959,0.8489795918,0.9956514833048237,0.0008952795992,1.5,473.0,550.0,698.49414,0.30066234,128.98401,830.2312,131.73706,1.1376834,0.83702105,180.28784,51.303833
1.5-473-550,0.4040816326,0.8081632652,0.8902853188558087,-0.0008005354251,1.5,473.0,550.0,784.35834,2.2324278,83.62718,773.14996,-11.208374,1.695829,-0.5365988,215.6685,132.04132
1.5-473-550,0.3469879518,0.6939759036,0.6021818746711394,0.0005414757638,1.5,473.0,550.0,626.79846,1.8789078,447.52673,668.1743,41.375854,1.917433,0.038525224,356.18436,-91.34238
1.5-473-550,0.2108433735,0.421686747,0.4163512323516047,-0.0003743787567,1.5,473.0,550.0,516.2973,1.2892526,605.8874,581.01575,64.718445,1.2627878,-0.02646482,516.90454,-88.98285
1.5-473-550,0.4673469388,0.9346938776,0.9993254186825348,0.0008985831642,1.5,473.0,550.0,659.48535,0.032494303,353.64752,756.75464,97.26929,1.0941337,1.0616394,229.08228,-124.56525
1.5-473-550,0.3204819277,0.6409638554,0.9973789933391554,0.0008968329585,1.5,473.0,550.0,1157.295,0.08981799,44.99936,966.42914,-190.8659,0.99977165,0.90995365,117.61629,72.61693
1.5-473-550,0.286746988,0.573493976,0.4163512323516047,-0.0003743787567,1.5,473.0,550.0,549.137,1.5235738,568.3085,629.15405,80.01703,1.5180001,-0.0055736303,453.05692,-115.25156
1.5-473-550,0.1313253012,0.2626506024,0.9996041061370615,-0.0008988337571,1.5,473.0,550.0,758.6688,0.014799053,91.13785,691.18036,-67.488464,0.59574425,0.5809452,354.73602,263.59818
1.5-473-550,0.178313253,0.356626506,0.6600967573005477,-0.0005935522321,1.5,473.0,550.0,516.4857,1.1167247,605.6779,558.61774,42.13202,1.2716464,0.15492165,509.4148,-96.26312
1.5-473-550,0.1506024096,0.3012048192,0.29146971579860803,-0.0002620865782,1.5,473.0,550.0,488.92764,1.0998689,634.2152,569.9916,81.063934,1.1154301,0.015561223,541.87823,-92.336975
1.5-473-550,0.1963855422,0.3927710844,0.9993254186825348,0.0008985831642,1.5,473.0,550.0,1172.1099,0.015095526,44.312195,848.1864,-323.92346,0.7350084,0.7199129,225.94221,181.63002
1.5-473-550,0.3120481928,0.6240963856,0.9215172744995802,0.0008286188792,1.5,473.0,550.0,868.6726,1.6187761,67.98062,856.5558,-12.116821,1.3920281,-0.22674799,194.69382,126.713196
1.5-473-550,0.2421686747,0.4843373494,0.9996041060258503,0.000898833757,1.5,473.0,550.0,1248.1995,0.008557254,41.10135,930.97296,-317.2265,0.8292558,0.82069856,160.04077,118.93942
1.5-473-550,0.343373494,0.686746988,0.9956514833048237,-0.0008952795992,1.5,473.0,550.0,1130.3226,0.16602409,46.329468,949.1349,-181.18774,1.0521451,0.88612103,122.37851,76.04904
1.5-473-550,0.126506024,0.253012048,0.22784103821928303,0.0002048723241,1.5,473.0,550.0,477.82767,1.097809,645.29926,572.08374,94.25607,1.1036159,0.005806923,540.59375,-104.705505
1.5-473-550,0.1831325301,0.3662650602,0.9531521909241071,0.0008570646715,1.5,473.0,550.0,740.53094,0.8926435,102.16562,754.6217,14.090759,0.9081869,0.015543401,303.9456,201.77997
1.5-473-550,0.3783132531,0.7566265062,0.9531521909241071,-0.0008570646715,1.5,473.0,550.0,916.4288,1.6013782,62.054688,856.4189,-60.009888,1.3707362,-0.23064196,169.6431,107.58841
1.5-473-550,0.08367346941,0.16734693882,0.9671530515086588,-0.0008696541017,1.5,473.0,550.0,473.00003,0.34286332,649.85333,557.19495,84.194916,0.606913,0.26404965,482.21268,-167.64066
1.5-473-550,0.2024096385,0.404819277,0.9844268823757469,-0.0008851865532,1.5,473.0,550.0,1166.7903,0.37429428,44.55545,837.72614,-329.06415,0.82292134,0.44862705,234.66943,190.11398
1.5-473-550,0.1722891566,0.3445783132,0.7892004020960466,0.000709640905,1.5,473.0,550.0,528.8139,1.0605056,591.969,595.095,66.28107,1.2118281,0.15132248,458.37527,-133.59372
1.5-473-550,0.1493975903,0.2987951806,0.8705746216627653,-0.0007828117684,1.5,473.0,550.0,525.42444,0.93880594,595.7381,609.6263,84.20184,1.0288693,0.09006333,437.1912,-158.5469
1.5-473-550,0.1939759036,0.3879518072,0.7098470004029654,0.0006382871403,1.5,473.0,550.0,532.2207,1.1856393,588.1806,587.0385,54.81781,1.3276027,0.14196348,472.8051,-115.37549
1.5-473-550,0.256626506,0.513253012,0.4163512323516047,-0.0003743787567,1.5,473.0,550.0,530.67413,1.4227322,589.90045,609.62463,78.9505,1.4063281,-0.016404152,479.9957,-109.904755
1.5-473-550,0.1855421686,0.3710843372,0.9844268823757469,0.0008851865532,1.5,473.0,550.0,977.34143,0.36156285,56.282806,801.983,-175.35846,0.78394634,0.4223835,263.46896,207.18616
1.5-473-550,0.09795918369,0.19591836738,1.0,-0.0008991897408,1.5,473.0,550.0,473.0043,-5.322157e-09,649.8493,612.11017,139.10587,0.52239805,0.52239805,427.09842,-222.75089
1.5-473-550,0.06530612246,0.13061224492,0.8705746216627653,-0.0007828117684,1.5,473.0,550.0,473.00003,0.7879935,649.85333,489.2015,16.201477,0.78732944,-0.00066405535,562.13025,-87.72308
1.5-473-550,0.04489795918,0.08979591836,0.7892004020960466,-0.000709640905,1.5,473.0,550.0,473.00003,0.8991197,649.85333,467.216,-5.784027,0.84533596,-0.053783715,602.8041,-47.049255
1.5-473-550,0.2674698795,0.534939759,0.8475322498919685,0.0007620923041,1.5,473.0,550.0,680.63525,1.6328388,223.35037,752.55597,71.920715,1.4825689,-0.15026999,294.26016,70.90979
1.5-473-550,0.1746987951,0.3493975902,0.7892004020960466,-0.000709640905,1.5,473.0,550.0,530.95776,1.0700407,589.58496,598.3307,67.372925,1.2203826,0.15034187,455.15775,-134.42722
1.5-473-550,0.1819277108,0.3638554216,0.9671530515086588,0.0008696541017,1.5,473.0,550.0,824.0671,0.70399785,75.28874,770.2013,-53.865784,0.85025924,0.1462614,290.28787,214.99913
1.5-473-550,0.3698795181,0.7397590362,0.22784103833049427,-0.0002048723242,1.5,473.0,550.0,602.43335,1.9136775,489.4996,680.3064,77.87305,1.7064184,-0.20725906,396.45108,-93.04852
1.5-473-550,0.3771084338,0.7542168676,0.16340484119544796,0.0001469319568,1.5,473.0,550.0,605.9395,1.958012,483.995,678.87854,72.939026,1.6989627,-0.2590493,395.47153,-88.52347
1.5-473-550,0.1144578313,0.2289156626,0.9337895728803226,-0.000839654004,1.5,473.0,550.0,505.39725,0.7155975,617.54803,591.4125,86.01523,0.78348404,0.06788653,448.8839,-168.66412
1.5-473-550,0.2662650602,0.5325301204,0.9980223152919674,0.000897411427,1.5,473.0,550.0,1206.104,0.055491205,42.80957,955.146,-250.95801,0.8884885,0.83299726,138.79022,95.98065
1.5-473-550,0.1108433734,0.2216867468,0.9337895728803226,-0.000839654004,1.5,473.0,550.0,500.03473,0.6964269,622.97485,584.5148,84.48004,0.7737875,0.07736057,455.5155,-167.45935
1.5-473-550,0.03673469387,0.07346938774,0.993141646395439,0.0008930227796,1.5,473.0,550.0,473.00003,0.06673389,649.85333,499.7554,26.755371,0.4131653,0.3464314,552.1848,-97.66852
1.5-473-550,0.06326530613,0.12653061226,0.9531521909241071,0.0008570646715,1.5,473.0,550.0,473.00003,0.46373558,649.85333,516.19415,43.194122,0.59953624,0.13580066,527.92,-121.93335
1.5-473-550,0.03469387754,0.06938775508,0.22784103821928303,0.0002048723241,1.5,473.0,550.0,473.00003,1.2305847,649.85333,574.9509,101.9509,1.0650465,-0.16553819,539.63696,-110.21637
1.5-473-550,0.1903614457,0.3807228914,0.9999999997775775,0.0008991897406,1.5,473.0,550.0,1112.4591,-5.322157e-09,47.30725,835.967,-276.49213,0.7188582,0.7188582,235.57047,188.26321
1.5-473-550,0.2421686747,0.4843373494,0.6600967573005477,-0.0005935522321,1.5,473.0,550.0,558.16046,1.4113406,556.7054,616.939,58.778564,1.5125835,0.1012429,438.8264,-117.879
1.5-473-550,0.3855421687,0.7710843374,0.9726063657286781,0.0008745576659,1.5,473.0,550.0,974.6695,1.2219944,56.50717,869.3116,-105.35791,1.2645148,0.042520404,160.33606,103.82889
1.5-473-550,0.3626506025,0.725301205,0.8705746216627653,-0.0007828117684,1.5,473.0,550.0,772.9203,2.0457623,87.10277,787.7699,14.849609,1.704012,-0.34175026,221.73515,134.63239
1.5-473-550,0.4775510204,0.9551020408,0.8705746216627653,0.0007828117684,1.5,473.0,550.0,658.00134,1.4879279,359.63864,699.1063,41.10498,1.728372,0.24044406,258.75418,-100.88446
1.5-473-550,0.3710843374,0.7421686748,0.03282169734692774,-2.951293353e-05,1.5,473.0,550.0,597.7291,1.9052495,496.61044,655.6671,57.93799,1.6291956,-0.2760539,412.63177,-83.97867
1.5-473-550,0.1469879518,0.2939759036,0.9071317792997667,0.0008156835895,1.5,473.0,550.0,535.92664,0.89037377,584.0596,633.3022,97.37555,0.94426847,0.0538947,412.2754,-171.78418
1.5-473-550,0.1771084337,0.3542168674,0.9999999997775775,0.0008991897406,1.5,473.0,550.0,1003.1512,-5.322157e-09,54.280975,805.3136,-197.83759,0.6909859,0.6909859,259.94284,205.66187
1.5-473-550,0.3843373495,0.768674699,0.7525573838264147,0.0006766918789,1.5,473.0,550.0,667.3149,2.200372,282.9074,710.92664,43.611755,1.9978307,-0.20254123,277.89136,-5.0160522
1.5-473-550,0.386746988,0.773493976,0.9993254186825348,-0.0008985831642,1.5,473.0,550.0,1106.8807,0.029888326,47.580322,899.6499,-207.23083,1.0872338,1.0573455,143.02217,95.44185
1.5-473-550,0.3156626506,0.6313253012,0.16340484097302546,-0.0001469319566,1.5,473.0,550.0,547.102,1.5944983,570.97925,647.0565,99.95453,1.463617,-0.13088131,447.23242,-123.746826
1.5-473-550,0.3469879518,0.6939759036,0.9215172744995802,-0.0008286188792,1.5,473.0,550.0,860.00275,1.7548484,69.18359,847.0455,-12.957275,1.4754597,-0.27938867,186.6833,117.49971
1.5-473-550,0.2204819277,0.4409638554,0.9915009044774012,0.0008915474413,1.5,473.0,550.0,1265.6243,0.20578694,40.45346,883.14386,-382.4804,0.8279299,0.622143,198.20517,157.75171
1.5-473-550,0.1301204819,0.2602409638,0.998978267368595,-0.0008982710093,1.5,473.0,550.0,748.8872,0.04498368,94.731094,687.45703,-61.430176,0.59587,0.55088633,358.01123,263.28015
1.5-473-550,0.4142857143,0.8285714286,0.7892004020960466,-0.000709640905,1.5,473.0,550.0,687.79083,2.2875814,150.03062,716.0659,28.275085,1.9900047,-0.29757679,258.60687,108.57625
1.5-473-550,0.3686746988,0.7373493976,0.2914697156873968,0.0002620865781,1.5,473.0,550.0,605.0656,1.9159567,485.36694,681.3188,76.253174,1.7472645,-0.16869223,391.9973,-93.36963
1.5-473-550,0.4734693878,0.9469387756,0.9772248215579286,-0.000878710534,1.5,473.0,550.0,658.6449,0.9018123,357.04068,735.90924,77.26434,1.227066,0.32525373,240.24161,-116.79907
1.5-473-550,0.3819277109,0.7638554218,0.22784103821928303,0.0002048723241,1.5,473.0,550.0,612.38086,2.002921,473.59393,686.41455,74.03369,1.756777,-0.24614406,385.71597,-87.87796
1.5-473-550,0.2108433734,0.4216867468,0.9915009044774012,-0.0008915474413,1.5,473.0,550.0,1261.1561,0.20752001,40.618347,865.3609,-395.79523,0.8066684,0.5991484,212.4588,171.84045
1.5-473-550,0.2192771084,0.4385542168,0.9811301446957078,-0.0008822221605,1.5,473.0,550.0,1221.3049,0.4436195,42.167267,864.44604,-356.8589,0.8782893,0.4346698,212.98395,170.81668
1.5-473-550,0.3783132531,0.7566265062,0.9999999997775775,-0.0008991897406,1.5,473.0,550.0,1118.6594,-5.322157e-09,46.97574,913.5371,-205.12231,1.0728561,1.0728561,136.22368,89.24794
1.5-473-550,0.07142857145,0.1428571429,0.9996041060258503,0.000898833757,1.5,473.0,550.0,473.00003,0.0032654947,649.85333,557.35236,84.352325,0.46631217,0.46304667,483.21313,-166.6402
1.5-473-550,0.2289156626,0.4578313252,0.960723235489121,-0.0008638724771,1.5,473.0,550.0,1105.7467,0.89354384,47.664307,849.0207,-256.726,0.99837065,0.10482681,224.51389,176.84958
1.5-473-550,0.3566265061,0.7132530122,0.9999999997775775,0.0008991897406,1.5,473.0,550.0,1138.0325,-5.322157e-09,45.971313,942.3014,-195.73108,1.0431964,1.0431964,123.40346,77.432144
1.5-473-550,0.3180722892,0.6361445784,0.8475322498919685,-0.0007620923041,1.5,473.0,550.0,714.3261,1.8543984,120.0291,775.52203,61.195923,1.651675,-0.20272338,253.11055,133.08145
1.5-473-550,0.3891566266,0.7783132532,0.7892004020960466,0.000709640905,1.5,473.0,550.0,687.6173,2.2814043,166.03728,724.84546,37.22815,1.9546634,-0.32674086,261.11588,95.0786
1.5-473-550,0.4775510204,0.9551020408,0.9442484491033019,-0.0008490585182,1.5,473.0,550.0,658.1869,1.2365495,358.88943,717.6269,59.440002,1.4052821,0.16873264,249.20493,-109.68451
1.5-473-550,0.4367346939,0.8734693878,0.998978267368595,0.0008982710093,1.5,473.0,550.0,673.0648,0.06113177,229.58945,810.79584,137.73102,1.1147608,1.053629,192.35188,-37.237564
1.5-473-550,0.3012048193,0.6024096386,0.9671530515086588,-0.0008696541017,1.5,473.0,550.0,1020.7808,0.99995047,52.965576,920.623,-100.15784,1.1441463,0.14419585,153.80983,100.84425
1.5-473-550,0.2746987952,0.5493975904,0.8206166047262803,0.0007378900321,1.5,473.0,550.0,656.4818,1.6425105,356.35568,733.1547,76.67291,1.5583966,-0.084113955,308.45428,-47.901398
1.5-473-550,0.1638554216,0.3277108432,0.9895407848051817,-0.0008897849218,1.5,473.0,550.0,852.6051,0.27356875,70.20825,758.84845,-93.75665,0.71129227,0.43772352,298.25217,228.04391
1.5-473-550,0.0,0.0,0.9215671388362886,-0.0008286637167,1.5,473.0,550.0,473.00003,0.90842825,649.85333,453.11444,-19.88559,0.5314904,-0.37693787,625.92975,-23.923584
1.5-473-550,0.0897959184,0.1795918368,0.9996041061370615,-0.0008988337571,1.5,473.0,550.0,473.00003,0.0032549447,649.85333,593.98065,120.98062,0.5062822,0.50302726,444.959,-204.89432
1.5-473-550,0.3409638555,0.681927711,0.9985491866279087,0.0008978851843,1.5,473.0,550.0,1146.0542,0.052626725,45.553528,955.6613,-190.39288,1.0282058,0.975579,118.985916,73.43239
1.5-473-550,0.4734693878,0.9469387756,0.9915009044774012,0.0008915474413,1.5,473.0,550.0,658.68713,0.45522216,356.87,742.65704,83.96991,1.1381289,0.68290675,238.03807,-118.831924
1.5-473-550,0.3493975904,0.6987951808,0.9844268823757469,-0.0008851865532,1.5,473.0,550.0,1068.5715,0.6099583,49.78293,927.0425,-141.52905,1.1369603,0.527002,134.33847,84.55554
1.5-473-550,0.3493975904,0.6987951808,0.960723235489121,0.0008638724771,1.5,473.0,550.0,960.2489,1.3077418,57.78772,894.16016,-66.088745,1.2812032,-0.02653861,154.8554,97.06767
1.5-473-550,0.05714285715,0.1142857143,0.9980223152919674,0.000897411427,1.5,473.0,550.0,473.00003,0.019544417,649.85333,531.494,58.493988,0.44090796,0.42136353,512.4622,-137.39111
1.5-473-550,0.1192771084,0.2385542168,0.9531521909241071,0.0008570646715,1.5,473.0,550.0,524.7063,0.67385095,596.5366,616.5826,91.87628,0.7395789,0.06572795,424.04117,-172.49545
1.5-473-550,0.3313253012,0.6626506024,0.8902853187445975,0.000800535425,1.5,473.0,550.0,802.7755,1.8368195,79.517975,817.8728,15.09729,1.5630401,-0.2737794,214.2062,134.68823
1.5-473-550,0.3506024097,0.7012048194,0.47796385156444166,-0.0004297801918,1.5,473.0,550.0,609.72314,1.8514897,477.8145,665.3335,55.61035,1.8399407,-0.011548996,383.95514,-93.859375
1.5-473-550,0.1036144578,0.2072289156,0.9872047710533666,0.0008876844022,1.5,473.0,550.0,568.3624,0.26165384,542.5063,612.95435,44.59192,0.5844834,0.32282954,426.28485,-116.221436
1.5-473-550,0.1289156626,0.2578313252,0.3542741437603377,0.0003185596755,1.5,473.0,550.0,479.97958,1.0818022,643.25726,555.6376,75.65799,1.0904202,0.008617997,554.91644,-88.34082
1.5-473-550,0.5,1.0,0.890355102903772,0.0008005981742,1.5,473.0,550.0,657.33636,1.4519824,362.323,684.41473,27.07837,1.5981622,0.1461798,273.81967,-88.50333
1.5-473-550,0.0897959184,0.1795918368,0.998978267368595,-0.0008982710093,1.5,473.0,550.0,473.00003,0.009681398,649.85333,593.44464,120.44461,0.5087258,0.49904442,445.48016,-204.37317
1.5-473-550,0.2710843374,0.5421686748,0.9215172744995802,-0.0008286188792,1.5,473.0,550.0,875.7782,1.4926052,67.01813,840.8699,-34.908325,1.2784774,-0.21412778,221.75246,154.73433
1.5-473-550,0.2265060241,0.4530120482,0.8206166047262803,0.0007378900321,1.5,473.0,550.0,619.4909,1.4095908,460.16983,687.04095,67.55005,1.3782821,-0.03130877,364.10138,-96.06845
1.5-473-550,0.3626506025,0.725301205,0.7892004020960466,0.000709640905,1.5,473.0,550.0,673.64105,2.0667474,231.16069,730.827,57.185974,1.8956681,-0.17107928,268.54123,37.38054
1.5-473-550,0.2734939759,0.5469879518,0.22784103821928303,0.0002048723241,1.5,473.0,550.0,527.4607,1.4563506,593.4737,627.46704,100.00635,1.3496977,-0.106652856,475.69788,-117.77582
1.5-473-550,0.4591836735,0.918367347,0.7525573838264147,-0.0006766918789,1.5,473.0,550.0,659.2175,1.6564691,354.7289,693.63165,34.414124,2.062111,0.4056418,270.7807,-83.94821
1.5-473-550,0.2301204819,0.4602409638,0.7892004020960466,-0.000709640905,1.5,473.0,550.0,601.9594,1.4083569,489.48944,667.6727,65.71332,1.4283589,0.020002007,382.48645,-107.00299
1.5-473-550,0.330120482,0.660240964,0.9872047710533666,-0.0008876844022,1.5,473.0,550.0,1100.2897,0.46210283,47.933105,945.5573,-154.73236,1.0845184,0.6224156,128.22252,80.28941
1.5-473-550,0.2662650602,0.5325301204,0.8902853187445975,0.000800535425,1.5,473.0,550.0,786.7077,1.6086293,83.966095,797.69806,10.990356,1.3703966,-0.23823273,257.25488,173.28879
1.5-473-550,0.4673469388,0.9346938776,0.9811301446957078,0.0008822221605,1.5,473.0,550.0,659.42883,0.8149122,353.8758,746.95636,87.52753,1.2114877,0.39657545,232.54199,-121.3338
1.5-473-550,0.2939759036,0.5879518072,0.960723235489121,-0.0008638724771,1.5,473.0,550.0,998.3344,1.1135759,54.62329,909.29065,-89.04376,1.1618067,0.048230767,164.02226,109.39897
1.5-473-550,0.04081632652,0.08163265304,0.09831793590232207,-8.84064793e-05,1.5,473.0,550.0,473.00003,1.2503611,649.85333,579.22784,106.22781,1.1253887,-0.12497234,526.2611,-123.592224
1.5-473-550,0.113253012,0.226506024,0.9844268823757469,0.0008851865532,1.5,473.0,550.0,584.14594,0.4018712,515.5666,631.8942,47.74829,0.61699724,0.21512604,408.4942,-107.07239
1.5-473-550,0.2927710844,0.5855421688,0.9844268823757469,-0.0008851865532,1.5,473.0,550.0,1115.9166,0.48979962,47.097504,946.7149,-169.20172,1.0263988,0.53659916,138.42691,91.32941
1.5-473-550,0.3590361446,0.7180722892,0.4163512326852384,0.000374378757,1.5,473.0,550.0,607.9233,1.8821547,480.80765,672.27875,64.35547,1.8172337,-0.06492102,386.5747,-94.23294
1.5-473-550,0.05510204082,0.11020408164,0.8475322498919685,0.0007620923041,1.5,473.0,550.0,473.00003,0.826825,649.85333,476.06406,3.0640259,0.797824,-0.029000998,581.6933,-68.160034
1.5-473-550,0.2228915663,0.4457831326,0.03282169735804886,2.951293354e-05,1.5,473.0,550.0,512.8059,1.3293713,609.76984,594.4792,81.67328,1.2517128,-0.077658534,505.6942,-104.07562
1.5-473-550,0.2180722891,0.4361445782,0.03282169735804886,2.951293354e-05,1.5,473.0,550.0,511.52573,1.3180076,611.1934,593.05286,81.52713,1.2457515,-0.07225609,507.4248,-103.768616
1.5-473-550,0.1831325301,0.3662650602,0.6600967573005477,0.0005935522321,1.5,473.0,550.0,519.3542,1.1361501,602.48816,563.0948,43.7406,1.2882234,0.15207326,504.35663,-98.13153
1.5-473-550,0.3048192771,0.6096385542,0.9915009044774012,-0.0008915474413,1.5,473.0,550.0,1140.2552,0.28062677,45.839417,959.9374,-180.31787,1.0078083,0.72718155,126.158844,80.31943
1.5-473-550,0.169879518,0.339759036,0.29146971579860803,-0.0002620865782,1.5,473.0,550.0,497.28336,1.1337359,625.7593,575.8671,78.58377,1.1398888,0.0061528683,535.1288,-90.63049
1.5-473-550,0.4836734694,0.9673469388,0.9985491866279087,0.0008978851843,1.5,473.0,550.0,657.8789,0.07512175,360.13293,730.15625,72.27734,1.0779314,1.0028096,249.92577,-110.20717
1.5-473-550,0.4183673469,0.8367346938,0.9996041060258503,0.000898833757,1.5,473.0,550.0,721.17847,0.02293777,108.70511,845.15436,123.97589,1.1082728,1.085335,172.00581,63.300705
1.5-473-550,0.4204081632,0.8408163264,0.6600967573005477,0.0005935522321,1.5,473.0,550.0,659.8867,2.2792103,345.0625,690.7703,30.883606,2.1345422,-0.1446681,295.37598,-49.686523
1.5-473-550,0.4918367347,0.9836734694,0.9811301446957078,-0.0008822221605,1.5,473.0,550.0,657.5362,0.8189053,361.5164,711.78796,54.25177,1.1716111,0.35270578,261.48065,-100.035736
1.5-473-550,0.1734939759,0.3469879518,0.9726063657286781,0.0008745576659,1.5,473.0,550.0,784.637,0.6388976,83.761566,758.8325,-25.804504,0.80681485,0.16791725,299.35614,215.59457
1.5-473-550,0.1891566265,0.378313253,0.3542741437603377,0.0003185596755,1.5,473.0,550.0,506.4349,1.1932425,616.4979,576.3617,69.92679,1.1840469,-0.009195685,530.05524,-86.44269
1.5-473-550,0.1289156626,0.2578313252,0.9872047710533666,0.0008876844022,1.5,473.0,550.0,646.0445,0.48790258,402.86517,671.29913,25.254639,0.6420872,0.15418464,372.74063,-30.124542
1.5-473-550,0.104819277,0.209638554,0.960723235489121,0.0008638724771,1.5,473.0,550.0,502.43295,0.5315079,620.54785,593.0705,90.63754,0.67906,0.14755207,446.01685,-174.531
1.5-473-550,0.004081632618,0.008163265236,0.9872047710533666,-0.0008876844022,1.5,473.0,550.0,473.00003,0.14137644,649.85333,465.99908,-7.000946,0.36077344,0.21939701,604.5934,-45.25995
1.5-473-550,0.4285714286,0.8571428572,0.9726063657286781,0.0008745576659,1.5,473.0,550.0,686.89667,1.1269599,149.60796,803.45105,116.55438,1.2895008,0.16254091,194.25989,44.65193
1.5-473-550,0.3277108434,0.6554216868,0.9772248215579286,-0.000878710534,1.5,473.0,550.0,1051.0338,0.79677266,50.903625,931.468,-119.565796,1.1422889,0.34551626,137.97559,87.07196
1.5-473-550,0.2554216867,0.5108433734,0.16340484119544796,0.0001469319568,1.5,473.0,550.0,521.28534,1.4091835,600.34076,616.61316,95.32782,1.2890712,-0.1201123,488.84897,-111.49179
1.5-473-550,0.2530120482,0.5060240964,0.6021818746711394,0.0005414757638,1.5,473.0,550.0,553.7139,1.4410344,562.308,612.2515,58.537598,1.5327277,0.09169328,448.15353,-114.15445
1.5-473-550,0.1975903614,0.3951807228,0.9999999997775775,-0.0008991897406,1.5,473.0,550.0,1187.1001,-5.322157e-09,43.653717,851.8491,-335.25098,0.7340302,0.7340302,223.02916,179.37544
1.5-473-550,0.2361445783,0.4722891566,0.9895407849163931,0.0008897849219,1.5,473.0,550.0,1222.5414,0.26782137,42.118256,905.32544,-317.21594,0.8730404,0.605219,179.98149,137.86324
1.5-473-550,0.2734939759,0.5469879518,0.9215172744995802,0.0008286188792,1.5,473.0,550.0,874.38934,1.4998841,67.21228,842.6158,-31.77356,1.285461,-0.21442318,219.6367,152.42442
1.5-473-550,0.2301204819,0.4602409638,0.9844268823757469,-0.0008851865532,1.5,473.0,550.0,1219.2554,0.37927067,42.252014,887.74664,-331.50873,0.88666624,0.50739557,194.02971,151.7777
1.5-473-550,0.2457831325,0.491566265,0.7098470004029654,-0.0006382871403,1.5,473.0,550.0,581.3638,1.4478059,522.1963,638.35614,56.99237,1.5310326,0.08322668,411.49924,-110.69705
1.5-473-550,0.3843373495,0.768674699,0.6021818746711394,-0.0005414757638,1.5,473.0,550.0,644.0302,2.1227748,408.41763,680.84753,36.81732,2.0480132,-0.07476163,328.56042,-79.85721
1.5-473-550,0.3277108434,0.6554216868,0.8705746216627653,-0.0007828117684,1.5,473.0,550.0,763.55884,1.8728611,90.442,797.9133,34.354492,1.6175307,-0.25533044,230.8529,140.4109
1.5-473-550,0.2626506024,0.5253012048,0.9337895728803226,-0.000839654004,1.5,473.0,550.0,920.94745,1.3774061,61.653015,850.7992,-70.148254,1.2055995,-0.17180657,216.63551,154.9825
1.5-473-550,0.308433735,0.61686747,0.9215172744995802,0.0008286188792,1.5,473.0,550.0,869.0443,1.6083721,67.93082,856.3688,-12.675537,1.3825527,-0.22581935,196.31017,128.37935
1.5-473-550,0.1746987951,0.3493975902,0.9965972946963587,0.0008961300631,1.5,473.0,550.0,960.9122,0.083692364,57.707733,794.62024,-166.29193,0.70243627,0.6187439,268.7258,211.01807
1.5-473-550,0.395180723,0.790361446,0.9915009044774012,0.0008915474413,1.5,473.0,550.0,1055.8691,0.45804358,50.591675,876.6641,-179.20502,1.1502981,0.69225454,154.96521,104.373535
1.5-473-550,0.3168674699,0.6337349398,0.9973789933391554,0.0008968329585,1.5,473.0,550.0,1160.1,0.088614635,44.86209,967.70154,-192.39844,0.9930211,0.9044064,117.77286,72.91077
1.5-473-550,0.156626506,0.313253012,0.9931416465066502,-0.0008930227797,1.5,473.0,550.0,828.4382,0.20223898,74.190414,746.05786,-82.38031,0.67909604,0.47685707,308.56708,234.37666
1.5-473-550,0.2578313253,0.5156626506,0.16340484119544796,0.0001469319568,1.5,473.0,550.0,521.8429,1.4148935,599.72076,617.7527,95.90979,1.2947259,-0.12016761,487.41785,-112.30292
1.5-473-550,0.2795180723,0.5590361446,0.6600967573005477,-0.0005935522321,1.5,473.0,550.0,598.60046,1.5797676,494.85837,645.5169,46.916443,1.6667715,0.08700395,397.85623,-97.00214
1.5-473-550,0.2108433734,0.4216867468,0.9999999997775775,0.0008991897406,1.5,473.0,550.0,1294.2045,-5.322157e-09,39.923004,879.0961,-415.10834,0.76178354,0.76178354,201.5598,161.6368
1.5-473-550,0.3698795181,0.7397590362,0.9671530515086588,0.0008696541017,1.5,473.0,550.0,967.03265,1.2687272,57.17517,882.5576,-84.47504,1.2775576,0.008830428,155.96674,98.791565
1.5-473-550,0.3361445784,0.6722891568,0.22784103821928303,0.0002048723241,1.5,473.0,550.0,570.2196,1.7026895,540.05115,662.25006,92.03046,1.5684904,-0.13419914,426.09778,-113.95337
1.5-473-550,0.234939759,0.469879518,0.9772248215579286,0.000878710534,1.5,473.0,550.0,1169.8541,0.56685615,44.417908,883.50214,-286.352,0.9347965,0.36794037,196.84041,152.4225
1.5-473-550,0.4346938775,0.869387755,0.9844268823757469,0.0008851865532,1.5,473.0,550.0,675.5115,0.82722306,208.05916,802.65063,127.13916,1.2134356,0.3862126,195.64273,-12.416428
1.5-473-550,0.2421686747,0.4843373494,0.9985491866279087,-0.0008978851843,1.5,473.0,550.0,1243.9342,0.03699642,41.270416,929.1537,-314.78052,0.83539176,0.79839534,161.39627,120.125854
1.5-473-550,0.2578313253,0.5156626506,0.9772248215579286,0.000878710534,1.5,473.0,550.0,1116.1356,0.6281672,47.08734,912.1046,-204.031,0.98879755,0.36063033,171.63884,124.5515
1.5-473-550,0.2192771084,0.4385542168,0.2914697156873968,0.0002620865781,1.5,473.0,550.0,514.9539,1.319413,607.3813,596.9341,81.98016,1.2295197,-0.08989322,510.6448,-96.73648
1.5-473-550,0.3096385542,0.6192771084,0.999825745120423,0.0008990330526,1.5,473.0,550.0,1176.3909,0.0032791442,44.116394,973.48724,-202.90363,0.96308464,0.9598055,115.94328,71.82689
1.5-473-550,0.2457831325,0.491566265,0.9726063657286781,-0.0008745576659,1.5,473.0,550.0,1114.0653,0.7167269,47.20172,890.91486,-223.15045,0.9840977,0.26737082,189.68417,142.48245
1.5-473-550,0.2457831325,0.491566265,0.9973789933391554,0.0008968329585,1.5,473.0,550.0,1230.6659,0.069936566,41.796295,931.9647,-298.70117,0.8497476,0.779811,158.88231,117.08601
1.5-473-550,0.2060240963,0.4120481926,0.9945113832197316,-0.0008942544329,1.5,473.0,550.0,1234.0505,0.13413763,41.66214,860.68286,-373.36768,0.78056794,0.6464303,216.17035,174.50821
1.5-473-550,0.4061224489,0.8122448978,0.4163512323516047,-0.0003743787567,1.5,473.0,550.0,637.84216,2.222599,424.31387,694.72595,56.88379,2.003497,-0.21910214,346.67032,-77.643555
1.5-473-550,0.2951807229,0.5903614458,0.9999999997775775,-0.0008991897406,1.5,473.0,550.0,1186.4739,-5.322157e-09,43.674713,973.60004,-212.87384,0.93409914,0.93409914,119.56642,75.89171
1.5-473-550,0.2746987952,0.5493975904,0.9811301448069191,0.0008822221606,1.5,473.0,550.0,1117.4419,0.5494885,47.01602,932.8128,-184.62909,1.0059708,0.45648235,152.87053,105.85451
1.5-473-550,0.2554216867,0.5108433734,0.9811301448069191,0.0008822221606,1.5,473.0,550.0,1138.9196,0.517627,45.905273,915.9841,-222.93549,0.962215,0.444588,169.22975,123.32448
1.5-473-550,0.4877551021,0.9755102042,0.9071317792997667,-0.0008156835895,1.5,473.0,550.0,657.58954,1.3967235,361.30103,697.22675,39.637207,1.5600672,0.16334367,262.49643,-98.804596
1.5-473-550,0.3204819277,0.6409638554,0.16340484119544796,0.0001469319568,1.5,473.0,550.0,551.1435,1.6155723,565.90674,649.5907,98.447205,1.4804069,-0.13516545,443.43237,-122.474365
1.5-473-550,0.256626506,0.513253012,0.47796385156444166,0.0004297801918,1.5,473.0,550.0,536.1045,1.4293922,583.8619,607.07,70.965515,1.456127,0.026734829,472.867,-110.99487
1.5-473-550,0.1301204819,0.2602409638,0.6021818746711394,-0.0005414757638,1.5,473.0,550.0,485.62872,1.0302509,637.5538,518.5272,32.8985,1.1230665,0.09281564,563.51996,-74.03381
1.5-473-550,0.1518072289,0.3036144578,0.9993254186825348,0.0008985831642,1.5,473.0,550.0,847.1309,0.01907521,71.08118,742.215,-104.91589,0.64065206,0.62157685,311.36795,240.28677
1.5-473-550,0.2903614458,0.5807228916,0.9772248215579286,-0.000878710534,1.5,473.0,550.0,1081.0082,0.7023901,49.055817,934.2007,-146.8075,1.0632234,0.3608333,147.73442,98.678604
1.5-473-550,0.2987951807,0.5975903614,0.09831793589120096,8.840647929e-05,1.5,473.0,550.0,533.4205,1.5271199,586.84644,631.8869,98.46643,1.3976157,-0.1295042,463.30936,-123.53708
1.5-473-550,0.1204819277,0.2409638554,0.7892004020960466,0.000709640905,1.5,473.0,550.0,488.26276,0.93307734,634.8881,528.3686,40.105835,1.0419663,0.108888984,525.1371,-109.75104
1.5-473-550,0.1144578313,0.2289156626,0.999825745120423,0.0008990330526,1.5,473.0,550.0,694.6202,0.00655889,134.30217,650.14417,-44.476013,0.558659,0.5521001,391.32132,257.01917
1.5-473-550,0.3891566266,0.7783132532,0.7525573838264147,0.0006766918789,1.5,473.0,550.0,669.62915,2.2474072,262.0241,710.24695,40.617798,2.0081227,-0.23928452,276.38104,14.356934
1.5-473-550,0.256626506,0.513253012,0.8206166047262803,-0.0007378900321,1.5,473.0,550.0,648.0701,1.56866,393.2582,718.72974,70.65961,1.491461,-0.07719898,327.6686,-65.5896
1.5-473-550,0.1277108433,0.2554216866,0.9442484491033019,-0.0008490585182,1.5,473.0,550.0,530.6129,0.74670255,589.96844,626.4772,95.86426,0.789049,0.042346478,415.48755,-174.4809
1.5-473-550,0.2518072289,0.5036144578,0.9337895728803226,0.000839654004,1.5,473.0,550.0,921.7799,1.363562,61.58084,840.0236,-81.75629,1.1748518,-0.18871021,227.74872,166.16788
1.5-473-550,0.4857142857,0.9714285714,0.6021818746711394,0.0005414757638,1.5,473.0,550.0,657.1657,1.7978648,363.01193,697.52795,40.362244,2.1988554,0.4009906,288.7587,-74.253235
1.5-473-550,0.07346938777,0.14693877554,0.9895407848051817,0.0008897849218,1.5,473.0,550.0,473.00003,0.10803758,649.85333,553.97784,80.97781,0.5077158,0.39967823,486.327,-163.52634
1.5-473-550,0.4877551021,0.9755102042,0.9071317792997667,0.0008156835895,1.5,473.0,550.0,657.58954,1.3967221,361.301,697.22675,39.637207,1.5600672,0.1633451,262.49643,-98.804565
1.5-473-550,0.191566265,0.38313253,0.8475322498919685,-0.0007620923041,1.5,473.0,550.0,570.68866,1.1431621,537.56244,661.24066,90.552,1.2102742,0.06711209,390.77563,-146.7868
1.5-473-550,0.3903614458,0.7807228916,0.9071317792997667,0.0008156835895,1.5,473.0,550.0,826.3176,2.1260922,74.637054,798.87354,-27.444092,1.6129371,-0.5131551,202.60825,127.97119
1.5-473-550,0.4326530612,0.8653061224,0.4163512326852384,0.000374378757,1.5,473.0,550.0,647.073,2.1264813,400.02438,705.08777,58.01477,2.091617,-0.034864187,326.95602,-73.06836
1.5-473-550,0.3759036145,0.751807229,0.960723235489121,-0.0008638724771,1.5,473.0,550.0,939.91376,1.4511788,59.65753,867.8527,-72.061035,1.3241979,-0.1269809,163.3161,103.65857
1.5-473-550,0.3746987952,0.7493975904,0.7525573838264147,-0.0006766918789,1.5,473.0,550.0,663.63763,2.1227398,312.38382,711.9595,48.32184,1.9751917,-0.14754808,281.37823,-31.005585
1.5-473-550,0.1204819277,0.2409638554,0.9973789933391554,0.0008968329585,1.5,473.0,550.0,696.20734,0.14900762,131.9738,662.03864,-34.1687,0.5818392,0.4328316,380.596,248.62221
1.5-473-550,0.278313253,0.556626506,0.9895407848051817,-0.0008897849218,1.5,473.0,550.0,1154.0565,0.314156,45.159027,949.17737,-204.87915,0.96495473,0.65079874,140.43971,95.280685
1.5-473-550,0.4061224489,0.8122448978,0.960723235489121,-0.0008638724771,1.5,473.0,550.0,804.8137,1.6110151,78.90875,827.70013,22.886414,1.3549014,-0.25611365,181.23799,102.32924
1.5-473-550,0.3277108434,0.6554216868,0.09831793589120096,8.840647929e-05,1.5,473.0,550.0,554.5244,1.6425047,561.44543,645.913,91.38861,1.4884775,-0.15402722,442.02686,-119.41858
1.5-473-550,0.113253012,0.226506024,0.7525573838264147,0.0006766918789,1.5,473.0,550.0,480.63528,0.947019,642.596,512.45325,31.817963,1.047102,0.10008299,546.93854,-95.65747
1.5-473-550,0.1542168674,0.3084337348,0.993141646395439,0.0008930227796,1.5,473.0,550.0,813.55664,0.20996946,77.062744,740.1353,-73.421326,0.67378503,0.46381557,313.48343,236.42068
1.5-473-550,0.2710843374,0.5421686748,0.9337895728803226,0.000839654004,1.5,473.0,550.0,914.206,1.400063,62.352142,857.7362,-56.469788,1.2292107,-0.1708523,208.90402,146.55188
1.5-473-550,0.1927710843,0.3855421686,0.47796385156444166,0.0004297801918,1.5,473.0,550.0,512.1622,1.2031708,610.4857,564.66565,52.50348,1.2461805,0.043009758,528.0432,-82.442505
1.5-473-550,0.3759036145,0.751807229,0.4163512326852384,0.000374378757,1.5,473.0,550.0,619.7573,1.9947181,460.87335,680.91113,61.15381,1.8868668,-0.10785127,371.72263,-89.15073
1.5-473-550,0.3204819277,0.6409638554,0.29146971579860803,-0.0002620865782,1.5,473.0,550.0,561.4462,1.6369901,552.3219,654.4047,92.958496,1.5477222,-0.08926785,434.857,-117.464905
1.5-473-550,0.3313253012,0.6626506024,0.9895407848051817,0.0008897849218,1.5,473.0,550.0,1110.8982,0.3806612,47.365692,948.50195,-162.39624,1.0716326,0.69097143,126.01242,78.64673
1.5-473-550,0.3421686747,0.6843373494,0.9999999997775775,-0.0008991897406,1.5,473.0,550.0,1151.4034,-5.322157e-09,45.311737,956.8938,-194.50964,1.0201733,1.0201733,117.93652,72.62479
1.5-473-550,0.1891566265,0.378313253,0.09831793590232207,8.84064793e-05,1.5,473.0,550.0,502.64807,1.2013173,620.33014,589.1622,86.5141,1.1916964,-0.009620905,517.50134,-102.8288
1.5-473-550,0.1240963855,0.248192771,0.960723235489121,-0.0008638724771,1.5,473.0,550.0,541.7814,0.6669696,577.2747,633.62836,91.846985,0.7273919,0.0604223,407.92813,-169.34659
1.5-473-550,0.3228915663,0.6457831326,0.03282169734692774,-2.951293353e-05,1.5,473.0,550.0,548.3815,1.6163888,569.43866,633.3011,84.91962,1.4658611,-0.15052772,450.32315,-119.11551
1.5-473-550,0.1216867469,0.2433734938,0.9071317792997667,-0.0008156835895,1.5,473.0,550.0,505.44485,0.80832076,617.4998,585.921,80.476166,0.8702138,0.061893046,456.02325,-161.47656
1.5-473-550,0.1313253012,0.2626506024,0.9671530515086588,0.0008696541017,1.5,473.0,550.0,568.5185,0.671123,542.5388,655.88513,87.36664,0.7233845,0.05226147,387.5028,-155.03601
1.5-473-550,0.2698795181,0.5397590362,0.9811301448069191,0.0008822221606,1.5,473.0,550.0,1123.5812,0.53998315,46.68799,929.3484,-194.23279,0.9951257,0.45514256,156.48732,109.79933
1.5-473-550,0.4387755102,0.8775510204,0.9726063657286781,0.0008745576659,1.5,473.0,550.0,670.39984,1.0471444,253.23512,787.01373,116.61389,1.2874554,0.24031103,204.08836,-49.14676
1.5-473-550,0.06734693879,0.13469387758,0.9872047710533666,0.0008876844022,1.5,473.0,550.0,473.00003,0.13248372,649.85333,541.6419,68.64188,0.5021242,0.36964047,499.90036,-149.95297
1.5-473-550,0.243373494,0.486746988,0.8705746216627653,-0.0007828117684,1.5,473.0,550.0,699.74536,1.5394009,169.96863,753.25037,53.505005,1.3468894,-0.19251156,300.86942,130.90079
1.5-473-550,0.2084337349,0.4168674698,0.9973789933391554,-0.0008968329585,1.5,473.0,550.0,1270.712,0.062475976,40.265717,870.08655,-400.6255,0.77073044,0.70825446,208.68877,168.42305
1.5-473-550,0.3373493976,0.6746987952,0.9531521909241071,0.0008570646715,1.5,473.0,550.0,943.1094,1.3875344,59.342834,892.021,-51.08838,1.2995766,-0.08795774,160.39308,101.05025
1.5-473-550,0.3096385542,0.6192771084,0.3542741439827602,-0.0003185596757,1.5,473.0,550.0,559.42975,1.602954,554.982,646.3033,86.873535,1.5539577,-0.04899633,439.01117,-115.970825
1.5-473-550,0.02653061223,0.05306122446,0.999825745120423,0.0008990330526,1.5,473.0,550.0,473.00003,0.0009172506,649.85333,490.68195,17.681915,0.3675292,0.36661196,565.96106,-83.89227
1.5-473-550,0.09387755105,0.1877551021,0.9071317792997667,0.0008156835895,1.5,473.0,550.0,473.00003,0.6901556,649.85333,538.9618,65.96176,0.79282236,0.102666736,502.85516,-146.99817
1.5-473-550,0.3096385542,0.6192771084,0.9811301448069191,0.0008822221606,1.5,473.0,550.0,1086.6182,0.62026244,48.72592,942.71716,-143.901,1.0818425,0.4615801,136.21274,87.48682
1.5-473-550,0.1879518072,0.3759036144,0.9811301448069191,-0.0008822221606,1.5,473.0,550.0,990.1114,0.42110947,55.25482,802.53125,-187.58014,0.8046575,0.38354805,263.17957,207.92474
1.5-473-550,0.2530120482,0.5060240964,0.9993254186825348,-0.0008985831642,1.5,473.0,550.0,1223.8522,0.016840095,42.066315,944.1694,-279.6828,0.8533185,0.8364784,148.92853,106.86221
1.5-473-550,0.148192771,0.296385542,0.9337895728803226,0.000839654004,1.5,473.0,550.0,555.24036,0.84847075,560.43005,659.65173,104.41138,0.8762835,0.027812779,386.58203,-173.84802
1.5-473-550,0.2253012048,0.4506024096,0.999825745120423,0.0008990330526,1.5,473.0,550.0,1293.3331,0.002432639,39.923004,905.3141,-388.01904,0.79292715,0.7904945,180.79506,140.87206
1.5-473-550,0.2060240964,0.4120481928,0.5396442234408553,0.0004852425494,1.5,473.0,550.0,520.9819,1.2651652,600.6782,570.9803,49.998413,1.3206724,0.055507183,510.59088,-90.08734
1.5-473-550,0.3409638555,0.681927711,0.9999999997775775,0.0008991897406,1.5,473.0,550.0,1152.3845,-5.322157e-09,45.263367,957.92456,-194.45996,1.0181597,1.0181597,117.600555,72.33719
1.5-473-550,0.1036144578,0.2072289156,0.9442484491033019,-0.0008490585182,1.5,473.0,550.0,487.14072,0.6003348,636.0236,578.3204,91.17966,0.72571325,0.12537843,461.0495,-174.97412
1.5-473-550,0.2530120482,0.5060240964,0.47796385156444166,0.0004297801918,1.5,473.0,550.0,534.156,1.4180322,586.0285,604.5971,70.4411,1.44267,0.024637818,476.26318,-109.76532
1.5-473-550,0.1228915662,0.2457831324,0.47796385156444166,-0.0004297801918,1.5,473.0,550.0,479.002,1.0612388,644.19147,531.7389,52.736877,1.0919628,0.030724049,568.6995,-75.49194
1.5-473-550,0.03469387754,0.06938775508,0.9442484491033019,0.0008490585182,1.5,473.0,550.0,473.00003,0.49846566,649.85333,479.30032,6.300293,0.55557954,0.057113886,576.91437,-72.938965
1.5-473-550,0.05918367348,0.11836734696,0.9965972946963587,-0.0008961300631,1.5,473.0,550.0,473.00003,0.03438812,649.85333,533.93036,60.93033,0.45056465,0.41617653,509.4639,-140.38943
1.5-473-550,0.4020408163,0.8040816326,0.9872047711645777,-0.0008876844023,1.5,473.0,550.0,889.25665,0.77930194,65.46155,860.689,-28.567627,1.185138,0.40583605,163.27441,97.81287
1.5-473-550,0.2421686747,0.4843373494,0.16340484097302546,-0.0001469319566,1.5,473.0,550.0,518.29565,1.3747635,603.6653,610.52264,92.22699,1.2599416,-0.11482191,496.3452,-107.32007
1.5-473-550,0.2542168675,0.508433735,0.998978267368595,0.0008982710093,1.5,473.0,550.0,1221.1493,0.026713008,42.17343,944.9293,-276.21997,0.85787845,0.83116543,148.19629,106.02286
1.5-473-550,0.08163265309,0.16326530618,0.16340484119544796,0.0001469319568,1.5,473.0,550.0,473.00003,1.1806147,649.85333,574.4827,101.4827,1.1065775,-0.074037194,535.8108,-114.04254
1.5-473-550,0.1590361445,0.318072289,0.8206166047262803,-0.0007378900321,1.5,473.0,550.0,523.25665,1.0027118,598.1486,593.3998,70.14313,1.134593,0.13188124,457.2114,-140.93723
1.5-473-550,0.4612244898,0.9224489796,0.9956514833048237,0.0008952795992,1.5,473.0,550.0,660.55237,0.236166,346.3221,764.93207,104.3797,1.1246996,0.8885336,222.29318,-124.02893
1.5-473-550,0.4020408163,0.8040816326,1.0,-0.0008991897408,1.5,473.0,550.0,891.43396,-5.322157e-09,65.219635,874.8557,-16.578247,1.096311,1.096311,155.70966,90.49002
1.5-473-550,0.1036144578,0.2072289156,0.22784103833049427,-0.0002048723242,1.5,473.0,550.0,473.00153,1.1541971,649.8519,569.95184,96.95032,1.0909665,-0.063230634,542.993,-106.85895
1.5-473-550,0.2144578313,0.4289156626,0.9844268823757469,-0.0008851865532,1.5,473.0,550.0,1229.969,0.38061142,41.823883,860.9703,-368.99872,0.8506995,0.47008806,215.91096,174.08708
1.5-473-550,0.4469387755,0.893877551,0.9215172744995802,0.0008286188792,1.5,473.0,550.0,664.2622,1.356466,311.0748,745.3188,81.05658,1.5603774,0.2039113,227.11234,-83.96246
1.5-473-550,0.4102040816,0.8204081632,0.8902853187445975,0.000800535425,1.5,473.0,550.0,743.74365,2.1080878,96.962204,767.4312,23.687561,1.7001995,-0.4078883,217.80763,120.84543
1.5-473-550,0.2614457831,0.5228915662,0.9993254186825348,0.0008985831642,1.5,473.0,550.0,1216.3615,0.017128998,42.373627,953.0548,-263.30664,0.87065697,0.85352796,141.1551,98.78148
1.5-473-550,0.2012048193,0.4024096386,0.9811301448069191,-0.0008822221606,1.5,473.0,550.0,1146.5446,0.4332153,45.529358,830.32245,-316.2221,0.83585274,0.40263745,240.69981,195.17046
1.5-473-550,0.4653061225,0.930612245,0.9671530515086588,0.0008696541017,1.5,473.0,550.0,659.6811,1.048554,352.85754,743.0772,83.39612,1.2983155,0.24976158,232.94377,-119.91377
1.5-473-550,0.1939759036,0.3879518072,0.8475322498919685,0.0007620923041,1.5,473.0,550.0,574.44824,1.1623062,531.2753,664.8957,90.44745,1.2187763,0.056470156,387.28574,-143.9896
1.5-473-550,0.4612244898,0.9224489796,0.9726063657286781,0.0008745576659,1.5,473.0,550.0,660.4316,0.9788686,347.4694,751.86365,91.43207,1.2708551,0.29198647,227.42593,-120.04346
1.5-473-550,0.1240963855,0.248192771,0.9993254186825348,-0.0008985831642,1.5,473.0,550.0,727.44104,0.032590624,104.7572,672.97986,-54.46118,0.5814582,0.5488676,370.7548,265.9976
1.5-473-550,0.2831325301,0.5662650602,0.9973789933391554,-0.0008968329585,1.5,473.0,550.0,1185.4358,0.079051904,43.70273,965.1552,-220.28058,0.9269117,0.8478598,128.2056,84.50287
1.5-473-550,0.3746987952,0.7493975904,0.8902853188558087,-0.0008005354251,1.5,473.0,550.0,804.9918,2.06158,78.91284,797.5169,-7.4749146,1.6581098,-0.40347016,209.38705,130.47421
1.5-473-550,0.169879518,0.339759036,0.9999999997775775,0.0008991897406,1.5,473.0,550.0,953.7601,-5.322157e-09,58.39511,787.9189,-165.84119,0.6757513,0.6757513,273.91635,215.52124
1.5-473-550,0.2795180723,0.5590361446,0.47796385156444166,0.0004297801918,1.5,473.0,550.0,552.632,1.5097816,563.7984,622.5514,69.91937,1.5448304,0.035048842,451.00684,-112.791565
1.5-473-550,0.03265306121,0.06530612242,0.03282169734692774,-2.951293353e-05,1.5,473.0,550.0,473.00003,1.2504026,649.85333,578.9637,105.96365,1.1548625,-0.09554005,520.9937,-128.85962
1.5-473-550,0.2325301205,0.465060241,0.9531521908128958,-0.0008570646714,1.5,473.0,550.0,1055.9868,1.036742,50.608826,843.2398,-212.74701,1.0411692,0.0044271946,228.69156,178.08273
1.5-473-550,0.278313253,0.556626506,0.9973789933391554,0.0008968329585,1.5,473.0,550.0,1189.928,0.07762026,43.498108,962.6406,-227.28735,0.917126,0.83950573,131.03777,87.53966
1.5-473-550,0.2373493976,0.4746987952,0.9531521909241071,0.0008570646715,1.5,473.0,550.0,1039.163,1.0627145,51.71057,850.03253,-189.13043,1.0540533,-0.008661151,222.64111,170.93054
1.5-473-550,0.3771084338,0.7542168676,0.29146971579860803,-0.0002620865782,1.5,473.0,550.0,611.84143,1.9762855,474.4912,685.677,73.83557,1.7829337,-0.19335175,384.44254,-90.048676
1.5-473-550,0.3795180723,0.7590361446,0.8475322498919685,0.0007620923041,1.5,473.0,550.0,745.56555,2.1967864,97.06029,761.4946,15.929077,1.8063384,-0.39044797,234.00893,136.94864
1.5-473-550,0.2590361446,0.5180722892,0.9980223152919674,0.000897411427,1.5,473.0,550.0,1212.8115,0.05435973,42.524506,948.40344,-264.40808,0.8735708,0.81921107,144.91194,102.387436
1.5-473-550,0.1012048192,0.2024096384,0.9895407850276042,0.000889784922,1.5,473.0,550.0,548.15027,0.1787579,568.64685,609.77356,61.62329,0.57022786,0.39146996,429.32507,-139.32178
1.5-473-550,0.2975903615,0.595180723,0.9531521908128958,-0.0008570646714,1.5,473.0,550.0,965.18304,1.2570854,57.356476,898.7762,-66.40686,1.2093393,-0.04774618,170.21329,112.85681
1.5-473-550,0.4510204082,0.9020408164,0.9965972946963587,-0.0008961300631,1.5,473.0,550.0,663.41675,0.19005412,319.1079,783.2172,119.800476,1.1259667,0.93591255,209.78493,-109.32298
1.5-473-550,0.04693877551,0.09387755102,0.9772248215579286,-0.000878710534,1.5,473.0,550.0,473.00003,0.23259306,649.85333,505.37512,32.37509,0.48881635,0.2562233,542.96515,-106.88818
1.5-473-550,0.2795180723,0.5590361446,0.8902853188558087,-0.0008005354251,1.5,473.0,550.0,787.60236,1.6531094,83.540085,807.178,19.575623,1.4125139,-0.24059558,244.99588,161.4558
1.5-473-550,0.2927710844,0.5855421688,0.9442484491033019,0.0008490585182,1.5,473.0,550.0,936.5647,1.3624603,60.013855,884.4096,-52.15509,1.2406502,-0.12181008,182.09267,122.07881
1.5-473-550,0.2530120482,0.5060240964,0.09831793589120096,8.840647929e-05,1.5,473.0,550.0,520.0227,1.402603,601.74475,611.348,91.32532,1.2856321,-0.1169709,491.33676,-110.40799
1.5-473-550,0.4632653061,0.9265306122,0.9671530515086588,-0.0008696541017,1.5,473.0,550.0,660.02216,1.0488372,350.93066,746.0371,86.01495,1.3008869,0.25204968,230.77135,-120.15932
1.5-473-550,0.2915662651,0.5831325302,0.9996041060258503,0.000898833757,1.5,473.0,550.0,1188.197,0.010150248,43.576477,972.10516,-216.09186,0.92957443,0.9194242,121.45822,77.881744
1.5-473-550,0.002040816309,0.004081632618,0.9945113834421542,0.0008942544331,1.5,473.0,550.0,473.00003,0.09471505,649.85333,466.465,-6.535034,0.33227158,0.23755652,604.9112,-44.94214
1.5-473-550,0.02653061223,0.05306122446,0.9811301446957078,0.0008822221605,1.5,473.0,550.0,473.00003,0.17957515,649.85333,483.37274,10.372711,0.43014714,0.250572,574.3404,-75.51294
1.5-473-550,0.2626506024,0.5253012048,0.9071317792997667,-0.0008156835895,1.5,473.0,550.0,837.6024,1.5450772,72.90338,815.235,-22.367432,1.3052213,-0.23985589,244.3819,171.47852
1.5-473-550,0.1253012048,0.2506024096,0.3542741439827602,-0.0003185596757,1.5,473.0,550.0,478.4102,1.083533,644.7497,554.91797,76.50778,1.0864464,0.0029133558,555.83954,-88.91016
1.5-473-550,0.1096385542,0.2192771084,0.7525573838264147,-0.0006766918789,1.5,473.0,550.0,477.77835,0.94228023,645.34576,509.0588,31.280457,1.0369079,0.09462768,550.69025,-94.65552
1.5-473-550,0.3204819277,0.6409638554,0.9872047710533666,0.0008876844022,1.5,473.0,550.0,1108.285,0.44503716,47.50528,949.96155,-158.32349,1.066079,0.6210419,128.21242,80.70714
1.5-473-550,0.2843373494,0.5686746988,0.5396442233296441,-0.0004852425493,1.5,473.0,550.0,569.5217,1.5497062,539.45404,627.278,57.756287,1.6177301,0.06802392,433.3603,-106.09375
1.5-473-550,0.1313253012,0.2626506024,0.999825745120423,0.0008990330526,1.5,473.0,550.0,760.4158,0.0045266696,90.546265,691.4397,-68.976074,0.5947819,0.5902552,354.50058,263.9543
1.5-473-550,0.3469879518,0.6939759036,0.9999999997775775,0.0008991897406,1.5,473.0,550.0,1147.3752,-5.322157e-09,45.510437,952.47876,-194.89648,1.0280899,1.0280899,119.4675,73.95706
1.5-473-550,0.365060241,0.730120482,0.9671530515086588,-0.0008696541017,1.5,473.0,550.0,970.7503,1.2421005,56.849213,887.898,-82.852295,1.2702726,0.028172135,154.00668,97.15747
1.5-473-550,0.4755102041,0.9510204082,0.9531521908128958,-0.0008570646714,1.5,473.0,550.0,658.3792,1.1784226,358.11313,723.2745,64.89526,1.3616954,0.18327284,245.9585,-112.15463
1.5-473-550,0.2746987952,0.5493975904,0.9915009044774012,-0.0008915474413,1.5,473.0,550.0,1167.0211,0.2521718,44.54492,950.26654,-216.75458,0.9455432,0.6933714,140.50528,95.96036
1.5-473-550,0.3397590362,0.6795180724,0.3542741439827602,-0.0003185596757,1.5,473.0,550.0,585.60626,1.7511194,513.63165,664.22656,78.6203,1.6779193,-0.07320011,411.8458,-101.78586
1.5-473-550,0.4040816326,0.8081632652,0.9973789934503665,-0.0008968329586,1.5,473.0,550.0,841.7471,0.16804576,72.042694,868.36523,26.618164,1.1164218,0.94837606,159.14433,87.10164
1.5-473-550,0.05510204082,0.11020408164,0.8902853188558087,-0.0008005354251,1.5,473.0,550.0,473.00003,0.73591584,649.85333,484.09265,11.092621,0.7262896,-0.009626269,568.4254,-81.42792
1.5-473-550,0.06530612246,0.13061224492,0.9996041060258503,0.000898833757,1.5,473.0,550.0,473.00003,0.0032668656,649.85333,546.2829,73.28287,0.452954,0.44968712,495.5017,-154.35162
1.5-473-550,0.05102040816,0.10204081632,0.9895407848051817,-0.0008897849218,1.5,473.0,550.0,473.00003,0.10646092,649.85333,517.21295,44.21292,0.4573114,0.35085046,529.0133,-120.84003
1.5-473-550,0.3987951808,0.7975903616,0.8902853189670199,-0.0008005354252,1.5,473.0,550.0,805.3398,2.2891984,78.794266,777.9499,-27.389893,1.6910235,-0.5981749,214.03902,135.24475
1.5-473-550,0.2048192771,0.4096385542,0.9215172744995802,-0.0008286188792,1.5,473.0,550.0,819.8362,1.2917237,76.99205,756.70404,-63.13214,1.0797914,-0.2119323,302.84952,225.85747
1.5-473-550,0.4897959184,0.9795918368,0.9996041060258503,0.000898833757,1.5,473.0,550.0,657.6107,0.017326707,361.21555,721.41785,63.80713,1.0611322,1.0438055,257.7282,-103.487335
1.5-473-550,0.1096385542,0.2192771084,0.9844268823757469,0.0008851865532,1.5,473.0,550.0,575.5515,0.36464268,530.0638,623.7552,48.203674,0.60867465,0.24403197,416.09,-113.973785
1.5-473-550,0.2192771084,0.4385542168,0.993141646395439,0.0008930227796,1.5,473.0,550.0,1271.2994,0.16633594,40.24402,883.6772,-387.62225,0.81659067,0.6502547,197.83127,157.58725
1.5-473-550,0.0387755102,0.0775510204,0.9973789933391554,0.0008968329585,1.5,473.0,550.0,473.00003,0.025047654,649.85333,504.36557,31.36554,0.40290993,0.37786227,546.4631,-103.39026
1.5-473-550,0.3228915663,0.6457831326,0.6021818746711394,0.0005414757638,1.5,473.0,550.0,614.0492,1.7558273,470.60767,657.192,43.142822,1.8222464,0.066419125,377.21628,-93.39139
1.5-473-550,0.4183673469,0.8367346938,0.9531521909241071,0.0008570646715,1.5,473.0,550.0,717.13184,1.5620149,111.36879,803.3968,86.26495,1.4039425,-0.15807247,194.01901,82.65022
1.5-473-550,0.4265306122,0.8530612244,0.7525573838264147,-0.0006766918789,1.5,473.0,550.0,670.32153,2.1133838,254.37814,702.373,32.051453,2.0610523,-0.052331448,269.7092,15.331055
1.5-473-550,0.3445783133,0.6891566266,0.9071317792997667,-0.0008156835895,1.5,473.0,550.0,833.4734,1.8256068,73.45648,832.02295,-1.4504395,1.5315237,-0.29408312,198.07202,124.61554
1.5-473-550,0.1168674698,0.2337349396,0.9965972946963587,0.0008961300631,1.5,473.0,550.0,675.09357,0.19857228,211.7366,652.5239,-22.569641,0.5772038,0.37863153,389.22192,177.48532
1.5-473-550,0.243373494,0.486746988,0.999825745120423,0.0008990330526,1.5,473.0,550.0,1246.2058,0.0026361293,41.18036,932.99854,-313.20728,0.8304541,0.827818,158.40083,117.220474
1.5-473-550,0.3963855422,0.7927710844,0.3542741439827602,-0.0003185596757,1.5,473.0,550.0,628.78625,2.1506643,443.94058,693.8272,65.040955,1.914619,-0.23604536,361.45084,-82.489746
1.5-473-550,0.3228915663,0.6457831326,0.9071317792997667,-0.0008156835895,1.5,473.0,550.0,835.4641,1.7389377,73.143585,838.2113,2.7471924,1.4786536,-0.2602842,203.24199,130.0984
1.5-473-550,0.04897959184,0.09795918368,0.9996041060258503,0.000898833757,1.5,473.0,550.0,473.00003,0.003198678,649.85333,519.7675,46.767487,0.41729864,0.41409996,526.8553,-122.99805
1.5-473-550,0.3722891567,0.7445783134,0.2914697156873968,0.0002620865781,1.5,473.0,550.0,608.02606,1.9413146,480.70703,683.2022,75.17615,1.7625676,-0.17874694,388.7556,-91.951416
1.5-473-550,0.2313253012,0.4626506024,0.03282169734692774,-2.951293353e-05,1.5,473.0,550.0,514.89246,1.3477099,607.44965,597.09674,82.204285,1.2629818,-0.08472812,502.4587,-104.99094
1.5-473-550,0.1084337349,0.2168674698,0.03282169734692774,-2.951293353e-05,1.5,473.0,550.0,473.0435,1.1527871,649.8123,575.4879,102.44443,1.1755419,0.022754788,526.0164,-123.7959
1.5-473-550,0.2096385542,0.4192771084,0.9671530515086588,-0.0008696541017,1.5,473.0,550.0,1142.8298,0.739048,45.721863,825.93555,-316.8943,0.92035276,0.18130475,244.33011,198.60825
1.5-473-550,0.2819277109,0.5638554218,0.9945113832197316,-0.0008942544329,1.5,473.0,550.0,1173.6123,0.16723537,44.24347,959.62366,-213.98865,0.9423272,0.7750918,132.30788,88.06441
1.5-473-550,0.0387755102,0.0775510204,0.9215172744995802,-0.0008286188792,1.5,473.0,550.0,473.00003,0.6151077,649.85333,476.8738,3.8737793,0.62098414,0.005876422,579.39514,-70.45819
1.5-473-550,0.1939759036,0.3879518072,0.9998257452316341,0.0008990330527,1.5,473.0,550.0,1158.1971,0.0023565239,44.96338,843.71783,-314.4793,0.72734773,0.7249912,229.45186,184.48848
1.5-473-550,0.351807229,0.703614458,0.9671530515086588,-0.0008696541017,1.5,473.0,550.0,982.6434,1.1780134,55.864624,900.7776,-81.86578,1.2482057,0.07019222,149.9164,94.05177
1.5-473-550,0.3024096386,0.6048192772,0.9973789933391554,0.0008968329585,1.5,473.0,550.0,1169.0443,0.084645264,44.452362,969.8283,-199.216,0.9652923,0.880647,120.2424,75.79004
1.5-473-550,0.4306122449,0.8612244898,0.9772248215579286,0.000878710534,1.5,473.0,550.0,682.6744,1.0126963,161.21082,803.8016,121.1272,1.2603773,0.24768102,194.34053,33.129715
1.5-473-550,0.3072289157,0.6144578314,0.9671530515086588,0.0008696541017,1.5,473.0,550.0,1017.6152,1.0123444,53.19162,920.9422,-96.67297,1.157729,0.14538467,151.62604,98.43442
1.5-473-550,0.2674698795,0.534939759,0.9895407848051817,-0.0008897849218,1.5,473.0,550.0,1166.7231,0.30173135,44.558533,941.5479,-225.17523,0.94167525,0.6399439,148.25966,103.701126
1.5-473-550,0.3807228916,0.7614457832,0.9772248215579286,0.000878710534,1.5,473.0,550.0,1000.66486,1.0241992,54.43289,881.3152,-119.34967,1.2296946,0.20549536,154.25528,99.82239
1.5-473-550,0.03673469387,0.07346938774,0.9726063657286781,-0.0008745576659,1.5,473.0,550.0,473.00003,0.27327883,649.85333,491.017,18.016968,0.4799076,0.20662877,562.0733,-87.78003
1.5-473-550,0.1325301204,0.2650602408,0.998978267368595,-0.0008982710093,1.5,473.0,550.0,758.5305,0.04283106,91.18718,693.44714,-65.083374,0.6010377,0.5582066,352.79202,261.60486
1.5-473-550,0.3843373495,0.768674699,0.9215172744995802,-0.0008286188792,1.5,473.0,550.0,849.7158,1.9802049,70.668976,817.51874,-32.197083,1.5409354,-0.43926954,192.31454,121.64557
1.5-473-550,0.2084337349,0.4168674698,0.8206166047262803,-0.0007378900321,1.5,473.0,550.0,581.8703,1.2830013,521.29694,664.18585,82.31555,1.3107862,0.027784944,388.00034,-133.2966
1.5-473-550,0.2084337349,0.4168674698,0.16340484119544796,0.0001469319568,1.5,473.0,550.0,509.6205,1.2851875,613.26996,596.6673,87.04678,1.2001259,-0.08506155,512.5142,-100.75574
1.5-473-550,0.01224489793,0.02448979586,0.4163512323516047,-0.0003743787567,1.5,473.0,550.0,473.00003,1.1167024,649.85333,550.53613,77.5361,0.98384327,-0.13285917,570.7061,-79.14722
1.5-473-550,0.4306122449,0.8612244898,0.47796385156444166,0.0004297801918,1.5,473.0,550.0,649.10156,2.161847,394.15872,699.1541,50.05255,2.1239498,-0.03789735,321.91617,-72.24255
1.5-473-550,0.4775510204,0.9551020408,0.999825745120423,0.0008990330526,1.5,473.0,550.0,658.30316,0.0052949735,358.4201,740.3052,82.002014,1.0784925,1.0731976,241.93019,-116.489914
1.5-473-550,0.3759036145,0.751807229,0.9215172744995802,-0.0008286188792,1.5,473.0,550.0,852.06903,1.9141691,70.29373,825.591,-26.478027,1.5289295,-0.3852396,189.87917,119.585434
1.5-473-550,0.3987951807,0.7975903614,0.9996041062482727,-0.0008988337572,1.5,473.0,550.0,1094.8628,0.017610127,48.246643,880.01904,-214.84375,1.0965945,1.0789844,152.99481,104.74817
1.5-473-550,0.3493975904,0.6987951808,0.999825745120423,-0.0008990330526,1.5,473.0,550.0,1144.7854,0.0038682169,45.61609,949.8354,-194.95001,1.0331817,1.0293134,120.50227,74.886185
1.5-473-550,0.008163265274,0.016326530548,0.6021818746711394,-0.0005414757638,1.5,473.0,550.0,473.00003,1.0715373,649.85333,501.55972,28.559692,0.90811425,-0.163423,609.28394,-40.569397
1.5-473-550,0.1457831325,0.291566265,0.5396442233296441,-0.0004852425493,1.5,473.0,550.0,491.98575,1.0622658,631.1205,532.17065,40.184906,1.1498662,0.08760047,557.7377,-73.38281
1.5-473-550,0.4734693878,0.9469387756,0.993141646395439,0.0008930227796,1.5,473.0,550.0,658.69165,0.37100518,356.8518,743.4734,84.78174,1.1275634,0.7565582,237.78114,-119.07066
1.5-473-550,0.2578313253,0.5156626506,0.4163512326852384,0.000374378757,1.5,473.0,550.0,531.19885,1.4261557,589.3169,610.4056,79.206726,1.4105552,-0.015600443,478.9484,-110.3685
1.5-473-550,0.2361445783,0.4722891566,0.6600967573005477,0.0005935522321,1.5,473.0,550.0,551.7896,1.3854752,564.75287,611.7842,59.994568,1.4882476,0.102772474,445.6208,-119.13208
1.5-473-550,0.156626506,0.313253012,0.9844268823757469,-0.0008851865532,1.5,473.0,550.0,761.854,0.4491809,90.13187,734.82306,-27.030945,0.71708435,0.26790345,318.4788,228.34692
1.5-473-550,0.06938775512,0.13877551024,0.9811301446957078,-0.0008822221605,1.5,473.0,550.0,473.00003,0.19540471,649.85333,541.24994,68.24991,0.52757955,0.33217484,500.0086,-149.84473
1.5-473-550,0.3759036145,0.751807229,0.9993254186825348,0.0008985831642,1.5,473.0,550.0,1118.0394,0.027469153,46.9841,916.18616,-201.85327,1.0747057,1.0472366,135.05801,88.07391
1.5-473-550,0.2168674698,0.4337349396,0.8705746216627653,-0.0007828117684,1.5,473.0,550.0,670.1624,1.4085925,252.61942,719.5383,49.375916,1.2551286,-0.15346384,335.11768,82.49826
1.5-473-550,0.1843373494,0.3686746988,0.8705746216627653,0.0007828117684,1.5,473.0,550.0,571.90485,1.0804747,535.59436,669.14374,97.23889,1.1436659,0.063191175,382.54932,-153.04504
1.5-473-550,0.2759036145,0.551807229,0.9965972946963587,-0.0008961300631,1.5,473.0,550.0,1188.8451,0.10057693,43.546814,959.825,-229.02008,0.91704684,0.8164699,133.52934,89.98253
1.5-473-550,0.3012048193,0.6024096386,0.7525573838264147,-0.0006766918789,1.5,473.0,550.0,640.5096,1.7272956,416.6942,699.2998,58.790222,1.7362273,0.008931637,329.13138,-87.562836
1.5-473-550,0.4346938775,0.869387755,0.9442484491033019,-0.0008490585182,1.5,473.0,550.0,674.2741,1.3105657,218.94789,773.8567,99.58258,1.452464,0.14189827,210.40846,-8.539429
1.5-473-550,0.2373493976,0.4746987952,0.8206166047262803,-0.0007378900321,1.5,473.0,550.0,633.5027,1.4650713,432.244,699.46295,65.960266,1.4190669,-0.046004415,350.42853,-81.81546
1.5-473-550,0.1289156626,0.2578313252,0.999825745120423,0.0008990330526,1.5,473.0,550.0,750.7379,0.0047668763,94.0197,685.446,-65.29193,0.5896358,0.5848689,359.7365,265.7168
1.5-473-550,0.1277108433,0.2554216866,0.9337895728803226,0.000839654004,1.5,473.0,550.0,523.59186,0.7755067,597.7759,617.55383,93.961975,0.81946266,0.04395598,424.4025,-173.37338
1.5-473-550,0.2481927711,0.4963855422,0.9945113832197316,-0.0008942544329,1.5,473.0,550.0,1212.7311,0.15018964,42.527954,930.1014,-282.6297,0.8714262,0.7212366,159.94662,117.41867
1.5-473-550,0.2180722892,0.4361445784,0.9915009044774012,-0.0008915474413,1.5,473.0,550.0,1262.7738,0.2062537,40.558655,878.8415,-383.9323,0.82262015,0.61636645,201.66386,161.10521
1.5-473-550,0.4387755102,0.8775510204,0.9811301446957078,0.0008822221605,1.5,473.0,550.0,670.5857,0.89402235,251.53908,793.21,122.62433,1.233799,0.33977664,201.09866,-50.440414
1.5-473-550,0.386746988,0.773493976,0.9980223152919674,-0.000897411427,1.5,473.0,550.0,1100.484,0.09552979,47.92273,898.0164,-202.46759,1.0964975,1.0009677,143.92375,96.00102
1.5-473-550,0.2807228916,0.5614457832,0.9071317792997667,0.0008156835895,1.5,473.0,550.0,832.85077,1.5996517,73.68158,828.5054,-4.345398,1.3600796,-0.23957205,227.94595,154.26437
1.5-473-550,0.3602409639,0.7204819278,0.9772248215579286,-0.000878710534,1.5,473.0,550.0,1019.5447,0.91888875,53.04184,906.20715,-113.337524,1.2007965,0.28190774,144.15683,91.11499
1.5-473-550,0.104819277,0.209638554,0.5396442233296441,-0.0004852425493,1.5,473.0,550.0,473.12283,1.0673482,649.7374,515.5432,42.42038,1.0659152,-0.0014330149,578.92847,-70.80896
1.5-473-550,0.3132530121,0.6265060242,0.9973789934503665,-0.0008968329586,1.5,473.0,550.0,1162.9349,0.08731132,44.73178,968.68024,-194.2547,0.98619264,0.8988813,118.112366,73.380585
1.5-473-550,0.3855421687,0.7710843374,0.960723235489121,-0.0008638724771,1.5,473.0,550.0,932.34155,1.526156,60.41745,855.9792,-76.362366,1.3364134,-0.18974257,168.16321,107.74576
1.5-473-550,0.1493975903,0.2987951806,0.998978267368595,0.0008982710093,1.5,473.0,550.0,830.21387,0.031779047,73.8284,735.7184,-94.49548,0.6371033,0.60532427,316.80463,242.97623
1.5-473-550,0.3903614458,0.7807228916,0.9895407848051817,0.0008897849218,1.5,473.0,550.0,1052.0853,0.53833276,50.83255,882.01624,-170.06909,1.1591445,0.62081176,152.43123,101.59868
1.5-473-550,0.4714285714,0.9428571428,0.9945113832197316,-0.0008942544329,1.5,473.0,550.0,658.92944,0.29720354,355.8919,747.4251,88.49567,1.1212729,0.8240694,235.03711,-120.8548
1.5-473-550,0.286746988,0.573493976,0.9985491866279087,0.0008978851843,1.5,473.0,550.0,1187.4792,0.043232974,43.609283,968.7153,-218.76398,0.92677563,0.88354266,124.916855,81.30757
1.5-473-550,0.2710843374,0.5421686748,0.999825745120423,0.0008990330526,1.5,473.0,550.0,1208.273,0.002881164,42.717407,962.14185,-246.1311,0.8872114,0.8843302,132.9049,90.1875
1.5-473-550,0.4959183674,0.9918367348,0.9965972946963587,-0.0008961300631,1.5,473.0,550.0,657.4489,0.18270844,361.86868,711.5295,54.080566,1.0690951,0.8863867,265.80405,-96.06464
1.5-473-550,0.3,0.6,0.999825745120423,-0.0008990330526,1.5,473.0,550.0,1181.9537,0.0031991547,43.862,973.90283,-208.0509,0.94461524,0.9414161,118.15732,74.29532
1.5-473-550,0.2385542169,0.4771084338,0.993141646395439,-0.0008930227796,1.5,473.0,550.0,1230.7388,0.17836577,41.793396,914.8604,-315.87836,0.8584803,0.6801145,172.50711,130.71371
1.5-473-550,0.4081632653,0.8163265306,0.9772248215579286,-0.000878710534,1.5,473.0,550.0,787.91675,1.2390552,82.71831,840.4737,52.556946,1.2547073,0.01565218,173.9981,91.279785
1.5-473-550,0.3108433735,0.621686747,0.9956514833048237,0.0008952795992,1.5,473.0,550.0,1156.674,0.1452679,45.02997,966.2796,-190.39435,0.99294233,0.8476744,120.32655,75.296585
1.5-473-550,0.3746987952,0.7493975904,0.9980223152919674,-0.000897411427,1.5,473.0,550.0,1112.8632,0.0871365,47.26068,916.1736,-196.68958,1.0824218,0.9952853,135.24344,87.98276
1.5-473-550,0.2481927711,0.4963855422,0.5396442233296441,-0.0004852425493,1.5,473.0,550.0,538.5146,1.4095627,581.0637,601.9497,63.43512,1.4724871,0.062924385,469.90686,-111.15686
1.5-473-550,0.1373493975,0.274698795,0.7892004020960466,-0.000709640905,1.5,473.0,550.0,501.02713,0.9661015,621.9706,548.95105,47.92392,1.0941519,0.12805033,504.14816,-117.82242
1.5-473-550,0.3192771085,0.638554217,0.2914697156873968,0.0002620865781,1.5,473.0,550.0,560.39514,1.6314013,553.6977,653.7005,93.30536,1.5429776,-0.08842373,435.90085,-117.796844
1.5-473-550,0.4938775511,0.9877551022,0.9973789934503665,-0.0008968329586,1.5,473.0,550.0,657.4929,0.13956696,361.69107,714.6716,57.17865,1.0680279,0.9284609,263.13983,-98.55124
1.5-473-550,0.134939759,0.269879518,0.09831793589120096,8.840647929e-05,1.5,473.0,550.0,480.6625,1.1013298,642.5795,578.6207,97.95822,1.1534714,0.052141547,528.3338,-114.24573
1.5-473-550,0.09795918371,0.19591836742,0.29146971579860803,-0.0002620865782,1.5,473.0,550.0,473.00003,1.1631393,649.85333,561.98816,88.98813,1.0715307,-0.09160864,551.7162,-98.137146
1.5-473-550,0.386746988,0.773493976,0.9671530515086588,-0.0008696541017,1.5,473.0,550.0,952.26666,1.3896586,58.492706,861.5037,-90.76294,1.2994341,-0.090224504,164.66121,106.1685
1.5-473-550,0.1963855422,0.3927710844,0.7525573838264147,0.0006766918789,1.5,473.0,550.0,541.86383,1.1953564,577.16705,607.2393,65.37549,1.3238279,0.1284715,448.28607,-128.88098
1.5-473-550,0.243373494,0.486746988,0.3542741439827602,-0.0003185596757,1.5,473.0,550.0,522.9737,1.3808721,598.4633,605.57275,82.59906,1.3203313,-0.060540795,494.26617,-104.19714
1.5-473-550,0.2951807229,0.5903614458,0.9811301448069191,0.0008822221606,1.5,473.0,550.0,1097.2936,0.59405893,48.105347,941.87463,-155.41895,1.0511384,0.45707947,141.06497,92.959625
1.5-473-550,0.1,0.2,0.9895472634155748,-0.0008897907473,1.5,473.0,550.0,511.0288,0.14191711,610.1937,607.1516,96.1228,0.5674866,0.42556947,431.86023,-178.3335
1.5-473-550,0.2554216867,0.5108433734,0.9772248215579286,-0.000878710534,1.5,473.0,550.0,1118.5164,0.6247376,46.95932,909.5816,-208.93475,0.98316073,0.3584231,173.97337,127.01405
1.5-473-550,0.01632653059,0.03265306118,0.5396442233296441,-0.0004852425493,1.5,473.0,550.0,473.00003,1.1187928,649.85333,517.03345,44.033417,0.94473994,-0.17405283,596.46375,-53.389587
1.5-473-550,0.1734939759,0.3469879518,0.9772248215579286,-0.000878710534,1.5,473.0,550.0,821.23865,0.54092985,75.57237,764.93317,-56.30548,0.7874417,0.24651182,294.04706,218.47469
1.5-473-550,0.1084337349,0.2168674698,0.9973789934503665,-0.0008968329586,1.5,473.0,550.0,654.0076,0.10588937,375.76117,633.45734,-20.550293,0.55564153,0.44975215,406.78464,31.023468
1.5-473-550,0.213253012,0.426506024,0.998978267368595,-0.0008982710093,1.5,473.0,550.0,1291.3573,0.024099821,39.923004,882.08044,-409.27686,0.77236617,0.74826634,199.20255,159.27954
1.5-473-550,0.104819277,0.209638554,0.9895407848051817,0.0008897849218,1.5,473.0,550.0,588.5064,0.2405448,509.70505,617.7514,29.244995,0.5783781,0.3378333,421.68076,-88.02429
1.5-473-550,0.1204819277,0.2409638554,0.999825745120423,0.0008990330526,1.5,473.0,550.0,717.518,0.00578397,110.97418,664.69183,-52.82617,0.5715871,0.5658031,378.14087,267.1667
1.5-473-550,0.2036144578,0.4072289156,0.7525573838264147,-0.0006766918789,1.5,473.0,550.0,547.4326,1.2418835,570.454,615.6828,68.25018,1.3512512,0.10936773,439.17453,-131.27945
1.5-473-550,0.07755102043,0.15510204086,0.9726063657286781,0.0008745576659,1.5,473.0,550.0,473.00003,0.2878371,649.85333,549.88477,76.884735,0.57480663,0.28696954,490.14313,-159.7102
1.5-473-550,0.1614457831,0.3228915662,0.9071317792997667,-0.0008156835895,1.5,473.0,550.0,557.01337,0.94030946,558.14343,661.05396,104.04059,0.9879533,0.04764384,387.48346,-170.65997
1.5-473-550,0.09183673473,0.18367346946,0.9726063657286781,-0.0008745576659,1.5,473.0,550.0,473.00003,0.2873125,649.85333,576.43036,103.43033,0.6086905,0.321378,462.32108,-187.53226
1.5-473-550,0.1168674698,0.2337349396,0.9915009044774012,-0.0008915474413,1.5,473.0,550.0,635.91534,0.33519918,428.60748,647.2509,11.335571,0.5977886,0.2625894,394.1638,-34.443695
1.5-473-550,0.4857142857,0.9714285714,0.9945113832197316,-0.0008942544329,1.5,473.0,550.0,657.77344,0.2975943,360.55875,725.3659,67.59247,1.1005524,0.80295813,252.91774,-107.64101
1.5-473-550,0.06734693879,0.13469387758,0.9999999997775775,0.0008991897406,1.5,473.0,550.0,473.00003,-5.322157e-09,649.85333,550.18054,77.18051,0.45592734,0.45592734,491.15738,-158.69595
1.5-473-550,0.1180722891,0.2361445782,0.7525573838264147,0.0006766918789,1.5,473.0,550.0,484.23572,0.95345634,638.9635,517.13727,32.90155,1.060938,0.10748166,541.84064,-97.12286
1.5-473-550,0.1795180723,0.3590361446,0.960723235489121,-0.0008638724771,1.5,473.0,550.0,744.7417,0.8197806,98.79286,756.646,11.904297,0.86973804,0.049957454,301.864,203.07115
1.5-473-550,0.2746987952,0.5493975904,0.16340484097302546,-0.0001469319566,1.5,473.0,550.0,526.09863,1.4569753,594.98834,625.9648,99.86615,1.3374416,-0.11953378,476.82666,-118.16168
1.5-473-550,0.1325301204,0.2650602408,0.47796385156444166,-0.0004297801918,1.5,473.0,550.0,483.64478,1.0615503,639.56146,534.84985,51.20508,1.1086849,0.047134638,564.66095,-74.90051
1.5-473-550,0.3506024097,0.7012048194,0.7525573838264147,0.0006766918789,1.5,473.0,550.0,656.07806,1.9664178,367.23767,712.22656,56.1485,1.9080254,-0.058392406,292.8906,-74.34708
1.5-473-550,0.3879518073,0.7759036146,0.9811301448069191,-0.0008822221606,1.5,473.0,550.0,1011.8583,0.91706413,53.575684,875.7611,-136.09717,1.212736,0.29567188,156.24272,102.66704
1.5-473-550,0.02244897957,0.04489795914,0.9772248215579286,0.000878710534,1.5,473.0,550.0,473.00003,0.21683753,649.85333,478.09604,5.0960083,0.4332618,0.21642429,582.11743,-67.7359
1.5-473-550,0.2879518072,0.5759036144,0.9993254186825348,0.0008985831642,1.5,473.0,550.0,1189.9003,0.018826718,43.499176,970.5041,-219.39618,0.92421633,0.9053896,123.41135,79.91217
1.5-473-550,0.113253012,0.226506024,0.8475322498919685,0.0007620923041,1.5,473.0,550.0,486.7569,0.86439526,636.41205,539.7763,53.01941,0.9546367,0.09024143,506.7562,-129.65585
1.5-473-550,0.2301204819,0.4602409638,0.9726063657286781,0.0008745576659,1.5,473.0,550.0,1162.5547,0.6559545,44.758392,868.9719,-293.58276,0.9460109,0.2900564,208.64737,163.88898
1.5-473-550,0.1518072289,0.3036144578,0.22784103821928303,0.0002048723241,1.5,473.0,550.0,488.7263,1.1056228,634.419,576.77563,88.04935,1.1232151,0.01759231,535.4508,-98.9682
1.5-473-550,0.1686746988,0.3373493976,0.9671530515086588,-0.0008696541017,1.5,473.0,550.0,704.73846,0.7588993,138.24371,741.03217,36.2937,0.81681323,0.05791396,314.46967,176.22595
1.5-473-550,0.1843373494,0.3686746988,0.9844268823757469,0.0008851865532,1.5,473.0,550.0,969.5435,0.35593605,56.9545,799.30963,-170.23389,0.7811604,0.42522436,265.62952,208.67502
1.5-473-550,0.03061224488,0.06122448976,0.9956514833048237,-0.0008952795992,1.5,473.0,550.0,473.00003,0.041201826,649.85333,493.53558,20.535553,0.39101946,0.34981763,561.22833,-88.625
1.5-473-550,0.1891566265,0.378313253,0.9965972946963587,-0.0008961300631,1.5,473.0,550.0,1087.5447,0.080390744,48.67206,828.0468,-259.49786,0.73352915,0.6531384,242.0059,193.33385
1.5-473-550,0.2156626506,0.4313253012,0.9931416465066502,-0.0008930227797,1.5,473.0,550.0,1265.2677,0.17051691,40.466614,877.0933,-388.17438,0.8087029,0.638186,203.10071,162.6341
1.5-473-550,0.4510204082,0.9020408164,0.9999999997775775,0.0008991897406,1.5,473.0,550.0,663.4191,-5.322157e-09,319.0844,785.60187,122.18274,1.1027011,1.1027011,208.79993,-110.284485
1.5-473-550,0.1662650602,0.3325301204,0.9442484491033019,0.0008490585182,1.5,473.0,550.0,610.73956,0.8942953,475.87366,708.6024,97.862854,0.89372957,-0.0005657077,343.3791,-132.49457
1.5-473-550,0.1746987951,0.3493975902,0.9973789934503665,-0.0008968329586,1.5,473.0,550.0,965.5304,0.06409644,57.304718,795.7498,-169.78058,0.698669,0.63457257,267.76987,210.46515
1.5-473-550,0.1831325301,0.3662650602,0.9980223152919674,0.000897411427,1.5,473.0,550.0,1036.8748,0.045349594,51.831116,816.49585,-220.3789,0.7135383,0.6681887,251.12703,199.29591
1.5-473-550,0.2385542169,0.4771084338,0.9671530515086588,0.0008696541017,1.5,473.0,550.0,1106.1569,0.81011117,47.635162,872.8224,-233.33447,0.9931151,0.18300396,204.65213,157.01697
1.5-473-550,0.3939759037,0.7879518074,0.7098470004029654,0.0006382871403,1.5,473.0,550.0,661.11597,2.264278,333.59854,697.4749,36.358948,2.058006,-0.20627189,290.5719,-43.02664
1.5-473-550,0.343373494,0.686746988,0.8902853188558087,0.0008005354251,1.5,473.0,550.0,803.6945,1.8882823,79.28171,814.58887,10.894348,1.5931486,-0.2951337,211.02264,131.74094
1.5-473-550,0.3385542169,0.6771084338,0.03282169735804886,2.951293354e-05,1.5,473.0,550.0,563.87646,1.6952071,549.1565,640.44885,76.57239,1.5156041,-0.17960298,438.6253,-110.53119
1.5-473-550,0.02653061223,0.05306122446,0.998978267368595,0.0008982710093,1.5,473.0,550.0,473.00003,0.008925909,649.85333,490.32492,17.32489,0.37050462,0.3615787,566.36066,-83.492676
1.5-473-550,0.1746987951,0.3493975902,0.8902853187445975,0.000800535425,1.5,473.0,550.0,568.0578,1.0137088,542.54553,670.1752,102.11737,1.0698836,0.056174755,380.55554,-161.98999
1.5-473-550,0.05714285715,0.1142857143,0.9337895728803226,-0.000839654004,1.5,473.0,550.0,473.00003,0.57979465,649.85333,499.79584,26.795807,0.63605946,0.056264818,547.7011,-102.15222
1.5-473-550,0.148192771,0.296385542,0.9671530515086588,-0.0008696541017,1.5,473.0,550.0,613.0894,0.73796463,472.11252,694.3901,81.30066,0.7653928,0.02742815,353.8735,-118.23901
1.5-473-550,0.3337349398,0.6674698796,0.9998257452316341,-0.0008990330527,1.5,473.0,550.0,1157.9918,0.0036038107,44.964996,963.20123,-194.79059,1.0070108,1.003407,116.1577,71.1927
1.5-473-550,0.2843373494,0.5686746988,0.9996041060258503,-0.000898833757,1.5,473.0,550.0,1194.1539,0.009896332,43.317474,969.5663,-224.58765,0.915242,0.9053457,124.89555,81.57808
1.5-473-550,0.4244897959,0.8489795918,0.9531521908128958,-0.0008570646714,1.5,473.0,550.0,695.9595,1.4414726,132.33742,794.5594,98.599915,1.4048312,-0.03664148,198.78253,66.445114
1.5-473-550,0.1626506024,0.3253012048,0.9915009044774012,-0.0008915474413,1.5,473.0,550.0,856.4312,0.22861153,69.63324,758.57043,-97.86078,0.6998003,0.47118878,298.35263,228.71939
1.5-473-550,0.4530612245,0.906122449,0.960723235489121,-0.0008638724771,1.5,473.0,550.0,662.4012,1.1220995,328.7566,757.56055,95.15936,1.3491993,0.22709978,221.81802,-106.93857
1.5-473-550,0.1361445783,0.2722891566,0.16340484119544796,0.0001469319568,1.5,473.0,550.0,481.45212,1.098554,641.78046,577.66907,96.21695,1.12853,0.02997601,532.9427,-108.83777
1.5-473-550,0.4285714286,0.8571428572,0.9442484491033019,-0.0008490585182,1.5,473.0,550.0,685.42865,1.4085598,153.6421,782.3127,96.88403,1.4537873,0.045227528,205.5825,51.9404
1.5-473-550,0.1975903614,0.3951807228,0.8705746216627653,0.0007828117684,1.5,473.0,550.0,603.17206,1.1947057,487.56326,690.60693,87.434875,1.1887224,-0.0059833527,362.6529,-124.91037
1.5-473-550,0.3903614458,0.7807228916,0.9999999997775775,-0.0008991897406,1.5,473.0,550.0,1105.2207,-5.322157e-09,47.694244,894.64905,-210.57166,1.0861199,1.0861199,145.47667,97.782425
1.5-473-550,0.4510204082,0.9020408164,0.960723235489121,0.0008638724771,1.5,473.0,550.0,663.0873,1.1265963,322.23746,760.55237,97.46509,1.350993,0.2243967,219.81421,-102.42325
1.5-473-550,0.2879518072,0.5759036144,0.9985491866279087,0.0008978851843,1.5,473.0,550.0,1186.4879,0.04341131,43.654602,969.15717,-217.33075,0.92918164,0.8857703,124.32918,80.674576
1.5-473-550,0.2662650602,0.5325301204,0.22784103833049427,-0.0002048723242,1.5,473.0,550.0,525.2714,1.4370749,595.9082,623.57416,98.302734,1.3288431,-0.10823178,480.72992,-115.17828
1.5-473-550,0.05102040816,0.10204081632,0.7525573838264147,-0.0006766918789,1.5,473.0,550.0,473.00003,0.94465905,649.85333,471.15973,-1.8403015,0.89207476,-0.05258429,601.96094,-47.892395
1.5-473-550,0.2807228916,0.5614457832,0.7892004020960466,-0.000709640905,1.5,473.0,550.0,644.6249,1.6514001,405.89752,712.15356,67.52869,1.6242629,-0.02713716,325.1781,-80.71942
1.5-473-550,0.02244897957,0.04489795914,0.9844268823757469,0.0008851865532,1.5,473.0,550.0,473.00003,0.14652503,649.85333,480.51718,7.517151,0.410447,0.26392198,579.2148,-70.63855
1.5-473-550,0.07142857145,0.1428571429,0.22784103833049427,-0.0002048723242,1.5,473.0,550.0,473.00003,1.1742929,649.85333,570.2801,97.28006,1.0781887,-0.096104264,543.04614,-106.80719
1.5-473-550,0.1662650602,0.3325301204,0.9999999997775775,-0.0008991897406,1.5,473.0,550.0,928.9821,-5.322157e-09,60.79706,779.0826,-149.89954,0.66812533,0.66812533,281.0645,220.26746
1.5-473-550,0.4204081632,0.8408163264,0.8705746216627653,-0.0007828117684,1.5,473.0,550.0,697.6109,1.9701968,130.19421,746.8333,49.222412,1.7778103,-0.19238651,229.63452,99.44031
1.5-473-550,0.2927710844,0.5855421688,0.3542741439827602,-0.0003185596757,1.5,473.0,550.0,546.0254,1.5341576,572.2744,635.9092,89.88379,1.4884226,-0.045735,453.86795,-118.40646
1.5-473-550,0.365060241,0.730120482,0.9844268823757469,0.0008851865532,1.5,473.0,550.0,1052.4475,0.6609241,50.80951,910.47925,-141.96826,1.161839,0.50091493,140.40775,89.598236
1.5-473-550,0.08163265309,0.16326530618,0.9726063657286781,0.0008745576659,1.5,473.0,550.0,473.00003,0.28761274,649.85333,557.1819,84.181854,0.5844563,0.2968436,482.30212,-167.55121
1.5-473-550,0.1578313253,0.3156626506,0.8475322498919685,-0.0007620923041,1.5,473.0,550.0,528.0962,0.98251134,592.7671,607.9701,79.8739,1.0946095,0.11209816,440.87628,-151.89081
1.5-473-550,0.330120482,0.660240964,0.9965972946963587,-0.0008961300631,1.5,473.0,550.0,1146.1064,0.121928625,45.550964,960.372,-185.73444,1.0226324,0.9007037,118.86717,73.31621
1.5-473-550,0.1542168674,0.3084337348,0.4163512326852384,0.000374378757,1.5,473.0,550.0,492.76303,1.0930367,630.33386,552.8338,60.07077,1.1344609,0.041424274,551.3525,-78.981384
1.5-473-550,0.2674698795,0.534939759,0.9071317792997667,0.0008156835895,1.5,473.0,550.0,836.0013,1.5564786,73.16965,819.2988,-16.702454,1.3200116,-0.236467,239.66899,166.49934
1.5-473-550,0.2024096385,0.404819277,0.5396442234408553,0.0004852425494,1.5,473.0,550.0,519.52686,1.2469059,602.2962,568.3725,48.845642,1.3088053,0.061899424,513.8568,-88.43939
1.5-473-550,0.008163265274,0.016326530548,0.9844268823757469,0.0008851865532,1.5,473.0,550.0,473.00003,0.1454429,649.85333,468.2622,-4.7378235,0.37871265,0.23326975,599.94696,-49.906372
1.5-473-550,0.1542168674,0.3084337348,0.9671530515086588,-0.0008696541017,1.5,473.0,550.0,632.2689,0.75859076,435.74567,708.2056,75.93671,0.78047484,0.021884084,342.0772,-93.66846
1.5-473-550,0.2626506024,0.5253012048,0.9895407848051817,-0.0008897849218,1.5,473.0,550.0,1171.9122,0.2972104,44.321198,937.3238,-234.58844,0.93123406,0.63402367,152.26465,107.94345
1.5-473-550,0.2939759036,0.5879518072,0.9811301448069191,0.0008822221606,1.5,473.0,550.0,1098.446,0.5911873,48.03833,941.5971,-156.84894,1.0485301,0.4573428,141.59915,93.56082
1.5-473-550,0.1686746988,0.3373493976,0.9998257452316341,-0.0008990330527,1.5,473.0,550.0,941.62756,0.0025545305,59.488037,784.73444,-156.89313,0.67405015,0.6714956,276.49924,217.0112
1.5-473-550,0.286746988,0.573493976,0.9973789933391554,0.0008968329585,1.5,473.0,550.0,1182.2776,0.08020192,43.847168,966.68854,-215.58905,0.93420666,0.85400474,126.30249,82.45532
1.5-473-550,0.3602409639,0.7204819278,0.7892004020960466,-0.000709640905,1.5,473.0,550.0,672.4291,2.0506825,237.79741,731.14325,58.714172,1.8893718,-0.16131079,269.4743,31.676895
1.5-473-550,0.3253012049,0.6506024098,0.9895407848051817,-0.0008897849218,1.5,473.0,550.0,1116.0653,0.37137896,47.0896,951.6976,-164.36774,1.0603733,0.68899435,125.697815,78.608215
1.5-473-550,0.4244897959,0.8489795918,0.9844268823757469,0.0008851865532,1.5,473.0,550.0,698.0678,0.9126244,129.50156,820.13153,122.06372,1.2136396,0.3010152,185.3105,55.808945
1.5-473-550,0.05918367348,0.11836734696,0.6021818746711394,-0.0005414757638,1.5,473.0,550.0,473.00003,1.0579245,649.85333,495.5463,22.546265,0.98166937,-0.07625514,598.0785,-51.77484
1.5-473-550,0.2168674699,0.4337349398,0.2914697156873968,0.0002620865781,1.5,473.0,550.0,514.2796,1.3129267,608.13116,595.739,81.45941,1.2241683,-0.08875835,512.0627,-96.06848
1.5-473-550,0.02244897957,0.04489795914,0.03282169735804886,2.951293354e-05,1.5,473.0,550.0,473.00003,1.1990162,649.85333,580.2493,107.2493,1.1507914,-0.048224807,519.8424,-130.01093
1.5-473-550,0.1746987951,0.3493975902,0.2914697156873968,0.0002620865781,1.5,473.0,550.0,499.28616,1.1456537,623.7324,577.56244,78.276276,1.146862,0.0012083054,533.185,-90.547424
1.5-473-550,0.4979591837,0.9959183674,0.9956514835272462,-0.0008952795994,1.5,473.0,550.0,657.40424,0.23476893,362.04898,708.39813,50.993896,1.0710136,0.83624464,268.4613,-93.58768
1.5-473-550,0.156626506,0.313253012,0.9993254186825348,0.0008985831642,1.5,473.0,550.0,871.4265,0.017878825,67.50891,754.2723,-117.154236,0.65089685,0.633018,301.38684,233.87793
1.5-473-550,0.156626506,0.313253012,0.9956514833048237,0.0008952795992,1.5,473.0,550.0,846.32587,0.12800127,71.209595,749.3675,-96.958374,0.66777647,0.5397752,305.66745,234.45786
1.5-473-550,0.2445783133,0.4891566266,0.9872047710533666,0.0008876844022,1.5,473.0,550.0,1189.1754,0.34122264,43.532715,913.15717,-276.01825,0.9045494,0.5633268,173.0655,129.53279
1.5-473-550,0.2204819277,0.4409638554,0.9531521908128958,-0.0008570646714,1.5,473.0,550.0,1081.3224,1.0066104,49.06369,824.6251,-256.69727,1.0088259,0.0022155046,244.90831,195.84462
1.5-473-550,0.04285714285,0.0857142857,0.7525573838264147,-0.0006766918789,1.5,473.0,550.0,473.00003,0.937545,649.85333,468.66553,-4.334503,0.8746538,-0.062891185,607.62756,-42.22577
1.5-473-550,0.2819277109,0.5638554218,0.9215172744995802,-0.0008286188792,1.5,473.0,550.0,871.47943,1.5279773,67.61484,847.9228,-23.55664,1.3096591,-0.21831822,212.73918,145.12434
1.5-473-550,0.2060240964,0.4120481928,0.2914697156873968,0.0002620865781,1.5,473.0,550.0,510.9744,1.2739176,611.80646,590.5481,79.5737,1.2013727,-0.07254481,518.1722,-93.63428
1.5-473-550,0.3373493976,0.6746987952,0.5396442233296441,0.0004852425493,1.5,473.0,550.0,610.8861,1.8020772,475.8543,658.67914,47.79303,1.8387139,0.03663671,382.28162,-93.57269
1.5-473-550,0.002040816303,0.004081632606,0.8705746217739765,0.0007828117685,1.5,473.0,550.0,473.00003,0.91083246,649.85333,452.3474,-20.652618,0.6390792,-0.27175325,630.68634,-19.166992
1.5-473-550,0.2530120482,0.5060240964,0.8206166047262803,-0.0007378900321,1.5,473.0,550.0,645.97363,1.5513483,400.11978,715.4106,69.43695,1.4779344,-0.07341397,331.76956,-68.35022
1.5-473-550,0.2469879518,0.4939759036,0.7098470004029654,0.0006382871403,1.5,473.0,550.0,582.92255,1.4538187,519.7046,639.4129,56.490356,1.5359443,0.082125664,410.1074,-109.5972
1.5-473-550,0.2903614458,0.5807228916,0.960723235489121,-0.0008638724771,1.5,473.0,550.0,1001.2451,1.1019452,54.39099,908.14966,-93.09546,1.1531547,0.05120957,165.98056,111.58957
1.5-473-550,0.3156626506,0.6313253012,0.9895407848051817,-0.0008897849218,1.5,473.0,550.0,1123.7921,0.35791808,46.676697,955.1942,-168.5979,1.041787,0.68386894,126.21294,79.53624
1.5-473-550,0.2927710844,0.5855421688,0.9996041060258503,-0.000898833757,1.5,473.0,550.0,1187.1752,0.010194356,43.62317,972.4095,-214.76569,0.93194664,0.9217523,120.9594,77.33623
1.5-473-550,0.4816326531,0.9632653062,0.9956514833048237,0.0008952795992,1.5,473.0,550.0,657.9994,0.23501295,359.64648,731.9836,73.98419,1.0997777,0.86476475,247.64108,-112.0054
1.5-473-550,0.06938775512,0.13877551024,0.9531521908128958,-0.0008570646714,1.5,473.0,550.0,473.00003,0.46384943,649.85333,525.1519,52.151886,0.6143994,0.15054995,517.3469,-132.50641
1.5-473-550,0.1469879518,0.2939759036,0.9671530515086588,-0.0008696541017,1.5,473.0,550.0,609.8157,0.73331624,477.5158,691.6252,81.80951,0.762381,0.029064775,356.24948,-121.26633
1.5-473-550,0.4714285714,0.9428571428,0.03282169734692774,-2.951293353e-05,1.5,473.0,550.0,654.3773,2.007569,374.26886,701.7178,47.340454,1.9817361,-0.02583301,331.27277,-42.996094
1.5-473-550,0.3421686747,0.6843373494,0.6021818746711394,-0.0005414757638,1.5,473.0,550.0,624.3979,1.852825,452.23236,666.1662,41.76831,1.8989109,0.046085835,360.20154,-92.03082
1.5-473-550,0.3759036145,0.751807229,0.960723235489121,0.0008638724771,1.5,473.0,550.0,939.91376,1.4511788,59.65753,867.8527,-72.061035,1.3241979,-0.1269809,163.3161,103.65857
1.5-473-550,0.4346938775,0.869387755,0.8705746216627653,-0.0007828117684,1.5,473.0,550.0,671.66125,1.5944432,241.94093,734.62384,62.962585,1.7779833,0.1835401,235.21538,-6.7255554
1.5-473-550,0.1024096385,0.204819277,0.9980223152919674,-0.000897411427,1.5,473.0,550.0,622.8145,0.047515925,454.56888,620.26465,-2.5498657,0.5399445,0.4924286,419.24228,-35.3266
1.5-473-550,0.2807228916,0.5614457832,0.9531521909241071,0.0008570646715,1.5,473.0,550.0,977.13214,1.2004486,56.332,892.2424,-84.88977,1.1673768,-0.033071876,180.38322,124.05122
1.5-473-550,0.4938775511,0.9877551022,0.993141646395439,0.0008930227796,1.5,473.0,550.0,657.49164,0.3712399,361.6962,713.14734,55.6557,1.0945717,0.7233318,263.3532,-98.34299
1.5-473-550,0.08163265309,0.16326530618,0.9985491866279087,-0.0008978851843,1.5,473.0,550.0,473.00003,0.014125461,649.85333,576.25726,103.25723,0.49258286,0.4784574,463.0157,-186.83765
1.5-473-550,0.3879518073,0.7759036146,0.9993254186825348,0.0008985831642,1.5,473.0,550.0,1105.4103,0.030225152,47.658905,897.7228,-207.6875,1.0884968,1.0582716,143.97766,96.318756
1.5-473-550,0.1421686747,0.2843373494,0.8475322498919685,0.0007620923041,1.5,473.0,550.0,513.00653,0.93865037,609.5429,583.06116,70.05463,1.0435635,0.104913116,464.37433,-145.16858
1.5-473-550,0.008163265274,0.016326530548,0.9973789933391554,0.0008968329585,1.5,473.0,550.0,473.00003,0.023812586,649.85333,472.02972,-0.9703064,0.33595908,0.31214648,595.2848,-54.568542
1.5-473-550,0.1578313253,0.3156626506,0.9999999997775775,0.0008991897406,1.5,473.0,550.0,884.05585,-5.322157e-09,65.91254,758.18976,-125.86609,0.65030605,0.65030605,298.12012,232.20758
1.5-473-550,0.2542168675,0.508433735,0.960723235489121,0.0008638724771,1.5,473.0,550.0,1036.415,0.99937546,51.8732,882.1374,-154.27765,1.0634176,0.06404209,194.78699,142.91379
1.5-473-550,0.1638554216,0.3277108432,0.9956514833048237,-0.0008952795992,1.5,473.0,550.0,893.926,0.114319794,64.59161,767.1326,-126.793396,0.6834676,0.5691478,291.06918,226.47757
1.5-473-550,0.308433735,0.61686747,0.7892004020960466,-0.000709640905,1.5,473.0,550.0,654.2672,1.7789203,373.5623,725.8392,71.57196,1.7262663,-0.052654028,300.37656,-73.18573
1.5-473-550,0.09795918369,0.19591836738,0.9895407850276042,0.000889784922,1.5,473.0,550.0,473.00317,0.10739576,649.85034,602.7324,129.72925,0.56290895,0.45551318,436.16,-213.69034
1.5-473-550,0.4285714286,0.8571428572,0.999825745120423,0.0008990330526,1.5,473.0,550.0,687.8073,0.0063803145,147.2057,826.57574,138.76843,1.1090224,1.102642,182.84892,35.64322
1.5-473-550,0.2819277109,0.5638554218,0.8705746216627653,0.0007828117684,1.5,473.0,550.0,736.27795,1.6951693,103.9171,786.3011,50.023132,1.4772424,-0.21792698,260.71985,156.80275
1.5-473-550,0.3710843374,0.7421686748,0.09831793590232207,-8.84064793e-05,1.5,473.0,550.0,598.72797,1.9081895,495.15942,667.3251,68.59711,1.6472796,-0.26090991,406.41068,-88.74875
1.5-473-550,0.1277108433,0.2554216866,0.9985491866279087,-0.0008978851843,1.5,473.0,550.0,735.2879,0.069240384,100.67372,681.0019,-54.28601,0.59253216,0.52329177,363.68994,263.01624
1.5-473-550,0.351807229,0.703614458,0.9956514833048237,-0.0008952795992,1.5,473.0,550.0,1122.6459,0.17310971,46.737976,941.11755,-181.52832,1.0659841,0.8928744,125.183044,78.44507
1.5-473-550,0.3036144579,0.6072289158,0.9215172744995802,0.0008286188792,1.5,473.0,550.0,868.0282,1.5989217,68.080444,855.7622,-12.265991,1.3697242,-0.2291975,198.69872,130.61827
1.5-473-550,0.4877551021,0.9755102042,0.22784103821928303,0.0002048723241,1.5,473.0,550.0,656.7136,1.9456816,364.8371,728.84314,72.12952,2.1253805,0.17969894,302.72195,-62.115143
1.5-473-550,0.0612244898,0.1224489796,0.8705746216627653,-0.0007828117684,1.5,473.0,550.0,473.00003,0.78670216,649.85333,485.28326,12.283234,0.7769762,-0.009725928,567.36163,-82.4917
1.5-473-550,0.1855421686,0.3710843372,0.22784103821928303,0.0002048723241,1.5,473.0,550.0,502.5817,1.183318,620.39734,586.6819,84.10019,1.161609,-0.021708965,524.52405,-95.87329
1.5-473-550,0.2975903615,0.595180723,0.47796385156444166,-0.0004297801918,1.5,473.0,550.0,568.683,1.5870668,541.31305,634.35944,65.67645,1.6182866,0.03121984,433.5723,-107.74075
1.5-473-550,0.1807228915,0.361445783,0.9531521909241071,-0.0008570646715,1.5,473.0,550.0,705.89246,0.9055696,144.151,749.61523,43.72278,0.9017116,-0.0038580298,308.1426,163.99161
1.5-473-550,0.3469879518,0.6939759036,0.03282169734692774,-2.951293353e-05,1.5,473.0,550.0,572.8986,1.744211,535.4331,644.35693,71.45831,1.5438833,-0.20032763,432.07816,-103.35495
1.5-473-550,0.1674698795,0.334939759,0.9811301446957078,-0.0008822221605,1.5,473.0,550.0,805.71216,0.4765325,78.61307,756.2334,-49.47876,0.7564335,0.279901,300.95435,222.34128
1.5-473-550,0.1939759036,0.3879518072,0.8206166047262803,0.0007378900321,1.5,473.0,550.0,560.30145,1.1673826,553.89264,644.35095,84.0495,1.2576572,0.09027457,407.87442,-146.01822
1.5-473-550,0.1554216867,0.3108433734,0.9980223152919674,0.000897411427,1.5,473.0,550.0,854.2239,0.05845427,69.9501,749.52625,-104.69763,0.65434587,0.5958916,305.38632,235.43622
1.5-473-550,0.3662650603,0.7325301206,0.8475322498919685,0.0007620923041,1.5,473.0,550.0,739.04846,2.103753,100.37157,767.7132,28.664734,1.7800872,-0.32366586,235.34528,134.97371
1.5-473-550,0.1590361445,0.318072289,0.9442484491033019,0.0008490585182,1.5,473.0,550.0,591.187,0.8639888,505.8117,693.2171,102.03009,0.8738396,0.0098508,356.56256,-149.24915
1.5-473-550,0.4632653061,0.9265306122,0.9337895728803226,-0.000839654004,1.5,473.0,550.0,659.8559,1.2836009,352.0656,731.07983,71.22394,1.4821665,0.1985656,237.51262,-114.55299
1.5-473-550,0.1036144578,0.2072289156,0.7892004020960466,-0.000709640905,1.5,473.0,550.0,473.953,0.9035017,648.95435,509.7973,35.8443,0.9929145,0.08941281,545.01636,-103.93799
1.5-473-550,0.1686746988,0.3373493976,0.9993254186825348,-0.0008985831642,1.5,473.0,550.0,938.63794,0.01565873,59.783722,784.02264,-154.6153,0.6764573,0.66079855,277.1062,217.32248
1.5-473-550,0.4367346939,0.8734693878,0.22784103821928303,0.0002048723241,1.5,473.0,550.0,643.6058,2.0693579,409.6009,711.0773,67.4715,1.9738241,-0.09553373,338.6778,-70.923096
1.5-473-550,0.1024096385,0.204819277,0.993141646395439,0.0008930227796,1.5,473.0,550.0,591.2829,0.14758605,505.5486,615.7071,24.424194,0.5591389,0.41155285,423.6076,-81.94101
1.5-473-550,0.04081632652,0.08163265304,0.960723235489121,-0.0008638724771,1.5,473.0,550.0,473.00003,0.38760614,649.85333,491.02155,18.021515,0.52468234,0.1370762,560.97205,-88.88129
1.5-473-550,0.0,0.0,0.9998256639362226,0.0008990329796,1.5,473.0,550.0,473.00003,0.90842825,649.85333,466.43927,-6.5607605,0.3098157,-0.59861255,605.88245,-43.970886
1.5-473-550,0.4755102041,0.9510204082,0.9999999997775775,-0.0008991897406,1.5,473.0,550.0,658.4882,-5.322157e-09,357.67297,743.6665,85.17828,1.0800457,1.0800457,239.29797,-118.375
1.5-473-550,0.1120481927,0.2240963854,0.9965972946963587,-0.0008961300631,1.5,473.0,550.0,658.76056,0.16724718,354.96387,641.1137,-17.64685,0.56668574,0.39943856,399.6809,44.71704
1.5-473-550,0.2204819277,0.4409638554,0.6600967573005477,0.0005935522321,1.5,473.0,550.0,539.167,1.3252022,580.30273,597.86035,58.69336,1.4262245,0.10102224,463.31012,-116.992615
1.5-473-550,0.03469387754,0.06938775508,0.16340484097302546,-0.0001469319566,1.5,473.0,550.0,473.00003,1.2431656,649.85333,578.91766,105.91763,1.092812,-0.15035367,531.6661,-118.187256
1.5-473-550,0.104819277,0.209638554,0.6600967573005477,0.0005935522321,1.5,473.0,550.0,473.43307,1.0057373,649.44476,501.17093,27.737854,1.058968,0.053230643,574.4209,-75.023865
1.5-473-550,0.4163265306,0.8326530612,0.9872047710533666,0.0008876844022,1.5,473.0,550.0,730.73596,0.8531889,103.12602,836.67566,105.9397,1.1931039,0.33991504,176.11404,72.98802
1.5-473-550,0.2228915662,0.4457831324,0.960723235489121,-0.0008638724771,1.5,473.0,550.0,1119.347,0.88169736,46.923187,839.51685,-279.8302,0.98273826,0.1010409,232.66766,185.74448
1.5-473-550,0.1012048192,0.2024096384,0.8475322500031797,-0.0007620923042,1.5,473.0,550.0,473.29883,0.82802486,649.5715,523.55,50.25116,0.9197338,0.09170896,523.6622,-125.9093
1.5-473-550,0.169879518,0.339759036,0.9071317792997667,-0.0008156835895,1.5,473.0,550.0,572.0719,0.9743318,535.4929,677.1368,105.06488,1.0138274,0.039495647,373.25504,-162.23788
1.5-473-550,0.1722891566,0.3445783132,0.9956514833048237,-0.0008952795992,1.5,473.0,550.0,941.7731,0.107485704,59.473633,787.5204,-154.25269,0.7017515,0.59426576,274.50836,215.03473
1.5-473-550,0.373493976,0.746987952,0.7892004020960466,-0.000709640905,1.5,473.0,550.0,679.11884,2.1425402,204.20021,728.8998,49.780945,1.9221821,-0.22035813,264.88248,60.682266
1.5-473-550,0.3638554217,0.7277108434,0.09831793590232207,-8.84064793e-05,1.5,473.0,550.0,591.81323,1.8576498,505.18262,663.7758,71.962585,1.619505,-0.23814476,412.55737,-92.625244
1.5-473-550,0.3927710844,0.7855421688,0.9980223152919674,0.000897411427,1.5,473.0,550.0,1092.6838,0.1012085,48.37329,888.28436,-204.39948,1.1025404,1.0013319,148.78677,100.41348
1.5-473-550,0.4897959184,0.9795918368,0.9980223152919674,-0.000897411427,1.5,473.0,550.0,657.61066,0.104117565,361.21573,720.7883,63.177673,1.0712638,0.9671462,257.84137,-103.37436
1.5-473-550,0.0244897959,0.0489795918,0.9931416465066502,-0.0008930227797,1.5,473.0,550.0,473.00003,0.06443327,649.85333,485.7688,12.768768,0.38613987,0.3217066,572.3149,-77.53845
1.5-473-550,0.2879518072,0.5759036144,0.9945113832197316,0.0008942544329,1.5,473.0,550.0,1168.2684,0.17118609,44.487854,962.19934,-206.06909,0.9546884,0.7835023,129.08194,84.594086
1.5-473-550,0.1662650602,0.3325301204,0.3542741437603377,0.0003185596755,1.5,473.0,550.0,496.88586,1.1213322,626.1615,566.6776,69.79175,1.1418527,0.020520568,541.55237,-84.60913
1.5-473-550,0.4551020408,0.9102040816,0.9895407848051817,-0.0008897849218,1.5,473.0,550.0,662.0172,0.55580544,332.40475,771.48926,109.472046,1.1702325,0.6144271,216.50995,-115.894806
1.5-473-550,0.156626506,0.313253012,0.6600967573005477,-0.0005935522321,1.5,473.0,550.0,503.61084,1.0556366,619.35583,539.081,35.470154,1.2009727,0.14533603,531.16614,-88.1897
1.5-473-550,0.09591836738,0.19183673476,0.9956514833048237,0.0008952795992,1.5,473.0,550.0,473.00003,0.044079956,649.85333,603.69073,130.6907,0.5350548,0.49097484,435.26038,-214.59296
1.5-473-550,0.1084337349,0.2168674698,0.9772248215579286,0.000878710534,1.5,473.0,550.0,543.9177,0.43559903,574.7666,614.5248,70.607056,0.63217235,0.19657332,424.97037,-149.79623
1.5-473-550,0.06734693879,0.13469387758,0.9973789934503665,-0.0008968329586,1.5,473.0,550.0,473.00003,0.026324863,649.85333,548.37537,75.375336,0.46566865,0.43934378,492.9874,-156.86594
1.5-473-550,0.2144578313,0.4289156626,0.9999999997775775,-0.0008991897406,1.5,473.0,550.0,1292.6001,-5.322157e-09,39.923004,886.0582,-406.54187,0.76933706,0.76933706,196.0665,156.1435
1.5-473-550,0.365060241,0.730120482,0.9996041060258503,0.000898833757,1.5,473.0,550.0,1128.9403,0.013708884,46.40161,931.45575,-197.48456,1.0583163,1.0446075,128.08873,81.68712
1.5-473-550,0.4938775511,0.9877551022,0.9215172744995802,-0.0008286188792,1.5,473.0,550.0,657.44495,1.3474971,361.88477,694.18756,36.742615,1.4806658,0.1331687,266.97607,-94.90869
1.5-473-550,0.3012048193,0.6024096386,0.993141646395439,0.0008930227796,1.5,473.0,550.0,1150.3657,0.22444725,45.340973,962.6191,-187.74664,0.99015355,0.7657063,125.36005,80.01907
1.5-473-550,0.2012048193,0.4024096386,0.9956514833048237,0.0008952795992,1.5,473.0,550.0,1212.5962,0.10457229,42.53366,852.6331,-359.96307,0.7642596,0.6596873,222.53511,180.00145
1.5-473-550,0.4734693878,0.9469387756,0.9998257452316341,-0.0008990330527,1.5,473.0,550.0,658.6978,0.0052916952,356.82693,746.8892,88.19141,1.083781,1.0784893,236.72546,-120.10147
1.5-473-550,0.3228915663,0.6457831326,0.9945113832197316,-0.0008942544329,1.5,473.0,550.0,1142.0438,0.19273669,45.75125,960.75323,-181.29059,1.0233308,0.8305941,120.58804,74.83679
1.5-473-550,0.278313253,0.556626506,0.16340484097302546,-0.0001469319566,1.5,473.0,550.0,527.17285,1.4669596,593.7938,627.7713,100.59845,1.3473107,-0.11964893,474.42926,-119.36456
1.5-473-550,0.3120481928,0.6240963856,0.9844268823757469,0.0008851865532,1.5,473.0,550.0,1101.4127,0.5210722,47.872498,947.6901,-153.7226,1.0666652,0.54559296,132.1922,84.3197
1.5-473-550,0.2253012048,0.4506024096,0.03282169735804886,2.951293354e-05,1.5,473.0,550.0,513.4214,1.3347135,609.0854,595.2116,81.79022,1.254822,-0.07989144,504.79684,-104.28854
1.5-473-550,0.4857142857,0.9714285714,0.993141646395439,0.0008930227796,1.5,473.0,550.0,657.77216,0.37140834,360.56375,724.80176,67.0296,1.1092268,0.7378185,253.04294,-107.52081
1.5-473-550,0.2204819277,0.4409638554,0.999825745120423,-0.0008990330526,1.5,473.0,550.0,1298.2048,0.0024162477,39.923004,896.8831,-401.32172,0.78287476,0.7804585,187.49808,147.57507
1.5-473-550,0.1228915662,0.2457831324,0.9772248215579286,-0.000878710534,1.5,473.0,550.0,577.50104,0.5561062,525.84937,646.8048,69.30377,0.66644615,0.11033994,395.10858,-130.74078
1.5-473-550,0.08163265309,0.16326530618,0.9337895728803226,-0.000839654004,1.5,473.0,550.0,473.00003,0.5814873,649.85333,533.77356,60.77353,0.69735783,0.115870535,507.5371,-142.31622
1.5-473-550,0.1373493975,0.274698795,0.9985491866279087,0.0008978851843,1.5,473.0,550.0,775.0154,0.056694563,86.042145,704.9642,-70.05121,0.61324424,0.55654967,342.86804,256.8259
1.5-473-550,0.03061224488,0.06122448976,0.9996041060258503,0.000898833757,1.5,473.0,550.0,473.00003,0.003035838,649.85333,495.27402,22.273987,0.37720704,0.3741712,559.29877,-90.554565
1.5-473-550,0.1096385542,0.2192771084,0.8206166047262803,-0.0007378900321,1.5,473.0,550.0,480.89664,0.8833737,642.3323,524.98883,44.092194,0.9785749,0.095201194,524.93146,-117.40082
1.5-473-550,0.2686746988,0.5373493976,0.8475322498919685,-0.0007620923041,1.5,473.0,550.0,681.06836,1.6373997,222.02467,753.4938,72.425415,1.486821,-0.15057862,293.02777,71.0031
1.5-473-550,0.1590361445,0.318072289,0.03282169735804886,2.951293354e-05,1.5,473.0,550.0,490.6846,1.12173,632.4372,580.00073,89.31613,1.1957823,0.074052334,522.0722,-110.36499
1.5-473-550,0.1108433734,0.2216867468,0.9945113832197316,0.0008942544329,1.5,473.0,550.0,639.74567,0.20772803,419.74255,636.2118,-3.5338745,0.5724269,0.3646989,404.25763,-15.484924
1.5-473-550,0.00204081629,0.00408163258,0.03282169735804886,2.951293354e-05,1.5,473.0,550.0,473.00003,0.99372184,649.85333,583.36346,110.363434,1.1405282,0.14680636,517.6352,-132.21814
1.5-473-550,0.1590361445,0.318072289,0.8475322498919685,-0.0007620923041,1.5,473.0,550.0,529.29016,0.9862684,591.4394,609.90125,80.611084,1.0986133,0.11234486,439.06577,-152.37363
1.5-473-550,0.1216867469,0.2433734938,0.9996041061370615,-0.0008988337571,1.5,473.0,550.0,720.37787,0.01837551,109.06824,667.38806,-52.989807,0.575107,0.55673146,375.73114,266.6629
1.5-473-550,0.4510204082,0.9020408164,0.9980223152919674,0.000897411427,1.5,473.0,550.0,663.4187,0.10820972,319.08878,784.2107,120.79199,1.1162647,1.008055,209.37328,-109.7155
1.5-473-550,0.1855421686,0.3710843372,0.9980223152919674,-0.000897411427,1.5,473.0,550.0,1053.1411,0.046733137,50.76535,822.03253,-231.10858,0.7186712,0.67193806,246.71864,195.9533
1.5-473-550,0.3831325302,0.7662650604,0.4163512326852384,0.000374378757,1.5,473.0,550.0,624.52844,2.049237,452.10593,684.41064,59.882202,1.9159198,-0.13331723,365.52573,-86.5802
1.5-473-550,0.1216867469,0.2433734938,0.9071317792997667,0.0008156835895,1.5,473.0,550.0,505.44485,0.80832076,617.4998,585.921,80.476166,0.8702138,0.061893046,456.02325,-161.47656
1.5-473-550,0.1108433734,0.2216867468,0.9993254186825348,0.0008985831642,1.5,473.0,550.0,677.4201,0.03922784,191.26291,641.0439,-36.37622,0.55294436,0.5137165,399.70364,208.44073
1.5-473-550,0.4959183674,0.9918367348,0.9442484491033019,-0.0008490585182,1.5,473.0,550.0,657.4213,1.2408613,361.98013,696.743,39.321655,1.3655007,0.12463939,267.89062,-94.08951
1.5-473-550,0.3060240964,0.6120481928,0.8902853188558087,-0.0008005354251,1.5,473.0,550.0,798.0371,1.7477347,80.714874,817.86316,19.82605,1.4930222,-0.25471246,225.7671,145.05223
1.5-473-550,0.4734693878,0.9469387756,0.9337895728803226,-0.000839654004,1.5,473.0,550.0,658.51654,1.2883797,357.5586,718.96216,60.445618,1.4659027,0.17752302,246.74413,-110.81447
1.5-473-550,0.4081632653,0.8163265306,0.9531521909241071,0.0008570646715,1.5,473.0,550.0,781.65564,1.6957817,84.32469,817.8798,36.224182,1.399805,-0.29597676,186.62956,102.30487
1.5-473-550,0.0102040816,0.0204081632,0.03282169734692774,-2.951293353e-05,1.5,473.0,550.0,473.00003,1.105399,649.85333,582.03143,109.0314,1.1450069,0.039607882,518.48694,-131.3664
1.5-473-550,0.0,0.0,0.9726236451740442,0.0008745732034,1.5,473.0,550.0,473.00003,0.90842825,649.85333,460.00595,-12.99408,0.3970542,-0.51137406,614.38336,-35.46997
1.5-473-550,0.2457831325,0.491566265,0.9956514833048237,0.0008952795992,1.5,473.0,550.0,1223.3822,0.11730575,42.08496,928.9977,-294.38452,0.85973984,0.7424341,161.08327,118.99831
1.5-473-550,0.02244897957,0.04489795914,0.9956514833048237,-0.0008952795992,1.5,473.0,550.0,473.00003,0.040265497,649.85333,484.62402,11.623993,0.3731017,0.3328362,574.42914,-75.424194
1.5-473-550,0.1722891566,0.3445783132,0.03282169734692774,-2.951293353e-05,1.5,473.0,550.0,496.0461,1.1468126,627.01135,582.19617,86.150055,1.203867,0.0570544,519.7874,-107.22394
1.5-473-550,0.1867469879,0.3734939758,0.9442484491033019,-0.0008490585182,1.5,473.0,550.0,723.57904,0.9853977,119.30127,750.85126,27.272217,0.9505551,-0.03484261,307.5185,188.21722
1.5-473-550,0.4714285714,0.9428571428,0.22784103833049427,-0.0002048723242,1.5,473.0,550.0,655.0118,1.9732729,371.70737,723.73016,68.71838,2.084466,0.11119306,312.99594,-58.711426
1.5-473-550,0.2072289156,0.4144578312,0.9337895728803226,-0.000839654004,1.5,473.0,550.0,934.35095,1.2138507,60.433014,776.0571,-158.29382,1.0458865,-0.16796422,286.10214,225.66913
1.5-473-550,0.3,0.6,0.9844268823757469,0.0008851865532,1.5,473.0,550.0,1109.1515,0.5031806,47.458984,948.04584,-161.10565,1.0417275,0.5385469,135.48535,88.02637
1.5-473-550,0.1855421686,0.3710843372,0.9985491866279087,-0.0008978851843,1.5,473.0,550.0,1055.897,0.033784565,50.589905,822.8294,-233.06757,0.71603435,0.6822498,246.05812,195.46822
1.5-473-550,0.2554216867,0.5108433734,0.5396442233296441,-0.0004852425493,1.5,473.0,550.0,543.4265,1.4353619,575.337,607.18463,63.758118,1.5006545,0.0652926,462.6264,-112.71057
1.5-473-550,0.4061224489,0.8122448978,0.8902853188558087,-0.0008005354251,1.5,473.0,550.0,770.10394,2.1908894,87.60419,771.26105,1.1571045,1.6974307,-0.49345863,216.35205,128.74786
1.5-473-550,0.1361445783,0.2722891566,0.5396442233296441,-0.0004852425493,1.5,473.0,550.0,486.9686,1.0512458,636.1978,527.3566,40.38803,1.1279081,0.0766623,563.58453,-72.61328
1.5-473-550,0.1903614457,0.3807228914,0.9811301448069191,-0.0008822221606,1.5,473.0,550.0,1013.9044,0.433858,53.434814,807.73315,-206.17126,0.8103314,0.3764734,258.96756,205.53275
1.5-473-550,0.221686747,0.443373494,0.2914697156873968,0.0002620865781,1.5,473.0,550.0,515.6086,1.3254216,606.65326,598.1433,82.53473,1.2349762,-0.0904454,509.20526,-97.448
1.5-473-550,0.3686746989,0.7373493978,0.9993254186825348,-0.0008985831642,1.5,473.0,550.0,1124.5802,0.026262576,46.634583,926.30475,-198.27545,1.0652864,1.0390239,130.42188,83.78729
1.5-473-550,0.1903614458,0.3807228916,0.22784103833049427,-0.0002048723242,1.5,473.0,550.0,504.38113,1.2041525,618.5763,588.41254,84.0314,1.168434,-0.03571844,522.5924,-95.98389
1.5-473-550,0.1445783132,0.2891566264,0.6021818746711394,-0.0005414757638,1.5,473.0,550.0,493.64847,1.0471351,629.43774,527.44916,33.80069,1.1600597,0.112924576,553.06213,-76.37561
1.5-473-550,0.3397590362,0.6795180724,0.22784103833049427,-0.0002048723242,1.5,473.0,550.0,573.7429,1.7224969,533.72424,664.2365,90.49359,1.5828382,-0.13965869,422.98096,-110.743286
1.5-473-550,0.4795918368,0.9591836736,0.9772248215579286,0.000878710534,1.5,473.0,550.0,658.10516,0.90367997,359.21954,727.12024,69.015076,1.2174212,0.3137412,247.31369,-111.90585
1.5-473-550,0.3168674699,0.6337349398,0.7098470004029654,0.0006382871403,1.5,473.0,550.0,635.2197,1.7761593,429.95752,684.6268,49.407043,1.8171271,0.040967822,338.4337,-91.523834
1.5-473-550,0.1518072289,0.3036144578,0.993141646395439,0.0008930227796,1.5,473.0,550.0,802.40015,0.21605086,79.29477,734.19916,-68.20099,0.66847247,0.4524216,318.43243,239.13766
1.5-473-550,0.2265060241,0.4530120482,0.9531521909241071,0.0008570646715,1.5,473.0,550.0,1073.6213,1.0175401,49.521576,834.2156,-239.40576,1.0250176,0.007477522,236.60904,187.08746
1.5-473-550,0.4020408163,0.8040816326,0.9607232356003321,0.0008638724772,1.5,473.0,550.0,866.8719,1.6489799,68.29474,833.56006,-33.31183,1.3521312,-0.29684865,178.3728,110.078064
1.5-473-550,0.2072289156,0.4144578312,0.4163512326852384,0.000374378757,1.5,473.0,550.0,515.09485,1.2750378,607.22455,578.90924,63.814392,1.2529511,-0.02208662,519.5239,-87.70062
1.5-473-550,0.3493975904,0.6987951808,0.999825745120423,0.0008990330526,1.5,473.0,550.0,1144.7854,0.0038682169,45.61609,949.8354,-194.95001,1.0331817,1.0293134,120.50227,74.886185
1.5-473-550,0.4836734694,0.9673469388,0.9999999997775775,-0.0008991897406,1.5,473.0,550.0,657.8789,-5.322157e-09,360.13287,730.7992,72.92029,1.0685054,1.0685054,249.77567,-110.35721
1.5-473-550,0.3144578314,0.6289156628,0.960723235489121,0.0008638724771,1.5,473.0,550.0,985.6896,1.1718032,55.631927,910.70233,-74.98724,1.2092364,0.037433147,156.12067,100.48874
1.5-473-550,0.3554216868,0.7108433736,0.9996041060258503,0.000898833757,1.5,473.0,550.0,1137.8036,0.013057524,45.960266,943.08234,-194.72125,1.0441507,1.0310932,123.1967,77.236435
1.5-473-550,0.1951807228,0.3903614456,0.9956514833048237,0.0008952795992,1.5,473.0,550.0,1148.2062,0.105638556,45.44742,839.85016,-308.35602,0.75126195,0.6456234,232.67183,187.22441
1.5-473-550,0.308433735,0.61686747,0.9945113832197316,0.0008942544329,1.5,473.0,550.0,1152.7527,0.18249702,45.223297,964.71606,-188.03662,0.9956792,0.8131822,122.00743,76.784134
1.5-473-550,0.330120482,0.660240964,0.960723235489121,0.0008638724771,1.5,473.0,550.0,974.73944,1.2268919,56.50583,906.1149,-68.62451,1.2431824,0.016290545,153.69818,97.19235
1.5-473-550,0.4918367347,0.9836734694,0.9872047710533666,-0.0008876844022,1.5,473.0,550.0,657.5408,0.6413529,361.49786,713.8678,56.327026,1.135026,0.4936731,261.12216,-100.3757
1.5-473-550,0.1253012048,0.2506024096,0.998978267368595,-0.0008982710093,1.5,473.0,550.0,729.41095,0.05010402,103.69328,675.5513,-53.85968,0.58552134,0.5354173,368.4858,264.79254
1.5-473-550,0.1397590361,0.2795180722,0.9915009044774012,-0.0008915474413,1.5,473.0,550.0,728.19543,0.3283583,104.37607,702.49054,-25.704895,0.6488554,0.3204971,345.36664,240.99057
1.5-473-550,0.3542168675,0.708433735,0.7892004020960466,0.000709640905,1.5,473.0,550.0,669.80914,2.0115178,260.95197,731.7416,61.932434,1.8730298,-0.13848794,272.00058,11.0486145
1.5-473-550,0.4959183674,0.9918367348,0.9531521909241071,0.0008570646715,1.5,473.0,550.0,657.4262,1.183333,361.9605,698.79803,41.371826,1.3194419,0.13610888,267.5227,-94.437805
1.5-473-550,0.06326530613,0.12653061226,0.16340484097302546,-0.0001469319566,1.5,473.0,550.0,473.00003,1.1878937,649.85333,575.4949,102.49484,1.1015083,-0.08638549,534.70703,-115.1463
1.5-473-550,0.5,1.0,0.9215671387250775,0.0008286637166,1.5,473.0,550.0,657.34955,1.355101,362.27002,688.4302,31.080627,1.4644302,0.10932922,272.7708,-89.49921
1.5-473-550,0.06734693879,0.13469387758,0.16340484097302546,-0.0001469319566,1.5,473.0,550.0,473.00003,1.1844261,649.85333,575.1854,102.185394,1.102625,-0.08180106,535.0237,-114.82965
1.5-473-550,0.2036144578,0.4072289156,0.9531521909241071,0.0008570646715,1.5,473.0,550.0,996.9218,0.9972139,54.781067,795.0328,-201.88904,0.96336854,-0.033845365,270.05496,215.2739
1.5-473-550,0.1325301204,0.2650602408,0.9985491866279087,0.0008978851843,1.5,473.0,550.0,755.0864,0.062343773,92.40491,692.94336,-62.143066,0.602896,0.5405522,353.24902,260.84412
1.5-473-550,0.06938775512,0.13877551024,0.9945113832197316,-0.0008942544329,1.5,473.0,550.0,473.00003,0.056228634,649.85333,550.0496,77.04959,0.48068437,0.42445573,490.93112,-158.92221
1.5-473-550,0.4408163265,0.881632653,0.9956514833048237,-0.0008952795992,1.5,473.0,550.0,669.05566,0.27109522,265.53198,800.71124,131.65558,1.1368679,0.86577266,198.21428,-67.3177
1.5-473-550,0.3638554217,0.7277108434,0.9726063657286781,0.0008745576659,1.5,473.0,550.0,994.48804,1.085867,54.91916,896.2027,-98.28534,1.2352512,0.14938414,149.27533,94.35617
1.5-473-550,0.1361445783,0.2722891566,0.3542741439827602,-0.0003185596757,1.5,473.0,550.0,483.2409,1.0821835,639.9702,557.2678,74.02692,1.0988563,0.01667285,552.8729,-87.09729
1.5-473-550,0.1204819277,0.2409638554,0.9965972946963587,-0.0008961300631,1.5,473.0,550.0,689.2192,0.19274336,144.27931,661.1974,-28.02179,0.58508307,0.3923397,381.3763,237.097
1.5-473-550,0.4755102041,0.9510204082,0.9915009044774012,0.0008915474413,1.5,473.0,550.0,658.47876,0.45540398,357.71112,739.4763,80.99756,1.1353475,0.6799435,240.54257,-117.16855
1.5-473-550,0.3096385542,0.6192771084,0.6600967573005477,0.0005935522321,1.5,473.0,550.0,619.5319,1.7197539,460.8637,663.4031,43.871155,1.7905337,0.0707798,367.736,-93.127716
1.5-473-550,0.1650602409,0.3301204818,0.9071317792997667,0.0008156835895,1.5,473.0,550.0,563.0177,0.9546603,550.3354,667.9673,104.949585,0.9990096,0.044349313,381.35913,-168.97626
1.5-473-550,0.3048192771,0.6096385542,0.9337895728803226,0.000839654004,1.5,473.0,550.0,900.1924,1.5064756,63.945007,872.36395,-27.82843,1.3197651,-0.18671048,186.28374,122.33873
1.5-473-550,0.365060241,0.730120482,0.9945113832197316,-0.0008942544329,1.5,473.0,550.0,1104.1667,0.23464668,47.725372,924.2994,-179.86737,1.0939234,0.8592768,132.26042,84.53505
1.5-473-550,0.1337349397,0.2674698794,0.16340484119544796,0.0001469319568,1.5,473.0,550.0,480.42966,1.0986998,642.815,577.3233,96.89365,1.1271517,0.02845192,533.29016,-109.52484
1.5-473-550,0.1084337349,0.2168674698,0.999825745120423,0.0008990330526,1.5,473.0,550.0,673.5492,0.005617852,225.32733,635.889,-37.660217,0.5456998,0.5400819,404.48975,179.16241
1.5-473-550,0.3192771085,0.638554217,0.9998257452316341,-0.0008990330527,1.5,473.0,550.0,1169.3424,0.003405506,44.43875,970.93176,-198.41064,0.98109156,0.97768605,115.057205,70.618454
1.5-473-550,0.4693877551,0.9387755102,0.9973789934503665,-0.0008968329586,1.5,473.0,550.0,659.19476,0.13943398,354.82074,752.2753,93.08057,1.1048542,0.96542025,232.00017,-122.82057
1.5-473-550,0.169879518,0.339759036,0.960723235489121,-0.0008638724771,1.5,473.0,550.0,675.1868,0.83107716,217.81201,735.73956,60.552734,0.84470826,0.013631105,319.31534,101.50333
1.5-473-550,0.3397590362,0.6795180724,0.8475322498919685,0.0007620923041,1.5,473.0,550.0,725.77844,1.953122,108.917496,775.2435,49.465088,1.7148818,-0.23824024,242.52611,133.60861
1.5-473-550,0.2771084337,0.5542168674,0.9999999997775775,-0.0008991897406,1.5,473.0,550.0,1202.1625,-5.322157e-09,42.99475,966.50165,-235.66083,0.8982663,0.8982663,128.614,85.61925
1.5-473-550,0.2590361446,0.5180722892,0.22784103821928303,0.0002048723241,1.5,473.0,550.0,523.35095,1.4191694,598.04376,619.74286,96.39191,1.3089803,-0.11018908,485.59326,-112.4505
1.5-473-550,0.2722891566,0.5445783132,0.8902853188558087,-0.0008005354251,1.5,473.0,550.0,786.11053,1.6274238,84.033676,802.3441,16.233582,1.3896619,-0.23776186,251.47084,167.43716
1.5-473-550,0.3722891567,0.7445783134,0.9811301446957078,-0.0008822221605,1.5,473.0,550.0,1028.9341,0.82200843,52.378082,897.2508,-131.68329,1.1936365,0.3716281,146.63228,94.254196
1.5-473-550,0.2554216867,0.5108433734,0.960723235489121,-0.0008638724771,1.5,473.0,550.0,1035.3264,1.0015136,51.944275,883.42163,-151.90479,1.0664814,0.06496775,193.56178,141.61751
1.5-473-550,0.256626506,0.513253012,0.9996041060258503,0.000898833757,1.5,473.0,550.0,1221.4723,0.009031946,42.160645,948.6555,-272.81677,0.8590844,0.8500525,145.12042,102.95978
1.5-473-550,0.4,0.8,0.8207308238897558,-0.0007379927368,1.5,473.0,550.0,725.32855,2.4208806,107.37077,735.3297,10.00116,1.9070432,-0.51383734,246.4742,139.10342
1.5-473-550,0.3120481928,0.6240963856,0.22784103821928303,0.0002048723241,1.5,473.0,550.0,548.61646,1.5880916,569.08563,648.84033,100.22388,1.4769727,-0.11111891,446.28525,-122.800385
1.5-473-550,0.1445783132,0.2891566264,0.9980223152919674,-0.000897411427,1.5,473.0,550.0,801.7347,0.069177024,79.423294,722.4152,-79.31946,0.63108975,0.5619127,328.03738,248.61409
1.5-473-550,0.1301204819,0.2602409638,0.9973789933391554,0.0008968329585,1.5,473.0,550.0,735.6791,0.121188216,100.48317,685.61237,-50.06671,0.60272706,0.48153883,359.69247,259.2093
1.5-473-550,0.0244897959,0.0489795918,0.9993254186825348,-0.0008985831642,1.5,473.0,550.0,473.00003,0.005602295,649.85333,488.232,15.231964,0.364838,0.3592357,569.51544,-80.33789
1.5-473-550,0.1722891566,0.3445783132,0.993141646395439,0.0008930227796,1.5,473.0,550.0,926.2478,0.16956109,61.009094,783.9642,-142.28363,0.7135823,0.5440212,277.54004,216.53094
1.5-473-550,0.2277108433,0.4554216866,0.8902853188558087,0.0008005354251,1.5,473.0,550.0,764.2332,1.4722525,93.67146,755.4791,-8.754089,1.2440623,-0.22819018,301.99408,208.32262
1.5-473-550,0.2903614458,0.5807228916,0.9915009044774012,0.0008915474413,1.5,473.0,550.0,1152.2448,0.2675218,45.24832,957.8722,-194.37256,0.9783494,0.7108276,131.4339,86.18558
1.5-473-550,0.3493975904,0.6987951808,0.9071317792997667,-0.0008156835895,1.5,473.0,550.0,832.58923,1.8486134,73.60339,829.7121,-2.8771362,1.5422381,-0.30637527,197.59608,123.99269
1.5-473-550,0.4367346939,0.8734693878,0.9531521909241071,-0.0008570646715,1.5,473.0,550.0,672.0202,1.2421736,238.78192,776.7881,104.76788,1.4028329,0.16065931,208.97693,-29.804993
1.5-473-550,0.1686746988,0.3373493976,0.998978267368595,0.0008982710093,1.5,473.0,550.0,936.5421,0.024781698,59.990997,783.52954,-153.01257,0.67812365,0.65334195,277.52692,217.53592
1.5-473-550,0.169879518,0.339759036,0.9215172744995802,0.0008286188792,1.5,473.0,550.0,586.4478,0.95487547,513.18475,691.5095,105.06171,0.9746897,0.019814253,359.6758,-153.50894
1.5-473-550,0.308433735,0.61686747,0.29146971579860803,-0.0002620865782,1.5,473.0,550.0,551.33984,1.5842073,565.58295,647.3271,95.98724,1.5010926,-0.08311474,445.19165,-120.3913
1.5-473-550,0.06938775512,0.13877551024,0.8705746216627653,-0.0007828117684,1.5,473.0,550.0,473.00003,0.78856415,649.85333,493.3385,20.33847,0.7978059,0.00924176,556.79425,-93.05908
1.5-473-550,0.1807228915,0.361445783,0.7098470004029654,0.0006382871403,1.5,473.0,550.0,523.20996,1.1164035,598.20056,572.89575,49.68579,1.2793132,0.16290975,488.29916,-109.9014
1.5-473-550,0.1457831325,0.291566265,0.9965972946963587,-0.0008961300631,1.5,473.0,550.0,797.45935,0.11803763,80.34787,723.63666,-73.82269,0.6400216,0.521984,327.08856,246.74069
1.5-473-550,0.1867469879,0.3734939758,0.993141646395439,-0.0008930227796,1.5,473.0,550.0,1039.4236,0.16321003,51.66739,817.4358,-221.9878,0.7453613,0.5821513,250.62704,198.95966
1.5-473-550,0.343373494,0.686746988,0.7525573838264147,0.0006766918789,1.5,473.0,550.0,653.9613,1.9264234,375.2774,711.5505,57.589172,1.8853482,-0.04107523,297.1377,-78.13971
1.5-473-550,0.1771084337,0.3542168674,0.9945113832197316,0.0008942544329,1.5,473.0,550.0,972.2829,0.12989146,56.715424,797.29846,-174.98444,0.7176587,0.58776724,266.69528,209.97986
1.5-473-550,0.3132530121,0.6265060242,0.9993254186825348,-0.0008985831642,1.5,473.0,550.0,1171.7657,0.020399803,44.32791,971.93726,-199.82849,0.9732453,0.9528455,116.000534,71.67262
1.5-473-550,0.09591836738,0.19183673476,0.4163512323516047,-0.0003743787567,1.5,473.0,550.0,473.00003,1.134108,649.85333,539.13324,66.13321,1.0536668,-0.08044112,569.75323,-80.1001
1.5-473-550,0.3506024097,0.7012048194,0.9872047710533666,-0.0008876844022,1.5,473.0,550.0,1081.5896,0.50742406,49.01825,929.9294,-151.66022,1.1208426,0.6134185,132.25397,83.23572
1.5-473-550,0.1951807228,0.3903614456,0.9772248215579286,0.000878710534,1.5,473.0,550.0,1053.8687,0.52132434,50.723267,812.24713,-241.62152,0.8395804,0.31825608,255.44612,204.72285
1.5-473-550,0.1927710843,0.3855421686,0.8705746216627653,-0.0007828117684,1.5,473.0,550.0,589.97614,1.1470973,507.66956,682.92487,92.94873,1.1722662,0.025168896,369.80997,-137.85959
1.5-473-550,0.3506024097,0.7012048194,0.9915009044774012,0.0008915474413,1.5,473.0,550.0,1103.3812,0.3382023,47.767334,936.2027,-167.17853,1.0922617,0.7540594,128.44083,80.67349
1.5-473-550,0.1686746988,0.3373493976,0.9726063657286781,0.0008745576659,1.5,473.0,550.0,747.73663,0.65974545,96.259384,747.93695,0.20031738,0.79497194,0.13522649,308.37,212.11061
1.5-473-550,0.4673469388,0.9346938776,0.9071317792997667,0.0008156835895,1.5,473.0,550.0,659.11847,1.3859068,355.12885,717.06366,57.94519,1.6010354,0.21512854,245.88556,-109.243286
1.5-473-550,0.1951807229,0.3903614458,0.5396442233296441,-0.0004852425493,1.5,473.0,550.0,516.436,1.2106766,605.7333,563.2213,46.78534,1.285669,0.07499242,520.24866,-85.48462
1.5-473-550,0.1722891566,0.3445783132,0.9965972946963587,-0.0008961300631,1.5,473.0,550.0,947.5171,0.08383124,58.90555,788.8692,-158.64789,0.6972472,0.61341596,273.36084,214.45529
1.5-473-550,0.1036144578,0.2072289156,0.960723235489121,0.0008638724771,1.5,473.0,550.0,497.2372,0.5150245,625.8059,590.6464,93.40921,0.6760641,0.16103959,448.37537,-177.43054
1.5-473-550,0.3855421687,0.7710843374,0.8475322498919685,-0.0007620923041,1.5,473.0,550.0,747.19403,2.2497678,96.27467,758.2309,11.036865,1.8166275,-0.43314028,233.86905,137.59438
1.5-473-550,0.134939759,0.269879518,0.9915009044774012,-0.0008915474413,1.5,473.0,550.0,706.0015,0.35713148,120.480515,690.6838,-15.317749,0.6381157,0.28098422,355.55286,235.07234
1.5-473-550,0.1397590361,0.2795180722,0.9071317792997667,-0.0008156835895,1.5,473.0,550.0,526.66754,0.8680091,594.3557,619.50995,92.84241,0.9227813,0.0547722,424.7786,-169.57712
1.5-473-550,0.01632653059,0.03265306118,0.9973789934503665,-0.0008968329586,1.5,473.0,550.0,473.00003,0.023573333,649.85333,479.2334,6.233368,0.35377622,0.33020288,583.18164,-66.67169
1.5-473-550,0.4795918368,0.9591836736,0.9895407848051817,0.0008897849218,1.5,473.0,550.0,658.12976,0.54730636,359.12015,732.35034,74.22058,1.141798,0.59449166,245.81932,-113.30083
1.5-473-550,0.05714285715,0.1142857143,0.960723235489121,-0.0008638724771,1.5,473.0,550.0,473.00003,0.4015532,649.85333,511.28497,38.284943,0.56307334,0.16152012,534.25964,-115.59369
1.5-473-550,0.2421686747,0.4843373494,0.998978267368595,-0.0008982710093,1.5,473.0,550.0,1245.6781,0.025412971,41.201294,929.89294,-315.78516,0.83290035,0.80748737,160.8452,119.643906
1.5-473-550,0.1602409638,0.3204819276,0.9844268823757469,-0.0008851865532,1.5,473.0,550.0,784.8876,0.4285313,83.37875,743.469,-41.41858,0.7254391,0.29690778,311.2861,227.90735
1.5-473-550,0.1180722891,0.2361445782,0.9996041060258503,0.000898833757,1.5,473.0,550.0,706.34973,0.019952888,120.136444,658.6036,-47.746155,0.5673487,0.5473958,383.63254,263.4961
1.5-473-550,0.4632653061,0.9265306122,0.9844268823757469,0.0008851865532,1.5,473.0,550.0,660.10657,0.73067564,350.34677,755.08624,94.979675,1.1955767,0.46490103,227.174,-123.172775
1.5-473-550,0.1867469879,0.3734939758,0.9985491866279087,0.0008978851843,1.5,473.0,550.0,1067.9669,0.033522304,49.83795,825.57837,-242.38855,0.7185912,0.6850689,243.87375,194.0358
1.5-473-550,0.0612244898,0.1224489796,0.9772248215579286,-0.000878710534,1.5,473.0,550.0,473.00003,0.23839778,649.85333,525.727,52.72696,0.5216737,0.2832759,517.7036,-132.14972
1.5-473-550,0.1361445783,0.2722891566,0.9945113832197316,-0.0008942544329,1.5,473.0,550.0,737.41125,0.2274332,99.640305,697.1539,-40.257385,0.62808347,0.40065026,349.79745,250.15715
1.5-473-550,0.4857142857,0.9714285714,0.9993254186825348,-0.0008985831642,1.5,473.0,550.0,657.77484,0.0325337,360.55304,727.39343,69.61859,1.069689,1.0371554,252.47426,-108.07878
1.5-473-550,0.3638554217,0.7277108434,0.4163512323516047,-0.0003743787567,1.5,473.0,550.0,611.39,1.9126457,475.16397,674.8107,63.420715,1.8373363,-0.075309396,382.28125,-92.88272
1.5-473-550,0.3807228916,0.7614457832,0.9985491866279087,0.0008978851843,1.5,473.0,550.0,1109.7424,0.06552195,47.42743,908.0144,-201.72803,1.0860415,1.0205195,139.0191,91.591675
1.5-473-550,0.3361445784,0.6722891568,0.9895407848051817,0.0008897849218,1.5,473.0,550.0,1106.5786,0.38874638,47.596466,945.4015,-161.17712,1.0804161,0.6916697,126.60947,79.013
1.5-473-550,0.386746988,0.773493976,0.9945113832197316,-0.0008942544329,1.5,473.0,550.0,1082.8013,0.27257025,48.947815,893.6524,-189.14886,1.1211723,0.84860206,146.34256,97.394745
1.5-473-550,0.126506024,0.253012048,0.9872047710533666,0.0008876844022,1.5,473.0,550.0,637.7692,0.47589323,424.50122,665.553,27.783752,0.6366,0.16070679,377.8358,-46.665436
1.5-473-550,0.2036144578,0.4072289156,0.8902853188558087,0.0008005354251,1.5,473.0,550.0,661.3911,1.2768333,289.4218,719.66144,58.270325,1.1642661,-0.11256719,335.77237,46.350555
1.5-473-550,0.1469879518,0.2939759036,0.9945113832197316,-0.0008942544329,1.5,473.0,550.0,787.65784,0.1870125,82.675415,724.0145,-63.64331,0.6518501,0.4648376,326.89355,244.21814
1.5-473-550,0.2409638554,0.4819277108,0.6021818746711394,0.0005414757638,1.5,473.0,550.0,543.2651,1.392643,575.4948,602.88617,59.621094,1.4844317,0.09178877,461.04788,-114.44693
1.5-473-550,0.2180722892,0.4361445784,0.9996041060258503,0.000898833757,1.5,473.0,550.0,1294.5768,0.007915551,39.923004,892.14417,-402.43262,0.77906245,0.7711469,191.24854,151.32553
1.5-473-550,0.4836734694,0.9673469388,0.4163512323516047,-0.0003743787567,1.5,473.0,550.0,656.78937,1.8931572,364.53125,720.2138,63.42444,2.203498,0.31034064,297.67557,-66.85568
1.5-473-550,0.1337349397,0.2674698794,0.9996041061370615,-0.0008988337571,1.5,473.0,550.0,768.49,0.014059896,87.960556,697.1918,-71.29822,0.6008923,0.5868324,349.5168,261.55627
1.5-473-550,0.2397590361,0.4795180722,0.8705746216627653,0.0007828117684,1.5,473.0,550.0,696.0962,1.519385,185.54059,749.13403,53.03784,1.3344096,-0.18497539,305.2536,119.71301
1.5-473-550,0.3614457832,0.7228915664,0.9811301446957078,-0.0008822221605,1.5,473.0,550.0,1038.8398,0.7760031,51.68335,910.1716,-128.66827,1.1778109,0.40180779,141.45398,89.77063
1.5-473-550,0.08163265309,0.16326530618,0.9996041060258503,0.000898833757,1.5,473.0,550.0,473.00003,0.0032587594,649.85333,577.0954,104.09537,0.48854107,0.4852823,462.18872,-187.66461
1.5-473-550,0.4612244898,0.9224489796,0.9442484491033019,0.0008490585182,1.5,473.0,550.0,660.2765,1.230158,348.94336,738.071,77.794495,1.4310862,0.20092821,233.51527,-115.428085
1.5-473-550,0.1,0.2,0.6603133567468745,0.0005937469961,1.5,473.0,550.0,473.00128,1.0228816,649.8521,498.5555,25.55423,1.0475651,0.024683475,577.69855,-72.153564
1.5-473-550,0.1710843373,0.3421686746,0.960723235489121,0.0008638724771,1.5,473.0,550.0,681.88715,0.8312789,196.13705,738.3835,56.496338,0.84783256,0.01655364,317.10138,120.964325
1.5-473-550,0.3843373495,0.768674699,0.7098470004029654,-0.0006382871403,1.5,473.0,550.0,658.068,2.1726928,356.0127,697.5091,39.4411,2.0355413,-0.13715148,294.5361,-61.476593
1.5-473-550,0.1192771084,0.2385542168,0.9915009044774012,0.0008915474413,1.5,473.0,550.0,643.4121,0.35717398,410.1357,652.9317,9.519592,0.6031706,0.2459966,388.99838,-21.13733
1.5-473-550,0.3638554217,0.7277108434,0.9442484491033019,0.0008490585182,1.5,473.0,550.0,901.6153,1.63511,63.742065,861.1975,-40.417786,1.3970904,-0.23801959,171.02222,107.28015
1.5-473-550,0.1325301204,0.2650602408,0.9945113832197316,-0.0008942544329,1.5,473.0,550.0,721.309,0.2438941,108.46887,688.2493,-33.059692,0.62015045,0.37625635,357.5201,249.05124
1.5-473-550,0.4367346939,0.8734693878,0.4163512326852384,0.000374378757,1.5,473.0,550.0,647.97473,2.0712433,397.53384,706.5353,58.560547,2.1036084,0.032365084,324.1582,-73.37564
1.5-473-550,0.02244897957,0.04489795914,0.9726063657286781,0.0008745576659,1.5,473.0,550.0,473.00003,0.26238823,649.85333,476.62878,3.6287537,0.4474366,0.18504837,583.9114,-65.941956
1.5-473-550,0.002040816307,0.004081632614,0.9531521910353185,0.0008570646716,1.5,473.0,550.0,473.00003,0.59301203,649.85333,457.68564,-15.314392,0.457099,-0.13591304,617.0201,-32.833252
1.5-473-550,0.1433734939,0.2867469878,0.999825745120423,0.0008990330526,1.5,473.0,550.0,809.68066,0.0036014265,77.8288,721.65607,-88.0246,0.6204482,0.61684674,328.578,250.7492
1.5-473-550,0.351807229,0.703614458,0.9996041060258503,0.000898833757,1.5,473.0,550.0,1141.4653,0.012817854,45.779755,947.0144,-194.45093,1.0385481,1.0257303,121.64763,75.867874
1.5-473-550,0.05714285715,0.1142857143,0.9844268823757469,0.0008851865532,1.5,473.0,550.0,473.00003,0.16067845,649.85333,523.5129,50.512848,0.4885004,0.32782194,520.854,-128.99933
1.5-473-550,0.006122448946,0.012244897892,0.9215172744995802,-0.0008286188792,1.5,473.0,550.0,473.00003,0.653789,649.85333,455.6211,-17.378937,0.54536057,-0.10842842,619.37744,-30.475891
1.5-473-550,0.3373493976,0.6746987952,0.8902853188558087,-0.0008005354251,1.5,473.0,550.0,803.2954,1.8616987,79.386185,816.48236,13.186951,1.5783951,-0.28330362,212.43015,133.04396
1.5-473-550,0.1590361445,0.318072289,0.9811301446957078,-0.0008822221605,1.5,473.0,550.0,753.3156,0.51468515,93.04204,736.3938,-16.921814,0.7365948,0.22190964,317.39075,224.34871
1.5-473-550,0.4734693878,0.9469387756,0.9980223152919674,-0.000897411427,1.5,473.0,550.0,658.6977,0.104032986,356.82755,745.9533,87.255615,1.0957115,0.9916785,237.01175,-119.815796
1.5-473-550,0.1433734939,0.2867469878,0.7098470004029654,-0.0006382871403,1.5,473.0,550.0,498.66733,1.0135279,624.3587,534.22626,35.55893,1.1545752,0.14104736,529.533,-94.82568
1.5-473-550,0.4020408163,0.8040816326,1.0,0.0008991897408,1.5,473.0,550.0,891.43396,-5.322157e-09,65.219635,874.8557,-16.578247,1.096311,1.096311,155.70966,90.49002
1.5-473-550,0.07346938777,0.14693877554,0.960723235489121,-0.0008638724771,1.5,473.0,550.0,473.00003,0.40282178,649.85333,535.69586,62.69583,0.6021673,0.19934553,505.50735,-144.34598
1.5-473-550,0.04081632652,0.08163265304,0.998978267368595,0.0008982710093,1.5,473.0,550.0,473.00003,0.009299988,649.85333,507.8661,34.86606,0.40170783,0.39240783,542.01056,-107.84277
1.5-473-550,0.4081632653,0.8163265306,0.47796385156444166,-0.0004297801918,1.5,473.0,550.0,642.9743,2.2475545,411.34494,691.21484,48.24054,2.0571635,-0.19039106,337.10358,-74.24136
1.5-473-550,0.04285714285,0.0857142857,0.9811301446957078,-0.0008822221605,1.5,473.0,550.0,473.00003,0.18829489,649.85333,501.92236,28.922333,0.46697074,0.27867585,547.8981,-101.95526
1.5-473-550,0.004081632618,0.008163265236,0.9980223152919674,0.000897411427,1.5,473.0,550.0,473.00003,0.021173889,649.85333,468.9737,-4.0263367,0.32486683,0.30369294,600.8549,-48.998413
1.5-473-550,0.2072289156,0.4144578312,0.9985491866279087,-0.0008978851843,1.5,473.0,550.0,1263.6951,0.033826467,40.52466,869.57434,-394.12073,0.7619661,0.72813964,209.08258,168.55792
1.5-473-550,0.3168674699,0.6337349398,0.9844268823757469,-0.0008851865532,1.5,473.0,550.0,1097.3966,0.5314771,48.099335,946.65717,-150.73944,1.0763912,0.5449141,131.433,83.333664
1.5-473-550,0.2481927711,0.4963855422,0.9844268823757469,-0.0008851865532,1.5,473.0,550.0,1167.3923,0.42052403,44.527924,913.1137,-254.27863,0.92783564,0.5073116,172.57785,128.04993
1.5-473-550,0.1650602409,0.3301204818,0.9999999997775775,0.0008991897406,1.5,473.0,550.0,926.0083,-5.322157e-09,61.09143,776.11957,-149.88873,0.66558176,0.66558176,283.46964,222.3782
1.5-473-550,0.3313253012,0.6626506024,0.993141646395439,0.0008930227796,1.5,473.0,550.0,1128.5764,0.24964488,46.42108,954.15247,-174.42395,1.0479397,0.7982948,122.45033,76.02925
1.5-473-550,0.006122448946,0.012244897892,0.9993254186825348,-0.0008985831642,1.5,473.0,550.0,473.00003,0.005656893,649.85333,470.96878,-2.03125,0.3248468,0.3191899,597.48773,-52.3656
1.5-473-550,0.4142857143,0.8285714286,0.9872047710533666,-0.0008876844022,1.5,473.0,550.0,742.2845,0.855374,97.5744,840.16766,97.88318,1.1922908,0.3369168,174.19072,76.61632
1.5-473-550,0.2698795181,0.5397590362,0.9980223152919674,0.000897411427,1.5,473.0,550.0,1201.9822,0.056203302,42.98474,958.0774,-243.90479,0.8959095,0.8397062,136.01076,93.02602
1.5-473-550,0.1530120482,0.3060240964,0.6600967573005477,0.0005935522321,1.5,473.0,550.0,501.4399,1.0476967,621.5528,535.96735,34.527435,1.1898361,0.14213943,534.6088,-86.94397
1.5-473-550,0.2265060241,0.4530120482,0.9671530515086588,-0.0008696541017,1.5,473.0,550.0,1145.0719,0.76468635,45.609222,854.9339,-290.138,0.9629005,0.19821417,220.04984,174.44061
1.5-473-550,0.1289156626,0.2578313252,0.29146971579860803,-0.0002620865782,1.5,473.0,550.0,479.31674,1.0897379,643.8946,565.2267,85.90994,1.093822,0.0040841103,547.45746,-96.43713
1.5-473-550,0.1072289156,0.2144578312,0.7525573838264147,-0.0006766918789,1.5,473.0,550.0,475.8639,0.9393621,647.15173,506.8548,30.990906,1.0301981,0.09083599,553.15643,-93.9953
1.5-473-550,0.2963855422,0.5927710844,0.9945113832197316,-0.0008942544329,1.5,473.0,550.0,1160.9966,0.1764462,44.820435,964.4028,-196.59381,0.9717811,0.7953349,125.442,80.62157
1.5-473-550,0.002040816309,0.004081632618,0.9993254187937461,0.0008985831643,1.5,473.0,550.0,473.00003,0.010875994,649.85333,467.80048,-5.1995544,0.3159685,0.3050925,603.2408,-46.61255
1.5-473-550,0.1397590361,0.2795180722,0.9671530515086588,-0.0008696541017,1.5,473.0,550.0,589.47595,0.70671064,508.63022,675.0611,85.585144,0.7443456,0.03763497,370.6012,-138.02902
1.5-473-550,0.2421686747,0.4843373494,0.9999999997775775,0.0008991897406,1.5,473.0,550.0,1249.4718,-5.322157e-09,41.067078,931.65704,-317.81476,0.82694405,0.82694405,159.5313,118.46422
1.5-473-550,0.0,0.0,0.99738047267098,0.0008968342887,1.5,473.0,550.0,473.00003,0.90842825,649.85333,465.7738,-7.226227,0.31815332,-0.59027493,606.719,-43.13434
1.5-473-550,0.213253012,0.426506024,0.22784103821928303,0.0002048723241,1.5,473.0,550.0,511.96313,1.3020327,610.70703,597.58923,85.6261,1.2059836,-0.09604907,512.1919,-98.51514
1.5-473-550,0.08367346941,0.16734693882,0.8705746216627653,-0.0007828117684,1.5,473.0,550.0,473.00003,0.7883018,649.85333,509.49594,36.49591,0.8354655,0.047163665,537.3382,-112.51514
1.5-473-550,0.3409638555,0.681927711,0.9726063657286781,0.0008745576659,1.5,473.0,550.0,1016.22064,0.98449564,53.28369,916.8819,-99.338745,1.1958337,0.21133804,143.14214,89.858444
1.5-473-550,0.243373494,0.486746988,0.03282169734692774,-2.951293353e-05,1.5,473.0,550.0,517.60486,1.3774316,604.4334,601.0916,83.486755,1.2810373,-0.0963943,497.37335,-107.06006
1.5-473-550,0.1060240963,0.2120481926,0.9811301446957078,-0.0008822221605,1.5,473.0,550.0,551.3719,0.36846924,565.61444,612.7698,61.39789,0.61245686,0.24398762,426.55045,-139.064
1.5-473-550,0.3180722892,0.6361445784,0.5396442233296441,-0.0004852425493,1.5,473.0,550.0,598.0176,1.7058183,495.93787,648.21466,50.197083,1.7588303,0.053012013,400.17505,-95.76282
1.5-473-550,0.1168674698,0.2337349396,0.9895407848051817,-0.0008897849218,1.5,473.0,550.0,622.8723,0.36803502,455.25253,645.25696,22.384644,0.6055379,0.23750287,396.04248,-59.210052
1.5-473-550,0.169879518,0.339759036,0.8705746216627653,-0.0007828117684,1.5,473.0,550.0,549.6893,1.0086726,567.5994,644.7822,95.09296,1.0953567,0.08668411,404.89438,-162.70505
1.5-473-550,0.365060241,0.730120482,0.9956514833048237,0.0008952795992,1.5,473.0,550.0,1109.8201,0.1852246,47.42328,925.89124,-183.92883,1.0860288,0.9008042,131.32986,83.906586
1.5-473-550,0.278313253,0.556626506,0.9915009044774012,-0.0008915474413,1.5,473.0,550.0,1163.2336,0.2556957,44.71811,952.515,-210.71863,0.9531819,0.6974862,138.10191,93.383804
1.5-473-550,0.2469879518,0.4939759036,0.9915009044774012,0.0008915474413,1.5,473.0,550.0,1202.5382,0.23099607,42.96112,923.4682,-279.07,0.8859825,0.65498644,165.03282,122.0717
1.5-473-550,0.1156626505,0.231325301,0.9945113832197316,0.0008942544329,1.5,473.0,550.0,653.9895,0.26078504,375.83438,647.49896,-6.4905396,0.58305126,0.32226622,393.85654,18.022156
1.5-473-550,0.343373494,0.686746988,0.8206166047262803,0.0007378900321,1.5,473.0,550.0,689.4307,1.9694173,173.52621,753.40204,63.971313,1.7866454,-0.18277192,258.52536,84.999146
1.5-473-550,0.2554216867,0.5108433734,0.9945113832197316,0.0008942544329,1.5,473.0,550.0,1200.7122,0.1535008,43.038757,938.5292,-262.18298,0.8868066,0.7333058,152.67245,109.6337
1.5-473-550,0.3614457832,0.7228915664,0.7098470004029654,0.0006382871403,1.5,473.0,550.0,650.69135,2.0104704,387.0585,696.02356,45.332214,1.9719551,-0.03851533,306.25238,-80.80612
1.5-473-550,0.2506024096,0.5012048192,0.9985491866279087,-0.0008978851843,1.5,473.0,550.0,1224.093,0.03866976,42.056763,939.9973,-284.0957,0.8529451,0.8142753,152.32373,110.26697
1.5-473-550,0.1012048192,0.2024096384,1.0,0.0008991897408,1.5,473.0,550.0,608.481,-5.322157e-09,478.6609,619.40576,10.924744,0.529407,0.529407,420.06863,-58.592255
1.5-473-550,0.1156626505,0.231325301,0.4163512323516047,-0.0003743787567,1.5,473.0,550.0,475.2198,1.0831152,647.75934,541.71356,66.493774,1.0762414,-0.006873846,565.5514,-82.20795
1.5-473-550,0.1602409638,0.3204819276,0.999825745120423,0.0008990330526,1.5,473.0,550.0,894.23267,0.0027817434,64.55673,763.9532,-130.27948,0.65622133,0.6534396,293.403,228.84628
1.5-473-550,0.1602409638,0.3204819276,0.03282169735804886,2.951293354e-05,1.5,473.0,550.0,491.18246,1.1236548,631.93335,580.18256,89.00009,1.1964573,0.072802424,521.8871,-110.046265
1.5-473-550,0.4040816326,0.8081632652,0.7098470004029654,-0.0006382871403,1.5,473.0,550.0,664.2648,2.3362083,310.56784,697.1097,32.84491,2.0784338,-0.2577746,287.01984,-23.548004
1.5-473-550,0.1807228915,0.361445783,0.9442484491033019,-0.0008490585182,1.5,473.0,550.0,664.3376,0.9631443,285.6213,738.702,74.36444,0.933782,-0.02936232,317.80304,32.181732
1.5-473-550,0.343373494,0.686746988,0.9215172744995802,-0.0008286188792,1.5,473.0,550.0,861.1038,1.738257,69.02985,848.93085,-12.172974,1.4676435,-0.27061355,186.88655,117.856705
1.5-473-550,0.4836734694,0.9673469388,0.7892004020960466,-0.000709640905,1.5,473.0,550.0,657.53687,1.6267064,361.51358,687.26965,29.732788,1.9559703,0.32926393,271.72226,-89.79132
1.5-473-550,0.06734693879,0.13469387758,0.8206166047262803,0.0007378900321,1.5,473.0,550.0,473.00003,0.87491417,649.85333,481.9179,8.917877,0.86390674,-0.011007428,575.4385,-74.414856
1.5-473-550,0.08571428574,0.17142857148,0.9442484491033019,0.0008490585182,1.5,473.0,550.0,473.00003,0.52282465,649.85333,546.26294,73.26291,0.6798912,0.15706658,493.86908,-155.98425
1.5-473-550,0.04081632652,0.08163265304,0.9215172744995802,0.0008286188792,1.5,473.0,550.0,473.00003,0.6175726,649.85333,478.68433,5.6842957,0.6258601,0.008287489,576.6151,-73.23822
1.5-473-550,0.2771084337,0.5542168674,0.998978267368595,0.0008982710093,1.5,473.0,550.0,1198.1035,0.028610641,43.149597,964.7148,-233.38873,0.9046877,0.87607706,129.85724,86.70764
1.5-473-550,0.06734693879,0.13469387758,0.09831793590232207,-8.84064793e-05,1.5,473.0,550.0,473.00003,1.1900353,649.85333,576.8316,103.83157,1.1325536,-0.057481766,528.8947,-120.95862
1.5-473-550,0.1036144578,0.2072289156,0.8902853187445975,0.000800535425,1.5,473.0,550.0,477.42743,0.75662446,645.6768,545.47174,68.04431,0.8545975,0.09797305,497.15442,-148.5224
1.5-473-550,0.2373493976,0.4746987952,0.09831793590232207,-8.84064793e-05,1.5,473.0,550.0,516.5844,1.3622967,605.5682,605.0724,88.487976,1.2563889,-0.1059078,499.15732,-106.41086
1.5-473-550,0.3337349398,0.6674698796,0.9956514833048237,-0.0008952795992,1.5,473.0,550.0,1138.5428,0.15909463,45.92383,956.56946,-181.97339,1.0354637,0.87636906,120.28575,74.36192
1.5-473-550,0.1216867469,0.2433734938,0.8475322498919685,0.0007620923041,1.5,473.0,550.0,494.66943,0.8869916,628.40454,551.8599,57.19049,0.97982967,0.09283805,494.6132,-133.79135
1.5-473-550,0.1072289156,0.2144578312,0.9442484491033019,0.0008490585182,1.5,473.0,550.0,497.85623,0.6363313,625.1795,585.22705,87.37082,0.7350967,0.09876537,454.28378,-170.89572
1.5-473-550,0.2204819277,0.4409638554,0.9973789933391554,-0.0008968329585,1.5,473.0,550.0,1288.7831,0.06310373,39.923004,892.80707,-395.976,0.79633766,0.7332339,190.6651,150.7421
1.5-473-550,0.2204819277,0.4409638554,0.9726063657286781,-0.0008745576659,1.5,473.0,550.0,1180.9387,0.6393017,43.908783,853.32874,-327.61,0.9224184,0.2831167,221.76556,177.85678
1.5-473-550,0.1337349397,0.2674698794,0.9726063657286781,0.0008745576659,1.5,473.0,550.0,589.80255,0.649725,508.1856,666.99786,77.19531,0.70956755,0.059842527,377.32733,-130.85828
1.5-473-550,0.02040816324,0.04081632648,0.47796385156444166,-0.0004297801918,1.5,473.0,550.0,473.00003,1.1452779,649.85333,532.76746,59.767426,0.97039264,-0.17488521,583.9187,-65.93463
1.5-473-550,0.3831325302,0.7662650604,0.9965972946963587,-0.0008961300631,1.5,473.0,550.0,1097.5675,0.16230887,48.089417,901.8405,-195.72699,1.1025989,0.94029003,142.1839,94.09448
1.5-473-550,0.2457831325,0.491566265,0.9726063657286781,0.0008745576659,1.5,473.0,550.0,1114.0654,0.7167268,47.20172,890.91486,-223.15057,0.9840977,0.26737094,189.68417,142.48245
1.5-473-550,0.3843373495,0.768674699,0.9671530515086588,-0.0008696541017,1.5,473.0,550.0,954.73553,1.3681872,58.27237,864.7136,-90.02191,1.2966819,-0.07150531,163.25285,104.980484
1.5-473-550,0.3024096386,0.6048192772,0.9895407848051817,-0.0008897849218,1.5,473.0,550.0,1132.1632,0.34335446,46.238342,956.65845,-175.50476,1.0152713,0.67191684,129.01367,82.77533
1.5-473-550,0.156626506,0.313253012,0.9996041060258503,0.000898833757,1.5,473.0,550.0,873.26544,0.009530896,67.26425,754.6473,-118.618164,0.6496012,0.6400703,301.06036,233.79611
1.5-473-550,0.3638554217,0.7277108434,0.7098470004029654,0.0006382871403,1.5,473.0,550.0,651.4115,2.025513,384.6059,696.29926,44.887756,1.9792593,-0.04625368,304.86484,-79.74106
1.5-473-550,0.08163265309,0.16326530618,0.8705746216627653,-0.0007828117684,1.5,473.0,550.0,473.00003,0.7883872,649.85333,507.03217,34.032135,0.82998985,0.04160267,540.18835,-109.66498
1.5-473-550,0.04285714285,0.0857142857,0.9973789933391554,0.0008968329585,1.5,473.0,550.0,473.00003,0.025343115,649.85333,509.81824,36.818207,0.4118651,0.38652197,539.26117,-110.59216
1.5-473-550,0.4795918368,0.9591836736,0.9985491866279087,0.0008978851843,1.5,473.0,550.0,658.14105,0.075107686,359.07443,736.4668,78.325745,1.0840214,1.0089138,244.70439,-114.37004
1.5-473-550,0.3457831326,0.6915662652,0.9772248215579286,-0.000878710534,1.5,473.0,550.0,1034.6803,0.8579056,51.975067,919.8329,-114.84741,1.1763834,0.31847775,139.82059,87.84552
1.5-473-550,0.06530612246,0.13061224492,0.9965972946963587,0.0008961300631,1.5,473.0,550.0,473.00003,0.034469124,649.85333,544.2632,71.26315,0.46405056,0.42958143,497.55984,-152.29349
1.5-473-550,0.3939759037,0.7879518074,0.9726063657286781,-0.0008745576659,1.5,473.0,550.0,964.4273,1.3019054,57.40445,857.37305,-107.05426,1.2732339,-0.028671503,165.85036,108.44591
1.5-473-550,0.2397590361,0.4795180722,0.9726063657286781,-0.0008745576659,1.5,473.0,550.0,1130.6046,0.69343513,46.32718,883.0079,-247.59674,0.96949327,0.27605814,196.62332,150.29614
1.5-473-550,0.156626506,0.313253012,0.9442484491033019,0.0008490585182,1.5,473.0,550.0,585.2835,0.85397214,514.9881,688.06055,102.77704,0.86723316,0.01326102,361.00516,-153.98294
1.5-473-550,0.05306122449,0.10612244898,0.9980223152919674,-0.000897411427,1.5,473.0,550.0,473.00003,0.019412333,649.85333,525.047,52.046967,0.43195432,0.412542,520.1981,-129.65521
1.5-473-550,0.3192771085,0.638554217,0.9215172744995802,-0.0008286188792,1.5,473.0,550.0,866.6987,1.645985,68.25525,856.2486,-10.450134,1.41057,-0.23541498,191.91,123.654755
1.5-473-550,0.3397590362,0.6795180724,0.29146971579860803,-0.0002620865782,1.5,473.0,550.0,579.009,1.7352504,523.73267,665.5095,86.50055,1.6257128,-0.1095376,417.90668,-105.82599
1.5-473-550,0.1144578313,0.2289156626,0.3542741437603377,0.0003185596755,1.5,473.0,550.0,474.4072,1.0989159,648.5259,553.14716,78.73996,1.0754318,-0.02348411,558.2154,-90.310486
1.5-473-550,0.2337349397,0.4674698794,0.9999999998887887,0.0008991897407,1.5,473.0,550.0,1272.6744,-5.322157e-09,40.207153,919.329,-353.34546,0.80947834,0.80947834,169.5711,129.36395
1.5-473-550,0.1722891566,0.3445783132,0.9915009044774012,-0.0008915474413,1.5,473.0,550.0,915.8782,0.2095446,62.095673,781.65753,-134.22064,0.7212208,0.5116762,279.5112,217.41553
1.5-473-550,0.3566265061,0.7132530122,0.9726063657286781,0.0008745576659,1.5,473.0,550.0,1001.21295,1.0531076,54.390198,903.68274,-97.53021,1.2236248,0.1705172,146.68655,92.29636
1.5-473-550,0.1819277108,0.3638554216,0.9442484491033019,0.0008490585182,1.5,473.0,550.0,675.5389,0.96581715,225.3292,741.1537,65.61481,0.93713325,-0.0286839,315.72702,90.39783
1.5-473-550,0.4326530612,0.8653061224,0.9999999997775775,-0.0008991897406,1.5,473.0,550.0,679.2393,-5.322157e-09,178.7419,819.18195,139.94263,1.1079389,1.1079389,187.32645,8.584549
1.5-473-550,0.1614457831,0.3228915662,0.5396442233296441,-0.0004852425493,1.5,473.0,550.0,500.06433,1.090536,622.9449,540.9964,40.932068,1.1886673,0.0981313,547.1526,-75.7923
1.5-473-550,0.308433735,0.61686747,0.9915009044774012,0.0008915474413,1.5,473.0,550.0,1138.4756,0.28321463,45.927155,959.7126,-178.763,1.0150182,0.7318036,125.302,79.37485
1.5-473-550,0.1879518072,0.3759036144,0.9973789933391554,0.0008968329585,1.5,473.0,550.0,1078.5111,0.060979184,49.197968,826.5288,-251.9823,0.7270322,0.666053,243.17567,193.9777
1.5-473-550,0.1421686747,0.2843373494,0.9999999997775775,0.0008991897406,1.5,473.0,550.0,805.8909,-5.322157e-09,78.7184,718.8413,-87.04962,0.617106,0.617106,330.9524,252.234
1.5-473-550,0.2903614458,0.5807228916,0.999825745120423,-0.0008990330526,1.5,473.0,550.0,1190.142,0.0030916876,43.488525,972.15155,-217.99042,0.9257676,0.9226759,121.71753,78.229004
1.5-473-550,0.002040816307,0.004081632614,0.9607232356003321,0.0008638724772,1.5,473.0,550.0,473.00003,0.5272079,649.85333,458.95068,-14.049347,0.4361762,-0.0910317,615.09204,-34.76129
1.5-473-550,0.3036144579,0.6072289158,0.22784103833049427,-0.0002048723242,1.5,473.0,550.0,542.3735,1.5553532,576.665,644.12,101.74652,1.4469401,-0.1084131,453.05792,-123.607056
1.5-473-550,0.4571428571,0.9142857142,0.5396442233296441,0.0004852425493,1.5,473.0,550.0,656.7993,1.8423295,364.4911,700.51605,43.716736,2.1984901,0.35616064,301.34744,-63.143646
1.5-473-550,0.1253012048,0.2506024096,0.9726063657286781,0.0008745576659,1.5,473.0,550.0,568.3797,0.6063562,542.9064,647.7002,79.320496,0.6891076,0.08275139,394.52676,-148.37961
1.5-473-550,0.06938775512,0.13877551024,0.9985491866279087,0.0008978851843,1.5,473.0,550.0,473.00003,0.01415872,649.85333,552.85236,79.852325,0.46580523,0.4516465,488.08902,-161.76431
1.5-473-550,0.3638554217,0.7277108434,0.9980223152919674,0.000897411427,1.5,473.0,550.0,1122.3792,0.08171969,46.752197,930.748,-191.63116,1.0677568,0.9860371,128.72908,81.97688
1.5-473-550,0.1024096385,0.204819277,0.9965972946963587,0.0008961300631,1.5,473.0,550.0,613.334,0.079614095,471.51764,618.9221,5.588135,0.5456064,0.46599227,420.5246,-50.993042
1.5-473-550,0.4836734694,0.9673469388,0.998978267368595,0.0008982710093,1.5,473.0,550.0,657.8789,0.051547762,360.13287,730.3457,72.4668,1.0751493,1.0236015,249.8815,-110.25137
1.5-473-550,0.4408163265,0.881632653,0.9071317792997667,-0.0008156835895,1.5,473.0,550.0,667.3856,1.4300188,281.39914,745.33966,77.95404,1.6304758,0.20045698,227.07237,-54.326767
1.5-473-550,0.4795918368,0.9591836736,0.9915009044774012,-0.0008915474413,1.5,473.0,550.0,658.13385,0.4556817,359.10352,733.2247,75.09082,1.1294049,0.6737232,245.57858,-113.52493
1.5-473-550,0.4714285714,0.9428571428,0.9980223152919674,-0.000897411427,1.5,473.0,550.0,658.9329,0.104001336,355.8778,749.27246,90.33954,1.0982131,0.99421173,234.44289,-121.43492
1.5-473-550,0.1036144578,0.2072289156,0.9993254186825348,0.0008985831642,1.5,473.0,550.0,645.4855,0.017996604,404.02158,624.2487,-21.236755,0.5373309,0.5193343,415.44894,11.427368
1.5-473-550,0.2831325301,0.5662650602,0.9811301446957078,-0.0008822221605,1.5,473.0,550.0,1108.5186,0.5676874,47.49283,937.66003,-170.85852,1.0247669,0.45707953,147.3086,99.815765
1.5-473-550,0.1144578313,0.2289156626,0.9844268823757469,0.0008851865532,1.5,473.0,550.0,587.1442,0.4138984,511.5939,634.6322,47.487976,0.6197721,0.20587367,405.95926,-105.63464
1.5-473-550,0.3361445784,0.6722891568,0.8475322498919685,-0.0007620923041,1.5,473.0,550.0,723.94806,1.9356871,110.501205,775.6835,51.735413,1.7048843,-0.23080277,243.99118,133.48997
1.5-473-550,0.1084337349,0.2168674698,0.03282169735804886,2.951293354e-05,1.5,473.0,550.0,473.0435,1.1527871,649.8123,575.4879,102.44443,1.1755419,0.022754788,526.0164,-123.7959
1.5-473-550,0.2951807229,0.5903614458,0.9999999997775775,0.0008991897406,1.5,473.0,550.0,1186.4739,-5.322157e-09,43.674683,973.60004,-212.87384,0.93409914,0.93409914,119.56642,75.89174
1.5-473-550,0.3349397591,0.6698795182,0.9811301448069191,0.0008822221606,1.5,473.0,550.0,1065.2037,0.6848934,49.997345,933.4076,-131.79614,1.1321253,0.44723183,134.51202,84.51468
1.5-473-550,0.1650602409,0.3301204818,0.16340484097302546,-0.0001469319566,1.5,473.0,550.0,493.76285,1.129568,629.322,583.30786,89.54501,1.1494608,0.019892812,527.0989,-102.223145
1.5-473-550,0.1891566265,0.378313253,0.9915009044774012,-0.0008915474413,1.5,473.0,550.0,1061.2134,0.19989616,50.251404,820.3579,-240.85547,0.7586607,0.5587645,248.36778,198.11638
1.5-473-550,0.1759036144,0.3518072288,0.9726063657286781,-0.0008745576659,1.5,473.0,550.0,813.4924,0.6161643,77.21275,764.2252,-49.26715,0.81274,0.1965757,294.90964,217.69688
1.5-473-550,0.1216867469,0.2433734938,0.9965972946963587,-0.0008961300631,1.5,473.0,550.0,694.12317,0.1886307,135.03134,664.1083,-30.014893,0.5877075,0.39907682,378.76233,243.73099
1.5-473-550,0.1060240963,0.2120481926,0.7098470004029654,-0.0006382871403,1.5,473.0,550.0,474.30548,0.97111213,648.6218,501.9311,27.62561,1.0479774,0.076865315,565.16656,-83.45526
1.5-473-550,0.1445783132,0.2891566264,0.8206166047262803,0.0007378900321,1.5,473.0,550.0,510.65894,0.96370417,612.0813,572.25854,61.59961,1.0865344,0.12283021,477.5874,-134.4939
1.5-473-550,0.04081632652,0.08163265304,0.47796385156444166,0.0004297801918,1.5,473.0,550.0,473.00003,1.1293057,649.85333,527.9227,54.9227,0.9898524,-0.13945329,583.8285,-66.02484
1.5-473-550,0.3096385542,0.6192771084,0.9945113832197316,-0.0008942544329,1.5,473.0,550.0,1152.081,0.18319374,45.25641,964.56506,-187.51599,0.9980301,0.8148364,121.777405,76.520996
1.5-473-550,0.221686747,0.443373494,0.9844268823757469,-0.0008851865532,1.5,473.0,550.0,1236.1873,0.37116796,41.577454,873.84406,-362.3432,0.8673247,0.49615675,205.44704,163.86958
1.5-473-550,0.1518072289,0.3036144578,0.9895407848051817,-0.0008897849218,1.5,473.0,550.0,774.5187,0.32770658,86.18295,729.62396,-44.894714,0.68420005,0.35649347,322.48984,236.30688
1.5-473-550,0.0612244898,0.1224489796,0.9973789934503665,-0.0008968329586,1.5,473.0,550.0,473.00003,0.026296372,649.85333,537.8055,64.80545,0.45221362,0.42591724,505.0142,-144.83914
1.5-473-550,0.05918367348,0.11836734696,0.9442484491033019,-0.0008490585182,1.5,473.0,550.0,473.00003,0.522764,649.85333,506.59094,33.59091,0.6140642,0.09130019,539.39386,-110.45947
1.5-473-550,0.2674698795,0.534939759,0.29146971579860803,-0.0002620865782,1.5,473.0,550.0,527.8401,1.4433266,593.0518,623.2089,95.368835,1.3588787,-0.08444786,478.08356,-114.96826
1.5-473-550,0.4142857143,0.8285714286,0.5396442233296441,0.0004852425493,1.5,473.0,550.0,649.5019,2.2766209,392.29346,689.5267,40.02478,2.1113555,-0.16526532,323.23453,-69.05893
1.5-473-550,0.2192771084,0.4385542168,0.998978267368595,0.0008982710093,1.5,473.0,550.0,1294.0929,0.023415977,39.923004,893.29865,-400.79425,0.785029,0.761613,190.319,150.396
1.5-473-550,0.0755102041,0.1510204082,0.4163512326852384,0.000374378757,1.5,473.0,550.0,473.00003,1.1332157,649.85333,538.74097,65.74094,1.0340705,-0.099145174,572.08765,-77.765686
1.5-473-550,0.0244897959,0.0489795918,0.03282169735804886,2.951293354e-05,1.5,473.0,550.0,473.00003,1.211701,649.85333,579.97766,106.97763,1.1516559,-0.060045123,520.0728,-129.78052
1.5-473-550,0.2493975904,0.4987951808,0.9337895728803226,0.000839654004,1.5,473.0,550.0,924.2781,1.3554609,61.326843,837.35297,-86.92511,1.1679691,-0.18749177,230.39325,169.0664
1.5-473-550,0.0897959184,0.1795918368,0.03282169734692774,-2.951293353e-05,1.5,473.0,550.0,473.00003,1.1882354,649.85333,575.28424,102.28421,1.1706547,-0.017580748,525.75134,-124.10199
1.5-473-550,0.3385542169,0.6771084338,0.9945113832197316,0.0008942544329,1.5,473.0,550.0,1128.8894,0.20569193,46.404358,951.31903,-177.57037,1.0516224,0.84593046,122.27553,75.87117
1.5-473-550,0.1650602409,0.3301204818,0.9215172744995802,-0.0008286188792,1.5,473.0,550.0,575.5665,0.93480134,529.5529,681.9576,106.39105,0.9604036,0.025602281,368.00214,-161.55078
1.5-473-550,0.2060240964,0.4120481928,0.3542741437603377,0.0003185596755,1.5,473.0,550.0,512.5891,1.2722205,610.0109,584.6558,72.06671,1.2208654,-0.051355124,520.1175,-89.89343
1.5-473-550,0.4163265306,0.8326530612,0.9337895728803226,-0.000839654004,1.5,473.0,550.0,723.33636,1.7587215,107.27971,791.04895,67.712585,1.5073596,-0.25136185,201.35533,94.07562
1.5-473-550,0.09387755105,0.1877551021,0.9985491866279087,-0.0008978851843,1.5,473.0,550.0,473.00003,0.014105016,649.85333,601.8243,128.82425,0.519288,0.505183,437.13654,-212.7168
1.5-473-550,0.4734693878,0.9469387756,0.9999999997775775,0.0008991897406,1.5,473.0,550.0,658.6978,-5.322157e-09,356.82693,746.98035,88.28253,1.0826236,1.0826236,236.69762,-120.12932
1.5-473-550,0.4632653061,0.9265306122,0.5396442233296441,-0.0004852425493,1.5,473.0,550.0,656.79846,1.834256,364.49466,701.76215,44.963684,2.2055733,0.37131727,298.99957,-65.49509
1.5-473-550,0.06326530613,0.12653061226,0.9442484491033019,0.0008490585182,1.5,473.0,550.0,473.00003,0.5237472,649.85333,512.025,39.024994,0.6240241,0.10027689,532.6904,-117.1629
1.5-473-550,0.3542168675,0.708433735,0.9996041060258503,-0.000898833757,1.5,473.0,550.0,1139.0502,0.012977475,45.898834,944.4199,-194.63025,1.0422999,1.0293224,122.66266,76.763824
1.5-473-550,0.1060240963,0.2120481926,0.9671530515086588,-0.0008696541017,1.5,473.0,550.0,514.65924,0.50095856,607.67285,600.74554,86.0863,0.66109014,0.16013157,438.40305,-169.2698
1.5-473-550,0.3566265061,0.7132530122,0.7098470004029654,0.0006382871403,1.5,473.0,550.0,649.2273,1.9809654,392.02658,695.3784,46.151123,1.9569595,-0.02400589,309.13684,-82.88974
1.5-473-550,0.2939759036,0.5879518072,0.9993254186825348,-0.0008985831642,1.5,473.0,550.0,1184.9036,0.019220108,43.72705,972.19824,-212.70532,0.9361207,0.9169006,120.80597,77.07892
1.5-473-550,0.1674698795,0.334939759,0.5396442233296441,0.0004852425493,1.5,473.0,550.0,503.10507,1.1040828,619.8677,544.6816,41.576508,1.2046412,0.1005584,542.74005,-77.127625
1.5-473-550,0.2951807229,0.5903614458,0.960723235489121,0.0008638724771,1.5,473.0,550.0,997.3406,1.1178005,54.702606,909.6112,-87.72937,1.164674,0.04687357,163.40715,108.704544
1.5-473-550,0.1987951807,0.3975903614,0.9973789934503665,-0.0008968329586,1.5,473.0,550.0,1192.9026,0.061608013,43.38034,850.2881,-342.6145,0.75018907,0.68858105,224.34503,180.96469
1.5-473-550,0.1795180723,0.3590361446,0.9442484491033019,0.0008490585182,1.5,473.0,550.0,655.89264,0.95826185,352.48642,736.2403,80.34766,0.9304325,-0.027829349,319.88818,-32.598236
1.5-473-550,0.1168674698,0.2337349396,0.9811301448069191,0.0008822221606,1.5,473.0,550.0,578.16766,0.4725746,524.7686,636.9141,58.74646,0.63775074,0.16517615,403.9652,-120.803406
1.5-473-550,0.3819277109,0.7638554218,0.9999999997775775,0.0008991897406,1.5,473.0,550.0,1115.1469,-5.322157e-09,47.163544,908.0596,-207.08728,1.0771048,1.0771048,138.85109,91.687546
1.5-473-550,0.3421686747,0.6843373494,0.9844268823757469,0.0008851865532,1.5,473.0,550.0,1075.3036,0.58961266,49.383667,933.21747,-142.08612,1.1244098,0.53479713,132.52248,83.13881
1.5-473-550,0.2144578313,0.4289156626,0.9956514833048237,-0.0008952795992,1.5,473.0,550.0,1276.0675,0.10877412,40.068115,878.9232,-397.1443,0.7927945,0.6840204,201.67805,161.60994
1.5-473-550,0.3626506025,0.725301205,0.9985491866279087,0.0008978851843,1.5,473.0,550.0,1125.891,0.05862057,46.564575,933.00336,-192.88763,1.0623236,1.003703,127.64618,81.081604
1.5-473-550,0.1578313253,0.3156626506,0.47796385156444166,0.0004297801918,1.5,473.0,550.0,496.1038,1.0919834,626.953,545.4141,49.310333,1.1592189,0.06723547,551.584,-75.36902
1.5-473-550,0.3337349398,0.6674698796,0.5396442233296441,0.0004852425493,1.5,473.0,550.0,608.65375,1.7834283,479.48636,656.8048,48.151062,1.8238869,0.04045856,385.56076,-93.9256
1.5-473-550,0.2493975904,0.4987951808,0.7525573838264147,-0.0006766918789,1.5,473.0,550.0,606.8528,1.4891425,481.90695,663.4705,56.617737,1.5317718,0.042629242,383.15732,-98.74963
1.5-473-550,0.4877551021,0.9755102042,0.47796385156444166,-0.0004297801918,1.5,473.0,550.0,656.9958,1.8658302,363.6981,713.95984,56.96405,2.220662,0.35483193,294.1395,-69.55859
1.5-473-550,0.3289156627,0.6578313254,0.9071317792997667,0.0008156835895,1.5,473.0,550.0,835.16003,1.7605432,73.18695,837.2126,2.0525513,1.4940331,-0.26651013,201.3003,128.11334
1.5-473-550,0.2903614458,0.5807228916,0.3542741439827602,-0.0003185596757,1.5,473.0,550.0,544.2904,1.5249785,574.3643,634.4141,90.12372,1.4793565,-0.04562199,455.95724,-118.407074
1.5-473-550,0.1554216867,0.3108433734,0.4163512323516047,-0.0003743787567,1.5,473.0,550.0,493.32742,1.0950611,629.76263,553.3019,59.974457,1.1366329,0.041571856,550.7807,-78.98193
1.5-473-550,0.308433735,0.61686747,0.09831793589120096,8.840647929e-05,1.5,473.0,550.0,538.8505,1.5604149,580.80084,636.5045,97.65399,1.4262685,-0.13414645,456.4915,-124.30936
1.5-473-550,0.2602409639,0.5204819278,0.03282169734692774,-2.951293353e-05,1.5,473.0,550.0,521.2502,1.419182,600.3799,607.15015,85.89996,1.3104705,-0.10871148,489.32614,-111.05374
1.5-473-550,0.3939759037,0.7879518074,0.5396442233296441,-0.0004852425493,1.5,473.0,550.0,641.6813,2.1830113,414.5242,682.9215,41.240234,2.0505714,-0.13243985,336.59293,-77.931274
1.5-473-550,0.3662650603,0.7325301206,0.4163512326852384,0.000374378757,1.5,473.0,550.0,613.0997,1.9282789,472.36606,676.05725,62.95758,1.8473333,-0.08094561,380.14862,-92.21744
1.5-473-550,0.4653061225,0.930612245,0.9872047710533666,-0.0008876844022,1.5,473.0,550.0,659.7696,0.6396344,352.5001,753.354,93.58441,1.1756617,0.5360273,228.98698,-123.51311
1.5-473-550,0.05510204082,0.11020408164,0.9844268823757469,-0.0008851865532,1.5,473.0,550.0,473.00003,0.16021943,649.85333,520.4416,47.44156,0.48387054,0.3236511,524.58057,-125.272766
1.5-473-550,0.4469387755,0.893877551,0.9872047710533666,0.0008876844022,1.5,473.0,550.0,665.0981,0.67357063,303.13324,783.77,118.671936,1.1908942,0.5173236,207.88914,-95.244095
1.5-473-550,0.0612244898,0.1224489796,0.03282169735804886,2.951293354e-05,1.5,473.0,550.0,473.00003,1.1996392,649.85333,576.35266,103.35263,1.163638,-0.036001205,523.92773,-125.9256
1.5-473-550,0.278313253,0.556626506,0.9965972946963587,-0.0008961300631,1.5,473.0,550.0,1186.4536,0.101491444,43.65619,961.2841,-225.1695,0.9219861,0.82049465,131.98174,88.32555
1.5-473-550,0.2987951807,0.5975903614,0.9895407848051817,0.0008897849218,1.5,473.0,550.0,1135.305,0.33924955,46.083466,956.37396,-178.93109,1.0078773,0.6686278,130.20425,84.12079
1.5-473-550,0.002040816309,0.004081632618,0.9985491867391199,-0.0008978851844,1.5,473.0,550.0,473.00003,0.024897033,649.85333,467.5804,-5.4196167,0.31862396,0.29372692,603.514,-46.339355
1.5-473-550,0.4816326531,0.9632653062,0.2914697156873968,0.0002620865781,1.5,473.0,550.0,656.44965,1.9366835,365.90265,727.45807,71.00842,2.1452281,0.20854461,303.1788,-62.723846
1.5-473-550,0.03061224488,0.06122448976,0.6021818746711394,-0.0005414757638,1.5,473.0,550.0,473.00003,1.065959,649.85333,496.8664,23.866364,0.93873376,-0.12722522,605.23627,-44.617065
1.5-473-550,0.3710843374,0.7421686748,0.9772248215579286,-0.000878710534,1.5,473.0,550.0,1009.9514,0.9686881,53.719666,893.7646,-116.18683,1.2170272,0.24833912,148.95709,95.23743
1.5-473-550,0.4142857143,0.8285714286,0.4163512323516047,-0.0003743787567,1.5,473.0,550.0,642.03217,2.2438555,413.9285,698.0899,56.05774,2.0323255,-0.21152997,340.3431,-73.58539
1.5-473-550,0.169879518,0.339759036,0.6021818746711394,-0.0005414757638,1.5,473.0,550.0,507.54865,1.1007093,615.3708,545.5002,37.951538,1.2324352,0.1317259,532.1754,-83.19537
1.5-473-550,0.3168674699,0.6337349398,0.8206166047262803,-0.0007378900321,1.5,473.0,550.0,676.74396,1.8376876,226.3057,751.9989,75.254944,1.705564,-0.13212359,273.16693,46.861237
1.5-473-550,0.1325301204,0.2650602408,0.16340484119544796,0.0001469319568,1.5,473.0,550.0,479.92355,1.0989687,643.3159,577.15765,97.2341,1.126481,0.027512312,533.4559,-109.86005
1.5-473-550,0.4510204082,0.9020408164,0.9993254186825348,-0.0008985831642,1.5,473.0,550.0,663.4191,0.033789095,319.08472,785.12573,121.706604,1.1073402,1.0735512,208.99577,-110.08894
1.5-473-550,0.3963855422,0.7927710844,0.998978267368595,-0.0008982710093,1.5,473.0,550.0,1093.0231,0.051732417,48.353577,883.3908,-209.63226,1.0990237,1.0472913,151.25592,102.90234
1.5-473-550,0.3903614458,0.7807228916,0.9442484491033019,0.0008490585182,1.5,473.0,550.0,887.23737,1.8331717,65.446655,832.7901,-54.447266,1.4342012,-0.39897048,181.01671,115.57005
1.5-473-550,0.07346938777,0.14693877554,0.8475322498919685,-0.0007620923041,1.5,473.0,550.0,473.00003,0.8333467,649.85333,491.9282,18.928162,0.84423184,0.010885119,560.0149,-89.83844
1.5-473-550,0.4040816326,0.8081632652,0.8475322498919685,0.0007620923041,1.5,473.0,550.0,746.78436,2.3583434,96.02396,746.84705,0.062683105,1.8410481,-0.51729524,235.15996,139.136
1.5-473-550,0.1228915662,0.2457831324,0.960723235489121,0.0008638724771,1.5,473.0,550.0,539.5299,0.6604174,579.9418,631.01074,91.480835,0.7243501,0.06393272,410.3185,-169.62326
1.5-473-550,0.1180722891,0.2361445782,0.22784103821928303,0.0002048723241,1.5,473.0,550.0,474.8221,1.1103636,648.1345,571.0642,96.242096,1.0984793,-0.011884332,541.7228,-106.41174
1.5-473-550,0.4265306122,0.8530612244,0.22784103833049427,-0.0002048723242,1.5,473.0,550.0,640.34424,2.1848722,418.5027,706.9076,66.563354,1.9363098,-0.24856234,347.0039,-71.49878
1.5-473-550,0.04693877551,0.09387755102,0.9973789933391554,0.0008968329585,1.5,473.0,550.0,473.00003,0.02563482,649.85333,515.5496,42.54959,0.42082578,0.39519095,531.9052,-117.94812
1.5-473-550,0.3409638555,0.681927711,0.9872047710533666,0.0008876844022,1.5,473.0,550.0,1090.5131,0.48445272,48.49951,938.3065,-152.20654,1.1042924,0.61983967,129.69478,81.19527
1.5-473-550,0.213253012,0.426506024,0.9985491866279087,-0.0008978851843,1.5,473.0,550.0,1289.7045,0.035058375,39.923004,881.37616,-408.3283,0.77468586,0.7396275,199.75714,159.83414
1.5-473-550,0.2602409639,0.5204819278,0.9531521909241071,0.0008570646715,1.5,473.0,550.0,997.48694,1.1397167,54.700745,876.7302,-120.756714,1.1145986,-0.025118113,197.51956,142.81882
1.5-473-550,0.2662650602,0.5325301204,0.9945113832197316,-0.0008942544329,1.5,473.0,550.0,1190.6876,0.15788347,43.464783,949.05493,-241.63269,0.90970856,0.7518251,143.1331,99.66832
1.5-473-550,0.169879518,0.339759036,0.6600967573005477,-0.0005935522321,1.5,473.0,550.0,511.50626,1.0895699,611.17975,550.8771,39.37082,1.2433875,0.15381753,518.0823,-93.09747
1.5-473-550,0.3228915663,0.6457831326,0.7892004020960466,0.000709640905,1.5,473.0,550.0,658.804,1.8439205,344.93057,729.85754,71.05353,1.7762372,-0.06768322,289.66623,-55.264343
1.5-473-550,0.4306122449,0.8612244898,0.9915009044774012,-0.0008915474413,1.5,473.0,550.0,683.2088,0.5421262,159.7423,815.5738,132.36499,1.1666867,0.6245605,188.5557,28.8134
1.5-473-550,0.4734693878,0.9469387756,0.9956514833048237,0.0008952795992,1.5,473.0,550.0,658.69617,0.23478758,356.8335,744.739,86.04285,1.1112633,0.8764757,237.3865,-119.44699
1.5-473-550,0.1012048192,0.2024096384,0.9671530516198701,-0.0008696541018,1.5,473.0,550.0,487.2095,0.4127074,635.94714,590.8622,103.65268,0.6493355,0.23662812,447.99908,-187.94806
1.5-473-550,0.3626506025,0.725301205,0.7525573838264147,-0.0006766918789,1.5,473.0,550.0,659.4912,2.0403137,343.30646,712.54596,53.05475,1.943353,-0.096960664,286.62906,-56.6774
1.5-473-550,0.1686746988,0.3373493976,0.8206166047262803,0.0007378900321,1.5,473.0,550.0,532.2107,1.0342817,588.1917,607.6349,75.424194,1.1676356,0.13335383,443.53995,-144.65176
1.5-473-550,0.3975903615,0.795180723,0.4163512326852384,0.000374378757,1.5,473.0,550.0,633.2734,2.1765444,434.45953,691.0427,57.76935,1.971989,-0.20455539,353.5015,-80.95804
1.5-473-550,0.05714285715,0.1142857143,0.9071317792997667,0.0008156835895,1.5,473.0,550.0,473.00003,0.6879554,649.85333,490.71432,17.714294,0.6974697,0.009514332,559.25385,-90.59949
1.5-473-550,0.3469879518,0.6939759036,0.9442484491033019,-0.0008490585182,1.5,473.0,550.0,911.5643,1.5503938,62.58612,874.5372,-37.0271,1.3659981,-0.18439567,168.34506,105.75894
1.5-473-550,0.4714285714,0.9428571428,0.29146971579860803,-0.0002620865782,1.5,473.0,550.0,655.35406,1.9527458,370.32565,724.44714,69.09308,2.1212914,0.1685456,309.33514,-60.99051
1.5-473-550,0.2759036145,0.551807229,0.3542741437603377,0.0003185596755,1.5,473.0,550.0,535.2448,1.4738872,584.81775,625.43335,90.18854,1.4266963,-0.047190905,468.2772,-116.54056
1.5-473-550,0.2843373494,0.5686746988,0.3542741437603377,0.0003185596755,1.5,473.0,550.0,540.2186,1.5026764,579.14166,630.6722,90.45355,1.4570438,-0.0456326,461.13782,-118.003845
1.5-473-550,0.2963855422,0.5927710844,0.03282169735804886,2.951293354e-05,1.5,473.0,550.0,531.29913,1.5173734,589.2054,621.6627,90.36359,1.3911854,-0.12618804,468.48392,-120.721466
1.5-473-550,0.3036144579,0.6072289158,0.9945113832197316,0.0008942544329,1.5,473.0,550.0,1155.0729,0.18049997,45.108887,964.9893,-190.08356,0.9862016,0.8057016,123.13321,78.02432
1.5-473-550,0.1602409638,0.3204819276,0.993141646395439,0.0008930227796,1.5,473.0,550.0,849.347,0.1927967,70.72781,754.9079,-94.43909,0.6870599,0.49426317,301.2582,230.5304
1.5-473-550,0.1253012048,0.2506024096,0.9985491866279087,0.0008978851843,1.5,473.0,550.0,725.7912,0.07286542,105.72897,675.0703,-50.720886,0.5873439,0.51447845,368.92725,263.19827
1.5-473-550,0.09183673473,0.18367346946,0.7892004020960466,0.000709640905,1.5,473.0,550.0,473.00003,0.91597587,649.85333,498.32025,25.32022,0.9605027,0.044526815,558.1116,-91.74176
1.5-473-550,0.191566265,0.38313253,0.9772248215579286,-0.000878710534,1.5,473.0,550.0,1004.0333,0.5186177,54.193054,804.68134,-199.35199,0.83088934,0.31227165,261.59552,207.40247
1.5-473-550,0.1662650602,0.3325301204,0.9945113832197316,0.0008942544329,1.5,473.0,550.0,894.78546,0.1438908,64.4939,771.42316,-123.362305,0.6939993,0.5501085,287.64108,223.14719
1.5-473-550,0.04489795918,0.08979591836,0.998978267368595,-0.0008982710093,1.5,473.0,550.0,473.00003,0.009408588,649.85333,513.5004,40.500397,0.4106329,0.40122432,534.6948,-115.15851
1.5-473-550,0.03469387754,0.06938775508,0.8705746216627653,-0.0007828117684,1.5,473.0,550.0,473.00003,0.7597669,649.85333,465.17468,-7.825348,0.71254355,-0.04722333,598.67694,-51.17639
1.5-473-550,0.3614457832,0.7228915664,0.9915009044774012,-0.0008915474413,1.5,473.0,550.0,1092.0708,0.35792089,48.408936,924.4792,-167.59161,1.1092477,0.7513268,132.91388,84.504944
1.5-473-550,0.04693877551,0.09387755102,0.03282169734692774,-2.951293353e-05,1.5,473.0,550.0,473.00003,1.2383361,649.85333,577.4731,104.47305,1.1596398,-0.07869625,522.5479,-127.30542
1.5-473-550,0.2795180723,0.5590361446,0.7525573838264147,0.0006766918789,1.5,473.0,550.0,630.3546,1.6265533,439.87723,687.05365,56.699036,1.6520743,0.02552104,350.0456,-89.831635
1.5-473-550,0.2578313253,0.5156626506,0.9980223152919674,0.000897411427,1.5,473.0,550.0,1213.7742,0.05422693,42.483612,947.16705,-266.60712,0.87107545,0.8168485,146.00484,103.521225
1.5-473-550,0.3686746988,0.7373493976,0.5396442233296441,-0.0004852425493,1.5,473.0,550.0,628.6299,1.9846196,443.90408,673.2368,44.606934,1.9619224,-0.02269721,355.58487,-88.319214
1.5-473-550,0.1313253012,0.2626506024,0.9980223152919674,0.000897411427,1.5,473.0,550.0,745.88824,0.08851116,95.93849,689.33673,-56.551514,0.6025744,0.51406324,356.4115,260.47302
1.5-473-550,0.1024096385,0.204819277,0.960723235489121,-0.0008638724771,1.5,473.0,550.0,490.55392,0.49180132,632.56946,588.2376,97.683685,0.67307127,0.18126994,450.72986,-181.8396
1.5-473-550,0.3939759037,0.7879518074,0.9895407848051817,-0.0008897849218,1.5,473.0,550.0,1047.0443,0.55711514,51.153534,876.3315,-170.71283,1.1626164,0.60550123,155.23927,104.08574
1.5-473-550,0.2506024096,0.5012048192,0.47796385156444166,-0.0004297801918,1.5,473.0,550.0,532.939,1.4102045,587.38184,602.9468,70.00775,1.4337906,0.023586035,478.51556,-108.86627
1.5-473-550,0.1554216867,0.3108433734,0.9985491866279087,0.0008978851843,1.5,473.0,550.0,857.8292,0.042221602,69.39337,750.22766,-107.60156,0.651922,0.6097004,304.7735,235.38013
1.5-473-550,0.2710843374,0.5421686748,0.9965972946963587,-0.0008961300631,1.5,473.0,550.0,1194.283,0.0988236,43.31198,956.50885,-237.77411,0.90712476,0.80830115,136.87587,93.56389
1.5-473-550,0.234939759,0.469879518,0.09831793590232207,-8.84064793e-05,1.5,473.0,550.0,516.03613,1.3563343,606.17786,604.14966,88.113525,1.2522773,-0.10405707,500.2787,-105.89917
1.5-473-550,0.321686747,0.643373494,0.9980223152919674,0.000897411427,1.5,473.0,550.0,1159.3616,0.067314975,44.89749,966.9953,-192.36627,0.9976864,0.9303714,116.93143,72.033936
1.5-473-550,0.2662650602,0.5325301204,0.7525573838264147,0.0006766918789,1.5,473.0,550.0,622.10516,1.5686406,456.05093,677.5814,55.476257,1.5993869,0.03074634,364.10065,-91.95029
1.5-473-550,0.4163265306,0.8326530612,0.9071317792997667,0.0008156835895,1.5,473.0,550.0,718.2884,1.9137055,110.59648,772.2272,53.93878,1.6332866,-0.28041887,213.0789,102.48242
1.5-473-550,0.3289156627,0.6578313254,0.8475322498919685,-0.0007620923041,1.5,473.0,550.0,720.2359,1.9020057,113.85423,776.1001,55.864197,1.6842132,-0.21779251,247.27924,133.425
1.5-473-550,0.373493976,0.746987952,0.8902853188558087,-0.0008005354251,1.5,473.0,550.0,804.9311,2.0533066,78.92905,798.3707,-6.560364,1.6560328,-0.39727378,209.28212,130.35307
1.5-473-550,0.386746988,0.773493976,0.22784103821928303,0.0002048723241,1.5,473.0,550.0,616.07,2.0422869,467.35556,688.79565,72.72565,1.7768747,-0.2654122,381.42972,-85.92584
1.5-473-550,0.3385542169,0.6771084338,0.9442484491033019,-0.0008490585182,1.5,473.0,550.0,916.0462,1.5133321,62.114838,879.54047,-36.505737,1.348721,-0.1646111,168.18587,106.07103
1.5-473-550,0.156626506,0.313253012,0.9872047710533666,0.0008876844022,1.5,473.0,550.0,783.8053,0.37275785,83.67992,738.3611,-45.444214,0.70519537,0.33243752,315.34576,231.66585
1.5-473-550,0.1939759036,0.3879518072,0.9872047710533666,0.0008876844022,1.5,473.0,550.0,1097.2987,0.2956637,48.115295,824.4081,-272.89062,0.7902248,0.49456108,245.29765,197.18236
1.5-473-550,0.386746988,0.773493976,0.3542741439827602,-0.0003185596757,1.5,473.0,550.0,622.5842,2.0642855,455.79996,689.2566,66.67236,1.8756614,-0.18862414,369.7552,-86.04477
1.5-473-550,0.3385542169,0.6771084338,0.2914697156873968,0.0002620865781,1.5,473.0,550.0,577.8843,1.728584,525.6224,664.82623,86.941956,1.6207397,-0.10784435,418.97748,-106.6449
1.5-473-550,0.1433734939,0.2867469878,0.9531521909241071,0.0008570646715,1.5,473.0,550.0,568.879,0.7795628,541.63165,668.5499,99.6709,0.8023162,0.022753417,377.27853,-164.35312
1.5-473-550,0.3855421687,0.7710843374,0.3542741439827602,-0.0003185596757,1.5,473.0,550.0,621.76855,2.0542636,457.31625,688.6708,66.90222,1.8707219,-0.18354166,370.805,-86.51126
1.5-473-550,0.3445783133,0.6891566266,0.9215172744995802,-0.0008286188792,1.5,473.0,550.0,860.75336,1.7437569,69.078735,848.32404,-12.429321,1.4702731,-0.27348375,186.80322,117.72449
1.5-473-550,0.2662650602,0.5325301204,0.9844268823757469,0.0008851865532,1.5,473.0,550.0,1144.0016,0.4435799,45.654724,931.9118,-212.08978,0.96844965,0.52486974,155.43988,109.78516
1.5-473-550,0.4183673469,0.8367346938,0.9337895728803226,-0.000839654004,1.5,473.0,550.0,714.50934,1.7202336,113.22188,788.4336,73.924255,1.5079187,-0.21231484,202.6677,89.445816
1.5-473-550,0.2638554217,0.5277108434,0.6600967573005477,0.0005935522321,1.5,473.0,550.0,582.8105,1.5088079,519.681,634.3155,51.505005,1.6016989,0.09289098,414.6957,-104.98532
1.5-473-550,0.4734693878,0.9469387756,0.9442484491033019,0.0008490585182,1.5,473.0,550.0,658.54834,1.2342914,357.43042,722.5856,64.03723,1.4126112,0.17831981,245.1931,-112.23732
1.5-473-550,0.2951807229,0.5903614458,0.9965972946963587,-0.0008961300631,1.5,473.0,550.0,1171.6277,0.10805165,44.33423,967.7475,-203.88019,0.9560751,0.8480234,123.50023,79.166
1.5-473-550,0.3493975904,0.6987951808,0.09831793590232207,-8.84064793e-05,1.5,473.0,550.0,576.8622,1.762668,527.41095,656.6345,79.77234,1.565253,-0.197415,424.6412,-102.769745
1.5-473-550,0.05918367348,0.11836734696,0.9071317792997667,0.0008156835895,1.5,473.0,550.0,473.00003,0.68917084,649.85333,492.91135,19.911316,0.70256186,0.013391018,556.3417,-93.51166
1.5-473-550,0.2373493976,0.4746987952,0.16340484097302546,-0.0001469319566,1.5,473.0,550.0,517.207,1.3624587,604.87585,608.389,91.18201,1.2501625,-0.11229622,498.91232,-105.96353
1.5-473-550,0.3879518073,0.7759036146,0.03282169735804886,2.951293354e-05,1.5,473.0,550.0,612.3725,2.0369847,473.60806,663.6366,51.2641,1.6914986,-0.34548604,398.58496,-75.0231
1.5-473-550,0.2096385542,0.4192771084,0.9872047710533666,0.0008876844022,1.5,473.0,550.0,1238.2909,0.30463272,41.49408,856.2575,-382.0334,0.8257983,0.52116555,219.74281,178.24873
1.5-473-550,0.2373493976,0.4746987952,0.9945113832197316,0.0008942544329,1.5,473.0,550.0,1239.9149,0.14188492,41.429718,915.4279,-324.487,0.84822154,0.7063366,172.20122,130.7715
1.5-473-550,0.1614457831,0.3228915662,0.8705746216627653,-0.0007828117684,1.5,473.0,550.0,539.0197,0.9773577,580.5092,630.3243,91.304565,1.0676761,0.09031838,418.1367,-162.37253
1.5-473-550,0.4530612245,0.906122449,0.9811301446957078,0.0008822221605,1.5,473.0,550.0,662.5772,0.8277464,327.0838,769.5759,106.99872,1.2259567,0.3982103,216.42581,-110.65799
1.5-473-550,0.4653061225,0.930612245,0.960723235489121,-0.0008638724771,1.5,473.0,550.0,659.6528,1.1135168,352.97177,740.04333,80.390564,1.3353876,0.22187078,234.18987,-118.781906
1.5-473-550,0.365060241,0.730120482,0.998978267368595,0.0008982710093,1.5,473.0,550.0,1125.976,0.04074567,46.560028,930.56995,-195.406,1.0627398,1.0219942,128.60342,82.043396
1.5-473-550,0.006122448946,0.012244897892,0.7525573838264147,0.0006766918789,1.5,473.0,550.0,473.00003,1.0192251,649.85333,465.24268,-7.7573547,0.8025372,-0.21668792,629.2361,-20.617249
1.5-473-550,0.3289156627,0.6578313254,0.998978267368595,0.0008982710093,1.5,473.0,550.0,1158.1599,0.034307,44.956726,964.91437,-193.24554,1.0043261,0.9700191,116.33333,71.3766
1.5-473-550,0.4510204082,0.9020408164,0.998978267368595,0.0008982710093,1.5,473.0,550.0,663.4191,0.05354243,319.085,784.8813,121.46216,1.1097229,1.0561805,209.0964,-109.98859
1.5-473-550,0.1843373494,0.3686746988,0.9726063657286781,0.0008745576659,1.5,473.0,550.0,891.5543,0.600962,64.94116,782.75366,-108.80066,0.8334943,0.23253232,279.69095,214.74979
1.5-473-550,0.330120482,0.660240964,0.16340484119544796,0.0001469319568,1.5,473.0,550.0,560.03094,1.6613567,554.14044,654.6631,94.63214,1.5150617,-0.14629495,435.663,-118.47745
1.5-473-550,0.2228915662,0.4457831324,0.9772248215579286,-0.000878710534,1.5,473.0,550.0,1202.1971,0.53853375,42.977264,864.5315,-337.66565,0.9060663,0.36753255,212.7217,169.74443
1.5-473-550,0.04693877551,0.09387755102,0.9671530515086588,0.0008696541017,1.5,473.0,550.0,473.00003,0.33547962,649.85333,500.84125,27.841217,0.52000475,0.18452513,548.08295,-101.770386
1.5-473-550,0.3120481928,0.6240963856,0.3542741439827602,-0.0003185596757,1.5,473.0,550.0,561.4691,1.6134146,552.3138,647.7731,86.303955,1.5635885,-0.049826145,436.86093,-115.45285
1.5-473-550,0.2590361446,0.5180722892,0.9772248215579286,-0.000878710534,1.5,473.0,550.0,1115.069,0.6298607,47.144684,913.3217,-201.74725,0.9916109,0.3617502,170.50012,123.35544
1.5-473-550,0.2481927711,0.4963855422,0.9998257452316341,-0.0008990330527,1.5,473.0,550.0,1235.1422,0.0027002639,41.618866,939.26666,-295.87555,0.84040534,0.8377051,153.18364,111.56477
1.5-473-550,0.3168674699,0.6337349398,0.8206166047262803,0.0007378900321,1.5,473.0,550.0,676.74396,1.8376875,226.3057,751.9989,75.254944,1.705564,-0.13212347,273.16693,46.861237
1.5-473-550,0.4775510204,0.9551020408,0.9726063657286781,-0.0008745576659,1.5,473.0,550.0,658.25134,0.9815667,358.6294,728.1013,69.849976,1.2482288,0.26666206,245.54892,-113.080475
1.5-473-550,0.4673469388,0.9346938776,0.9999999997775775,0.0008991897406,1.5,473.0,550.0,659.4854,-5.322157e-09,353.64752,757.13904,97.653625,1.0896094,1.0896094,228.95164,-124.69588
1.5-473-550,0.2722891566,0.5445783132,0.9531521908128958,-0.0008570646714,1.5,473.0,550.0,985.03796,1.1724826,55.6987,886.8489,-98.18909,1.1458482,-0.026634455,186.8108,131.1121
1.5-473-550,0.2759036145,0.551807229,0.9811301446957078,-0.0008822221605,1.5,473.0,550.0,1116.0435,0.5520753,47.09076,933.6003,-182.44318,1.0086707,0.45659536,152.01607,104.92531
1.5-473-550,0.4040816326,0.8081632652,0.6600967573005477,-0.0005935522321,1.5,473.0,550.0,657.4388,2.3086545,361.30637,689.5203,32.081543,2.1030726,-0.2055819,301.84146,-59.464905
1.5-473-550,0.01836734691,0.03673469382,0.9671530515086588,-0.0008696541017,1.5,473.0,550.0,473.00003,0.31043667,649.85333,471.55112,-1.4489136,0.45447162,0.14403495,591.74756,-58.105774
1.5-473-550,0.2963855422,0.5927710844,0.9215172744995802,-0.0008286188792,1.5,473.0,550.0,868.9574,1.5767221,67.95676,854.08057,-14.876831,1.350098,-0.22662413,202.78174,134.82498
1.5-473-550,0.03469387754,0.06938775508,0.9999999997775775,0.0008991897406,1.5,473.0,550.0,473.00003,-5.322157e-09,649.85333,500.41873,27.418701,0.38470286,0.38470286,552.16315,-97.690186
1.5-473-550,0.07959183676,0.15918367352,0.47796385156444166,0.0004297801918,1.5,473.0,550.0,473.00003,1.1136158,649.85333,524.68677,51.686737,1.0310332,-0.08258259,580.53143,-69.3219
1.5-473-550,0.3987951808,0.7975903616,0.16340484097302546,-0.0001469319566,1.5,473.0,550.0,622.61646,2.142971,455.73877,689.3954,66.77893,1.7871095,-0.35586154,376.3999,-79.33887
1.5-473-550,0.1746987951,0.3493975902,0.09831793589120096,8.840647929e-05,1.5,473.0,550.0,497.21048,1.152376,625.833,585.54694,88.33646,1.1785583,0.026182294,521.3727,-104.46033
1.5-473-550,0.2192771084,0.4385542168,0.9945113832197316,-0.0008942544329,1.5,473.0,550.0,1276.7164,0.13324434,40.04416,885.919,-390.79742,0.80927736,0.676033,196.07689,156.03273
1.5-473-550,0.3445783133,0.6891566266,0.9442484491033019,-0.0008490585182,1.5,473.0,550.0,912.89606,1.539515,62.438477,876.08606,-36.809998,1.3611691,-0.17834592,168.21709,105.77861
1.5-473-550,0.1602409638,0.3204819276,0.29146971579860803,-0.0002620865782,1.5,473.0,550.0,493.1642,1.1144218,629.92786,572.7439,79.57968,1.1269925,0.01257062,538.71075,-91.2171
1.5-473-550,0.2397590361,0.4795180722,0.22784103833049427,-0.0002048723242,1.5,473.0,550.0,518.7336,1.3689473,603.1783,609.90796,91.17438,1.2608685,-0.10807872,497.7009,-105.47739
1.5-473-550,0.4326530612,0.8653061224,0.9071317792997667,-0.0008156835895,1.5,473.0,550.0,675.84296,1.5100467,205.14185,754.3301,78.48712,1.633958,0.12391126,222.01367,16.871826
1.5-473-550,0.2734939759,0.5469879518,0.3542741439827602,-0.0003185596757,1.5,473.0,550.0,533.9874,1.4662105,586.216,623.93896,89.95154,1.4182241,-0.04798639,470.29053,-115.925476
1.5-473-550,0.1120481927,0.2240963854,0.9956514833048237,0.0008952795992,1.5,473.0,550.0,651.52454,0.19377202,385.6266,640.1595,-11.365051,0.57050663,0.3767346,400.57947,14.952881
1.5-473-550,0.4367346939,0.8734693878,0.8902853188558087,-0.0008005354251,1.5,473.0,550.0,670.2821,1.5085559,254.31981,741.5589,71.276794,1.703124,0.19456816,229.92465,-24.395157
1.5-473-550,0.3072289157,0.6144578314,0.9671530515086588,-0.0008696541017,1.5,473.0,550.0,1017.6151,1.0123445,53.19162,920.9422,-96.67291,1.157729,0.14538455,151.62604,98.43442
1.5-473-550,0.1096385542,0.2192771084,0.8705746216627653,0.0007828117684,1.5,473.0,550.0,485.06097,0.82291216,638.1283,544.9191,59.858154,0.90795094,0.08503878,499.32718,-138.80112
1.5-473-550,0.1795180723,0.3590361446,0.9999999997775775,-0.0008991897406,1.5,473.0,550.0,1011.46405,-5.322157e-09,53.642334,811.01636,-200.4477,0.6960591,0.6960591,255.38678,201.74445
1.5-473-550,0.3108433735,0.621686747,0.47796385156444166,0.0004297801918,1.5,473.0,550.0,580.1475,1.6469183,522.8342,642.6735,62.526,1.6734246,0.026506305,420.85052,-101.9837
1.5-473-550,0.2120481927,0.4240963854,0.9337895728803226,-0.000839654004,1.5,473.0,550.0,964.09845,1.2474725,57.597046,784.31055,-179.7879,1.059913,-0.18755949,278.9039,221.30685
1.5-473-550,0.02040816324,0.04081632648,0.9999999997775775,-0.0008991897406,1.5,473.0,550.0,473.00003,-5.322157e-09,649.85333,484.21246,11.212433,0.35358775,0.35358775,575.7289,-74.12445
1.5-473-550,0.1771084337,0.3542168674,0.9215172744995802,-0.0008286188792,1.5,473.0,550.0,604.90454,0.99131495,485.21527,705.6655,100.76099,0.99623764,0.004922688,347.3692,-137.84607
1.5-473-550,0.3457831326,0.6915662652,0.9531521909241071,0.0008570646715,1.5,473.0,550.0,937.7246,1.4237193,59.87558,886.82214,-50.902466,1.3164812,-0.107238054,160.7836,100.90802
1.5-473-550,0.134939759,0.269879518,0.998978267368595,0.0008982710093,1.5,473.0,550.0,768.7081,0.04076248,87.89551,699.457,-69.25116,0.6062015,0.56543905,347.588,259.6925
1.5-473-550,0.2686746988,0.5373493976,0.9980223152919674,-0.000897411427,1.5,473.0,550.0,1203.4329,0.055948254,42.923096,957.1331,-246.29974,0.8934389,0.8374906,136.91637,93.99327
1.5-473-550,0.01428571426,0.02857142852,0.7098470004029654,0.0006382871403,1.5,473.0,550.0,473.00003,1.0262327,649.85333,473.05786,0.05783081,0.8532578,-0.17297494,622.38153,-27.471802
1.5-473-550,0.2987951807,0.5975903614,0.993141646395439,-0.0008930227796,1.5,473.0,550.0,1152.4613,0.22267246,45.23764,962.4162,-190.0451,0.98531055,0.7626381,126.14194,80.9043
1.5-473-550,0.1313253012,0.2626506024,0.8475322498919685,0.0007620923041,1.5,473.0,550.0,503.2272,0.91140467,619.7441,566.2679,63.04068,1.0093791,0.09797448,480.4901,-139.25397
1.5-473-550,0.1975903614,0.3951807228,0.9965972946963587,0.0008961300631,1.5,473.0,550.0,1172.2664,0.08246451,44.305023,846.4975,-325.76886,0.7516316,0.6691671,227.3696,183.06458
1.5-473-550,0.1469879518,0.2939759036,0.9999999997775775,-0.0008991897406,1.5,473.0,550.0,827.7535,-5.322157e-09,74.392715,730.9783,-96.77521,0.6273377,0.6273377,320.71417,246.32146
1.5-473-550,0.2361445783,0.4722891566,0.9337895728803226,0.000839654004,1.5,473.0,550.0,949.9562,1.2990049,58.8201,820.9462,-129.00995,1.1298621,-0.16914284,246.03448,187.21439
1.5-473-550,0.3024096386,0.6048192772,0.9980223152919674,0.000897411427,1.5,473.0,550.0,1171.9628,0.063187174,44.31888,970.9227,-201.04004,0.96109927,0.8979121,119.516785,75.19791
1.5-473-550,0.2710843374,0.5421686748,0.4163512326852384,0.000374378757,1.5,473.0,550.0,538.07196,1.4664955,581.6229,619.01483,80.94287,1.4584284,-0.008067131,467.24243,-114.38049
1.5-473-550,0.1867469879,0.3734939758,0.9993254186825348,-0.0008985831642,1.5,473.0,550.0,1071.9309,0.014564985,49.596436,826.7601,-245.17084,0.7146784,0.7001134,242.89696,193.30052
1.5-473-550,0.3048192771,0.6096385542,0.9215172744995802,0.0008286188792,1.5,473.0,550.0,868.39215,1.6010792,68.02722,855.95233,-12.439819,1.3729514,-0.22812784,198.07654,130.04932
1.5-473-550,0.05510204082,0.11020408164,0.22784103821928303,0.0002048723241,1.5,473.0,550.0,473.00003,1.1904867,649.85333,571.8343,98.83426,1.0725616,-0.11792505,541.8641,-107.98926
1.5-473-550,0.3385542169,0.6771084338,0.9945113832197316,-0.0008942544329,1.5,473.0,550.0,1128.8893,0.20569193,46.404358,951.31903,-177.57025,1.0516224,0.84593046,122.27553,75.87117
1.5-473-550,0.265060241,0.530120482,0.9442484491033019,0.0008490585182,1.5,473.0,550.0,957.1903,1.2733581,58.096222,867.8983,-89.29199,1.1676939,-0.10566425,202.95547,144.85925
1.5-473-550,0.4489795918,0.8979591836,0.47796385156444166,0.0004297801918,1.5,473.0,550.0,654.5472,1.9316977,373.5831,704.7962,50.249023,2.1676164,0.23591864,311.12762,-62.455475
1.5-473-550,0.2506024096,0.5012048192,0.8206166047262803,-0.0007378900321,1.5,473.0,550.0,644.6664,1.5384914,404.37433,713.1205,68.4541,1.4688998,-0.06959152,334.54816,-69.82617
1.5-473-550,0.3469879518,0.6939759036,0.8705746216627653,0.0007828117684,1.5,473.0,550.0,769.2504,1.959337,88.38074,794.1304,24.879944,1.6681631,-0.29117393,224.39388,136.01314
1.5-473-550,0.4306122449,0.8612244898,0.9811301446957078,-0.0008822221605,1.5,473.0,550.0,682.83746,0.926819,160.7626,806.94464,124.10718,1.235367,0.3085479,192.7728,32.010193
1.5-473-550,0.4163265306,0.8326530612,0.03282169735804886,2.951293354e-05,1.5,473.0,550.0,632.21674,2.198123,436.79987,676.95703,44.740295,1.7969245,-0.4011985,374.76776,-62.032104
1.5-473-550,0.2180722892,0.4361445784,0.9956514833048237,-0.0008952795992,1.5,473.0,550.0,1279.2686,0.10580175,39.95868,885.6119,-393.65668,0.8005599,0.6947581,196.35223,156.39355
1.5-473-550,0.2397590361,0.4795180722,0.999825745120423,0.0008990330526,1.5,473.0,550.0,1255.0383,0.0025851077,40.844086,927.9809,-327.05743,0.8229735,0.8203884,162.52527,121.68118
1.5-473-550,0.1096385542,0.2192771084,0.4163512326852384,0.000374378757,1.5,473.0,550.0,473.53574,1.0960907,649.34796,540.69556,67.15982,1.0689095,-0.027181149,567.0484,-82.29956
1.5-473-550,0.4428571429,0.8857142858,0.9999999997775775,-0.0008991897406,1.5,473.0,550.0,667.56244,-5.322157e-09,279.71927,800.39655,132.8341,1.1062447,1.1062447,199.07321,-80.64606
1.5-473-550,0.2506024096,0.5012048192,0.9895407848051817,-0.0008897849218,1.5,473.0,550.0,1184.6803,0.2892927,43.737274,924.5771,-260.1032,0.90492314,0.61563045,163.68393,119.946655
1.5-473-550,0.2445783133,0.4891566266,0.9999999997775775,0.0008991897406,1.5,473.0,550.0,1243.8347,-5.322157e-09,41.289886,934.9132,-308.9215,0.83192056,0.83192056,156.84239,115.552505
1.5-473-550,0.3590361446,0.7180722892,0.9726063657286781,-0.0008745576659,1.5,473.0,550.0,998.6696,1.0644131,54.588837,901.28125,-97.38837,1.2275923,0.16317928,147.48482,92.89598
1.5-473-550,0.156626506,0.313253012,0.9772248215579286,0.000878710534,1.5,473.0,550.0,700.8741,0.63530654,133.0763,725.8375,24.96344,0.74696475,0.111658216,326.48563,193.40933
1.5-473-550,0.351807229,0.703614458,0.3542741437603377,0.0003185596755,1.5,473.0,550.0,595.83905,1.8207104,499.3492,671.041,75.201965,1.7289099,-0.09180057,400.91635,-98.43286
1.5-473-550,0.1409638554,0.2819277108,0.9215172744995802,0.0008286188792,1.5,473.0,550.0,535.17255,0.8483129,584.89813,633.7466,98.574036,0.8901244,0.041811466,410.64996,-174.24817
1.5-473-550,0.4673469388,0.9346938776,0.9442484491033019,0.0008490585182,1.5,473.0,550.0,659.2798,1.2309861,354.47745,730.2202,70.94043,1.4225161,0.19152999,239.28426,-115.19319
1.5-473-550,0.3746987952,0.7493975904,0.47796385156444166,-0.0004297801918,1.5,473.0,550.0,624.847,2.0041347,451.5008,677.17426,52.32727,1.9367167,-0.06741798,363.1586,-88.34219
1.5-473-550,0.1542168674,0.3084337348,0.8705746216627653,-0.0007828117684,1.5,473.0,550.0,530.6597,0.9532449,589.9164,617.8941,87.234375,1.0442824,0.09103751,429.55832,-160.35806
1.5-473-550,0.3096385542,0.6192771084,0.16340484097302546,-0.0001469319566,1.5,473.0,550.0,542.5155,1.5702838,576.5008,643.89557,101.380066,1.4431666,-0.12711716,451.89694,-124.60385
1.5-473-550,0.3783132531,0.7566265062,0.9337895728803226,-0.000839654004,1.5,473.0,550.0,873.3126,1.8332999,67.2663,835.666,-37.646606,1.4733417,-0.35995817,182.57774,115.31145
1.5-473-550,0.05102040816,0.10204081632,0.7892004020960466,-0.000709640905,1.5,473.0,550.0,473.00003,0.9053797,649.85333,469.87955,-3.1204834,0.8591829,-0.04619682,597.684,-52.16931
1.5-473-550,0.2120481928,0.4240963856,0.6021818746711394,0.0005414757638,1.5,473.0,550.0,528.30994,1.2896246,592.52936,579.4215,51.111572,1.3741741,0.084549546,491.49835,-101.031006
1.5-473-550,0.02653061223,0.05306122446,0.9071317792997667,0.0008156835895,1.5,473.0,550.0,473.00003,0.65479314,649.85333,464.80478,-8.195251,0.62380606,-0.030987084,599.28284,-50.570496
1.5-473-550,0.4653061225,0.930612245,0.5396442233296441,-0.0004852425493,1.5,473.0,550.0,656.79126,1.8345379,364.5236,702.15784,45.366577,2.2076097,0.3730718,298.26398,-66.25961
1.5-473-550,0.4367346939,0.8734693878,0.9442484491033019,0.0008490585182,1.5,473.0,550.0,671.78827,1.2975627,240.8234,771.04224,99.25397,1.451727,0.15416431,212.06322,-28.760178
1.5-473-550,0.1710843373,0.3421686746,0.6021818746711394,0.0005414757638,1.5,473.0,550.0,508.19156,1.1038713,614.7145,546.4204,38.22885,1.236126,0.1322546,531.1055,-83.60895
1.5-473-550,0.2975903615,0.595180723,0.960723235489121,-0.0008638724771,1.5,473.0,550.0,995.39636,1.1256753,54.857758,910.1628,-85.23358,1.1703825,0.04470718,162.23343,107.37567
1.5-473-550,0.234939759,0.469879518,0.9996041060258503,0.000898833757,1.5,473.0,550.0,1267.7272,0.0082522575,40.375885,920.499,-347.22815,0.81425035,0.8059981,168.58961,128.21373
1.5-473-550,0.1192771084,0.2385542168,0.998978267368595,0.0008982710093,1.5,473.0,550.0,705.5755,0.057419177,120.90143,660.8467,-44.72882,0.5725607,0.51514155,381.62338,260.72195
1.5-473-550,0.2662650602,0.5325301204,0.5396442233296441,0.0004852425493,1.5,473.0,550.0,552.24927,1.4744126,564.231,614.90125,62.651978,1.543826,0.06941342,451.64673,-112.58429
1.5-473-550,0.08775510207,0.17551020414,0.8475322498919685,0.0007620923041,1.5,473.0,550.0,473.00003,0.83296996,649.85333,507.1322,34.13217,0.88228416,0.0493142,541.7866,-108.06671
1.5-473-550,0.3313253012,0.6626506024,0.9996041061370615,-0.0008988337571,1.5,473.0,550.0,1159.0151,0.011662358,44.91455,964.44946,-194.56567,1.0043166,0.9926542,115.99855,71.084
1.5-473-550,0.1578313253,0.3156626506,0.9872047710533666,-0.0008876844022,1.5,473.0,550.0,793.82184,0.36262876,81.188126,741.2693,-52.55255,0.7079394,0.34531063,312.92734,231.73921
1.5-473-550,0.1518072289,0.3036144578,0.7525573838264147,0.0006766918789,1.5,473.0,550.0,507.94592,1.0150895,614.96564,553.9537,46.00775,1.1656524,0.15056288,503.49786,-111.46777
1.5-473-550,0.3722891567,0.7445783134,0.9811301448069191,0.0008822221606,1.5,473.0,550.0,1028.9341,0.8220084,52.378082,897.2508,-131.68329,1.1936365,0.37162817,146.63228,94.254196
1.5-473-550,0.256626506,0.513253012,0.9442484491033019,0.0008490585182,1.5,473.0,550.0,962.1378,1.2577599,57.651733,859.9895,-102.148315,1.1448271,-0.1129328,211.12842,153.47668
1.5-473-550,0.1662650602,0.3325301204,0.9844268823757469,0.0008851865532,1.5,473.0,550.0,824.95306,0.39934593,74.81044,757.76697,-67.1861,0.73936695,0.340021,299.47607,224.66563
1.5-473-550,0.2421686747,0.4843373494,0.8902853188558087,-0.0008005354251,1.5,473.0,550.0,761.78467,1.5304949,93.096725,773.7164,11.931702,1.2918597,-0.23863518,283.73834,190.64162
1.5-473-550,0.1120481927,0.2240963854,0.8902853187445975,0.000800535425,1.5,473.0,550.0,490.7783,0.8013383,632.3424,558.8995,68.121185,0.87852144,0.07718313,483.62292,-148.71948
1.5-473-550,0.2084337349,0.4168674698,0.9998257452316341,0.0008990330527,1.5,473.0,550.0,1280.2102,0.0023933,40.016174,874.0543,-406.15588,0.7576802,0.7552869,205.53543,165.51926
1.5-473-550,0.05714285715,0.1142857143,0.6600967573005477,0.0005935522321,1.5,473.0,550.0,473.00003,1.0224496,649.85333,483.99954,10.999512,0.9585291,-0.0639205,601.54504,-48.30829
1.5-473-550,0.373493976,0.746987952,0.03282169734692774,-2.951293353e-05,1.5,473.0,550.0,599.9712,1.9227828,493.32993,656.80493,56.83374,1.6380063,-0.28477645,410.64078,-82.68915
1.5-473-550,0.4775510204,0.9551020408,0.8206166047262803,-0.0007378900321,1.5,473.0,550.0,657.861,1.5790851,360.20493,692.2127,34.351685,1.887679,0.30859387,265.35214,-94.85278
1.5-473-550,0.2662650602,0.5325301204,0.9895407848051817,-0.0008897849218,1.5,473.0,550.0,1168.0911,0.30055952,44.49597,940.5394,-227.55164,0.9390699,0.6385104,149.23044,104.73447
1.5-473-550,0.2771084337,0.5542168674,0.7525573838264147,0.0006766918789,1.5,473.0,550.0,629.0635,1.6158129,442.53378,685.4415,56.37805,1.642546,0.02673316,352.5342,-89.99957
1.5-473-550,0.1710843373,0.3421686746,0.3542741439827602,-0.0003185596757,1.5,473.0,550.0,498.9769,1.132254,624.0454,568.5489,69.57199,1.1500163,0.017762303,539.33215,-84.71326
1.5-473-550,0.1156626505,0.231325301,0.4163512326852384,0.000374378757,1.5,473.0,550.0,475.2198,1.0831152,647.75934,541.71356,66.493774,1.0762414,-0.006873846,565.5514,-82.20795
1.5-473-550,0.2963855422,0.5927710844,0.47796385156444166,-0.0004297801918,1.5,473.0,550.0,567.6155,1.5816742,543.09125,633.5878,65.97235,1.6133178,0.03164363,434.73343,-108.35782
1.5-473-550,0.1325301204,0.2650602408,0.9996041061370615,-0.0008988337571,1.5,473.0,550.0,763.4892,0.01442408,89.52988,694.1836,-69.3056,0.5983187,0.5838946,352.1245,262.59464
1.5-473-550,0.4795918368,0.9591836736,0.9895407848051817,-0.0008897849218,1.5,473.0,550.0,658.12976,0.54730684,359.12015,732.35034,74.22058,1.141798,0.5944912,245.81932,-113.30083
1.5-473-550,0.09591836738,0.19183673476,0.03282169735804886,2.951293354e-05,1.5,473.0,550.0,473.00003,1.188793,649.85333,575.2697,102.269684,1.1721852,-0.016607761,525.92896,-123.92438
1.5-473-550,0.4530612245,0.906122449,0.998978267368595,0.0008982710093,1.5,473.0,550.0,662.69574,0.05297267,325.95764,781.24915,118.553406,1.1085067,1.055534,211.5556,-114.40204
1.5-473-550,0.3277108434,0.6554216868,0.8475322498919685,-0.0007620923041,1.5,473.0,550.0,719.6091,1.8966588,114.424774,776.1081,56.499023,1.6806848,-0.21597397,247.87381,133.44904
1.5-473-550,0.1397590361,0.2795180722,0.47796385156444166,-0.0004297801918,1.5,473.0,550.0,487.21622,1.0664574,635.9472,537.5268,50.310577,1.122113,0.0556556,561.2875,-74.65973
1.5-473-550,0.09387755105,0.1877551021,0.9945113832197316,-0.0008942544329,1.5,473.0,550.0,473.00003,0.05601501,649.85333,598.2943,125.29428,0.53494245,0.47892743,440.5613,-209.29202
1.5-473-550,0.4428571429,0.8857142858,0.9965972946963587,0.0008961300631,1.5,473.0,550.0,667.55853,0.20470941,279.75653,797.77234,130.2138,1.1297487,0.9250393,200.22803,-79.5285
1.5-473-550,0.0,0.0,0.9338316098368012,-0.0008396918032,1.5,473.0,550.0,473.00003,0.90842825,649.85333,454.20627,-18.793762,0.50234246,-0.4060858,623.6451,-26.208252
1.5-473-550,0.3385542169,0.6771084338,0.9996041060258503,-0.000898833757,1.5,473.0,550.0,1152.9153,0.012027377,45.21527,959.27374,-193.64154,1.0168344,1.004807,117.36856,72.15329
1.5-473-550,0.373493976,0.746987952,0.9980223152919674,0.000897411427,1.5,473.0,550.0,1113.9855,0.08646452,47.200714,917.88135,-196.10413,1.0808799,0.9944154,134.45671,87.256
1.5-473-550,0.3831325302,0.7662650604,0.9895407848051817,-0.0008897849218,1.5,473.0,550.0,1061.3025,0.50442696,50.245758,892.97144,-168.33105,1.1513934,0.64696646,147.1718,96.92604
1.5-473-550,0.2180722891,0.4361445782,0.29146971579860803,-0.0002620865782,1.5,473.0,550.0,514.61926,1.3162699,607.7534,596.3347,81.715454,1.226831,-0.089438915,511.3564,-96.397
1.5-473-550,0.3783132531,0.7566265062,0.9993254186825348,0.0008985831642,1.5,473.0,550.0,1115.8068,0.02790081,47.103394,912.64484,-203.16193,1.0776631,1.0497622,136.72598,89.62259
1.5-473-550,0.4693877551,0.9387755102,0.09831793589120096,8.840647929e-05,1.5,473.0,550.0,653.90155,2.0095296,376.18936,711.4507,57.549133,2.0067048,-0.0028247833,325.21817,-50.97119
1.5-473-550,0.3,0.6,0.6021818746711394,0.0005414757638,1.5,473.0,550.0,598.47876,1.6480778,495.16,644.53296,46.0542,1.7277181,0.07964027,399.16885,-95.99115
1.5-473-550,0.004081632618,0.008163265236,0.4163512323516047,-0.0003743787567,1.5,473.0,550.0,473.00003,1.0403758,649.85333,553.2045,80.2045,0.9772644,-0.063111424,570.16516,-79.68817
1.5-473-550,0.3457831326,0.6915662652,0.998978267368595,0.0008982710093,1.5,473.0,550.0,1144.0537,0.036936935,45.65213,952.0574,-191.99634,1.0332491,0.9963122,120.00711,74.35498
1.5-473-550,0.4775510204,0.9551020408,0.6600967573005477,0.0005935522321,1.5,473.0,550.0,657.35223,1.7540246,362.2591,691.6401,34.28784,2.164196,0.4101714,284.5536,-77.705505
1.5-473-550,0.4571428571,0.9142857142,0.9973789933391554,0.0008968329585,1.5,473.0,550.0,661.49677,0.14141738,337.3493,773.01825,111.521484,1.1165321,0.9751147,216.9218,-120.427505
1.5-473-550,0.1024096385,0.204819277,0.9895407848051817,-0.0008897849218,1.5,473.0,550.0,570.0229,0.20687795,538.5884,612.41736,42.39447,0.5729447,0.36606675,426.78043,-111.80795
1.5-473-550,0.365060241,0.730120482,0.9931416465066502,-0.0008930227797,1.5,473.0,550.0,1097.3046,0.2938618,48.104675,922.39484,-174.90973,1.1033499,0.8094881,133.37593,85.271255
1.5-473-550,0.2807228916,0.5614457832,0.9844268823757469,0.0008851865532,1.5,473.0,550.0,1127.0931,0.4680906,46.500305,941.9103,-185.18286,1.0003551,0.53226453,144.94884,98.44853
1.5-473-550,0.3373493976,0.6746987952,0.998978267368595,-0.0008982710093,1.5,473.0,550.0,1151.0592,0.035560306,45.306763,959.22473,-191.83447,1.0190953,0.983535,117.70125,72.394485
1.5-473-550,0.02040816324,0.04081632648,0.9531521908128958,-0.0008570646714,1.5,473.0,550.0,473.00003,0.42555636,649.85333,469.55148,-3.4485474,0.49873513,0.07317877,593.6821,-56.171204
1.5-473-550,0.256626506,0.513253012,0.7525573838264147,-0.0006766918789,1.5,473.0,550.0,613.9668,1.5255095,470.3185,669.78864,55.82184,1.5607783,0.035268784,374.8455,-95.47302
1.5-473-550,0.3421686747,0.6843373494,0.8206166047262803,0.0007378900321,1.5,473.0,550.0,688.8329,1.9628069,175.8064,753.49963,64.66675,1.783225,-0.17958188,259.06155,83.25516
1.5-473-550,0.07755102043,0.15510204086,0.5396442233296441,0.0004852425493,1.5,473.0,550.0,473.00003,1.0895922,649.85333,510.56998,37.569946,1.0219756,-0.06761658,587.82263,-62.0307
1.5-473-550,0.2831325301,0.5662650602,0.960723235489121,0.0008638724771,1.5,473.0,550.0,1007.0578,1.0781202,53.9588,905.06213,-101.99567,1.1356417,0.057521462,170.40521,116.44641
1.5-473-550,0.4428571429,0.8857142858,0.3542741437603377,0.0003185596755,1.5,473.0,550.0,647.917,2.0304193,397.6933,712.8911,64.97412,2.0806036,0.05018425,324.78717,-72.90613
1.5-473-550,0.1108433734,0.2216867468,0.9980223152919674,-0.000897411427,1.5,473.0,550.0,666.38513,0.10591208,290.9049,639.7246,-26.660522,0.55827355,0.45236146,400.94357,110.038666
1.5-473-550,0.3674698796,0.7349397592,0.4163512326852384,0.000374378757,1.5,473.0,550.0,613.9484,1.9362301,470.94324,676.67554,62.72711,1.8523165,-0.083913565,379.08603,-91.85721
1.5-473-550,0.2722891566,0.5445783132,0.9999999997775775,0.0008991897406,1.5,473.0,550.0,1207.2859,-5.322157e-09,42.776917,963.3251,-243.96082,0.8885614,0.8885614,131.83249,89.05557
1.5-473-550,0.2506024096,0.5012048192,0.3542741437603377,0.0003185596755,1.5,473.0,550.0,525.06726,1.4017063,596.1353,609.90344,84.83618,1.3424282,-0.05927813,488.7333,-107.40201
1.5-473-550,0.2084337349,0.4168674698,0.9071317792997667,0.0008156835895,1.5,473.0,550.0,792.2076,1.3552933,84.558685,745.8783,-46.329285,1.1346649,-0.22062838,312.21194,227.65326
1.5-473-550,0.09795918369,0.19591836738,0.9915009045886125,-0.0008915474414,1.5,473.0,550.0,473.00342,0.08706724,649.8501,604.4507,131.44727,0.5555083,0.46844107,434.48776,-215.36234
1.5-473-550,0.4551020408,0.9102040816,0.9071317792997667,0.0008156835895,1.5,473.0,550.0,661.3654,1.3873861,338.59732,729.8525,68.48706,1.6180683,0.23068225,236.77806,-101.81926
1.5-473-550,0.1590361445,0.318072289,0.9215172744995802,-0.0008286188792,1.5,473.0,550.0,563.7693,0.91042644,549.3568,669.9315,106.16223,0.9426451,0.032218635,378.52667,-170.83014
1.5-473-550,0.308433735,0.61686747,0.6600967573005477,-0.0005935522321,1.5,473.0,550.0,618.8422,1.7142726,462.1008,662.7841,43.941895,1.7856729,0.071400285,368.87115,-93.229645
1.5-473-550,0.2048192771,0.4096385542,0.2914697156873968,0.0002620865781,1.5,473.0,550.0,510.58188,1.2688735,612.2351,589.9913,79.40939,1.1989683,-0.06990516,518.823,-93.41211
1.5-473-550,0.2638554217,0.5277108434,0.993141646395439,0.0008930227796,1.5,473.0,550.0,1187.1006,0.1960538,43.626587,944.58105,-242.51953,0.9127675,0.7167137,146.80301,103.17642
1.5-473-550,0.2265060241,0.4530120482,0.3542741437603377,0.0003185596755,1.5,473.0,550.0,518.5925,1.33667,603.33514,595.77216,77.17963,1.2723392,-0.064330816,506.54483,-96.79031
1.5-473-550,0.3506024097,0.7012048194,0.9337895728803226,0.000839654004,1.5,473.0,550.0,884.2805,1.6769025,65.82898,859.2808,-24.999695,1.4256022,-0.25130033,177.03589,111.20691
1.5-473-550,0.3855421687,0.7710843374,0.9980223152919674,-0.000897411427,1.5,473.0,550.0,1101.9207,0.09451216,47.845367,899.9143,-202.00635,1.0952058,1.0006937,142.99161,95.14624
1.5-473-550,0.4061224489,0.8122448978,0.9956514833048237,0.0008952795992,1.5,473.0,550.0,812.35254,0.29130894,77.30072,862.92975,50.57721,1.1299502,0.8386412,162.03,84.72928
1.5-473-550,0.169879518,0.339759036,0.03282169735804886,2.951293354e-05,1.5,473.0,550.0,495.09207,1.1417667,627.97687,581.76495,86.67288,1.2022848,0.060518146,520.2439,-107.73297
1.5-473-550,0.134939759,0.269879518,0.9772248215579286,-0.000878710534,1.5,473.0,550.0,611.19,0.6212417,475.43994,674.72394,63.533936,0.69512284,0.07388115,370.2607,-105.17923
1.5-473-550,0.1373493975,0.274698795,0.9895407848051817,0.0008897849218,1.5,473.0,550.0,699.3965,0.41723818,127.776764,694.29456,-5.1019287,0.6516688,0.23443061,352.53128,224.75452
1.5-473-550,0.05510204082,0.11020408164,0.9726063657286781,0.0008745576659,1.5,473.0,550.0,473.00003,0.28639454,649.85333,514.241,41.240997,0.5222312,0.23583668,531.3206,-118.532715
1.5-473-550,0.3289156627,0.6578313254,0.9985491866279087,-0.0008978851843,1.5,473.0,550.0,1156.1915,0.049967583,45.05374,964.2213,-191.97021,1.0072486,0.95728105,116.768555,71.71481
1.5-473-550,0.3566265061,0.7132530122,0.9965972946963587,-0.0008961300631,1.5,473.0,550.0,1122.216,0.13814414,46.760925,937.3143,-184.90167,1.0669883,0.9288442,126.35989,79.59897
1.5-473-550,0.04285714285,0.0857142857,0.7098470004029654,0.0006382871403,1.5,473.0,550.0,473.00003,0.9773706,649.85333,473.82422,0.82418823,0.90560186,-0.07176876,608.8942,-40.959106
1.5-473-550,0.2228915662,0.4457831324,0.8206166047262803,-0.0007378900321,1.5,473.0,550.0,613.3788,1.3897958,470.83035,682.67206,69.293274,1.3647181,-0.0250777,368.77893,-102.05142
1.5-473-550,0.2638554217,0.5277108434,0.9956514833048237,0.0008952795992,1.5,473.0,550.0,1198.2634,0.123835854,43.14279,948.9096,-249.35382,0.89782685,0.773991,143.6963,100.55351
1.5-473-550,0.4224489796,0.8448979592,0.9872047710533666,0.0008876844022,1.5,473.0,550.0,704.6914,0.8231495,121.77489,826.12146,121.43005,1.1948583,0.3717088,182.04729,60.2724
1.5-473-550,0.4653061225,0.930612245,0.9215172744995802,-0.0008286188792,1.5,473.0,550.0,659.4719,1.3353894,353.70175,724.0419,64.56995,1.5388503,0.20346093,241.63385,-112.0679
1.5-473-550,0.3554216868,0.7108433736,0.29146971579860803,-0.0002620865782,1.5,473.0,550.0,593.54254,1.8288174,502.67688,674.2258,80.68329,1.6911901,-0.13762724,403.90057,-98.776306
1.5-473-550,0.4387755102,0.8775510204,0.5396442233296441,-0.0004852425493,1.5,473.0,550.0,654.4358,2.0090618,374.03275,696.2805,41.844727,2.168814,0.15975213,309.60577,-64.42697
1.5-473-550,0.1012048192,0.2024096384,0.6021818746711394,-0.0005414757638,1.5,473.0,550.0,473.00452,1.0516509,649.8491,504.6613,31.656769,1.0580465,0.0063955784,580.93463,-68.91449
1.5-473-550,0.3144578314,0.6289156628,0.9945113832197316,-0.0008942544329,1.5,473.0,550.0,1148.6597,0.18665236,45.42508,963.6332,-185.02649,1.0073535,0.8207012,121.06152,75.636444
1.5-473-550,0.1301204819,0.2602409638,0.8475322498919685,0.0007620923041,1.5,473.0,550.0,502.15744,0.90839595,620.82666,564.43665,62.279205,1.0056418,0.09724587,482.26758,-138.55908
1.5-473-550,0.2325301205,0.465060241,0.960723235489121,0.0008638724771,1.5,473.0,550.0,1094.3663,0.9081233,48.28839,854.43933,-239.927,1.0077296,0.099606335,219.81364,171.52525
1.5-473-550,0.2602409639,0.5204819278,0.9071317792997667,-0.0008156835895,1.5,473.0,550.0,837.5838,1.5409632,72.91321,813.06256,-24.52124,1.2977887,-0.24317443,246.82628,173.91307
1.5-473-550,0.2253012048,0.4506024096,0.9998257452316341,-0.0008990330527,1.5,473.0,550.0,1293.333,0.002432639,39.923004,905.3141,-388.01892,0.79292715,0.7904945,180.79506,140.87206
1.5-473-550,0.2108433734,0.4216867468,0.9973789934503665,-0.0008968329586,1.5,473.0,550.0,1284.4127,0.06382405,39.923004,874.81946,-409.59326,0.77585864,0.7120346,204.94312,165.02011
1.5-473-550,0.2168674698,0.4337349396,0.8206166047262803,0.0007378900321,1.5,473.0,550.0,601.6011,1.3504227,489.84537,675.15704,73.55597,1.342173,-0.00824976,376.69427,-113.15109
1.5-473-550,0.1072289156,0.2144578312,0.3542741439827602,-0.0003185596757,1.5,473.0,550.0,473.11523,1.1186112,649.7446,552.29254,79.17731,1.0687819,-0.049829364,559.476,-90.268616
1.5-473-550,0.3795180723,0.7590361446,0.8902853188558087,-0.0008005354251,1.5,473.0,550.0,805.3844,2.0957282,78.81558,793.96857,-11.4158325,1.6660331,-0.429695,209.93318,131.1176
1.5-473-550,0.3493975904,0.6987951808,0.9442484491033019,0.0008490585182,1.5,473.0,550.0,910.1562,1.5619131,62.746246,872.89526,-37.260925,1.3707368,-0.1911763,168.53809,105.79184
1.5-473-550,0.2385542169,0.4771084338,0.9985491866279087,0.0008978851843,1.5,473.0,550.0,1253.0758,0.036297675,40.916504,924.05597,-329.01984,0.82784367,0.791546,165.58528,124.66878
1.5-473-550,0.3506024097,0.7012048194,0.22784103821928303,0.0002048723241,1.5,473.0,550.0,584.4427,1.7866232,515.17346,670.1321,85.68939,1.6266322,-0.15999103,413.52554,-101.64792
1.5-473-550,0.03265306121,0.06530612242,0.998978267368595,0.0008982710093,1.5,473.0,550.0,473.00003,0.009083087,649.85333,497.43176,24.431732,0.38386983,0.37478673,556.1685,-93.684814
1.5-473-550,0.134939759,0.269879518,0.16340484097302546,-0.0001469319566,1.5,473.0,550.0,480.93945,1.0985649,642.2993,577.4937,96.55426,1.1278344,0.029269576,533.1191,-109.18024
1.5-473-550,0.2024096385,0.404819277,0.6021818746711394,-0.0005414757638,1.5,473.0,550.0,524.28186,1.2430588,597.00854,571.4881,47.206238,1.3395959,0.09653711,501.30038,-95.70816
1.5-473-550,0.04081632652,0.08163265304,0.9772248215579286,-0.000878710534,1.5,473.0,550.0,473.00003,0.22864002,649.85333,497.6629,24.662872,0.47483543,0.2461954,553.2644,-96.58893
1.5-473-550,0.3289156627,0.6578313254,0.9915009044774012,-0.0008915474413,1.5,473.0,550.0,1122.6659,0.30639672,46.736908,952.9608,-169.70508,1.054361,0.74796426,123.86998,77.13307
1.5-473-550,0.1590361445,0.318072289,0.9531521909241071,-0.0008570646715,1.5,473.0,550.0,608.5394,0.8375965,479.49112,703.01556,94.476135,0.8437342,0.0061377287,347.50864,-131.98248
1.5-473-550,0.07755102043,0.15510204086,0.9996041060258503,0.000898833757,1.5,473.0,550.0,473.00003,0.0032614416,649.85333,569.0096,96.00955,0.47965556,0.47639412,470.67368,-179.17966
1.5-473-550,0.1795180723,0.3590361446,0.47796385156444166,0.0004297801918,1.5,473.0,550.0,506.31204,1.1456767,616.6222,556.83746,50.52542,1.2107816,0.06510484,537.665,-78.957214
1.5-473-550,0.4020408163,0.8040816326,0.9980223154031785,-0.0008974114271,1.5,473.0,550.0,891.42334,0.11957305,65.220825,872.62054,-18.802795,1.1103927,0.99081963,156.89047,91.66965
1.5-473-550,0.2903614458,0.5807228916,0.9531521908128958,-0.0008570646714,1.5,473.0,550.0,970.20306,1.2331434,56.90512,896.67334,-73.529724,1.191555,-0.041588426,174.13126,117.226135
1.5-473-550,0.2120481927,0.4240963854,0.8705746216627653,0.0007828117684,1.5,473.0,550.0,651.23517,1.3510425,355.5678,712.60785,61.37268,1.2384622,-0.1125803,341.8202,-13.74762
1.5-473-550,0.213253012,0.426506024,0.9337895728803226,0.000839654004,1.5,473.0,550.0,961.6206,1.2601821,57.820618,786.3298,-175.29083,1.0634196,-0.19676256,277.13495,219.31433
1.5-473-550,0.2638554217,0.5277108434,0.9999999997775775,0.0008991897406,1.5,473.0,550.0,1216.6515,-5.322157e-09,42.378662,956.48553,-260.16595,0.87145853,0.87145853,138.27753,95.898865
1.5-473-550,0.2228915662,0.4457831324,0.9999999997775775,0.0008991897406,1.5,473.0,550.0,1297.351,-5.322157e-09,39.923004,901.4438,-395.90717,0.78693134,0.78693134,183.88292,143.95992
1.5-473-550,0.2734939759,0.5469879518,0.9965972946963587,0.0008961300631,1.5,473.0,550.0,1191.4686,0.099659495,43.43158,958.2331,-233.23553,0.9120927,0.8124332,135.16074,91.72916
1.5-473-550,0.221686747,0.443373494,0.8206166047262803,-0.0007378900321,1.5,473.0,550.0,611.17126,1.3827018,474.5826,681.19196,70.02069,1.3602021,-0.02249968,370.35037,-104.23224
1.5-473-550,0.3457831326,0.6915662652,0.998978267368595,-0.0008982710093,1.5,473.0,550.0,1144.0537,0.036936935,45.65213,952.0574,-191.99634,1.0332491,0.9963122,120.00711,74.35498
1.5-473-550,0.4489795918,0.8979591836,0.9915009044774012,-0.0008915474413,1.5,473.0,550.0,664.2075,0.47824138,311.5945,783.248,119.04047,1.1614043,0.68316287,208.8965,-102.69801
1.5-473-550,0.02653061223,0.05306122446,0.9844268823757469,0.0008851865532,1.5,473.0,550.0,473.00003,0.14823031,649.85333,484.57684,11.576813,0.41955504,0.27132472,572.9284,-76.92493
1.5-473-550,0.1722891566,0.3445783132,0.9872047710533666,-0.0008876844022,1.5,473.0,550.0,887.8853,0.31177473,65.319305,775.6856,-112.19971,0.74086624,0.4290915,284.63232,219.31302
1.5-473-550,0.234939759,0.469879518,0.9945113832197316,0.0008942544329,1.5,473.0,550.0,1247.2722,0.14018267,41.138092,911.8477,-335.4245,0.8430463,0.70286363,175.13925,134.00116
1.5-473-550,0.1674698795,0.334939759,0.9965972946963587,0.0008961300631,1.5,473.0,550.0,912.58746,0.088775925,62.469788,777.2443,-135.34314,0.6868627,0.5980868,282.77194,220.30215
1.5-473-550,0.3987951807,0.7975903614,0.9985491867391199,-0.0008978851844,1.5,473.0,550.0,1089.6318,0.076271646,48.55072,878.7978,-210.83405,1.1041114,1.0278398,153.64627,105.09555
1.5-473-550,0.0755102041,0.1510204082,0.8902853187445975,0.000800535425,1.5,473.0,550.0,473.00003,0.7413546,649.85333,506.26447,33.264435,0.7783422,0.036987603,540.06433,-109.789
1.5-473-550,0.3891566266,0.7783132532,0.29146971579860803,-0.0002620865782,1.5,473.0,550.0,620.72186,2.07287,459.24695,691.673,70.95111,1.8334361,-0.23943388,373.73465,-85.5123
1.5-473-550,0.2409638554,0.4819277108,0.7098470004029654,0.0006382871403,1.5,473.0,550.0,574.9417,1.4238924,530.74286,634.0503,59.10858,1.5114318,0.087539434,417.09766,-113.6452
1.5-473-550,0.1120481927,0.2240963854,0.29146971579860803,-0.0002620865782,1.5,473.0,550.0,473.5975,1.1166359,649.2897,562.93774,89.34024,1.080629,-0.036006927,550.3078,-98.98187
1.5-473-550,0.002040816309,0.004081632618,0.9931416465066502,0.0008930227797,1.5,473.0,550.0,473.00003,0.11716067,649.85333,466.0976,-6.9024353,0.33683866,0.21967798,605.376,-44.477356
1.5-473-550,0.07346938777,0.14693877554,0.7098470004029654,-0.0006382871403,1.5,473.0,550.0,473.00003,0.9907417,649.85333,482.76645,9.766418,0.96926,-0.021481752,590.35223,-59.5011
1.5-473-550,0.1530120482,0.3060240964,0.7892004020960466,-0.000709640905,1.5,473.0,550.0,513.1069,1.0019612,609.43524,569.2932,56.18634,1.1453665,0.14340532,483.9073,-125.527954
1.5-473-550,0.4224489796,0.8448979592,0.2914697156873968,0.0002620865781,1.5,473.0,550.0,640.3365,2.2133095,418.45477,706.70496,66.36847,1.9657937,-0.2475158,345.26575,-73.189026
1.5-473-550,0.1746987951,0.3493975902,0.8206166047262803,-0.0007378900321,1.5,473.0,550.0,538.1774,1.0572574,581.48444,616.5106,78.33319,1.1886632,0.13140583,434.9958,-146.48865
1.5-473-550,0.1879518072,0.3759036144,0.7525573838264147,-0.0006766918789,1.5,473.0,550.0,535.03357,1.1426215,585.0527,597.2197,62.186157,1.292383,0.14976144,458.91348,-126.13919
1.5-473-550,0.09795918369,0.19591836738,0.9985491868503311,0.0008978851845,1.5,473.0,550.0,473.00418,0.014056677,649.8494,610.7783,137.77414,0.5281687,0.514112,428.37582,-221.4736
1.5-473-550,0.3397590362,0.6795180724,0.7525573838264147,0.0006766918789,1.5,473.0,550.0,652.89325,1.9073231,378.951,711.06714,58.17389,1.8736312,-0.033691883,299.39944,-79.551544
1.5-473-550,0.126506024,0.253012048,0.09831793589120096,8.840647929e-05,1.5,473.0,550.0,477.254,1.1061068,645.8404,577.72546,100.471466,1.1497947,0.04368794,529.1383,-116.70209
1.5-473-550,0.2156626506,0.4313253012,0.9872047710533666,-0.0008876844022,1.5,473.0,550.0,1240.8784,0.31391603,41.39151,867.5673,-373.3111,0.83944976,0.52553374,210.63472,169.24321
1.5-473-550,0.2228915662,0.4457831324,0.9965972946963587,-0.0008961300631,1.5,473.0,550.0,1284.5193,0.08263891,39.923004,895.7542,-388.76508,0.8057366,0.7230977,188.28502,148.36201
1.5-473-550,0.02857142855,0.0571428571,0.9998257452316341,-0.0008990330527,1.5,473.0,550.0,473.00003,0.0009225554,649.85333,492.9938,19.993774,0.37197578,0.37105322,562.5958,-87.25751
1.5-473-550,0.3481927711,0.6963855422,0.9993254186825348,0.0008985831642,1.5,473.0,550.0,1143.5634,0.023594433,45.67633,950.27637,-193.28699,1.0347468,1.0111524,120.51523,74.8389
1.5-473-550,0.1373493975,0.274698795,0.6021818746711394,-0.0005414757638,1.5,473.0,550.0,489.63782,1.0374303,633.4966,522.8411,33.20331,1.141173,0.10374272,558.43274,-75.06384
1.5-473-550,0.1204819277,0.2409638554,0.9215172744995802,0.0008286188792,1.5,473.0,550.0,508.52002,0.77496713,614.3592,593.8549,85.3349,0.83218473,0.057217598,447.38962,-166.96957
1.5-473-550,0.278313253,0.556626506,0.8902853187445975,0.000800535425,1.5,473.0,550.0,787.3076,1.6486908,83.63258,806.42896,19.121338,1.4087272,-0.23996365,246.03929,162.40671
1.5-473-550,0.3361445784,0.6722891568,0.993141646395439,-0.0008930227796,1.5,473.0,550.0,1124.3486,0.2549252,46.646973,950.9708,-173.3778,1.0565839,0.8016587,123.13229,76.48532
1.5-473-550,0.1807228915,0.361445783,0.2914697156873968,0.0002620865781,1.5,473.0,550.0,501.7268,1.1631461,621.2625,579.80206,78.07526,1.1560893,-0.0070568323,530.6146,-90.64789
1.5-473-550,0.1325301204,0.2650602408,0.8206166047262803,0.0007378900321,1.5,473.0,550.0,500.67365,0.9356822,622.32825,555.1538,54.480164,1.0479628,0.11228061,494.3034,-128.02484
1.5-473-550,0.330120482,0.660240964,0.999825745120423,0.0008990330526,1.5,473.0,550.0,1161.0144,0.0035483188,44.81961,965.5618,-195.45258,1.0006708,0.99712247,115.61447,70.79486
1.5-473-550,0.4326530612,0.8653061224,0.998978267368595,0.0008982710093,1.5,473.0,550.0,679.2392,0.060921427,178.7426,818.2977,139.05853,1.115109,1.0541875,187.73909,8.9964905
1.5-473-550,0.4163265306,0.8326530612,0.9965972946963587,0.0008961300631,1.5,473.0,550.0,731.1692,0.24285686,102.893936,845.8632,114.69403,1.1287007,0.8858439,171.41685,68.52292
1.5-473-550,0.1012048192,0.2024096384,0.9993254187937461,0.0008985831643,1.5,473.0,550.0,604.67267,0.012793714,483.83966,618.76874,14.096069,0.5321171,0.5193234,420.67603,-63.163635
1.5-473-550,0.2662650602,0.5325301204,0.5396442233296441,-0.0004852425493,1.5,473.0,550.0,552.2493,1.4744127,564.231,614.90125,62.651917,1.543826,0.069413304,451.64673,-112.58429
1.5-473-550,0.4489795918,0.8979591836,0.8902853187445975,0.000800535425,1.5,473.0,550.0,663.04047,1.447027,322.68286,729.5556,66.51514,1.6951332,0.24810624,236.91559,-85.76727
1.5-473-550,0.4673469388,0.9346938776,0.9973789934503665,-0.0008968329586,1.5,473.0,550.0,659.4849,0.1394726,353.64938,755.654,96.16907,1.1071186,0.967646,229.45842,-124.19096
1.5-473-550,0.3277108434,0.6554216868,0.9993254186825348,-0.0008985831642,1.5,473.0,550.0,1160.7218,0.021555895,44.832977,966.16614,-194.55566,0.9998059,0.97825,115.86183,71.028854
1.5-473-550,0.2710843374,0.5421686748,0.9895407848051817,-0.0008897849218,1.5,473.0,550.0,1162.2236,0.30577505,44.764313,944.3813,-217.84235,0.9494697,0.64369464,145.46915,100.704834
1.5-473-550,0.2012048193,0.4024096386,0.8705746216627653,0.0007828117684,1.5,473.0,550.0,613.6794,1.2305129,470.0232,696.2626,82.58319,1.2011106,-0.029402256,357.3506,-112.67261
1.5-473-550,0.1650602409,0.3301204818,0.03282169735804886,2.951293354e-05,1.5,473.0,550.0,493.15463,1.1321255,629.93756,580.9454,87.79074,1.1992737,0.06714821,521.1019,-108.83563
1.5-473-550,0.1457831325,0.291566265,0.9915009044774012,-0.0008915474413,1.5,473.0,550.0,757.3749,0.2961716,91.601715,717.2984,-40.076477,0.66227233,0.36610073,332.74786,241.14615
1.5-473-550,0.3746987952,0.7493975904,0.9844268823757469,-0.0008851865532,1.5,473.0,550.0,1043.2906,0.6993688,51.392487,898.3449,-144.94574,1.1752948,0.47592598,145.50327,94.11078
1.5-473-550,0.1,0.2,0.2279364714700268,-0.0002049581367,1.5,473.0,550.0,473.00003,1.1691684,649.85333,569.78894,96.78891,1.0892748,-0.07989359,543.1946,-106.65875
1.5-473-550,0.330120482,0.660240964,0.5396442233296441,0.0004852425493,1.5,473.0,550.0,606.3481,1.7650851,483.2378,654.8898,48.541687,1.8089765,0.04389143,388.87656,-94.36124
1.5-473-550,0.1313253012,0.2626506024,0.9811301448069191,0.0008822221606,1.5,473.0,550.0,618.9255,0.569445,462.441,670.44354,51.518066,0.67156285,0.10211784,373.80365,-88.63736
1.5-473-550,0.3060240964,0.6120481928,0.8705746216627653,-0.0007828117684,1.5,473.0,550.0,754.1275,1.7924623,94.296005,796.17566,42.048157,1.5538999,-0.23856246,242.45818,148.16217
1.5-473-550,0.1397590361,0.2795180722,0.9996041060258503,0.000898833757,1.5,473.0,550.0,793.4404,0.012526447,81.26973,712.29,-81.15045,0.6137439,0.60121745,336.54526,255.27553
1.5-473-550,0.4836734694,0.9673469388,0.7525573838264147,-0.0006766918789,1.5,473.0,550.0,657.4661,1.6704421,361.7993,686.802,29.335876,2.0328107,0.36236858,275.65106,-86.148224
1.5-473-550,0.1951807229,0.3903614458,0.7098470004029654,-0.0006382871403,1.5,473.0,550.0,533.038,1.1930372,587.2718,588.3182,55.28015,1.3320858,0.1390487,471.383,-115.888794
1.5-473-550,0.3662650603,0.7325301206,0.9215172744995802,-0.0008286188792,1.5,473.0,550.0,854.26636,1.853512,69.9827,833.9018,-20.364563,1.5130744,-0.34043765,187.89615,117.91345
1.5-473-550,0.1325301204,0.2650602408,0.9993254186825348,0.0008985831642,1.5,473.0,550.0,761.2917,0.027058357,90.25212,693.85535,-67.43634,0.59953076,0.5724724,352.4219,262.1698
1.5-473-550,0.4020408163,0.8040816326,0.9915009045886125,0.0008915474414,1.5,473.0,550.0,890.7485,0.52880466,65.29538,865.36816,-25.38031,1.1559132,0.6271086,160.75414,95.458755
1.5-473-550,0.06734693879,0.13469387758,0.8206166047262803,-0.0007378900321,1.5,473.0,550.0,473.00003,0.87491417,649.85333,481.9179,8.917877,0.86390674,-0.011007428,575.4385,-74.414856
1.5-473-550,0.1518072289,0.3036144578,0.9215172744995802,0.0008286188792,1.5,473.0,550.0,551.46454,0.8839697,565.32477,655.43787,103.97333,0.9214937,0.037523985,391.2962,-174.02856
1.5-473-550,0.4285714286,0.8571428572,0.8206166047262803,0.0007378900321,1.5,473.0,550.0,675.6347,1.9139631,206.97443,719.84894,44.214233,1.9289339,0.014970779,249.27832,42.303894
1.5-473-550,0.1638554216,0.3277108432,0.09831793590232207,-8.84064793e-05,1.5,473.0,550.0,492.86343,1.1293387,630.23224,583.2154,90.35196,1.1702479,0.04090917,523.8004,-106.43182
1.5-473-550,0.3036144579,0.6072289158,0.9985491866279087,-0.0008978851843,1.5,473.0,550.0,1173.6101,0.04573309,44.24356,971.82294,-201.78717,0.95999,0.91425693,118.60777,74.36421
1.5-473-550,0.4591836735,0.918367347,0.960723235489121,0.0008638724771,1.5,473.0,550.0,660.78906,1.1146421,344.0733,748.70123,87.91217,1.3429452,0.22830307,227.93199,-116.14131
1.5-473-550,0.4204081632,0.8408163264,0.9985491866279087,0.0008978851843,1.5,473.0,550.0,712.5233,0.09872746,114.85156,840.38995,127.86664,1.1164137,1.0176862,174.65013,59.79857
1.5-473-550,0.3361445784,0.6722891568,0.9915009044774012,-0.0008915474413,1.5,473.0,550.0,1116.3074,0.31612456,47.07666,948.4255,-167.8819,1.0674976,0.75137305,124.71959,77.64293
1.5-473-550,0.3674698796,0.7349397592,0.9726063657286781,-0.0008745576659,1.5,473.0,550.0,991.5232,1.1036887,55.153473,892.1621,-99.361084,1.2407415,0.13705277,150.78429,95.63081
1.5-473-550,0.4428571429,0.8857142858,0.9531521908128958,-0.0008570646714,1.5,473.0,550.0,666.891,1.214048,286.09836,767.9502,101.059204,1.3998834,0.18583536,214.37738,-71.72098
1.5-473-550,0.4510204082,0.9020408164,0.9726063657286781,0.0008745576659,1.5,473.0,550.0,663.2022,0.99335295,321.14548,767.57495,104.37274,1.2804925,0.2871396,216.55713,-104.58835
1.5-473-550,0.3771084338,0.7542168676,0.09831793590232207,-8.84064793e-05,1.5,473.0,550.0,604.1531,1.9524971,486.7997,670.26575,66.11267,1.6706538,-0.2818433,401.25046,-85.549255
1.5-473-550,0.4877551021,0.9755102042,0.9895407848051817,0.0008897849218,1.5,473.0,550.0,657.67993,0.54754275,360.936,720.4217,62.74176,1.1282319,0.58068913,255.90163,-105.03438
1.5-473-550,0.4612244898,0.9224489796,0.999825745120423,0.0008990330526,1.5,473.0,550.0,660.55536,0.005321259,346.2934,767.4912,106.93585,1.0966452,1.091324,221.33986,-124.95354
1.5-473-550,0.308433735,0.61686747,0.7525573838264147,0.0006766918789,1.5,473.0,550.0,643.0887,1.7594472,410.28378,702.4685,59.37982,1.7634153,0.0039681196,322.79825,-87.485535
1.5-473-550,0.330120482,0.660240964,0.5396442233296441,-0.0004852425493,1.5,473.0,550.0,606.348,1.7650852,483.2378,654.8898,48.541748,1.8089765,0.04389131,388.87656,-94.36124
1.5-473-550,0.1650602409,0.3301204818,0.9996041060258503,0.000898833757,1.5,473.0,550.0,924.06665,0.008462662,61.224823,775.56464,-148.50201,0.66747,0.6590073,283.94565,222.72083
1.5-473-550,0.3325301205,0.665060241,0.6600967573005477,0.0005935522321,1.5,473.0,550.0,630.7385,1.8280987,439.34537,673.6337,42.895203,1.8803608,0.052262187,347.4552,-91.89017
1.5-473-550,0.1325301204,0.2650602408,0.9993254186825348,-0.0008985831642,1.5,473.0,550.0,761.29175,0.027058357,90.25212,693.85535,-67.4364,0.59953076,0.5724724,352.4219,262.1698
1.5-473-550,0.3939759037,0.7879518074,0.22784103821928303,0.0002048723241,1.5,473.0,550.0,621.3068,2.1064079,458.2092,692.29596,70.989136,1.8068597,-0.29954815,375.02454,-83.18466
1.5-473-550,0.1313253012,0.2626506024,0.4163512323516047,-0.0003743787567,1.5,473.0,550.0,481.94006,1.072179,641.2867,545.2932,63.35315,1.0973914,0.025212407,560.74927,-80.537415
1.5-473-550,0.03469387754,0.06938775508,0.7892004020960466,-0.000709640905,1.5,473.0,550.0,473.00003,0.8912885,649.85333,463.6874,-9.312622,0.82294965,-0.06833887,610.87305,-38.980286
1.5-473-550,0.02653061223,0.05306122446,0.7892004020960466,-0.000709640905,1.5,473.0,550.0,473.00003,0.8915658,649.85333,461.6539,-11.34613,0.8056172,-0.08594859,616.92395,-32.929382
1.5-473-550,0.1108433734,0.2216867468,0.9872047710533666,0.0008876844022,1.5,473.0,550.0,592.9412,0.33954638,503.5482,629.094,36.15277,0.6009378,0.2613914,411.02945,-92.51874
1.5-473-550,0.2915662651,0.5831325302,0.9980223152919674,0.000897411427,1.5,473.0,550.0,1181.2078,0.060829695,43.896088,969.3702,-211.83759,0.9397523,0.8789226,123.3087,79.41261
1.5-473-550,0.4285714286,0.8571428572,0.9531521909241071,0.0008570646715,1.5,473.0,550.0,685.90924,1.3428301,152.32137,788.63776,102.728516,1.4047335,0.061903477,202.08563,49.764267
1.5-473-550,0.3638554217,0.7277108434,0.9071317792997667,0.0008156835895,1.5,473.0,550.0,830.26294,1.9243292,73.98573,820.9438,-9.319153,1.5716769,-0.3526523,197.57204,123.5863
1.5-473-550,0.3722891567,0.7445783134,0.5396442233296441,-0.0004852425493,1.5,473.0,550.0,630.5654,2.008937,439.9381,674.72797,44.162537,1.9753087,-0.033628225,352.72202,-87.216095
1.5-473-550,0.3409638555,0.681927711,0.999825745120423,-0.0008990330526,1.5,473.0,550.0,1151.9403,0.0037179536,45.263367,957.6523,-194.28802,1.01937,1.0156521,117.76706,72.50369
1.5-473-550,0.2614457831,0.5228915662,0.7098470004029654,0.0006382871403,1.5,473.0,550.0,599.65106,1.523474,493.2008,651.4365,51.78546,1.5951157,0.07164168,393.69644,-99.504364
1.5-473-550,0.4510204082,0.9020408164,0.9811301446957078,0.0008822221605,1.5,473.0,550.0,663.28613,0.8331391,320.34875,772.9028,109.61664,1.2274811,0.394342,214.18335,-106.165405
1.5-473-550,0.1373493975,0.274698795,0.8206166047262803,-0.0007378900321,1.5,473.0,550.0,504.6295,0.94665885,618.32495,561.91907,57.28958,1.0632252,0.1165663,487.6551,-130.66986
1.5-473-550,0.3469879518,0.6939759036,0.8206166047262803,0.0007378900321,1.5,473.0,550.0,691.19696,1.9895276,166.7218,753.0228,61.825867,1.7967345,-0.19279313,256.9901,90.26831
1.5-473-550,0.3373493976,0.6746987952,0.9215172744995802,0.0008286188792,1.5,473.0,550.0,862.69574,1.7125366,68.80856,851.6332,-11.062561,1.4541477,-0.25838888,187.53885,118.730286
1.5-473-550,0.2963855422,0.5927710844,0.960723235489121,-0.0008638724771,1.5,473.0,550.0,996.3704,1.1218228,54.78003,909.9019,-86.468506,1.1675327,0.04570985,162.81082,108.03079
1.5-473-550,0.1192771084,0.2385542168,0.7892004020960466,0.000709640905,1.5,473.0,550.0,487.32758,0.9308642,635.83453,526.96814,39.640564,1.0383587,0.10749447,526.5969,-109.23761
1.5-473-550,0.3277108434,0.6554216868,0.8902853188558087,-0.0008005354251,1.5,473.0,550.0,802.3729,1.8228176,79.61784,818.45795,16.085022,1.5535585,-0.2692591,215.4506,135.83276
1.5-473-550,0.1506024096,0.3012048192,0.9965972946963587,-0.0008961300631,1.5,473.0,550.0,819.9911,0.10954397,75.79108,735.6537,-84.3374,0.650448,0.54090405,317.00262,241.21155
1.5-473-550,0.1228915662,0.2457831324,0.9945113832197316,0.0008942544329,1.5,473.0,550.0,680.31,0.2894746,173.99908,664.76117,-15.548828,0.5989671,0.30949247,378.24844,204.24936
1.5-473-550,0.02857142855,0.0571428571,0.9811301446957078,0.0008822221605,1.5,473.0,550.0,473.00003,0.18063873,649.85333,485.46088,12.460846,0.43472943,0.2540907,571.17126,-78.68207
1.5-473-550,0.3855421687,0.7710843374,0.16340484119544796,0.0001469319568,1.5,473.0,550.0,612.83966,2.0245008,472.81815,683.035,70.19531,1.7333051,-0.29119575,388.0485,-84.76965
1.5-473-550,0.3445783133,0.6891566266,0.4163512323516047,-0.0003743787567,1.5,473.0,550.0,597.2047,1.7965806,497.30045,664.38104,67.17633,1.7563554,-0.04022515,399.64792,-97.65253
1.5-473-550,0.4204081632,0.8408163264,0.9531521908128958,-0.0008570646714,1.5,473.0,550.0,709.05304,1.5250795,117.815125,800.4595,91.40643,1.4043746,-0.12070489,195.58057,77.76544
1.5-473-550,0.156626506,0.313253012,0.999825745120423,0.0008990330526,1.5,473.0,550.0,874.7167,0.0029157943,67.07117,754.9458,-119.770874,0.64856935,0.64565355,300.80054,233.72937
1.5-473-550,0.08571428574,0.17142857148,0.9844268823757469,0.0008851865532,1.5,473.0,550.0,473.00003,0.16083753,649.85333,573.3862,100.3862,0.55370307,0.39286554,465.5523,-184.30103
1.5-473-550,0.2048192771,0.4096385542,0.9945113832197316,0.0008942544329,1.5,473.0,550.0,1221.643,0.13720757,42.159454,858.25366,-363.38928,0.77795327,0.6407457,218.09921,175.93976
1.5-473-550,0.4530612245,0.906122449,0.9945113832197316,0.0008942544329,1.5,473.0,550.0,662.6865,0.3060652,326.04535,778.2216,115.535095,1.1387622,0.83269703,212.78983,-113.25552
1.5-473-550,0.4959183674,0.9918367348,0.9726063657286781,0.0008745576659,1.5,473.0,550.0,657.43665,0.984051,361.91824,703.9147,46.478027,1.2127025,0.22865152,266.75034,-95.16791
1.5-473-550,0.104819277,0.209638554,0.9973789934503665,-0.0008968329586,1.5,473.0,550.0,639.8553,0.07772898,419.0211,625.13293,-14.722351,0.54776347,0.47003448,414.61526,-4.4058228
1.5-473-550,0.2686746988,0.5373493976,0.5396442233296441,0.0004852425493,1.5,473.0,550.0,554.4502,1.4837674,561.4356,616.5894,62.13922,1.553553,0.069785595,449.20316,-112.23245
1.5-473-550,0.3662650603,0.7325301206,0.9993254186825348,-0.0008985831642,1.5,473.0,550.0,1126.6298,0.025894755,46.525085,929.4991,-197.13068,1.0619744,1.0360796,129.00308,82.478
1.5-473-550,0.2590361446,0.5180722892,0.960723235489121,-0.0008638724771,1.5,473.0,550.0,1032.4576,1.0076636,52.1362,887.1071,-145.35052,1.0756489,0.067985296,189.99316,137.85696
1.5-473-550,0.1807228915,0.361445783,0.8902853188558087,-0.0008005354251,1.5,473.0,550.0,579.69696,1.0450763,523.88196,680.89075,101.19379,1.0893313,0.04425502,370.9325,-152.94946
1.5-473-550,0.1614457831,0.3228915662,0.9973789933391554,0.0008968329585,1.5,473.0,550.0,885.28876,0.071916275,65.666626,763.5865,-121.70227,0.67024076,0.5983245,293.85895,228.19232
1.5-473-550,0.4795918368,0.9591836736,0.8902853188558087,-0.0008005354251,1.5,473.0,550.0,657.92413,1.442055,359.95032,701.2025,43.27838,1.6487973,0.20674229,257.68958,-102.26074
1.5-473-550,0.3144578314,0.6289156628,0.9973789933391554,0.0008968329585,1.5,473.0,550.0,1162.0078,0.08773767,44.7742,968.3868,-193.62103,0.9884771,0.90073943,117.97868,73.20448
1.5-473-550,0.4551020408,0.9102040816,0.9956514833048237,-0.0008952795992,1.5,473.0,550.0,662.0555,0.23965001,332.04086,775.43567,113.38019,1.1296886,0.8900386,214.90907,-117.13179
1.5-473-550,0.06938775512,0.13877551024,0.9726063657286781,-0.0008745576659,1.5,473.0,550.0,473.00003,0.28828502,649.85333,536.0243,63.02426,0.55558723,0.26730222,505.52228,-144.33105
1.5-473-550,0.234939759,0.469879518,0.6021818746711394,0.0005414757638,1.5,473.0,550.0,538.90607,1.3701384,580.5907,598.0885,59.182434,1.4607451,0.09060669,467.47534,-113.11536
1.5-473-550,0.2855421687,0.5710843374,0.9996041060258503,0.000898833757,1.5,473.0,550.0,1193.1138,0.009945149,43.361664,970.0743,-223.03949,0.91764206,0.9076969,124.269714,80.90805
1.5-473-550,0.3722891567,0.7445783134,0.9996041060258503,0.000898833757,1.5,473.0,550.0,1122.7058,0.014306242,46.73477,921.72375,-200.98206,1.0681165,1.0538104,132.45244,85.71767
1.5-473-550,0.04081632652,0.08163265304,0.8902853187445975,0.000800535425,1.5,473.0,550.0,473.00003,0.71932435,649.85333,471.9665,-1.0335388,0.69143766,-0.027886689,586.60425,-63.249084
1.5-473-550,0.1253012048,0.2506024096,0.9993254186825348,0.0008985831642,1.5,473.0,550.0,732.3127,0.031672772,102.13127,675.94116,-56.37152,0.5840432,0.5523704,368.12817,265.9969
1.5-473-550,0.2987951807,0.5975903614,0.9973789933391554,0.0008968329585,1.5,473.0,550.0,1172.0398,0.08366691,44.3154,969.609,-202.43079,0.9582032,0.8745363,121.326355,77.010956
1.5-473-550,0.4836734694,0.9673469388,0.9772248215579286,-0.000878710534,1.5,473.0,550.0,657.8522,0.90444773,360.24084,721.43494,63.582764,1.2103398,0.30589205,252.07808,-108.162766
1.5-473-550,0.1807228915,0.361445783,0.9996041061370615,-0.0008988337571,1.5,473.0,550.0,1016.6885,0.007887417,53.236908,813.2563,-203.43219,0.7005673,0.6926799,253.62257,200.38567
1.5-473-550,0.0897959184,0.1795918368,0.29146971579860803,-0.0002620865782,1.5,473.0,550.0,473.00003,1.1627072,649.85333,561.83435,88.83432,1.066889,-0.09581816,552.14734,-97.70599
1.5-473-550,0.3253012049,0.6506024098,0.09831793589120096,8.840647929e-05,1.5,473.0,550.0,552.25323,1.6309997,564.4796,644.7278,92.47455,1.4803644,-0.15063524,443.8908,-120.588806
1.5-473-550,0.2373493976,0.4746987952,0.9071317792997667,-0.0008156835895,1.5,473.0,550.0,831.00543,1.4710436,74.39041,787.9428,-43.062622,1.2262319,-0.24481165,272.84482,198.4544
1.5-473-550,0.1951807229,0.3903614458,0.7525573838264147,0.0006766918789,1.5,473.0,550.0,540.8601,1.1871442,578.34,605.8176,64.95752,1.3192981,0.13215399,449.80527,-128.53476
1.5-473-550,0.2469879518,0.4939759036,0.9531521909241071,-0.0008570646715,1.5,473.0,550.0,1013.88135,1.1065027,53.483826,862.4252,-151.45618,1.0796968,-0.026805878,211.321,157.83717
1.5-473-550,0.3722891567,0.7445783134,0.9215172744995802,-0.0008286188792,1.5,473.0,550.0,852.93976,1.8901188,70.166565,828.82935,-24.110413,1.5232385,-0.3668803,189.0329,118.86633
1.5-473-550,0.4530612245,0.906122449,0.9872047710533666,0.0008876844022,1.5,473.0,550.0,662.6279,0.6532444,326.6022,773.4231,110.795166,1.1870092,0.53376484,214.78609,-111.81612
1.5-473-550,0.4979591837,0.9959183674,0.9772248216691397,-0.0008787105341,1.5,473.0,550.0,657.3965,0.9050095,362.0805,702.701,45.304504,1.1816443,0.2766348,269.00983,-93.07068
1.5-473-550,0.3156626506,0.6313253012,0.9772248215579286,-0.000878710534,1.5,473.0,550.0,1061.0903,0.76255214,50.259247,935.59064,-125.499695,1.1178325,0.3552804,139.08,88.820755
1.5-473-550,0.2325301205,0.465060241,0.9772248215579286,0.000878710534,1.5,473.0,550.0,1178.261,0.55723494,44.03131,879.9125,-298.3485,0.92906374,0.3718288,199.87692,155.84561
1.5-473-550,0.278313253,0.556626506,0.8206166047262803,-0.0007378900321,1.5,473.0,550.0,658.1188,1.6588143,344.72998,735.5917,77.4729,1.5715916,-0.087222695,304.8862,-39.84378
1.5-473-550,0.2927710844,0.5855421688,0.2914697156873968,0.0002620865781,1.5,473.0,550.0,540.07623,1.5238659,579.3255,638.0619,97.98566,1.4435089,-0.080357075,458.22635,-121.09915
1.5-473-550,0.1012048192,0.2024096384,0.9607232356003321,-0.0008638724772,1.5,473.0,550.0,482.60315,0.46090388,640.5612,585.84424,103.24109,0.67008173,0.20917785,453.0801,-187.48111
1.5-473-550,0.1,0.2,0.6024354123725341,-0.0005417037423,1.5,473.0,550.0,473.0005,1.0565512,649.8529,504.17844,31.177948,1.0555606,-0.0009906292,581.55084,-68.30206
1.5-473-550,0.3337349398,0.6674698796,0.7525573838264147,0.0006766918789,1.5,473.0,550.0,651.12305,1.8767091,385.0271,710.0377,58.914673,1.8535848,-0.023124337,303.37305,-81.65405
1.5-473-550,0.4918367347,0.9836734694,0.7525573838264147,0.0006766918789,1.5,473.0,550.0,657.3347,1.6728204,362.32977,684.49506,27.16034,2.0174413,0.34462082,278.04468,-84.285095
1.5-473-550,0.321686747,0.643373494,0.9956514833048237,-0.0008952795992,1.5,473.0,550.0,1148.3348,0.15152413,45.4411,963.1165,-185.21832,1.0135269,0.8620028,119.40817,73.96707
1.5-473-550,0.1036144578,0.2072289156,0.29146971579860803,-0.0002620865782,1.5,473.0,550.0,473.00287,1.1438928,649.85065,562.2645,89.26166,1.075001,-0.06889176,551.25433,-98.59631
1.5-473-550,0.2108433735,0.421686747,0.2914697156873968,0.0002620865781,1.5,473.0,550.0,512.4941,1.2921205,610.1166,592.81616,80.32208,1.2112459,-0.08087456,515.5123,-94.60425
1.5-473-550,0.1337349397,0.2674698794,0.09831793589120096,8.840647929e-05,1.5,473.0,550.0,480.15897,1.1015321,643.0857,578.4807,98.32175,1.1529171,0.051385045,528.4627,-114.622986
1.5-473-550,0.3530120482,0.7060240964,0.22784103833049427,-0.0002048723242,1.5,473.0,550.0,586.8103,1.8017874,512.0363,671.42725,84.61694,1.6364948,-0.16529262,411.40622,-100.6301
1.5-473-550,0.4755102041,0.9510204082,0.47796385156444166,-0.0004297801918,1.5,473.0,550.0,656.6428,1.8691444,365.12292,711.509,54.86615,2.2100809,0.34093642,298.57538,-66.54755
1.5-473-550,0.1759036144,0.3518072288,0.9671530515086588,-0.0008696541017,1.5,473.0,550.0,771.6962,0.7162161,87.76962,757.0899,-14.606323,0.8350438,0.1188277,301.12793,213.3583
1.5-473-550,0.1313253012,0.2626506024,0.09831793590232207,-8.84064793e-05,1.5,473.0,550.0,479.1643,1.1023675,644.0383,578.21265,99.04834,1.1518381,0.049470544,528.7066,-115.331726
1.5-473-550,0.134939759,0.269879518,0.7525573838264147,0.0006766918789,1.5,473.0,550.0,496.08072,0.980458,626.9763,534.7873,38.706573,1.1115773,0.13111925,523.2024,-103.773926
1.5-473-550,0.1313253012,0.2626506024,0.03282169735804886,2.951293354e-05,1.5,473.0,550.0,479.0369,1.1038537,644.15857,576.78705,97.75015,1.1830218,0.07916808,525.1296,-119.02899
1.5-473-550,0.2722891566,0.5445783132,0.9985491866279087,0.0008978851843,1.5,473.0,550.0,1201.4028,0.040915545,43.0094,960.78625,-240.61658,0.8975824,0.85666686,133.61615,90.60675
1.5-473-550,0.4612244898,0.9224489796,0.09831793590232207,-8.84064793e-05,1.5,473.0,550.0,650.4259,2.038664,390.0893,708.18854,57.762634,1.9816446,-0.057019472,331.2245,-58.864807
1.5-473-550,0.2975903615,0.595180723,0.8902853188558087,-0.0008005354251,1.5,473.0,550.0,793.4696,1.7211792,81.87689,815.6669,22.197266,1.4680581,-0.25312114,231.10248,149.22559
1.5-473-550,0.2228915662,0.4457831324,0.8705746216627653,0.0007828117684,1.5,473.0,550.0,685.7287,1.444674,225.28427,727.8808,42.1521,1.2759935,-0.16868055,326.93002,101.64575
1.5-473-550,0.006122448946,0.012244897892,0.9931416465066502,-0.0008930227797,1.5,473.0,550.0,473.00003,0.06499713,649.85333,469.13586,-3.8641663,0.34578353,0.2807864,599.737,-50.116333
1.5-473-550,0.06326530613,0.12653061226,0.9973789933391554,0.0008968329585,1.5,473.0,550.0,473.00003,0.026315862,649.85333,541.2611,68.26108,0.456699,0.43038315,501.0366,-148.81674
1.5-473-550,0.3168674699,0.6337349398,0.7525573838264147,0.0006766918789,1.5,473.0,550.0,646.05945,1.7966738,402.36133,705.5922,59.532776,1.7944177,-0.0022560358,315.84073,-86.5206
1.5-473-550,0.104819277,0.209638554,0.9872047710533666,-0.0008876844022,1.5,473.0,550.0,575.1715,0.2769006,530.8329,615.6082,40.436707,0.58722544,0.31032485,423.74918,-107.08371
1.5-473-550,0.4306122449,0.8612244898,0.7098470004029654,-0.0006382871403,1.5,473.0,550.0,664.7396,2.0606883,306.5385,694.9887,30.249084,2.1149359,0.054247618,280.57147,-25.967041
1.5-473-550,0.2060240963,0.4120481926,0.998978267368595,0.0008982710093,1.5,473.0,550.0,1252.4088,0.023556465,40.94696,867.83826,-384.57056,0.75714374,0.73358727,210.44711,169.50015
1.5-473-550,0.06326530613,0.12653061226,0.9973789934503665,-0.0008968329586,1.5,473.0,550.0,473.00003,0.026315862,649.85333,541.2611,68.26108,0.456699,0.43038315,501.0366,-148.81674
1.5-473-550,0.2554216867,0.5108433734,0.6021818746711394,0.0005414757638,1.5,473.0,550.0,555.99567,1.4506309,559.44867,614.0817,58.08606,1.5425159,0.09188497,445.57578,-113.872894
1.5-473-550,0.2963855422,0.5927710844,0.9895407848051817,-0.0008897849218,1.5,473.0,550.0,1137.4999,0.33637893,45.97528,956.0202,-181.47968,1.0029144,0.6665355,131.10023,85.124954
1.5-473-550,0.4959183674,0.9918367348,0.9999999997775775,-0.0008991897406,1.5,473.0,550.0,657.4491,-5.322157e-09,361.86813,712.7367,55.287598,1.0476232,1.0476232,265.66504,-96.203094
1.5-473-550,0.3626506025,0.725301205,0.9726063657286781,-0.0008745576659,1.5,473.0,550.0,995.45447,1.0803343,54.842773,897.50604,-97.948425,1.2333717,0.15303743,148.80376,93.96098
1.5-473-550,0.3228915663,0.6457831326,0.9998257452316341,-0.0008990330527,1.5,473.0,550.0,1166.6674,0.0034484214,44.561096,969.4313,-197.23608,0.98770493,0.9842565,115.062195,70.5011
1.5-473-550,0.4204081632,0.8408163264,0.03282169735804886,2.951293354e-05,1.5,473.0,550.0,634.65753,2.197597,431.3936,678.85205,44.19452,1.8118296,-0.38576746,371.3701,-60.0235
1.5-473-550,0.06938775512,0.13877551024,0.7525573838264147,0.0006766918789,1.5,473.0,550.0,473.00003,0.9534719,649.85333,479.29553,6.2955017,0.93354106,-0.01993084,587.9093,-61.94403
1.5-473-550,0.2469879518,0.4939759036,0.09831793589120096,8.840647929e-05,1.5,473.0,550.0,518.70874,1.3870858,603.2059,608.8795,90.17078,1.2738597,-0.113226056,494.45377,-108.752106
1.5-473-550,0.5,1.0,0.953181878206767,-0.000857091366,1.5,473.0,550.0,657.36206,1.1962225,362.21942,694.2956,36.933533,1.3093129,0.113090396,271.95883,-90.26059
1.5-473-550,0.4857142857,0.9714285714,0.47796385156444166,-0.0004297801918,1.5,473.0,550.0,656.95514,1.8661822,363.86212,713.58276,56.627625,2.21931,0.35312784,294.81522,-69.046906
1.5-473-550,0.1337349397,0.2674698794,0.9998257452316341,-0.0008990330527,1.5,473.0,550.0,770.2078,0.0043004104,87.44441,697.45496,-72.75287,0.5999237,0.59562325,349.27878,261.83435
1.5-473-550,0.4428571429,0.8857142858,0.9726063657286781,0.0008745576659,1.5,473.0,550.0,667.2074,1.0260031,283.09265,780.4826,113.27521,1.2856882,0.25968504,208.16838,-74.92427
1.5-473-550,0.1361445783,0.2722891566,0.9980223152919674,0.000897411427,1.5,473.0,550.0,766.1406,0.08023887,88.68857,701.3222,-64.81842,0.6129563,0.5327174,346.02606,257.3375
1.5-473-550,0.3674698796,0.7349397592,0.8902853188558087,-0.0008005354251,1.5,473.0,550.0,804.5284,2.0148509,79.03204,802.42676,-2.1016235,1.6450946,-0.36975622,208.95116,129.91911
1.5-473-550,0.2060240963,0.4120481926,0.8902853188558087,0.0008005354251,1.5,473.0,550.0,685.78864,1.3208829,227.21417,723.5077,37.719055,1.1722231,-0.14865983,332.22806,105.013885
1.5-473-550,0.01836734691,0.03673469382,0.9965972946963587,0.0008961300631,1.5,473.0,550.0,473.00003,0.030973488,649.85333,480.90372,7.9036865,0.36092037,0.32994688,580.38226,-69.47107
1.5-473-550,0.2903614458,0.5807228916,0.993141646395439,-0.0008930227796,1.5,473.0,550.0,1159.9329,0.21586841,44.870087,960.65906,-199.2738,0.96816725,0.75229883,129.53088,84.6608
1.5-473-550,0.1674698795,0.334939759,0.9945113832197316,0.0008942544329,1.5,473.0,550.0,899.20056,0.14388472,63.991882,774.3368,-124.86377,0.6966299,0.55274516,285.26825,221.27637
1.5-473-550,0.05918367348,0.11836734696,0.993141646395439,-0.0008930227796,1.5,473.0,550.0,473.00003,0.07037925,649.85333,531.80334,58.803314,0.46295315,0.3925739,511.67328,-138.18005
1.5-473-550,0.1228915662,0.2457831324,0.22784103833049427,-0.0002048723242,1.5,473.0,550.0,476.43744,1.1018981,646.6107,571.6133,95.17584,1.1013392,-0.00055885315,541.11316,-105.49756
1.5-473-550,0.156626506,0.313253012,0.9531521909241071,0.0008570646715,1.5,473.0,550.0,601.65686,0.8273875,490.34518,697.7265,96.06964,0.8373338,0.009946287,352.0309,-138.31427
1.5-473-550,0.4326530612,0.8653061224,0.9996041060258503,0.000898833757,1.5,473.0,550.0,679.2393,0.020437116,178.74184,818.8389,139.59961,1.1107206,1.0902835,187.48643,8.744598
1.5-473-550,0.4469387755,0.893877551,0.8705746216627653,-0.0007828117684,1.5,473.0,550.0,663.5405,1.5000414,317.93164,724.1354,60.59485,1.771536,0.27149463,240.95227,-76.97937
1.5-473-550,0.1445783132,0.2891566264,0.3542741437603377,0.0003185596755,1.5,473.0,550.0,487.11282,1.0876936,636.0519,559.4862,72.37338,1.1095712,0.021877646,550.1564,-85.89551
1.5-473-550,0.4836734694,0.9673469388,0.9996041060258503,0.000898833757,1.5,473.0,550.0,657.8789,0.017330522,360.13287,730.6231,72.7442,1.0710827,1.0537522,249.81677,-110.3161
1.5-473-550,0.4979591837,0.9959183674,0.6600967573005477,0.0005935522321,1.5,473.0,550.0,657.22876,1.7584302,362.7575,690.6412,33.412415,2.14171,0.3832798,285.38098,-77.376526
1.5-473-550,0.1819277108,0.3638554216,0.9811301448069191,0.0008822221606,1.5,473.0,550.0,922.7988,0.42765465,61.401398,789.27234,-133.52649,0.7904714,0.36281672,273.93643,212.53503
1.5-473-550,0.1542168674,0.3084337348,0.9872047710533666,0.0008876844022,1.5,473.0,550.0,767.69714,0.38726705,88.196396,732.53284,-35.164307,0.6997072,0.31244016,320.20728,232.01088
1.5-473-550,0.2554216867,0.5108433734,0.9895407848051817,0.0008897849218,1.5,473.0,550.0,1178.415,0.29203767,44.023804,930.0456,-248.36945,0.91548,0.62344235,158.87679,114.85298
1.5-473-550,0.265060241,0.530120482,0.22784103833049427,-0.0002048723242,1.5,473.0,550.0,524.93677,1.4340024,596.28033,622.931,97.99426,1.3254638,-0.10853863,481.5523,-114.72803
1.5-473-550,0.09387755105,0.1877551021,0.9945113832197316,0.0008942544329,1.5,473.0,550.0,473.00003,0.05601501,649.85333,598.2943,125.29428,0.53494245,0.47892743,440.5613,-209.29202
1.5-473-550,0.4346938775,0.869387755,0.7525573838264147,-0.0006766918789,1.5,473.0,550.0,665.9108,1.8678396,295.41116,700.2672,34.356384,2.0655334,0.19769382,269.3903,-26.020874
1.5-473-550,0.3879518073,0.7759036146,0.8902853188558087,-0.0008005354251,1.5,473.0,550.0,804.46313,2.1724577,79.00093,787.2875,-17.17566,1.678342,-0.4941157,211.36177,132.36084
1.5-473-550,0.2879518072,0.5759036144,0.9980223152919674,0.000897411427,1.5,473.0,550.0,1184.1512,0.06012618,43.761505,968.24475,-215.9065,0.9325404,0.87241423,124.951324,81.18982
1.5-473-550,0.3855421687,0.7710843374,0.9442484491033019,-0.0008490585182,1.5,473.0,550.0,890.6948,1.7841676,65.0361,838.51215,-52.18268,1.4286957,-0.35547197,178.71695,113.68085
1.5-473-550,0.3325301205,0.665060241,0.9772248215579286,0.000878710534,1.5,473.0,550.0,1046.6886,0.8121572,51.18222,928.9881,-117.7005,1.1517143,0.3395571,138.06393,86.881714
1.5-473-550,0.2831325301,0.5662650602,0.8705746216627653,-0.0007828117684,1.5,473.0,550.0,736.968,1.7002664,103.45439,786.9961,50.028076,1.4811894,-0.21907699,259.67587,156.22148
1.5-473-550,0.1216867469,0.2433734938,0.9531521909241071,0.0008570646715,1.5,473.0,550.0,528.67163,0.6869829,592.1272,621.64374,92.97211,0.7457927,0.058809757,419.35544,-172.77176
1.5-473-550,0.330120482,0.660240964,0.9945113832197316,-0.0008942544329,1.5,473.0,550.0,1136.2092,0.19837248,46.03888,957.04517,-179.16406,1.0366337,0.83826125,120.95877,74.91989
1.5-473-550,0.1722891566,0.3445783132,0.16340484097302546,-0.0001469319566,1.5,473.0,550.0,496.69873,1.1445134,626.35095,585.14,88.441284,1.1561389,0.011625528,525.1532,-101.197754
1.5-473-550,0.4163265306,0.8326530612,0.6021818746711394,0.0005414757638,1.5,473.0,550.0,654.3473,2.2913191,374.3899,688.38293,34.035645,2.1341026,-0.15721655,310.15894,-64.23096
1.5-473-550,0.3156626506,0.6313253012,0.8705746216627653,0.0007828117684,1.5,473.0,550.0,758.76953,1.8246737,92.31711,797.7661,38.996582,1.5829258,-0.24174786,236.72961,144.4125
1.5-473-550,0.02040816324,0.04081632648,0.9996041060258503,0.000898833757,1.5,473.0,550.0,473.00003,0.002952153,649.85333,484.0594,11.059357,0.35497093,0.35201877,575.9036,-73.94971
1.5-473-550,0.004081632618,0.008163265236,0.9895407848051817,-0.0008897849218,1.5,473.0,550.0,473.00003,0.11567526,649.85333,466.6121,-6.3879395,0.35318518,0.2375099,603.8102,-46.04315
1.5-473-550,0.3024096386,0.6048192772,0.22784103833049427,-0.0002048723242,1.5,473.0,550.0,541.55536,1.5508481,577.62537,643.4462,101.89087,1.4427441,-0.10810399,454.01117,-123.6142
1.5-473-550,0.4265306122,0.8530612244,0.9772248215579286,0.000878710534,1.5,473.0,550.0,692.0476,1.0801754,138.44194,810.54474,118.49713,1.260458,0.1802826,190.40904,51.967102
1.5-473-550,0.1819277108,0.3638554216,0.7525573838264147,-0.0006766918789,1.5,473.0,550.0,530.2324,1.1116151,590.3916,589.9894,59.756958,1.2703187,0.15870368,466.4811,-123.91049
1.5-473-550,0.3698795181,0.7397590362,0.960723235489121,-0.0008638724771,1.5,473.0,550.0,944.25635,1.4132669,59.228027,874.7088,-69.54755,1.3155574,-0.09770954,160.7435,101.51547
1.5-473-550,0.2048192771,0.4096385542,0.8705746216627653,-0.0007828117684,1.5,473.0,550.0,626.7879,1.2737275,444.40723,701.8193,75.03137,1.213533,-0.060194492,352.10855,-92.298676
1.5-473-550,0.0755102041,0.1510204082,0.9337895728803226,0.000839654004,1.5,473.0,550.0,473.00003,0.5819683,649.85333,524.478,51.477997,0.68179137,0.09982306,517.93427,-131.91907
1.5-473-550,0.3204819277,0.6409638554,0.5396442233296441,0.0004852425493,1.5,473.0,550.0,599.77893,1.7175735,493.28418,649.58527,49.806335,1.7689022,0.05132866,397.88678,-95.3974
1.5-473-550,0.4326530612,0.8653061224,0.47796385156444166,0.0004297801918,1.5,473.0,550.0,649.463,2.1271603,392.9084,699.81903,50.356018,2.129325,0.0021646023,320.64044,-72.267944
1.5-473-550,0.1879518072,0.3759036144,0.09831793589120096,8.840647929e-05,1.5,473.0,550.0,502.21323,1.1961688,620.7702,588.8392,86.625946,1.1905049,-0.0056638718,517.852,-102.91821
1.5-473-550,0.278313253,0.556626506,0.9980223152919674,-0.000897411427,1.5,473.0,550.0,1192.767,0.057953592,43.376373,963.7595,-229.00745,0.91311127,0.8551577,130.25978,86.88341
1.5-473-550,0.1662650602,0.3325301204,0.7892004020960466,0.000709640905,1.5,473.0,550.0,523.7567,1.0400809,597.5926,586.99915,63.24243,1.190674,0.15059304,466.4017,-131.19089
1.5-473-550,0.2361445783,0.4722891566,0.9956514833048237,-0.0008952795992,1.5,473.0,550.0,1248.2161,0.11159485,41.10089,915.58014,-332.63593,0.83924,0.72764516,172.20128,131.10039
1.5-473-550,0.2060240963,0.4120481926,0.9337895728803226,0.000839654004,1.5,473.0,550.0,914.611,1.2166482,62.532715,773.95105,-140.65997,1.0423802,-0.174268,287.93158,225.39886
1.5-473-550,0.4428571429,0.8857142858,0.6600967573005477,0.0005935522321,1.5,473.0,550.0,660.0204,1.8369303,349.04514,691.68884,31.668457,2.162002,0.3250718,288.89746,-60.147675
1.5-473-550,0.3361445784,0.6722891568,0.9973789933391554,-0.0008968329585,1.5,473.0,550.0,1144.6348,0.095659964,45.623505,957.604,-187.03076,1.0279766,0.93231666,119.01126,73.38776
1.5-473-550,0.2662650602,0.5325301204,0.9956514833048237,-0.0008952795992,1.5,473.0,550.0,1195.7476,0.12474763,43.249756,951.026,-244.72156,0.90286165,0.778114,141.72609,98.47633
1.5-473-550,0.3385542169,0.6771084338,0.9915009044774012,-0.0008915474413,1.5,473.0,550.0,1114.173,0.31938314,47.190674,946.6746,-167.49835,1.0717725,0.7523893,125.15503,77.964355
1.5-473-550,0.3108433735,0.621686747,0.7525573838264147,0.0006766918789,1.5,473.0,550.0,643.9965,1.7699152,408.00977,703.42365,59.427124,1.7723572,0.0024420023,320.76236,-87.247406
1.5-473-550,0.3457831326,0.6915662652,0.22784103833049427,-0.0002048723242,1.5,473.0,550.0,579.683,1.7573284,522.35864,667.5246,87.84161,1.6070408,-0.15028763,417.74567,-104.612976
1.5-473-550,0.1903614457,0.3807228914,0.8475322498919685,0.0007620923041,1.5,473.0,550.0,568.5736,1.1335487,541.3204,659.4018,90.828186,1.2060329,0.072484136,392.52695,-148.79343
1.5-473-550,0.4714285714,0.9428571428,0.9973789933391554,0.0008968329585,1.5,473.0,550.0,658.93274,0.13945496,355.87866,748.9309,89.99817,1.1024632,0.9630083,234.55208,-121.326584
1.5-473-550,0.3771084338,0.7542168676,0.8705746216627653,0.0007828117684,1.5,473.0,550.0,777.3356,2.13763,85.708664,779.6727,2.3371582,1.731969,-0.405661,221.23256,135.5239
1.5-473-550,0.004081632618,0.008163265236,0.993141646395439,0.0008930227796,1.5,473.0,550.0,473.00003,0.07573616,649.85333,467.5884,-5.411621,0.34131038,0.26557422,602.57697,-47.276367
1.5-473-550,0.0387755102,0.0775510204,0.7892004020960466,-0.000709640905,1.5,473.0,550.0,473.00003,0.89376444,649.85333,464.9645,-8.035522,0.83180404,-0.0619604,607.7142,-42.13916
1.5-473-550,0.03265306121,0.06530612242,0.9772248215579286,-0.000878710534,1.5,473.0,550.0,473.00003,0.2232846,649.85333,488.31476,15.314728,0.4562902,0.23300558,566.474,-83.37933
1.5-473-550,0.2253012048,0.4506024096,0.9915009044774012,-0.0008915474413,1.5,473.0,550.0,1260.6237,0.20767397,40.63797,891.4485,-369.17517,0.83853614,0.6308622,191.50229,150.86432
1.5-473-550,0.01224489793,0.02448979586,0.9844268823757469,-0.0008851865532,1.5,473.0,550.0,473.00003,0.14378172,649.85333,471.46313,-1.5368958,0.3877583,0.2439766,594.2256,-55.627747
1.5-473-550,0.4551020408,0.9102040816,0.3542741437603377,0.0003185596755,1.5,473.0,550.0,652.6325,1.9684364,381.31268,717.0758,64.4433,2.115817,0.14738071,316.40878,-64.9039
1.5-473-550,0.3819277109,0.7638554218,0.9931416465066502,-0.0008930227797,1.5,473.0,550.0,1081.3685,0.32755852,49.031097,899.26996,-182.09857,1.1253202,0.7977617,143.77986,94.748764
1.5-473-550,0.1674698795,0.334939759,0.6600967573005477,0.0005935522321,1.5,473.0,550.0,510.0695,1.0825022,612.71643,548.69415,38.624664,1.2354926,0.15299034,520.5122,-92.20422
1.5-473-550,0.4244897959,0.8489795918,0.22784103821928303,0.0002048723241,1.5,473.0,550.0,639.4939,2.1973593,420.59253,706.0496,66.555725,1.9285911,-0.2687682,348.70163,-71.8909
1.5-473-550,0.2903614458,0.5807228916,0.8705746216627653,0.0007828117684,1.5,473.0,550.0,741.83264,1.7313405,100.3488,790.7218,48.88916,1.5046446,-0.2266959,253.69753,153.34872
1.5-473-550,0.3156626506,0.6313253012,0.6600967573005477,-0.0005935522321,1.5,473.0,550.0,622.8309,1.7474989,454.94727,666.3763,43.54541,1.8146664,0.06716752,362.15793,-92.78934
1.5-473-550,0.0612244898,0.1224489796,0.8206166047262803,-0.0007378900321,1.5,473.0,550.0,473.00003,0.8728921,649.85333,477.35474,4.354706,0.8486993,-0.02419281,581.9346,-67.91876
1.5-473-550,0.4836734694,0.9673469388,0.9973789933391554,0.0008968329585,1.5,473.0,550.0,657.8787,0.13964063,360.13354,729.6424,71.76367,1.0854952,0.9458546,250.04646,-110.08708
1.5-473-550,0.3132530121,0.6265060242,0.960723235489121,0.0008638724771,1.5,473.0,550.0,986.5605,1.1674101,55.562347,910.8549,-75.70557,1.2065326,0.039122462,156.43578,100.87343
1.5-473-550,0.1987951807,0.3975903614,0.7892004020960466,0.000709640905,1.5,473.0,550.0,553.8656,1.20706,562.18787,630.10925,76.24365,1.3085331,0.10147309,423.00662,-139.18124
1.5-473-550,0.243373494,0.486746988,0.9337895728803226,0.000839654004,1.5,473.0,550.0,934.50354,1.3289804,60.28177,830.2501,-104.25342,1.1506959,-0.17828453,237.27574,176.99397
1.5-473-550,0.1795180723,0.3590361446,0.998978267368595,0.0008982710093,1.5,473.0,550.0,1006.29205,0.023315663,53.99472,809.49817,-196.79388,0.7011236,0.6778079,256.65714,202.66241
1.5-473-550,0.08571428574,0.17142857148,0.9872047710533666,0.0008876844022,1.5,473.0,550.0,473.00003,0.1320554,649.85333,575.5124,102.51236,0.5437762,0.4117208,463.41946,-186.43387
1.5-473-550,0.3060240964,0.6120481928,0.29146971579860803,-0.0002620865782,1.5,473.0,550.0,549.45105,1.5745674,567.98834,645.9042,96.453125,1.4919986,-0.082568884,447.2286,-120.759735
1.5-473-550,0.4510204082,0.9020408164,0.7892004020960466,0.000709640905,1.5,473.0,550.0,661.1116,1.625671,341.0088,700.87146,39.759888,1.9975588,0.3718878,262.08038,-78.928406
1.5-473-550,0.2445783133,0.4891566266,0.9998257452316341,-0.0008990330527,1.5,473.0,550.0,1243.443,0.0026541299,41.289886,934.6112,-308.8318,0.8329445,0.8302904,157.06618,115.77629
1.5-473-550,0.3746987952,0.7493975904,0.7098470004029654,0.0006382871403,1.5,473.0,550.0,654.8682,2.0980656,372.28687,697.17834,42.31012,2.0104113,-0.08765435,299.07138,-73.215485
1.5-473-550,0.3783132531,0.7566265062,0.9999999997775775,0.0008991897406,1.5,473.0,550.0,1118.6594,-5.322157e-09,46.97574,913.5371,-205.12231,1.0728561,1.0728561,136.22368,89.24794
1.5-473-550,0.3831325302,0.7662650604,0.9442484491033019,-0.0008490585182,1.5,473.0,550.0,892.2668,1.7620089,64.84946,841.29126,-50.975525,1.4257212,-0.33628774,177.6436,112.79414
1.5-473-550,0.2240963855,0.448192771,0.3542741437603377,0.0003185596755,1.5,473.0,550.0,517.9639,1.3308698,604.0341,594.41437,76.45044,1.2658955,-0.06497431,508.22128,-95.812836
1.5-473-550,0.02653061223,0.05306122446,0.9999999997775775,-0.0008991897406,1.5,473.0,550.0,473.00003,-5.322157e-09,649.85333,490.7557,17.755676,0.36691594,0.36691594,565.87866,-83.97467
1.5-473-550,0.256626506,0.513253012,0.9671530515086588,-0.0008696541017,1.5,473.0,550.0,1065.4923,0.8726812,49.983154,894.7067,-170.78558,1.0379705,0.16528934,184.82202,134.83887
1.5-473-550,0.4040816326,0.8081632652,0.9872047710533666,-0.0008876844022,1.5,473.0,550.0,840.9669,0.8096306,72.18027,857.3312,16.364258,1.1865914,0.3769608,165.01573,92.835464
1.5-473-550,0.3530120482,0.7060240964,0.7525573838264147,-0.0006766918789,1.5,473.0,550.0,656.7854,1.9806263,362.6376,712.3688,55.583374,1.9153476,-0.06527877,291.55676,-71.08084
1.5-473-550,0.1867469879,0.3734939758,0.3542741437603377,0.0003185596755,1.5,473.0,550.0,505.48105,1.182807,617.4632,575.2515,69.77048,1.1791906,-0.003616333,531.3765,-86.08667
1.5-473-550,0.4979591837,0.9959183674,0.7525573838264147,0.0006766918789,1.5,473.0,550.0,657.2822,1.6737493,362.5416,682.7493,25.467102,2.004173,0.3304237,280.09116,-82.45044
1.5-473-550,0.3277108434,0.6554216868,0.9965972946963587,0.0008961300631,1.5,473.0,550.0,1148.1088,0.120706074,45.45224,961.75494,-186.35382,1.0182847,0.8975786,118.640884,73.188644
1.5-473-550,0.3614457832,0.7228915664,0.9895407848051817,-0.0008897849218,1.5,473.0,550.0,1082.0575,0.44018498,48.99106,921.7368,-160.32068,1.1224843,0.6822994,134.5407,85.54964
1.5-473-550,0.4081632653,0.8163265306,0.9993254186825348,-0.0008985831642,1.5,473.0,550.0,790.2188,0.04129755,82.13385,863.3093,73.090515,1.1052902,1.0639926,161.89673,79.76288
1.5-473-550,0.2493975904,0.4987951808,0.9985491866279087,-0.0008978851843,1.5,473.0,550.0,1226.902,0.038437124,41.945465,938.5399,-288.36206,0.8504431,0.812006,153.55907,111.6136
1.5-473-550,0.4102040816,0.8204081632,0.22784103833049427,-0.0002048723242,1.5,473.0,550.0,631.7923,2.1998127,437.74005,699.8232,68.03088,1.8728724,-0.3269403,360.83737,-76.90268
1.5-473-550,0.4346938775,0.869387755,0.03282169735804886,2.951293354e-05,1.5,473.0,550.0,641.3054,2.084096,415.95438,685.42194,44.116516,1.8628867,-0.22120929,359.62698,-56.327393
1.5-473-550,0.1855421686,0.3710843372,0.993141646395439,0.0008930227796,1.5,473.0,550.0,1026.9111,0.16446072,52.51999,814.7214,-212.18976,0.7427152,0.57825446,252.79747,200.27748
1.5-473-550,0.243373494,0.486746988,0.998978267368595,-0.0008982710093,1.5,473.0,550.0,1242.7865,0.02559268,41.315887,931.5339,-311.25262,0.8354061,0.80981344,159.48936,118.17348
1.5-473-550,0.3469879518,0.6939759036,0.6600967573005477,-0.0005935522321,1.5,473.0,550.0,636.81793,1.9032325,426.2836,678.6468,41.828857,1.9337828,0.03055036,335.99902,-90.28458
1.5-473-550,0.113253012,0.226506024,0.7892004020960466,0.000709640905,1.5,473.0,550.0,482.4394,0.91989726,640.7813,520.12836,37.688965,1.0205609,0.1006636,533.80756,-106.973755
1.5-473-550,0.3325301205,0.665060241,0.9980223152919674,0.000897411427,1.5,473.0,550.0,1150.7334,0.07029521,45.322845,961.1338,-189.59961,1.0172565,0.9469613,117.75511,72.43227
1.5-473-550,0.2108433735,0.421686747,0.3542741439827602,-0.0003185596757,1.5,473.0,550.0,514.1488,1.2907935,608.27655,587.1785,73.029724,1.232305,-0.05848849,517.0661,-91.21045
1.5-473-550,0.07755102043,0.15510204086,0.7525573838264147,0.0006766918789,1.5,473.0,550.0,473.00003,0.9544049,649.85333,484.04163,11.041595,0.95305866,-0.0013462305,581.06903,-68.7843
1.5-473-550,0.1156626505,0.231325301,0.22784103833049427,-0.0002048723242,1.5,473.0,550.0,474.16876,1.116004,648.7508,570.8232,96.65442,1.0971209,-0.01888311,541.99225,-106.758545
1.5-473-550,0.213253012,0.426506024,0.998978267368595,0.0008982710093,1.5,473.0,550.0,1291.3573,0.024099821,39.923004,882.08044,-409.27686,0.77236617,0.74826634,199.20255,159.27954
1.5-473-550,0.1060240963,0.2120481926,0.9671530515086588,0.0008696541017,1.5,473.0,550.0,514.65924,0.50095856,607.67285,600.74554,86.0863,0.66109014,0.16013157,438.40305,-169.2698
1.5-473-550,0.3313253012,0.6626506024,0.9337895728803226,-0.000839654004,1.5,473.0,550.0,892.36285,1.5933485,64.86972,869.16223,-23.200623,1.3842694,-0.20907915,177.98294,113.11322
1.5-473-550,0.2686746988,0.5373493976,0.9915009044774012,-0.0008915474413,1.5,473.0,550.0,1174.3258,0.24671108,44.210815,945.8678,-228.45801,0.9327348,0.6860237,144.92276,100.711945
1.5-473-550,0.2192771084,0.4385542168,0.9215172744995802,-0.0008286188792,1.5,473.0,550.0,910.89514,1.362197,62.97867,780.36865,-130.52649,1.1236641,-0.2385329,281.7365,218.75784
1.5-473-550,0.4326530612,0.8653061224,0.9915009044774012,-0.0008915474413,1.5,473.0,550.0,679.14294,0.5407384,179.29494,811.95105,132.8081,1.1665986,0.62586015,190.73465,11.439713
1.5-473-550,0.0897959184,0.1795918368,0.9931416465066502,-0.0008930227797,1.5,473.0,550.0,473.00003,0.07028239,649.85333,588.53296,115.53293,0.53108674,0.46080434,450.28302,-199.57031
1.5-473-550,0.3277108434,0.6554216868,0.9872047710533666,0.0008876844022,1.5,473.0,550.0,1102.4075,0.45744878,47.819366,946.84204,-155.56543,1.0799787,0.6225299,128.10373,80.28436
1.5-473-550,0.1951807228,0.3903614456,0.9965972946963587,0.0008961300631,1.5,473.0,550.0,1152.6333,0.08246981,45.229187,841.316,-311.31732,0.74646217,0.66399235,231.47499,186.2458
1.5-473-550,0.3975903615,0.795180723,0.9726063657286781,0.0008745576659,1.5,473.0,550.0,960.6571,1.3312863,57.73874,852.0573,-108.59979,1.2764531,-0.054833174,168.40167,110.66293
1.5-473-550,0.08571428574,0.17142857148,0.47796385156444166,0.0004297801918,1.5,473.0,550.0,473.00003,1.1138593,649.85333,524.9815,51.981476,1.0384575,-0.07540178,579.4507,-70.40265
1.5-473-550,0.1036144578,0.2072289156,0.9671530515086588,-0.0008696541017,1.5,473.0,550.0,504.69257,0.47085553,618.2611,595.77344,91.08087,0.65520805,0.18435252,443.20877,-175.05234
1.5-473-550,0.1156626505,0.231325301,0.7525573838264147,0.0006766918789,1.5,473.0,550.0,482.4631,0.950194,640.7574,514.7733,32.31021,1.0539851,0.10379112,544.403,-96.35437
1.5-473-550,0.3132530121,0.6265060242,0.7525573838264147,-0.0006766918789,1.5,473.0,550.0,644.8684,1.7804768,405.83005,704.32855,59.460144,1.7812333,0.00075650215,318.7647,-87.06534
1.5-473-550,0.2554216867,0.5108433734,0.9985491866279087,0.0008978851843,1.5,473.0,550.0,1218.1567,0.03897607,42.297363,945.51483,-272.6419,0.86293316,0.8239571,147.58656,105.2892
1.5-473-550,0.4836734694,0.9673469388,0.2914697156873968,0.0002620865781,1.5,473.0,550.0,656.57684,1.9345493,365.38928,728.03033,71.45349,2.14961,0.21506071,302.01392,-63.375366
1.5-473-550,0.3192771085,0.638554217,0.9337895728803226,0.000839654004,1.5,473.0,550.0,896.5126,1.5511457,64.37866,872.1767,-24.335876,1.355881,-0.1952647,180.7295,116.350845
1.5-473-550,0.2602409639,0.5204819278,0.9965972946963587,0.0008961300631,1.5,473.0,550.0,1205.689,0.09545051,42.82721,947.1315,-258.5575,0.8846141,0.7891636,145.62451,102.7973
1.5-473-550,0.3903614458,0.7807228916,0.9071317792997667,-0.0008156835895,1.5,473.0,550.0,826.3176,2.1260922,74.637054,798.87354,-27.444092,1.6129371,-0.5131551,202.60825,127.97119
1.5-473-550,0.3963855422,0.7927710844,0.8475322498919685,0.0007620923041,1.5,473.0,550.0,752.12103,2.3732407,94.10988,751.78687,-0.33416748,1.8323023,-0.5409384,234.31808,140.2082
1.5-473-550,0.1662650602,0.3325301204,0.960723235489121,-0.0008638724771,1.5,473.0,550.0,652.62445,0.83443046,376.77414,727.7642,75.13977,0.83534414,0.0009136796,326.00867,-50.765472
1.5-473-550,0.4122448979,0.8244897958,0.960723235489121,0.0008638724771,1.5,473.0,550.0,751.42224,1.5536643,93.87251,818.7412,67.31897,1.3581574,-0.19550693,185.7664,91.89389
1.5-473-550,0.4306122449,0.8612244898,0.9442484491033019,0.0008490585182,1.5,473.0,550.0,681.2063,1.3613904,167.80591,779.49365,98.28735,1.4534929,0.09210253,207.16757,39.361664
1.5-473-550,0.1156626505,0.231325301,0.9956514833048237,0.0008952795992,1.5,473.0,550.0,662.87695,0.22963738,324.2359,648.67413,-14.20282,0.5784319,0.34879452,392.75467,68.51877
1.5-473-550,0.2108433735,0.421686747,0.16340484119544796,0.0001469319568,1.5,473.0,550.0,510.34692,1.2940366,612.49927,597.5664,87.21948,1.203755,-0.090281606,511.49908,-101.00018
1.5-473-550,0.3240963856,0.6481927712,0.9973789934503665,-0.0008968329586,1.5,473.0,550.0,1154.6045,0.09100496,45.13199,964.8658,-189.73871,1.0064385,0.9154335,117.64137,72.509384
1.5-473-550,0.3072289157,0.6144578314,0.3542741437603377,0.0003185596755,1.5,473.0,550.0,557.41486,1.592765,557.6179,644.82886,87.414,1.544389,-0.048375964,441.15524,-116.46268
1.5-473-550,0.3698795181,0.7397590362,0.9811301446957078,-0.0008822221605,1.5,473.0,550.0,1031.253,0.81063056,52.215454,900.273,-130.98004,1.1902891,0.37965858,145.37244,93.15698
1.5-473-550,0.2313253012,0.4626506024,0.9895407849163931,0.0008897849219,1.5,473.0,550.0,1237.7617,0.25946772,41.515045,897.9994,-339.76233,0.86235476,0.60288703,186.02463,144.50958
1.5-473-550,0.2445783133,0.4891566266,0.9872047710533666,-0.0008876844022,1.5,473.0,550.0,1189.1753,0.3412227,43.532715,913.15717,-276.01813,0.9045494,0.5633267,173.0655,129.53279
1.5-473-550,0.3204819277,0.6409638554,0.09831793590232207,-8.84064793e-05,1.5,473.0,550.0,547.9458,1.6090505,569.96204,642.36383,94.41803,1.4644182,-0.14463234,447.57266,-122.38937
1.5-473-550,0.3686746988,0.7373493976,0.7525573838264147,-0.0006766918789,1.5,473.0,550.0,661.5266,2.0799294,328.19998,712.358,50.83136,1.959738,-0.120191336,283.87842,-44.321564
1.5-473-550,0.3674698796,0.7349397592,0.9215172744995802,-0.0008286188792,1.5,473.0,550.0,854.03174,1.8602493,70.01511,832.9211,-21.110657,1.5151731,-0.3450762,188.09566,118.08055
1.5-473-550,0.3939759037,0.7879518074,0.9531521909241071,0.0008570646715,1.5,473.0,550.0,904.2143,1.7488409,63.42221,837.109,-67.105286,1.3889201,-0.35992086,177.62755,114.20534
1.5-473-550,0.1855421686,0.3710843372,0.9772248215579286,0.000878710534,1.5,473.0,550.0,931.81476,0.51590246,60.474274,791.7612,-140.05353,0.81640315,0.3005007,272.10883,211.63455
1.5-473-550,0.05102040816,0.10204081632,0.4163512323516047,-0.0003743787567,1.5,473.0,550.0,473.00003,1.1444768,649.85333,541.17,68.16995,1.0137938,-0.13068295,572.66754,-77.18579
1.5-473-550,0.04693877551,0.09387755102,0.999825745120423,0.0008990330526,1.5,473.0,550.0,473.00003,0.0009723253,649.85333,516.8891,43.88907,0.4120403,0.41106796,530.48615,-119.36719
1.5-473-550,0.3819277109,0.7638554218,0.9215172744995802,-0.0008286188792,1.5,473.0,550.0,850.6303,1.9585764,70.52316,819.8948,-30.735535,1.5376931,-0.4208833,191.55426,121.0311
1.5-473-550,0.3638554217,0.7277108434,0.6600967573005477,0.0005935522321,1.5,473.0,550.0,643.4395,2.0028138,409.80142,683.1997,39.760193,1.9916636,-0.011150241,324.04382,-85.7576
1.5-473-550,0.3903614458,0.7807228916,0.47796385156444166,-0.0004297801918,1.5,473.0,550.0,633.9932,2.1276867,432.86505,684.0853,50.092102,1.9956541,-0.13203263,350.506,-82.35904
1.5-473-550,0.3722891567,0.7445783134,0.9895407848051817,0.0008897849218,1.5,473.0,550.0,1072.3163,0.46777642,49.557343,908.2008,-164.11548,1.1379167,0.67014027,140.23624,90.678894
1.5-473-550,0.3132530121,0.6265060242,0.09831793590232207,-8.84064793e-05,1.5,473.0,550.0,542.18,1.578642,576.90533,638.83826,96.658264,1.4412255,-0.13741648,452.97482,-123.93051
1.5-473-550,0.2421686747,0.4843373494,0.47796385156444166,0.0004297801918,1.5,473.0,550.0,529.12146,1.3827422,591.62695,597.1703,68.04883,1.4033178,0.020575643,486.31497,-105.31198
1.5-473-550,0.178313253,0.356626506,0.993141646395439,0.0008930227796,1.5,473.0,550.0,969.73987,0.16291064,56.937347,798.13403,-171.60583,0.72683007,0.5639194,266.10294,209.16559
1.5-473-550,0.0,0.0,0.9872127395606514,-0.0008876915674,1.5,473.0,550.0,473.00003,0.90842825,649.85333,463.1954,-9.804626,0.35175157,-0.5566767,610.0415,-39.81183
1.5-473-550,0.1674698795,0.334939759,0.9671530515086588,-0.0008696541017,1.5,473.0,550.0,692.0576,0.7704922,164.86406,738.32733,46.269714,0.81377834,0.043286145,316.72592,151.86186
1.5-473-550,0.3927710844,0.7855421688,0.8206166047262803,-0.0007378900321,1.5,473.0,550.0,717.9154,2.3430285,112.7086,738.75073,20.835327,1.8971041,-0.4459244,246.69539,133.98679
1.5-473-550,0.4469387755,0.893877551,0.7525573838264147,-0.0006766918789,1.5,473.0,550.0,661.56177,1.6892729,336.7318,696.9902,35.428406,2.0670393,0.37776637,269.64844,-67.083374
1.5-473-550,0.4102040816,0.8204081632,0.9956514833048237,-0.0008952795992,1.5,473.0,550.0,771.84894,0.30330318,87.05443,855.79004,83.9411,1.1324035,0.8291003,165.8861,78.831665
1.5-473-550,0.01428571426,0.02857142852,0.7525573838264147,-0.0006766918789,1.5,473.0,550.0,473.00003,0.98068786,649.85333,464.9955,-8.004517,0.81781167,-0.16287619,624.92804,-24.925293
1.5-473-550,0.3096385542,0.6192771084,0.960723235489121,0.0008638724771,1.5,473.0,550.0,988.79694,1.1554394,55.38385,911.1375,-77.659424,1.1983504,0.042911053,157.49283,102.10898
1.5-473-550,0.3602409639,0.7204819278,0.9071317792997667,-0.0008156835895,1.5,473.0,550.0,830.0414,1.9064634,74.02988,823.38104,-6.6603394,1.5647236,-0.34173977,197.38498,123.3551
1.5-473-550,0.0897959184,0.1795918368,0.8902853188558087,-0.0008005354251,1.5,473.0,550.0,473.00003,0.74054754,649.85333,525.03577,52.035736,0.81643444,0.075886905,518.73285,-131.12048
1.5-473-550,0.1385542168,0.2771084336,0.8705746216627653,0.0007828117684,1.5,473.0,550.0,514.2606,0.9087307,608.1522,591.20496,76.944336,0.99475706,0.08602637,454.35995,-153.79227
1.5-473-550,0.3156626506,0.6313253012,0.6600967573005477,0.0005935522321,1.5,473.0,550.0,622.8309,1.7474989,454.94727,666.3763,43.54541,1.8146664,0.06716752,362.15793,-92.78934
1.5-473-550,0.09387755105,0.1877551021,0.8475322498919685,-0.0007620923041,1.5,473.0,550.0,473.00003,0.8327212,649.85333,514.3669,41.36685,0.89913446,0.06641328,533.64343,-116.2099
1.5-473-550,0.4408163265,0.881632653,0.7098470004029654,-0.0006382871403,1.5,473.0,550.0,662.0159,1.8047245,332.41656,693.86707,31.851135,2.1217163,0.3169918,279.1829,-53.233673
1.5-473-550,0.4979591837,0.9959183674,0.9985491867391199,-0.0008978851844,1.5,473.0,550.0,657.4045,0.075040035,362.04813,709.3774,51.9729,1.0528914,0.97785133,268.37213,-93.675995
1.5-473-550,0.169879518,0.339759036,0.9442484491033019,-0.0008490585182,1.5,473.0,550.0,622.6992,0.90948766,454.7941,716.2275,93.52826,0.90371126,-0.0057764053,336.8784,-117.91571
1.5-473-550,0.1036144578,0.2072289156,0.9931416465066502,-0.0008930227797,1.5,473.0,550.0,603.5334,0.16311455,487.71555,618.3988,14.8654175,0.56181586,0.3987013,421.0348,-66.680756
1.5-473-550,0.06326530613,0.12653061226,0.9945113832197316,-0.0008942544329,1.5,473.0,550.0,473.00003,0.056220766,649.85333,539.402,66.40195,0.4671147,0.41089392,502.94705,-146.90628
1.5-473-550,0.2397590361,0.4795180722,0.03282169734692774,-2.951293353e-05,1.5,473.0,550.0,516.815,1.3681982,605.3117,599.8626,83.04761,1.2753702,-0.092827916,498.9567,-106.35501
1.5-473-550,0.05306122449,0.10612244898,0.9531521909241071,0.0008570646715,1.5,473.0,550.0,473.00003,0.45940542,649.85333,502.53632,29.536285,0.57502383,0.11561841,544.9384,-104.91492
1.5-473-550,0.2554216867,0.5108433734,0.9956514833048237,0.0008952795992,1.5,473.0,550.0,1205.7026,0.12130212,42.82666,940.4931,-265.20953,0.8801186,0.7588165,151.24063,108.41397
1.5-473-550,0.3614457832,0.7228915664,0.9531521909241071,0.0008570646715,1.5,473.0,550.0,926.1411,1.5021577,61.061523,874.0767,-52.064392,1.3450216,-0.15713608,163.65201,102.590485
1.5-473-550,0.234939759,0.469879518,0.9872047710533666,0.0008876844022,1.5,473.0,550.0,1216.3223,0.3237825,42.375305,899.6735,-316.64874,0.8829487,0.5591662,184.4132,142.03789
1.5-473-550,0.265060241,0.530120482,0.8705746216627653,-0.0007828117684,1.5,473.0,550.0,729.4735,1.6317719,109.7003,774.3758,44.902283,1.42103,-0.21074188,276.72177,167.02147
1.5-473-550,0.2951807229,0.5903614458,0.9895407848051817,-0.0008897849218,1.5,473.0,550.0,1138.5873,0.33487898,45.92163,955.7941,-182.79315,1.0004232,0.6655442,131.57896,85.65733
1.5-473-550,0.2903614458,0.5807228916,0.22784103821928303,0.0002048723241,1.5,473.0,550.0,534.42126,1.5081317,585.7336,636.7314,102.31012,1.4021506,-0.10598111,463.3352,-122.39838
1.5-473-550,0.126506024,0.253012048,0.9998257452316341,-0.0008990330527,1.5,473.0,550.0,741.1386,0.005026097,97.94655,679.47766,-61.66095,0.5844851,0.579459,364.98438,267.03784
1.5-473-550,0.3036144579,0.6072289158,0.9671530515086588,0.0008696541017,1.5,473.0,550.0,1019.124,1.0057678,53.083984,920.84155,-98.28247,1.1496081,0.14384031,152.8789,99.79492
1.5-473-550,0.4142857143,0.8285714286,0.47796385156444166,-0.0004297801918,1.5,473.0,550.0,645.5342,2.259393,404.27463,693.4944,47.960205,2.0766854,-0.18270755,332.7607,-71.513916
1.5-473-550,0.1373493975,0.274698795,0.9531521909241071,0.0008570646715,1.5,473.0,550.0,556.60583,0.75708187,558.63885,655.3426,98.736755,0.7865123,0.029430449,388.91135,-169.72751
1.5-473-550,0.1843373494,0.3686746988,0.999825745120423,-0.0008990330526,1.5,473.0,550.0,1055.4895,0.002354378,50.615845,821.99384,-233.49567,0.7070754,0.70472103,246.65607,196.04022
1.5-473-550,0.1084337349,0.2168674698,0.8475322498919685,-0.0007620923041,1.5,473.0,550.0,481.39026,0.849323,641.83734,533.1285,51.73822,0.94052154,0.09119856,513.58655,-128.2508
1.5-473-550,0.4428571429,0.8857142858,0.9337895728803226,0.000839654004,1.5,473.0,550.0,666.5666,1.3212725,289.1806,756.71094,90.14435,1.5031176,0.18184507,220.38144,-68.799164
1.5-473-550,0.4897959184,0.9795918368,0.29146971579860803,-0.0002620865782,1.5,473.0,550.0,656.8457,1.9299276,364.30392,729.6854,72.83972,2.1619153,0.23198771,298.65854,-65.645386
1.5-473-550,0.1602409638,0.3204819276,0.9915009044774012,0.0008915474413,1.5,473.0,550.0,837.72174,0.23845214,72.581635,752.7237,-84.99805,0.69444245,0.4559903,303.16473,230.5831
1.5-473-550,0.1626506024,0.3253012048,0.8705746216627653,0.0007828117684,1.5,473.0,550.0,540.5246,0.98176384,578.7472,632.39496,91.87036,1.0716057,0.08984184,416.23834,-162.50885
1.5-473-550,0.2036144577,0.4072289154,0.9973789933391554,-0.0008968329585,1.5,473.0,550.0,1226.6283,0.06565761,41.9563,860.3552,-366.27307,0.76046526,0.69480765,216.3844,174.4281
1.5-473-550,0.2879518072,0.5759036144,0.8206166047262803,-0.0007378900321,1.5,473.0,550.0,662.80304,1.704902,308.8469,741.34094,78.5379,1.6063561,-0.09854591,295.8488,-12.998108
1.5-473-550,0.05714285715,0.1142857143,0.8705746216627653,0.0007828117684,1.5,473.0,550.0,473.00003,0.78432024,649.85333,481.58508,8.5850525,0.7667448,-0.017575443,572.4857,-77.367615
1.5-473-550,0.4448979592,0.8897959184,0.4163512323516047,-0.0003743787567,1.5,473.0,550.0,651.0303,1.9995186,387.5645,709.3115,58.28125,2.1261582,0.1266396,318.77502,-68.78949
1.5-473-550,0.1542168674,0.3084337348,0.8206166047262803,-0.0007378900321,1.5,473.0,550.0,518.9553,0.9885707,602.9317,586.30585,67.350525,1.1183662,0.12979555,464.0294,-138.90231
1.5-473-550,0.3578313254,0.7156626508,0.9965972946963587,0.0008961300631,1.5,473.0,550.0,1120.9608,0.13899767,46.827972,935.9469,-185.01392,1.0688245,0.92982686,126.90851,80.080536
1.5-473-550,0.2759036145,0.551807229,0.9999999997775775,0.0008991897406,1.5,473.0,550.0,1203.3553,-5.322157e-09,42.94403,965.7579,-237.59747,0.89584523,0.89584523,129.38683,86.442795
1.5-473-550,0.2710843374,0.5421686748,0.9895407848051817,0.0008897849218,1.5,473.0,550.0,1162.2236,0.30577505,44.764313,944.3813,-217.84235,0.9494697,0.64369464,145.46915,100.704834
1.5-473-550,0.1144578313,0.2289156626,0.9931416465066502,-0.0008930227797,1.5,473.0,550.0,640.209,0.2787068,418.55386,643.26807,3.059082,0.58588725,0.30718046,397.76758,-20.786285
1.5-473-550,0.1542168674,0.3084337348,0.16340484119544796,0.0001469319568,1.5,473.0,550.0,489.21707,1.1116607,633.9223,580.87317,91.6561,1.1405897,0.028928995,529.6535,-104.2688
1.5-473-550,0.1578313253,0.3156626506,0.9071317792997667,0.0008156835895,1.5,473.0,550.0,551.353,0.926664,565.466,654.1205,102.767456,0.9769487,0.050284684,393.6422,-171.82379
1.5-473-550,0.1325301204,0.2650602408,0.22784103833049427,-0.0002048723242,1.5,473.0,550.0,480.32703,1.0946103,642.91626,572.9795,92.652466,1.1076787,0.013068318,539.60895,-103.30731
1.5-473-550,0.2228915662,0.4457831324,0.9215172744995802,-0.0008286188792,1.5,473.0,550.0,917.8102,1.3608736,62.183807,785.88556,-131.92462,1.1346277,-0.22624588,276.72415,214.54034
1.5-473-550,0.008163265274,0.016326530548,0.9931416465066502,-0.0008930227797,1.5,473.0,550.0,473.00003,0.06373262,649.85333,470.7411,-2.2589417,0.35025877,0.28652614,596.8556,-52.99774
1.5-473-550,0.4387755102,0.8775510204,0.22784103833049427,-0.0002048723242,1.5,473.0,550.0,644.1118,2.0549536,408.2031,711.887,67.77521,1.9810939,-0.07385969,337.04803,-71.15506
1.5-473-550,0.4693877551,0.9387755102,0.4163512323516047,-0.0003743787567,1.5,473.0,550.0,655.92755,1.9030719,368.01053,716.65875,60.7312,2.1811283,0.27805638,304.5163,-63.494232
1.5-473-550,0.1120481927,0.2240963854,0.7098470004029654,-0.0006382871403,1.5,473.0,550.0,478.2151,0.9730531,644.9338,506.4846,28.2695,1.0639478,0.0908947,559.88135,-85.05243
1.5-473-550,0.3746987952,0.7493975904,0.9671530515086588,-0.0008696541017,1.5,473.0,550.0,963.09845,1.2980888,57.526215,876.8986,-86.19983,1.284406,-0.013682842,158.16676,100.64055
1.5-473-550,0.2578313253,0.5156626506,0.9442484491033019,-0.0008490585182,1.5,473.0,550.0,961.7281,1.2593166,57.687958,861.1993,-100.52881,1.1481085,-0.11120808,209.91016,152.2222
1.5-473-550,0.1168674698,0.2337349396,0.9844268823757469,-0.0008851865532,1.5,473.0,550.0,593.3967,0.43692672,502.88815,640.14343,46.746704,0.62532324,0.18839651,400.88647,-102.00168
1.5-473-550,0.3602409639,0.7204819278,0.29146971579860803,-0.0002620865782,1.5,473.0,550.0,597.8524,1.8597051,496.41437,676.83777,78.98535,1.7115494,-0.14815569,399.57227,-96.8421
1.5-473-550,0.3144578314,0.6289156628,0.16340484119544796,0.0001469319568,1.5,473.0,550.0,546.1416,1.5894556,572.1355,646.4235,100.28192,1.4594783,-0.12997735,448.17313,-123.96237
1.5-473-550,0.321686747,0.643373494,0.9772248215579286,-0.000878710534,1.5,473.0,550.0,1056.039,0.77949446,50.582733,933.90533,-122.133606,1.1302104,0.35071594,138.2889,87.70616
1.5-473-550,0.3638554217,0.7277108434,0.9872047710533666,0.0008876844022,1.5,473.0,550.0,1067.9003,0.5433829,49.825684,915.6802,-152.2201,1.1417004,0.5983175,137.59335,87.76767
1.5-473-550,0.2144578313,0.4289156626,0.9872047710533666,-0.0008876844022,1.5,473.0,550.0,1241.7485,0.31550884,41.357025,865.35077,-376.39777,0.8367212,0.52121234,212.42278,171.06575
1.5-473-550,0.3036144579,0.6072289158,0.9996041060258503,-0.000898833757,1.5,473.0,550.0,1178.3145,0.010568077,44.02841,973.62146,-204.693,0.95305216,0.9424841,117.41992,73.39151
1.5-473-550,0.4775510204,0.9551020408,0.9993254186825348,0.0008985831642,1.5,473.0,550.0,658.30316,0.032521006,358.42014,740.06006,81.7569,1.0817859,1.0492649,241.99854,-116.4216
1.5-473-550,0.2277108434,0.4554216868,0.3542741439827602,-0.0003185596757,1.5,473.0,550.0,518.9021,1.3394797,602.9909,596.4553,77.55322,1.2756,-0.06387973,505.699,-97.2919
1.5-473-550,0.3228915663,0.6457831326,0.9980223152919674,-0.000897411427,1.5,473.0,550.0,1158.4742,0.067609064,44.941223,966.4711,-192.00311,0.9999016,0.9322925,116.9433,72.002075
1.5-473-550,0.2457831325,0.491566265,0.9071317792997667,-0.0008156835895,1.5,473.0,550.0,827.21136,1.5055798,74.95314,798.11505,-29.096313,1.2527605,-0.2528193,262.6865,187.73335
1.5-473-550,0.1759036144,0.3518072288,0.03282169735804886,2.951293354e-05,1.5,473.0,550.0,497.4574,1.1563095,625.5831,582.86957,85.41217,1.2063394,0.050029874,519.06775,-106.51538
1.5-473-550,0.2385542169,0.4771084338,0.9671530515086588,-0.0008696541017,1.5,473.0,550.0,1106.1567,0.8101113,47.635162,872.8224,-233.33435,0.9931151,0.18300384,204.65213,157.01697
1.5-473-550,0.3180722892,0.6361445784,0.9996041061370615,-0.0008988337571,1.5,473.0,550.0,1169.2788,0.0110862795,44.44165,970.9981,-198.2807,0.98036414,0.96927786,115.33252,70.89087
1.5-473-550,0.2927710844,0.5855421688,0.8206166047262803,-0.0007378900321,1.5,473.0,550.0,665.25256,1.728402,290.55734,743.8036,78.551025,1.6234719,-0.10493016,291.59857,1.0412292
1.5-473-550,0.08775510207,0.17551020414,0.9442484491033019,0.0008490585182,1.5,473.0,550.0,473.00003,0.52276057,649.85333,549.7209,76.720856,0.6850594,0.16229886,490.19708,-159.65625
1.5-473-550,0.365060241,0.730120482,0.9872047710533666,0.0008876844022,1.5,473.0,550.0,1066.8489,0.5467925,49.89261,914.23944,-152.60944,1.1434733,0.59668076,138.17859,88.28598
1.5-473-550,0.0244897959,0.0489795918,0.9945113832197316,-0.0008942544329,1.5,473.0,550.0,473.00003,0.05136841,649.85333,486.30322,13.303192,0.38148117,0.33011276,571.7034,-78.1499
1.5-473-550,0.4387755102,0.8775510204,0.9071317792997667,-0.0008156835895,1.5,473.0,550.0,668.9192,1.4413639,266.8288,747.58246,78.66327,1.6315907,0.1902268,225.77301,-41.055786
1.5-473-550,0.2891566265,0.578313253,0.2914697156873968,0.0002620865781,1.5,473.0,550.0,537.8549,1.5110037,581.9026,635.9239,98.06897,1.4307584,-0.080245376,461.16013,-120.74246
1.5-473-550,0.2361445783,0.4722891566,0.9442484491033019,-0.0008490585182,1.5,473.0,550.0,999.34644,1.1836647,54.589752,835.5125,-163.83392,1.0884613,-0.0952034,234.3419,179.75215
1.5-473-550,0.2710843374,0.5421686748,0.6021818746711394,-0.0005414757638,1.5,473.0,550.0,572.2339,1.5154858,534.5614,625.56525,53.33136,1.6069504,0.09146464,428.91556,-105.64584
1.5-473-550,0.4510204082,0.9020408164,0.9811301446957078,-0.0008822221605,1.5,473.0,550.0,663.2861,0.83313906,320.34875,772.9028,109.6167,1.2274811,0.39434206,214.18335,-106.165405
1.5-473-550,0.2530120482,0.5060240964,0.03282169734692774,-2.951293353e-05,1.5,473.0,550.0,519.6773,1.4022876,602.12885,604.4905,84.81317,1.2972414,-0.10504615,492.9079,-109.22095
1.5-473-550,0.1060240963,0.2120481926,0.9973789934503665,-0.0008968329586,1.5,473.0,550.0,645.60693,0.08554631,404.0736,627.89325,-17.713684,0.55039036,0.46484405,412.00754,7.9339294
1.5-473-550,0.08163265309,0.16326530618,0.9215172744995802,-0.0008286188792,1.5,473.0,550.0,473.00003,0.6375438,649.85333,527.54407,54.544037,0.7276332,0.09008938,514.6612,-135.19214
1.5-473-550,0.2072289156,0.4144578312,0.9811301448069191,-0.0008822221606,1.5,473.0,550.0,1189.6929,0.4377229,43.51886,842.22534,-347.46753,0.8500166,0.4122937,231.06554,187.54668
1.5-473-550,0.3265060241,0.6530120482,0.9071317792997667,0.0008156835895,1.5,473.0,550.0,835.359,1.7517802,73.15617,837.6806,2.3215942,1.48794,-0.2638402,202.02971,128.87354
1.5-473-550,0.373493976,0.746987952,0.9973789933391554,0.0008968329585,1.5,473.0,550.0,1110.8429,0.115861766,47.36862,917.01337,-193.82953,1.0854127,0.96955097,134.9525,87.58388
1.5-473-550,0.234939759,0.469879518,0.2914697156873968,0.0002620865781,1.5,473.0,550.0,518.9453,1.3569646,602.9429,605.027,86.081665,1.2668786,-0.09008598,500.9142,-102.028656
1.5-473-550,0.3048192771,0.6096385542,0.960723235489121,0.0008638724771,1.5,473.0,550.0,990.6717,1.144542,55.23459,911.1031,-79.5686,1.1872851,0.042743087,159.16379,103.9292
1.5-473-550,0.1216867469,0.2433734938,0.9215172744995802,0.0008286188792,1.5,473.0,550.0,510.01907,0.77989316,612.7633,596.137,86.11795,0.835542,0.055648863,445.23535,-167.52795
1.5-473-550,0.4816326531,0.9632653062,0.9071317792997667,0.0008156835895,1.5,473.0,550.0,657.84534,1.3946478,360.26855,702.95844,45.1131,1.5739384,0.17929053,257.3382,-102.93036
1.5-473-550,0.2337349397,0.4674698794,0.9671530515086588,0.0008696541017,1.5,473.0,550.0,1122.8639,0.7891186,46.72928,865.96875,-256.89514,0.98105276,0.19193417,210.60844,163.87917
1.5-473-550,0.03061224488,0.06122448976,0.8206166047262803,0.0007378900321,1.5,473.0,550.0,473.00003,0.84667885,649.85333,461.234,-11.766022,0.7773692,-0.06930965,611.0315,-38.82184
1.5-473-550,0.4102040816,0.8204081632,0.9844268823757469,-0.0008851865532,1.5,473.0,550.0,770.96375,0.9785388,87.31601,844.30524,73.34149,1.2088804,0.23034161,171.90913,84.593124
1.5-473-550,0.3048192771,0.6096385542,0.47796385156444166,-0.0004297801918,1.5,473.0,550.0,575.0069,1.6196216,531.0697,638.93536,63.928467,1.6482644,0.028642774,426.619,-104.450714
1.5-473-550,0.07142857145,0.1428571429,0.9337895728803226,-0.000839654004,1.5,473.0,550.0,473.00003,0.58223295,649.85333,518.5708,45.57077,0.67150307,0.089270115,524.74164,-125.111694
1.5-473-550,0.3530120482,0.7060240964,0.7892004020960466,-0.000709640905,1.5,473.0,550.0,669.33057,2.0039937,265.2651,731.8272,62.496643,1.8696619,-0.13433182,272.53918,7.2740784
1.5-473-550,0.3578313254,0.7156626508,0.999825745120423,-0.0008990330526,1.5,473.0,550.0,1136.349,0.00404268,46.031982,940.6529,-195.6961,1.0462396,1.042197,124.12575,78.093765
1.5-473-550,0.2542168675,0.508433735,0.9872047710533666,0.0008876844022,1.5,473.0,550.0,1168.9182,0.35504693,44.45816,924.7844,-244.13379,0.9260129,0.57096595,162.94745,118.48929
1.5-473-550,0.01836734691,0.03673469382,0.03282169734692774,-2.951293353e-05,1.5,473.0,550.0,473.00003,1.1712677,649.85333,580.8144,107.81436,1.1489799,-0.022287846,519.38403,-130.4693
1.5-473-550,0.4020408163,0.8040816326,0.9215172746107915,0.0008286188793,1.5,473.0,550.0,827.2814,2.1003025,74.501465,798.638,-28.643372,1.5597194,-0.540583,199.38239,124.88092
1.5-473-550,0.2253012048,0.4506024096,0.9772248215579286,0.000878710534,1.5,473.0,550.0,1198.0918,0.5420722,43.15268,868.52625,-329.56555,0.91182464,0.36975247,209.40726,166.25458
1.5-473-550,0.3554216868,0.7108433736,0.7098470004029654,0.0006382871403,1.5,473.0,550.0,648.8414,1.9737351,393.34085,695.197,46.35565,1.9531327,-0.020602345,309.88077,-83.46008
1.5-473-550,0.3819277109,0.7638554218,0.8475322498919685,0.0007620923041,1.5,473.0,550.0,746.40894,2.2166436,96.66345,760.219,13.810059,1.8105835,-0.4060601,233.91876,137.25531
1.5-473-550,0.4979591837,0.9959183674,0.9915009045886125,0.0008915474414,1.5,473.0,550.0,657.4029,0.45540538,362.05466,707.036,49.633118,1.0966253,0.64122,268.58704,-93.46762
1.5-473-550,0.286746988,0.573493976,0.16340484119544796,0.0001469319568,1.5,473.0,550.0,530.0914,1.4918683,590.5484,632.0392,101.947815,1.371315,-0.120553255,468.66605,-121.882355
1.5-473-550,0.1156626505,0.231325301,0.9965972946963587,0.0008961300631,1.5,473.0,550.0,670.66907,0.19537562,251.19713,649.65393,-21.015137,0.5745757,0.3792001,391.83746,140.64034
1.5-473-550,0.3987951808,0.7975903616,0.752557383937626,-0.000676691879,1.5,473.0,550.0,675.55927,2.3590338,218.64087,708.6069,33.047607,2.026496,-0.3325379,273.81714,55.17627
1.5-473-550,0.06734693879,0.13469387758,0.9945113832197316,0.0008942544329,1.5,473.0,550.0,473.00003,0.056239363,649.85333,546.43384,73.43381,0.4761606,0.41992122,494.96646,-154.88687
1.5-473-550,0.1614457831,0.3228915662,0.9931416465066502,-0.0008930227797,1.5,473.0,550.0,856.6615,0.1902892,69.58243,757.847,-98.814514,0.6897137,0.49942452,298.84036,229.25793
1.5-473-550,0.07346938777,0.14693877554,0.9844268823757469,0.0008851865532,1.5,473.0,550.0,473.00003,0.16121143,649.85333,550.48645,77.48642,0.5256808,0.36446935,489.90524,-159.94809
1.5-473-550,0.243373494,0.486746988,0.9844268823757469,0.0008851865532,1.5,473.0,550.0,1179.5349,0.40968698,43.972595,906.96747,-272.56744,0.9169017,0.5072147,177.88556,133.91296
1.5-473-550,0.2108433734,0.4216867468,0.9726063657286781,-0.0008745576659,1.5,473.0,550.0,1176.0635,0.63636893,44.134186,836.2063,-339.85718,0.8987493,0.26238036,235.92448,191.7903
1.5-473-550,0.3939759037,0.7879518074,0.6021818746711394,0.0005414757638,1.5,473.0,550.0,648.0623,2.2089775,396.59433,683.39087,35.328552,2.076917,-0.13206053,322.4895,-74.10483
1.5-473-550,0.4877551021,0.9755102042,0.7892004020960466,-0.000709640905,1.5,473.0,550.0,657.43884,1.6281606,361.9094,685.6178,28.178955,1.9476348,0.31947422,273.34485,-88.564545
1.5-473-550,0.1759036144,0.3518072288,0.9071317792997667,-0.0008156835895,1.5,473.0,550.0,584.7687,1.0030663,515.9084,688.4881,103.71942,1.0324626,0.029396296,363.23978,-152.66861
1.5-473-550,0.1445783132,0.2891566264,0.9993254186825348,0.0008985831642,1.5,473.0,550.0,811.35394,0.021670813,77.49806,724.05646,-87.297485,0.62525964,0.6035888,326.57782,249.07976
1.5-473-550,0.2313253012,0.4626506024,0.9999999998887887,0.0008991897407,1.5,473.0,550.0,1279.6167,-5.322157e-09,39.966187,915.54736,-364.06934,0.80447626,0.80447626,172.61684,132.65065
1.5-473-550,0.0612244898,0.1224489796,0.9985491866279087,-0.0008978851843,1.5,473.0,550.0,473.00003,0.014145846,649.85333,538.55707,65.55704,0.44792965,0.4337838,504.2417,-145.61163
1.5-473-550,0.4061224489,0.8122448978,0.998978267368595,0.0008982710093,1.5,473.0,550.0,812.3797,0.06397133,77.29535,866.5506,54.1709,1.1064695,1.0424982,160.13518,82.83983
1.5-473-550,0.4122448979,0.8244897958,0.9985491866279087,0.0008978851843,1.5,473.0,550.0,756.2264,0.09837865,92.09561,855.185,98.95862,1.1130881,1.0147095,166.32175,74.226135
1.5-473-550,0.4020408163,0.8040816326,0.09831793589120096,8.840647929e-05,1.5,473.0,550.0,623.5172,2.1571162,454.0273,682.2007,58.68347,1.7681574,-0.3889588,379.74225,-74.285065
1.5-473-550,0.4326530612,0.8653061224,0.5396442233296441,-0.0004852425493,1.5,473.0,550.0,652.6539,2.1206865,381.22644,694.7102,42.056335,2.1562612,0.035574675,312.7435,-68.48294
1.5-473-550,0.3831325302,0.7662650604,0.47796385156444166,0.0004297801918,1.5,473.0,550.0,629.86426,2.0668972,441.52838,680.9713,51.107056,1.968937,-0.097960114,356.25226,-85.27612
1.5-473-550,0.4285714286,0.8571428572,0.9998257452316341,-0.0008990330527,1.5,473.0,550.0,687.8073,0.0063803145,147.20575,826.57574,138.76843,1.1090224,1.102642,182.84892,35.643173
1.5-473-550,0.2530120482,0.5060240964,0.09831793590232207,-8.84064793e-05,1.5,473.0,550.0,520.0227,1.402603,601.74475,611.348,91.32532,1.2856321,-0.1169709,491.33676,-110.40799
1.5-473-550,0.2385542169,0.4771084338,0.9996041060258503,0.000898833757,1.5,473.0,550.0,1257.2827,0.008396203,40.76126,925.86774,-331.41498,0.82175946,0.81336325,164.22588,123.464615
1.5-473-550,0.4285714286,0.8571428572,0.03282169735804886,2.951293354e-05,1.5,473.0,550.0,638.8619,2.1583343,422.08102,682.6191,43.757202,1.8412457,-0.3170886,364.62686,-57.454163
1.5-473-550,0.3265060241,0.6530120482,0.03282169735804886,2.951293354e-05,1.5,473.0,550.0,551.6995,1.6331499,565.2194,634.9358,83.23627,1.4769961,-0.1561538,447.6815,-117.53793
1.5-473-550,0.1313253012,0.2626506024,0.7098470004029654,-0.0006382871403,1.5,473.0,550.0,490.90704,0.99371445,632.2121,522.84174,31.934692,1.1181927,0.12447822,541.7435,-90.46857
1.5-473-550,0.3228915663,0.6457831326,0.16340484097302546,-0.0001469319566,1.5,473.0,550.0,553.2743,1.6265204,563.1156,650.8588,97.58453,1.4889395,-0.13758087,441.5106,-121.60501
1.5-473-550,0.3710843374,0.7421686748,0.9996041060258503,0.000898833757,1.5,473.0,550.0,1123.7925,0.014201814,46.676697,923.40216,-200.39032,1.0665363,1.0523345,131.68535,85.00865
1.5-473-550,0.4224489796,0.8448979592,0.09831793590232207,-8.84064793e-05,1.5,473.0,550.0,636.2769,2.1955717,427.80658,691.5879,55.310974,1.8464278,-0.34914386,362.32214,-65.484436
1.5-473-550,0.05102040816,0.10204081632,0.9772248215579286,0.000878710534,1.5,473.0,550.0,473.00003,0.23504192,649.85333,510.85355,37.853516,0.49817142,0.2631295,535.9186,-113.93475
1.5-473-550,0.4734693878,0.9469387756,0.47796385156444166,-0.0004297801918,1.5,473.0,550.0,656.5582,1.8698765,365.4645,711.0581,54.499878,2.2077475,0.33787096,299.40186,-66.06265
1.5-473-550,0.1927710843,0.3855421686,0.22784103821928303,0.0002048723241,1.5,473.0,550.0,505.25702,1.2152689,617.68994,589.3054,84.0484,1.1719828,-0.043286085,521.5925,-96.09741
1.5-473-550,0.2626506024,0.5253012048,0.22784103821928303,0.0002048723241,1.5,473.0,550.0,524.28705,1.4279608,597.0028,621.65015,97.3631,1.3187875,-0.1091733,483.18298,-113.819824
1.5-473-550,0.2180722891,0.4361445782,0.03282169734692774,-2.951293353e-05,1.5,473.0,550.0,511.52573,1.3180076,611.1934,593.05286,81.52713,1.2457515,-0.07225609,507.4248,-103.768616
1.5-473-550,0.3096385542,0.6192771084,0.47796385156444166,0.0004297801918,1.5,473.0,550.0,579.1251,1.6413757,524.5462,641.9316,62.806458,1.6683818,0.02700615,422.00186,-102.54434
1.5-473-550,0.1626506024,0.3253012048,0.22784103821928303,0.0002048723241,1.5,473.0,550.0,493.3736,1.1228111,629.71594,579.5206,86.14703,1.1338727,0.011061668,532.4402,-97.27576
1.5-473-550,0.04693877551,0.09387755102,0.960723235489121,0.0008638724771,1.5,473.0,550.0,473.00003,0.39372742,649.85333,498.1299,25.129883,0.53899556,0.14526814,551.21216,-98.641174
1.5-473-550,0.1024096385,0.204819277,0.998978267368595,0.0008982710093,1.5,473.0,550.0,629.2929,0.024338061,441.80524,621.1708,-8.122131,0.536119,0.5117809,418.37854,-23.426697
1.5-473-550,0.1530120482,0.3060240964,0.6021818746711394,-0.0005414757638,1.5,473.0,550.0,498.31772,1.0615132,624.71246,533.1618,34.844086,1.183096,0.121582866,546.45,-78.26245
1.5-473-550,0.1144578313,0.2289156626,0.9915009044774012,0.0008915474413,1.5,473.0,550.0,628.864,0.3102727,443.7787,641.6139,12.749878,0.5924051,0.2821324,399.32822,-44.45047
1.5-473-550,0.4204081632,0.8408163264,0.09831793590232207,-8.84064793e-05,1.5,473.0,550.0,635.1577,2.1998172,430.2856,690.6675,55.509766,1.8387475,-0.36106968,364.04382,-66.24179
1.5-473-550,0.2807228916,0.5614457832,0.9671530515086588,0.0008696541017,1.5,473.0,550.0,1039.018,0.93617886,51.692963,913.8431,-125.174866,1.0964009,0.160222,164.82196,113.129
1.5-473-550,0.2409638554,0.4819277108,0.9915009044774012,0.0008915474413,1.5,473.0,550.0,1217.3175,0.22365135,42.333008,915.494,-301.8235,0.87285775,0.6492064,171.76363,129.43062
1.5-473-550,0.09795918371,0.19591836742,0.47796385156444166,-0.0004297801918,1.5,473.0,550.0,473.00003,1.1144058,649.85333,526.26556,53.265533,1.0543605,-0.060045242,576.72974,-73.1236
1.5-473-550,0.4408163265,0.881632653,0.9215172744995802,-0.0008286188792,1.5,473.0,550.0,667.6785,1.3806432,278.61615,752.63434,84.95581,1.5646694,0.18402612,222.6335,-55.98265
1.5-473-550,0.3240963856,0.6481927712,0.993141646395439,0.0008930227796,1.5,473.0,550.0,1134.578,0.24243242,46.119293,958.0057,-176.57233,1.0346171,0.79218465,122.008514,75.88922
1.5-473-550,0.2120481927,0.4240963854,0.9215172744995802,-0.0008286188792,1.5,473.0,550.0,889.5048,1.3389764,65.68494,768.8418,-120.663025,1.1017245,-0.23725188,292.0872,226.40225
1.5-473-550,0.1891566265,0.378313253,0.6600967573005477,-0.0005935522321,1.5,473.0,550.0,522.9434,1.1655377,598.49695,568.7255,45.782104,1.3093703,0.14383256,497.9374,-100.55954
1.5-473-550,0.1060240963,0.2120481926,0.9215172744995802,0.0008286188792,1.5,473.0,550.0,487.1722,0.7027508,635.99176,567.3677,80.195465,0.79242224,0.08967143,473.02243,-162.96933
1.5-473-550,0.4775510204,0.9551020408,0.7098470004029654,-0.0006382871403,1.5,473.0,550.0,657.5177,1.710975,361.5911,688.96515,31.447449,2.1097026,0.39872754,279.20563,-82.38547
1.5-473-550,0.3253012049,0.6506024098,0.993141646395439,0.0008930227796,1.5,473.0,550.0,1133.6333,0.24358255,46.165863,957.44135,-176.19196,1.0368651,0.79328257,122.03325,75.867386
1.5-473-550,0.2108433734,0.4216867468,0.9872047710533666,-0.0008876844022,1.5,473.0,550.0,1243.4894,0.30845958,41.288055,858.5643,-384.9251,0.8285303,0.52007073,217.88786,176.59981
1.5-473-550,0.1253012048,0.2506024096,0.998978267368595,0.0008982710093,1.5,473.0,550.0,729.41095,0.05010402,103.6933,675.5513,-53.85968,0.58552134,0.5354173,368.4858,264.7925
1.5-473-550,0.1,0.2,0.7893346586322618,-0.0007097616271,1.5,473.0,550.0,473.0139,0.9123703,649.8402,506.16095,33.147064,0.98268956,0.070319235,549.0619,-100.77832
1.5-473-550,0.3156626506,0.6313253012,0.9671530515086588,-0.0008696541017,1.5,473.0,550.0,1012.0382,1.0383774,53.59021,920.12494,-91.91327,1.1763116,0.13793421,149.36868,95.77847
1.5-473-550,0.3325301205,0.665060241,0.8902853188558087,-0.0008005354251,1.5,473.0,550.0,802.90216,1.8416858,79.48642,817.6358,14.733643,1.5661567,-0.27552903,213.82129,134.33487
1.5-473-550,0.3060240964,0.6120481928,0.9671530515086588,0.0008696541017,1.5,473.0,550.0,1018.1378,1.0097742,53.154327,920.93884,-97.198975,1.155032,0.14525783,152.02457,98.87024
1.5-473-550,0.2662650602,0.5325301204,0.9531521908128958,-0.0008570646714,1.5,473.0,550.0,991.9973,1.1540788,55.140656,882.14056,-109.85675,1.130289,-0.023789883,191.9428,136.80214
1.5-473-550,0.2012048193,0.4024096386,0.5396442234408553,0.0004852425494,1.5,473.0,550.0,519.02,1.2405787,602.85974,567.50757,48.48755,1.3048936,0.06431496,514.9355,-87.924255
1.5-473-550,0.2734939759,0.5469879518,0.9772248215579286,-0.000878710534,1.5,473.0,550.0,1098.2306,0.6596045,48.052094,925.5644,-172.6662,1.0250713,0.36546677,158.34473,110.29263
1.5-473-550,0.3530120482,0.7060240964,0.9872047710533666,0.0008876844022,1.5,473.0,550.0,1079.0355,0.51419586,49.166748,927.5656,-151.46991,1.1248088,0.6106129,133.07138,83.90463
1.5-473-550,0.365060241,0.730120482,0.8902853187445975,0.000800535425,1.5,473.0,550.0,804.22284,2.0013845,79.10518,803.945,-0.27783203,1.6404704,-0.3609141,208.91078,129.8056
1.5-473-550,0.4469387755,0.893877551,0.16340484119544796,0.0001469319568,1.5,473.0,550.0,645.39185,2.035868,404.66776,710.3949,65.00305,1.9698696,-0.065998316,335.92676,-68.741
1.5-473-550,0.08163265309,0.16326530618,0.29146971579860803,-0.0002620865782,1.5,473.0,550.0,473.00003,1.16255,649.85333,561.96533,88.9653,1.0626066,-0.0999434,552.3142,-97.53912
1.5-473-550,0.1891566265,0.378313253,0.6600967573005477,0.0005935522321,1.5,473.0,550.0,522.9434,1.1655377,598.49695,568.7255,45.782104,1.3093703,0.14383256,497.9374,-100.55954
1.5-473-550,0.1867469879,0.3734939758,0.9895407848051817,-0.0008897849218,1.5,473.0,550.0,1019.6906,0.24623019,53.026367,812.1003,-207.59033,0.7627186,0.51648843,255.07439,202.04802
1.5-473-550,0.4673469388,0.9346938776,0.9915009044774012,-0.0008915474413,1.5,473.0,550.0,659.47076,0.4550069,353.70648,752.40765,92.93689,1.1457025,0.6906956,230.58476,-123.12172
1.5-473-550,0.2265060241,0.4530120482,0.09831793590232207,-8.84064793e-05,1.5,473.0,550.0,514.02124,1.3372422,608.4184,601.0171,86.99585,1.2386684,-0.098573804,504.03204,-104.38635
1.5-473-550,0.4591836735,0.918367347,0.3542741437603377,0.0003185596755,1.5,473.0,550.0,653.6778,1.9531219,377.09283,718.3907,64.71289,2.126571,0.17344904,313.76532,-63.327515
1.5-473-550,0.2518072289,0.5036144578,0.7892004020960466,0.000709640905,1.5,473.0,550.0,628.2565,1.524108,443.82312,689.5984,61.34192,1.5128187,-0.011289358,356.33264,-87.49048
1.5-473-550,0.1457831325,0.291566265,0.8705746216627653,-0.0007828117684,1.5,473.0,550.0,521.63135,0.92856336,599.956,603.45087,81.81952,1.0174094,0.08884609,442.9183,-157.03769
1.5-473-550,0.386746988,0.773493976,0.7892004020960466,0.000709640905,1.5,473.0,550.0,686.04724,2.255607,173.03725,725.5546,39.507385,1.9501494,-0.30545747,261.5815,88.544266
1.5-473-550,0.365060241,0.730120482,0.7525573838264147,-0.0006766918789,1.5,473.0,550.0,660.27966,2.055883,337.4531,712.49713,52.21747,1.950015,-0.10586798,285.4986,-51.9545
1.5-473-550,0.04081632652,0.08163265304,0.9915009044774012,0.0008915474413,1.5,473.0,550.0,473.00003,0.083934836,649.85333,504.1657,31.16568,0.42783904,0.3439042,546.02295,-103.83038
1.5-473-550,0.3325301205,0.665060241,0.47796385156444166,-0.0004297801918,1.5,473.0,550.0,597.3698,1.753471,496.99005,655.494,58.124207,1.7645844,0.011113405,400.4108,-96.579254
1.5-473-550,0.1180722891,0.2361445782,0.9671530515086588,-0.0008696541017,1.5,473.0,550.0,540.42224,0.59553087,578.8959,626.4194,85.99713,0.6906374,0.09510654,414.21057,-164.6853
1.5-473-550,0.3915662651,0.7831325302,0.9999999997775775,0.0008991897406,1.5,473.0,550.0,1103.6387,-5.322157e-09,47.77884,892.6677,-210.97095,1.0872991,1.0872991,146.47743,98.69859
1.5-473-550,0.4693877551,0.9387755102,0.03282169734692774,-2.951293353e-05,1.5,473.0,550.0,653.7423,2.0162723,376.83228,700.8399,47.097595,1.9757384,-0.0405339,332.75232,-44.079956
1.5-473-550,0.2409638554,0.4819277108,0.22784103833049427,-0.0002048723242,1.5,473.0,550.0,519.01337,1.3721049,602.8672,610.50385,91.49048,1.26367,-0.108434916,496.9819,-105.885284
1.5-473-550,0.1975903614,0.3951807228,0.9772248215579286,-0.000878710534,1.5,473.0,550.0,1076.2534,0.52493167,49.3385,817.2072,-259.0462,0.8453735,0.32044184,251.41533,202.07683
1.5-473-550,0.3337349398,0.6674698796,0.9945113832197316,0.0008942544329,1.5,473.0,550.0,1133.0896,0.20149857,46.192688,954.7726,-178.31702,1.0431322,0.8416336,121.40794,75.215256
1.5-473-550,0.3674698796,0.7349397592,0.03282169734692774,-2.951293353e-05,1.5,473.0,550.0,594.2706,1.8795182,501.6219,653.96173,59.6911,1.6160551,-0.26346302,415.60538,-86.01651
1.5-473-550,0.365060241,0.730120482,0.9811301446957078,-0.0008822221605,1.5,473.0,550.0,1035.6685,0.7895576,51.90576,906.06274,-129.60571,1.1832993,0.39374173,143.0382,91.13243
1.5-473-550,0.1626506024,0.3253012048,0.9772248215579286,0.000878710534,1.5,473.0,550.0,747.38574,0.58633304,95.860825,739.9443,-7.4414673,0.7614081,0.17507505,314.69913,218.8383
1.5-473-550,0.3843373495,0.768674699,0.3542741437603377,0.0003185596755,1.5,473.0,550.0,620.9444,2.0444086,458.80508,688.08185,67.13745,1.8657693,-0.1786393,371.85718,-86.94791
1.5-473-550,0.2253012048,0.4506024096,0.09831793590232207,-8.84064793e-05,1.5,473.0,550.0,513.71893,1.3346217,608.7546,600.5822,86.86328,1.2368213,-0.097800374,504.54654,-104.20804
1.5-473-550,0.2144578313,0.4289156626,0.7525573838264147,-0.0006766918789,1.5,473.0,550.0,556.8795,1.3084493,558.3386,627.99994,71.12042,1.3930972,0.084647894,425.56348,-132.77515
1.5-473-550,0.2662650602,0.5325301204,0.9973789933391554,0.0008968329585,1.5,473.0,550.0,1203.3174,0.07431745,42.92801,954.0252,-249.29218,0.8924066,0.8180891,139.58821,96.6602
1.5-473-550,0.4346938775,0.869387755,0.8475322498919685,-0.0007620923041,1.5,473.0,550.0,670.68384,1.6583607,250.6656,725.44714,54.763306,1.8539408,0.19558012,242.43262,-8.232986
1.5-473-550,0.4469387755,0.893877551,0.9215172744995802,-0.0008286188792,1.5,473.0,550.0,664.2622,1.356466,311.0748,745.3188,81.05658,1.5603774,0.2039113,227.11234,-83.96246
1.5-473-550,0.002040816295,0.00408163259,0.7098470004029654,0.0006382871403,1.5,473.0,550.0,473.00003,0.98854274,649.85333,474.633,1.6329651,0.83231956,-0.15622318,627.3043,-22.549011
1.5-473-550,0.4387755102,0.8775510204,0.09831793589120096,8.840647929e-05,1.5,473.0,550.0,642.855,2.0526679,411.6745,698.79004,55.93506,1.9061517,-0.1465162,348.80057,-62.87393
1.5-473-550,0.1710843373,0.3421686746,0.9993254186825348,0.0008985831642,1.5,473.0,550.0,958.92896,0.015009278,57.8808,789.8754,-169.05353,0.6815616,0.6665523,272.38028,214.49948
1.5-473-550,0.3313253012,0.6626506024,0.8705746216627653,-0.0007828117684,1.5,473.0,550.0,764.82886,1.8876592,89.95189,797.57056,32.7417,1.6275005,-0.26015866,229.36755,139.41566
1.5-473-550,0.3614457832,0.7228915664,0.9872047710533666,-0.0008876844022,1.5,473.0,550.0,1070.0009,0.5369796,49.69339,918.49164,-151.50922,1.1380898,0.60111016,136.47173,86.778336
1.5-473-550,0.3939759037,0.7879518074,0.993141646395439,0.0008930227796,1.5,473.0,550.0,1066.0803,0.36561924,49.94156,880.5225,-185.5578,1.1378793,0.77226,152.93964,102.99808
1.5-473-550,0.3746987952,0.7493975904,0.8206166047262803,-0.0007378900321,1.5,473.0,550.0,707.921,2.1709616,123.51216,746.2186,38.297607,1.8642684,-0.3066932,248.79616,125.284
1.5-473-550,0.2855421687,0.5710843374,0.7098470004029654,0.0006382871403,1.5,473.0,550.0,619.2169,1.6322094,461.35403,668.50494,49.288025,1.6935427,0.0613333,367.92197,-93.43207
1.5-473-550,0.1518072289,0.3036144578,0.998978267368595,-0.0008982710093,1.5,473.0,550.0,844.73517,0.030197615,71.46323,741.75964,-102.975525,0.6422413,0.6120437,311.76773,240.3045
1.5-473-550,0.386746988,0.773493976,0.7525573838264147,-0.0006766918789,1.5,473.0,550.0,668.4156,2.2229698,272.96234,710.5994,42.183838,2.0030658,-0.21990395,277.11697,4.1546326
1.5-473-550,0.4775510204,0.9551020408,0.9895407848051817,-0.0008897849218,1.5,473.0,550.0,658.29016,0.5471288,358.4727,735.42804,77.13788,1.1448779,0.5977491,243.31847,-115.15422
1.5-473-550,0.0897959184,0.1795918368,0.9999999997775775,0.0008991897406,1.5,473.0,550.0,473.00003,-5.322157e-09,649.85333,594.3207,121.32065,0.50473195,0.50473195,444.62866,-205.22467
1.5-473-550,0.3939759037,0.7879518074,0.9671530515086588,0.0008696541017,1.5,473.0,550.0,944.1716,1.4622393,59.23642,851.5304,-92.641174,1.3068742,-0.15536511,169.19608,109.959656
1.5-473-550,0.09795918369,0.19591836738,0.9772248216691397,-0.0008787105341,1.5,473.0,550.0,473.00165,0.23724598,649.8518,592.3403,119.33862,0.6074487,0.37020272,446.3963,-203.4555
1.5-473-550,0.2192771084,0.4385542168,0.9999999998887887,0.0008991897407,1.5,473.0,550.0,1297.7024,-5.322157e-09,39.923004,895.0014,-402.701,0.7793965,0.7793965,188.9942,149.0712
1.5-473-550,0.2493975904,0.4987951808,0.8206166047262803,0.0007378900321,1.5,473.0,550.0,643.92865,1.5317904,406.7174,711.9526,68.023926,1.4643782,-0.06741214,335.95053,-70.76688
1.5-473-550,0.1144578313,0.2289156626,0.9442484491033019,-0.0008490585182,1.5,473.0,550.0,510.64822,0.68109673,612.07654,599.4109,88.762665,0.75399,0.07289326,440.65787,-171.41867
1.5-473-550,0.1036144578,0.2072289156,0.7525573838264147,0.0006766918789,1.5,473.0,550.0,473.58325,0.9394422,649.30316,503.64056,30.057312,1.0202626,0.08082038,556.8019,-92.50128
1.5-473-550,0.330120482,0.660240964,0.9772248215579286,0.000878710534,1.5,473.0,550.0,1048.8806,0.8043196,51.041687,930.2862,-118.59442,1.1470293,0.34270966,137.98233,86.94064
1.5-473-550,0.2807228916,0.5614457832,0.9985491866279087,-0.0008978851843,1.5,473.0,550.0,1192.815,0.042223867,43.37436,965.9994,-226.81555,0.91467994,0.8724561,128.17197,84.79761
1.5-473-550,0.07959183676,0.15918367352,0.998978267368595,-0.0008982710093,1.5,473.0,550.0,473.00003,0.009697134,649.85333,572.53326,99.53323,0.48648995,0.4767928,466.92645,-182.92688
1.5-473-550,0.0755102041,0.1510204082,0.9872047710533666,0.0008876844022,1.5,473.0,550.0,473.00003,0.13230926,649.85333,556.0732,83.07315,0.5206153,0.38830602,483.93994,-165.91339
1.5-473-550,0.0612244898,0.1224489796,0.22784103821928303,0.0002048723241,1.5,473.0,550.0,473.00003,1.1811188,649.85333,571.1487,98.14865,1.074671,-0.106447816,542.3844,-107.46893
1.5-473-550,0.1951807228,0.3903614456,0.9671530515086588,-0.0008696541017,1.5,473.0,550.0,993.76807,0.7193528,54.997772,797.9252,-195.8429,0.8837791,0.16442633,267.44882,212.45105
1.5-473-550,0.156626506,0.313253012,0.9945113832197316,0.0008942544329,1.5,473.0,550.0,838.2721,0.16185403,72.4939,747.86,-90.41211,0.6729397,0.5110857,306.9871,234.4932
1.5-473-550,0.3831325302,0.7662650604,0.09831793590232207,-8.84064793e-05,1.5,473.0,550.0,609.27563,1.99941,478.7454,673.18744,63.911804,1.6941699,-0.30524015,396.06573,-82.67966
1.5-473-550,0.05918367348,0.11836734696,0.9999999997775775,0.0008991897406,1.5,473.0,550.0,473.00003,-5.322157e-09,649.85333,536.07227,63.072235,0.43812725,0.43812725,507.25464,-142.5987
1.5-473-550,0.4673469388,0.9346938776,0.9980223152919674,0.000897411427,1.5,473.0,550.0,659.48517,0.10401433,353.64825,756.0164,96.53125,1.1028385,0.9988242,229.33426,-124.313995
1.5-473-550,0.4244897959,0.8489795918,0.999825745120423,0.0008990330526,1.5,473.0,550.0,698.50977,0.0067314454,128.96494,834.11523,135.60547,1.1084245,1.1016932,178.39326,49.42833
1.5-473-550,0.3578313253,0.7156626506,0.8705746216627653,-0.0007828117684,1.5,473.0,550.0,770.9247,2.0189195,87.74043,790.01434,19.08966,1.6935526,-0.32536685,222.31306,134.57263
1.5-473-550,0.191566265,0.38313253,0.993141646395439,0.0008930227796,1.5,473.0,550.0,1091.133,0.16534674,48.463623,828.1357,-262.99738,0.7559411,0.59059435,242.08678,193.62315
1.5-473-550,0.3048192771,0.6096385542,0.9442484491033019,-0.0008490585182,1.5,473.0,550.0,931.0621,1.3977277,60.576447,886.9618,-44.10028,1.2709467,-0.12678099,175.95331,115.37686
1.5-473-550,0.4367346939,0.8734693878,0.9993254186825348,-0.0008985831642,1.5,473.0,550.0,673.06494,0.038557347,229.58864,811.08325,138.01831,1.1123377,1.0737804,192.22063,-37.36801
1.5-473-550,0.06326530613,0.12653061226,0.9772248215579286,-0.000878710534,1.5,473.0,550.0,473.00003,0.23855823,649.85333,528.90186,55.901825,0.526393,0.28783476,513.9632,-135.89014
1.5-473-550,0.06734693879,0.13469387758,0.993141646395439,0.0008930227796,1.5,473.0,550.0,473.00003,0.070544235,649.85333,545.51855,72.518524,0.48111165,0.4105674,495.90323,-153.9501
1.5-473-550,0.2457831325,0.491566265,0.7525573838264147,0.0006766918789,1.5,473.0,550.0,602.4778,1.4700065,488.80103,660.16626,57.688477,1.5172753,0.047268867,387.38626,-101.414764
1.5-473-550,0.2180722891,0.4361445782,0.5396442234408553,-0.0004852425494,1.5,473.0,550.0,525.2139,1.3136376,595.9721,579.78235,54.56842,1.3616205,0.04798293,499.40186,-96.57025
1.5-473-550,0.4918367347,0.9836734694,0.7525573838264147,-0.0006766918789,1.5,473.0,550.0,657.3347,1.6728219,362.32977,684.49506,27.16034,2.0174413,0.3446194,278.04468,-84.285095
1.5-473-550,0.4734693878,0.9469387756,0.03282169734692774,-2.951293353e-05,1.5,473.0,550.0,654.8952,1.9996629,372.17807,702.5918,47.696594,1.9876512,-0.012011647,329.8071,-42.37097
1.5-473-550,0.3072289157,0.6144578314,0.9337895728803226,-0.000839654004,1.5,473.0,550.0,900.3505,1.5108516,63.92447,872.5986,-27.751953,1.3259206,-0.18493104,185.18527,121.2608
1.5-473-550,0.06734693879,0.13469387758,0.8705746216627653,-0.0007828117684,1.5,473.0,550.0,473.00003,0.7883516,649.85333,491.24292,18.24289,0.7925521,0.004200518,559.47516,-90.378174
1.5-473-550,0.3602409639,0.7204819278,0.993141646395439,0.0008930227796,1.5,473.0,550.0,1101.4379,0.28695977,47.871155,928.20465,-173.23322,1.0962666,0.80930686,130.97154,83.10039
1.5-473-550,0.1060240963,0.2120481926,0.9337895728803226,0.000839654004,1.5,473.0,550.0,490.63766,0.6655585,632.4847,575.50146,84.8638,0.76093835,0.09537983,464.3099,-168.17477
1.5-473-550,0.3337349398,0.6674698796,0.9215172744995802,-0.0008286188792,1.5,473.0,550.0,863.62866,1.6981297,68.678986,852.98267,-10.645996,1.4457856,-0.252344,188.12105,119.44206
1.5-473-550,0.2831325301,0.5662650602,0.16340484119544796,0.0001469319568,1.5,473.0,550.0,528.7595,1.4808748,592.0294,630.20166,101.44214,1.3608607,-0.12001407,471.16467,-120.864746
1.5-473-550,0.1168674698,0.2337349396,0.6600967573005477,-0.0005935522321,1.5,473.0,550.0,479.83612,1.0014423,643.38464,508.45953,28.623413,1.0886815,0.087239146,565.6069,-77.77777
1.5-473-550,0.2674698795,0.534939759,0.9442484491033019,0.0008490585182,1.5,473.0,550.0,954.9438,1.2795763,58.299194,869.91565,-85.02814,1.1741799,-0.10539639,200.77391,142.47472
1.5-473-550,0.2072289156,0.4144578312,0.16340484097302546,-0.0001469319566,1.5,473.0,550.0,509.25073,1.2808301,613.64825,596.22345,86.97272,1.1983461,-0.08248401,513.0137,-100.63458
1.5-473-550,0.07755102043,0.15510204086,0.3542741437603377,0.0003185596755,1.5,473.0,550.0,473.00003,1.1494406,649.85333,551.5004,78.5004,1.0460296,-0.10341108,562.109,-87.74432
1.5-473-550,0.1433734939,0.2867469878,0.9895407848051817,0.0008897849218,1.5,473.0,550.0,727.9243,0.3787135,104.49844,709.0029,-18.921387,0.66522646,0.28651297,339.91223,235.41379
1.5-473-550,0.0897959184,0.1795918368,0.9671530515086588,0.0008696541017,1.5,473.0,550.0,473.00003,0.34258676,649.85333,568.5131,95.51309,0.6216651,0.27907836,470.4126,-179.44073
1.5-473-550,0.06938775512,0.13877551024,0.9956514833048237,-0.0008952795992,1.5,473.0,550.0,473.00003,0.044328567,649.85333,550.83386,77.83383,0.47651806,0.4321895,490.13358,-159.71976
1.5-473-550,0.3674698796,0.7349397592,0.9996041061370615,-0.0008988337571,1.5,473.0,550.0,1126.932,0.013893897,46.50891,928.3036,-198.62842,1.0616664,1.0477725,129.4791,82.970184
1.5-473-550,0.1626506024,0.3253012048,0.9215172744995802,0.0008286188792,1.5,473.0,550.0,570.96844,0.9246541,537.5311,677.1563,106.18787,0.95328647,0.028632343,372.1975,-165.33362
1.5-473-550,0.004081632618,0.008163265236,0.8902853188558087,-0.0008005354251,1.5,473.0,550.0,473.00003,0.8438583,649.85333,452.93463,-20.0654,0.60698533,-0.23687297,626.61725,-23.236084
1.5-473-550,0.3602409639,0.7204819278,0.9895407848051817,-0.0008897849218,1.5,473.0,550.0,1083.1648,0.43771127,48.926697,923.12506,-160.03973,1.1206614,0.68295014,133.98872,85.06203
1.5-473-550,0.02040816324,0.04081632648,0.7098470004029654,0.0006382871403,1.5,473.0,550.0,473.00003,0.9985409,649.85333,472.66724,-0.3327942,0.86401546,-0.13452542,619.7487,-30.104614
1.5-473-550,0.08367346941,0.16734693882,0.9872047710533666,0.0008876844022,1.5,473.0,550.0,473.00003,0.13210744,649.85333,571.5055,98.50546,0.5391406,0.40703315,467.5686,-182.28473
1.5-473-550,0.4469387755,0.893877551,0.993141646395439,0.0008930227796,1.5,473.0,550.0,665.1689,0.3970818,302.4602,787.96124,122.79236,1.1515113,0.7544295,206.05168,-96.40852
1.5-473-550,0.3060240964,0.6120481928,0.9215172744995802,-0.0008286188792,1.5,473.0,550.0,868.7297,1.6032159,67.977905,856.1167,-12.612976,1.3761653,-0.22705066,197.47108,129.49318
1.5-473-550,0.2638554217,0.5277108434,0.09831793590232207,-8.84064793e-05,1.5,473.0,550.0,522.4491,1.4281265,599.0467,615.94934,93.500244,1.3085275,-0.119598985,485.38434,-113.66235
1.5-473-550,0.3722891567,0.7445783134,0.960723235489121,-0.0008638724771,1.5,473.0,550.0,942.5418,1.4280868,59.397614,872.02234,-70.51947,1.3191016,-0.108985186,161.72896,102.331345
1.5-473-550,0.1506024096,0.3012048192,0.999825745120423,0.0008990330526,1.5,473.0,550.0,842.91754,0.0031983799,71.75308,739.84595,-103.071594,0.6358001,0.63260174,313.30963,241.55655
1.5-473-550,0.3807228916,0.7614457832,0.03282169734692774,-2.951293353e-05,1.5,473.0,550.0,606.39197,1.9774607,483.2846,660.2208,53.828857,1.6646421,-0.31281865,404.63297,-78.65164
1.5-473-550,0.321686747,0.643373494,0.9442484491033019,0.0008490585182,1.5,473.0,550.0,924.50964,1.4505085,61.24707,885.86664,-38.643005,1.3113472,-0.13916123,170.35454,109.10747
1.5-473-550,0.1361445783,0.2722891566,0.8206166047262803,0.0007378900321,1.5,473.0,550.0,503.63757,0.94389826,619.3288,560.21716,56.57959,1.0593886,0.11549038,489.3224,-130.00641
1.5-473-550,0.1831325301,0.3662650602,0.9945113832197316,-0.0008942544329,1.5,473.0,550.0,1017.7369,0.1281088,53.16339,811.2691,-206.46777,0.73078823,0.60267943,255.48833,202.32494
1.5-473-550,0.2686746988,0.5373493976,0.9215172744995802,0.0008286188792,1.5,473.0,550.0,877.5135,1.4850645,66.78903,839.02264,-38.490845,1.2714658,-0.21359873,223.93192,157.14288
1.5-473-550,0.1060240963,0.2120481926,0.7892004020960466,0.000709640905,1.5,473.0,550.0,475.8386,0.9056554,647.1756,512.305,36.4664,0.99973065,0.09407526,542.25385,-104.92175
1.5-473-550,0.008163265274,0.016326530548,0.9895407848051817,-0.0008897849218,1.5,473.0,550.0,473.00003,0.09759324,649.85333,469.6891,-3.3109436,0.36216962,0.26457638,598.1556,-51.697754
1.5-473-550,0.1228915662,0.2457831324,0.8206166047262803,-0.0007378900321,1.5,473.0,550.0,492.78983,0.9141512,630.3067,542.00995,49.220123,1.018116,0.103964806,507.41208,-122.89462
1.5-473-550,0.3385542169,0.6771084338,0.9726063657286781,-0.0008745576659,1.5,473.0,550.0,1018.3068,0.9753685,53.135315,918.5208,-99.78601,1.1912805,0.21591198,142.85843,89.723114
1.5-473-550,0.3771084338,0.7542168676,0.8902853188558087,0.0008005354251,1.5,473.0,550.0,805.17145,2.078282,78.86746,795.7689,-9.402527,1.6621493,-0.4161328,209.63503,130.76756
1.5-473-550,0.01632653059,0.03265306118,0.9999999997775775,0.0008991897406,1.5,473.0,550.0,473.00003,-5.322157e-09,649.85333,480.17584,7.175812,0.3447076,0.3447076,582.0854,-67.767944
1.5-473-550,0.2084337349,0.4168674698,0.4163512326852384,0.000374378757,1.5,473.0,550.0,515.5002,1.2797241,606.7738,579.608,64.10779,1.256205,-0.023519158,518.6564,-88.11743
1.5-473-550,0.4020408163,0.8040816326,0.9531521910353185,0.0008570646716,1.5,473.0,550.0,859.22687,1.774426,69.37552,826.3378,-32.889038,1.3958082,-0.37861776,182.55322,113.177704
1.5-473-550,0.286746988,0.573493976,0.9915009044774012,-0.0008915474413,1.5,473.0,550.0,1155.3081,0.2643103,45.09732,956.6117,-198.69641,0.97085094,0.70654064,133.21712,88.1198
1.5-473-550,0.4571428571,0.9142857142,0.9996041061370615,-0.0008988337571,1.5,473.0,550.0,661.4975,0.01754349,337.34198,774.46375,112.96625,1.1014366,1.0838932,216.35922,-120.98276
1.5-473-550,0.3,0.6,0.9996041060258503,0.000898833757,1.5,473.0,550.0,1180.9823,0.01046055,43.906403,973.5224,-207.4599,0.9460689,0.9356083,118.410324,74.50392
1.5-473-550,0.134939759,0.269879518,0.998978267368595,-0.0008982710093,1.5,473.0,550.0,768.7081,0.04076248,87.89551,699.457,-69.25116,0.6062015,0.56543905,347.588,259.6925
1.5-473-550,0.06734693879,0.13469387758,0.29146971579860803,-0.0002620865782,1.5,473.0,550.0,473.00003,1.1649005,649.85333,562.858,89.85794,1.0557225,-0.109178066,552.029,-97.82434
1.5-473-550,0.178313253,0.356626506,0.9973789933391554,0.0008968329585,1.5,473.0,550.0,994.27527,0.06174582,54.93042,804.3059,-189.96936,0.70641065,0.6446648,260.9026,205.97217
1.5-473-550,0.4612244898,0.9224489796,0.993141646395439,0.0008930227796,1.5,473.0,550.0,660.54395,0.3730855,346.40198,763.42236,102.87842,1.1413325,0.768247,222.86252,-123.53946
1.5-473-550,0.3542168675,0.708433735,0.8902853188558087,0.0008005354251,1.5,473.0,550.0,803.16406,1.9437115,79.37019,809.97906,6.8150024,1.618025,-0.32568657,209.39963,130.02943
1.5-473-550,0.3397590362,0.6795180724,0.8206166047262803,-0.0007378900321,1.5,473.0,550.0,687.6178,1.9498575,180.3902,753.6509,66.03308,1.7763004,-0.17355704,260.17075,79.78055
1.5-473-550,0.1722891566,0.3445783132,0.6021818746711394,-0.0005414757638,1.5,473.0,550.0,508.8357,1.1071732,614.03906,547.34515,38.50946,1.2398386,0.1326654,530.0293,-84.009766
1.5-473-550,0.2337349397,0.4674698794,0.9973789933391554,0.0008968329585,1.5,473.0,550.0,1262.6968,0.06555664,40.561493,914.86176,-347.83502,0.8243891,0.75883245,172.95544,132.39395
1.5-473-550,0.1662650602,0.3325301204,0.9985491866279087,-0.0008978851843,1.5,473.0,550.0,920.5554,0.03667211,61.5773,777.0423,-143.51312,0.67504674,0.6383746,282.81207,221.23477
1.5-473-550,0.3698795181,0.7397590362,0.9915009044774012,-0.0008915474413,1.5,473.0,550.0,1084.6997,0.37482214,48.837463,913.9957,-170.70398,1.1213365,0.7465143,137.32736,88.4899
1.5-473-550,0.3783132531,0.7566265062,0.9915009044774012,0.0008915474413,1.5,473.0,550.0,1076.5938,0.39532977,49.308685,902.4442,-174.14954,1.1322998,0.73697,142.50748,93.19879
1.5-473-550,0.1987951807,0.3975903614,0.9980223152919674,0.000897411427,1.5,473.0,550.0,1195.729,0.046059605,43.255585,851.3014,-344.4276,0.746862,0.7008024,223.52444,180.26886
1.5-473-550,0.004081632618,0.008163265236,0.9999999997775775,-0.0008991897406,1.5,473.0,550.0,473.00003,-5.322157e-09,649.85333,469.55576,-3.444275,0.31808776,0.31808776,600.14044,-49.71289
1.5-473-550,0.09387755105,0.1877551021,0.9337895728803226,0.000839654004,1.5,473.0,550.0,473.00003,0.5808786,649.85333,553.843,80.84299,0.72896796,0.14808935,486.1507,-163.70264
1.5-473-550,0.2795180723,0.5590361446,0.7892004020960466,0.000709640905,1.5,473.0,550.0,644.1233,1.6459668,407.33063,711.37915,67.25586,1.6196922,-0.026274562,326.37582,-80.9548
1.5-473-550,0.0244897959,0.0489795918,0.9999999997775775,0.0008991897406,1.5,473.0,550.0,473.00003,-5.322157e-09,649.85333,488.5086,15.508575,0.36247212,0.36247212,569.2041,-80.64923
1.5-473-550,0.3156626506,0.6313253012,0.29146971579860803,-0.0002620865782,1.5,473.0,550.0,557.28815,1.61494,557.7668,651.5825,94.29437,1.528848,-0.086091995,439.0192,-118.74759
1.5-473-550,0.1445783132,0.2891566264,0.7892004020960466,0.000709640905,1.5,473.0,550.0,506.53964,0.98175853,616.3919,558.2282,51.68857,1.117466,0.13570744,494.88092,-121.51099
1.5-473-550,0.2457831325,0.491566265,0.9996041061370615,-0.0008988337571,1.5,473.0,550.0,1239.8451,0.00872522,41.432465,935.8092,-304.0359,0.83673763,0.8280124,156.03595,114.603485
1.5-473-550,0.2192771084,0.4385542168,0.9998257452316341,0.0008990330527,1.5,473.0,550.0,1297.3317,0.0024145192,39.923004,894.7107,-402.62097,0.7803593,0.7779448,189.22035,149.29735
1.5-473-550,0.2361445783,0.4722891566,0.4163512326852384,0.000374378757,1.5,473.0,550.0,523.4825,1.3620932,597.8975,596.4923,73.00983,1.3378783,-0.024214864,497.2732,-100.62433
1.5-473-550,0.2253012048,0.4506024096,0.9993254186825348,0.0008985831642,1.5,473.0,550.0,1291.4263,0.014910812,39.923004,904.47046,-386.9558,0.79572874,0.7808179,181.44397,141.52097
1.5-473-550,0.2963855422,0.5927710844,0.999825745120423,0.0008990330526,1.5,473.0,550.0,1185.0266,0.0031613058,43.721466,973.5008,-211.52582,0.9375874,0.93442607,119.333954,75.61249
1.5-473-550,0.2963855422,0.5927710844,0.9993254186825348,-0.0008985831642,1.5,473.0,550.0,1182.8345,0.019395405,43.821716,972.63837,-210.1961,0.94084674,0.92145133,119.91156,76.08984
1.5-473-550,0.09795918369,0.19591836738,0.9973789935615778,0.0008968329587,1.5,473.0,550.0,473.0041,0.026132042,649.8495,609.71155,136.70746,0.5327873,0.5066553,429.4012,-220.44827
1.5-473-550,0.1951807228,0.3903614456,0.9726063657286781,-0.0008745576659,1.5,473.0,550.0,1026.7009,0.61654496,52.544434,805.61273,-221.0882,0.86019796,0.243653,260.9896,208.44516
1.5-473-550,0.4632653061,0.9265306122,0.9811301446957078,-0.0008822221605,1.5,473.0,550.0,660.09106,0.81581104,350.45425,753.2857,93.19464,1.2162988,0.40048778,227.86798,-122.58627
1.5-473-550,0.3036144579,0.6072289158,0.9895407848051817,-0.0008897849218,1.5,473.0,550.0,1131.3961,0.34429663,46.276154,956.6878,-174.70831,1.0177214,0.6734248,128.65768,82.38153
1.5-473-550,0.3132530121,0.6265060242,0.8705746216627653,-0.0007828117684,1.5,473.0,550.0,758.0872,1.8151795,92.60271,797.493,39.40576,1.5757731,-0.23940635,238.07617,145.47346
1.5-473-550,0.3987951807,0.7975903614,0.9985491868503311,0.0008978851845,1.5,473.0,550.0,1089.6318,0.076271646,48.55072,878.7978,-210.83405,1.1041114,1.0278398,153.64627,105.09555
1.5-473-550,0.03469387754,0.06938775508,0.7098470004029654,-0.0006382871403,1.5,473.0,550.0,473.00003,0.9752267,649.85333,472.90714,-0.09289551,0.89004856,-0.08517814,613.07916,-36.77417
1.5-473-550,0.4877551021,0.9755102042,0.16340484097302546,-0.0001469319566,1.5,473.0,550.0,656.66736,1.9566419,365.02396,725.28217,68.61481,2.0911758,0.13453388,306.9334,-58.090546
1.5-473-550,0.3746987952,0.7493975904,0.960723235489121,0.0008638724771,1.5,473.0,550.0,940.7903,1.4434072,59.57083,869.26086,-71.52942,1.3225291,-0.1208781,162.77267,103.20184
1.5-473-550,0.3361445784,0.6722891568,0.9915009044774012,0.0008915474413,1.5,473.0,550.0,1116.3074,0.31612456,47.07666,948.4255,-167.8819,1.0674976,0.75137305,124.71959,77.64293
1.5-473-550,0.006122448946,0.012244897892,0.9071317792997667,-0.0008156835895,1.5,473.0,550.0,473.00003,0.725313,649.85333,454.42056,-18.579468,0.5771889,-0.1481241,622.03033,-27.822998
1.5-473-550,0.1843373494,0.3686746988,0.2914697156873968,0.0002620865781,1.5,473.0,550.0,503.15527,1.1758709,619.8169,581.20795,78.05267,1.1619043,-0.01396656,528.99835,-90.81854
1.5-473-550,0.2686746988,0.5373493976,0.993141646395439,-0.0008930227796,1.5,473.0,550.0,1181.7953,0.19914722,43.869232,948.6815,-233.11377,0.92297786,0.72383064,142.91803,99.0488
1.5-473-550,0.4489795918,0.8979591836,0.7525573838264147,-0.0006766918789,1.5,473.0,550.0,661.0541,1.6793755,341.55545,696.4347,35.380615,2.0666685,0.38729298,269.77664,-71.77881
1.5-473-550,0.1156626505,0.231325301,0.960723235489121,-0.0008638724771,1.5,473.0,550.0,526.4863,0.61604667,594.55725,615.5121,89.02576,0.70615685,0.09011018,424.64847,-169.90878
1.5-473-550,0.01428571426,0.02857142852,0.8902853187445975,0.000800535425,1.5,473.0,550.0,473.00003,0.7132847,649.85333,456.5988,-16.401245,0.6297962,-0.083488464,616.4696,-33.383728
1.5-473-550,0.3879518073,0.7759036146,0.16340484097302546,-0.0001469319566,1.5,473.0,550.0,614.71155,2.0448918,469.65277,684.2076,69.49603,1.7431172,-0.30177462,385.92682,-83.72595
1.5-473-550,0.3445783133,0.6891566266,0.9844268823757469,-0.0008851865532,1.5,473.0,550.0,1073.1471,0.5961173,49.509064,931.26825,-141.87885,1.1286604,0.5325431,133.05626,83.547195
1.5-473-550,0.1819277108,0.3638554216,0.29146971579860803,-0.0002620865782,1.5,473.0,550.0,502.20605,1.1672876,620.7775,580.26556,78.05951,1.158004,-0.009283543,530.08203,-90.695496
1.5-473-550,0.2554216867,0.5108433734,0.09831793589120096,8.840647929e-05,1.5,473.0,550.0,520.5528,1.4084314,601.15533,612.35364,91.80084,1.2905294,-0.11790204,490.05194,-111.10339
1.5-473-550,0.4938775511,0.9877551022,0.9999999997775775,0.0008991897406,1.5,473.0,550.0,657.493,-5.322157e-09,361.6908,715.6402,58.147217,1.0513915,1.0513915,263.0062,-98.6846
1.5-473-550,0.06938775512,0.13877551024,0.9915009044774012,-0.0008915474413,1.5,473.0,550.0,473.00003,0.08766132,649.85333,548.0049,75.00485,0.49155498,0.40389365,493.01886,-156.83447
1.5-473-550,0.4244897959,0.8489795918,0.8902853187445975,0.000800535425,1.5,473.0,550.0,690.317,1.7915484,141.90697,753.6262,63.309204,1.7051226,-0.08642578,223.78592,81.87895
1.5-473-550,0.1927710843,0.3855421686,0.9996041060258503,0.000898833757,1.5,473.0,550.0,1140.8176,0.007703299,45.811707,840.71704,-300.1006,0.72595674,0.71825343,231.83168,186.01997
1.5-473-550,0.1759036144,0.3518072288,0.9337895728803226,0.000839654004,1.5,473.0,550.0,621.60406,0.9642175,456.75732,716.7616,95.15753,0.95510787,-0.009109616,337.08063,-119.6767
1.5-473-550,0.3192771085,0.638554217,0.960723235489121,-0.0008638724771,1.5,473.0,550.0,982.21265,1.1894541,55.909454,909.80255,-72.410095,1.2199278,0.03047371,155.04544,99.13599
1.5-473-550,0.2855421687,0.5710843374,0.9071317792997667,-0.0008156835895,1.5,473.0,550.0,832.75165,1.6171836,73.68787,831.126,-1.6256714,1.3743912,-0.24279237,224.14311,150.45525
1.5-473-550,0.1674698795,0.334939759,0.29146971579860803,-0.0002620865782,1.5,473.0,550.0,496.26688,1.1282449,626.78796,575.0525,78.785614,1.1365352,0.008290291,536.0627,-90.72528
1.5-473-550,0.1831325301,0.3662650602,0.7098470004029654,0.0006382871403,1.5,473.0,550.0,524.82965,1.126834,596.3994,575.4706,50.64093,1.2879484,0.16111434,485.50565,-110.89377
1.5-473-550,0.1722891566,0.3445783132,0.9993254186825348,-0.0008985831642,1.5,473.0,550.0,963.7203,0.015050286,57.462677,792.7866,-170.93365,0.6841126,0.6690623,270.03513,212.57245
1.5-473-550,0.3240963856,0.6481927712,0.9956514833048237,0.0008952795992,1.5,473.0,550.0,1146.527,0.1529069,45.530212,962.0586,-184.46838,1.0179998,0.8650929,119.42583,73.895615
1.5-473-550,0.0244897959,0.0489795918,0.9973789933391554,0.0008968329585,1.5,473.0,550.0,473.00003,0.02404576,649.85333,487.44247,14.442444,0.3716182,0.34757245,570.4074,-79.44592
1.5-473-550,0.2445783133,0.4891566266,0.8705746216627653,-0.0007828117684,1.5,473.0,550.0,701.1892,1.5464495,164.43095,754.5861,53.39691,1.3510439,-0.1954056,299.4298,134.99886
1.5-473-550,0.05306122449,0.10612244898,0.7098470004029654,0.0006382871403,1.5,473.0,550.0,473.00003,0.9841809,649.85333,475.82077,2.8207397,0.92583287,-0.05834806,603.2352,-46.618103
1.5-473-550,0.4408163265,0.881632653,0.47796385156444166,0.0004297801918,1.5,473.0,550.0,652.05524,2.01255,383.64307,702.3842,50.32898,2.1495457,0.13699555,315.72647,-67.916595
1.5-473-550,0.3445783133,0.6891566266,0.7098470004029654,-0.0006382871403,1.5,473.0,550.0,645.189,1.9121857,405.22034,693.18396,47.994934,1.9173824,0.0051966906,316.986,-88.234344
1.5-473-550,0.2445783133,0.4891566266,0.9956514833048237,-0.0008952795992,1.5,473.0,550.0,1226.1549,0.1166315,41.975067,927.42365,-298.73126,0.8571835,0.740552,162.40399,120.428925
1.5-473-550,0.3987951808,0.7975903616,0.8902853188558087,0.0008005354251,1.5,473.0,550.0,805.3398,2.2891984,78.794266,777.9499,-27.389893,1.6910235,-0.5981749,214.03902,135.24475
1.5-473-550,0.2819277109,0.5638554218,0.998978267368595,-0.0008982710093,1.5,473.0,550.0,1193.5836,0.029130334,43.341705,967.35724,-226.22638,0.9143958,0.88526547,126.96335,83.62164
1.5-473-550,0.07142857145,0.1428571429,0.09831793589120096,8.840647929e-05,1.5,473.0,550.0,473.00003,1.1877404,649.85333,576.60675,103.60672,1.133541,-0.054199457,529.1968,-120.656555
1.5-473-550,0.1204819277,0.2409638554,0.8902853188558087,-0.0008005354251,1.5,473.0,550.0,500.1589,0.83154535,622.84924,572.93805,72.779144,0.9029169,0.071371555,469.8836,-152.96564
1.5-473-550,0.3409638555,0.681927711,0.9772248215579286,-0.000878710534,1.5,473.0,550.0,1038.9908,0.8404197,51.675934,923.5484,-115.442444,1.167641,0.32722133,138.9291,87.25316
1.5-473-550,0.1445783132,0.2891566264,0.9996041060258503,0.000898833757,1.5,473.0,550.0,813.3742,0.0115507785,77.0988,724.4086,-88.965576,0.6240069,0.61245614,326.26495,249.16615
1.5-473-550,0.2481927711,0.4963855422,0.3542741439827602,-0.0003185596757,1.5,473.0,550.0,524.3465,1.3947747,596.93677,608.4527,84.1062,1.3349618,-0.059812903,490.59445,-106.342316
1.5-473-550,0.234939759,0.469879518,0.9895407848051817,-0.0008897849218,1.5,473.0,550.0,1226.4084,0.26596934,41.965027,903.53516,-322.8733,0.8703714,0.60440207,181.46414,139.49911
1.5-473-550,0.4265306122,0.8530612244,0.9895407848051817,-0.0008897849218,1.5,473.0,550.0,692.6432,0.6774919,137.21007,821.0872,128.44403,1.1797765,0.50228465,185.11916,47.90909
1.5-473-550,0.02040816324,0.04081632648,0.9980223152919674,-0.000897411427,1.5,473.0,550.0,473.00003,0.017738516,649.85333,483.45328,10.453247,0.3604703,0.34273177,576.59784,-73.25549
1.5-473-550,0.1542168674,0.3084337348,0.9671530515086588,0.0008696541017,1.5,473.0,550.0,632.2689,0.75859076,435.7457,708.2056,75.93671,0.78047484,0.021884084,342.0772,-93.66849
1.5-473-550,0.1337349397,0.2674698794,0.9973789934503665,-0.0008968329586,1.5,473.0,550.0,750.6978,0.112608366,94.03633,694.5631,-56.134705,0.61054456,0.4979362,351.89743,257.86108
1.5-473-550,0.3337349398,0.6674698796,0.9965972946963587,0.0008961300631,1.5,473.0,550.0,1143.0262,0.1238442,45.70279,958.0649,-184.96136,1.0290688,0.9052246,119.35321,73.65042
1.5-473-550,0.2361445783,0.4722891566,0.998978267368595,-0.0008982710093,1.5,473.0,550.0,1261.6317,0.024667496,40.6008,921.24524,-340.38647,0.82034767,0.79568017,167.9234,127.3226
1.5-473-550,0.1361445783,0.2722891566,0.9985491866279087,0.0008978851843,1.5,473.0,550.0,770.3015,0.05795526,87.41385,701.9532,-68.34833,0.6106585,0.55270326,345.45667,258.04282
1.5-473-550,0.1096385542,0.2192771084,0.03282169735804886,2.951293354e-05,1.5,473.0,550.0,473.08966,1.1486346,649.76874,575.5269,102.437256,1.1758866,0.027252078,526.00446,-123.76428
1.5-473-550,0.1795180723,0.3590361446,0.9965972946963587,-0.0008961300631,1.5,473.0,550.0,992.92316,0.08197265,55.035736,805.9818,-186.94135,0.7128087,0.63083607,259.6052,204.56946
1.5-473-550,0.343373494,0.686746988,0.999825745120423,-0.0008990330526,1.5,473.0,550.0,1149.974,0.0037599152,45.36029,955.56335,-194.41064,1.0233867,1.0196269,118.45575,73.09546
1.5-473-550,0.2385542169,0.4771084338,0.09831793590232207,-8.84064793e-05,1.5,473.0,550.0,516.855,1.3652775,605.2673,605.5383,88.68335,1.2584825,-0.10679507,498.58856,-106.67871
1.5-473-550,0.1289156626,0.2578313252,0.960723235489121,-0.0008638724771,1.5,473.0,550.0,551.0843,0.69118786,565.8386,644.18335,93.09906,0.7395855,0.04839766,398.36966,-167.46896
1.5-473-550,0.1180722891,0.2361445782,0.9945113832197316,-0.0008942544329,1.5,473.0,550.0,662.05493,0.2807274,331.85913,653.2122,-8.842712,0.58835936,0.30763197,388.65247,56.793335
1.5-473-550,0.1759036144,0.3518072288,0.8902853188558087,-0.0008005354251,1.5,473.0,550.0,570.3199,1.0196716,538.5193,672.33044,102.01056,1.0737619,0.05409038,378.62097,-159.89832
1.5-473-550,0.1,0.2,0.953181878206767,-0.000857091366,1.5,473.0,550.0,475.11288,0.48286694,647.86017,577.8708,102.757904,0.6903056,0.20743865,461.17807,-186.6821
1.5-473-550,0.05714285715,0.1142857143,0.9956514833048237,-0.0008952795992,1.5,473.0,550.0,473.00003,0.04414111,649.85333,530.0492,57.049164,0.44947332,0.4053322,513.9635,-135.88983
1.5-473-550,0.3349397591,0.6698795182,0.9895407848051817,0.0008897849218,1.5,473.0,550.0,1107.6609,0.38674337,47.538666,946.2212,-161.4397,1.07824,0.6914967,126.43182,78.89316
1.5-473-550,0.3397590362,0.6795180724,0.9531521909241071,0.0008570646715,1.5,473.0,550.0,941.5551,1.3972375,59.49521,890.6612,-50.89392,1.304505,-0.09273255,160.41972,100.924515
1.5-473-550,0.07755102043,0.15510204086,0.9956514833048237,0.0008952795992,1.5,473.0,550.0,473.00003,0.044259664,649.85333,566.0134,93.0134,0.49454737,0.4502877,473.65942,-176.19391
1.5-473-550,0.4081632653,0.8163265306,0.9980223152919674,0.000897411427,1.5,473.0,550.0,790.2167,0.13212538,82.13432,861.9064,71.6897,1.1145405,0.9824151,162.624,80.48967
1.5-473-550,0.0,0.0,0.539871667873015,0.0004854470651,1.5,473.0,550.0,473.00003,0.90842825,649.85333,522.0543,49.05429,0.9262667,0.017838418,597.50885,-52.344482
1.5-473-550,0.104819277,0.209638554,0.5396442233296441,0.0004852425493,1.5,473.0,550.0,473.12283,1.0673482,649.7374,515.5432,42.42038,1.0659152,-0.0014330149,578.92847,-70.80896
1.5-473-550,0.1530120482,0.3060240964,0.9844268823757469,-0.0008851865532,1.5,473.0,550.0,739.89246,0.47068757,98.527115,726.14197,-13.750488,0.70873135,0.23804379,325.74384,227.21672
1.5-473-550,0.265060241,0.530120482,0.9071317792997667,0.0008156835895,1.5,473.0,550.0,836.8857,1.5504609,73.02205,817.314,-19.571655,1.3126295,-0.23783147,241.99591,168.97386
1.5-473-550,0.1421686747,0.2843373494,0.8902853187445975,0.000800535425,1.5,473.0,550.0,523.40985,0.897527,597.9783,611.08466,87.674805,0.96772563,0.070198655,434.00827,-163.97
1.5-473-550,0.2542168675,0.508433735,0.9895407848051817,-0.0008897849218,1.5,473.0,550.0,1179.6655,0.29131973,43.966644,928.7241,-250.9414,0.91284466,0.62152493,160.0488,116.08215
1.5-473-550,0.2987951807,0.5975903614,0.9531521908128958,-0.0008570646714,1.5,473.0,550.0,964.3409,1.2609274,57.43219,899.0251,-65.315796,1.212271,-0.048656464,169.62468,112.19249
1.5-473-550,0.278313253,0.556626506,0.9993254186825348,0.0008985831642,1.5,473.0,550.0,1198.449,0.018148476,43.13492,966.0321,-232.41687,0.9049372,0.8867887,128.68106,85.54614
1.5-473-550,0.3060240964,0.6120481928,0.9993254186825348,0.0008985831642,1.5,473.0,550.0,1175.988,0.019915694,44.134827,973.04474,-202.9433,0.9595197,0.939604,117.17583,73.041
1.5-473-550,0.3807228916,0.7614457832,0.6021818746711394,-0.0005414757638,1.5,473.0,550.0,642.41864,2.0941496,412.48514,679.8247,37.406067,2.0365927,-0.057556868,330.95166,-81.53348
1.5-473-550,0.4040816326,0.8081632652,0.9442484491033019,-0.0008490585182,1.5,473.0,550.0,822.34375,1.8577368,75.429016,815.4868,-6.8569336,1.4464039,-0.41133296,188.61804,113.189026
1.5-473-550,0.1301204819,0.2602409638,0.7892004020960466,0.000709640905,1.5,473.0,550.0,495.57535,0.9514368,627.4878,539.9239,44.34854,1.0714041,0.11996728,513.2623,-114.225464
1.5-473-550,0.4183673469,0.8367346938,0.9071317792997667,-0.0008156835895,1.5,473.0,550.0,710.31415,1.8709075,116.72035,770.0142,59.700073,1.6339113,-0.2369963,214.104,97.38365
1.5-473-550,0.4183673469,0.8367346938,0.9844268823757469,0.0008851865532,1.5,473.0,550.0,720.56555,0.9649783,109.10962,830.5693,110.00372,1.2122959,0.24731761,179.4037,70.29408
1.5-473-550,0.265060241,0.530120482,0.9772248215579286,0.000878710534,1.5,473.0,550.0,1108.9955,0.64069355,47.471222,918.9564,-190.03906,1.0056236,0.36493003,165.09549,117.62427
1.5-473-550,0.1710843373,0.3421686746,0.6600967573005477,-0.0005935522321,1.5,473.0,550.0,512.2112,1.0929271,610.421,551.9738,39.762634,1.2473649,0.15443778,516.8594,-93.561646
1.5-473-550,0.1506024096,0.3012048192,0.4163512323516047,-0.0003743787567,1.5,473.0,550.0,491.06503,1.0877162,632.0522,551.47076,60.40573,1.1280822,0.040365934,553.02185,-79.030334
1.5-473-550,0.1987951807,0.3975903614,0.9071317792997667,-0.0008156835895,1.5,473.0,550.0,689.08624,1.220591,217.74925,729.75885,40.672607,1.1041814,-0.11640954,326.6992,108.949936
1.5-473-550,0.3253012049,0.6506024098,0.9337895728803226,-0.000839654004,1.5,473.0,550.0,894.6602,1.5713909,64.59747,870.98676,-23.673462,1.3702906,-0.20110023,179.14458,114.547104
1.5-473-550,0.2072289156,0.4144578312,0.9671530515086588,0.0008696541017,1.5,473.0,550.0,1118.6448,0.73628664,46.961487,821.45306,-297.1917,0.91426057,0.17797393,248.04239,201.0809
1.5-473-550,0.395180723,0.790361446,0.998978267368595,0.0008982710093,1.5,473.0,550.0,1094.3477,0.05122405,48.27661,885.4197,-208.92798,1.0979608,1.0467368,150.21172,101.935104
1.5-473-550,0.04897959184,0.09795918368,0.9811301446957078,-0.0008822221605,1.5,473.0,550.0,473.00003,0.19149548,649.85333,509.9854,36.985382,0.48087627,0.2893808,537.3588,-112.49451
1.5-473-550,0.1421686747,0.2843373494,0.9895407848051817,0.0008897849218,1.5,473.0,550.0,722.7627,0.38478094,107.51288,706.0574,-16.705322,0.6625153,0.27773434,342.42578,234.9129
1.5-473-550,0.04489795918,0.08979591836,0.9337895728803226,0.000839654004,1.5,473.0,550.0,473.00003,0.56754327,649.85333,486.1163,13.116272,0.6063738,0.03883052,566.1994,-83.65393
1.5-473-550,0.3710843374,0.7421686748,0.8206166047262803,0.0007378900321,1.5,473.0,550.0,705.7284,2.1441948,126.83743,747.45874,41.730347,1.8565521,-0.28764272,249.5148,122.67737
1.5-473-550,0.1722891566,0.3445783132,0.9956514833048237,0.0008952795992,1.5,473.0,550.0,941.7731,0.107485704,59.473633,787.5204,-154.25269,0.7017515,0.59426576,274.50836,215.03473
1.5-473-550,0.4673469388,0.9346938776,0.7892004020960466,0.000709640905,1.5,473.0,550.0,658.5121,1.6159961,357.57678,693.99536,35.483276,1.9824575,0.3664614,266.15295,-91.42383
1.5-473-550,0.1771084337,0.3542168674,0.7892004020960466,0.000709640905,1.5,473.0,550.0,533.03827,1.0795171,587.27155,601.5619,68.52362,1.228988,0.14947093,451.93756,-135.33398
1.5-473-550,0.3927710844,0.7855421688,0.9071317792997667,-0.0008156835895,1.5,473.0,550.0,825.63226,2.153648,74.7525,796.5621,-29.07019,1.6157349,-0.53791296,203.36522,128.61272
1.5-473-550,0.1590361445,0.318072289,0.9973789933391554,0.0008968329585,1.5,473.0,550.0,873.61884,0.07315152,67.217224,757.6367,-115.98212,0.6650645,0.591913,298.74054,231.52332
1.5-473-550,0.2228915662,0.4457831324,0.8705746216627653,-0.0007828117684,1.5,473.0,550.0,685.7287,1.4446741,225.2843,727.8808,42.1521,1.2759935,-0.16868067,326.93002,101.64572
1.5-473-550,0.01836734691,0.03673469382,0.998978267368595,-0.0008982710093,1.5,473.0,550.0,473.00003,0.008732671,649.85333,481.78018,8.780151,0.3527041,0.34397143,579.3679,-70.48541
1.5-473-550,0.002040816307,0.004081632614,0.9607232356003321,-0.0008638724772,1.5,473.0,550.0,473.00003,0.5272079,649.85333,458.95068,-14.049347,0.4361762,-0.0910317,615.09204,-34.76129
1.5-473-550,0.213253012,0.426506024,0.9531521909241071,0.0008570646715,1.5,473.0,550.0,1073.4066,1.0165129,49.540527,812.4128,-260.99384,0.98935837,-0.027154505,255.35179,205.81126
1.5-473-550,0.1397590361,0.2795180722,0.22784103833049427,-0.0002048723242,1.5,473.0,550.0,483.45996,1.0955067,639.74854,574.238,90.778015,1.1130297,0.01752305,538.2294,-101.519165
1.5-473-550,0.3795180723,0.7590361446,0.7098470004029654,0.0006382871403,1.5,473.0,550.0,656.4208,2.133613,366.01923,697.39294,40.972168,2.0232937,-0.110319376,296.73184,-69.287384
1.5-473-550,0.2602409639,0.5204819278,0.9531521908128958,-0.0008570646714,1.5,473.0,550.0,997.4869,1.1397167,54.700745,876.7302,-120.75665,1.1145986,-0.025118113,197.51956,142.81882
1.5-473-550,0.06326530613,0.12653061226,0.9531521908128958,-0.0008570646714,1.5,473.0,550.0,473.00003,0.46373558,649.85333,516.19415,43.194122,0.59953624,0.13580066,527.92,-121.93335
1.5-473-550,0.4448979592,0.8897959184,0.9915009044774012,0.0008915474413,1.5,473.0,550.0,666.2402,0.49461648,292.2821,790.3492,124.10901,1.1634647,0.66884816,204.24371,-88.03839
1.5-473-550,0.1036144578,0.2072289156,0.7098470004029654,0.0006382871403,1.5,473.0,550.0,473.337,0.9746813,649.5354,500.19177,26.854767,1.041717,0.067035735,567.2272,-82.30823
1.5-473-550,0.4040816326,0.8081632652,0.16340484119544796,0.0001469319568,1.5,473.0,550.0,626.15485,2.1711001,449.01575,691.8686,65.713745,1.808374,-0.3627261,371.77994,-77.23581
1.5-473-550,0.156626506,0.313253012,0.9965972946963587,0.0008961300631,1.5,473.0,550.0,852.9161,0.099771254,70.15866,750.62335,-102.292725,0.66346645,0.5636952,304.56955,234.41089
1.5-473-550,0.1831325301,0.3662650602,0.9999999997775775,-0.0008991897406,1.5,473.0,550.0,1046.9093,-5.322157e-09,51.195007,819.469,-227.4403,0.7036641,0.7036641,248.6538,197.45879
1.5-473-550,0.4693877551,0.9387755102,0.47796385156444166,0.0004297801918,1.5,473.0,550.0,656.376,1.8712511,366.20013,710.12195,53.74597,2.2026,0.3313489,301.1272,-65.07294
1.5-473-550,0.2277108433,0.4554216866,0.7525573838264147,0.0006766918789,1.5,473.0,550.0,575.8472,1.3777301,529.5054,642.3147,66.46747,1.4451787,0.067448616,409.1368,-120.36856
1.5-473-550,0.3771084338,0.7542168676,0.9215172744995802,0.0008286188792,1.5,473.0,550.0,851.8099,1.922228,70.33505,824.4809,-27.32898,1.5307553,-0.3914727,190.18797,119.85292
1.5-473-550,0.1096385542,0.2192771084,0.9965972946963587,0.0008961300631,1.5,473.0,550.0,651.6798,0.14098078,385.13257,635.48236,-16.197449,0.5614214,0.4204406,404.9045,19.771942
1.5-473-550,0.3168674699,0.6337349398,0.8902853187445975,0.000800535425,1.5,473.0,550.0,800.5413,1.7823572,80.085175,819.0558,18.514465,1.5240163,-0.25834095,219.99603,139.91086
1.5-473-550,0.4714285714,0.9428571428,0.9726063657286781,-0.0008745576659,1.5,473.0,550.0,658.8587,0.9791682,356.1775,736.78546,77.92676,1.257738,0.27856982,238.65938,-117.51811
1.5-473-550,0.3722891567,0.7445783134,0.9442484491033019,0.0008490585182,1.5,473.0,550.0,897.7762,1.6839294,64.196594,853.0351,-44.74109,1.4106208,-0.27330863,173.47554,109.278946
1.5-473-550,0.4448979592,0.8897959184,0.7525573838264147,0.0006766918789,1.5,473.0,550.0,662.1301,1.7022048,331.33173,697.5436,35.413452,2.067231,0.36502612,269.54453,-61.7872
1.5-473-550,0.2,0.4,0.9985491866279087,0.0008978851843,1.5,473.0,550.0,1214.0121,0.033141132,42.47513,854.68646,-359.32562,0.7466781,0.713537,220.8351,178.35997
1.5-473-550,0.2373493976,0.4746987952,0.8902853188558087,-0.0008005354251,1.5,473.0,550.0,760.10175,1.5086429,94.313095,767.9385,7.836731,1.2759598,-0.23268306,289.63892,195.32582
1.5-473-550,0.008163265274,0.016326530548,0.9915009044774012,0.0008915474413,1.5,473.0,550.0,473.00003,0.07917445,649.85333,470.25684,-2.7431946,0.3557135,0.27653903,597.4518,-52.40155
1.5-473-550,0.1108433734,0.2216867468,0.9071317792997667,0.0008156835895,1.5,473.0,550.0,492.33264,0.76458496,630.7694,566.76526,74.43262,0.8395158,0.07493085,474.55685,-156.21255
1.5-473-550,0.1325301204,0.2650602408,0.03282169734692774,-2.951293353e-05,1.5,473.0,550.0,479.5285,1.103321,643.6948,576.8886,97.36011,1.1834803,0.08015931,525.0431,-118.65173
1.5-473-550,0.1771084337,0.3542168674,0.09831793590232207,-8.84064793e-05,1.5,473.0,550.0,498.14767,1.1585935,624.8846,586.1097,87.962006,1.180578,0.021984458,520.77814,-104.106445
1.5-473-550,0.1759036144,0.3518072288,0.9442484491033019,0.0008490585182,1.5,473.0,550.0,643.042,0.9403808,408.30252,728.79803,85.75604,0.92039573,-0.01998508,326.19693,-82.10559
1.5-473-550,0.373493976,0.746987952,0.960723235489121,0.0008638724771,1.5,473.0,550.0,941.66736,1.4356445,59.48407,870.6509,-71.01648,1.32083,-0.11481452,162.2436,102.75954
1.5-473-550,0.4510204082,0.9020408164,0.9956514833048237,0.0008952795992,1.5,473.0,550.0,663.414,0.2443695,319.13373,782.5621,119.14807,1.1323733,0.8880038,210.05756,-109.07617
1.5-473-550,0.04693877551,0.09387755102,0.9531521908128958,-0.0008570646714,1.5,473.0,550.0,473.00003,0.45347837,649.85333,495.11472,22.114685,0.5604728,0.10699442,554.76184,-95.09149
1.5-473-550,0.2337349397,0.4674698794,0.9772248215579286,-0.000878710534,1.5,473.0,550.0,1174.1135,0.5620154,44.222015,881.7204,-292.39313,0.93193096,0.36991554,198.34978,154.12776
1.5-473-550,0.02653061223,0.05306122446,0.4163512326852384,0.000374378757,1.5,473.0,550.0,473.00003,1.1717925,649.85333,546.39813,73.3981,0.9949674,-0.1768251,571.6395,-78.213806
1.5-473-550,0.4346938775,0.869387755,0.7098470004029654,0.0006382871403,1.5,473.0,550.0,663.5138,1.9365883,318.18512,694.5555,31.041687,2.1181567,0.18156838,279.9437,-38.241425
1.5-473-550,0.05102040816,0.10204081632,0.8475322498919685,-0.0007620923041,1.5,473.0,550.0,473.00003,0.8225992,649.85333,473.11795,0.11791992,0.7878786,-0.0347206,586.22485,-63.62848
1.5-473-550,0.3638554217,0.7277108434,0.8705746216627653,-0.0007828117684,1.5,473.0,550.0,773.4989,2.0523357,86.92351,787.17126,13.672363,1.706542,-0.34579372,221.62337,134.69986
1.5-473-550,0.2807228916,0.5614457832,0.9980223152919674,0.000897411427,1.5,473.0,550.0,1190.4979,0.058479365,43.47296,965.0826,-225.41534,0.9179934,0.85951406,128.80615,85.33319
1.5-473-550,0.2843373494,0.5686746988,0.9985491866279087,0.0008978851843,1.5,473.0,550.0,1189.5472,0.042815086,43.514862,967.7302,-221.81702,0.92195004,0.87913495,126.15546,82.640594
1.5-473-550,0.2915662651,0.5831325302,0.47796385156444166,0.0004297801918,1.5,473.0,550.0,563.3182,1.5604255,549.94006,630.4775,67.1593,1.593535,0.033109426,439.38232,-110.55774
1.5-473-550,0.373493976,0.746987952,0.09831793589120096,8.840647929e-05,1.5,473.0,550.0,600.93506,1.9256725,491.8418,668.5034,67.56836,1.6566082,-0.2690643,404.35016,-87.49164
1.5-473-550,0.06938775512,0.13877551024,0.7098470004029654,-0.0006382871403,1.5,473.0,550.0,473.00003,0.9901198,649.85333,481.05835,8.058319,0.9602358,-0.02988404,593.1037,-56.749634
1.5-473-550,0.104819277,0.209638554,0.3542741439827602,-0.0003185596757,1.5,473.0,550.0,473.01926,1.1264834,649.8352,552.06573,79.04648,1.0666772,-0.059806228,559.8398,-89.99542
1.5-473-550,0.1301204819,0.2602409638,0.998978267368595,0.0008982710093,1.5,473.0,550.0,748.8872,0.04498368,94.731094,687.45703,-61.430176,0.59587,0.55088633,358.01123,263.28015
1.5-473-550,0.2313253012,0.4626506024,0.6600967573005477,-0.0005935522321,1.5,473.0,550.0,547.14166,1.3657061,570.7438,607.57385,60.43219,1.4689572,0.1032511,451.0663,-119.67746
1.5-473-550,0.2795180723,0.5590361446,0.998978267368595,0.0008982710093,1.5,473.0,550.0,1195.8116,0.02886253,43.24701,966.1034,-229.70825,0.90954936,0.8806868,128.36795,85.12094
1.5-473-550,0.4489795918,0.8979591836,0.4163512323516047,-0.0003743787567,1.5,473.0,550.0,652.5446,1.9691675,381.6674,710.6397,58.095093,2.136681,0.16751361,316.19504,-65.47235
1.5-473-550,0.2192771084,0.4385542168,0.9945113832197316,0.0008942544329,1.5,473.0,550.0,1276.7166,0.13324422,40.04416,885.919,-390.79755,0.80927736,0.67603314,196.07689,156.03273
1.5-473-550,0.4959183674,0.9918367348,0.3542741437603377,0.0003185596755,1.5,473.0,550.0,657.0318,1.9104269,363.5527,728.30023,71.26843,2.198381,0.2879541,293.8943,-69.65842
1.5-473-550,0.2457831325,0.491566265,0.9993254186825348,-0.0008985831642,1.5,473.0,550.0,1238.7128,0.016368741,41.477356,935.3263,-303.38647,0.83837575,0.822007,156.39313,114.91577
1.5-473-550,0.2951807229,0.5903614458,0.8475322498919685,0.0007620923041,1.5,473.0,550.0,698.009,1.757946,155.84216,769.3249,71.31592,1.5780427,-0.17990327,268.94736,113.105194
1.5-473-550,0.169879518,0.339759036,0.7892004020960466,-0.000709640905,1.5,473.0,550.0,526.8233,1.0523447,594.18256,591.8567,65.03339,1.203326,0.1509813,461.58942,-132.59314
1.5-473-550,0.07959183676,0.15918367352,0.03282169734692774,-2.951293353e-05,1.5,473.0,550.0,473.00003,1.1884646,649.85333,575.48004,102.48001,1.1681808,-0.020283818,525.27496,-124.57837
1.5-473-550,0.4836734694,0.9673469388,0.8705746216627653,-0.0007828117684,1.5,473.0,550.0,657.6847,1.4910929,360.91678,694.4374,36.752686,1.7152628,0.22416985,262.86008,-98.0567
1.5-473-550,0.08163265309,0.16326530618,0.47796385156444166,-0.0004297801918,1.5,473.0,550.0,473.00003,1.1136918,649.85333,524.7594,51.75937,1.0334721,-0.080219746,580.19104,-69.66229
1.5-473-550,0.1313253012,0.2626506024,0.7098470004029654,0.0006382871403,1.5,473.0,550.0,490.90704,0.99371445,632.2121,522.84174,31.934692,1.1181927,0.12447822,541.7435,-90.46857
1.5-473-550,0.2771084337,0.5542168674,0.999825745120423,-0.0008990330526,1.5,473.0,550.0,1201.7467,0.0029454774,42.99475,966.1966,-235.55011,0.8993638,0.89641833,128.82613,85.831375
1.5-473-550,0.2204819277,0.4409638554,0.5396442233296441,-0.0004852425493,1.5,473.0,550.0,525.9703,1.3210783,595.13104,581.5566,55.586304,1.370059,0.048980713,497.11365,-98.017395
1.5-473-550,0.1385542168,0.2771084336,0.16340484097302546,-0.0001469319566,1.5,473.0,550.0,482.4841,1.0989281,640.73615,578.03406,95.54996,1.129959,0.031030893,532.5738,-108.16235
1.5-473-550,0.2457831325,0.491566265,0.9215172744995802,-0.0008286188792,1.5,473.0,550.0,881.7783,1.4340286,66.35156,816.5692,-65.20911,1.2037079,-0.23032069,247.72322,181.37166
1.5-473-550,0.2265060241,0.4530120482,0.998978267368595,0.0008982710093,1.5,473.0,550.0,1287.7365,0.023603791,39.923004,905.9246,-381.81183,0.8001929,0.7765891,180.26491,140.3419
1.5-473-550,0.1277108433,0.2554216866,0.8705746216627653,-0.0007828117684,1.5,473.0,550.0,503.66602,0.87902725,619.3,573.23395,69.56793,0.96147436,0.08244711,471.4259,-147.87408
1.5-473-550,0.2987951807,0.5975903614,0.6021818746711394,-0.0005414757638,1.5,473.0,550.0,597.55066,1.6424328,496.529,643.80695,46.256287,1.7226871,0.08025432,400.3694,-96.15961
1.5-473-550,0.2253012048,0.4506024096,0.9956514833048237,0.0008952795992,1.5,473.0,550.0,1277.1764,0.106379025,40.02719,898.3159,-378.86047,0.8160639,0.70968485,186.1879,146.1607
1.5-473-550,0.3843373495,0.768674699,0.29146971579860803,-0.0002620865782,1.5,473.0,550.0,617.2795,2.0322838,465.31036,689.30817,72.02869,1.8133286,-0.21895516,378.0019,-87.30847
1.5-473-550,0.3409638555,0.681927711,0.9071317792997667,-0.0008156835895,1.5,473.0,550.0,833.96136,1.8090659,73.376816,833.5416,-0.41973877,1.5232201,-0.28584588,198.58684,125.21002
1.5-473-550,0.1939759036,0.3879518072,0.9996041061370615,-0.0008988337571,1.5,473.0,550.0,1157.1951,0.0076999017,45.011017,843.3714,-313.82367,0.7284925,0.7207926,229.73425,184.72324
1.5-473-550,0.243373494,0.486746988,0.09831793590232207,-8.84064793e-05,1.5,473.0,550.0,517.9203,1.377591,604.08264,607.4306,89.510315,1.2671136,-0.11047745,496.25848,-107.82416
1.5-473-550,0.256626506,0.513253012,0.9071317792997667,-0.0008156835895,1.5,473.0,550.0,834.905,1.5369849,73.39427,809.6305,-25.274536,1.2865971,-0.2503878,250.60118,177.20691
1.5-473-550,0.0387755102,0.0775510204,0.9215172744995802,0.0008286188792,1.5,473.0,550.0,473.00003,0.6151077,649.85333,476.8738,3.8737793,0.62098414,0.005876422,579.39514,-70.45819
1.5-473-550,0.0,0.0,0.29159210164778604,-0.0002621966263,1.5,473.0,550.0,473.00003,0.90842825,649.85333,576.6836,103.68356,1.0213008,0.11287254,545.23047,-104.62286
1.5-473-550,0.169879518,0.339759036,0.2914697156873968,0.0002620865781,1.5,473.0,550.0,497.28336,1.1337359,625.7593,575.8671,78.58377,1.1398888,0.0061528683,535.1288,-90.63049
1.5-473-550,0.1542168674,0.3084337348,0.2914697156873968,0.0002620865781,1.5,473.0,550.0,490.5268,1.1045893,632.5969,570.9792,80.45239,1.119615,0.015025616,540.7395,-91.85742
1.5-473-550,0.4367346939,0.8734693878,0.9215172744995802,0.0008286188792,1.5,473.0,550.0,671.17773,1.403583,246.20749,757.5449,86.36719,1.5667331,0.16315007,219.75723,-26.450256
1.5-473-550,0.234939759,0.469879518,0.9071317792997667,-0.0008156835895,1.5,473.0,550.0,834.11774,1.4605002,73.84651,784.84955,-49.26819,1.2186271,-0.24187315,275.8641,202.0176
1.5-473-550,0.386746988,0.773493976,0.9337895728803226,0.000839654004,1.5,473.0,550.0,869.3478,1.905929,67.82172,826.70575,-42.64203,1.4844294,-0.4214996,185.72615,117.904434
1.5-473-550,0.1746987951,0.3493975902,0.7525573838264147,0.0006766918789,1.5,473.0,550.0,524.6833,1.0821618,596.56226,581.2753,56.59204,1.2443107,0.16214895,475.5135,-121.04877
1.5-473-550,0.07142857145,0.1428571429,0.9531521908128958,-0.0008570646714,1.5,473.0,550.0,473.00003,0.4637449,649.85333,528.2624,55.26236,0.6193793,0.15563437,513.7661,-136.08722
1.5-473-550,0.3397590362,0.6795180724,0.7892004020960466,0.000709640905,1.5,473.0,550.0,664.4857,1.9283947,301.8951,731.9686,67.48291,1.8306087,-0.09778595,279.20575,-22.689362
1.5-473-550,0.4795918368,0.9591836736,0.22784103821928303,0.0002048723241,1.5,473.0,550.0,656.1625,1.9556731,367.06198,726.35626,70.19379,2.1059172,0.15024412,307.69223,-59.36975
1.5-473-550,0.01224489793,0.02448979586,0.29146971579860803,-0.0002620865782,1.5,473.0,550.0,473.00003,1.1212513,649.85333,573.1933,100.19327,1.0288906,-0.092360735,546.6312,-103.22211
1.5-473-550,0.2734939759,0.5469879518,0.9996041060258503,-0.000898833757,1.5,473.0,550.0,1204.5723,0.009499067,42.874664,963.47577,-241.0965,0.89346695,0.8839679,131.48209,88.60742
1.5-473-550,0.256626506,0.513253012,0.9993254186825348,-0.0008985831642,1.5,473.0,550.0,1220.3088,0.016945655,42.207092,948.16876,-272.14008,0.86076295,0.8438173,145.47285,103.26576
1.5-473-550,0.2024096385,0.404819277,0.9931416465066502,-0.0008930227797,1.5,473.0,550.0,1206.1521,0.1698829,42.807526,851.1806,-354.9715,0.77971655,0.60983366,223.7441,180.93657
1.5-473-550,0.1626506024,0.3253012048,0.9956514833048237,0.0008952795992,1.5,473.0,550.0,884.5702,0.11712133,65.765564,764.1873,-120.38287,0.6808537,0.5637324,293.47787,227.71231
1.5-473-550,0.09999999702,0.19999999404,0.6024353944675255,0.0005417037262,1.5,473.0,550.0,473.0005,1.0565512,649.85284,504.17847,31.177979,1.0555606,-0.0009906292,581.55084,-68.302
1.5-473-550,0.03469387754,0.06938775508,0.47796385156444166,0.0004297801918,1.5,473.0,550.0,473.00003,1.1371539,649.85333,529.1733,56.17325,0.98394334,-0.15321052,583.92957,-65.92377
1.5-473-550,0.1963855422,0.3927710844,0.9945113832197316,0.0008942544329,1.5,473.0,550.0,1149.9622,0.13562953,45.36084,840.6778,-309.28436,0.7596323,0.62400275,232.05446,186.69362
1.5-473-550,0.4897959184,0.9795918368,0.3542741437603377,0.0003185596755,1.5,473.0,550.0,656.9013,1.9122702,364.0794,726.9035,70.0022,2.189725,0.27745473,296.67252,-67.40689
1.5-473-550,0.2156626506,0.4313253012,0.8206166047262803,-0.0007378900321,1.5,473.0,550.0,599.04987,1.3413504,493.71143,673.6206,74.57074,1.337675,-0.0036754608,378.29416,-115.41727
1.5-473-550,0.5,1.0,0.9671738090853449,0.0008696727667,1.5,473.0,550.0,657.3674,1.0758765,362.198,697.5557,40.188354,1.2339092,0.15803277,271.6588,-90.539185
1.5-473-550,0.4387755102,0.8775510204,0.9844268823757469,0.0008851865532,1.5,473.0,550.0,670.65314,0.81164294,250.924,795.6777,125.024536,1.2124676,0.4008246,199.93039,-50.993607
1.5-473-550,0.2060240964,0.4120481928,0.8705746216627653,-0.0007828117684,1.5,473.0,550.0,631.0558,1.2883588,434.38077,703.64825,72.59247,1.2176807,-0.070678115,350.37524,-84.00552
1.5-473-550,0.3108433735,0.621686747,0.6021818746711394,-0.0005414757638,1.5,473.0,550.0,606.3416,1.6983615,483.11298,650.8002,44.458557,1.7728045,0.07444298,388.55676,-94.55621
1.5-473-550,0.2626506024,0.5253012048,0.4163512326852384,0.000374378757,1.5,473.0,550.0,533.4462,1.4400598,586.8178,613.5337,80.08746,1.4276762,-0.01238358,474.72934,-112.08847
1.5-473-550,0.0102040816,0.0204081632,0.9945113832197316,-0.0008942544329,1.5,473.0,550.0,473.00003,0.05002212,649.85333,472.83005,-0.16998291,0.35013926,0.30011714,593.4172,-56.436157
1.5-473-550,0.343373494,0.686746988,0.8705746216627653,-0.0007828117684,1.5,473.0,550.0,768.4728,1.9415839,88.66145,795.197,26.724243,1.6591724,-0.28241146,225.33264,136.67119
1.5-473-550,0.256626506,0.513253012,0.9996041061370615,-0.0008988337571,1.5,473.0,550.0,1221.4722,0.009031946,42.160645,948.6555,-272.81665,0.8590844,0.8500525,145.12042,102.95978
1.5-473-550,0.4102040816,0.8204081632,0.9726063657286781,0.0008745576659,1.5,473.0,550.0,768.9292,1.3560029,87.925186,832.7716,63.842407,1.2850512,-0.0709517,178.119,90.19382
1.5-473-550,0.1759036144,0.3518072288,0.9956514833048237,-0.0008952795992,1.5,473.0,550.0,968.4653,0.10448717,57.048584,796.11005,-172.35522,0.7095804,0.60509324,267.58386,210.53528
1.5-473-550,0.04693877551,0.09387755102,0.9999999997775775,0.0008991897406,1.5,473.0,550.0,473.00003,-5.322157e-09,649.85333,516.9853,43.98526,0.41140985,0.41140985,530.38434,-119.468994
1.5-473-550,0.01836734691,0.03673469382,0.9531521909241071,0.0008570646715,1.5,473.0,550.0,473.00003,0.42382088,649.85333,468.01117,-4.988861,0.49406913,0.070248246,596.42163,-53.4317
1.5-473-550,0.05714285715,0.1142857143,0.9531521909241071,0.0008570646715,1.5,473.0,550.0,473.00003,0.46206552,649.85333,507.80676,34.806732,0.58478975,0.122724235,538.2253,-111.62805
1.5-473-550,0.1662650602,0.3325301204,0.7525573838264147,-0.0006766918789,1.5,473.0,550.0,518.375,1.0537459,603.5771,571.119,52.74402,1.2146553,0.16090941,485.95267,-117.62442
1.5-473-550,0.1144578313,0.2289156626,0.9772248215579286,0.000878710534,1.5,473.0,550.0,557.3905,0.49042773,557.577,627.77155,70.38104,0.64643353,0.1560058,412.54797,-145.02905
1.5-473-550,0.1650602409,0.3301204818,0.09831793589120096,8.840647929e-05,1.5,473.0,550.0,493.3558,1.1312753,629.73395,583.4581,90.102325,1.1711109,0.039835572,523.5506,-106.18335
1.5-473-550,0.4244897959,0.8489795918,0.9872047710533666,-0.0008876844022,1.5,473.0,550.0,698.2108,0.8056949,129.3283,822.58466,124.37384,1.1952094,0.3895145,184.07704,54.74875
1.5-473-550,0.09183673473,0.18367346946,0.03282169734692774,-2.951293353e-05,1.5,473.0,550.0,473.00003,1.188328,649.85333,575.27057,102.27054,1.1711591,-0.01716888,525.8199,-124.03345
1.5-473-550,0.2518072289,0.5036144578,0.9726063657286781,0.0008745576659,1.5,473.0,550.0,1098.6698,0.7382182,48.033936,898.1278,-200.54199,0.9986348,0.26041663,183.19966,135.16573
1.5-473-550,0.2036144577,0.4072289154,0.9985491866279087,0.0008978851843,1.5,473.0,550.0,1231.519,0.03548115,41.76245,862.2253,-369.29376,0.7543254,0.71884423,214.88379,173.12134
1.5-473-550,0.2168674699,0.4337349398,0.6600967573005477,0.0005935522321,1.5,473.0,550.0,537.27484,1.3111933,582.5195,594.5607,57.28589,1.4122111,0.10101771,467.37762,-115.141846
1.5-473-550,0.3843373495,0.768674699,0.5396442233296441,0.0004852425493,1.5,473.0,550.0,636.85944,2.097892,426.44745,679.43463,42.575195,2.0182774,-0.07961464,343.53403,-82.91342
1.5-473-550,0.3325301205,0.665060241,0.9895407848051817,-0.0008897849218,1.5,473.0,550.0,1109.8273,0.38266402,47.422913,947.77167,-162.0556,1.073848,0.691184,126.13315,78.710236
1.5-473-550,0.08571428574,0.17142857148,0.9985491866279087,0.0008978851843,1.5,473.0,550.0,473.00003,0.014116162,649.85333,584.5522,111.552155,0.5014939,0.4873777,454.4665,-195.38684
1.5-473-550,0.213253012,0.426506024,0.6021818746711394,-0.0005414757638,1.5,473.0,550.0,528.7791,1.2949865,592.0076,580.41345,51.63434,1.3785799,0.08359337,490.25726,-101.75037
1.5-473-550,0.08163265309,0.16326530618,0.9895407848051817,-0.0008897849218,1.5,473.0,550.0,473.00003,0.107857816,649.85333,569.302,96.30197,0.5261013,0.41824347,469.9406,-179.91272
1.5-473-550,0.3361445784,0.6722891568,0.16340484097302546,-0.0001469319566,1.5,473.0,550.0,565.9715,1.6927549,546.46857,657.8288,91.8573,1.5373933,-0.15536153,430.70227,-115.7663
1.5-473-550,0.3361445784,0.6722891568,0.9945113832197316,0.0008942544329,1.5,473.0,550.0,1130.9855,0.20360297,46.296417,953.1057,-177.87976,1.0474031,0.8438001,121.803635,75.50722
1.5-473-550,0.2614457831,0.5228915662,0.3542741439827602,-0.0003185596757,1.5,473.0,550.0,528.7088,1.4310976,592.0859,616.50476,87.79596,1.3772511,-0.05384648,480.1606,-111.92526
