case_id,x,x_over_L,r_over_R,r_signed,diameter,inlet_temperature,wall_heat_flux,true_temperature,true_u,true_density,pred_temperature,error_temperature,pred_u,error_u,pred_density,error_density
1.5-473-550,0.1867469879,0.3734939758,0.5396442233296441,0.0004852425493,1.5,473.0,550.0,512.5311,1.1686084,610.07544,494.75812,-17.77301,1.0901622,-0.07844627,641.2878,31.212341
1.5-473-550,0.2939759036,0.5879518072,0.9772248215579286,-0.000878710534,1.5,473.0,550.0,1077.6062,0.71169186,49.254883,1285.4713,207.86511,-0.36187392,-1.0735657,71.26959,22.01471
1.5-473-550,0.265060241,0.530120482,0.9442484491033019,-0.0008490585182,1.5,473.0,550.0,957.1903,1.2733581,58.096252,1158.804,201.61365,0.3988709,-0.8744872,108.32521,50.22896
1.5-473-550,0.1204819277,0.2409638554,0.9945113832197316,-0.0008942544329,1.5,473.0,550.0,670.7812,0.29129153,250.21994,673.7925,3.0112915,-0.45669526,-0.7479868,121.432526,-128.78741
1.5-473-550,0.4020408163,0.8040816326,0.9442484492145131,-0.0008490585183,1.5,473.0,550.0,850.1838,1.8915956,70.67529,695.234,-154.94977,1.0394799,-0.85211575,311.20282,240.52753
1.5-473-550,0.3722891567,0.7445783134,0.8902853188558087,-0.0008005354251,1.5,473.0,550.0,804.8726,2.0452416,78.94475,741.9347,-62.937927,2.0536351,0.008393526,187.96745,109.022705
1.5-473-550,0.2843373494,0.5686746988,0.9895407848051817,-0.0008897849218,1.5,473.0,550.0,1148.2205,0.32159084,45.446716,1315.4117,167.19128,-0.53673357,-0.8583244,59.171875,13.725159
1.5-473-550,0.2891566265,0.578313253,0.9671530515086588,0.0008696541017,1.5,473.0,550.0,1031.3419,0.9631761,52.210754,1264.139,232.79712,-0.16552705,-1.1287031,82.82289,30.612137
1.5-473-550,0.4428571429,0.8857142858,0.998978267368595,0.0008982710093,1.5,473.0,550.0,667.5624,0.057608303,279.71997,659.4544,-8.107971,-0.5880651,-0.6456734,335.81454,56.094574
1.5-473-550,0.3168674699,0.6337349398,0.5396442233296441,0.0004852425493,1.5,473.0,550.0,597.118,1.6999462,497.29327,579.2941,-17.823853,1.7338543,0.03390813,530.4542,33.16095
1.5-473-550,0.4,0.8,0.6603133567468745,0.0005937469961,1.5,473.0,550.0,655.9245,2.291082,368.0228,660.2665,4.34198,2.1211758,-0.16990614,366.62888,-1.3939209
1.5-473-550,0.1831325301,0.3662650602,0.9531521908128958,-0.0008570646714,1.5,473.0,550.0,740.531,0.8926435,102.16557,832.4735,91.942505,0.2727747,-0.6198688,91.38953,-10.776047
1.5-473-550,0.1156626505,0.231325301,0.5396442233296441,-0.0004852425493,1.5,473.0,550.0,476.63132,1.048576,646.4278,474.78964,-1.8416748,1.0654742,0.016898155,630.94366,-15.484131
1.5-473-550,0.2530120482,0.5060240964,0.9915009044774012,0.0008915474413,1.5,473.0,550.0,1189.8553,0.23669457,43.501495,1322.3435,132.48816,-0.5381778,-0.77487236,51.11151,7.610016
1.5-473-550,0.2421686747,0.4843373494,0.9993254186825348,0.0008985831642,1.5,473.0,550.0,1247.0807,0.016053194,41.14569,1327.553,80.47229,-0.6204074,-0.6364606,40.006683,-1.1390076
1.5-473-550,0.1855421686,0.3710843372,0.7525573838264147,0.0006766918789,1.5,473.0,550.0,533.1109,1.129462,587.19073,501.55853,-31.552368,1.0438892,-0.08557284,639.61896,52.428223
1.5-473-550,0.4591836735,0.918367347,0.7525573838264147,0.0006766918789,1.5,473.0,550.0,659.2175,1.656469,354.7289,661.201,1.9834595,1.9009237,0.24445474,339.82077,-14.908142
1.5-473-550,0.02244897957,0.04489795914,0.9844268823757469,-0.0008851865532,1.5,473.0,550.0,473.00003,0.14652503,649.85333,455.64758,-17.352448,0.039252933,-0.10727209,655.3956,5.5422974
1.5-473-550,0.191566265,0.38313253,0.9726063657286781,-0.0008745576659,1.5,473.0,550.0,975.40533,0.6130002,56.49112,1092.2241,116.81879,-0.2695276,-0.8825278,18.599792,-37.891327
1.5-473-550,0.1662650602,0.3325301204,0.9811301446957078,-0.0008822221605,1.5,473.0,550.0,800.4612,0.47762808,79.669876,955.94885,155.48767,-0.3926167,-0.87024474,-19.844116,-99.51399
1.5-473-550,0.3313253012,0.6626506024,0.5396442233296441,0.0004852425493,1.5,473.0,550.0,607.1256,1.7711611,481.97275,590.931,-16.19458,1.8240786,0.05291748,505.56418,23.59143
1.5-473-550,0.3457831326,0.6915662652,0.9956514833048237,0.0008952795992,1.5,473.0,550.0,1128.2635,0.16783816,46.437775,1209.7521,81.488525,-0.7958066,-0.96364474,49.15033,2.712555
1.5-473-550,0.2831325301,0.5662650602,0.03282169734692774,-2.951293353e-05,1.5,473.0,550.0,526.77856,1.4775286,594.23224,533.0841,6.305542,1.4422237,-0.035304904,604.51324,10.281006
1.5-473-550,0.2975903615,0.595180723,0.3542741439827602,-0.0003185596757,1.5,473.0,550.0,549.6621,1.5532156,567.6807,549.98596,0.32385254,1.542347,-0.010868669,583.5639,15.883179
1.5-473-550,0.03469387754,0.06938775508,0.8475322498919685,0.0007620923041,1.5,473.0,550.0,473.00003,0.8050288,649.85333,448.4568,-24.543243,0.775995,-0.02903378,647.4274,-2.4259033
1.5-473-550,0.07346938777,0.14693877554,0.9945113832197316,0.0008942544329,1.5,473.0,550.0,473.00003,0.056189295,649.85333,498.70132,25.701294,-0.18516892,-0.24135822,574.8505,-75.00281
1.5-473-550,0.03469387754,0.06938775508,0.9985491866279087,0.0008978851843,1.5,473.0,550.0,473.00003,0.013315136,649.85333,467.9545,-5.045532,-0.1259448,-0.13925993,633.96,-15.893311
1.5-473-550,0.1361445783,0.2722891566,0.4163512323516047,-0.0003743787567,1.5,473.0,550.0,484.2104,1.0737606,638.9891,480.8193,-3.3910828,1.0766486,0.0028879642,635.72186,-3.267212
1.5-473-550,0.4938775511,0.9877551022,0.9985491866279087,-0.0008978851843,1.5,473.0,550.0,657.493,0.07508271,361.69086,569.7601,-87.73291,-0.14078563,-0.21586835,446.75894,85.068085
1.5-473-550,0.2240963855,0.448192771,0.9337895728803226,0.000839654004,1.5,473.0,550.0,979.1677,1.2608693,56.2641,950.6211,-28.54663,0.7538675,-0.50700176,133.56488,77.30078
1.5-473-550,0.2951807229,0.5903614458,0.9956514833048237,-0.0008952795992,1.5,473.0,550.0,1167.3073,0.13876098,44.53183,1314.3455,147.03821,-0.6313171,-0.77007806,54.144806,9.612976
1.5-473-550,0.3843373495,0.768674699,0.998978267368595,0.0008982710093,1.5,473.0,550.0,1107.9937,0.04634678,47.520874,1036.0507,-71.94299,-1.0053185,-1.0516653,74.40047,26.879593
1.5-473-550,0.1939759036,0.3879518072,0.22784103821928303,0.0002048723241,1.5,473.0,550.0,505.68872,1.2206755,617.253,497.635,-8.053711,1.1236042,-0.09707129,642.5676,25.314636
1.5-473-550,0.2831325301,0.5662650602,0.9531521909241071,0.0008570646715,1.5,473.0,550.0,975.20734,1.2088019,56.486084,1211.9558,236.74847,0.17106771,-1.0377342,98.441345,41.95526
1.5-473-550,0.4102040816,0.8204081632,0.9337895728803226,0.000839654004,1.5,473.0,550.0,759.21014,1.8555905,91.06395,682.7351,-76.47504,1.2441595,-0.611431,330.45578,239.39183
1.5-473-550,0.1469879518,0.2939759036,0.7525573838264147,-0.0006766918789,1.5,473.0,550.0,504.51663,1.0042142,618.4392,479.00537,-25.511261,1.0128844,0.008670211,639.61206,21.172852
1.5-473-550,0.3530120482,0.7060240964,0.29146971579860803,-0.0002620865782,1.5,473.0,550.0,591.33875,1.8136603,505.79782,583.1634,-8.175354,1.856542,0.042881727,513.9664,8.168549
1.5-473-550,0.3566265061,0.7132530122,0.9945113832197316,0.0008942544329,1.5,473.0,550.0,1112.0148,0.224832,47.30603,1167.6342,55.619385,-0.8297197,-1.0545517,50.648468,3.3424377
1.5-473-550,0.4224489796,0.8448979592,0.9973789934503665,-0.0008968329586,1.5,473.0,550.0,705.01843,0.18153095,121.4518,753.1188,48.10034,-0.81215376,-0.9936847,244.2176,122.76581
1.5-473-550,0.0102040816,0.0204081632,0.9531521908128958,-0.0008570646714,1.5,473.0,550.0,473.00003,0.42327064,649.85333,446.32132,-26.67871,0.29129893,-0.13197172,664.5271,14.673767
1.5-473-550,0.1493975903,0.2987951806,0.9872047710533666,-0.0008876844022,1.5,473.0,550.0,738.84735,0.41884995,99.01787,851.8729,113.02557,-0.4565627,-0.87541264,-25.160187,-124.178055
1.5-473-550,0.395180723,0.790361446,0.03282169734692774,-2.951293353e-05,1.5,473.0,550.0,617.9369,2.1022122,464.19873,592.80524,-25.131653,2.020105,-0.082107306,481.42264,17.223907
1.5-473-550,0.104819277,0.209638554,0.6021818746711394,-0.0005414757638,1.5,473.0,550.0,473.23523,1.0383072,649.6315,471.30194,-1.9332886,1.0534585,0.015151262,629.73444,-19.897034
1.5-473-550,0.05918367348,0.11836734696,0.9973789933391554,0.0008968329585,1.5,473.0,550.0,473.00003,0.02626192,649.85333,484.8885,11.888458,-0.17698425,-0.20324618,602.3551,-47.49823
1.5-473-550,0.2879518072,0.5759036144,0.7098470004029654,-0.0006382871403,1.5,473.0,550.0,620.696,1.6434748,458.6981,587.8352,-32.86078,1.6048293,-0.038645506,524.0454,65.34732
1.5-473-550,0.3903614458,0.7807228916,0.9671530515086588,-0.0008696541017,1.5,473.0,550.0,948.2779,1.425056,58.848663,822.0049,-126.27301,-0.13082296,-1.5558789,189.6307,130.78204
1.5-473-550,0.1855421686,0.3710843372,0.7892004020960466,-0.000709640905,1.5,473.0,550.0,540.848,1.1199418,578.3578,506.7778,-34.07022,1.0205555,-0.099386334,637.5142,59.156433
1.5-473-550,0.3987951807,0.7975903614,0.9671530516198701,-0.0008696541018,1.5,473.0,550.0,941.0341,1.5027689,59.546722,754.789,-186.24512,-0.046878044,-1.549647,244.88654,185.33981
1.5-473-550,0.1373493975,0.274698795,0.4163512326852384,0.000374378757,1.5,473.0,550.0,484.7816,1.0744156,638.4111,481.07175,-3.7098389,1.0766596,0.0022439957,635.88763,-2.5234375
1.5-473-550,0.09387755105,0.1877551021,0.9965972946963587,0.0008961300631,1.5,473.0,550.0,473.00003,0.034332987,649.85333,553.4835,80.48349,-0.32478052,-0.3591135,429.04526,-220.80807
1.5-473-550,0.3144578314,0.6289156628,0.9337895728803226,0.000839654004,1.5,473.0,550.0,898.4203,1.5329269,64.15234,1012.2981,113.87781,1.0665888,-0.46633816,94.16078,30.008438
1.5-473-550,0.3975903615,0.795180723,0.6600967573005477,0.0005935522321,1.5,473.0,550.0,655.24774,2.2711532,370.75494,659.2166,3.968872,2.1191816,-0.15197158,368.69553,-2.0594177
1.5-473-550,0.1253012048,0.2506024096,0.9772248215579286,0.000878710534,1.5,473.0,550.0,583.7302,0.57148534,516.5715,596.76666,13.036438,-0.09804613,-0.66953146,344.44696,-172.12451
1.5-473-550,0.2012048193,0.4024096386,0.9772248215579286,0.000878710534,1.5,473.0,550.0,1126.0778,0.519606,46.558167,1172.5682,46.49048,-0.3548308,-0.8744368,25.234375,-21.323792
1.5-473-550,0.2686746988,0.5373493976,0.9965972946963587,0.0008961300631,1.5,473.0,550.0,1197.2126,0.09796762,43.18747,1331.7959,134.58325,-0.6042549,-0.7022225,51.00067,7.813202
1.5-473-550,0.395180723,0.790361446,0.9872047710533666,0.0008876844022,1.5,473.0,550.0,1032.9977,0.6851281,52.09308,905.92365,-127.074036,-0.80831605,-1.4934442,133.09906,81.00598
1.5-473-550,0.1650602409,0.3301204818,0.9956514833048237,0.0008952795992,1.5,473.0,550.0,899.10175,0.11353891,64.00314,1049.4027,150.30096,-0.6034401,-0.716979,-38.76822,-102.77136
1.5-473-550,0.3120481928,0.6240963856,0.9772248215579286,-0.000878710534,1.5,473.0,550.0,1064.1111,0.7519395,50.066925,1260.8358,196.72473,-0.38590592,-1.1378454,68.41217,18.345245
1.5-473-550,0.2903614458,0.5807228916,0.9872047710533666,-0.0008876844022,1.5,473.0,550.0,1131.6853,0.400994,46.261932,1307.1516,175.46631,-0.5133831,-0.9143771,61.451843,15.189911
1.5-473-550,0.2638554217,0.5277108434,0.993141646395439,-0.0008930227796,1.5,473.0,550.0,1187.1006,0.1960538,43.626587,1327.391,140.2904,-0.56173104,-0.75778484,52.91031,9.283722
1.5-473-550,0.05510204082,0.11020408164,0.9915009044774012,-0.0008915474413,1.5,473.0,550.0,473.00003,0.08704447,649.85333,474.30704,1.3070068,-0.087679036,-0.1747235,626.6052,-23.248108
1.5-473-550,0.1012048192,0.2024096384,0.8902853189670199,-0.0008005354252,1.5,473.0,550.0,473.81305,0.7424642,649.08636,456.61975,-17.193298,0.75142986,0.008965671,656.3606,7.274231
1.5-473-550,0.1975903614,0.3951807228,0.3542741439827602,-0.0003185596757,1.5,473.0,550.0,509.64078,1.2339172,613.229,498.68472,-10.956055,1.1175494,-0.11636782,641.90826,28.67926
1.5-473-550,0.221686747,0.443373494,0.4163512326852384,0.000374378757,1.5,473.0,550.0,519.5453,1.3245447,602.27563,509.19666,-10.348633,1.1662277,-0.15831697,638.6101,36.334473
1.5-473-550,0.04897959184,0.09795918368,0.8206166047262803,-0.0007378900321,1.5,473.0,550.0,473.00003,0.86254764,649.85333,451.9074,-21.09262,0.8518113,-0.010736346,642.0926,-7.760742
1.5-473-550,0.3421686747,0.6843373494,0.9985491866279087,0.0008978851843,1.5,473.0,550.0,1145.0652,0.052926715,45.602295,1225.8234,80.75818,-0.8174358,-0.8703625,47.94226,2.3399658
1.5-473-550,0.1638554216,0.3277108432,0.9772248215579286,0.000878710534,1.5,473.0,550.0,758.43036,0.5743717,91.51036,898.427,139.99664,-0.30903476,-0.88340646,-8.7048025,-100.215164
1.5-473-550,0.4224489796,0.8448979592,0.9998257452316341,-0.0008990330527,1.5,473.0,550.0,705.0219,0.0068645426,121.44835,765.2852,60.263306,-0.869237,-0.87610155,233.82042,112.37207
1.5-473-550,0.2542168675,0.508433735,0.8475322498919685,0.0007620923041,1.5,473.0,550.0,672.49554,1.5835941,244.87102,645.7153,-26.780273,1.3570428,-0.2265513,436.34662,191.4756
1.5-473-550,0.4551020408,0.9102040816,0.960723235489121,0.0008638724771,1.5,473.0,550.0,661.79724,1.1186212,334.49435,594.72314,-67.0741,0.43915227,-0.679469,435.06177,100.56741
1.5-473-550,0.03061224488,0.06122448976,0.9965972946963587,-0.0008961300631,1.5,473.0,550.0,473.00003,0.032032367,649.85333,464.6688,-8.331238,-0.095713325,-0.12774569,640.0919,-9.761414
1.5-473-550,0.07755102043,0.15510204086,0.7098470004029654,-0.0006382871403,1.5,473.0,550.0,473.00003,0.99112594,649.85333,462.77927,-10.220764,1.0014194,0.010293484,631.09814,-18.755188
1.5-473-550,0.4979591837,0.9959183674,0.9337895729915338,-0.0008396540041,1.5,473.0,550.0,657.3772,1.2955183,362.1582,577.21387,-80.16333,0.7473707,-0.54814756,460.14194,97.983734
1.5-473-550,0.4306122449,0.8612244898,0.998978267368595,-0.0008982710093,1.5,473.0,550.0,683.30524,0.060897645,159.47713,713.0461,29.740845,-0.7473673,-0.808265,280.72714,121.250015
1.5-473-550,0.08163265309,0.16326530618,0.993141646395439,0.0008930227796,1.5,473.0,550.0,473.00003,0.07036405,649.85333,510.28122,37.28119,-0.19630653,-0.26667058,549.20435,-100.64899
1.5-473-550,0.3457831326,0.6915662652,0.3542741439827602,-0.0003185596757,1.5,473.0,550.0,590.75836,1.7850803,506.54828,582.80585,-7.9525146,1.8346902,0.0496099,516.82104,10.272766
1.5-473-550,0.4979591837,0.9959183674,0.9989782674798061,-0.0008982710094,1.5,473.0,550.0,657.4045,0.051491912,362.04813,566.6277,-90.776794,-0.12750703,-0.17899895,450.36215,88.314026
1.5-473-550,0.104819277,0.209638554,0.3542741437603377,0.0003185596755,1.5,473.0,550.0,473.01926,1.1264834,649.8352,475.98355,2.9642944,1.0854894,-0.040994048,634.21234,-15.622864
1.5-473-550,0.4387755102,0.8775510204,0.9772248215579286,-0.000878710534,1.5,473.0,550.0,670.5001,0.9744412,252.3202,620.81854,-49.68158,-0.03685612,-1.0112973,388.01517,135.69496
1.5-473-550,0.3915662651,0.7831325302,0.9895407848051817,0.0008897849218,1.5,473.0,550.0,1050.4003,0.5447517,50.93985,947.2814,-103.1189,-0.86673695,-1.4114887,110.6855,59.74565
1.5-473-550,0.0102040816,0.0204081632,0.7525573838264147,0.0006766918789,1.5,473.0,550.0,473.00003,1.0068343,649.85333,452.15344,-20.846588,0.91113913,-0.09569514,639.38446,-10.468872
1.5-473-550,0.191566265,0.38313253,0.9726063657286781,0.0008745576659,1.5,473.0,550.0,975.40515,0.61300033,56.49115,1092.2241,116.81897,-0.2695276,-0.88252795,18.599792,-37.891357
1.5-473-550,0.321686747,0.643373494,0.9071317792997667,-0.0008156835895,1.5,473.0,550.0,835.4343,1.734862,73.15071,812.23047,-23.203857,1.7872225,0.052360535,123.08008,49.929367
1.5-473-550,0.1180722891,0.2361445782,0.9931416465066502,-0.0008930227797,1.5,473.0,550.0,651.49896,0.31409836,385.5834,650.043,-1.4559326,-0.4141602,-0.72825855,173.31664,-212.26677
1.5-473-550,0.2277108434,0.4554216868,0.09831793590232207,-8.84064793e-05,1.5,473.0,550.0,514.31964,1.339801,608.0866,509.95087,-4.3687744,1.2125179,-0.1272831,635.9127,27.82611
1.5-473-550,0.365060241,0.730120482,0.9772248215579286,0.000878710534,1.5,473.0,550.0,1015.35767,0.9387923,53.337677,1079.5629,64.2052,-0.5471887,-1.485981,66.88049,13.542816
1.5-473-550,0.3506024097,0.7012048194,0.9872047710533666,0.0008876844022,1.5,473.0,550.0,1081.5896,0.507424,49.01825,1176.3508,94.76123,-0.6904902,-1.1979141,53.580444,4.562195
1.5-473-550,0.2927710844,0.5855421688,0.9895407848051817,0.0008897849218,1.5,473.0,550.0,1140.8092,0.33163553,45.812103,1308.4849,167.67566,-0.54915565,-0.8807912,59.288208,13.476105
1.5-473-550,0.2204819277,0.4409638554,0.3542741437603377,0.0003185596755,1.5,473.0,550.0,516.99115,1.3218917,605.1159,507.99228,-8.998871,1.1662879,-0.15560377,638.81165,33.69574
1.5-473-550,0.3903614458,0.7807228916,0.9772248215579286,0.000878710534,1.5,473.0,550.0,989.2022,1.1018214,55.331085,888.27655,-100.92566,-0.5535385,-1.65536,143.85057,88.519485
1.5-473-550,0.2879518072,0.5759036144,0.9985491866279087,-0.0008978851843,1.5,473.0,550.0,1186.4879,0.04341131,43.654602,1324.6284,138.1405,-0.6511442,-0.6945555,51.76779,8.11319
1.5-473-550,0.4367346939,0.8734693878,0.8705746216627653,-0.0007828117684,1.5,473.0,550.0,669.67017,1.5630496,259.89743,669.65546,-0.014709473,1.6459306,0.08288109,334.24973,74.352295
1.5-473-550,0.02653061223,0.05306122446,0.03282169735804886,2.951293354e-05,1.5,473.0,550.0,473.00003,1.22343,649.85333,471.28552,-1.714508,1.1504788,-0.0729512,652.728,2.8746948
1.5-473-550,0.3674698796,0.7349397592,0.993141646395439,0.0008930227796,1.5,473.0,550.0,1095.2158,0.2978323,48.226105,1114.9805,19.764648,-0.86104447,-1.1588768,56.368103,8.141998
1.5-473-550,0.1072289156,0.2144578312,0.9872047710533666,0.0008876844022,1.5,473.0,550.0,583.7735,0.30189443,516.0601,565.2068,-18.566711,-0.21589917,-0.5177936,412.62842,-103.4317
1.5-473-550,0.1963855422,0.3927710844,0.9956514833048237,0.0008952795992,1.5,473.0,550.0,1155.2972,0.107451014,45.09784,1222.8743,67.57703,-0.5948264,-0.7022774,4.705842,-40.392
1.5-473-550,0.3072289157,0.6144578314,0.8475322498919685,-0.0007620923041,1.5,473.0,550.0,708.5955,1.8111925,128.056,687.72156,-20.873962,1.8338671,0.02267456,298.41443,170.35843
1.5-473-550,0.4816326531,0.9632653062,0.9999999997775775,-0.0008991897406,1.5,473.0,550.0,658.0003,-5.322157e-09,359.64264,582.7004,-75.29993,-0.23764604,-0.23764604,429.83398,70.191345
1.5-473-550,0.05306122449,0.10612244898,0.998978267368595,-0.0008982710093,1.5,473.0,550.0,473.00003,0.009608502,649.85333,480.93967,7.939636,-0.17933661,-0.18894511,609.3397,-40.51361
1.5-473-550,0.07755102043,0.15510204086,0.9071317792997667,-0.0008156835895,1.5,473.0,550.0,473.00003,0.69103956,649.85333,450.39307,-22.606964,0.64225674,-0.048782825,660.3694,10.516052
1.5-473-550,0.1493975903,0.2987951806,0.9945113832197316,-0.0008942544329,1.5,473.0,550.0,797.34766,0.18197179,80.365234,912.72504,115.37738,-0.5741827,-0.7561545,-47.170227,-127.53546
1.5-473-550,0.1144578313,0.2289156626,0.8705746216627653,0.0007828117684,1.5,473.0,550.0,490.62653,0.8395612,632.496,462.2818,-28.344727,0.8324278,-0.0071334243,650.84326,18.34729
1.5-473-550,0.09183673473,0.18367346946,0.6021818746711394,-0.0005414757638,1.5,473.0,550.0,473.00003,1.0605718,649.85333,469.11627,-3.8837585,1.0517958,-0.0087759495,628.86487,-20.988464
1.5-473-550,0.1036144578,0.2072289156,0.6600967573005477,0.0005935522321,1.5,473.0,550.0,473.18216,1.0089788,649.6815,469.28003,-3.9021301,1.0363795,0.027400613,630.4542,-19.227295
1.5-473-550,0.1891566265,0.378313253,0.9531521909241071,0.0008570646715,1.5,473.0,550.0,819.0836,0.9026656,76.43022,892.4108,73.32721,0.24549031,-0.6571753,75.60155,-0.8286743
1.5-473-550,0.4163265306,0.8326530612,0.9998257452316341,-0.0008990330527,1.5,473.0,550.0,731.17896,0.0070285746,102.88872,807.506,76.32703,-0.9341727,-0.94120127,199.9417,97.05298
1.5-473-550,0.4,0.8,0.99738047267098,-0.0008968342887,1.5,473.0,550.0,1024.9235,0.14710623,53.44696,919.5167,-105.40674,-0.99032,-1.1374263,125.68555,72.23859
1.5-473-550,0.1012048192,0.2024096384,0.09831793590232207,-8.84064793e-05,1.5,473.0,550.0,473.00003,1.1769576,649.85333,478.3094,5.3093567,1.1068662,-0.07009137,645.1652,-4.6881104
1.5-473-550,0.4306122449,0.8612244898,0.9895407848051817,0.0008897849218,1.5,473.0,550.0,683.14685,0.644589,159.91249,675.379,-7.7678223,-0.4934799,-1.1380689,319.48962,159.57713
1.5-473-550,0.2277108433,0.4554216866,0.998978267368595,0.0008982710093,1.5,473.0,550.0,1285.0776,0.023614818,39.923004,1310.5775,25.499878,-0.6176565,-0.64127135,32.076538,-7.846466
1.5-473-550,0.2843373494,0.5686746988,0.6600967573005477,-0.0005935522321,1.5,473.0,550.0,602.5166,1.6018807,488.98932,571.63043,-30.88617,1.5553426,-0.046538115,554.6957,65.70636
1.5-473-550,0.4326530612,0.8653061224,0.9999999997775775,0.0008991897406,1.5,473.0,550.0,679.2393,-5.322157e-09,178.74185,706.8497,27.610352,-0.74562985,-0.74562985,286.6714,107.929535
1.5-473-550,0.1216867469,0.2433734938,0.7098470004029654,-0.0006382871403,1.5,473.0,550.0,484.67606,0.98148215,638.5179,471.5084,-13.167664,1.0227346,0.041252494,633.9908,-4.5270996
1.5-473-550,0.4489795918,0.8979591836,0.6600967573005477,0.0005935522321,1.5,473.0,550.0,659.3801,1.7780234,354.0335,664.3022,4.922058,2.067033,0.2890097,348.24225,-5.79126
1.5-473-550,0.3891566266,0.7783132532,0.960723235489121,0.0008638724771,1.5,473.0,550.0,928.8826,1.5611979,60.77014,793.4533,-135.42932,0.21807122,-1.3431267,212.31429,151.54414
1.5-473-550,0.0,0.0,0.8207308238897558,-0.0007379927368,1.5,473.0,550.0,473.00003,0.90842825,649.85333,447.4379,-25.562134,0.79030913,-0.11811912,647.66113,-2.1921997
1.5-473-550,0.4877551021,0.9755102042,0.9215172744995802,-0.0008286188792,1.5,473.0,550.0,657.6062,1.3465701,361.23392,592.5954,-65.0108,0.9102644,-0.43630576,446.26733,85.03342
1.5-473-550,0.4183673469,0.8367346938,0.8902853187445975,0.000800535425,1.5,473.0,550.0,707.2859,1.9449607,119.377594,688.00366,-19.282227,1.6765459,-0.26841486,307.0131,187.6355
1.5-473-550,0.4999999851,0.9999999702,0.6024353944675255,0.0005417037262,1.5,473.0,550.0,657.1973,1.7995625,362.88437,647.48584,-9.711487,1.972773,0.1732105,359.5004,-3.3839722
1.5-473-550,0.2626506024,0.5253012048,0.3542741439827602,-0.0003185596757,1.5,473.0,550.0,529.17017,1.4343795,591.5728,529.1597,-0.010437012,1.3368464,-0.09753311,618.5423,26.969482
1.5-473-550,0.1493975903,0.2987951806,0.9998257452316341,-0.0008990330527,1.5,473.0,550.0,836.1574,0.0032727665,72.831116,952.14984,115.99243,-0.6435562,-0.64682895,-56.003357,-128.83447
1.5-473-550,0.0,0.0,0.9811419876911479,-0.0008822328096,1.5,473.0,550.0,473.00003,0.90842825,649.85333,450.99792,-22.002106,0.082621984,-0.82580626,660.8016,10.948242
1.5-473-550,0.1180722891,0.2361445782,0.9965972946963587,0.0008961300631,1.5,473.0,550.0,679.7073,0.19851273,177.3801,671.671,-8.036255,-0.48312086,-0.6816336,122.733765,-54.64633
1.5-473-550,0.4244897959,0.8489795918,0.9980223152919674,-0.000897411427,1.5,473.0,550.0,698.5084,0.13275355,128.9666,743.5228,45.014404,-0.80252737,-0.9352809,252.64587,123.679276
1.5-473-550,0.06530612246,0.13061224492,0.7892004020960466,0.000709640905,1.5,473.0,550.0,473.00003,0.9143404,649.85333,456.32574,-16.674286,0.91881424,0.004473865,637.18445,-12.668884
1.5-473-550,0.1710843373,0.3421686746,0.8206166047262803,0.0007378900321,1.5,473.0,550.0,534.5188,1.0428625,585.6251,498.23602,-36.282776,0.9745785,-0.068284035,641.6313,56.006165
1.5-473-550,0.1144578313,0.2289156626,0.9844268823757469,-0.0008851865532,1.5,473.0,550.0,587.1442,0.4138984,511.5939,582.9949,-4.149353,-0.19949323,-0.61339164,367.60373,-143.99017
1.5-473-550,0.008163265274,0.016326530548,0.9726063657286781,0.0008745576659,1.5,473.0,550.0,473.00003,0.26022726,649.85333,449.69626,-23.303772,0.14833975,-0.111887515,662.328,12.47467
1.5-473-550,0.1951807228,0.3903614456,0.9980223152919674,-0.000897411427,1.5,473.0,550.0,1159.2319,0.04725885,44.907288,1225.5491,66.31714,-0.6196684,-0.6669273,1.9033518,-43.003937
1.5-473-550,0.0612244898,0.1224489796,0.9973789933391554,0.0008968329585,1.5,473.0,550.0,473.00003,0.026296372,649.85333,487.11417,14.114136,-0.18371409,-0.21001047,597.67944,-52.17389
1.5-473-550,0.3759036145,0.751807229,0.9337895728803226,0.000839654004,1.5,473.0,550.0,874.1369,1.8171577,67.15137,781.9029,-92.23401,1.581184,-0.23597372,174.84694,107.69557
1.5-473-550,0.3325301205,0.665060241,0.47796385156444166,0.0004297801918,1.5,473.0,550.0,597.3698,1.753471,496.99002,584.38947,-12.980347,1.8037215,0.05025053,517.41547,20.425446
1.5-473-550,0.3108433735,0.621686747,0.9872047710533666,0.0008876844022,1.5,473.0,550.0,1116.0953,0.42827085,47.087982,1281.3976,165.30225,-0.55277807,-0.98104894,59.648956,12.560974
1.5-473-550,0.3457831326,0.6915662652,0.6600967573005477,0.0005935522321,1.5,473.0,550.0,636.32385,1.8966713,427.5138,624.9102,-11.413635,1.9658186,0.06914735,436.486,8.9721985
1.5-473-550,0.1746987951,0.3493975902,0.9996041061370615,-0.0008988337571,1.5,473.0,550.0,978.42096,0.008018488,56.202057,1133.2284,154.80743,-0.64464074,-0.65265924,-27.210022,-83.41208
1.5-473-550,0.4224489796,0.8448979592,0.8475322498919685,0.0007620923041,1.5,473.0,550.0,688.99756,1.9942232,144.92438,685.983,-3.0145874,1.8592488,-0.13497448,303.24362,158.31924
1.5-473-550,0.4571428571,0.9142857142,0.9895407848051817,0.0008897849218,1.5,473.0,550.0,661.4594,0.55265063,337.70413,604.1957,-57.263733,-0.205854,-0.7585046,405.18445,67.480316
1.5-473-550,0.1795180723,0.3590361446,0.9671530515086588,-0.0008696541017,1.5,473.0,550.0,794.22955,0.7184051,81.53139,950.8933,156.66376,-0.12566513,-0.84407026,19.613861,-61.917526
1.5-473-550,0.3759036145,0.751807229,0.9956514833048237,-0.0008952795992,1.5,473.0,550.0,1100.0182,0.19778621,47.948334,1076.3632,-23.65503,-0.9324946,-1.1302807,63.377075,15.428741
1.5-473-550,0.3493975904,0.6987951808,0.2914697156873968,0.0002620865781,1.5,473.0,550.0,587.9975,1.7913446,510.42526,580.7114,-7.286072,1.8370544,0.04570973,519.00714,8.581879
1.5-473-550,0.4530612245,0.906122449,0.999825745120423,0.0008990330526,1.5,473.0,550.0,662.6958,0.005442197,325.95718,630.8616,-31.834229,-0.48682374,-0.49226594,368.69125,42.73407
1.5-473-550,0.265060241,0.530120482,0.9811301448069191,0.0008822221606,1.5,473.0,550.0,1129.5145,0.5310357,46.371338,1306.8558,177.34131,-0.40638012,-0.93741584,65.05679,18.685455
1.5-473-550,0.03673469387,0.07346938774,0.9945113832197316,-0.0008942544329,1.5,473.0,550.0,473.00003,0.053199466,649.85333,465.94162,-7.0584106,-0.084473796,-0.13767326,638.79614,-11.05719
1.5-473-550,0.1301204819,0.2602409638,0.7525573838264147,-0.0006766918789,1.5,473.0,550.0,492.72778,0.9719965,630.3695,472.72168,-20.006104,1.0035313,0.03153485,637.1795,6.8099976
1.5-473-550,0.01836734691,0.03673469382,0.9337895728803226,-0.000839654004,1.5,473.0,550.0,473.00003,0.5402241,649.85333,444.9303,-28.069733,0.41924983,-0.12097424,663.4715,13.618164
1.5-473-550,0.2,0.4,0.960723235489121,-0.0008638724771,1.5,473.0,550.0,1021.7171,0.82121325,52.91916,1061.0437,39.3266,-0.016053325,-0.83726656,48.39096,-4.5281982
1.5-473-550,0.3903614458,0.7807228916,0.9956514833048237,0.0008952795992,1.5,473.0,550.0,1083.9393,0.22269577,48.881653,983.5095,-100.42981,-0.97139674,-1.1940925,93.99243,45.11078
1.5-473-550,0.3204819277,0.6409638554,0.3542741437603377,0.0003185596755,1.5,473.0,550.0,568.7446,1.6523203,541.88214,565.13696,-3.607666,1.6858187,0.033498406,553.29407,11.411926
1.5-473-550,0.126506024,0.253012048,0.9726063657286781,0.0008745576659,1.5,473.0,550.0,571.2468,0.6134306,537.78235,577.78503,6.538208,0.004998679,-0.60843194,409.00977,-128.77258
1.5-473-550,0.1975903614,0.3951807228,0.9215172744995802,0.0008286188792,1.5,473.0,550.0,742.17267,1.1937909,105.303345,659.6474,-82.52527,0.94471604,-0.24907488,375.1404,269.83707
1.5-473-550,0.2457831325,0.491566265,0.09831793590232207,-8.84064793e-05,1.5,473.0,550.0,518.4464,1.3839372,603.4976,517.2616,-1.1848145,1.271967,-0.111970186,628.5736,25.075989
1.5-473-550,0.4632653061,0.9265306122,0.29146971579860803,-0.0002620865782,1.5,473.0,550.0,653.6613,1.9716436,377.15933,642.33795,-11.323364,2.1989503,0.22730672,394.89352,17.734192
1.5-473-550,0.2530120482,0.5060240964,0.9998257452316341,-0.0008990330527,1.5,473.0,550.0,1225.9236,0.0027455038,41.984222,1334.5325,108.60889,-0.6281366,-0.6308821,44.067535,2.083313
1.5-473-550,0.04081632652,0.08163265304,0.9985491866279087,-0.0008978851843,1.5,473.0,550.0,473.00003,0.013553197,649.85333,471.35333,-1.646698,-0.14025623,-0.15380943,627.96515,-21.888184
1.5-473-550,0.265060241,0.530120482,0.9844268823757469,0.0008851865532,1.5,473.0,550.0,1145.3715,0.44191682,45.58719,1313.1908,167.81934,-0.45284325,-0.8947601,61.56897,15.981781
1.5-473-550,0.2096385542,0.4192771084,0.7525573838264147,-0.0006766918789,1.5,473.0,550.0,551.9507,1.278993,564.6329,523.81036,-28.14032,1.0900819,-0.18891108,626.5318,61.898926
1.5-473-550,0.2108433734,0.4216867468,0.9895407848051817,-0.0008897849218,1.5,473.0,550.0,1253.1653,0.25402427,40.913208,1253.6199,0.45458984,-0.52143794,-0.7754622,25.129883,-15.783325
1.5-473-550,0.1433734939,0.2867469878,0.7525573838264147,0.0006766918789,1.5,473.0,550.0,501.9693,0.99660844,621.0171,477.52066,-24.448639,1.0108501,0.014241636,639.10126,18.084167
1.5-473-550,0.1879518072,0.3759036144,0.7098470004029654,-0.0006382871403,1.5,473.0,550.0,528.1369,1.1511055,592.7218,499.58408,-28.552826,1.0645502,-0.08655536,640.4307,47.708923
1.5-473-550,0.3180722892,0.6361445784,0.8902853188558087,-0.0008005354251,1.5,473.0,550.0,800.6775,1.7872043,80.04811,760.7898,-39.887695,1.8669701,0.0797658,167.69746,87.64935
1.5-473-550,0.2240963855,0.448192771,0.9811301448069191,0.0008822221606,1.5,473.0,550.0,1219.0892,0.4477931,42.257874,1264.0388,44.949585,-0.40982574,-0.8576188,44.69748,2.4396057
1.5-473-550,0.1927710843,0.3855421686,0.6600967573005477,0.0005935522321,1.5,473.0,550.0,525.0694,1.1856122,596.1329,499.941,-25.128387,1.0832809,-0.10233128,640.7605,44.627625
1.5-473-550,0.1337349397,0.2674698794,0.5396442233296441,-0.0004852425493,1.5,473.0,550.0,485.71512,1.0492941,637.4663,478.44742,-7.2677,1.0661864,0.016892314,633.43463,-4.0316772
1.5-473-550,0.08571428574,0.17142857148,0.9973789933391554,0.0008968329585,1.5,473.0,550.0,473.00003,0.02624076,649.85333,531.07764,58.077606,-0.29078382,-0.3170246,489.9005,-159.95282
1.5-473-550,0.1867469879,0.3734939758,0.47796385156444166,0.0004297801918,1.5,473.0,550.0,509.5539,1.1743201,613.3001,494.6413,-14.912598,1.0945888,-0.079731345,641.4613,28.161194
1.5-473-550,0.07755102043,0.15510204086,0.9531521909241071,0.0008570646715,1.5,473.0,550.0,473.00003,0.46327648,649.85333,458.3107,-14.689331,0.327843,-0.13543347,664.4905,14.637146
1.5-473-550,0.243373494,0.486746988,0.8206166047262803,0.0007378900321,1.5,473.0,550.0,639.2316,1.498059,418.8967,600.0177,-39.21393,1.2538426,-0.24421644,520.5823,101.68558
1.5-473-550,0.2686746988,0.5373493976,0.29146971579860803,-0.0002620865782,1.5,473.0,550.0,528.26575,1.4466435,592.57855,530.7588,2.493042,1.3646417,-0.082001805,614.6791,22.100525
1.5-473-550,0.2337349398,0.4674698796,0.3542741439827602,-0.0003185596757,1.5,473.0,550.0,520.43353,1.3543559,601.28796,514.1261,-6.307434,1.2082175,-0.14613843,634.77374,33.48578
1.5-473-550,0.2457831325,0.491566265,0.998978267368595,-0.0008982710093,1.5,473.0,550.0,1237.2932,0.025913114,41.53363,1329.6902,92.39697,-0.61747795,-0.6433911,41.909973,0.37634277
1.5-473-550,0.2819277109,0.5638554218,0.9531521908128958,-0.0008570646714,1.5,473.0,550.0,976.15515,1.2046318,56.410217,1212.6079,236.45276,0.16881174,-1.03582,98.59032,42.1801
1.5-473-550,0.2602409639,0.5204819278,0.9772248215579286,-0.000878710534,1.5,473.0,550.0,1113.9865,0.631736,47.20288,1297.4886,183.5022,-0.34696406,-0.97870004,68.18494,20.982056
1.5-473-550,0.04693877551,0.09387755102,0.7525573838264147,-0.0006766918789,1.5,473.0,550.0,473.00003,0.94096243,649.85333,456.23132,-16.768707,0.9442845,0.0033220649,635.0609,-14.792419
1.5-473-550,0.4857142857,0.9714285714,0.03282169734692774,-2.951293353e-05,1.5,473.0,550.0,656.49426,1.9703264,365.7227,628.66583,-27.82843,2.2580564,0.28772998,401.9991,36.27643
1.5-473-550,0.4551020408,0.9102040816,0.29146971579860803,-0.0002620865782,1.5,473.0,550.0,651.11383,1.9970024,387.41412,640.0201,-11.09375,2.1916323,0.19462991,400.21252,12.798401
1.5-473-550,0.134939759,0.269879518,0.9844268823757469,0.0008851865532,1.5,473.0,550.0,649.4418,0.549458,392.46002,703.1477,53.705933,-0.33023745,-0.8796955,88.4527,-304.00732
1.5-473-550,0.4122448979,0.8244897958,0.9973789934503665,-0.0008968329586,1.5,473.0,550.0,756.2222,0.1828599,92.09712,824.77655,68.55432,-0.9205151,-1.103375,186.95203,94.854904
1.5-473-550,0.2337349397,0.4674698794,0.9993254186825348,0.0008985831642,1.5,473.0,550.0,1270.3674,0.015350694,40.278442,1319.2026,48.835205,-0.6202927,-0.6356434,35.5755,-4.702942
1.5-473-550,0.2469879518,0.4939759036,0.9442484491033019,0.0008490585182,1.5,473.0,550.0,973.08417,1.2318019,56.706024,1137.0087,163.9245,0.3833624,-0.84843946,106.47084,49.764816
1.5-473-550,0.265060241,0.530120482,0.7525573838264147,-0.0006766918789,1.5,473.0,550.0,621.1657,1.5634116,457.7372,582.43665,-38.729065,1.4242111,-0.13920045,542.85425,85.117035
1.5-473-550,0.3,0.6,0.3542741439827602,-0.0003185596757,1.5,473.0,550.0,551.5497,1.5629627,565.2739,551.52814,-0.02154541,1.5574806,-0.0054820776,580.59186,15.317932
1.5-473-550,0.3180722892,0.6361445784,0.03282169734692774,-2.951293353e-05,1.5,473.0,550.0,544.29474,1.5953096,574.35913,550.13055,5.8358154,1.6267859,0.03147626,571.9279,-2.4312134
1.5-473-550,0.02653061223,0.05306122446,0.9993254186825348,-0.0008985831642,1.5,473.0,550.0,473.00003,0.0056337067,649.85333,464.78964,-8.210388,-0.11726839,-0.122902095,639.0892,-10.76416
1.5-473-550,0.1650602409,0.3301204818,0.8475322498919685,-0.0007620923041,1.5,473.0,550.0,535.5497,1.0065408,584.47876,496.09308,-39.456604,0.9345884,-0.0719524,643.84406,59.365295
1.5-473-550,0.4142857143,0.8285714286,0.7525573838264147,0.0006766918789,1.5,473.0,550.0,675.109,2.3164012,212.75781,680.60004,5.491028,2.0836663,-0.23273492,321.93484,109.17703
1.5-473-550,0.04285714285,0.0857142857,0.9965972946963587,-0.0008961300631,1.5,473.0,550.0,473.00003,0.033185657,649.85333,470.87686,-2.123169,-0.12182004,-0.1550057,629.7093,-20.144043
1.5-473-550,0.2807228916,0.5614457832,0.6021818746711394,-0.0005414757638,1.5,473.0,550.0,582.0379,1.5584288,520.6461,558.5606,-23.477295,1.5056318,-0.05279696,577.6373,56.99121
1.5-473-550,0.2325301205,0.465060241,0.9895407849163931,0.0008897849219,1.5,473.0,550.0,1234.2123,0.26145113,41.65573,1299.8679,65.65564,-0.51533574,-0.77678686,42.801422,1.1456909
1.5-473-550,0.3722891567,0.7445783134,0.4163512323516047,-0.0003743787567,1.5,473.0,550.0,617.2972,1.9690765,465.26102,607.27167,-10.025513,1.9847921,0.015715599,468.81372,3.5527039
1.5-473-550,0.2638554217,0.5277108434,0.6600967573005477,-0.0005935522321,1.5,473.0,550.0,582.8105,1.5088079,519.681,554.17896,-28.63153,1.3968754,-0.111932516,589.5327,69.851685
1.5-473-550,0.1650602409,0.3301204818,0.5396442233296441,-0.0004852425493,1.5,473.0,550.0,501.89288,1.0985202,621.0944,486.81265,-15.080231,1.0738755,-0.024644613,638.7148,17.620361
1.5-473-550,0.01224489793,0.02448979586,0.9999999997775775,-0.0008991897406,1.5,473.0,550.0,473.00003,-5.322157e-09,649.85333,460.31415,-12.685883,-0.097994514,-0.09799451,646.3385,-3.5148315
1.5-473-550,0.1626506024,0.3253012048,0.9337895728803226,0.000839654004,1.5,473.0,550.0,584.9981,0.90256596,515.4646,544.56323,-40.434875,0.66670835,-0.2358576,565.4191,49.95453
1.5-473-550,0.286746988,0.573493976,0.7892004020960466,0.000709640905,1.5,473.0,550.0,647.07904,1.6793168,398.1257,623.40076,-23.678284,1.6293089,-0.05000782,454.286,56.16031
1.5-473-550,0.3855421687,0.7710843374,0.9844268823757469,0.0008851865532,1.5,473.0,550.0,1031.5808,0.75619274,52.192474,969.46735,-62.113464,-0.76375955,-1.5199523,100.204956,48.01248
1.5-473-550,0.4448979592,0.8897959184,0.7892004020960466,-0.000709640905,1.5,473.0,550.0,662.9053,1.6513947,323.96704,669.0486,6.1433105,1.8923817,0.24098694,328.88962,4.922577
1.5-473-550,0.2879518072,0.5759036144,0.4163512326852384,0.000374378757,1.5,473.0,550.0,550.0935,1.5283865,567.08734,547.0776,-3.0159302,1.4961448,-0.032241702,591.2463,24.158936
1.5-473-550,0.2987951807,0.5975903614,0.9337895728803226,0.000839654004,1.5,473.0,550.0,901.3393,1.4910412,63.811768,1049.3685,148.02924,0.91722506,-0.5738161,103.92279,40.111023
1.5-473-550,0.3132530121,0.6265060242,0.7892004020960466,-0.000709640905,1.5,473.0,550.0,655.8347,1.7994665,366.45905,646.13367,-9.70105,1.8556137,0.056147218,393.42206,26.963013
1.5-473-550,0.0102040816,0.0204081632,0.3542741437603377,0.0003185596755,1.5,473.0,550.0,473.00003,1.1026077,649.85333,463.69012,-9.309906,1.1123011,0.009693384,637.61115,-12.2421875
1.5-473-550,0.3385542169,0.6771084338,0.9872047710533666,0.0008876844022,1.5,473.0,550.0,1092.6492,0.47925618,48.375305,1217.7744,125.125244,-0.640227,-1.1194832,54.43097,6.055664
1.5-473-550,0.221686747,0.443373494,0.09831793590232207,-8.84064793e-05,1.5,473.0,550.0,512.7878,1.326518,609.79004,507.6541,-5.133667,1.1959631,-0.13055491,637.80646,28.016418
1.5-473-550,0.2722891566,0.5445783132,0.9895407848051817,0.0008897849218,1.5,473.0,550.0,1160.7345,0.30705434,44.83246,1321.0195,160.28503,-0.5242143,-0.83126867,57.923706,13.091248
1.5-473-550,0.3204819277,0.6409638554,0.9872047710533666,-0.0008876844022,1.5,473.0,550.0,1108.2849,0.4450372,47.50528,1263.4858,155.20093,-0.5785697,-1.0236069,57.92874,10.423462
1.5-473-550,0.1180722891,0.2361445782,0.8705746216627653,-0.0007828117684,1.5,473.0,550.0,494.32104,0.8508827,628.75714,463.77783,-30.543213,0.8374761,-0.013406634,650.8963,22.13916
1.5-473-550,0.4714285714,0.9428571428,0.5396442233296441,-0.0004852425493,1.5,473.0,550.0,656.83484,1.8355882,364.34784,656.28925,-0.54559326,2.107598,0.27200985,363.6889,-0.65893555
1.5-473-550,0.2361445783,0.4722891566,0.8705746216627653,0.0007828117684,1.5,473.0,550.0,693.22455,1.5002879,199.00012,653.45593,-39.768616,1.2284888,-0.2717991,441.85193,242.8518
1.5-473-550,0.3024096386,0.6048192772,0.9996041060258503,0.000898833757,1.5,473.0,550.0,1179.037,0.010541374,43.99536,1310.5162,131.47925,-0.6938613,-0.7044027,51.02777,7.0324097
1.5-473-550,0.4061224489,0.8122448978,0.3542741439827602,-0.0003185596757,1.5,473.0,550.0,634.436,2.2079678,431.8844,623.0097,-11.42627,2.094243,-0.11372471,436.4547,4.5703125
1.5-473-550,0.2084337349,0.4168674698,0.5396442233296441,0.0004852425493,1.5,473.0,550.0,521.8868,1.2754474,599.67194,504.80948,-17.077301,1.125175,-0.15027237,640.6008,40.928894
1.5-473-550,0.1602409638,0.3204819276,0.7892004020960466,-0.000709640905,1.5,473.0,550.0,518.8786,1.0218172,603.017,486.83292,-32.045685,0.9955013,-0.026315928,642.32043,39.303406
1.5-473-550,0.1638554216,0.3277108432,0.22784103833049427,-0.0002048723242,1.5,473.0,550.0,493.88077,1.1249801,629.2027,488.8709,-5.009857,1.0955973,-0.029382825,642.7729,13.57019
1.5-473-550,0.1674698795,0.334939759,0.8902853188558087,-0.0008005354251,1.5,473.0,550.0,555.95416,0.9823795,559.52106,506.34402,-49.610138,0.858253,-0.124126494,642.6357,83.114624
1.5-473-550,0.351807229,0.703614458,0.6021818746711394,-0.0005414757638,1.5,473.0,550.0,629.1682,1.9060689,442.66125,617.39166,-11.77655,1.963879,0.057810068,451.37186,8.710602
1.5-473-550,0.3156626506,0.6313253012,0.9895407848051817,0.0008897849218,1.5,473.0,550.0,1123.7922,0.35791808,46.676697,1276.5984,152.80615,-0.5999368,-0.95785487,57.00992,10.333221
1.5-473-550,0.1903614457,0.3807228914,0.9996041060258503,0.000898833757,1.5,473.0,550.0,1110.9293,0.007901067,47.364014,1211.2078,100.27844,-0.63753706,-0.64543813,-5.063384,-52.4274
1.5-473-550,0.3253012049,0.6506024098,0.9337895728803226,0.000839654004,1.5,473.0,550.0,894.6602,1.5713909,64.59747,977.70856,83.04834,1.1957672,-0.3756237,88.42308,23.825607
1.5-473-550,0.4632653061,0.9265306122,0.8475322498919685,0.0007620923041,1.5,473.0,550.0,659.361,1.5235872,354.1496,648.108,-11.253052,1.5782235,0.05463624,362.30792,8.158325
1.5-473-550,0.3132530121,0.6265060242,0.9844268823757469,0.0008851865532,1.5,473.0,550.0,1100.4497,0.523653,47.924133,1272.6644,172.21472,-0.51519305,-1.038846,61.5849,13.660767
1.5-473-550,0.04285714285,0.0857142857,0.8705746216627653,-0.0007828117684,1.5,473.0,550.0,473.00003,0.7685879,649.85333,447.6021,-25.397919,0.7252192,-0.043368697,651.1701,1.3167725
1.5-473-550,0.4918367347,0.9836734694,0.960723235489121,0.0008638724771,1.5,473.0,550.0,657.5206,1.1218809,361.57928,568.11536,-89.40527,0.43264166,-0.68923926,464.68213,103.102844
1.5-473-550,0.08775510207,0.17551020414,0.9965972946963587,0.0008961300631,1.5,473.0,550.0,473.00003,0.03435665,649.85333,534.3058,61.305756,-0.28797323,-0.32232988,482.2921,-167.56122
1.5-473-550,0.1746987951,0.3493975902,0.9671530515086588,-0.0008696541017,1.5,473.0,550.0,754.4366,0.731687,94.019424,904.504,150.06744,-0.10854883,-0.8402358,21.436554,-72.58287
1.5-473-550,0.01428571426,0.02857142852,0.22784103821928303,0.0002048723241,1.5,473.0,550.0,473.00003,1.1384495,649.85333,466.3773,-6.6227417,1.1321784,-0.006271124,642.53516,-7.3181763
1.5-473-550,0.4693877551,0.9387755102,0.9965972946963587,-0.0008961300631,1.5,473.0,550.0,659.1942,0.18255246,354.82285,594.4896,-64.70459,-0.26090127,-0.44345373,415.6043,60.781464
1.5-473-550,0.1903614457,0.3807228914,0.9671530515086588,-0.0008696541017,1.5,473.0,550.0,925.01495,0.71344924,61.20981,1043.4015,118.386536,-0.15315324,-0.8666025,26.261017,-34.94879
1.5-473-550,0.2614457831,0.5228915662,0.9726063657286781,-0.0008745576659,1.5,473.0,550.0,1088.7925,0.75390697,48.60202,1286.3844,197.59192,-0.2715358,-1.0254428,73.9595,25.357483
1.5-473-550,0.4367346939,0.8734693878,0.9844268823757469,0.0008851865532,1.5,473.0,550.0,672.8165,0.82020646,231.77428,638.90063,-33.915894,-0.26847237,-1.0886788,362.2336,130.45934
1.5-473-550,0.1963855421,0.3927710842,0.3542741439827602,-0.0003185596757,1.5,473.0,550.0,509.19867,1.2281479,613.6944,498.24136,-10.957306,1.1157075,-0.11244035,641.9589,28.264526
1.5-473-550,0.3662650603,0.7325301206,0.5396442233296441,-0.0004852425493,1.5,473.0,550.0,627.3364,1.9689583,446.55396,618.0478,-9.288635,2.0002155,0.03125727,449.2963,2.74234
1.5-473-550,0.265060241,0.530120482,0.9726063657286781,-0.0008745576659,1.5,473.0,550.0,1084.9213,0.761776,48.829865,1287.2325,202.31128,-0.27117664,-1.0329525,74.828186,25.998322
1.5-473-550,0.3,0.6,0.998978267368595,-0.0008982710093,1.5,473.0,550.0,1178.2113,0.03108173,44.033142,1312.8453,134.63403,-0.6808738,-0.71195555,51.550842,7.5177
1.5-473-550,0.05306122449,0.10612244898,0.8475322498919685,0.0007620923041,1.5,473.0,550.0,473.00003,0.82483065,649.85333,450.33722,-22.662811,0.80154175,-0.023288906,646.17365,-3.6796875
1.5-473-550,0.3746987952,0.7493975904,0.6021818746711394,-0.0005414757638,1.5,473.0,550.0,639.729,2.0501983,419.16248,634.3904,-5.338623,2.0545888,0.004390478,417.1168,-2.0456848
1.5-473-550,0.2530120482,0.5060240964,0.9965972946963587,-0.0008961300631,1.5,473.0,550.0,1212.2738,0.09409659,42.547363,1330.1007,117.826904,-0.5948276,-0.6889242,46.675995,4.1286316
1.5-473-550,0.3927710844,0.7855421688,0.9215172744995802,0.0008286188792,1.5,473.0,550.0,845.9584,2.0686522,71.26816,727.2326,-118.72577,1.6453481,-0.42330408,245.85461,174.58646
1.5-473-550,0.169879518,0.339759036,0.9980223152919674,0.000897411427,1.5,473.0,550.0,942.4399,0.04856151,59.407684,1095.9362,153.49628,-0.6297247,-0.6782862,-33.53653,-92.944214
1.5-473-550,0.08571428574,0.17142857148,0.9945113832197316,0.0008942544329,1.5,473.0,550.0,473.00003,0.05605912,649.85333,522.79956,49.79953,-0.23914796,-0.29520708,515.88464,-133.96869
1.5-473-550,0.2759036145,0.551807229,0.4163512323516047,-0.0003743787567,1.5,473.0,550.0,541.14307,1.4828861,578.0466,539.3535,-1.7895508,1.4203446,-0.062541485,604.8666,26.820007
1.5-473-550,0.148192771,0.296385542,0.6600967573005477,0.0005935522321,1.5,473.0,550.0,498.55423,1.0381954,624.47314,480.1183,-18.435944,1.0497857,0.011590362,636.7215,12.248352
1.5-473-550,0.1108433734,0.2216867468,0.9671530515086588,-0.0008696541017,1.5,473.0,550.0,526.39777,0.54149294,594.6557,507.1409,-19.256866,0.15499228,-0.38650066,594.5858,-0.069885254
1.5-473-550,0.1734939759,0.3469879518,0.7098470004029654,0.0006382871403,1.5,473.0,550.0,518.371,1.0891979,603.58154,490.85638,-27.514587,1.0498891,-0.039308786,641.04346,37.461914
1.5-473-550,0.2313253012,0.4626506024,0.5396442233296441,0.0004852425493,1.5,473.0,550.0,529.6787,1.3525089,591.00726,517.68427,-11.994446,1.1962398,-0.15626907,634.0198,43.012512
1.5-473-550,0.3686746989,0.7373493978,0.9531521909241071,-0.0008570646715,1.5,473.0,550.0,922.2374,1.5397652,61.46051,914.5965,-7.64093,0.5850568,-0.95470846,125.63164,64.17113
1.5-473-550,0.3289156627,0.6578313254,0.9956514833048237,0.0008952795992,1.5,473.0,550.0,1142.654,0.15583438,45.72113,1257.4501,114.79602,-0.7274881,-0.8833225,50.802185,5.0810547
1.5-473-550,0.113253012,0.226506024,0.9999999997775775,0.0008991897406,1.5,473.0,550.0,691.10016,-5.322157e-09,141.95102,662.5523,-28.547852,-0.5189026,-0.5189026,136.89581,-5.0552063
1.5-473-550,0.1373493975,0.274698795,0.9531521909241071,-0.0008570646715,1.5,473.0,550.0,556.60583,0.7570819,558.63885,531.80774,-24.798096,0.37022293,-0.386859,565.80054,7.161682
1.5-473-550,0.04489795918,0.08979591836,0.9215172744995802,0.0008286188792,1.5,473.0,550.0,473.00003,0.6225554,649.85333,446.15433,-26.845703,0.51995397,-0.10260141,662.09656,12.243225
1.5-473-550,0.2638554217,0.5277108434,0.9985491866279087,-0.0008978851843,1.5,473.0,550.0,1210.8439,0.03977811,42.608154,1334.7535,123.90967,-0.6212819,-0.66106004,48.316895,5.70874
1.5-473-550,0.3060240964,0.6120481928,0.9945113832197316,0.0008942544329,1.5,473.0,550.0,1153.9484,0.18131012,45.164337,1299.3544,145.406,-0.64181286,-0.823123,54.466614,9.302277
1.5-473-550,0.2987951807,0.5975903614,0.9671530515086588,-0.0008696541017,1.5,473.0,550.0,1022.8616,0.9930192,52.816864,1254.4779,231.61633,-0.16496736,-1.1579866,81.53351,28.716644
1.5-473-550,0.3638554217,0.7277108434,0.8206166047262803,0.0007378900321,1.5,473.0,550.0,701.2152,2.0955362,133.78012,700.191,-1.024231,2.1324222,0.036885977,276.7993,143.01917
1.5-473-550,0.3614457832,0.7228915664,0.998978267368595,-0.0008982710093,1.5,473.0,550.0,1128.9191,0.040017303,46.40274,1156.4387,27.519653,-0.9104535,-0.9504708,50.17563,3.7728882
1.5-473-550,0.3012048193,0.6024096386,0.9999999997775775,0.0008991897406,1.5,473.0,550.0,1181.3778,-5.322157e-09,43.907867,1312.5126,131.13477,-0.69534856,-0.69534856,50.795654,6.887787
1.5-473-550,0.1301204819,0.2602409638,0.16340484097302546,-0.0001469319566,1.5,473.0,550.0,478.92557,1.0999867,644.26355,482.18964,3.2640686,1.0948292,-0.0051574707,642.9783,-1.2852783
1.5-473-550,0.278313253,0.556626506,0.09831793589120096,8.840647929e-05,1.5,473.0,550.0,526.01294,1.4650786,595.0836,531.83795,5.825012,1.4138638,-0.051214814,608.23706,13.153442
1.5-473-550,0.2759036145,0.551807229,0.6600967573005477,0.0005935522321,1.5,473.0,550.0,595.4027,1.563326,499.49216,564.39124,-31.011475,1.4892691,-0.074056864,569.9779,70.48575
1.5-473-550,0.4836734694,0.9673469388,0.9671530515086588,0.0008696541017,1.5,473.0,550.0,657.83734,1.0548787,360.30063,571.4283,-86.40906,0.33708775,-0.71779096,459.21014,98.909515
1.5-473-550,0.08571428574,0.17142857148,0.9915009044774012,0.0008915474413,1.5,473.0,550.0,473.00003,0.0873962,649.85333,514.82715,41.827118,-0.18622392,-0.27362013,540.29114,-109.562195
1.5-473-550,0.3072289157,0.6144578314,0.5396442233296441,0.0004852425493,1.5,473.0,550.0,589.59644,1.6544979,507.95547,571.5945,-18.001953,1.6694297,0.014931798,546.92865,38.973175
1.5-473-550,0.2734939759,0.5469879518,0.5396442233296441,0.0004852425493,1.5,473.0,550.0,559.02216,1.5031575,555.5875,545.95416,-13.067993,1.4339318,-0.06922567,598.2135,42.625977
1.5-473-550,0.1228915662,0.2457831324,0.03282169734692774,-2.951293353e-05,1.5,473.0,550.0,475.84003,1.112773,647.17426,482.22903,6.3890076,1.1082869,-0.004486084,648.3346,1.1603394
1.5-473-550,0.1746987951,0.3493975902,0.9985491866279087,-0.0008978851843,1.5,473.0,550.0,972.3637,0.03462487,56.708405,1128.487,156.12335,-0.6338902,-0.6685151,-26.772705,-83.48111
1.5-473-550,0.4591836735,0.918367347,0.999825745120423,0.0008990330526,1.5,473.0,550.0,660.9989,0.00533771,342.07916,616.70685,-44.292053,-0.421547,-0.4268847,386.06198,43.98282
1.5-473-550,0.1457831325,0.291566265,0.993141646395439,0.0008930227796,1.5,473.0,550.0,770.6094,0.23946482,87.34006,869.1217,98.51233,-0.5453796,-0.7848444,-39.936554,-127.27661
1.5-473-550,0.03469387754,0.06938775508,0.9993254186825348,-0.0008985831642,1.5,473.0,550.0,473.00003,0.005766625,649.85333,468.5569,-4.4431458,-0.1348148,-0.14058143,632.62445,-17.228882
1.5-473-550,0.386746988,0.773493976,0.8902853187445975,0.000800535425,1.5,473.0,550.0,804.6725,2.160106,78.95749,728.1318,-76.54071,1.9593648,-0.20074117,222.41454,143.45705
1.5-473-550,0.2807228916,0.5614457832,0.29146971579860803,-0.0002620865782,1.5,473.0,550.0,533.3142,1.482532,586.9646,537.3699,4.055664,1.4306356,-0.051896453,604.29535,17.33075
1.5-473-550,0.365060241,0.730120482,0.9895407848051817,-0.0008897849218,1.5,473.0,550.0,1078.9423,0.44826183,49.17215,1117.7771,38.83484,-0.7952047,-1.2434665,56.835815,7.663666
1.5-473-550,0.4857142857,0.9714285714,0.9442484491033019,0.0008490585182,1.5,473.0,550.0,657.71063,1.239526,360.8123,579.79877,-77.911865,0.66064006,-0.578886,457.66287,96.850586
1.5-473-550,0.2855421687,0.5710843374,0.9999999997775775,0.0008991897406,1.5,473.0,550.0,1194.4897,-5.322157e-09,43.321075,1328.1821,133.69238,-0.662872,-0.662872,50.519257,7.198181
1.5-473-550,0.3638554217,0.7277108434,0.09831793589120096,8.840647929e-05,1.5,473.0,550.0,591.81323,1.8576498,505.18262,578.5155,-13.2977295,1.8792653,0.021615505,515.3267,10.144104
1.5-473-550,0.4,0.8,0.9998256639362226,-0.0008990329796,1.5,473.0,550.0,1032.5925,0.00559097,53.000763,930.8301,-101.76245,-1.0286431,-1.034234,119.62874,66.627975
1.5-473-550,0.1602409638,0.3204819276,0.9980223152919674,0.000897411427,1.5,473.0,550.0,882.5477,0.054400858,66.02939,1027.6235,145.0758,-0.62959844,-0.6839993,-46.126495,-112.15588
1.5-473-550,0.3385542169,0.6771084338,0.9996041060258503,0.000898833757,1.5,473.0,550.0,1152.9153,0.012027377,45.21527,1237.9344,85.019165,-0.8151204,-0.8271478,47.68112,2.4658508
1.5-473-550,0.1168674698,0.2337349396,0.9993254186825348,-0.0008985831642,1.5,473.0,550.0,699.305,0.038281914,127.81038,681.37006,-17.934937,-0.5273028,-0.5655847,101.27939,-26.53099
1.5-473-550,0.03061224488,0.06122448976,0.7892004020960466,0.000709640905,1.5,473.0,550.0,473.00003,0.8902676,649.85333,452.09094,-20.909088,0.88219434,-0.00807327,639.957,-9.896362
1.5-473-550,0.3831325302,0.7662650604,0.09831793589120096,8.840647929e-05,1.5,473.0,550.0,609.27563,1.99941,478.7454,589.977,-19.298645,1.9724342,-0.02697587,491.38736,12.641968
1.5-473-550,0.1734939759,0.3469879518,0.960723235489121,0.0008638724771,1.5,473.0,550.0,693.2687,0.83546233,169.39825,822.1661,128.8974,0.08033048,-0.75513184,63.60254,-105.795715
1.5-473-550,0.1927710843,0.3855421686,0.9772248215579286,-0.000878710534,1.5,473.0,550.0,1024.8002,0.5088585,52.673645,1128.0396,103.23938,-0.35286182,-0.8617203,14.431397,-38.24225
1.5-473-550,0.2722891566,0.5445783132,0.9442484491033019,0.0008490585182,1.5,473.0,550.0,949.9078,1.2945849,58.75421,1160.6199,210.7121,0.41324383,-0.88134104,107.84111,49.0869
1.5-473-550,0.321686747,0.643373494,0.9671530515086588,-0.0008696541017,1.5,473.0,550.0,1007.4163,1.0584884,53.9205,1214.6868,207.27045,-0.17168742,-1.2301757,75.36932,21.448822
1.5-473-550,0.3927710844,0.7855421688,0.998978267368595,0.0008982710093,1.5,473.0,550.0,1097.4338,0.05015057,48.097168,979.82916,-117.604675,-1.0209558,-1.0711063,95.70639,47.609222
1.5-473-550,0.2289156626,0.4578313252,0.7525573838264147,0.0006766918789,1.5,473.0,550.0,577.7756,1.3835561,526.9815,544.57855,-33.19702,1.1654727,-0.21808338,604.856,77.87451
1.5-473-550,0.1409638554,0.2819277108,0.9671530515086588,0.0008696541017,1.5,473.0,550.0,592.72375,0.7114111,503.7195,619.0966,26.372864,0.06753027,-0.64388084,308.45636,-195.26315
1.5-473-550,0.3831325302,0.7662650604,0.6021818746711394,-0.0005414757638,1.5,473.0,550.0,643.4957,2.1130192,409.80856,639.9706,-3.5251465,2.0793915,-0.03362775,406.25748,-3.5510864
1.5-473-550,0.221686747,0.443373494,0.9671530515086588,0.0008696541017,1.5,473.0,550.0,1153.3445,0.7558104,45.19507,1206.8198,53.47534,-0.1802929,-0.9361033,58.95575,13.760681
1.5-473-550,0.1084337349,0.2168674698,0.7892004020960466,-0.000709640905,1.5,473.0,550.0,478.09146,0.91043776,645.05035,464.8727,-13.21875,0.9588538,0.04841602,637.50946,-7.5408936
1.5-473-550,0.3180722892,0.6361445784,0.47796385156444166,-0.0004297801918,1.5,473.0,550.0,586.1956,1.6814154,512.77,573.306,-12.889587,1.7144198,0.033004403,540.7528,27.982788
1.5-473-550,0.4816326531,0.9632653062,0.9772248215579286,0.000878710534,1.5,473.0,550.0,657.9692,0.90410626,359.7683,572.0621,-85.907104,0.16833627,-0.73577,453.78156,94.013245
1.5-473-550,0.4102040816,0.8204081632,0.9531521909241071,0.0008570646715,1.5,473.0,550.0,764.5209,1.6716508,89.314224,668.151,-96.36987,0.6725667,-0.99908406,342.09048,252.77626
1.5-473-550,0.3385542169,0.6771084338,0.8705746216627653,-0.0007828117684,1.5,473.0,550.0,767.1017,1.9191206,89.14285,725.6366,-41.465088,2.055845,0.13672447,203.64014,114.497284
1.5-473-550,0.3481927711,0.6963855422,0.09831793590232207,-8.84064793e-05,1.5,473.0,550.0,575.5856,1.7551899,529.99475,569.2242,-6.361389,1.7967054,0.04151547,534.87573,4.8809814
1.5-473-550,0.1313253012,0.2626506024,0.9973789933391554,0.0008968329585,1.5,473.0,550.0,740.5694,0.11842864,98.210144,776.0115,35.442078,-0.56385785,-0.6822865,-8.984221,-107.19437
1.5-473-550,0.113253012,0.226506024,0.47796385156444166,-0.0004297801918,1.5,473.0,550.0,474.90533,1.070878,648.05597,475.541,0.63565063,1.072997,0.0021189451,631.5486,-16.507385
1.5-473-550,0.3192771085,0.638554217,0.6021818746711394,-0.0005414757638,1.5,473.0,550.0,611.8713,1.7384737,474.16937,590.5652,-21.306091,1.7806182,0.042144537,508.73697,34.567596
1.5-473-550,0.1421686747,0.2843373494,0.9999999997775775,-0.0008991897406,1.5,473.0,550.0,805.891,-5.322157e-09,78.7184,891.0549,85.16388,-0.63498634,-0.63498634,-53.99417,-132.71257
1.5-473-550,0.3759036145,0.751807229,0.22784103833049427,-0.0002048723242,1.5,473.0,550.0,607.5377,1.9570957,481.48575,593.8882,-13.649536,1.9570429,-5.2809715e-05,489.66742,8.181671
1.5-473-550,0.4204081632,0.8408163264,0.22784103821928303,0.0002048723241,1.5,473.0,550.0,637.5851,2.2105486,424.90906,620.2989,-17.286194,2.1244326,-0.086116076,437.022,12.112946
1.5-473-550,0.2,0.4,0.9726063657286781,0.0008745576659,1.5,473.0,550.0,1088.7311,0.6059509,48.609467,1142.6927,53.96167,-0.27549285,-0.88144374,29.05426,-19.555206
1.5-473-550,0.4775510204,0.9551020408,0.9945113832197316,0.0008942544329,1.5,473.0,550.0,658.3006,0.297482,358.4303,582.55786,-75.74274,-0.1624394,-0.45992142,432.1345,73.70419
1.5-473-550,0.3132530121,0.6265060242,0.9998257452316341,-0.0008990330527,1.5,473.0,550.0,1173.9901,0.0033247417,44.226196,1294.5188,120.52869,-0.7264026,-0.7297273,50.166412,5.940216
1.5-473-550,0.169879518,0.339759036,0.9956514833048237,0.0008952795992,1.5,473.0,550.0,927.89044,0.10882633,60.84662,1083.4896,155.59918,-0.6036791,-0.71250546,-32.322968,-93.169586
1.5-473-550,0.1469879518,0.2939759036,0.09831793589120096,8.840647929e-05,1.5,473.0,550.0,485.78888,1.1059701,637.39166,485.9947,0.20581055,1.1022505,-0.0037196875,645.741,8.349365
1.5-473-550,0.2180722891,0.4361445782,0.7892004020960466,-0.000709640905,1.5,473.0,550.0,580.334,1.3415182,523.55536,545.2226,-35.11139,1.1031712,-0.23834693,604.60376,81.0484
1.5-473-550,0.4020408163,0.8040816326,0.16340484119544796,0.0001469319568,1.5,473.0,550.0,624.8104,2.16219,451.5702,605.34485,-19.465576,2.05811,-0.10407996,463.54047,11.970276
1.5-473-550,0.1421686747,0.2843373494,0.998978267368595,-0.0008982710093,1.5,473.0,550.0,798.9277,0.03557759,80.01294,883.2411,84.313416,-0.62140614,-0.65698373,-51.505157,-131.5181
1.5-473-550,0.2397590361,0.4795180722,0.7525573838264147,0.0006766918789,1.5,473.0,550.0,594.3281,1.4381613,500.8481,556.31885,-38.009277,1.2289411,-0.20922017,588.9191,88.071014
1.5-473-550,0.4755102041,0.9510204082,0.9993254186825348,0.0008985831642,1.5,473.0,550.0,658.4882,0.03251153,357.67297,589.35614,-69.13208,-0.26831168,-0.3008232,421.41458,63.741608
1.5-473-550,0.04081632652,0.08163265304,0.9973789934503665,-0.0008968329586,1.5,473.0,550.0,473.00003,0.025195533,649.85333,470.33807,-2.6619568,-0.12633437,-0.15152991,630.29346,-19.559875
1.5-473-550,0.1710843373,0.3421686746,0.9872047710533666,-0.0008876844022,1.5,473.0,550.0,882.59515,0.31122863,66.0231,1041.7003,159.10516,-0.49665016,-0.8078788,-24.4198,-90.4429
1.5-473-550,0.1638554216,0.3277108432,0.9726063657286781,-0.0008745576659,1.5,473.0,550.0,719.24994,0.6757672,113.29208,852.99664,133.7467,-0.20292252,-0.8786897,11.774537,-101.51755
1.5-473-550,0.4857142857,0.9714285714,0.9811301446957078,-0.0008822221605,1.5,473.0,550.0,657.75696,0.8186675,360.62503,569.6415,-88.11548,0.113553695,-0.70511377,454.7308,94.105774
1.5-473-550,0.1855421686,0.3710843372,0.47796385156444166,-0.0004297801918,1.5,473.0,550.0,509.02054,1.168945,613.86725,494.18893,-14.831604,1.0933015,-0.07564342,641.3869,27.519653
1.5-473-550,0.0,0.0,0.7527150115145086,0.0006768336161,1.5,473.0,550.0,473.00003,0.90842825,649.85333,451.12646,-21.873566,0.90126604,-0.0071622133,641.00635,-8.846985
1.5-473-550,0.08367346941,0.16734693882,0.9671530515086588,0.0008696541017,1.5,473.0,550.0,473.00003,0.34286332,649.85333,471.57104,-1.4289856,0.17708105,-0.16578227,648.4924,-1.3609619
1.5-473-550,0.1795180723,0.3590361446,0.999825745120423,0.0008990330526,1.5,473.0,550.0,1010.9344,0.0024045652,53.642334,1160.893,149.95856,-0.6448228,-0.64722735,-20.251434,-73.89377
1.5-473-550,0.1686746988,0.3373493976,0.9071317792997667,0.0008156835895,1.5,473.0,550.0,569.702,0.9691829,539.72375,515.75085,-53.95117,0.8157351,-0.1534478,632.9534,93.229675
1.5-473-550,0.1108433734,0.2216867468,0.7525573838264147,0.0006766918789,1.5,473.0,550.0,478.7433,0.9438611,644.4355,467.21597,-11.527313,0.99226326,0.04840213,634.89856,-9.536926
1.5-473-550,0.2156626506,0.4313253012,0.9895407848051817,-0.0008897849218,1.5,473.0,550.0,1250.608,0.25823528,41.00766,1266.7302,16.122192,-0.5198515,-0.7780868,29.774261,-11.233398
1.5-473-550,0.1240963855,0.248192771,0.9442484491033019,0.0008490585182,1.5,473.0,550.0,525.0578,0.730651,596.14575,485.18457,-39.87323,0.4603282,-0.27032283,652.7346,56.588867
1.5-473-550,0.4571428571,0.9142857142,0.9915009044774012,0.0008915474413,1.5,473.0,550.0,661.4732,0.46098548,337.57336,606.85077,-54.622437,-0.25151712,-0.7125026,400.97983,63.406464
1.5-473-550,0.1168674698,0.2337349396,0.9915009044774012,0.0008915474413,1.5,473.0,550.0,635.91534,0.33519918,428.60748,633.24066,-2.6746826,-0.3719024,-0.7071016,216.25505,-212.35243
1.5-473-550,0.3072289157,0.6144578314,0.9998257452316341,-0.0008990330527,1.5,473.0,550.0,1177.6414,0.0032557196,44.059174,1304.069,126.42761,-0.709014,-0.7122697,50.62799,6.568817
1.5-473-550,0.3060240964,0.6120481928,0.16340484097302546,-0.0001469319566,1.5,473.0,550.0,540.0313,1.5568532,579.4165,547.5345,7.503174,1.5639962,0.0071430206,581.8758,2.4592896
1.5-473-550,0.213253012,0.426506024,0.9895407849163931,0.0008897849219,1.5,473.0,550.0,1253.9436,0.25849313,40.88449,1260.4021,6.458496,-0.520637,-0.7791301,27.506775,-13.377716
1.5-473-550,0.3253012049,0.6506024098,0.09831793590232207,-8.84064793e-05,1.5,473.0,550.0,552.25323,1.6309997,564.4796,556.0876,3.8343506,1.6692934,0.03829372,562.3265,-2.1531372
1.5-473-550,0.1445783132,0.2891566264,0.03282169734692774,-2.951293353e-05,1.5,473.0,550.0,484.60114,1.1053152,638.5937,486.08926,1.4881287,1.1093969,0.004081726,648.0143,9.420593
1.5-473-550,0.05102040816,0.10204081632,0.6021818746711394,-0.0005414757638,1.5,473.0,550.0,473.00003,1.0574282,649.85333,463.30884,-9.691193,1.0446008,-0.012827396,629.32294,-20.530396
1.5-473-550,0.373493976,0.746987952,0.9895407848051817,-0.0008897849218,1.5,473.0,550.0,1071.1439,0.47131228,49.62552,1071.7568,0.61291504,-0.83172756,-1.3030398,65.14404,15.518524
1.5-473-550,0.4081632653,0.8163265306,0.6021818746711394,0.0005414757638,1.5,473.0,550.0,652.9639,2.2928073,379.919,653.32135,0.35742188,2.1246414,-0.16816592,380.44534,0.52633667
1.5-473-550,0.2795180723,0.5590361446,0.9985491866279087,0.0008978851843,1.5,473.0,550.0,1193.9395,0.0420292,43.3266,1330.3586,136.41919,-0.6378456,-0.6798748,51.094543,7.7679443
1.5-473-550,0.2301204819,0.4602409638,0.9965972946963587,0.0008961300631,1.5,473.0,550.0,1269.8428,0.083760254,40.29782,1309.9069,40.064087,-0.59332734,-0.6770876,35.4281,-4.8697205
1.5-473-550,0.2759036145,0.551807229,0.9442484491033019,-0.0008490585182,1.5,473.0,550.0,946.7013,1.3061289,59.04355,1160.2526,213.55127,0.4222523,-0.88387656,107.33052,48.286972
1.5-473-550,0.1843373494,0.3686746988,0.9071317792997667,0.0008156835895,1.5,473.0,550.0,606.2421,1.0542222,482.98035,557.02905,-49.213074,0.88233316,-0.17188907,580.4077,97.42737
1.5-473-550,0.1554216867,0.3108433734,0.7525573838264147,-0.0006766918789,1.5,473.0,550.0,510.5336,1.0237919,612.21704,482.81238,-27.721222,1.017875,-0.005916953,640.667,28.449951
1.5-473-550,0.08775510207,0.17551020414,0.9996041060258503,0.000898833757,1.5,473.0,550.0,473.00003,0.0032563156,649.85333,544.08997,71.089935,-0.34389144,-0.34714776,450.90012,-198.95322
1.5-473-550,0.156626506,0.313253012,0.960723235489121,-0.0008638724771,1.5,473.0,550.0,620.4908,0.7982326,459.00122,671.65857,51.167786,0.16450685,-0.63372576,209.61432,-249.3869
1.5-473-550,0.1602409638,0.3204819276,0.9999999997775775,0.0008991897406,1.5,473.0,550.0,894.8526,-5.322157e-09,64.55673,1039.493,144.64044,-0.65142065,-0.65142065,-47.388,-111.94473
1.5-473-550,0.1,0.2,0.9993256565633628,-0.0008985833781,1.5,473.0,550.0,544.2608,0.009366864,563.5933,589.0229,44.762085,-0.41955692,-0.4289238,323.2796,-240.31372
1.5-473-550,0.3602409639,0.7204819278,0.8902853188558087,-0.0008005354251,1.5,473.0,550.0,803.0421,1.9764187,79.37915,748.3643,-54.677795,2.086239,0.109820366,168.38564,89.006485
1.5-473-550,0.156626506,0.313253012,0.9965972946963587,-0.0008961300631,1.5,473.0,550.0,852.91614,0.099771254,70.15866,989.88983,136.9737,-0.6110118,-0.71078306,-48.437103,-118.595764
1.5-473-550,0.1168674698,0.2337349396,0.7098470004029654,0.0006382871403,1.5,473.0,550.0,481.49576,0.97678727,641.7363,470.3232,-11.172546,1.0206594,0.043872178,633.38055,-8.355774
1.5-473-550,0.02244897957,0.04489795914,0.5396442233296441,0.0004852425493,1.5,473.0,550.0,473.00003,1.1206744,649.85333,461.45016,-11.549866,1.0628545,-0.057819843,631.9685,-17.884827
1.5-473-550,0.1891566265,0.378313253,0.9772248215579286,-0.000878710534,1.5,473.0,550.0,980.12213,0.5079574,56.06198,1105.9176,125.79547,-0.35121173,-0.8591691,9.653565,-46.408417
1.5-473-550,0.1759036144,0.3518072288,0.09831793590232207,-8.84064793e-05,1.5,473.0,550.0,497.68054,1.155589,625.3573,492.84375,-4.836792,1.1180037,-0.03758526,645.1715,19.814209
1.5-473-550,0.1590361445,0.318072289,0.7525573838264147,0.0006766918789,1.5,473.0,550.0,513.1397,1.0333021,609.3987,484.6062,-28.533508,1.0201783,-0.013123751,641.0222,31.623535
1.5-473-550,0.1120481927,0.2240963854,0.47796385156444166,-0.0004297801918,1.5,473.0,550.0,474.49127,1.0729629,648.44653,475.3311,0.83981323,1.0731137,0.00015079975,631.42456,-17.021973
1.5-473-550,0.3108433735,0.621686747,0.9895407848051817,-0.0008897849218,1.5,473.0,550.0,1127.5573,0.3509907,46.475525,1284.9993,157.44202,-0.5870699,-0.93806064,57.74948,11.273956
1.5-473-550,0.2915662651,0.5831325302,0.5396442233296441,-0.0004852425493,1.5,473.0,550.0,576.22766,1.5823542,529.46893,559.38293,-16.844727,1.560234,-0.022120237,572.4846,43.015686
1.5-473-550,0.1746987951,0.3493975902,0.9726063657286781,0.0008745576659,1.5,473.0,550.0,797.02075,0.6308091,80.79947,957.95905,160.9383,-0.24083608,-0.8716452,2.9036264,-77.89584
1.5-473-550,0.3542168675,0.708433735,0.09831793589120096,8.840647929e-05,1.5,473.0,550.0,581.9572,1.7935225,518.4667,572.7805,-9.176697,1.8290608,0.035538316,527.3881,8.921448
1.5-473-550,0.2240963855,0.448192771,0.960723235489121,0.0008638724771,1.5,473.0,550.0,1117.4614,0.8842958,47.02591,1182.36,64.89856,-0.046329025,-0.93062484,70.06076,23.034851
1.5-473-550,0.3746987952,0.7493975904,0.9945113832197316,0.0008942544329,1.5,473.0,550.0,1095.4513,0.24865967,48.212433,1079.9005,-15.550781,-0.9119366,-1.1605963,62.6792,14.466766
1.5-473-550,0.2831325301,0.5662650602,0.5396442233296441,0.0004852425493,1.5,473.0,550.0,568.3719,1.5443561,541.3699,553.02094,-15.350952,1.5007666,-0.043589473,585.129,43.759155
1.5-473-550,0.2759036145,0.551807229,0.16340484097302546,-0.0001469319566,1.5,473.0,550.0,526.4471,1.4602557,594.6009,531.77295,5.3258667,1.3995539,-0.060701847,609.93787,15.336975
1.5-473-550,0.1879518072,0.3759036144,0.999825745120423,0.0008990330526,1.5,473.0,550.0,1090.7982,0.0023376888,48.48294,1201.6069,110.808716,-0.6408512,-0.6431889,-8.383025,-56.865967
1.5-473-550,0.03469387754,0.06938775508,0.8705746216627653,0.0007828117684,1.5,473.0,550.0,473.00003,0.7597669,649.85333,446.90802,-26.09201,0.71315604,-0.046610832,651.61914,1.7658081
1.5-473-550,0.2831325301,0.5662650602,0.3542741439827602,-0.0003185596757,1.5,473.0,550.0,539.45386,1.4983819,580.03156,541.0188,1.5649414,1.4531473,-0.04523456,600.004,19.972473
1.5-473-550,0.08571428574,0.17142857148,0.9671530515086588,-0.0008696541017,1.5,473.0,550.0,473.00003,0.3427437,649.85333,473.22528,0.22525024,0.17591351,-0.16683018,646.7656,-3.0877075
1.5-473-550,0.002040816309,0.004081632618,0.9931416466178614,-0.0008930227798,1.5,473.0,550.0,473.00003,0.11716067,649.85333,455.0589,-17.941132,-0.020275122,-0.1374358,655.083,5.2296753
1.5-473-550,0.3012048193,0.6024096386,0.9973789933391554,0.0008968329585,1.5,473.0,550.0,1169.9973,0.08432012,44.408783,1309.4624,139.46509,-0.665147,-0.74946713,52.661896,8.253113
1.5-473-550,0.03265306121,0.06530612242,0.9931416465066502,-0.0008930227797,1.5,473.0,550.0,473.00003,0.06594693,649.85333,463.2441,-9.75592,-0.06189585,-0.12784278,643.394,-6.4593506
1.5-473-550,0.1650602409,0.3301204818,0.47796385156444166,-0.0004297801918,1.5,473.0,550.0,499.5828,1.1068113,623.43225,487.334,-12.248779,1.0784684,-0.028342843,639.08276,15.650513
1.5-473-550,0.2542168675,0.508433735,0.9071317792997667,-0.0008156835895,1.5,473.0,550.0,831.8459,1.5340737,73.950516,823.1077,-8.738159,1.326822,-0.20725167,204.7108,130.76028
1.5-473-550,0.05102040816,0.10204081632,0.47796385156444166,0.0004297801918,1.5,473.0,550.0,473.00003,1.1198074,649.85333,466.44452,-6.5555115,1.0805534,-0.03925395,630.21735,-19.635986
1.5-473-550,0.2698795181,0.5397590362,0.22784103833049427,-0.0002048723242,1.5,473.0,550.0,526.32324,1.4465424,594.7386,529.97314,3.6499023,1.368905,-0.077637434,614.2628,19.524231
1.5-473-550,0.3614457832,0.7228915664,0.9965972946963587,-0.0008961300631,1.5,473.0,550.0,1117.4528,0.1415726,47.01544,1151.4999,34.04712,-0.8803516,-1.0219243,51.20932,4.193878
1.5-473-550,0.3385542169,0.6771084338,0.9442484491033019,0.0008490585182,1.5,473.0,550.0,916.0462,1.513332,62.114838,1022.38257,106.336365,0.8429968,-0.67033523,83.74245,21.62761
1.5-473-550,0.05510204082,0.11020408164,0.9980223152919674,0.000897411427,1.5,473.0,550.0,473.00003,0.019487137,649.85333,481.65894,8.658905,-0.17287046,-0.1923576,608.5183,-41.335022
1.5-473-550,0.03061224488,0.06122448976,0.9895407848051817,0.0008897849218,1.5,473.0,550.0,473.00003,0.10049843,649.85333,460.3518,-12.648224,-0.02059961,-0.12109804,648.538,-1.3153076
1.5-473-550,0.1879518072,0.3759036144,0.9337895728803226,-0.000839654004,1.5,473.0,550.0,684.87555,1.0448021,209.35672,675.9846,-8.89093,0.7755003,-0.26930177,308.93427,99.577545
1.5-473-550,0.3963855422,0.7927710844,0.4163512326852384,0.000374378757,1.5,473.0,550.0,632.59235,2.1652641,435.96786,623.2135,-9.378845,2.0741677,-0.0910964,437.46973,1.5018616
1.5-473-550,0.1831325301,0.3662650602,0.9772248215579286,-0.000878710534,1.5,473.0,550.0,913.01556,0.5038939,62.443817,1064.7242,151.70868,-0.3468848,-0.8507787,1.8669443,-60.576874
1.5-473-550,0.3855421687,0.7710843374,0.9671530515086588,0.0008696541017,1.5,473.0,550.0,953.52246,1.3787609,58.380615,865.2244,-88.298035,-0.1695078,-1.5482688,159.33897,100.95836
1.5-473-550,0.3963855422,0.7927710844,0.9945113832197316,-0.0008942544329,1.5,473.0,550.0,1070.2938,0.2979241,49.67578,933.70496,-136.58887,-0.95037514,-1.2482992,117.82774,68.15196
1.5-473-550,0.3662650603,0.7325301206,0.993141646395439,0.0008930227796,1.5,473.0,550.0,1096.2714,0.29578465,48.164764,1121.0226,24.75122,-0.85552436,-1.151309,55.50305,7.3382874
1.5-473-550,0.4918367347,0.9836734694,0.9965972946963587,-0.0008961300631,1.5,473.0,550.0,657.5469,0.18276006,361.47333,570.40155,-87.145325,-0.11917073,-0.3019308,446.77667,85.303345
1.5-473-550,0.1746987951,0.3493975902,0.9999999997775775,-0.0008991897406,1.5,473.0,550.0,980.22626,-5.322157e-09,56.09845,1134.9757,154.74945,-0.6486097,-0.6486097,-27.36737,-83.46582
1.5-473-550,0.1771084337,0.3542168674,0.9726063657286781,-0.0008745576659,1.5,473.0,550.0,825.5994,0.6086317,74.80382,979.7577,154.15826,-0.24689442,-0.8555261,3.9359446,-70.867874
1.5-473-550,0.1144578313,0.2289156626,0.960723235489121,0.0008638724771,1.5,473.0,550.0,524.35724,0.60783094,596.9248,499.21097,-25.14627,0.25042135,-0.3574096,617.96204,21.037231
1.5-473-550,0.2337349398,0.4674698796,0.4163512323516047,-0.0003743787567,1.5,473.0,550.0,522.8001,1.3552938,598.6563,515.17676,-7.623352,1.206496,-0.14879775,634.73926,36.082947
1.5-473-550,0.4673469388,0.9346938776,0.7525573838264147,-0.0006766918789,1.5,473.0,550.0,658.2964,1.6601785,358.44754,656.3235,-1.9729004,1.8615836,0.20140505,344.93042,-13.51712
1.5-473-550,0.1253012048,0.2506024096,0.9980223152919674,-0.000897411427,1.5,473.0,550.0,721.30176,0.10073262,108.46431,732.5231,11.221313,-0.54797965,-0.6487123,29.04007,-79.42424
1.5-473-550,0.4326530612,0.8653061224,0.22784103821928303,0.0002048723241,1.5,473.0,550.0,642.4762,2.1157558,412.7208,626.32324,-16.152954,2.156192,0.040436268,425.0618,12.341003
1.5-473-550,0.3168674699,0.6337349398,0.8705746216627653,-0.0007828117684,1.5,473.0,550.0,759.1601,1.8296787,92.15915,721.2893,-37.87079,1.9028393,0.07316065,223.76646,131.60732
1.5-473-550,0.5,1.0,0.6603133566356632,-0.000593746996,1.5,473.0,550.0,657.2259,1.7598042,362.76917,644.27216,-12.953735,1.8913051,0.13150084,358.95035,-3.8188171
1.5-473-550,0.3108433735,0.621686747,0.960723235489121,0.0008638724771,1.5,473.0,550.0,988.1559,1.1589994,55.434998,1213.7043,225.54846,0.0037558621,-1.1552436,84.82939,29.394394
1.5-473-550,0.1819277108,0.3638554216,0.9726063657286781,0.0008745576659,1.5,473.0,550.0,863.2672,0.60520005,68.741516,1020.88776,157.62054,-0.25678045,-0.8619805,7.6853952,-61.05612
1.5-473-550,0.3722891567,0.7445783134,0.9999999997775775,0.0008991897406,1.5,473.0,550.0,1124.2134,-5.322157e-09,46.678802,1107.6193,-16.594116,-0.97244924,-0.97244924,56.543854,9.865051
1.5-473-550,0.4408163265,0.881632653,0.9872047710533666,0.0008876844022,1.5,473.0,550.0,668.92755,0.71064883,266.74948,634.05206,-34.87549,-0.30292267,-1.0135715,367.44406,100.69458
1.5-473-550,0.2662650602,0.5325301204,0.9071317792997667,0.0008156835895,1.5,473.0,550.0,836.44507,1.5533881,73.09563,840.4391,3.9940186,1.3844831,-0.16890502,182.45749,109.36186
1.5-473-550,0.308433735,0.61686747,0.22784103833049427,-0.0002048723242,1.5,473.0,550.0,545.8329,1.5736536,572.5072,551.12787,5.294983,1.5850244,0.011370778,577.07117,4.563965
1.5-473-550,0.3674698796,0.7349397592,0.8206166047262803,0.0007378900321,1.5,473.0,550.0,703.5195,2.1190298,130.27681,701.61066,-1.9088135,2.1355023,0.016472578,275.30527,145.02846
1.5-473-550,0.0102040816,0.0204081632,0.8902853188558087,-0.0008005354251,1.5,473.0,550.0,473.00003,0.735813,649.85333,444.4859,-28.51413,0.61116797,-0.124645054,656.9911,7.1377563
1.5-473-550,0.06734693879,0.13469387758,0.9996041061370615,-0.0008988337571,1.5,473.0,550.0,473.00003,0.0032670444,649.85333,498.74866,25.748627,-0.23919374,-0.24246079,569.57263,-80.2807
1.5-473-550,0.3289156627,0.6578313254,0.9945113832197316,0.0008942544329,1.5,473.0,550.0,1137.2297,0.19736284,45.988556,1255.8287,118.599,-0.7123721,-0.90973496,51.472015,5.4834595
1.5-473-550,0.3493975904,0.6987951808,0.8206166047262803,0.0007378900321,1.5,473.0,550.0,692.3694,2.0033689,162.1716,692.16833,-0.2010498,2.0967927,0.09342384,287.81195,125.64035
1.5-473-550,0.1060240963,0.2120481926,0.2914697156873968,0.0002620865781,1.5,473.0,550.0,473.03064,1.1354927,649.82446,476.9225,3.8918457,1.0899365,-0.045556188,636.60046,-13.223999
1.5-473-550,0.221686747,0.443373494,0.47796385156444166,0.0004297801918,1.5,473.0,550.0,522.4477,1.3243569,599.04816,510.25974,-12.187958,1.1635859,-0.16077101,638.4244,39.37622
1.5-473-550,0.09387755105,0.1877551021,0.9956514833048237,0.0008952795992,1.5,473.0,550.0,473.00003,0.044160243,649.85333,549.9895,76.98947,-0.30634087,-0.35050112,440.40204,-209.4513
1.5-473-550,0.3156626506,0.6313253012,0.22784103821928303,0.0002048723241,1.5,473.0,550.0,551.54895,1.6033676,565.3544,555.4366,3.8876343,1.6279768,0.024609208,568.5278,3.1734009
1.5-473-550,0.2277108433,0.4554216866,0.8705746216627653,-0.0007828117684,1.5,473.0,550.0,689.9284,1.4632558,215.35742,633.5358,-56.39258,1.1602347,-0.30302107,479.85306,264.49564
1.5-473-550,0.2975903615,0.595180723,0.9915009044774012,0.0008915474413,1.5,473.0,550.0,1145.7887,0.2748406,45.56662,1306.2092,160.42053,-0.58398753,-0.8588281,57.43091,11.864288
1.5-473-550,0.3566265061,0.7132530122,0.3542741437603377,0.0003185596755,1.5,473.0,550.0,599.8498,1.850437,493.37512,590.46014,-9.389648,1.892495,0.04205799,501.11282,7.7377014
1.5-473-550,0.2698795181,0.5397590362,0.9215172744995802,-0.0008286188792,1.5,473.0,550.0,876.62933,1.4888597,66.903015,955.6967,79.06738,1.1473882,-0.34147143,136.22232,69.319305
1.5-473-550,0.2469879518,0.4939759036,0.47796385156444166,-0.0004297801918,1.5,473.0,550.0,531.21765,1.3983747,589.296,524.4329,-6.784729,1.265338,-0.13303673,627.19446,37.898438
1.5-473-550,0.09387755105,0.1877551021,0.9844268823757469,0.0008851865532,1.5,473.0,550.0,473.00003,0.1607101,649.85333,514.71747,41.717438,-0.096138425,-0.2568485,550.98773,-98.8656
1.5-473-550,0.1301204819,0.2602409638,0.9531521909241071,0.0008570646715,1.5,473.0,550.0,543.13995,0.72742707,575.6678,512.6588,-30.48114,0.36368763,-0.36373943,604.39453,28.726746
1.5-473-550,0.3012048193,0.6024096386,0.29146971579860803,-0.0002620865782,1.5,473.0,550.0,545.8363,1.5556647,572.5031,549.3497,3.5133667,1.5518227,-0.0038419962,582.65894,10.155823
1.5-473-550,0.1192771084,0.2385542168,0.9956514833048237,-0.0008952795992,1.5,473.0,550.0,676.02234,0.24360335,203.56325,673.36865,-2.6536865,-0.47192854,-0.7155319,120.691696,-82.87155
1.5-473-550,0.256626506,0.513253012,0.9215172744995802,-0.0008286188792,1.5,473.0,550.0,880.535,1.4624825,66.430176,941.9941,61.459106,1.104507,-0.35797548,147.26535,80.835175
1.5-473-550,0.2831325301,0.5662650602,0.9945113832197316,-0.0008942544329,1.5,473.0,550.0,1172.4965,0.16801047,44.294495,1323.1603,150.66382,-0.59701365,-0.7650241,54.727936,10.433441
1.5-473-550,0.1493975903,0.2987951806,0.9973789934503665,-0.0008968329586,1.5,473.0,550.0,818.7096,0.08577507,76.04437,934.5179,115.80829,-0.6130851,-0.69886017,-52.47061,-128.51498
1.5-473-550,0.2578313253,0.5156626506,0.9980223152919674,-0.000897411427,1.5,473.0,550.0,1213.7742,0.05422693,42.483612,1333.5079,119.733765,-0.61193305,-0.66616,47.089783,4.6061707
1.5-473-550,0.3843373495,0.768674699,0.9999999997775775,-0.0008991897406,1.5,473.0,550.0,1112.5543,-5.322157e-09,47.302155,1039.3761,-73.17822,-1.0180609,-1.0180609,73.34654,26.044388
1.5-473-550,0.3698795181,0.7397590362,0.7892004020960466,-0.000709640905,1.5,473.0,550.0,677.26324,2.1159232,213.39485,687.1243,9.861084,2.1265712,0.010648012,308.5797,95.18486
1.5-473-550,0.3987951808,0.7975903616,0.7098470004029654,0.0006382871403,1.5,473.0,550.0,662.54645,2.3141882,322.68518,670.78546,8.239014,2.122591,-0.19159722,345.45425,22.769073
1.5-473-550,0.1686746988,0.3373493976,0.9671530515086588,0.0008696541017,1.5,473.0,550.0,704.73834,0.75889945,138.24396,844.193,139.45465,-0.08272082,-0.84162027,32.039062,-106.204895
1.5-473-550,0.3506024097,0.7012048194,0.4163512323516047,-0.0003743787567,1.5,473.0,550.0,601.72046,1.831082,490.49393,591.6871,-10.033386,1.880992,0.04991007,500.4241,9.930176
1.5-473-550,0.1903614457,0.3807228914,0.9215172744995802,-0.0008286188792,1.5,473.0,550.0,659.0437,1.09778,314.50018,619.59015,-39.453552,0.8955241,-0.2022559,444.1514,129.65121
1.5-473-550,0.2457831325,0.491566265,0.9671530515086588,-0.0008696541017,1.5,473.0,550.0,1085.9706,0.84094924,48.77231,1258.0293,172.05872,-0.17774266,-1.0186919,75.04019,26.267883
1.5-473-550,0.343373494,0.686746988,0.9915009044774012,0.0008915474413,1.5,473.0,550.0,1110.0215,0.32652855,47.412506,1210.4752,100.453735,-0.7269991,-1.0535276,51.34848,3.9359741
1.5-473-550,0.3566265061,0.7132530122,0.9872047710533666,-0.0008876844022,1.5,473.0,550.0,1075.0353,0.5239125,49.399292,1151.5477,76.51245,-0.7176445,-1.241557,54.453644,5.054352
1.5-473-550,0.2277108434,0.4554216868,0.6600967573005477,0.0005935522321,1.5,473.0,550.0,544.0498,1.3520275,574.5748,524.4013,-19.648499,1.1762009,-0.17582667,627.99554,53.420715
1.5-473-550,0.134939759,0.269879518,0.9956514833048237,-0.0008952795992,1.5,473.0,550.0,741.7433,0.18421113,97.69032,792.975,51.23169,-0.549728,-0.7339391,-17.227997,-114.91832
1.5-473-550,0.2734939759,0.5469879518,0.999825745120423,-0.0008990330526,1.5,473.0,550.0,1205.513,0.0029053038,42.834686,1334.5503,129.03735,-0.643835,-0.6467403,49.260895,6.4262085
1.5-473-550,0.2879518072,0.5759036144,0.6021818746711394,-0.0005414757638,1.5,473.0,550.0,588.65717,1.5918204,509.2714,564.3919,-24.265259,1.5592656,-0.032554746,565.673,56.40158
1.5-473-550,0.134939759,0.269879518,0.29146971579860803,-0.0002620865782,1.5,473.0,550.0,481.94028,1.0888478,641.28644,481.92523,-0.015045166,1.0848948,-0.00395298,638.9307,-2.355713
1.5-473-550,0.09795918371,0.19591836742,0.22784103821928303,0.0002048723241,1.5,473.0,550.0,473.00003,1.1734027,649.85333,476.43246,3.432434,1.0972996,-0.07610309,638.89417,-10.9591675
1.5-473-550,0.1493975903,0.2987951806,0.9985491866279087,0.0008978851843,1.5,473.0,550.0,827.1593,0.046268042,74.3755,943.0604,115.90112,-0.6279519,-0.67421997,-54.25992,-128.63542
1.5-473-550,0.4387755102,0.8775510204,0.960723235489121,0.0008638724771,1.5,473.0,550.0,670.14215,1.1749909,255.58592,612.10443,-58.03772,0.42973828,-0.7452526,411.36328,155.77736
1.5-473-550,0.04285714285,0.0857142857,0.993141646395439,-0.0008930227796,1.5,473.0,550.0,473.00003,0.06792437,649.85333,467.9871,-5.0129395,-0.080971844,-0.14889622,636.13385,-13.719482
1.5-473-550,0.4938775511,0.9877551022,0.9844268823757469,0.0008851865532,1.5,473.0,550.0,657.4859,0.7325238,361.7193,564.59686,-92.88904,0.08444279,-0.648081,458.99695,97.27765
1.5-473-550,0.1530120482,0.3060240964,0.47796385156444166,-0.0004297801918,1.5,473.0,550.0,493.75143,1.083299,629.33356,483.98047,-9.770966,1.0743556,-0.0089434385,637.2064,7.872864
1.5-473-550,0.01836734691,0.03673469382,0.7098470004029654,0.0006382871403,1.5,473.0,550.0,473.00003,1.0069484,649.85333,455.15378,-17.846252,0.9632052,-0.043743134,635.5657,-14.287659
1.5-473-550,0.1457831325,0.291566265,0.9772248215579286,-0.000878710534,1.5,473.0,550.0,646.7103,0.6585588,400.28418,729.3919,82.68158,-0.22447819,-0.883037,71.23636,-329.04782
1.5-473-550,0.05918367348,0.11836734696,0.998978267368595,0.0008982710093,1.5,473.0,550.0,473.00003,0.009693975,649.85333,487.10895,14.108917,-0.199256,-0.20894998,596.43396,-53.419373
1.5-473-550,0.09387755105,0.1877551021,0.8206166047262803,-0.0007378900321,1.5,473.0,550.0,473.00003,0.8753206,649.85333,459.30524,-13.694794,0.9052624,0.029941797,640.6484,-9.204956
1.5-473-550,0.4653061225,0.930612245,0.16340484097302546,-0.0001469319566,1.5,473.0,550.0,652.85254,2.0112638,380.42426,633.767,-19.08551,2.2182927,0.20702887,404.99182,24.567566
1.5-473-550,0.3481927711,0.6963855422,0.9985491866279087,-0.0008978851843,1.5,473.0,550.0,1139.9384,0.054426547,45.85504,1206.4781,66.539795,-0.84386915,-0.8982957,47.882416,2.0273743
1.5-473-550,0.3891566266,0.7783132532,0.9973789933391554,0.0008968329585,1.5,473.0,550.0,1094.2617,0.13094532,48.281586,998.7324,-95.5293,-0.99493164,-1.1258769,87.760315,39.47873
1.5-473-550,0.2,0.4,0.6021818746711394,-0.0005414757638,1.5,473.0,550.0,523.16046,1.2302707,598.2556,501.97922,-21.181244,1.1029947,-0.12727606,640.88617,42.630554
1.5-473-550,0.3903614458,0.7807228916,0.6021818746711394,0.0005414757638,1.5,473.0,550.0,646.6156,2.1749375,401.28116,644.36707,-2.2485352,2.0968504,-0.07808709,397.79364,-3.4875183
1.5-473-550,0.05102040816,0.10204081632,0.998978267368595,0.0008982710093,1.5,473.0,550.0,473.00003,0.009563917,649.85333,479.14526,6.145233,-0.17317063,-0.18273455,612.9461,-36.907227
1.5-473-550,0.3698795181,0.7397590362,0.7892004020960466,0.000709640905,1.5,473.0,550.0,677.26324,2.1159232,213.39482,687.1243,9.861084,2.1265712,0.010648012,308.5797,95.18489
1.5-473-550,0.2421686747,0.4843373494,0.960723235489121,0.0008638724771,1.5,473.0,550.0,1062.9668,0.9537265,50.151123,1227.1458,164.17896,-0.04853076,-1.0022572,81.81438,31.663254
1.5-473-550,0.02244897957,0.04489795914,0.9998257452316341,-0.0008990330527,1.5,473.0,550.0,473.00003,0.0009070582,649.85333,463.51932,-9.480713,-0.1145478,-0.11545485,641.08545,-8.767883
1.5-473-550,0.265060241,0.530120482,0.47796385156444166,-0.0004297801918,1.5,473.0,550.0,541.30347,1.4564092,577.8385,535.7058,-5.5976562,1.3655533,-0.090855956,612.6762,34.837708
1.5-473-550,0.4285714286,0.8571428572,0.9811301446957078,-0.0008822221605,1.5,473.0,550.0,687.30414,0.9536726,148.48822,656.1258,-31.178345,-0.25972015,-1.2133927,342.55804,194.06982
1.5-473-550,0.3349397591,0.6698795182,0.9442484491033019,-0.0008490585182,1.5,473.0,550.0,917.95013,1.4991156,61.919586,1038.3788,120.42865,0.8016064,-0.69750917,83.84268,21.923096
1.5-473-550,0.1710843373,0.3421686746,0.9999999997775775,-0.0008991897406,1.5,473.0,550.0,962.4027,-5.322157e-09,57.626923,1113.3176,150.91492,-0.649926,-0.649926,-32.65921,-90.28613
1.5-473-550,0.343373494,0.686746988,0.22784103821928303,0.0002048723241,1.5,473.0,550.0,577.3022,1.7431608,526.5535,572.7826,-4.5195923,1.789317,0.046156168,532.99896,6.4454346
1.5-473-550,0.07142857145,0.1428571429,0.8206166047262803,0.0007378900321,1.5,473.0,550.0,473.00003,0.87550473,649.85333,454.9762,-18.023834,0.8792356,0.0037308931,640.89514,-8.958191
1.5-473-550,0.3277108434,0.6554216868,0.3542741437603377,0.0003185596755,1.5,473.0,550.0,575.07434,1.687657,531.02954,570.1187,-4.9556274,1.7299552,0.042298198,543.03735,12.0078125
1.5-473-550,0.09591836738,0.19183673476,0.6600967573005477,0.0005935522321,1.5,473.0,550.0,473.00003,1.027124,649.85333,467.89114,-5.1088867,1.0340914,0.006967306,629.9128,-19.940552
1.5-473-550,0.3831325302,0.7662650604,0.7525573838264147,-0.0006766918789,1.5,473.0,550.0,666.8091,2.1896768,287.48538,678.05707,11.247986,2.1247237,-0.06495309,330.15497,42.669586
1.5-473-550,0.2734939759,0.5469879518,0.9772248215579286,0.000878710534,1.5,473.0,550.0,1098.2306,0.65960443,48.052094,1298.0116,199.781,-0.3491171,-1.0087216,70.88568,22.833588
1.5-473-550,0.2734939759,0.5469879518,0.960723235489121,0.0008638724771,1.5,473.0,550.0,1016.58154,1.0462065,53.275208,1249.3551,232.77356,-0.032191757,-1.0783982,90.51906,37.24385
1.5-473-550,0.1385542168,0.2771084336,0.16340484119544796,0.0001469319568,1.5,473.0,550.0,482.4841,1.0989281,640.73615,483.76138,1.2772827,1.094726,-0.0042021275,643.34686,2.6107178
1.5-473-550,0.3361445784,0.6722891568,0.8705746216627653,-0.0007828117684,1.5,473.0,550.0,766.37146,1.9085329,89.39885,724.95496,-41.416504,2.0419142,0.13338137,205.11221,115.71336
1.5-473-550,0.1180722891,0.2361445782,0.9442484491033019,0.0008490585182,1.5,473.0,550.0,516.04254,0.7009104,606.1707,478.49365,-37.54889,0.45130986,-0.24960053,658.7376,52.566895
1.5-473-550,0.3975903615,0.795180723,0.993141646395439,0.0008930227796,1.5,473.0,550.0,1061.7452,0.37578928,50.21756,917.6048,-144.14044,-0.9229564,-1.2987456,126.56413,76.34657
1.5-473-550,0.213253012,0.426506024,0.8902853188558087,0.0008005354251,1.5,473.0,550.0,713.14764,1.3966246,160.41957,628.79706,-84.350586,1.0734341,-0.32319045,484.91486,324.4953
1.5-473-550,0.2493975904,0.4987951808,0.5396442233296441,0.0004852425493,1.5,473.0,550.0,539.2946,1.4139029,580.154,529.23083,-10.063782,1.2831063,-0.13079655,623.00024,42.846252
1.5-473-550,0.2771084337,0.5542168674,0.9996041060258503,0.000898833757,1.5,473.0,550.0,1200.8011,0.009630496,43.034943,1332.8191,132.01794,-0.6459555,-0.655586,49.969604,6.934662
1.5-473-550,0.2421686747,0.4843373494,0.7892004020960466,-0.000709640905,1.5,473.0,550.0,618.68353,1.4716474,461.91083,576.10785,-42.575684,1.2424562,-0.22919118,558.85547,96.94464
1.5-473-550,0.4510204082,0.9020408164,0.6600967573005477,-0.0005935522321,1.5,473.0,550.0,659.1444,1.7669617,355.02414,663.848,4.7036133,2.061542,0.29458034,348.23163,-6.792511
1.5-473-550,0.2096385542,0.4192771084,0.8475322498919685,0.0007620923041,1.5,473.0,550.0,609.5841,1.3060464,476.9321,564.9032,-44.68091,1.038237,-0.2678094,584.96643,108.03433
1.5-473-550,0.09591836738,0.19183673476,0.3542741437603377,0.0003185596755,1.5,473.0,550.0,473.00003,1.1502101,649.85333,474.62924,1.6292114,1.0878705,-0.062339664,633.68726,-16.166077
1.5-473-550,0.01836734691,0.03673469382,0.9956514833048237,-0.0008952795992,1.5,473.0,550.0,473.00003,0.039837357,649.85333,459.82608,-13.17395,-0.06478066,-0.10461801,647.8064,-2.046936
1.5-473-550,0.2265060241,0.4530120482,0.9965972946963587,0.0008961300631,1.5,473.0,550.0,1278.5109,0.08302557,39.977936,1304.4308,25.919922,-0.5940127,-0.67703825,33.00949,-6.968445
1.5-473-550,0.02857142855,0.0571428571,0.9531521908128958,-0.0008570646714,1.5,473.0,550.0,473.00003,0.43351734,649.85333,447.70193,-25.298096,0.30143708,-0.13208026,664.3943,14.540955
1.5-473-550,0.2481927711,0.4963855422,0.9337895728803226,-0.000839654004,1.5,473.0,550.0,926.49207,1.3498499,61.099457,1046.8528,120.36072,0.72453684,-0.6253131,123.023636,61.92418
1.5-473-550,0.3180722892,0.6361445784,0.9985491866279087,-0.0008978851843,1.5,473.0,550.0,1164.5176,0.047980126,44.659393,1284.3549,119.83728,-0.7264134,-0.77439356,50.475708,5.8163147
1.5-473-550,0.03265306121,0.06530612242,0.8902853187445975,0.000800535425,1.5,473.0,550.0,473.00003,0.7103956,649.85333,445.69528,-27.304749,0.6433678,-0.06702775,655.67645,5.82312
1.5-473-550,0.4326530612,0.8653061224,0.9945113832197316,-0.0008942544329,1.5,473.0,550.0,679.2105,0.35593182,178.90837,684.8739,5.663391,-0.6053694,-0.9613012,308.98337,130.075
1.5-473-550,0.4306122449,0.8612244898,0.6021818746711394,0.0005414757638,1.5,473.0,550.0,656.36346,2.1464984,366.25067,659.9254,3.5619507,2.1288116,-0.017686844,365.6843,-0.56637573
1.5-473-550,0.1216867469,0.2433734938,0.3542741439827602,-0.0003185596757,1.5,473.0,550.0,476.9209,1.0868294,646.15466,478.7933,1.872406,1.0820068,-0.004822612,635.657,-10.497681
1.5-473-550,0.2421686747,0.4843373494,0.9772248215579286,0.000878710534,1.5,473.0,550.0,1147.5763,0.5893354,45.47934,1284.1619,136.58557,-0.3489347,-0.9382701,60.915466,15.436127
1.5-473-550,0.4265306122,0.8530612244,0.9965972946963587,0.0008961300631,1.5,473.0,550.0,692.8113,0.22826725,136.95584,724.77185,31.960571,-0.74115306,-0.9694203,269.71762,132.76178
1.5-473-550,0.3674698796,0.7349397592,0.9993254186825348,-0.0008985831642,1.5,473.0,550.0,1125.6133,0.026074106,46.579376,1129.8789,4.265625,-0.94271344,-0.96878755,53.110046,6.53067
1.5-473-550,0.1313253012,0.2626506024,0.9965972946963587,0.0008961300631,1.5,473.0,550.0,734.02325,0.15462172,101.28989,769.8784,35.855164,-0.55082875,-0.7054505,-3.5188894,-104.80878
1.5-473-550,0.1228915662,0.2457831324,0.9811301446957078,-0.0008822221605,1.5,473.0,550.0,594.04565,0.519908,501.94788,606.35486,12.309204,-0.17648262,-0.6963906,308.52722,-193.42065
1.5-473-550,0.05306122449,0.10612244898,0.9811301446957078,-0.0008822221605,1.5,473.0,550.0,473.00003,0.19335312,649.85333,464.16177,-8.838257,0.040765163,-0.15258795,647.26953,-2.5838013
1.5-473-550,0.3168674699,0.6337349398,0.999825745120423,0.0008990330526,1.5,473.0,550.0,1171.1968,0.0033742136,44.353943,1288.136,116.93921,-0.73767084,-0.74104506,49.823517,5.469574
1.5-473-550,0.3445783133,0.6891566266,0.9772248215579286,-0.000878710534,1.5,473.0,550.0,1035.7806,0.8535387,51.89792,1175.3885,139.60791,-0.47038776,-1.3239264,60.536407,8.638489
1.5-473-550,0.3746987952,0.7493975904,0.999825745120423,-0.0008990330526,1.5,473.0,550.0,1121.5409,0.004442031,46.796997,1094.5425,-26.998413,-0.9807016,-0.98514366,59.06897,12.271973
1.5-473-550,0.4510204082,0.9020408164,0.9915009044774012,-0.0008915474413,1.5,473.0,550.0,663.3853,0.4723903,319.40613,618.5131,-44.872192,-0.30888373,-0.781274,385.82147,66.415344
1.5-473-550,0.2493975904,0.4987951808,0.16340484119544796,0.0001469319568,1.5,473.0,550.0,519.9159,1.3938893,601.8635,519.29913,-0.61676025,1.2789276,-0.11496174,627.088,25.224487
1.5-473-550,0.3457831326,0.6915662652,0.9726063657286781,-0.0008745576659,1.5,473.0,550.0,1012.05646,1.0037,53.579803,1157.5131,145.4566,-0.36025625,-1.3639562,64.137695,10.557892
1.5-473-550,0.05918367348,0.11836734696,0.9811301446957078,-0.0008822221605,1.5,473.0,550.0,473.00003,0.1950159,649.85333,467.45975,-5.540283,0.032576617,-0.16243929,643.29285,-6.560486
1.5-473-550,0.006122448946,0.012244897892,0.22784103821928303,0.0002048723241,1.5,473.0,550.0,473.00003,1.0640317,649.85333,465.49402,-7.506012,1.1352619,0.07123017,643.5218,-6.331543
1.5-473-550,0.2373493976,0.4746987952,0.09831793590232207,8.84064793e-05,1.5,473.0,550.0,516.5844,1.3622967,605.5682,513.7746,-2.8098145,1.2423939,-0.11990285,632.3219,26.753723
1.5-473-550,0.1963855422,0.3927710844,0.9337895728803226,-0.000839654004,1.5,473.0,550.0,790.545,1.133406,83.76993,741.6435,-48.90149,0.79237086,-0.3410352,231.1547,147.38477
1.5-473-550,0.4285714286,0.8571428572,0.22784103833049427,-0.0002048723242,1.5,473.0,550.0,641.1238,2.1674802,416.45538,624.3943,-16.729492,2.1463041,-0.0211761,428.90717,12.451782
1.5-473-550,0.3759036145,0.751807229,0.9215172744995802,0.0008286188792,1.5,473.0,550.0,852.06903,1.9141691,70.29373,763.7056,-88.3634,1.8075398,-0.10662925,173.88948,103.59575
1.5-473-550,0.4387755102,0.8775510204,0.8705746216627653,-0.0007828117684,1.5,473.0,550.0,667.99835,1.5426217,275.57785,667.456,-0.5423584,1.6302567,0.08763492,337.90427,62.326416
1.5-473-550,0.04693877551,0.09387755102,0.9442484491033019,0.0008490585182,1.5,473.0,550.0,473.00003,0.5125875,649.85333,448.34418,-24.655853,0.379389,-0.1331985,665.02466,15.171326
1.5-473-550,0.3819277109,0.7638554218,0.9726063657286781,0.0008745576659,1.5,473.0,550.0,978.5048,1.1925147,56.182312,934.0653,-44.439514,-0.4252774,-1.6177921,118.4341,62.251785
1.5-473-550,0.2614457831,0.5228915662,0.16340484097302546,-0.0001469319566,1.5,473.0,550.0,522.69354,1.4234022,598.7748,524.81067,2.1171265,1.3301426,-0.09325957,620.1755,21.400696
1.5-473-550,0.3385542169,0.6771084338,0.03282169734692774,-2.951293353e-05,1.5,473.0,550.0,563.87646,1.6952071,549.1565,561.03345,-2.8430176,1.7395782,0.044371128,549.0964,-0.06011963
1.5-473-550,0.4918367347,0.9836734694,0.7892004020960466,-0.000709640905,1.5,473.0,550.0,657.3707,1.6291851,362.18448,635.6167,-21.754028,1.6380955,0.008910418,369.66376,7.4792786
1.5-473-550,0.2120481927,0.4240963854,0.9671530515086588,-0.0008696541017,1.5,473.0,550.0,1150.082,0.7570956,45.358856,1171.0039,20.921875,-0.17717916,-0.93427473,49.819977,4.4611206
1.5-473-550,0.3662650603,0.7325301206,0.9337895728803226,-0.000839654004,1.5,473.0,550.0,877.58496,1.75687,66.689606,816.4632,-61.121765,1.6100416,-0.14682841,133.76205,67.07245
1.5-473-550,0.2457831325,0.491566265,0.6021818746711394,0.0005414757638,1.5,473.0,550.0,547.1705,1.4116788,570.6985,531.7616,-15.4088745,1.2685131,-0.14316571,621.0138,50.315308
1.5-473-550,0.2734939759,0.5469879518,0.6021818746711394,0.0005414757638,1.5,473.0,550.0,574.78937,1.5260777,531.16077,552.832,-21.957397,1.4524798,-0.07359791,588.74664,57.585876
1.5-473-550,0.05510204082,0.11020408164,0.22784103833049427,-0.0002048723242,1.5,473.0,550.0,473.00003,1.1904867,649.85333,470.95096,-2.0490723,1.1149951,-0.07549155,639.17993,-10.673401
1.5-473-550,0.2638554217,0.5277108434,0.09831793589120096,8.840647929e-05,1.5,473.0,550.0,522.4491,1.4281265,599.0467,525.1446,2.6954956,1.345723,-0.08240342,618.4726,19.425903
1.5-473-550,0.4183673469,0.8367346938,0.6021818746711394,-0.0005414757638,1.5,473.0,550.0,654.58875,2.284778,373.41513,657.0304,2.4416504,2.1307557,-0.15402246,372.77283,-0.64230347
1.5-473-550,0.2108433734,0.4216867468,0.998978267368595,0.0008982710093,1.5,473.0,550.0,1290.5951,0.02372604,39.923004,1277.1743,-13.420776,-0.62250537,-0.6462314,18.537506,-21.385498
1.5-473-550,0.5,1.0,0.960748093980033,0.0008638948296,1.5,473.0,550.0,657.3649,1.1379675,362.20776,563.2627,-94.102234,0.42857176,-0.7093957,468.8605,106.65274
1.5-473-550,0.3927710844,0.7855421688,0.6021818746711394,-0.0005414757638,1.5,473.0,550.0,647.5946,2.1974678,398.15967,645.7433,-1.8513184,2.1018817,-0.09558606,395.1517,-3.007965
1.5-473-550,0.3289156627,0.6578313254,0.9999999997775775,0.0008991897406,1.5,473.0,550.0,1162.4417,-5.322157e-09,44.774384,1263.2642,100.82251,-0.78170735,-0.78170735,48.408966,3.6345825
1.5-473-550,0.2915662651,0.5831325302,0.9671530515086588,0.0008696541017,1.5,473.0,550.0,1029.3154,0.9700968,52.35559,1262.0845,232.76904,-0.16525453,-1.1353514,82.58885,30.233261
1.5-473-550,0.1578313253,0.3156626506,0.9772248215579286,-0.000878710534,1.5,473.0,550.0,711.5579,0.621296,118.764114,839.8042,128.24628,-0.28617042,-0.9074664,1.7373362,-117.02678
1.5-473-550,0.2843373494,0.5686746988,0.8206166047262803,0.0007378900321,1.5,473.0,550.0,660.9836,1.6871148,323.04407,645.48083,-15.502747,1.6203132,-0.06680167,408.83084,85.78677
1.5-473-550,0.4653061225,0.930612245,0.16340484119544796,0.0001469319568,1.5,473.0,550.0,652.85254,2.0112638,380.42426,633.767,-19.08551,2.2182927,0.20702887,404.99182,24.567566
1.5-473-550,0.2590361446,0.5180722892,0.9945113832197316,0.0008942544329,1.5,473.0,550.0,1197.5385,0.15463579,43.173615,1328.8687,131.3302,-0.57463855,-0.72927433,50.405487,7.2318726
1.5-473-550,0.4938775511,0.9877551022,0.9915009044774012,0.0008915474413,1.5,473.0,550.0,657.49066,0.45563507,361.70026,566.4861,-91.00458,-0.027250832,-0.4828859,453.6884,91.98813
1.5-473-550,0.3204819277,0.6409638554,0.9999999997775775,0.0008991897406,1.5,473.0,550.0,1168.8679,-5.322157e-09,44.480316,1281.4509,112.58301,-0.75160533,-0.75160533,49.343292,4.862976
1.5-473-550,0.2759036145,0.551807229,0.9337895728803226,-0.000839654004,1.5,473.0,550.0,910.7029,1.4150068,62.73001,1073.6874,162.9845,0.78061455,-0.6343922,115.55911,52.8291
1.5-473-550,0.3674698796,0.7349397592,0.7098470004029654,-0.0006382871403,1.5,473.0,550.0,652.56244,2.0486712,380.6621,655.2971,2.7346802,2.0800588,0.031387568,374.8125,-5.8496094
1.5-473-550,0.373493976,0.746987952,0.9442484491033019,-0.0008490585182,1.5,473.0,550.0,897.1803,1.691651,64.26721,825.0572,-72.12311,1.190223,-0.501428,163.00555,98.73834
1.5-473-550,0.3903614458,0.7807228916,0.8902853188558087,-0.0008005354251,1.5,473.0,550.0,804.07043,2.1986573,79.08176,723.93945,-80.13098,1.92984,-0.2688173,232.10406,153.02231
1.5-473-550,0.008163265274,0.016326530548,0.7525573838264147,-0.0006766918789,1.5,473.0,550.0,473.00003,1.0172584,649.85333,451.94678,-21.053253,0.90921825,-0.108040154,639.6934,-10.159912
1.5-473-550,0.08775510207,0.17551020414,0.9998257452316341,-0.0008990330527,1.5,473.0,550.0,473.00003,0.0009953326,649.85333,544.84094,71.84091,-0.3480348,-0.34903014,448.4769,-201.37643
1.5-473-550,0.2843373494,0.5686746988,0.9671530515086588,-0.0008696541017,1.5,473.0,550.0,1035.5485,0.94786114,51.917816,1267.5393,231.99084,-0.16629034,-1.1141515,83.10387,31.18605
1.5-473-550,0.4081632653,0.8163265306,0.9945113832197316,-0.0008942544329,1.5,473.0,550.0,790.1657,0.37754655,82.14586,840.6845,50.5188,-0.89334947,-1.270896,175.42569,93.27983
1.5-473-550,0.3060240964,0.6120481928,0.9985491866279087,-0.0008978851843,1.5,473.0,550.0,1172.5126,0.045931276,44.293762,1304.3428,131.8302,-0.6910023,-0.7369336,51.568787,7.2750244
1.5-473-550,0.3108433735,0.621686747,0.9998257452316341,-0.0008990330527,1.5,473.0,550.0,1175.6783,0.003292734,44.148956,1298.4991,122.8208,-0.71923727,-0.72253,50.369324,6.2203674
1.5-473-550,0.2481927711,0.4963855422,0.9993254186825348,-0.0008985831642,1.5,473.0,550.0,1233.0986,0.016561205,41.69986,1331.6398,98.54114,-0.6215059,-0.6380671,42.64328,0.9434204
1.5-473-550,0.4877551021,0.9755102042,0.8475322498919685,0.0007620923041,1.5,473.0,550.0,657.51624,1.5385917,361.59705,626.49255,-31.023682,1.4305465,-0.10804522,391.14355,29.546509
1.5-473-550,0.3638554217,0.7277108434,0.9915009044774012,-0.0008915474413,1.5,473.0,550.0,1090.0184,0.36220634,48.52826,1128.7286,38.710205,-0.8201756,-1.1823819,54.92868,6.400421
1.5-473-550,0.1120481927,0.2240963854,0.4163512323516047,-0.0003743787567,1.5,473.0,550.0,474.08954,1.0902278,648.8255,476.31427,2.2247314,1.0789143,-0.011313558,632.8783,-15.947205
1.5-473-550,0.07142857145,0.1428571429,0.22784103821928303,0.0002048723241,1.5,473.0,550.0,473.00003,1.1742929,649.85333,472.9167,-0.083343506,1.1078525,-0.06644046,638.6669,-11.186462
1.5-473-550,0.148192771,0.296385542,0.8705746216627653,0.0007828117684,1.5,473.0,550.0,524.1418,0.9353321,597.1643,482.1337,-42.008087,0.87562734,-0.05970478,649.9,52.735718
1.5-473-550,0.4979591837,0.9959183674,0.9811301449181302,0.0008822221607,1.5,473.0,550.0,657.39825,0.8187223,362.07343,561.59894,-95.79932,0.14491051,-0.6738118,463.63556,101.56213
1.5-473-550,0.3710843374,0.7421686748,0.9993254186825348,0.0008985831642,1.5,473.0,550.0,1122.4686,0.026652092,46.747437,1112.1108,-10.357788,-0.95904845,-0.98570055,55.83435,9.086914
1.5-473-550,0.2975903615,0.595180723,0.8206166047262803,0.0007378900321,1.5,473.0,550.0,667.7,1.7520939,272.04254,655.8204,-11.879639,1.7421685,-0.009925365,377.0491,105.00656
1.5-473-550,0.1530120482,0.3060240964,0.993141646395439,0.0008930227796,1.5,473.0,550.0,808.8618,0.21193075,77.990616,934.15314,125.29132,-0.56122047,-0.7731512,-45.33188,-123.322495
1.5-473-550,0.126506024,0.253012048,0.9215172744995802,0.0008286188792,1.5,473.0,550.0,516.0403,0.79864824,606.1732,470.6949,-45.345398,0.64683515,-0.15181309,665.8076,59.6344
1.5-473-550,0.1831325301,0.3662650602,0.9915009044774012,0.0008915474413,1.5,473.0,550.0,1000.84357,0.19727045,54.418976,1144.9999,144.15631,-0.55340177,-0.7506722,-10.8766775,-65.295654
1.5-473-550,0.0102040816,0.0204081632,0.16340484097302546,-0.0001469319566,1.5,473.0,550.0,473.00003,1.1050403,649.85333,467.14215,-5.8578796,1.1427745,0.03773415,646.41327,-3.4400635
1.5-473-550,0.04693877551,0.09387755102,0.9872047710533666,0.0008876844022,1.5,473.0,550.0,473.00003,0.12906235,649.85333,465.54422,-7.4558105,-0.019745236,-0.14880759,642.5199,-7.333435
1.5-473-550,0.2361445783,0.4722891566,0.9998257452316341,0.0008990330527,1.5,473.0,550.0,1264.9545,0.0025410599,40.47818,1322.692,57.73755,-0.6250784,-0.62761945,36.560333,-3.9178467
1.5-473-550,0.2710843374,0.5421686748,0.9996041060258503,-0.000898833757,1.5,473.0,550.0,1207.3358,0.009420032,42.757233,1335.0276,127.69177,-0.63884073,-0.6482608,49.019073,6.261841
1.5-473-550,0.3506024097,0.7012048194,0.8475322498919685,-0.0007620923041,1.5,473.0,550.0,730.5178,2.0101187,105.56984,710.6455,-19.872314,2.1132975,0.10317874,243.10475,137.53491
1.5-473-550,0.1156626505,0.231325301,0.9872047710533666,0.0008876844022,1.5,473.0,550.0,605.2437,0.39027387,485.08734,602.92194,-2.3217773,-0.26961535,-0.6598892,305.30478,-179.78256
1.5-473-550,0.343373494,0.686746988,0.9915009044774012,-0.0008915474413,1.5,473.0,550.0,1110.0215,0.3265286,47.412506,1210.4752,100.453735,-0.7269991,-1.0535277,51.34848,3.9359741
1.5-473-550,0.4367346939,0.8734693878,0.3542741439827602,-0.0003185596757,1.5,473.0,550.0,646.08466,2.0724614,402.7543,638.27924,-7.80542,2.1627784,0.09031701,406.64703,3.8927307
1.5-473-550,0.2228915662,0.4457831324,0.9956514833048237,-0.0008952795992,1.5,473.0,550.0,1280.832,0.10592037,39.923004,1296.3611,15.529053,-0.5851192,-0.69103956,31.089142,-8.833862
1.5-473-550,0.1301204819,0.2602409638,0.9872047710533666,-0.0008876844022,1.5,473.0,550.0,650.24536,0.49382663,389.78806,688.93463,38.68927,-0.3628053,-0.85663193,105.6808,-284.10724
1.5-473-550,0.3602409639,0.7204819278,0.9872047710533666,0.0008876844022,1.5,473.0,550.0,1071.1215,0.5339657,49.6268,1135.1686,64.04712,-0.734229,-1.2681947,55.663513,6.0367126
1.5-473-550,0.2506024096,0.5012048192,0.960723235489121,-0.0008638724771,1.5,473.0,550.0,1040.9263,0.9928522,51.58014,1238.8668,197.94055,-0.04597998,-1.0388322,85.5616,33.98146
1.5-473-550,0.3638554217,0.7277108434,0.999825745120423,-0.0008990330526,1.5,473.0,550.0,1130.9562,0.004166121,46.29785,1147.6278,16.67163,-0.93199605,-0.9361622,50.856842,4.5589905
1.5-473-550,0.2746987952,0.5493975904,0.3542741439827602,-0.0003185596757,1.5,473.0,550.0,534.60657,1.470014,585.52747,536.0169,1.4103394,1.4033711,-0.06664288,608.3529,22.82544
1.5-473-550,0.3277108434,0.6554216868,0.9973789933391554,0.0008968329585,1.5,473.0,550.0,1151.7612,0.09228014,45.272156,1262.6481,110.88684,-0.74522084,-0.837501,49.97708,4.7049255
1.5-473-550,0.4469387755,0.893877551,0.9895407848051817,-0.0008897849218,1.5,473.0,550.0,665.1271,0.57955563,302.85794,623.8179,-41.309204,-0.30061477,-0.8801704,379.61136,76.75342
1.5-473-550,0.01224489793,0.02448979586,0.8705746216627653,-0.0007828117684,1.5,473.0,550.0,473.00003,0.7800589,649.85333,445.4334,-27.56662,0.68084663,-0.09921229,653.41095,3.5576172
1.5-473-550,0.3759036145,0.751807229,0.7098470004029654,0.0006382871403,1.5,473.0,550.0,655.2493,2.106733,370.74857,660.64734,5.3980103,2.100798,-0.005935192,364.7402,-6.008362
1.5-473-550,0.2156626506,0.4313253012,0.9996041060258503,0.000898833757,1.5,473.0,550.0,1290.5627,0.008091325,39.923004,1289.7883,-0.77441406,-0.6268721,-0.63496345,22.486755,-17.436249
1.5-473-550,0.5,1.0,0.9993256565633628,-0.0008985833781,1.5,473.0,550.0,657.37885,0.041966673,362.1516,565.1883,-92.19055,-0.12330467,-0.16527134,451.92307,89.771454
1.5-473-550,0.4877551021,0.9755102042,0.7892004020960466,0.000709640905,1.5,473.0,550.0,657.43884,1.6281594,361.9094,638.6004,-18.83844,1.6594827,0.031323314,366.1585,4.249115
1.5-473-550,0.4183673469,0.8367346938,0.16340484097302546,-0.0001469319566,1.5,473.0,550.0,635.016,2.2059658,430.59955,614.32434,-20.69165,2.114631,-0.09133482,445.49222,14.89267
1.5-473-550,0.1927710843,0.3855421686,0.9980223152919674,0.000897411427,1.5,473.0,550.0,1133.3827,0.045985457,46.19171,1216.0696,82.68689,-0.6207612,-0.6667467,-1.1509695,-47.34268
1.5-473-550,0.1156626505,0.231325301,0.9442484491033019,0.0008490585182,1.5,473.0,550.0,512.4595,0.68785965,610.1135,476.16895,-36.290527,0.44800493,-0.23985472,660.4618,50.348267
1.5-473-550,0.4571428571,0.9142857142,0.8705746216627653,0.0007828117684,1.5,473.0,550.0,660.5894,1.4791343,345.96997,648.22015,-12.369263,1.4965774,0.01744306,367.92908,21.959106
1.5-473-550,0.1674698795,0.334939759,0.9999999997775775,-0.0008991897406,1.5,473.0,550.0,933.188,-5.322157e-09,60.380768,1090.1796,156.99158,-0.65092784,-0.65092784,-37.851013,-98.23178
1.5-473-550,0.4755102041,0.9510204082,0.22784103833049427,-0.0002048723242,1.5,473.0,550.0,655.6894,1.9634461,368.9718,640.8513,-14.838074,2.2183235,0.25487733,393.45422,24.482422
1.5-473-550,0.09591836738,0.19183673476,0.22784103833049427,-0.0002048723242,1.5,473.0,550.0,473.00003,1.1735555,649.85333,476.14316,3.1431274,1.0980222,-0.07553327,638.8322,-11.021118
1.5-473-550,0.2481927711,0.4963855422,0.998978267368595,-0.0008982710093,1.5,473.0,550.0,1231.6675,0.026218588,41.75659,1331.1565,99.48901,-0.6180139,-0.6442325,42.916138,1.1595459
1.5-473-550,0.2168674698,0.4337349396,0.960723235489121,-0.0008638724771,1.5,473.0,550.0,1113.622,0.8856123,47.236267,1154.762,41.140015,-0.041333977,-0.9269463,63.988068,16.7518
1.5-473-550,0.4224489796,0.8448979592,0.9531521908128958,-0.0008570646714,1.5,473.0,550.0,702.0425,1.4858387,124.68271,639.85974,-62.18274,0.6514361,-0.83440256,379.65573,254.97302
1.5-473-550,0.1614457831,0.3228915662,0.9915009044774012,-0.0008915474413,1.5,473.0,550.0,845.1765,0.23529327,71.39285,994.2515,149.07501,-0.5492434,-0.78453666,-39.072144,-110.465
1.5-473-550,0.2542168675,0.508433735,0.9996041060258503,0.000898833757,1.5,473.0,550.0,1223.7623,0.008993143,42.069885,1334.654,110.89172,-0.6264215,-0.63541466,44.657867,2.5879822
1.5-473-550,0.395180723,0.790361446,0.9772248215579286,0.000878710534,1.5,473.0,550.0,982.87305,1.1452316,55.82788,845.4538,-137.41925,-0.5204219,-1.6656535,171.98766,116.159775
1.5-473-550,0.1602409638,0.3204819276,0.8206166047262803,-0.0007378900321,1.5,473.0,550.0,524.34204,1.006375,596.94165,489.02435,-35.317688,0.96484727,-0.04152769,643.5538,46.61212
1.5-473-550,0.1855421686,0.3710843372,0.9531521909241071,0.0008570646715,1.5,473.0,550.0,761.74347,0.90650654,92.09656,856.6497,94.90625,0.26184005,-0.6446665,83.58559,-8.510971
1.5-473-550,0.1987951807,0.3975903614,0.9442484491033019,0.0008490585182,1.5,473.0,550.0,903.3904,1.0473185,63.785156,878.95685,-24.433533,0.49783906,-0.54947937,114.16696,50.381805
1.5-473-550,0.2819277109,0.5638554218,0.9993254186825348,0.0008985831642,1.5,473.0,550.0,1195.0938,0.018397445,43.277527,1329.872,134.7782,-0.64977163,-0.6681691,50.73648,7.458954
1.5-473-550,0.3373493976,0.6746987952,0.9996041060258503,0.000898833757,1.5,473.0,550.0,1153.9304,0.011965567,45.165222,1241.2913,87.36084,-0.8101446,-0.8221102,47.773346,2.6081238
1.5-473-550,0.1530120482,0.3060240964,0.5396442233296441,-0.0004852425493,1.5,473.0,550.0,495.7303,1.0736024,627.33093,483.21994,-12.510345,1.069444,-0.004158497,636.6861,9.355164
1.5-473-550,0.1361445783,0.2722891566,0.9671530515086588,0.0008696541017,1.5,473.0,550.0,580.11053,0.6925245,522.18665,593.56323,13.452698,0.090568356,-0.6019561,378.062,-144.12463
1.5-473-550,0.2795180723,0.5590361446,0.7525573838264147,-0.0006766918789,1.5,473.0,550.0,630.3546,1.6265534,439.87723,596.39594,-33.95868,1.549909,-0.07664442,511.643,71.76578
1.5-473-550,0.4938775511,0.9877551022,0.9931416465066502,-0.0008930227797,1.5,473.0,550.0,657.49164,0.37124068,361.69626,567.12,-90.37164,-0.053514425,-0.4247551,452.2229,90.52664
1.5-473-550,0.3686746989,0.7373493978,0.9442484491033019,-0.0008490585182,1.5,473.0,550.0,899.51794,1.6613935,63.990234,853.40137,-46.116577,1.1755358,-0.48585773,140.37555,76.385315
1.5-473-550,0.2024096385,0.404819277,0.7525573838264147,0.0006766918789,1.5,473.0,550.0,546.40607,1.2334588,571.77374,516.50195,-29.904114,1.0720799,-0.16137886,632.0625,60.288757
1.5-473-550,0.3807228916,0.7614457832,0.7525573838264147,0.0006766918789,1.5,473.0,550.0,665.8611,2.169346,295.7063,677.1108,11.249695,2.1233656,-0.045980453,331.8312,36.12491
1.5-473-550,0.06938775512,0.13877551024,0.5396442233296441,0.0004852425493,1.5,473.0,550.0,473.00003,1.0891278,649.85333,467.50476,-5.49527,1.0659295,-0.023198247,628.6365,-21.216858
1.5-473-550,0.3289156627,0.6578313254,0.3542741437603377,0.0003185596755,1.5,473.0,550.0,576.13184,1.6937405,528.985,570.95575,-5.1760864,1.7372087,0.043468237,541.3084,12.323425
1.5-473-550,0.2855421687,0.5710843374,0.9772248215579286,-0.000878710534,1.5,473.0,550.0,1085.3901,0.69053745,48.799377,1292.549,207.15881,-0.35500747,-1.0455449,71.628876,22.829498
1.5-473-550,0.3963855422,0.7927710844,0.9215172744995802,0.0008286188792,1.5,473.0,550.0,845.0931,2.1070874,71.40616,719.52637,-125.56671,1.605467,-0.5016204,261.03577,189.62961
1.5-473-550,0.3602409639,0.7204819278,0.9895407848051817,0.0008897849218,1.5,473.0,550.0,1083.1648,0.43771127,48.926697,1140.9568,57.791992,-0.7729117,-1.210623,54.29065,5.3639526
1.5-473-550,0.2361445783,0.4722891566,0.9726063657286781,0.0008745576659,1.5,473.0,550.0,1142.1417,0.6810103,45.752045,1262.1038,119.962036,-0.27686125,-0.95787156,62.86508,17.113037
1.5-473-550,0.1506024096,0.3012048192,0.8475322498919685,0.0007620923041,1.5,473.0,550.0,520.9548,0.9610561,600.7083,483.27063,-37.684143,0.9207873,-0.04026884,646.28345,45.575134
1.5-473-550,0.002040816308,0.004081632616,0.9726063659511005,0.0008745576661,1.5,473.0,550.0,473.00003,0.40110606,649.85333,449.1299,-23.870117,0.14910781,-0.25199825,662.83795,12.984619
1.5-473-550,0.3445783133,0.6891566266,0.9965972946963587,0.0008961300631,1.5,473.0,550.0,1133.8413,0.12992889,46.15564,1215.2439,81.40259,-0.8030104,-0.9329393,48.739044,2.5834045
1.5-473-550,0.2722891566,0.5445783132,0.999825745120423,0.0008990330526,1.5,473.0,550.0,1206.873,0.0028928465,42.776917,1334.945,128.0719,-0.6424659,-0.64535874,49.058624,6.281708
1.5-473-550,0.02653061223,0.05306122446,0.16340484119544796,0.0001469319568,1.5,473.0,550.0,473.00003,1.2187502,649.85333,468.8103,-4.189728,1.1352961,-0.08345413,644.65955,-5.1937866
1.5-473-550,0.008163265274,0.016326530548,0.7892004020960466,-0.000709640905,1.5,473.0,550.0,473.00003,0.98219013,649.85333,449.9238,-23.076233,0.85746807,-0.12472206,642.89075,-6.9625854
1.5-473-550,0.1879518072,0.3759036144,0.9945113832197316,0.0008942544329,1.5,473.0,550.0,1063.6909,0.1286993,50.10025,1182.5914,118.90051,-0.5860866,-0.7147859,-5.7644644,-55.864716
1.5-473-550,0.1060240963,0.2120481926,0.9811301446957078,0.0008822221605,1.5,473.0,550.0,551.3719,0.36846924,565.61444,536.97125,-14.400635,-0.08408708,-0.4525563,501.5658,-64.048645
1.5-473-550,0.2831325301,0.5662650602,0.9671530515086588,0.0008696541017,1.5,473.0,550.0,1036.6783,0.9439331,51.844604,1268.2418,231.56348,-0.16652423,-1.1104574,83.13388,31.289276
1.5-473-550,0.3337349398,0.6674698796,0.6600967573005477,0.0005935522321,1.5,473.0,550.0,631.26105,1.8341068,438.27042,614.83453,-16.426514,1.9017626,0.0676558,458.0224,19.751984
1.5-473-550,0.1289156626,0.2578313252,0.9945113832197316,0.0008942544329,1.5,473.0,550.0,705.7121,0.261805,120.76645,734.27795,28.565857,-0.50293773,-0.76474273,31.685059,-89.08139
1.5-473-550,0.2602409639,0.5204819278,0.9996041060258503,0.000898833757,1.5,473.0,550.0,1218.54,0.00910067,42.281067,1335.9319,117.391846,-0.62968665,-0.6387873,46.52054,4.2394714
1.5-473-550,0.3975903615,0.795180723,0.16340484097302546,-0.0001469319566,1.5,473.0,550.0,621.78143,2.132435,457.3253,602.761,-19.020447,2.0409124,-0.09152269,468.75162,11.426331
1.5-473-550,0.4836734694,0.9673469388,0.9965972946963587,0.0008961300631,1.5,473.0,550.0,657.87854,0.18282115,360.13446,577.8342,-80.04431,-0.16349477,-0.34631592,437.42105,77.28659
1.5-473-550,0.386746988,0.773493976,0.9915009044774012,0.0008915474413,1.5,473.0,550.0,1067.2253,0.42328212,49.868652,992.27264,-74.9527,-0.90162057,-1.3249027,90.28398,40.41533
1.5-473-550,0.2493975904,0.4987951808,0.9973789933391554,0.0008968329585,1.5,473.0,550.0,1221.9774,0.07126408,42.140656,1329.5452,107.56775,-0.60194546,-0.67320955,44.678833,2.5381775
1.5-473-550,0.1807228915,0.361445783,0.9965972946963587,-0.0008961300631,1.5,473.0,550.0,1000.03125,0.082255654,54.48221,1154.0925,154.06128,-0.61128503,-0.6935407,-17.091705,-71.57391
1.5-473-550,0.3036144579,0.6072289158,0.7892004020960466,0.000709640905,1.5,473.0,550.0,652.8298,1.7582059,378.5417,638.10596,-14.723816,1.7776611,0.019455194,414.6147,36.072998
1.5-473-550,0.3843373495,0.768674699,0.9071317792997667,-0.0008156835895,1.5,473.0,550.0,828.1966,2.0645845,74.318375,738.1047,-90.09192,1.8780416,-0.18654287,208.5954,134.27702
1.5-473-550,0.3722891567,0.7445783134,0.9215172744995802,0.0008286188792,1.5,473.0,550.0,852.93976,1.8901188,70.166565,771.3991,-81.54065,1.8316978,-0.058421016,159.96387,89.7973
1.5-473-550,0.1843373494,0.3686746988,0.22784103833049427,-0.0002048723242,1.5,473.0,550.0,502.12265,1.1784205,620.8619,494.56885,-7.5538025,1.1115017,-0.06691885,643.03094,22.169067
1.5-473-550,0.06326530613,0.12653061226,0.8705746216627653,0.0007828117684,1.5,473.0,550.0,473.00003,0.7874611,649.85333,449.8859,-23.114136,0.7559111,-0.03154999,650.4982,0.64489746
1.5-473-550,0.2626506024,0.5253012048,0.9973789933391554,-0.0008968329585,1.5,473.0,550.0,1206.9636,0.07350319,42.77304,1333.2273,126.26367,-0.60803574,-0.68153894,48.970734,6.197693
1.5-473-550,0.3132530121,0.6265060242,0.9337895728803226,0.000839654004,1.5,473.0,550.0,898.9368,1.5284458,64.09094,1015.70825,116.77142,1.053454,-0.4749918,94.89377,30.802826
1.5-473-550,0.3506024097,0.7012048194,0.8902853188558087,0.0008005354251,1.5,473.0,550.0,803.56433,1.9236993,79.291534,750.6575,-52.90686,2.074594,0.15089476,160.10661,80.81508
1.5-473-550,0.2518072289,0.5036144578,0.9965972946963587,0.0008961300631,1.5,473.0,550.0,1213.73,0.09397703,42.485474,1329.5935,115.863525,-0.5944312,-0.68840826,46.239838,3.754364
1.5-473-550,0.1240963855,0.248192771,0.9531521909241071,-0.0008570646715,1.5,473.0,550.0,532.69385,0.6993949,587.6545,500.3254,-32.36844,0.35793322,-0.34146166,625.3974,37.74292
1.5-473-550,0.2313253012,0.4626506024,0.8902853188558087,-0.0008005354251,1.5,473.0,550.0,763.3222,1.4819329,93.71808,688.27826,-75.043945,1.2200278,-0.26190507,381.67816,287.96008
1.5-473-550,0.221686747,0.443373494,0.9973789933391554,-0.0008968329585,1.5,473.0,550.0,1288.6056,0.06319731,39.923004,1297.5348,8.929199,-0.6031303,-0.6663276,28.905731,-11.017273
1.5-473-550,0.1638554216,0.3277108432,0.9915009044774012,0.0008915474413,1.5,473.0,550.0,866.1736,0.22321332,68.2077,1013.8265,147.6529,-0.55119306,-0.7744064,-36.799927,-105.00763
1.5-473-550,0.1096385542,0.2192771084,0.7892004020960466,0.000709640905,1.5,473.0,550.0,479.21893,0.91291714,643.9777,465.2003,-14.018646,0.9598361,0.04691899,637.5919,-6.385803
1.5-473-550,0.07959183676,0.15918367352,0.47796385156444166,-0.0004297801918,1.5,473.0,550.0,473.00003,1.1136158,649.85333,470.28156,-2.7184753,1.0772245,-0.03639126,629.5493,-20.304016
1.5-473-550,0.3493975904,0.6987951808,0.6021818746711394,-0.0005414757638,1.5,473.0,550.0,627.9853,1.8923129,445.09006,615.4835,-12.50177,1.9524038,0.0600909,455.33188,10.241821
1.5-473-550,0.4040816326,0.8081632652,0.6021818746711394,-0.0005414757638,1.5,473.0,550.0,651.65515,2.28196,384.46396,651.53076,-0.12438965,2.1201928,-0.16176724,383.97693,-0.48703003
1.5-473-550,0.1373493975,0.274698795,0.9071317792997667,0.0008156835895,1.5,473.0,550.0,523.70013,0.86057955,597.65546,475.34882,-48.35132,0.7437418,-0.11683774,660.87714,63.22168
1.5-473-550,0.3795180723,0.7590361446,0.8705746216627653,0.0007828117684,1.5,473.0,550.0,778.0005,2.1554449,85.501114,726.2758,-51.72467,2.0737696,-0.08167529,222.7405,137.23938
1.5-473-550,0.1542168674,0.3084337348,0.7098470004029654,-0.0006382871403,1.5,473.0,550.0,505.71173,1.0357921,617.2298,481.883,-23.828735,1.037364,0.0015718937,639.03766,21.807861
1.5-473-550,0.4693877551,0.9387755102,0.5396442233296441,0.0004852425493,1.5,473.0,550.0,656.80963,1.8354096,364.4495,656.5279,-0.28173828,2.111256,0.27584624,364.06494,-0.384552
1.5-473-550,0.1192771084,0.2385542168,0.9215172744995802,0.0008286188792,1.5,473.0,550.0,507.01947,0.7699275,615.9063,466.09488,-40.92459,0.6337181,-0.13620943,666.62427,50.717957
1.5-473-550,0.4836734694,0.9673469388,0.9872047710533666,-0.0008876844022,1.5,473.0,550.0,657.8668,0.641264,360.18158,572.76917,-85.09766,0.002435798,-0.6388282,448.01614,87.834564
1.5-473-550,0.4795918368,0.9591836736,0.5396442233296441,-0.0004852425493,1.5,473.0,550.0,656.9701,1.8354547,363.8016,654.97253,-1.9975586,2.091316,0.25586128,362.57602,-1.2255859
1.5-473-550,0.2060240963,0.4120481926,0.9872047710533666,-0.0008876844022,1.5,473.0,550.0,1202.5833,0.30736047,42.959198,1231.2654,28.682129,-0.4947464,-0.80210686,21.844788,-21.11441
1.5-473-550,0.2542168675,0.508433735,0.9215172744995802,-0.0008286188792,1.5,473.0,550.0,879.09784,1.4600353,66.6315,937.5954,58.49756,1.0989661,-0.3610692,149.54256,82.91106
1.5-473-550,0.2373493976,0.4746987952,0.9965972946963587,-0.0008961300631,1.5,473.0,550.0,1248.515,0.08742767,41.089203,1318.8473,70.332275,-0.5925912,-0.6800189,39.700897,-1.3883057
1.5-473-550,0.2879518072,0.5759036144,0.6600967573005477,0.0005935522321,1.5,473.0,550.0,605.2872,1.6188009,484.6524,574.7596,-30.527588,1.5835986,-0.035202265,547.84625,63.193848
1.5-473-550,0.3180722892,0.6361445784,0.9956514833048237,0.0008952795992,1.5,473.0,550.0,1151.1238,0.14959383,45.30359,1280.683,129.5592,-0.6904697,-0.8400635,52.31787,7.014282
1.5-473-550,0.0612244898,0.1224489796,0.8902853187445975,0.000800535425,1.5,473.0,550.0,473.00003,0.73982257,649.85333,448.3791,-24.620941,0.6870403,-0.052782238,655.25354,5.4002075
1.5-473-550,0.4918367347,0.9836734694,0.9772248215579286,0.000878710534,1.5,473.0,550.0,657.53314,0.9050572,361.52866,565.2652,-92.267944,0.19106025,-0.71399695,461.42654,99.89789
1.5-473-550,0.3,0.6,0.03282169734692774,-2.951293353e-05,1.5,473.0,550.0,532.8926,1.5290893,587.4335,541.0649,8.172302,1.528794,-0.0002952814,589.9508,2.517334
1.5-473-550,0.3120481928,0.6240963856,0.9985491866279087,-0.0008978851843,1.5,473.0,550.0,1169.1583,0.046815272,44.447174,1295.0339,125.87561,-0.7078282,-0.7546435,51.094543,6.6473694
1.5-473-550,0.1855421686,0.3710843372,0.9671530515086588,0.0008696541017,1.5,473.0,550.0,862.12714,0.70846176,68.93378,1004.6071,142.47998,-0.14267188,-0.85113364,22.134308,-46.79947
1.5-473-550,0.2084337349,0.4168674698,0.9531521909241071,0.0008570646715,1.5,473.0,550.0,1058.0236,0.97713,50.49362,1052.22,-5.803589,0.17336369,-0.8037663,71.92447,21.430847
1.5-473-550,0.3662650603,0.7325301206,0.7525573838264147,0.0006766918789,1.5,473.0,550.0,660.6909,2.063778,334.40543,669.5243,8.833374,2.1007776,0.036999702,345.23337,10.827942
1.5-473-550,0.343373494,0.686746988,0.9999999997775775,0.0008991897406,1.5,473.0,550.0,1150.4193,-5.322157e-09,45.36029,1224.317,73.897705,-0.8403527,-0.8403527,47.260254,1.8999634
1.5-473-550,0.343373494,0.686746988,0.47796385156444166,-0.0004297801918,1.5,473.0,550.0,604.9253,1.810879,485.5821,592.7136,-12.21167,1.8654594,0.05458045,499.99985,14.417755
1.5-473-550,0.05306122449,0.10612244898,0.03282169734692774,-2.951293353e-05,1.5,473.0,550.0,473.00003,1.2176892,649.85333,473.70493,0.704895,1.1356993,-0.081989884,650.52325,0.6699219
1.5-473-550,0.3807228916,0.7614457832,0.2914697156873968,0.0002620865781,1.5,473.0,550.0,614.6016,2.0035954,469.8386,601.75287,-12.848755,1.9907309,-0.0128644705,476.26892,6.4303284
1.5-473-550,0.04489795918,0.08979591836,0.7525573838264147,-0.0006766918789,1.5,473.0,550.0,473.00003,0.9391873,649.85333,455.98163,-17.018402,0.9425252,0.0033379197,635.2343,-14.619019
1.5-473-550,0.2939759036,0.5879518072,0.3542741437603377,0.0003185596755,1.5,473.0,550.0,546.9153,1.5388385,571.17725,547.6978,0.78253174,1.5197423,-0.019096255,587.9058,16.728577
1.5-473-550,0.2554216867,0.5108433734,0.16340484097302546,-0.0001469319566,1.5,473.0,550.0,521.28534,1.4091835,600.34076,522.02167,0.7363281,1.3037235,-0.10546005,623.81134,23.470581
1.5-473-550,0.2602409639,0.5204819278,0.998978267368595,-0.0008982710093,1.5,473.0,550.0,1215.9076,0.027034396,42.392914,1335.1343,119.226685,-0.6232578,-0.6502922,47.020264,4.62735
1.5-473-550,0.1710843373,0.3421686746,0.998978267368595,0.0008982710093,1.5,473.0,550.0,956.89,0.023753935,58.058746,1108.4198,151.52979,-0.6394736,-0.66322756,-32.233093,-90.29184
1.5-473-550,0.365060241,0.730120482,0.8705746216627653,0.0007828117684,1.5,473.0,550.0,773.98944,2.0589995,86.77078,731.1125,-42.876953,2.1202672,0.061267614,205.4102,118.63942
1.5-473-550,0.09591836738,0.19183673476,0.6600967573005477,-0.0005935522321,1.5,473.0,550.0,473.00003,1.027124,649.85333,467.89114,-5.1088867,1.0340914,0.006967306,629.9128,-19.940552
1.5-473-550,0.3530120482,0.7060240964,0.9915009044774012,0.0008915474413,1.5,473.0,550.0,1100.8892,0.3427266,47.900482,1176.001,75.11182,-0.7696784,-1.1124051,51.464752,3.56427
1.5-473-550,0.1108433734,0.2216867468,0.9442484491033019,-0.0008490585182,1.5,473.0,550.0,504.91797,0.65996337,618.033,472.01736,-32.900604,0.4418124,-0.21815097,663.05383,45.020813
1.5-473-550,0.3180722892,0.6361445784,0.9442484491033019,0.0008490585182,1.5,473.0,550.0,926.16406,1.438212,61.077576,1097.7834,171.61938,0.6393472,-0.79886484,90.38165,29.304077
1.5-473-550,0.3048192771,0.6096385542,0.9973789933391554,-0.0008968329585,1.5,473.0,550.0,1167.7498,0.08502024,44.511566,1304.654,136.9043,-0.6740448,-0.75906503,52.465942,7.954376
1.5-473-550,0.2518072289,0.5036144578,0.29146971579860803,-0.0002620865782,1.5,473.0,550.0,523.16864,1.4027975,598.2465,522.0337,-1.1349487,1.2826217,-0.12017572,626.11957,27.873047
1.5-473-550,0.1518072289,0.3036144578,0.6021818746711394,-0.0005414757638,1.5,473.0,550.0,497.6531,1.0593097,625.3851,482.0311,-15.622009,1.0619272,0.0026174784,636.54443,11.159363
1.5-473-550,0.1024096385,0.204819277,0.47796385156444166,0.0004297801918,1.5,473.0,550.0,473.0051,1.099793,649.8486,473.7195,0.7144165,1.0741929,-0.025600076,630.5675,-19.281067
1.5-473-550,0.2915662651,0.5831325302,0.998978267368595,-0.0008982710093,1.5,473.0,550.0,1185.452,0.030157918,43.701996,1321.953,136.50098,-0.6626672,-0.69282514,51.573822,7.871826
1.5-473-550,0.191566265,0.38313253,0.960723235489121,0.0008638724771,1.5,473.0,550.0,899.15564,0.8193205,64.143585,995.95374,96.798096,0.0062544295,-0.81306607,42.515747,-21.627838
1.5-473-550,0.2554216867,0.5108433734,0.8705746216627653,0.0007828117684,1.5,473.0,550.0,721.1028,1.6052359,117.25218,689.03723,-32.06555,1.3884284,-0.21680748,363.70102,246.44884
1.5-473-550,0.04081632652,0.08163265304,0.22784103833049427,-0.0002048723242,1.5,473.0,550.0,473.00003,1.2254719,649.85333,469.3089,-3.6911316,1.121244,-0.1042279,640.0327,-9.820618
1.5-473-550,0.3530120482,0.7060240964,0.8705746216627653,-0.0007828117684,1.5,473.0,550.0,770.13226,1.991777,88.04295,729.8579,-40.274353,2.1139312,0.122154236,200.03735,111.9944
1.5-473-550,0.4326530612,0.8653061224,0.6600967573005477,0.0005935522321,1.5,473.0,550.0,660.73126,2.054991,341.38892,666.3411,5.6098633,2.1031535,0.04816246,350.22467,8.835754
1.5-473-550,0.3602409639,0.7204819278,0.993141646395439,-0.0008930227796,1.5,473.0,550.0,1101.4379,0.28695977,47.871155,1149.305,47.867188,-0.8274042,-1.1143639,52.38208,4.5109253
1.5-473-550,0.09183673473,0.18367346946,0.9993254186825348,0.0008985831642,1.5,473.0,550.0,473.00003,0.0061113187,649.85333,556.5929,83.592865,-0.3645671,-0.37067842,415.9881,-233.86523
1.5-473-550,0.4061224489,0.8122448978,0.9772248215579286,-0.000878710534,1.5,473.0,550.0,809.7642,1.2395679,77.85254,756.79047,-52.973755,-0.40423888,-1.6438067,241.72594,163.8734
1.5-473-550,0.3783132531,0.7566265062,0.2914697156873968,0.0002620865781,1.5,473.0,550.0,612.77075,1.9852501,472.93463,600.17163,-12.599121,1.98023,-0.0050201416,479.43286,6.49823
1.5-473-550,0.2325301205,0.465060241,0.9337895728803226,0.000839654004,1.5,473.0,550.0,960.9277,1.2794713,57.802307,993.9853,33.057617,0.73704404,-0.54242724,127.63553,69.83322
1.5-473-550,0.1614457831,0.3228915662,0.4163512323516047,-0.0003743787567,1.5,473.0,550.0,496.12595,1.1063163,626.9306,486.83826,-9.287689,1.0809394,-0.025376916,639.2818,12.351196
1.5-473-550,0.01836734691,0.03673469382,0.5396442233296441,0.0004852425493,1.5,473.0,550.0,473.00003,1.1214991,649.85333,460.94415,-12.055878,1.0622945,-0.05920458,632.4719,-17.381409
1.5-473-550,0.4836734694,0.9673469388,0.9872047710533666,0.0008876844022,1.5,473.0,550.0,657.8668,0.6412633,360.18158,572.76917,-85.09766,0.002435798,-0.6388275,448.01614,87.834564
1.5-473-550,0.2361445783,0.4722891566,0.9980223152919674,-0.000897411427,1.5,473.0,550.0,1257.8264,0.049714323,40.74121,1319.8597,62.033325,-0.6071933,-0.6569076,37.926575,-2.8146362
1.5-473-550,0.2204819277,0.4409638554,0.9956514833048237,0.0008952795992,1.5,473.0,550.0,1282.0569,0.10558563,39.923004,1291.7385,9.681641,-0.58579093,-0.69137657,29.21289,-10.710114
1.5-473-550,0.1686746988,0.3373493976,0.7098470004029654,-0.0006382871403,1.5,473.0,550.0,515.20087,1.0740746,607.1067,488.3525,-26.848358,1.0462031,-0.02787149,640.7583,33.65161
1.5-473-550,0.05714285715,0.1142857143,0.7098470004029654,-0.0006382871403,1.5,473.0,550.0,473.00003,0.9862045,649.85333,459.85126,-13.148773,0.9894396,0.0032351017,631.7315,-18.121826
1.5-473-550,0.1060240963,0.2120481926,0.9998257452316341,-0.0008990330527,1.5,473.0,550.0,664.1467,0.004100556,312.1719,620.5352,-43.61151,-0.4701696,-0.47427016,236.18271,-75.9892
1.5-473-550,0.4183673469,0.8367346938,0.09831793589120096,8.840647929e-05,1.5,473.0,550.0,633.98315,2.2014067,432.88736,609.566,-24.417175,2.1113348,-0.09007192,451.04483,18.15747
1.5-473-550,0.4326530612,0.8653061224,0.9945113832197316,0.0008942544329,1.5,473.0,550.0,679.2105,0.35593158,178.90833,684.8739,5.663391,-0.6053694,-0.96130097,308.98337,130.07504
1.5-473-550,0.3578313254,0.7156626508,0.9965972946963587,-0.0008961300631,1.5,473.0,550.0,1120.9608,0.13899767,46.827972,1166.8785,45.917725,-0.86336476,-1.0023625,50.013763,3.185791
1.5-473-550,0.3481927711,0.6963855422,0.9337895728803226,0.000839654004,1.5,473.0,550.0,885.464,1.6648299,65.68826,887.9606,2.496582,1.4917338,-0.17309606,92.14017,26.451904
1.5-473-550,0.08571428574,0.17142857148,0.8705746216627653,0.0007828117684,1.5,473.0,550.0,473.00003,0.7881716,649.85333,453.75043,-19.249603,0.7900424,0.001870811,650.406,0.55267334
1.5-473-550,0.2,0.4,0.960723235489121,0.0008638724771,1.5,473.0,550.0,1021.7169,0.8212132,52.91919,1061.0437,39.326782,-0.016053325,-0.8372665,48.39096,-4.5282288
1.5-473-550,0.01428571426,0.02857142852,0.9993254186825348,-0.0008985831642,1.5,473.0,550.0,473.00003,0.005468423,649.85333,460.54977,-12.450256,-0.09475023,-0.10021865,646.05316,-3.800171
1.5-473-550,0.3204819277,0.6409638554,0.9531521909241071,0.0008570646715,1.5,473.0,550.0,953.4848,1.3253436,58.40744,1155.0378,201.55304,0.2797556,-1.045588,86.45801,28.050568
1.5-473-550,0.1831325301,0.3662650602,0.9993254186825348,0.0008985831642,1.5,473.0,550.0,1043.7909,0.014240021,51.368286,1177.3864,133.59546,-0.6382182,-0.65245825,-14.853606,-66.22189
1.5-473-550,0.2626506024,0.5253012048,0.8705746216627653,0.0007828117684,1.5,473.0,550.0,728.94604,1.6249446,110.19171,698.37616,-30.569885,1.4480363,-0.17690825,339.10666,228.91495
1.5-473-550,0.4040816326,0.8081632652,0.8206166047262803,-0.0007378900321,1.5,473.0,550.0,720.8324,2.3907175,110.27219,696.96814,-23.864258,2.0430658,-0.34765172,287.13208,176.8599
1.5-473-550,0.04285714285,0.0857142857,0.9973789934503665,-0.0008968329586,1.5,473.0,550.0,473.00003,0.025343115,649.85333,471.56955,-1.430481,-0.13120574,-0.15654886,628.1182,-21.735107
1.5-473-550,0.4204081632,0.8408163264,0.9726063657286781,0.0008745576659,1.5,473.0,550.0,710.98364,1.267023,116.168274,661.9795,-49.00415,-0.05174381,-1.3187668,338.44586,222.27759
1.5-473-550,0.2518072289,0.5036144578,0.8206166047262803,0.0007378900321,1.5,473.0,550.0,645.3153,1.5450373,402.28265,611.3325,-33.982788,1.3231518,-0.22188544,496.75528,94.472626
1.5-473-550,0.330120482,0.660240964,0.8475322498919685,-0.0007620923041,1.5,473.0,550.0,720.86835,1.9074489,113.27731,699.2975,-21.570862,2.0108633,0.10341442,262.19208,148.91476
1.5-473-550,0.1903614457,0.3807228914,0.9772248215579286,0.000878710534,1.5,473.0,550.0,989.8198,0.5189514,55.287445,1113.5035,123.683716,-0.35182875,-0.87078017,11.247102,-44.040344
1.5-473-550,0.3626506025,0.725301205,0.998978267368595,-0.0008982710093,1.5,473.0,550.0,1127.9365,0.040244278,46.45526,1151.1979,23.261353,-0.9161021,-0.9563464,50.668304,4.213043
1.5-473-550,0.2734939759,0.5469879518,0.6600967573005477,-0.0005935522321,1.5,473.0,550.0,593.0957,1.5523794,502.83865,562.3379,-30.757812,1.4704984,-0.08188093,574.1257,71.28702
1.5-473-550,0.191566265,0.38313253,0.9337895728803226,0.000839654004,1.5,473.0,550.0,727.20825,1.0806277,118.13162,703.075,-24.13324,0.7848403,-0.2957874,272.51514,154.38351
1.5-473-550,0.104819277,0.209638554,0.960723235489121,-0.0008638724771,1.5,473.0,550.0,502.43295,0.53150785,620.54785,484.78055,-17.652405,0.2513057,-0.28020215,639.2007,18.652832
1.5-473-550,0.008163265274,0.016326530548,0.4163512326852384,0.000374378757,1.5,473.0,550.0,473.00003,1.083979,649.85333,462.3085,-10.691528,1.0989586,0.014979601,635.9324,-13.920959
1.5-473-550,0.2734939759,0.5469879518,0.960723235489121,-0.0008638724771,1.5,473.0,550.0,1016.58154,1.0462065,53.275208,1249.3551,232.77356,-0.032191757,-1.0783982,90.51906,37.24385
1.5-473-550,0.2289156626,0.4578313252,0.9726063657286781,0.0008745576659,1.5,473.0,550.0,1166.1067,0.65260714,44.59427,1247.9467,81.839966,-0.27830893,-0.9309161,57.904816,13.310547
1.5-473-550,0.2795180723,0.5590361446,0.9442484491033019,-0.0008490585182,1.5,473.0,550.0,944.09064,1.3182782,59.279236,1159.0776,214.987,0.43253317,-0.88574505,106.6436,47.364365
1.5-473-550,0.1156626505,0.231325301,0.9915009044774012,-0.0008915474413,1.5,473.0,550.0,632.3304,0.3231101,436.5482,626.542,-5.788391,-0.36396056,-0.68707067,233.34554,-203.20265
1.5-473-550,0.1096385542,0.2192771084,0.9531521909241071,-0.0008570646715,1.5,473.0,550.0,508.50165,0.6137572,614.3614,479.98187,-28.519775,0.34619236,-0.26756483,651.5402,37.178833
1.5-473-550,0.1602409638,0.3204819276,0.9993254186825348,0.0008985831642,1.5,473.0,550.0,891.0364,0.017056042,64.93176,1035.5074,144.47107,-0.64411134,-0.6611674,-46.981903,-111.913666
1.5-473-550,0.4142857143,0.8285714286,0.6021818746711394,-0.0005414757638,1.5,473.0,550.0,654.0792,2.294929,375.4722,655.6829,1.6036987,2.1291656,-0.16576338,375.64502,0.17282104
1.5-473-550,0.1686746988,0.3373493976,0.8902853188558087,-0.0008005354251,1.5,473.0,550.0,557.9931,0.98720783,556.8754,508.24442,-49.748688,0.86080796,-0.12639987,641.32916,84.453735
1.5-473-550,0.3746987952,0.7493975904,0.9895407848051817,0.0008897849218,1.5,473.0,550.0,1069.9619,0.47496644,49.695953,1064.577,-5.3848877,-0.836412,-1.3113785,66.8465,17.150543
1.5-473-550,0.4918367347,0.9836734694,0.9993254186825348,-0.0008985831642,1.5,473.0,550.0,657.54706,0.032524344,361.47253,572.00244,-85.54462,-0.1642279,-0.19675225,443.68637,82.21384
1.5-473-550,0.286746988,0.573493976,0.5396442233296441,-0.0004852425493,1.5,473.0,550.0,571.79767,1.5605612,535.6679,555.72723,-16.070435,1.5262116,-0.03434956,579.8316,44.163696
1.5-473-550,0.3566265061,0.7132530122,0.9980223152919674,0.000897411427,1.5,473.0,550.0,1129.0746,0.078807764,46.39444,1174.5194,45.444824,-0.87598795,-0.9547957,49.114624,2.7201843
1.5-473-550,0.4285714286,0.8571428572,0.9071317792997667,0.0008156835895,1.5,473.0,550.0,683.16223,1.6045511,159.8702,668.83826,-14.323975,1.4426167,-0.16193438,347.33835,187.46815
1.5-473-550,0.3710843374,0.7421686748,0.9844268823757469,-0.0008851865532,1.5,473.0,550.0,1046.8667,0.68408775,51.164795,1069.2644,22.397705,-0.7305257,-1.4146135,66.65314,15.488342
1.5-473-550,0.2915662651,0.5831325302,0.7525573838264147,0.0006766918789,1.5,473.0,550.0,636.3396,1.6821779,426.95505,607.6272,-28.712402,1.6545498,-0.027628064,484.24652,57.291473
1.5-473-550,0.2554216867,0.5108433734,0.9531521909241071,0.0008570646715,1.5,473.0,550.0,1000.4989,1.131979,54.46231,1207.4508,206.9519,0.13572586,-0.99625313,96.940674,42.478363
1.5-473-550,0.395180723,0.790361446,0.9811301448069191,0.0008822221606,1.5,473.0,550.0,1001.97656,0.9760992,54.33075,870.25635,-131.72021,-0.6482964,-1.6243956,155.14095,100.810196
1.5-473-550,0.2361445783,0.4722891566,0.6021818746711394,-0.0005414757638,1.5,473.0,550.0,539.72723,1.3745743,579.6305,524.80865,-14.918579,1.2176039,-0.15697038,628.2108,48.580322
1.5-473-550,0.2602409639,0.5204819278,0.16340484097302546,-0.0001469319566,1.5,473.0,550.0,522.40784,1.4205539,599.09247,524.24756,1.8397217,1.324733,-0.095820904,620.9318,21.839355
1.5-473-550,0.1506024096,0.3012048192,0.9215172744995802,0.0008286188792,1.5,473.0,550.0,549.4939,0.87990606,567.87573,495.12262,-54.371277,0.70031,-0.17959607,650.53094,82.65521
1.5-473-550,0.2843373494,0.5686746988,0.9872047710533666,-0.0008876844022,1.5,473.0,550.0,1137.0399,0.39218074,45.997955,1311.8114,174.77148,-0.50547,-0.8976507,61.355896,15.357941
1.5-473-550,0.3277108434,0.6554216868,0.7525573838264147,-0.0006766918789,1.5,473.0,550.0,649.32935,1.8472728,391.18195,639.8636,-9.465759,1.9290488,0.08177602,405.778,14.596069
1.5-473-550,0.1012048192,0.2024096384,0.8206166048374914,-0.0007378900322,1.5,473.0,550.0,473.17065,0.8688791,649.6924,461.1155,-12.055145,0.913261,0.044381917,640.7957,-8.8966675
1.5-473-550,0.3120481928,0.6240963856,0.8705746216627653,0.0007828117684,1.5,473.0,550.0,757.76025,1.8107525,92.74956,720.77075,-36.989502,1.8632553,0.05250275,230.12276,137.3732
1.5-473-550,0.1180722891,0.2361445782,0.8705746216627653,0.0007828117684,1.5,473.0,550.0,494.32104,0.8508827,628.75714,463.77783,-30.543213,0.8374761,-0.013406634,650.8963,22.13916
1.5-473-550,0.3493975904,0.6987951808,0.03282169734692774,-2.951293353e-05,1.5,473.0,550.0,575.49133,1.7591122,530.1855,567.0324,-8.458923,1.7982343,0.039122105,536.3005,6.11499
1.5-473-550,0.1831325301,0.3662650602,0.29146971579860803,-0.0002620865782,1.5,473.0,550.0,502.6818,1.1713952,620.2961,493.92493,-8.756866,1.1043531,-0.06704211,642.4416,22.145508
1.5-473-550,0.4632653061,0.9265306122,0.16340484119544796,0.0001469319568,1.5,473.0,550.0,652.0446,2.0179198,383.68582,633.164,-18.880615,2.2155912,0.19767141,406.37836,22.692535
1.5-473-550,0.3012048193,0.6024096386,0.9811301448069191,0.0008822221606,1.5,473.0,550.0,1091.642,0.6068192,48.43387,1285.0447,193.40271,-0.437432,-1.0442512,66.530945,18.097076
1.5-473-550,0.3686746989,0.7373493978,0.8902853187445975,0.000800535425,1.5,473.0,550.0,804.6324,2.0220547,79.00624,744.38586,-60.24652,2.0686688,0.04661417,181.04584,102.0396
1.5-473-550,0.0,0.0,0.8476293021558459,0.0007621795725,1.5,473.0,550.0,473.00003,0.90842825,649.85333,445.94928,-27.05075,0.7284582,-0.17997003,651.2631,1.40979
1.5-473-550,0.2253012048,0.4506024096,0.9931416465066502,-0.0008930227797,1.5,473.0,550.0,1267.2335,0.1679163,40.394073,1295.6321,28.39856,-0.55773324,-0.72564954,34.823273,-5.570801
1.5-473-550,0.01836734691,0.03673469382,0.9993254186825348,0.0008985831642,1.5,473.0,550.0,473.00003,0.005511815,649.85333,461.80646,-11.193573,-0.10179991,-0.107311726,644.01416,-5.8391724
1.5-473-550,0.3987951808,0.7975903616,0.6021818746711394,0.0005414757638,1.5,473.0,550.0,649.7796,2.2550251,390.858,648.97,-0.80963135,2.1127274,-0.14229774,388.94656,-1.911438
1.5-473-550,0.1843373494,0.3686746988,0.4163512326852384,0.000374378757,1.5,473.0,550.0,506.25278,1.1685904,616.6822,493.86572,-12.387054,1.0961798,-0.07241058,641.5951,24.912903
1.5-473-550,0.1168674698,0.2337349396,0.7098470004029654,-0.0006382871403,1.5,473.0,550.0,481.49576,0.97678727,641.7363,470.3232,-11.172546,1.0206594,0.043872178,633.38055,-8.355774
1.5-473-550,0.09183673473,0.18367346946,0.03282169735804886,2.951293354e-05,1.5,473.0,550.0,473.00003,1.188328,649.85333,477.8871,4.8870544,1.1166873,-0.07164073,648.8039,-1.0494385
1.5-473-550,0.4897959184,0.9795918368,0.998978267368595,-0.0008982710093,1.5,473.0,550.0,657.6107,0.051536497,361.21555,573.6314,-83.97931,-0.16965371,-0.22119021,441.7955,80.579956
1.5-473-550,0.05306122449,0.10612244898,0.9337895728803226,0.000839654004,1.5,473.0,550.0,473.00003,0.5766538,649.85333,447.79526,-25.204773,0.45737547,-0.11927831,664.54816,14.694824
1.5-473-550,0.3963855422,0.7927710844,0.6600967573005477,-0.0005935522321,1.5,473.0,550.0,654.9224,2.2591908,372.06805,658.68756,3.7651367,2.1180165,-0.14117432,369.72653,-2.3415222
1.5-473-550,0.002040816309,0.004081632618,0.9996041062482727,0.0008988337572,1.5,473.0,550.0,473.00003,0.0058119246,649.85333,457.6234,-15.376617,-0.0785088,-0.084320724,650.7802,0.9268799
1.5-473-550,0.4571428571,0.9142857142,0.03282169735804886,2.951293354e-05,1.5,473.0,550.0,647.93524,2.0505688,397.64288,621.1114,-26.823853,2.2146053,0.16403651,420.87793,23.235046
1.5-473-550,0.3662650603,0.7325301206,0.3542741439827602,-0.0003185596757,1.5,473.0,550.0,607.6193,1.9126055,481.34256,597.20404,-10.415283,1.940113,0.027507424,487.4118,6.0692444
1.5-473-550,0.03061224488,0.06122448976,0.6600967573005477,-0.0005935522321,1.5,473.0,550.0,473.00003,1.021058,649.85333,458.71323,-14.286804,1.008337,-0.0127209425,632.1307,-17.722656
1.5-473-550,0.221686747,0.443373494,0.22784103833049427,-0.0002048723242,1.5,473.0,550.0,514.3177,1.3258731,608.0888,507.84418,-6.4735107,1.1799384,-0.1459347,638.09863,30.009827
1.5-473-550,0.2204819277,0.4409638554,0.9985491866279087,-0.0008978851843,1.5,473.0,550.0,1293.3134,0.03409576,39.923004,1297.5309,4.2175293,-0.61511725,-0.649213,27.147125,-12.775879
1.5-473-550,0.2361445783,0.4722891566,0.9531521909241071,0.0008570646715,1.5,473.0,550.0,1043.1248,1.0574512,51.44922,1174.0024,130.87769,0.13240385,-0.9250474,89.427475,37.978256
1.5-473-550,0.2674698795,0.534939759,0.998978267368595,-0.0008982710093,1.5,473.0,550.0,1208.9137,0.027622813,42.690186,1335.0062,126.09253,-0.6287531,-0.65637594,48.801483,6.1112976
1.5-473-550,0.3337349398,0.6674698796,0.9993254186825348,0.0008985831642,1.5,473.0,550.0,1155.72,0.022114212,45.077026,1250.5402,94.82019,-0.79219824,-0.81431246,48.239655,3.1626282
1.5-473-550,0.3168674699,0.6337349398,0.5396442233296441,-0.0004852425493,1.5,473.0,550.0,597.118,1.6999462,497.29327,579.2941,-17.823853,1.7338543,0.03390813,530.4542,33.16095
1.5-473-550,0.1385542168,0.2771084336,0.9895407848051817,0.0008897849218,1.5,473.0,550.0,705.04236,0.40940815,121.42818,773.8712,68.82886,-0.45616525,-0.8655734,4.6589365,-116.76924
1.5-473-550,0.2807228916,0.5614457832,0.9442484491033019,-0.0008490585182,1.5,473.0,550.0,943.27057,1.3223954,59.35495,1158.5106,215.24005,0.43625182,-0.8861436,106.37608,47.021133
1.5-473-550,0.3168674699,0.6337349398,0.9531521909241071,-0.0008570646715,1.5,473.0,550.0,955.65826,1.3124164,58.211945,1163.9844,208.32611,0.2655751,-1.0468414,88.02161,29.809662
1.5-473-550,0.4326530612,0.8653061224,0.9993254186825348,0.0008985831642,1.5,473.0,550.0,679.2393,0.0384047,178.74194,704.04517,24.805847,-0.7291545,-0.76755923,289.42593,110.68399
1.5-473-550,0.2253012048,0.4506024096,0.9215172744995802,0.0008286188792,1.5,473.0,550.0,916.6413,1.3631942,62.29959,830.77094,-85.87036,1.0568324,-0.3063618,200.4835,138.18391
1.5-473-550,0.3819277109,0.7638554218,0.9973789933391554,0.0008968329585,1.5,473.0,550.0,1102.7538,0.12282669,47.800842,1045.8474,-56.906372,-0.9773504,-1.100177,71.38513,23.58429
1.5-473-550,0.4367346939,0.8734693878,0.9772248215579286,-0.000878710534,1.5,473.0,550.0,672.6368,0.98297894,233.35645,625.08826,-47.548523,-0.053828064,-1.0368071,382.353,148.99655
1.5-473-550,0.1469879518,0.2939759036,0.5396442233296441,0.0004852425493,1.5,473.0,550.0,492.61087,1.0639486,630.4878,481.61188,-10.998993,1.068021,0.0040724277,635.6399,5.1520996
1.5-473-550,0.3554216868,0.7108433736,0.9985491866279087,-0.0008978851843,1.5,473.0,550.0,1132.845,0.056527313,46.204742,1180.2327,47.387695,-0.8769595,-0.9334868,48.648376,2.443634
1.5-473-550,0.1457831325,0.291566265,0.47796385156444166,-0.0004297801918,1.5,473.0,550.0,490.19604,1.0729403,632.9316,482.1771,-8.018951,1.072997,5.6624413e-05,636.0393,3.107727
1.5-473-550,0.1,0.2,0.9956540645175475,-0.0008952819202,1.5,473.0,550.0,530.6227,0.06348639,585.91724,572.6834,42.06073,-0.34579378,-0.40928018,375.84833,-210.06891
1.5-473-550,0.3228915663,0.6457831326,0.7098470004029654,-0.0006382871403,1.5,473.0,550.0,637.51514,1.8040661,424.398,619.421,-18.094116,1.8671458,0.063079715,450.1089,25.710876
1.5-473-550,0.08571428574,0.17142857148,0.9965972946963587,-0.0008961300631,1.5,473.0,550.0,473.00003,0.034359988,649.85333,528.7544,55.754364,-0.27660674,-0.31096673,497.24628,-152.60706
1.5-473-550,0.1120481927,0.2240963854,0.9726063657286781,-0.0008745576659,1.5,473.0,550.0,539.3855,0.51012063,580.1329,525.66046,-13.725037,0.05844259,-0.45167804,545.5783,-34.554565
1.5-473-550,0.2481927711,0.4963855422,0.3542741437603377,0.0003185596755,1.5,473.0,550.0,524.3465,1.3947747,596.93677,521.3808,-2.9656982,1.2664058,-0.12836885,628.0457,31.108948
1.5-473-550,0.2024096385,0.404819277,0.9531521909241071,-0.0008570646715,1.5,473.0,550.0,993.9851,0.9753103,55.009552,1009.268,15.282898,0.19208151,-0.7832288,69.238556,14.229004
1.5-473-550,0.2578313253,0.5156626506,0.22784103821928303,0.0002048723241,1.5,473.0,550.0,523.04675,1.4162676,598.382,523.983,0.93621826,1.3109988,-0.105268836,622.5218,24.13977
1.5-473-550,0.1072289156,0.2144578312,0.9531521909241071,0.0008570646715,1.5,473.0,550.0,503.27072,0.5964007,619.7001,477.49268,-25.778046,0.34455293,-0.25184774,653.88135,34.181274
1.5-473-550,0.0,0.0,0.7893346586322618,0.0007097616271,1.5,473.0,550.0,473.00003,0.90842825,649.85333,449.19745,-23.802582,0.8481493,-0.060278952,644.16974,-5.6835938
1.5-473-550,0.4183673469,0.8367346938,0.6600967573005477,0.0005935522321,1.5,473.0,550.0,659.6193,2.2939105,347.05518,665.42834,5.809021,2.120942,-0.17296839,355.17044,8.115265
1.5-473-550,0.3361445784,0.6722891568,0.6021818746711394,0.0005414757638,1.5,473.0,550.0,621.3262,1.8214651,457.7382,604.71094,-16.615234,1.8830619,0.06159675,478.07477,20.336578
1.5-473-550,0.221686747,0.443373494,0.8902853188558087,0.0008005354251,1.5,473.0,550.0,759.81354,1.4592186,96.03055,657.62225,-102.191284,1.1414376,-0.31778097,435.45557,339.42502
1.5-473-550,0.2192771084,0.4385542168,0.999825745120423,-0.0008990330526,1.5,473.0,550.0,1297.3317,0.0024145192,39.923004,1297.6611,0.32946777,-0.6278849,-0.63029945,25.327911,-14.595093
1.5-473-550,0.3879518073,0.7759036146,0.9895407848051817,0.0008897849218,1.5,473.0,550.0,1055.3665,0.52608746,50.623657,974.9847,-80.381775,-0.86806756,-1.394155,97.62233,46.998672
1.5-473-550,0.2048192771,0.4096385542,0.9872047710533666,0.0008876844022,1.5,473.0,550.0,1189.5892,0.3140483,43.521484,1227.0326,37.44336,-0.4951083,-0.8091566,20.486816,-23.034668
1.5-473-550,0.1518072289,0.3036144578,0.16340484119544796,0.0001469319568,1.5,473.0,550.0,488.18933,1.108744,634.9624,486.49796,-1.6913757,1.096839,-0.011905074,643.85864,8.89624
1.5-473-550,0.09387755105,0.1877551021,0.998978267368595,-0.0008982710093,1.5,473.0,550.0,473.00003,0.009678775,649.85333,562.6205,89.62045,-0.37124866,-0.38092744,399.3155,-250.53784
1.5-473-550,0.06326530613,0.12653061226,0.7098470004029654,0.0006382871403,1.5,473.0,550.0,473.00003,0.98859173,649.85333,460.68335,-12.316681,0.99317497,0.0045832396,631.4272,-18.426147
1.5-473-550,0.1939759036,0.3879518072,0.960723235489121,0.0008638724771,1.5,473.0,550.0,943.3029,0.80800706,59.408203,1015.85034,72.547424,-0.0009083205,-0.8089154,43.804474,-15.603729
1.5-473-550,0.2120481927,0.4240963854,0.8206166047262803,-0.0007378900321,1.5,473.0,550.0,589.92615,1.3122079,508.22186,551.6217,-38.304443,1.0628804,-0.24932754,598.7352,90.51337
1.5-473-550,0.3060240964,0.6120481928,0.9980223152919674,-0.000897411427,1.5,473.0,550.0,1170.1324,0.06362479,44.40262,1303.7198,133.5874,-0.6848057,-0.7484305,51.933533,7.5309143
1.5-473-550,0.08367346941,0.16734693882,0.9945113832197316,0.0008942544329,1.5,473.0,550.0,473.00003,0.056081768,649.85333,518.0016,45.001556,-0.22907776,-0.28515953,528.20123,-121.6521
1.5-473-550,0.01632653059,0.03265306118,0.9993254186825348,0.0008985831642,1.5,473.0,550.0,473.00003,0.0054930397,649.85333,461.1605,-11.839539,-0.09822173,-0.103714764,645.0637,-4.789612
1.5-473-550,0.04285714285,0.0857142857,0.9071317792997667,-0.0008156835895,1.5,473.0,550.0,473.00003,0.6723205,649.85333,445.91113,-27.088898,0.58879614,-0.08352435,659.0853,9.231995
1.5-473-550,0.1204819277,0.2409638554,0.6600967573005477,0.0005935522321,1.5,473.0,550.0,482.00894,1.0031568,641.217,472.73047,-9.278473,1.0411295,0.03797269,632.28345,-8.933533
1.5-473-550,0.3060240964,0.6120481928,0.03282169734692774,-2.951293353e-05,1.5,473.0,550.0,536.0141,1.5493559,583.96234,544.0266,8.012512,1.5610368,0.011680961,584.2028,0.24047852
1.5-473-550,0.2855421687,0.5710843374,0.03282169735804886,2.951293354e-05,1.5,473.0,550.0,527.48126,1.4844531,593.45087,534.19666,6.715393,1.4541823,-0.030270815,602.57684,9.125977
1.5-473-550,0.1927710843,0.3855421686,0.8206166047262803,-0.0007378900321,1.5,473.0,550.0,558.89197,1.1586946,555.728,522.8128,-36.079163,1.0057958,-0.15289879,627.8976,72.169556
1.5-473-550,0.2012048193,0.4024096386,0.8705746216627653,-0.0007828117684,1.5,473.0,550.0,613.67944,1.230513,470.02316,565.30023,-48.37921,0.98964083,-0.24087214,585.9923,115.96915
1.5-473-550,0.1409638554,0.2819277108,0.6600967573005477,0.0005935522321,1.5,473.0,550.0,494.23785,1.0259678,628.8413,477.9303,-16.307556,1.0472208,0.02125299,635.46783,6.626526
1.5-473-550,0.3096385542,0.6192771084,0.16340484119544796,0.0001469319568,1.5,473.0,550.0,542.5155,1.5702837,576.5008,549.5443,7.0288086,1.5847776,0.014493942,577.9551,1.4542847
1.5-473-550,0.3481927711,0.6963855422,0.9973789933391554,-0.0008968329585,1.5,473.0,550.0,1134.4042,0.10103052,46.12787,1204.539,70.134766,-0.82909805,-0.9301286,48.383514,2.2556458
1.5-473-550,0.2289156626,0.4578313252,0.9337895728803226,0.000839654004,1.5,473.0,550.0,970.2887,1.2671028,57.005432,976.77606,6.4873657,0.74362344,-0.5234794,129.66425,72.65881
1.5-473-550,0.2530120482,0.5060240964,0.998978267368595,0.0008982710093,1.5,473.0,550.0,1222.4015,0.02666145,42.12381,1333.4022,111.00073,-0.61957484,-0.6462363,44.737793,2.6139832
1.5-473-550,0.191566265,0.38313253,0.9337895728803226,-0.000839654004,1.5,473.0,550.0,727.2085,1.0806278,118.13132,703.075,-24.133484,0.7848403,-0.2957875,272.51514,154.38382
1.5-473-550,0.3783132531,0.7566265062,0.9993254186825348,-0.0008985831642,1.5,473.0,550.0,1115.8068,0.02790081,47.103394,1073.2024,-42.60437,-0.9891985,-1.0170993,63.89331,16.789917
1.5-473-550,0.3120481928,0.6240963856,0.7525573838264147,0.0006766918789,1.5,473.0,550.0,644.44196,1.7751763,406.8951,626.17035,-18.271606,1.8203658,0.0451895,438.18668,31.291565
1.5-473-550,0.2180722892,0.4361445784,0.9337895728803226,0.000839654004,1.5,473.0,550.0,971.9132,1.2627981,56.900696,912.72266,-59.19055,0.76784503,-0.49495304,141.36874,84.46805
1.5-473-550,0.1879518072,0.3759036144,0.9215172744995802,-0.0008286188792,1.5,473.0,550.0,644.15625,1.071954,402.7264,607.43,-36.726257,0.87891906,-0.19303495,466.72116,63.99475
1.5-473-550,0.2530120482,0.5060240964,0.16340484097302546,-0.0001469319566,1.5,473.0,550.0,520.734,1.4032698,600.9538,520.9245,0.19049072,1.2936062,-0.109663606,625.16455,24.210754
1.5-473-550,0.2662650602,0.5325301204,0.4163512326852384,0.000374378757,1.5,473.0,550.0,535.3194,1.4510444,584.73486,533.4313,-1.8881226,1.3630472,-0.0879972,614.1692,29.434326
1.5-473-550,0.4061224489,0.8122448978,0.6021818746711394,-0.0005414757638,1.5,473.0,550.0,652.3722,2.2882311,382.02942,652.44696,0.07476807,2.1225607,-0.1656704,382.1779,0.14846802
1.5-473-550,0.156626506,0.313253012,0.998978267368595,-0.0008982710093,1.5,473.0,550.0,869.1185,0.028301472,67.81595,1005.5639,136.44537,-0.6391006,-0.6674021,-50.567993,-118.38394
1.5-473-550,0.2,0.4,0.7525573838264147,-0.0006766918789,1.5,473.0,550.0,544.53076,1.2176292,574.0513,514.17163,-30.35913,1.0670121,-0.15061712,633.5823,59.531006
1.5-473-550,0.1277108433,0.2554216866,0.09831793589120096,8.840647929e-05,1.5,473.0,550.0,477.7185,1.1049017,645.4022,482.36816,4.649658,1.1009532,-0.00394845,645.4836,0.08135986
1.5-473-550,0.4,0.8,0.9985499196211469,-0.0008978858434,1.5,473.0,550.0,1028.6299,0.079201214,53.23117,925.0026,-103.62726,-1.0090995,-1.0883007,122.714645,69.483475
1.5-473-550,0.2096385542,0.4192771084,0.9993254186825348,0.0008985831642,1.5,473.0,550.0,1287.0203,0.01479041,39.923004,1274.8765,-12.143799,-0.62633663,-0.64112705,17.167786,-22.755219
1.5-473-550,0.4387755102,0.8775510204,0.9337895728803226,-0.000839654004,1.5,473.0,550.0,669.54315,1.3398902,261.0509,633.47723,-36.065918,1.0100955,-0.32979476,400.89908,139.84818
1.5-473-550,0.3807228916,0.7614457832,0.960723235489121,-0.0008638724771,1.5,473.0,550.0,936.4351,1.4845736,60.00168,865.2854,-71.14972,0.15654993,-1.3280237,159.49019,99.48851
1.5-473-550,0.4612244898,0.9224489796,0.29146971579860803,-0.0002620865782,1.5,473.0,550.0,653.1057,1.9772413,379.4023,641.80304,-11.302673,2.1973882,0.2201469,396.16617,16.763855
1.5-473-550,0.2843373494,0.5686746988,0.9811301448069191,0.0008822221606,1.5,473.0,550.0,1107.3414,0.5703977,47.555725,1301.2396,193.8982,-0.4170714,-0.9874691,67.43332,19.877594
1.5-473-550,0.2289156626,0.4578313252,0.9965972946963587,-0.0008961300631,1.5,473.0,550.0,1272.927,0.08334183,40.18399,1308.1594,35.23242,-0.5935336,-0.6768754,34.643738,-5.5402527
1.5-473-550,0.3132530121,0.6265060242,0.47796385156444166,0.0004297801918,1.5,473.0,550.0,582.18396,1.6581968,519.4227,569.65106,-12.532898,1.6832155,0.025018692,548.42834,29.005615
1.5-473-550,0.1084337349,0.2168674698,0.998978267368595,-0.0008982710093,1.5,473.0,550.0,666.5116,0.048711773,289.70316,628.7894,-37.722168,-0.46944767,-0.51815945,216.113,-73.59015
1.5-473-550,0.1084337349,0.2168674698,0.9996041060258503,0.000898833757,1.5,473.0,550.0,671.68555,0.01798194,241.87279,632.22107,-39.464478,-0.48159832,-0.49958026,206.67549,-35.197296
1.5-473-550,0.02857142855,0.0571428571,0.9945113832197316,0.0008942544329,1.5,473.0,550.0,473.00003,0.051960286,649.85333,462.53018,-10.469849,-0.06956888,-0.12152916,644.03534,-5.817993
1.5-473-550,0.01836734691,0.03673469382,0.4163512326852384,0.000374378757,1.5,473.0,550.0,473.00003,1.1530567,649.85333,463.55292,-9.447113,1.097793,-0.055263758,634.6354,-15.217957
1.5-473-550,0.02244897957,0.04489795914,0.3542741439827602,-0.0003185596757,1.5,473.0,550.0,473.00003,1.1796029,649.85333,465.14716,-7.8528748,1.1095127,-0.070090175,636.16486,-13.688477
1.5-473-550,0.2385542169,0.4771084338,0.7525573838264147,0.0006766918789,1.5,473.0,550.0,592.57996,1.4319092,503.49786,555.02576,-37.5542,1.2211453,-0.21076393,590.8049,87.30701
1.5-473-550,0.4632653061,0.9265306122,0.9895407848051817,0.0008897849218,1.5,473.0,550.0,660.13214,0.5476076,350.17007,595.2001,-64.93207,-0.1581164,-0.705724,417.27942,67.109344
1.5-473-550,0.1590361445,0.318072289,0.960723235489121,0.0008638724771,1.5,473.0,550.0,628.31067,0.80826306,443.91455,689.7677,61.45703,0.15282583,-0.65543723,178.76437,-265.15018
1.5-473-550,0.1602409638,0.3204819276,0.9811301446957078,-0.0008822221605,1.5,473.0,550.0,758.8963,0.5120051,91.0701,899.96106,141.06476,-0.37733155,-0.88933665,-18.879974,-109.95007
1.5-473-550,0.3060240964,0.6120481928,0.9442484491033019,-0.0008490585182,1.5,473.0,550.0,930.9966,1.3997234,60.58264,1126.8608,195.86426,0.55293983,-0.8467836,96.735565,36.152924
1.5-473-550,0.3385542169,0.6771084338,0.9772248215579286,0.000878710534,1.5,473.0,550.0,1041.1466,0.832096,51.537537,1196.2479,155.10132,-0.45029122,-1.2823873,61.58261,10.045074
1.5-473-550,0.1843373494,0.3686746988,0.9993254186825348,-0.0008985831642,1.5,473.0,550.0,1052.9077,0.014424974,50.780212,1183.2446,130.33691,-0.6376578,-0.6520828,-13.151916,-63.93213
1.5-473-550,0.4469387755,0.893877551,0.29146971579860803,-0.0002620865782,1.5,473.0,550.0,647.7055,2.0244133,398.2775,637.2437,-10.461792,2.1814344,0.15702105,406.1478,7.8703003
1.5-473-550,0.4081632653,0.8163265306,0.16340484097302546,-0.0001469319566,1.5,473.0,550.0,628.7875,2.1862273,444.00134,608.81165,-19.97583,2.0805264,-0.10570097,456.56522,12.563873
1.5-473-550,0.3192771085,0.638554217,0.9872047710533666,-0.0008876844022,1.5,473.0,550.0,1109.2651,0.4431132,47.45294,1265.9487,156.6836,-0.57507974,-1.018193,58.163208,10.710266
1.5-473-550,0.4306122449,0.8612244898,0.4163512326852384,0.000374378757,1.5,473.0,550.0,646.71344,2.1584406,401.01736,641.13837,-5.5750732,2.1515932,-0.0068473816,402.69168,1.6743164
1.5-473-550,0.330120482,0.660240964,0.9442484491033019,0.0008490585182,1.5,473.0,550.0,920.4924,1.4801567,61.658844,1057.8422,137.3498,0.7500172,-0.73013943,84.95494,23.296097
1.5-473-550,0.09183673473,0.18367346946,0.9811301446957078,0.0008822221605,1.5,473.0,550.0,473.00003,0.19473207,649.85333,502.6443,29.644257,-0.03334749,-0.22807956,582.8562,-66.99713
1.5-473-550,0.0102040816,0.0204081632,0.9999999997775775,-0.0008991897406,1.5,473.0,550.0,473.00003,-5.322157e-09,649.85333,459.75473,-13.2453,-0.09463758,-0.09463757,647.2546,-2.598755
1.5-473-550,0.1903614458,0.3807228916,0.6600967573005477,-0.0005935522321,1.5,473.0,550.0,523.67255,1.1723129,597.6862,498.53186,-25.140686,1.0800186,-0.092294216,640.93884,43.252625
1.5-473-550,0.06734693879,0.13469387758,0.6600967573005477,0.0005935522321,1.5,473.0,550.0,473.00003,1.0250355,649.85333,463.4509,-9.549133,1.0243483,-0.00068724155,629.50195,-20.35138
1.5-473-550,0.1409638554,0.2819277108,0.09831793590232207,-8.84064793e-05,1.5,473.0,550.0,483.21616,1.1022464,639.9953,484.78925,1.5730896,1.1012006,-0.0010458231,645.6844,5.689087
1.5-473-550,0.3795180723,0.7590361446,0.9985491866279087,-0.0008978851843,1.5,473.0,550.0,1110.9155,0.06492733,47.364746,1063.9728,-46.94275,-0.9840922,-1.0490195,66.26959,18.904846
1.5-473-550,0.4714285714,0.9428571428,0.9215172744995802,0.0008286188792,1.5,473.0,550.0,658.6871,1.3387709,356.87027,607.2154,-51.47168,0.9859096,-0.3528613,432.16367,75.293396
1.5-473-550,0.0897959184,0.1795918368,0.9973789934503665,-0.0008968329586,1.5,473.0,550.0,473.00003,0.026227528,649.85333,542.8899,69.88986,-0.31455642,-0.34078395,457.53253,-192.3208
1.5-473-550,0.3891566266,0.7783132532,0.8475322498919685,0.0007620923041,1.5,473.0,550.0,748.0531,2.2871735,95.84244,711.9831,-36.070007,2.0710044,-0.21616912,255.99646,160.15402
1.5-473-550,0.2891566265,0.578313253,0.4163512323516047,-0.0003743787567,1.5,473.0,550.0,551.0584,1.5332124,565.8557,547.8697,-3.1887207,1.503894,-0.029318452,589.7726,23.91687
1.5-473-550,0.1072289156,0.2144578312,0.6600967573005477,0.0005935522321,1.5,473.0,550.0,474.31885,1.0021182,648.60925,469.96902,-4.349823,1.0374191,0.03530085,630.7735,-17.835754
1.5-473-550,0.1638554216,0.3277108432,0.5396442233296441,0.0004852425493,1.5,473.0,550.0,501.288,1.0960488,621.70654,486.42896,-14.859039,1.0733182,-0.022730589,638.5214,16.81488
1.5-473-550,0.2265060241,0.4530120482,0.9931416465066502,-0.0008930227797,1.5,473.0,550.0,1264.8257,0.16812098,40.48294,1297.7239,32.898193,-0.5574389,-0.7255599,35.693756,-4.7891846
1.5-473-550,0.08163265309,0.16326530618,0.9215172744995802,0.0008286188792,1.5,473.0,550.0,473.00003,0.6375438,649.85333,451.74948,-21.25055,0.57254153,-0.06500226,664.5904,14.737061
1.5-473-550,0.3060240964,0.6120481928,0.6021818746711394,0.0005414757638,1.5,473.0,550.0,602.95074,1.6761073,488.41046,579.37177,-23.57898,1.690684,0.0145766735,533.32184,44.911377
1.5-473-550,0.07959183676,0.15918367352,0.29146971579860803,-0.0002620865782,1.5,473.0,550.0,473.00003,1.1625905,649.85333,473.15488,0.15484619,1.0987949,-0.06379557,635.7116,-14.141724
1.5-473-550,0.4938775511,0.9877551022,0.5396442233296441,-0.0004852425493,1.5,473.0,550.0,657.1345,1.8352064,363.13806,651.4213,-5.713196,2.05735,0.22214353,361.99588,-1.1421814
1.5-473-550,0.3168674699,0.6337349398,0.9980223152919674,0.000897411427,1.5,473.0,550.0,1163.0533,0.06614601,44.72638,1285.9586,122.90527,-0.7161997,-0.7823457,50.939453,6.2130737
1.5-473-550,0.1301204819,0.2602409638,0.9726063657286781,-0.0008745576659,1.5,473.0,550.0,580.2662,0.6325742,521.6241,594.8608,14.5946045,-0.013258403,-0.6458326,360.91507,-160.70901
1.5-473-550,0.03673469387,0.07346938774,0.999825745120423,0.0008990330526,1.5,473.0,550.0,473.00003,0.0009444899,649.85333,470.0616,-2.9384155,-0.14539701,-0.1463415,629.753,-20.100342
1.5-473-550,0.2722891566,0.5445783132,0.9811301446957078,-0.0008822221605,1.5,473.0,550.0,1120.4198,0.5446032,46.856903,1306.3824,185.96265,-0.4090379,-0.9536411,66.41272,19.555817
1.5-473-550,0.1518072289,0.3036144578,0.9872047710533666,-0.0008876844022,1.5,473.0,550.0,755.7301,0.39823246,92.17587,874.3939,118.66382,-0.46436745,-0.8625999,-29.580902,-121.756775
1.5-473-550,0.3530120482,0.7060240964,0.7098470004029654,-0.0006382871403,1.5,473.0,550.0,648.05927,1.9594805,396.00516,644.7414,-3.317871,2.0292964,0.069815874,395.51202,-0.49313354
1.5-473-550,0.2843373494,0.5686746988,0.47796385156444166,0.0004297801918,1.5,473.0,550.0,556.8718,1.5295066,558.37067,548.6242,-8.24762,1.4893214,-0.040185213,590.743,32.372314
1.5-473-550,0.2168674698,0.4337349396,0.9872047710533666,-0.0008876844022,1.5,473.0,550.0,1242.5662,0.31019616,41.324646,1263.6122,21.04602,-0.49141198,-0.80160815,32.81662,-8.508026
1.5-473-550,0.1301204819,0.2602409638,0.9965972946963587,-0.0008961300631,1.5,473.0,550.0,729.0784,0.15817732,103.87216,759.9456,30.867188,-0.5456161,-0.7037934,4.2962656,-99.5759
1.5-473-550,0.02040816324,0.04081632648,0.7892004020960466,-0.000709640905,1.5,473.0,550.0,473.00003,0.90154237,649.85333,451.06665,-21.93338,0.87102205,-0.03052032,641.18787,-8.665466
1.5-473-550,0.2686746988,0.5373493976,0.9872047710533666,0.0008876844022,1.5,473.0,550.0,1154.3348,0.3695048,45.145294,1317.9313,163.59644,-0.49169844,-0.86120325,59.534943,14.389648
1.5-473-550,0.386746988,0.773493976,0.2914697156873968,0.0002620865781,1.5,473.0,550.0,619.0189,2.0522146,462.30386,605.6555,-13.363403,2.0159392,-0.036275387,468.4963,6.192444
1.5-473-550,0.1373493975,0.274698795,0.993141646395439,0.0008930227796,1.5,473.0,550.0,730.8354,0.27782327,102.92792,793.4013,62.565918,-0.5166696,-0.79449284,-13.61679,-116.54471
1.5-473-550,0.2903614458,0.5807228916,0.9215172744995802,-0.0008286188792,1.5,473.0,550.0,870.05414,1.556813,67.80771,947.57477,77.52063,1.2634286,-0.29338443,120.63333,52.825623
1.5-473-550,0.2156626506,0.4313253012,0.9993254186825348,-0.0008985831642,1.5,473.0,550.0,1289.498,0.015172655,39.923004,1289.2217,-0.2763672,-0.6241762,-0.63934886,22.668427,-17.254578
1.5-473-550,0.1602409638,0.3204819276,0.9337895728803226,-0.000839654004,1.5,473.0,550.0,578.8394,0.8930176,524.736,536.71124,-42.128174,0.6564108,-0.23660678,580.8586,56.12256
1.5-473-550,0.2096385542,0.4192771084,0.9973789933391554,0.0008968329585,1.5,473.0,550.0,1279.4996,0.06294989,39.996124,1270.3962,-9.103394,-0.60712415,-0.67007405,18.39032,-21.605804
1.5-473-550,0.3012048193,0.6024096386,0.8206166047262803,-0.0007378900321,1.5,473.0,550.0,669.52637,1.7696993,257.891,658.4511,-11.075256,1.774329,0.004629612,368.90692,111.01593
1.5-473-550,0.1807228915,0.361445783,0.9071317792997667,0.0008156835895,1.5,473.0,550.0,596.4119,1.0296912,498.0916,545.7412,-50.670715,0.86382264,-0.16586858,596.4339,98.342285
1.5-473-550,0.1590361445,0.318072289,0.22784103833049427,-0.0002048723242,1.5,473.0,550.0,491.83905,1.1161317,631.26886,487.68314,-4.1559143,1.0934497,-0.022681952,642.54205,11.273193
1.5-473-550,0.05714285715,0.1142857143,0.9215172744995802,-0.0008286188792,1.5,473.0,550.0,473.00003,0.6353252,649.85333,447.46503,-25.535004,0.5367696,-0.098555565,662.6878,12.834473
1.5-473-550,0.08571428574,0.17142857148,0.9442484491033019,-0.0008490585182,1.5,473.0,550.0,473.00003,0.52282465,649.85333,457.73428,-15.265747,0.41479692,-0.10802773,666.92615,17.072815
1.5-473-550,0.3915662651,0.7831325302,0.16340484097302546,-0.0001469319566,1.5,473.0,550.0,617.44055,2.0768223,465.03802,599.1913,-18.249268,2.0164478,-0.0603745,475.97488,10.936859
1.5-473-550,0.3819277109,0.7638554218,0.09831793590232207,-8.84064793e-05,1.5,473.0,550.0,608.27466,1.9897366,480.3288,589.267,-19.00763,1.9669325,-0.022804022,492.86194,12.533142
1.5-473-550,0.2445783133,0.4891566266,0.9993254186825348,-0.0008985831642,1.5,473.0,550.0,1241.424,0.016277129,41.369904,1329.3671,87.943115,-0.62073547,-0.6370126,41.11148,-0.25842285
1.5-473-550,0.03061224488,0.06122448976,0.03282169735804886,2.951293354e-05,1.5,473.0,550.0,473.00003,1.2431239,649.85333,471.64236,-1.357666,1.148197,-0.094926834,652.3324,2.479065
1.5-473-550,0.3795180723,0.7590361446,0.9811301448069191,0.0008822221606,1.5,473.0,550.0,1021.7417,0.85905415,52.882538,999.68713,-22.054565,-0.68316334,-1.5422175,87.99071,35.10817
1.5-473-550,0.2939759036,0.5879518072,0.9993254186825348,0.0008985831642,1.5,473.0,550.0,1184.9037,0.019220108,43.72705,1319.9943,135.09058,-0.6714074,-0.6906275,51.35791,7.6308594
1.5-473-550,0.05510204082,0.11020408164,0.9726063657286781,-0.0008745576659,1.5,473.0,550.0,473.00003,0.28639454,649.85333,459.61826,-13.381775,0.13227075,-0.15412378,655.736,5.8826904
1.5-473-550,0.3855421687,0.7710843374,0.9872047710533666,-0.0008876844022,1.5,473.0,550.0,1046.1168,0.6272565,51.212555,982.4985,-63.618347,-0.8220553,-1.4493117,94.41133,43.198776
1.5-473-550,0.4938775511,0.9877551022,0.8475322498919685,-0.0007620923041,1.5,473.0,550.0,657.391,1.5398899,362.10257,621.3099,-36.081116,1.3966593,-0.14323068,397.46332,35.36075
1.5-473-550,0.05714285715,0.1142857143,0.03282169734692774,-2.951293353e-05,1.5,473.0,550.0,473.00003,1.2071499,649.85333,474.1019,1.1018677,1.13348,-0.07366991,650.26117,0.4078369
1.5-473-550,0.2397590361,0.4795180722,0.960723235489121,-0.0008638724771,1.5,473.0,550.0,1069.7792,0.9429614,49.73941,1222.8453,153.06616,-0.048910443,-0.99187183,80.542725,30.803314
1.5-473-550,0.2903614458,0.5807228916,0.9945113832197316,0.0008942544329,1.5,473.0,550.0,1166.2765,0.17250597,44.57895,1317.5931,151.31665,-0.6084716,-0.78097755,55.0513,10.472351
1.5-473-550,0.3578313254,0.7156626508,0.9996041060258503,0.000898833757,1.5,473.0,550.0,1135.3182,0.013220126,46.082794,1172.6842,37.365967,-0.9011319,-0.91435206,48.76642,2.6836243
1.5-473-550,0.2180722892,0.4361445784,0.9965972946963587,-0.0008961300631,1.5,473.0,550.0,1282.9583,0.08255606,39.923004,1288.76,5.801758,-0.5962629,-0.67881894,26.564331,-13.358673
1.5-473-550,0.2373493976,0.4746987952,0.9337895728803226,-0.000839654004,1.5,473.0,550.0,946.78906,1.3041267,59.11969,1013.8535,67.06445,0.73020756,-0.5739192,125.7151,66.59541
1.5-473-550,0.09183673473,0.18367346946,0.9973789933391554,0.0008968329585,1.5,473.0,550.0,473.00003,0.026230747,649.85333,549.43536,76.43533,-0.32710057,-0.35333133,439.22958,-210.62375
1.5-473-550,0.0612244898,0.1224489796,0.9215172744995802,0.0008286188792,1.5,473.0,550.0,473.00003,0.6372386,649.85333,448.006,-24.994019,0.5425333,-0.09470534,662.946,13.092651
1.5-473-550,0.1060240963,0.2120481926,0.7098470004029654,0.0006382871403,1.5,473.0,550.0,474.30548,0.97111213,648.6218,467.90063,-6.404846,1.0158182,0.044706106,632.2591,-16.362732
1.5-473-550,0.1120481927,0.2240963854,0.6600967573005477,-0.0005935522321,1.5,473.0,550.0,476.94147,1.0005107,646.13525,470.92804,-6.0134277,1.0387801,0.0382694,631.26227,-14.872986
1.5-473-550,0.05306122449,0.10612244898,0.999825745120423,-0.0008990330526,1.5,473.0,550.0,473.00003,0.0009874052,649.85333,481.97324,8.973206,-0.19060868,-0.19159609,606.6708,-43.182556
1.5-473-550,0.3879518073,0.7759036146,0.5396442233296441,0.0004852425493,1.5,473.0,550.0,638.70496,2.1281354,421.891,632.9191,-5.7858276,2.0754,-0.05273533,419.98264,-1.9083557
1.5-473-550,0.0244897959,0.0489795918,0.9215172744995802,0.0008286188792,1.5,473.0,550.0,473.00003,0.6000442,649.85333,444.7496,-28.250427,0.49351165,-0.106532544,661.78204,11.928711
1.5-473-550,0.2421686747,0.4843373494,0.5396442233296441,0.0004852425493,1.5,473.0,550.0,534.9033,1.3881301,585.1975,524.4919,-10.411438,1.2451448,-0.14298522,628.1284,42.93091
1.5-473-550,0.4081632653,0.8163265306,0.9071317792997667,0.0008156835895,1.5,473.0,550.0,764.3274,2.0669599,89.38129,699.9684,-64.35901,1.6398209,-0.42713892,290.53342,201.15213
1.5-473-550,0.02653061223,0.05306122446,0.09831793589120096,8.840647929e-05,1.5,473.0,550.0,473.00003,1.2219809,649.85333,469.99063,-3.0093994,1.1429192,-0.07906175,648.49493,-1.3583984
1.5-473-550,0.278313253,0.556626506,0.9215172744995802,0.0008286188792,1.5,473.0,550.0,872.53723,1.5156798,67.46887,956.1927,83.65546,1.187346,-0.32833385,129.7603,62.291428
1.5-473-550,0.1506024096,0.3012048192,0.9985491866279087,-0.0008978851843,1.5,473.0,550.0,834.0161,0.04521143,73.17401,953.31146,119.29535,-0.6293729,-0.6745843,-54.009613,-127.183624
1.5-473-550,0.3963855422,0.7927710844,0.9993254186825348,-0.0008985831642,1.5,473.0,550.0,1094.7407,0.032663938,48.253754,955.3462,-139.39453,-1.0259416,-1.0586056,107.04805,58.794296
1.5-473-550,0.2012048193,0.4024096386,0.999825745120423,0.0008990330526,1.5,473.0,550.0,1230.2216,0.0023962206,41.813904,1251.7139,21.49231,-0.6346608,-0.637057,8.0703745,-33.74353
1.5-473-550,0.2361445783,0.4722891566,0.9999999998887887,0.0008991897407,1.5,473.0,550.0,1265.3335,-5.322157e-09,40.47818,1322.9595,57.625977,-0.6267759,-0.6267759,36.430664,-4.047516
1.5-473-550,0.2590361446,0.5180722892,0.6021818746711394,0.0005414757638,1.5,473.0,550.0,559.54425,1.4649205,554.93164,541.66565,-17.878601,1.3509992,-0.113921285,607.76636,52.834717
1.5-473-550,0.1939759036,0.3879518072,0.47796385156444166,0.0004297801918,1.5,473.0,550.0,512.6675,1.2089603,609.9238,497.4749,-15.192566,1.103545,-0.105415344,641.7077,31.783875
1.5-473-550,0.2662650602,0.5325301204,0.9811301448069191,0.0008822221606,1.5,473.0,550.0,1128.1222,0.53302974,46.445343,1306.9177,178.79553,-0.40672272,-0.93975246,65.323395,18.878052
1.5-473-550,0.1975903614,0.3951807228,0.9671530515086588,-0.0008696541017,1.5,473.0,550.0,1018.22504,0.72767,53.159454,1094.2028,75.97772,-0.16468066,-0.8923507,33.965363,-19.194092
1.5-473-550,0.3192771085,0.638554217,0.7892004020960466,-0.000709640905,1.5,473.0,550.0,657.70416,1.826947,353.06213,651.0684,-6.635742,1.900822,0.07387507,380.92218,27.860046
1.5-473-550,0.3626506025,0.725301205,0.9998257452316341,-0.0008990330527,1.5,473.0,550.0,1131.9303,0.0041406103,46.249847,1152.9408,21.010498,-0.926369,-0.9305096,50.312744,4.0628967
1.5-473-550,0.2,0.4,0.9442484491033019,0.0008490585182,1.5,473.0,550.0,923.8852,1.045812,61.45703,889.9001,-33.985107,0.49306983,-0.5527422,111.50928,50.052246
1.5-473-550,0.1072289156,0.2144578312,0.9671530515086588,-0.0008696541017,1.5,473.0,550.0,518.1963,0.5120146,603.7749,500.12332,-18.072968,0.1591183,-0.35289633,607.67346,3.8985596
1.5-473-550,0.4408163265,0.881632653,0.8705746216627653,0.0007828117684,1.5,473.0,550.0,666.59894,1.5278982,288.87335,665.267,-1.3319092,1.6147335,0.086835265,341.49716,52.62381
1.5-473-550,0.1590361445,0.318072289,0.9071317792997667,0.0008156835895,1.5,473.0,550.0,553.1266,0.93116134,563.1746,498.92102,-54.205566,0.7884388,-0.14272255,648.26215,85.087524
1.5-473-550,0.1373493975,0.274698795,0.9872047710533666,-0.0008876844022,1.5,473.0,550.0,678.93286,0.49541476,182.20163,744.24097,65.308105,-0.40372366,-0.89913845,33.377472,-148.82416
1.5-473-550,0.4244897959,0.8489795918,0.3542741437603377,0.0003185596755,1.5,473.0,550.0,643.14154,2.2125025,410.88306,632.813,-10.328552,2.1406283,-0.07187414,417.45224,6.5691833
1.5-473-550,0.2951807229,0.5903614458,0.3542741437603377,0.0003185596755,1.5,473.0,550.0,547.8189,1.5435891,570.03186,548.45703,0.63812256,1.5272619,-0.016327262,586.47473,16.442871
1.5-473-550,0.3349397591,0.6698795182,0.9945113832197316,0.0008942544329,1.5,473.0,550.0,1132.0359,0.2025631,46.24463,1240.4642,108.428345,-0.735197,-0.9377601,50.621674,4.3770447
1.5-473-550,0.3096385542,0.6192771084,0.6600967573005477,-0.0005935522321,1.5,473.0,550.0,619.5319,1.719754,460.8637,593.8024,-25.729492,1.7464392,0.026685238,504.8796,44.0159
1.5-473-550,0.126506024,0.253012048,0.3542741437603377,0.0003185596755,1.5,473.0,550.0,478.9263,1.0827906,644.2629,479.6678,0.7414856,1.0813644,-0.0014262199,636.1609,-8.10199
1.5-473-550,0.09183673473,0.18367346946,0.3542741437603377,0.0003185596755,1.5,473.0,550.0,473.00003,1.1497616,649.85333,474.03207,1.0320435,1.0890439,-0.060717702,633.5067,-16.346619
1.5-473-550,0.2481927711,0.4963855422,0.7525573838264147,-0.0006766918789,1.5,473.0,550.0,605.4345,1.4827601,484.14227,565.25946,-40.17505,1.2880994,-0.19466066,574.93427,90.79199
1.5-473-550,0.2445783133,0.4891566266,0.960723235489121,-0.0008638724771,1.5,473.0,550.0,1056.603,0.9652759,50.559784,1231.0054,174.40234,-0.047985855,-1.0132618,82.996,32.43622
1.5-473-550,0.1867469879,0.3734939758,0.8705746216627653,0.0007828117684,1.5,473.0,550.0,576.85657,1.0973339,527.9596,533.275,-43.581543,0.93782634,-0.15950757,621.29767,93.33807
1.5-473-550,0.08163265309,0.16326530618,0.09831793590232207,-8.84064793e-05,1.5,473.0,550.0,473.00003,1.1857399,649.85333,475.8055,2.805481,1.114787,-0.07095289,645.3119,-4.541443
1.5-473-550,0.4306122449,0.8612244898,0.9215172744995802,-0.0008286188792,1.5,473.0,550.0,680.0759,1.48683,174.05751,656.66675,-23.40918,1.257746,-0.22908401,370.00998,195.95247
1.5-473-550,0.1168674698,0.2337349396,0.22784103833049427,-0.0002048723242,1.5,473.0,550.0,474.4798,1.1130644,648.4574,479.31537,4.8355713,1.0917913,-0.021273136,639.7689,-8.688477
1.5-473-550,0.4489795918,0.8979591836,0.8475322498919685,-0.0007620923041,1.5,473.0,550.0,662.4775,1.5399275,328.03174,661.267,-1.2104492,1.6728827,0.1329552,342.92746,14.895721
1.5-473-550,0.3253012049,0.6506024098,0.9996041060258503,0.000898833757,1.5,473.0,550.0,1163.8802,0.011382157,44.68857,1270.9403,107.06006,-0.7637146,-0.7750968,49.02887,4.3403015
1.5-473-550,0.2253012048,0.4506024096,0.9337895728803226,0.000839654004,1.5,473.0,550.0,977.5741,1.2626143,56.39627,957.50836,-20.065735,0.7511833,-0.511431,132.43207,76.0358
1.5-473-550,0.1192771084,0.2385542168,0.9726063657286781,-0.0008745576659,1.5,473.0,550.0,554.6419,0.56726307,561.1941,548.5717,-6.0701904,0.035545822,-0.53171724,488.64816,-72.54593
1.5-473-550,0.386746988,0.773493976,0.6600967573005477,0.0005935522321,1.5,473.0,550.0,652.0428,2.168686,382.76883,653.8646,1.8218384,2.104461,-0.06422496,378.96667,-3.8021545
1.5-473-550,0.1662650602,0.3325301204,0.2914697156873968,0.0002620865781,1.5,473.0,550.0,495.75482,1.1257033,627.30615,489.06815,-6.686676,1.0916028,-0.034100533,641.7342,14.42804
1.5-473-550,0.3120481928,0.6240963856,0.9895407848051817,-0.0008897849218,1.5,473.0,550.0,1126.6981,0.3526411,46.521454,1282.9886,156.29053,-0.5901752,-0.9428163,57.57489,11.053436
1.5-473-550,0.2493975904,0.4987951808,0.9999999997775775,-0.0008991897406,1.5,473.0,550.0,1232.5778,-5.322157e-09,41.736267,1333.2004,100.62268,-0.6285797,-0.6285797,42.594055,0.8577881
1.5-473-550,0.4183673469,0.8367346938,0.9985491866279087,0.0008978851843,1.5,473.0,550.0,721.17786,0.099495046,108.70552,786.3696,65.19177,-0.8861998,-0.9856948,216.45743,107.75191
1.5-473-550,0.1337349397,0.2674698794,0.7525573838264147,-0.0006766918789,1.5,473.0,550.0,495.24258,0.9782897,627.8245,473.9375,-21.305084,1.0055318,0.027242064,637.694,9.869446
1.5-473-550,0.4183673469,0.8367346938,0.5396442233296441,-0.0004852425493,1.5,473.0,550.0,650.34515,2.2711062,389.54453,648.93365,-1.411499,2.133948,-0.13715816,388.91888,-0.62564087
1.5-473-550,0.2602409639,0.5204819278,0.9996041060258503,-0.000898833757,1.5,473.0,550.0,1218.54,0.00910067,42.281067,1335.9319,117.391846,-0.62968665,-0.6387873,46.52054,4.2394714
1.5-473-550,0.1867469879,0.3734939758,0.6021818746711394,0.0005414757638,1.5,473.0,550.0,516.532,1.1614987,605.62646,495.26648,-21.265503,1.0842589,-0.07723975,641.19574,35.569275
1.5-473-550,0.3120481928,0.6240963856,0.9337895728803226,-0.000839654004,1.5,473.0,550.0,899.4276,1.5240829,64.03265,1019.02765,119.60004,1.0405847,-0.48349822,95.636765,31.60411
1.5-473-550,0.1240963855,0.248192771,0.9772248215579286,0.000878710534,1.5,473.0,550.0,580.58673,0.563909,520.7854,590.8877,10.300964,-0.091044374,-0.65495336,361.1057,-159.67969
1.5-473-550,0.1156626505,0.231325301,0.9671530515086588,0.0008696541017,1.5,473.0,550.0,535.7304,0.57840645,584.27783,518.16425,-17.566162,0.14834571,-0.43006074,572.0851,-12.192749
1.5-473-550,0.3361445784,0.6722891568,0.4163512323516047,-0.0003743787567,1.5,473.0,550.0,590.6825,1.7506905,506.58932,581.0525,-9.630005,1.8008182,0.050127745,522.43036,15.841034
1.5-473-550,0.1445783132,0.2891566264,0.9945113832197316,0.0008942544329,1.5,473.0,550.0,774.73395,0.19653541,86.12193,869.4063,94.67236,-0.5632028,-0.7597382,-42.309723,-128.43166
1.5-473-550,0.3240963856,0.6481927712,0.09831793589120096,8.840647929e-05,1.5,473.0,550.0,551.1455,1.6253726,565.9381,555.4171,4.2716064,1.662485,0.037112355,563.7059,-2.2322388
1.5-473-550,0.4224489796,0.8448979592,0.9980223152919674,-0.000897411427,1.5,473.0,550.0,705.0205,0.13527298,121.44975,756.3127,51.292175,-0.8275446,-0.9628176,241.45479,120.005035
1.5-473-550,0.1807228915,0.361445783,0.9945113832197316,0.0008942544329,1.5,473.0,550.0,988.147,0.13310134,55.407623,1145.0634,156.91638,-0.58864385,-0.7217452,-16.054535,-71.46216
1.5-473-550,0.05510204082,0.11020408164,0.6021818746711394,-0.0005414757638,1.5,473.0,550.0,473.00003,1.0575615,649.85333,463.84155,-9.158478,1.045506,-0.012055516,629.07916,-20.77417
1.5-473-550,0.09591836738,0.19183673476,0.9993254186825348,0.0008985831642,1.5,473.0,550.0,473.00003,0.0060982653,649.85333,571.85864,98.85861,-0.3917138,-0.39781207,372.31024,-277.5431
1.5-473-550,0.1409638554,0.2819277108,0.22784103821928303,0.0002048723241,1.5,473.0,550.0,483.98737,1.0960592,639.21484,483.69244,-0.29492188,1.089539,-0.006520152,641.389,2.1741333
1.5-473-550,0.2445783133,0.4891566266,0.9973789934503665,-0.0008968329586,1.5,473.0,550.0,1233.4089,0.0695396,41.68756,1326.5165,93.107544,-0.60100085,-0.67054045,42.649628,0.96206665
1.5-473-550,0.148192771,0.296385542,0.999825745120423,0.0008990330526,1.5,473.0,550.0,831.5364,0.00331294,73.57378,941.9438,110.40741,-0.6421929,-0.64550585,-56.22116,-129.79494
1.5-473-550,0.1602409638,0.3204819276,0.9811301448069191,0.0008822221606,1.5,473.0,550.0,758.89624,0.51200515,91.070114,899.96106,141.06482,-0.37733155,-0.8893367,-18.879974,-109.95009
1.5-473-550,0.4367346939,0.8734693878,0.9337895728803226,-0.000839654004,1.5,473.0,550.0,671.511,1.3510993,243.26344,636.2613,-35.249695,1.0236796,-0.32741964,397.28214,154.01869
1.5-473-550,0.3614457832,0.7228915664,0.9993254186825348,-0.0008985831642,1.5,473.0,550.0,1130.5619,0.025267357,46.31729,1157.14,26.578125,-0.91468984,-0.9399572,50.031494,3.714203
1.5-473-550,0.4632653061,0.9265306122,0.9915009044774012,-0.0008915474413,1.5,473.0,550.0,660.1422,0.45633903,350.10068,597.2867,-62.85553,-0.20093113,-0.6572702,413.7061,63.605408
1.5-473-550,0.3614457832,0.7228915664,0.7525573838264147,-0.0006766918789,1.5,473.0,550.0,659.13055,2.032643,345.979,666.3921,7.2615356,2.087856,0.055212975,350.94217,4.9631653
1.5-473-550,0.02040816324,0.04081632648,0.5396442233296441,0.0004852425493,1.5,473.0,550.0,473.00003,1.1219574,649.85333,461.1971,-11.8029175,1.0625808,-0.059376597,632.2166,-17.636719
1.5-473-550,0.01836734691,0.03673469382,0.9965972946963587,-0.0008961300631,1.5,473.0,550.0,473.00003,0.030973488,649.85333,460.31903,-12.681,-0.074228294,-0.10520178,646.88324,-2.9700928
1.5-473-550,0.1469879518,0.2939759036,0.8705746216627653,0.0007828117684,1.5,473.0,550.0,522.8865,0.9319293,598.56024,481.1417,-41.74478,0.87421054,-0.057718754,650.0549,51.49463
1.5-473-550,0.2578313253,0.5156626506,0.9973789933391554,0.0008968329585,1.5,473.0,550.0,1211.0167,0.0726211,42.60077,1332.6428,121.6261,-0.6051721,-0.6777932,47.61728,5.01651
1.5-473-550,0.3602409639,0.7204819278,0.8902853187445975,0.000800535425,1.5,473.0,550.0,803.0421,1.9764187,79.37915,748.3643,-54.677795,2.086239,0.109820366,168.38564,89.006485
1.5-473-550,0.04081632652,0.08163265304,0.6021818746711394,0.0005414757638,1.5,473.0,550.0,473.00003,1.0570992,649.85333,462.0048,-10.995239,1.042129,-0.014970183,630.09924,-19.75409
1.5-473-550,0.4387755102,0.8775510204,0.03282169734692774,-2.951293353e-05,1.5,473.0,550.0,642.6025,2.0520809,412.372,614.19305,-28.409424,2.1712925,0.119211674,436.1576,23.785583
1.5-473-550,0.06938775512,0.13877551024,0.9872047710533666,0.0008876844022,1.5,473.0,550.0,473.00003,0.1324572,649.85333,481.88715,8.8871155,-0.06499881,-0.197456,616.5663,-33.28705
1.5-473-550,0.2204819277,0.4409638554,0.9337895728803226,-0.000839654004,1.5,473.0,550.0,979.2492,1.2578655,56.268097,928.56744,-50.681763,0.7622094,-0.49565613,137.7621,81.494
1.5-473-550,0.1060240963,0.2120481926,0.9895407848051817,-0.0008897849218,1.5,473.0,550.0,593.47406,0.25289345,502.77612,570.5777,-22.896362,-0.25808603,-0.5109795,392.83432,-109.9418
1.5-473-550,0.1831325301,0.3662650602,0.9872047710533666,-0.0008876844022,1.5,473.0,550.0,976.00305,0.29271358,56.40338,1124.1696,148.1665,-0.49956733,-0.7922809,-7.9959707,-64.39935
1.5-473-550,0.2409638554,0.4819277108,0.9726063657286781,0.0008745576659,1.5,473.0,550.0,1127.1202,0.69794786,46.50299,1269.5349,142.41467,-0.2757339,-0.97368175,65.70233,19.19934
1.5-473-550,0.156626506,0.313253012,0.8705746216627653,0.0007828117684,1.5,473.0,550.0,533.4177,0.96099204,586.84955,489.87805,-43.539673,0.88562685,-0.075365186,648.1903,61.34076
1.5-473-550,0.2373493976,0.4746987952,0.9999999997775775,-0.0008991897406,1.5,473.0,550.0,1261.8448,-5.322157e-09,40.606995,1324.203,62.358154,-0.62676996,-0.62676996,37.0791,-3.527893
1.5-473-550,0.1036144578,0.2072289156,0.9945113832197316,-0.0008942544329,1.5,473.0,550.0,612.4072,0.13572872,473.41766,582.8037,-29.603516,-0.34656602,-0.48229474,348.80524,-124.61243
1.5-473-550,0.1710843373,0.3421686746,0.9993254186825348,-0.0008985831642,1.5,473.0,550.0,958.929,0.015009159,57.8808,1110.098,151.169,-0.64305407,-0.65806323,-32.381012,-90.26181
1.5-473-550,0.4857142857,0.9714285714,0.9872047710533666,-0.0008876844022,1.5,473.0,550.0,657.7645,0.6413325,360.59467,571.1575,-86.607056,0.010846788,-0.6304857,450.0107,89.416046
1.5-473-550,0.4326530612,0.8653061224,0.9895407848051817,-0.0008897849218,1.5,473.0,550.0,679.0838,0.6413872,179.62955,667.0704,-12.013428,-0.46696442,-1.1083517,328.5258,148.89624
1.5-473-550,0.4408163265,0.881632653,0.993141646395439,-0.0008930227796,1.5,473.0,550.0,669.02936,0.42669547,265.78207,649.06213,-19.967224,-0.4642002,-0.89089566,348.307,82.52493
1.5-473-550,0.2602409639,0.5204819278,0.9772248215579286,0.000878710534,1.5,473.0,550.0,1113.9866,0.6317359,47.20288,1297.4886,183.50208,-0.34696406,-0.9787,68.18494,20.982056
1.5-473-550,0.4591836735,0.918367347,0.9215172744995802,-0.0008286188792,1.5,473.0,550.0,660.5415,1.3349892,346.4254,619.7749,-40.7666,1.0531319,-0.28185725,418.4659,72.0405
1.5-473-550,0.04489795918,0.08979591836,0.8902853188558087,-0.0008005354251,1.5,473.0,550.0,473.00003,0.7242491,649.85333,446.64185,-26.358185,0.6617458,-0.06250334,655.3301,5.4767456
1.5-473-550,0.1879518072,0.3759036144,0.3542741439827602,-0.0003185596757,1.5,473.0,550.0,505.95905,1.187877,616.97943,495.26886,-10.690186,1.1045218,-0.08335531,642.0571,25.077698
1.5-473-550,0.2337349397,0.4674698794,0.9915009044774012,-0.0008915474413,1.5,473.0,550.0,1238.6426,0.2149598,41.480133,1305.4539,66.81128,-0.53775054,-0.75271034,41.837433,0.3572998
1.5-473-550,0.3,0.6,0.9671530515086588,-0.0008696541017,1.5,473.0,550.0,1021.8186,0.9964834,52.89142,1252.9952,231.17664,-0.16500753,-1.1614909,81.30852,28.417099
1.5-473-550,0.1879518072,0.3759036144,0.5396442233296441,0.0004852425493,1.5,473.0,550.0,513.09784,1.174052,609.44525,495.26038,-17.837463,1.0915107,-0.08254135,641.3563,31.911072
1.5-473-550,0.1590361445,0.318072289,0.7892004020960466,0.000709640905,1.5,473.0,550.0,517.9086,1.0183654,604.0956,486.07974,-31.828888,0.99462277,-0.023742616,642.3011,38.205505
1.5-473-550,0.4040816326,0.8081632652,0.960723235489121,-0.0008638724771,1.5,473.0,550.0,831.3571,1.6309259,73.857544,699.2176,-132.13953,0.32362598,-1.3072999,301.4932,227.63565
1.5-473-550,0.08163265309,0.16326530618,0.9671530515086588,0.0008696541017,1.5,473.0,550.0,473.00003,0.34295297,649.85333,470.02374,-2.9762878,0.17819256,-0.16476041,650.02625,0.1729126
1.5-473-550,0.4265306122,0.8530612244,0.6021818746711394,-0.0005414757638,1.5,473.0,550.0,655.6865,2.218449,368.98346,659.1553,3.46875,2.1305606,-0.08788848,367.79776,-1.1856995
1.5-473-550,0.2518072289,0.5036144578,0.8705746216627653,0.0007828117684,1.5,473.0,550.0,712.6871,1.5892614,127.17322,683.54956,-29.137512,1.3585203,-0.23074114,377.01334,249.84012
1.5-473-550,0.1072289156,0.2144578312,0.9872047710533666,-0.0008876844022,1.5,473.0,550.0,583.7735,0.30189443,516.0601,565.2068,-18.566711,-0.21589917,-0.5177936,412.62842,-103.4317
1.5-473-550,0.126506024,0.253012048,0.9772248215579286,-0.000878710534,1.5,473.0,550.0,586.8999,0.57887614,512.2637,602.8278,15.9279175,-0.105191655,-0.6840678,327.3744,-184.88928
1.5-473-550,0.1506024096,0.3012048192,0.3542741439827602,-0.0003185596757,1.5,473.0,550.0,489.87006,1.0944283,633.26154,484.674,-5.196045,1.0818591,-0.012569189,638.9997,5.738159
1.5-473-550,0.3265060241,0.6530120482,0.9215172744995802,-0.0008286188792,1.5,473.0,550.0,865.43475,1.670821,68.42856,876.86725,11.432495,1.6099278,-0.060893178,96.9635,28.534943
1.5-473-550,0.4,0.8,0.960748093980033,-0.0008638948296,1.5,473.0,550.0,909.20544,1.6585797,62.918762,720.2553,-188.95013,0.29645598,-1.3621237,279.35596,216.4372
1.5-473-550,0.1012048192,0.2024096384,0.3542741439827602,-0.0003185596757,1.5,473.0,550.0,473.00018,1.1408259,649.85315,475.42432,2.4241333,1.0864223,-0.054403543,633.97797,-15.875183
1.5-473-550,0.3963855422,0.7927710844,0.9993254186825348,0.0008985831642,1.5,473.0,550.0,1094.7407,0.032663938,48.253754,955.3462,-139.39453,-1.0259416,-1.0586056,107.04805,58.794296
1.5-473-550,0.2168674698,0.4337349396,0.9998257452316341,-0.0008990330527,1.5,473.0,550.0,1292.9911,0.0024446792,39.923004,1292.8008,-0.19030762,-0.62861603,-0.6310607,23.36258,-16.560425
1.5-473-550,0.1240963855,0.248192771,0.7525573838264147,0.0006766918789,1.5,473.0,550.0,488.5233,0.9622512,634.62445,470.8337,-17.689575,1.0001402,0.037889004,636.3687,1.7442627
1.5-473-550,0.08571428574,0.17142857148,0.8206166047262803,-0.0007378900321,1.5,473.0,550.0,473.00003,0.87556595,649.85333,457.5421,-15.457916,0.8960271,0.020461142,640.6204,-9.23291
1.5-473-550,0.1578313253,0.3156626506,0.4163512323516047,-0.0003743787567,1.5,473.0,550.0,494.45148,1.0994095,628.6251,485.87686,-8.5746155,1.0796976,-0.019711852,638.79144,10.166321
1.5-473-550,0.1445783132,0.2891566264,0.9999999997775775,-0.0008991897406,1.5,473.0,550.0,815.66815,-5.322157e-09,76.78386,912.1013,96.43317,-0.6392731,-0.6392731,-55.816895,-132.60075
1.5-473-550,0.1493975903,0.2987951806,0.9442484491033019,0.0008490585182,1.5,473.0,550.0,568.8501,0.8277307,541.56134,536.9468,-31.90332,0.51437587,-0.31335485,567.31146,25.750122
1.5-473-550,0.4326530612,0.8653061224,0.7525573838264147,-0.0006766918789,1.5,473.0,550.0,666.93115,1.9309218,285.71698,674.7969,7.8657227,2.0195332,0.088611364,326.39432,40.677338
1.5-473-550,0.191566265,0.38313253,0.9811301448069191,0.0008822221606,1.5,473.0,550.0,1027.6085,0.43330824,52.47107,1142.1073,114.49878,-0.41428322,-0.84759146,8.854249,-43.61682
1.5-473-550,0.1072289156,0.2144578312,0.9973789933391554,0.0008968329585,1.5,473.0,550.0,650.1048,0.095014445,390.28766,613.9308,-36.17401,-0.4297591,-0.52477354,257.2011,-133.08655
1.5-473-550,0.04489795918,0.08979591836,0.9726063657286781,0.0008745576659,1.5,473.0,550.0,473.00003,0.27964276,649.85333,456.19342,-16.80661,0.13777274,-0.14187002,658.15796,8.304626
1.5-473-550,0.2156626506,0.4313253012,0.8705746216627653,-0.0007828117684,1.5,473.0,550.0,664.8063,1.3948302,269.28036,602.47095,-62.335327,1.0715271,-0.3233031,532.8845,263.60416
1.5-473-550,0.2337349398,0.4674698796,0.4163512326852384,0.000374378757,1.5,473.0,550.0,522.8001,1.3552938,598.6563,515.17676,-7.623352,1.206496,-0.14879775,634.73926,36.082947
1.5-473-550,0.4469387755,0.893877551,0.9985491866279087,-0.0008978851843,1.5,473.0,550.0,665.19336,0.080342345,302.2276,644.77826,-20.4151,-0.52740234,-0.6077447,352.46835,50.240753
1.5-473-550,0.4408163265,0.881632653,0.9999999997775775,0.0008991897406,1.5,473.0,550.0,669.06525,-5.322157e-09,265.4411,670.37177,1.3065186,-0.63909644,-0.63909644,323.84442,58.40332
1.5-473-550,0.3746987952,0.7493975904,0.9915009044774012,0.0008915474413,1.5,473.0,550.0,1080.1138,0.3862489,49.104065,1070.8307,-9.283081,-0.8676974,-1.2539463,65.09616,15.992096
1.5-473-550,0.2843373494,0.5686746988,0.8206166047262803,-0.0007378900321,1.5,473.0,550.0,660.9836,1.6871148,323.04416,645.48083,-15.502747,1.6203132,-0.06680167,408.83084,85.78668
1.5-473-550,0.2108433734,0.4216867468,0.9872047710533666,0.0008876844022,1.5,473.0,550.0,1243.4893,0.30845952,41.288055,1246.8721,3.3828125,-0.49326783,-0.80172735,26.99762,-14.290436
1.5-473-550,0.1927710843,0.3855421686,0.9895407848051817,-0.0008897849218,1.5,473.0,550.0,1091.6136,0.2441765,48.44034,1186.0703,94.456665,-0.5273462,-0.7715227,3.8175669,-44.622772
1.5-473-550,0.1144578313,0.2289156626,0.09831793589120096,8.840647929e-05,1.5,473.0,550.0,473.6481,1.130431,649.24194,480.22458,6.576477,1.1030264,-0.027404666,645.278,-3.9639282
1.5-473-550,0.2156626506,0.4313253012,0.22784103821928303,0.0002048723241,1.5,473.0,550.0,512.66077,1.3100692,609.9312,505.4526,-7.2081604,1.1646503,-0.14541888,639.5354,29.604187
1.5-473-550,0.3180722892,0.6361445784,0.9772248215579286,-0.000878710534,1.5,473.0,550.0,1059.0256,0.76975524,50.391235,1249.4642,190.4386,-0.39721495,-1.1669703,66.95969,16.56845
1.5-473-550,0.2927710844,0.5855421688,0.7892004020960466,0.000709640905,1.5,473.0,550.0,649.4052,1.7076935,390.2067,628.78107,-20.624146,1.6835622,-0.024131298,439.8399,49.63321
1.5-473-550,0.3590361446,0.7180722892,0.9531521909241071,0.0008570646715,1.5,473.0,550.0,927.69794,1.4904372,60.902283,985.63153,57.933594,0.5079135,-0.9825237,95.93227,35.029984
1.5-473-550,0.07959183676,0.15918367352,0.16340484097302546,-0.0001469319566,1.5,473.0,550.0,473.00003,1.1807365,649.85333,474.73834,1.7383118,1.1099346,-0.07080197,641.82227,-8.031067
1.5-473-550,0.191566265,0.38313253,0.9996041061370615,-0.0008988337571,1.5,473.0,550.0,1122.9935,0.007874602,46.721466,1216.1702,93.176636,-0.6369639,-0.6448385,-3.488555,-50.210022
1.5-473-550,0.1445783132,0.2891566264,0.09831793589120096,8.840647929e-05,1.5,473.0,550.0,484.76013,1.1041603,638.43274,485.50418,0.7440491,1.1017528,-0.0024075508,645.7224,7.289673
1.5-473-550,0.04897959184,0.09795918368,0.8902853188558087,-0.0008005354251,1.5,473.0,550.0,473.00003,0.72924054,649.85333,447.01865,-25.981384,0.6679894,-0.061251163,655.2711,5.4177856
1.5-473-550,0.1771084337,0.3542168674,0.9811301448069191,0.0008822221606,1.5,473.0,550.0,888.6848,0.42876348,65.24054,1046.6904,158.00562,-0.40806526,-0.8368287,-10.4504385,-75.69098
1.5-473-550,0.1843373494,0.3686746988,0.9999999997775775,0.0008991897406,1.5,473.0,550.0,1055.9906,-5.322157e-09,50.615845,1185.6885,129.69788,-0.6442848,-0.6442848,-13.44049,-64.056335
1.5-473-550,0.1192771084,0.2385542168,0.9965972946963587,-0.0008961300631,1.5,473.0,550.0,684.4284,0.1962713,156.39076,679.5303,-4.8981323,-0.49014217,-0.68641347,107.90329,-48.487473
1.5-473-550,0.2493975904,0.4987951808,0.3542741437603377,0.0003185596755,1.5,473.0,550.0,524.7039,1.3982377,596.53925,522.0095,-2.694397,1.271829,-0.1264087,627.3641,30.82483
1.5-473-550,0.2048192771,0.4096385542,0.9895407848051817,0.0008897849218,1.5,473.0,550.0,1200.0205,0.25873673,43.068115,1234.54,34.51953,-0.5234733,-0.78221005,18.70288,-24.365234
1.5-473-550,0.2626506024,0.5253012048,0.7892004020960466,0.000709640905,1.5,473.0,550.0,635.64966,1.5740448,428.03052,599.6476,-36.002075,1.4101956,-0.16384923,512.50653,84.47601
1.5-473-550,0.2469879518,0.4939759036,0.9215172744995802,-0.0008286188792,1.5,473.0,550.0,880.5331,1.4388368,66.50412,920.4923,39.95923,1.0856128,-0.35322404,157.32802,90.8239
1.5-473-550,0.1891566265,0.378313253,0.9442484491033019,0.0008490585182,1.5,473.0,550.0,757.32794,0.9924702,94.60631,788.0111,30.683167,0.53140604,-0.46106416,152.22037,57.61406
1.5-473-550,0.1168674698,0.2337349396,0.16340484119544796,0.0001469319568,1.5,473.0,550.0,474.2782,1.1194115,648.6476,479.94778,5.669586,1.0967927,-0.02261877,642.43024,-6.217346
1.5-473-550,0.08367346941,0.16734693882,0.16340484119544796,0.0001469319568,1.5,473.0,550.0,473.00003,1.1805824,649.85333,475.24994,2.2499084,1.1081433,-0.072439075,641.79443,-8.058899
1.5-473-550,0.01224489793,0.02448979586,0.9973789934503665,-0.0008968329586,1.5,473.0,550.0,473.00003,0.023499185,649.85333,459.01276,-13.987274,-0.07244743,-0.09594661,648.76807,-1.0852661
1.5-473-550,0.3542168675,0.708433735,0.16340484097302546,-0.0001469319566,1.5,473.0,550.0,584.4461,1.8000978,515.16895,576.1102,-8.335876,1.8373538,0.037256002,523.4412,8.272278
1.5-473-550,0.2012048193,0.4024096386,0.9811301448069191,0.0008822221606,1.5,473.0,550.0,1146.5444,0.43321517,45.529358,1190.0055,43.46106,-0.41431516,-0.84753036,21.374756,-24.154602
1.5-473-550,0.3253012049,0.6506024098,0.8206166047262803,-0.0007378900321,1.5,473.0,550.0,680.57465,1.8774322,209.43767,675.4239,-5.150757,1.9664415,0.089009285,321.26318,111.825516
1.5-473-550,0.3349397591,0.6698795182,0.9215172744995802,0.0008286188792,1.5,473.0,550.0,863.31757,1.7029734,68.72217,855.9193,-7.3982544,1.7010905,-0.0018829107,95.373505,26.651337
1.5-473-550,0.1506024096,0.3012048192,0.16340484097302546,-0.0001469319566,1.5,473.0,550.0,487.67355,1.1073265,635.4844,486.23477,-1.4387817,1.0965161,-0.010810375,643.81903,8.334656
1.5-473-550,0.2385542169,0.4771084338,0.22784103821928303,0.0002048723241,1.5,473.0,550.0,518.4535,1.365828,603.48975,515.0135,-3.4400024,1.2326715,-0.13315654,632.4248,28.935059
1.5-473-550,0.2686746988,0.5373493976,0.9985491866279087,0.0008978851843,1.5,473.0,550.0,1205.7085,0.040398594,42.826385,1334.28,128.57153,-0.6253267,-0.6657253,49.397247,6.570862
1.5-473-550,0.330120482,0.660240964,0.8902853188558087,-0.0008005354251,1.5,473.0,550.0,802.6432,1.832048,79.55083,755.5011,-47.14209,1.9619862,0.12993813,160.0607,80.50987
1.5-473-550,0.148192771,0.296385542,0.9998257452316341,-0.0008990330527,1.5,473.0,550.0,831.53644,0.00331294,73.57378,941.9438,110.40735,-0.6421929,-0.64550585,-56.22116,-129.79494
1.5-473-550,0.1831325301,0.3662650602,0.9985491866279087,-0.0008978851843,1.5,473.0,550.0,1039.6868,0.032780048,51.642944,1174.4507,134.76392,-0.63045543,-0.6632355,-14.516509,-66.159454
1.5-473-550,0.3686746989,0.7373493978,0.8902853188558087,-0.0008005354251,1.5,473.0,550.0,804.6324,2.0220547,79.00624,744.38586,-60.24652,2.0686688,0.04661417,181.04584,102.0396
1.5-473-550,0.256626506,0.513253012,0.22784103821928303,0.0002048723241,1.5,473.0,550.0,522.7458,1.4133536,598.71674,523.39984,0.65405273,1.3055643,-0.10778928,623.2575,24.540771
1.5-473-550,0.2807228916,0.5614457832,0.999825745120423,0.0008990330526,1.5,473.0,550.0,1198.3507,0.0029850549,43.1391,1331.1788,132.82812,-0.6533503,-0.65633535,50.229095,7.0899963
1.5-473-550,0.351807229,0.703614458,0.9726063657286781,0.0008745576659,1.5,473.0,550.0,1006.3233,1.030583,53.99228,1132.0023,125.679016,-0.37817258,-1.4087555,64.229706,10.237427
1.5-473-550,0.1722891566,0.3445783132,0.9337895728803226,0.000839654004,1.5,473.0,550.0,609.37573,0.9449589,478.0521,583.2318,-26.14392,0.71096194,-0.23399699,483.405,5.3529053
1.5-473-550,0.3493975904,0.6987951808,0.47796385156444166,0.0004297801918,1.5,473.0,550.0,608.92975,1.844548,479.10632,597.3008,-11.628967,1.8975301,0.052982092,490.48813,11.381805
1.5-473-550,0.3132530121,0.6265060242,0.16340484119544796,0.0001469319568,1.5,473.0,550.0,545.20245,1.5845116,573.2663,551.57916,6.376709,1.6056504,0.021138787,573.93286,0.66656494
1.5-473-550,0.01224489793,0.02448979586,0.9996041061370615,-0.0008988337571,1.5,473.0,550.0,473.00003,0.002917344,649.85333,460.11246,-12.887573,-0.0941102,-0.09702754,646.7215,-3.131836
1.5-473-550,0.1397590361,0.2795180722,0.6021818746711394,-0.0005414757638,1.5,473.0,550.0,490.9755,1.0404154,632.1428,478.70685,-12.268646,1.0587255,0.01831007,634.42126,2.2784424
1.5-473-550,0.1771084337,0.3542168674,0.998978267368595,0.0008982710093,1.5,473.0,550.0,997.9242,0.02280205,54.6463,1144.2784,146.35425,-0.63737017,-0.6601722,-23.419464,-78.065765
1.5-473-550,0.113253012,0.226506024,0.47796385156444166,0.0004297801918,1.5,473.0,550.0,474.90533,1.070878,648.05597,475.541,0.63565063,1.072997,0.0021189451,631.5486,-16.507385
1.5-473-550,0.1084337349,0.2168674698,0.9844268823757469,0.0008851865532,1.5,473.0,550.0,572.6155,0.35255253,536.0063,558.02924,-14.586243,-0.16385823,-0.51641077,438.3222,-97.68408
1.5-473-550,0.1554216867,0.3108433734,0.9993254186825348,-0.0008985831642,1.5,473.0,550.0,863.0785,0.01832133,68.625275,998.242,135.16351,-0.64245325,-0.6607746,-51.936493,-120.56177
1.5-473-550,0.1168674698,0.2337349396,0.9999999997775775,-0.0008991897406,1.5,473.0,550.0,704.4953,-5.322157e-09,122.80116,685.7451,-18.750183,-0.53950626,-0.53950626,92.80937,-29.99179
1.5-473-550,0.1,0.2,0.9945146915314984,0.0008942574077,1.5,473.0,550.0,526.637,0.07909208,591.08673,567.84045,41.20343,-0.32264477,-0.40173686,391.65036,-199.43637
1.5-473-550,0.3481927711,0.6963855422,0.9980223152919674,0.000897411427,1.5,473.0,550.0,1137.4558,0.07540297,45.977448,1205.6106,68.154785,-0.8372707,-0.91267365,48.105896,2.1284485
1.5-473-550,0.2445783133,0.4891566266,0.9215172744995802,-0.0008286188792,1.5,473.0,550.0,882.9539,1.4290138,66.2081,913.4249,30.471008,1.0820451,-0.34696877,160.35783,94.149734
1.5-473-550,0.1759036144,0.3518072288,0.8902853187445975,0.000800535425,1.5,473.0,550.0,570.3199,1.0196716,538.5193,521.0565,-49.263367,0.8782596,-0.14141196,631.1715,92.65222
1.5-473-550,0.113253012,0.226506024,0.9996041061370615,-0.0008988337571,1.5,473.0,550.0,688.30164,0.021696324,146.04816,660.1501,-28.15155,-0.51153904,-0.5332354,142.37886,-3.6692963
1.5-473-550,0.4755102041,0.9510204082,0.8206166047262803,0.0007378900321,1.5,473.0,550.0,657.9826,1.5777435,359.7143,642.84796,-15.134644,1.6180803,0.040336728,364.6535,4.939209
1.5-473-550,0.3638554217,0.7277108434,0.9215172744995802,0.0008286188792,1.5,473.0,550.0,854.6128,1.840952,69.935486,789.2421,-65.37067,1.8639675,0.0230155,132.23222,62.296738
1.5-473-550,0.1337349397,0.2674698794,0.9945113832197316,-0.0008942544329,1.5,473.0,550.0,726.6798,0.23807341,105.20558,773.5112,46.83142,-0.52537555,-0.76344895,-3.18991,-108.39549
1.5-473-550,0.3313253012,0.6626506024,0.9726063657286781,-0.0008745576659,1.5,473.0,550.0,1024.7253,0.9492101,52.678894,1206.1189,181.39355,-0.32398444,-1.2731946,67.34747,14.668579
1.5-473-550,0.4285714286,0.8571428572,0.3542741437603377,0.0003185596755,1.5,473.0,550.0,644.2976,2.1791465,407.69003,634.7389,-9.558716,2.1487904,-0.030356169,413.68167,5.991638
1.5-473-550,0.2397590361,0.4795180722,0.5396442233296441,0.0004852425493,1.5,473.0,550.0,533.6102,1.3798742,586.63544,522.9459,-10.664307,1.2334203,-0.14645398,629.61664,42.9812
1.5-473-550,0.3578313253,0.7156626506,0.16340484097302546,-0.0001469319566,1.5,473.0,550.0,588.09265,1.8235738,510.33148,578.3611,-9.731567,1.8564866,0.03291273,518.7623,8.430847
1.5-473-550,0.2120481927,0.4240963854,0.9772248215579286,-0.000878710534,1.5,473.0,550.0,1200.6746,0.540925,43.042328,1216.899,16.224487,-0.35485953,-0.89578456,37.590363,-5.4519653
1.5-473-550,0.1903614457,0.3807228914,0.9985491866279087,-0.0008978851843,1.5,473.0,550.0,1105.8009,0.034090813,47.63806,1207.7814,101.98047,-0.62713975,-0.66123056,-4.5613394,-52.1994
1.5-473-550,0.3265060241,0.6530120482,0.9973789934503665,-0.0008968329586,1.5,473.0,550.0,1152.7345,0.09184968,45.224213,1265.4019,112.66736,-0.7408487,-0.8326984,50.133698,4.909485
1.5-473-550,0.213253012,0.426506024,0.9915009044774012,-0.0008915474413,1.5,473.0,550.0,1261.9321,0.21108627,40.58969,1265.547,3.6148682,-0.54319817,-0.75428444,25.988739,-14.600952
1.5-473-550,0.1506024096,0.3012048192,0.998978267368595,0.0008982710093,1.5,473.0,550.0,837.0376,0.031053597,72.69075,956.34357,119.30597,-0.6346137,-0.6656673,-54.561707,-127.25246
1.5-473-550,0.4428571429,0.8857142858,0.09831793589120096,8.840647929e-05,1.5,473.0,550.0,643.8998,2.038857,408.78882,620.8789,-23.020874,2.1808794,0.14202237,427.5785,18.789673
1.5-473-550,0.1903614457,0.3807228914,0.9956514833048237,0.0008952795992,1.5,473.0,550.0,1091.3733,0.10538655,48.449493,1197.9027,106.52942,-0.5973714,-0.70275795,-3.089141,-51.538635
1.5-473-550,0.1975903614,0.3951807228,0.03282169734692774,-2.951293353e-05,1.5,473.0,550.0,505.31586,1.240829,617.6304,499.5421,-5.7737427,1.1554565,-0.08537245,643.5955,25.965149
1.5-473-550,0.365060241,0.730120482,0.9985491866279087,-0.0008978851843,1.5,473.0,550.0,1123.9254,0.05935132,46.669586,1139.4407,15.515259,-0.92207307,-0.9814244,52.029297,5.3597107
1.5-473-550,0.308433735,0.61686747,0.8902853188558087,-0.0008005354251,1.5,473.0,550.0,799.3681,1.7535154,80.39458,765.2849,-34.08319,1.7873043,0.03378892,176.99146,96.59688
1.5-473-550,0.2506024096,0.5012048192,0.9337895728803226,0.000839654004,1.5,473.0,550.0,922.4351,1.3606447,61.515533,1052.2053,129.7702,0.72526383,-0.63538086,122.536285,61.020752
1.5-473-550,0.4510204082,0.9020408164,0.9956514833048237,-0.0008952795992,1.5,473.0,550.0,663.414,0.2443695,319.13373,626.6899,-36.72412,-0.41039735,-0.65476686,374.5543,55.420563
1.5-473-550,0.3746987952,0.7493975904,0.9071317792997667,0.0008156835895,1.5,473.0,550.0,829.5293,1.9899943,74.09894,751.9847,-77.54462,1.9541699,-0.035824418,176.94684,102.8479
1.5-473-550,0.3686746989,0.7373493978,0.8705746216627653,-0.0007828117684,1.5,473.0,550.0,775.1302,2.080232,86.41116,730.6165,-44.51367,2.113888,0.03365612,208.67876,122.26759
1.5-473-550,0.0897959184,0.1795918368,0.9071317792997667,-0.0008156835895,1.5,473.0,550.0,473.00003,0.6902879,649.85333,453.1111,-19.888916,0.66222686,-0.028061032,661.1705,11.317139
1.5-473-550,0.3240963856,0.6481927712,0.22784103821928303,0.0002048723241,1.5,473.0,550.0,558.8865,1.6417246,555.655,560.5891,1.7026367,1.6779776,0.036252975,558.1045,2.449463
1.5-473-550,0.02040816324,0.04081632648,0.9872047710533666,-0.0008876844022,1.5,473.0,550.0,473.00003,0.119661026,649.85333,456.36157,-16.638458,0.014892096,-0.10476893,654.0541,4.2007446
1.5-473-550,0.4530612245,0.906122449,0.9844268823757469,-0.0008851865532,1.5,473.0,550.0,662.6044,0.7431246,326.8259,604.47375,-58.130615,-0.116363116,-0.8594877,406.8361,80.01019
1.5-473-550,0.09591836738,0.19183673476,0.9442484491033019,0.0008490585182,1.5,473.0,550.0,473.00003,0.5217832,649.85333,462.35767,-10.6423645,0.42504412,-0.096739054,666.5527,16.69934
1.5-473-550,0.4102040816,0.8204081632,0.9872047710533666,-0.0008876844022,1.5,473.0,550.0,771.30255,0.84736514,87.214554,783.5741,12.271545,-0.6893591,-1.5367243,218.65024,131.43568
1.5-473-550,0.2807228916,0.5614457832,0.9671530515086588,-0.0008696541017,1.5,473.0,550.0,1039.018,0.9361789,51.692963,1269.4697,230.45178,-0.16703433,-1.1032133,83.144424,31.451462
1.5-473-550,0.213253012,0.426506024,0.7525573838264147,-0.0006766918789,1.5,473.0,550.0,555.4361,1.3011738,560.15515,527.60785,-27.828247,1.1009077,-0.20026612,623.21344,63.05829
1.5-473-550,0.3686746989,0.7373493978,0.9811301446957078,-0.0008822221605,1.5,473.0,550.0,1032.382,0.80503535,52.13626,1072.2555,39.873535,-0.6528192,-1.4578545,66.87576,14.739502
1.5-473-550,0.3445783133,0.6891566266,0.9872047710533666,-0.0008876844022,1.5,473.0,550.0,1087.3245,0.49262115,48.684875,1198.324,110.99951,-0.664547,-1.1571681,53.699615,5.01474
1.5-473-550,0.2686746988,0.5373493976,0.960723235489121,-0.0008638724771,1.5,473.0,550.0,1022.641,1.0312784,52.840027,1249.3928,226.75183,-0.035745744,-1.0670241,90.075,37.23497
1.5-473-550,0.4877551021,0.9755102042,0.960723235489121,-0.0008638724771,1.5,473.0,550.0,657.6491,1.1214504,361.0606,570.6367,-87.01239,0.4343163,-0.68713415,462.3567,101.29608
1.5-473-550,0.2927710844,0.5855421688,0.9973789933391554,-0.0008968329585,1.5,473.0,550.0,1177.2898,0.081836335,44.075287,1318.9158,141.62598,-0.6468646,-0.72870094,52.808167,8.73288
1.5-473-550,0.02040816324,0.04081632648,0.8206166047262803,-0.0007378900321,1.5,473.0,550.0,473.00003,0.8531208,649.85333,449.05524,-23.944794,0.8160915,-0.037029326,644.8663,-4.9870605
1.5-473-550,0.191566265,0.38313253,0.03282169734692774,-2.951293353e-05,1.5,473.0,550.0,503.25122,1.2130659,619.7198,497.6983,-5.5529175,1.1460841,-0.06698179,644.57544,24.855652
1.5-473-550,0.2457831325,0.491566265,0.16340484119544796,0.0001469319568,1.5,473.0,550.0,519.1049,1.3843592,602.7653,517.6985,-1.4064331,1.2648596,-0.11949968,628.88635,26.121033
1.5-473-550,0.05306122449,0.10612244898,0.03282169735804886,2.951293354e-05,1.5,473.0,550.0,473.00003,1.2176892,649.85333,473.70493,0.704895,1.1356993,-0.081989884,650.52325,0.6699219
1.5-473-550,0.3662650603,0.7325301206,0.03282169735804886,2.951293354e-05,1.5,473.0,550.0,593.0923,1.8711175,503.32925,576.5561,-16.536194,1.8858541,0.014736652,515.92706,12.597809
1.5-473-550,0.1192771084,0.2385542168,0.16340484119544796,0.0001469319568,1.5,473.0,550.0,474.94507,1.1138607,648.0185,480.33667,5.3916016,1.0962932,-0.017567515,642.52295,-5.4955444
1.5-473-550,0.06530612246,0.13061224492,0.47796385156444166,0.0004297801918,1.5,473.0,550.0,473.00003,1.113794,649.85333,468.31705,-4.6829834,1.0790418,-0.03475213,629.628,-20.225342
1.5-473-550,0.2542168675,0.508433735,0.8902853188558087,-0.0008005354251,1.5,473.0,550.0,777.0292,1.5844755,86.87999,742.6,-34.4292,1.3895802,-0.19489527,284.71225,197.83226
1.5-473-550,0.03265306121,0.06530612242,0.993141646395439,0.0008930227796,1.5,473.0,550.0,473.00003,0.06594693,649.85333,463.2441,-9.75592,-0.06189585,-0.12784278,643.394,-6.4593506
1.5-473-550,0.2855421687,0.5710843374,0.9215172744995802,-0.0008286188792,1.5,473.0,550.0,870.64813,1.5407182,67.72882,952.2286,81.580444,1.2302631,-0.31045508,124.28346,56.55464
1.5-473-550,0.126506024,0.253012048,0.29146971579860803,-0.0002620865782,1.5,473.0,550.0,478.3045,1.0911589,644.8494,480.33975,2.0352478,1.0855879,-0.0055710077,638.1499,-6.699524
1.5-473-550,0.2686746988,0.5373493976,0.9772248215579286,-0.000878710534,1.5,473.0,550.0,1104.5966,0.64831203,47.707733,1298.6412,194.04468,-0.3478729,-0.99618495,70.142426,22.434692
1.5-473-550,0.2289156626,0.4578313252,0.9996041061370615,-0.0008988337571,1.5,473.0,550.0,1284.5854,0.007975871,39.923004,1313.3987,28.813232,-0.62356824,-0.6315441,32.416534,-7.5064697
1.5-473-550,0.4163265306,0.8326530612,0.8475322498919685,0.0007620923041,1.5,473.0,550.0,703.62665,2.1347613,123.13127,691.507,-12.119629,1.9023312,-0.2324301,293.82205,170.69078
1.5-473-550,0.3891566266,0.7783132532,0.9999999997775775,-0.0008991897406,1.5,473.0,550.0,1106.7861,-5.322157e-09,47.610535,1008.41656,-98.36957,-1.0298147,-1.0298147,84.08055,36.470016
1.5-473-550,0.3204819277,0.6409638554,0.9844268823757469,-0.0008851865532,1.5,473.0,550.0,1094.3768,0.5388809,48.274902,1258.7335,164.35669,-0.5337909,-1.0726718,60.121185,11.846283
1.5-473-550,0.2397590361,0.4795180722,0.9844268823757469,-0.0008851865532,1.5,473.0,550.0,1189.2277,0.40140265,43.53076,1298.5234,109.29578,-0.4507354,-0.85213804,51.911377,8.380615
1.5-473-550,0.09387755105,0.1877551021,0.4163512323516047,-0.0003743787567,1.5,473.0,550.0,473.00003,1.133676,649.85333,473.43515,0.43511963,1.0825255,-0.05115056,631.56335,-18.289978
1.5-473-550,0.3662650603,0.7325301206,0.29146971579860803,-0.0002620865782,1.5,473.0,550.0,603.04736,1.8995216,488.53558,592.1371,-10.910278,1.9242755,0.024753928,495.63797,7.1023865
1.5-473-550,0.1951807229,0.3903614458,0.6021818746711394,0.0005414757638,1.5,473.0,550.0,520.8613,1.205179,600.81226,499.42654,-21.434784,1.0951785,-0.11000049,641.20953,40.397278
1.5-473-550,0.3060240964,0.6120481928,0.9973789934503665,-0.0008968329586,1.5,473.0,550.0,1167.2069,0.085234754,44.536377,1302.9478,135.74084,-0.67715484,-0.7623896,52.38452,7.8481445
1.5-473-550,0.4,0.8,0.032835376350859716,-2.952523355e-05,1.5,473.0,550.0,621.432,2.143792,457.98914,595.4217,-26.010315,2.0400488,-0.10374308,475.90634,17.917206
1.5-473-550,0.126506024,0.253012048,0.9531521909241071,0.0008570646715,1.5,473.0,550.0,536.7896,0.7111449,583.0982,504.91614,-31.873474,0.36020464,-0.3509403,617.9808,34.88257
1.5-473-550,0.3626506025,0.725301205,0.9844268823757469,0.0008851865532,1.5,473.0,550.0,1054.5653,0.65288717,50.674683,1115.9208,61.35547,-0.69500476,-1.3478919,58.724365,8.049683
1.5-473-550,0.221686747,0.443373494,0.9999999997775775,-0.0008991897406,1.5,473.0,550.0,1298.3981,-5.322157e-09,39.923004,1302.4958,4.0977783,-0.6289,-0.6289,27.078583,-12.844421
1.5-473-550,0.3228915663,0.6457831326,0.9872047710533666,0.0008876844022,1.5,473.0,550.0,1106.3828,0.44888583,47.606964,1258.3584,151.97559,-0.5857834,-1.0346693,57.448486,9.841522
1.5-473-550,0.3927710844,0.7855421688,0.8902853187445975,0.000800535425,1.5,473.0,550.0,803.8039,2.22653,79.13408,721.03754,-82.76636,1.9093318,-0.31719828,238.6745,159.54042
1.5-473-550,0.1795180723,0.3590361446,0.9996041060258503,0.000898833757,1.5,473.0,550.0,1009.7298,0.0078575555,53.731476,1160.0063,150.27655,-0.6426267,-0.65048426,-20.161652,-73.89313
1.5-473-550,0.2698795181,0.5397590362,0.9999999997775775,-0.0008991897406,1.5,473.0,550.0,1210.1224,-5.322157e-09,42.65628,1335.7993,125.67688,-0.641718,-0.641718,48.480347,5.824066
1.5-473-550,0.03265306121,0.06530612242,0.9337895728803226,-0.000839654004,1.5,473.0,550.0,473.00003,0.553065,649.85333,445.77405,-27.225983,0.43437475,-0.11869025,663.6161,13.762756
1.5-473-550,0.1542168674,0.3084337348,0.22784103821928303,0.0002048723241,1.5,473.0,550.0,489.76953,1.1086491,633.3633,486.54984,-3.219696,1.0918065,-0.016842604,642.2695,8.906189
1.5-473-550,0.4061224489,0.8122448978,0.16340484097302546,-0.0001469319566,1.5,473.0,550.0,627.48,2.1790028,446.49805,607.6679,-19.812073,2.073215,-0.105787754,458.86435,12.3663025
1.5-473-550,0.3590361446,0.7180722892,0.9442484491033019,-0.0008490585182,1.5,473.0,550.0,903.7699,1.6119599,63.487335,911.5213,7.751404,1.0956312,-0.5163287,106.96596,43.478622
1.5-473-550,0.08775510207,0.17551020414,0.9895407848051817,0.0008897849218,1.5,473.0,550.0,473.00003,0.107775085,649.85333,514.3239,41.323883,-0.16106743,-0.26884252,544.2938,-105.55951
1.5-473-550,0.3373493976,0.6746987952,0.6600967573005477,0.0005935522321,1.5,473.0,550.0,632.8073,1.8523524,435.08868,617.9014,-14.905884,1.9220079,0.06965554,451.39056,16.30188
1.5-473-550,0.3891566266,0.7783132532,0.9844268823757469,0.0008851865532,1.5,473.0,550.0,1026.8279,0.7806742,52.525787,940.6169,-86.211,-0.76069397,-1.5413682,114.07825,61.55246
1.5-473-550,0.1746987951,0.3493975902,0.8902853188558087,-0.0008005354251,1.5,473.0,550.0,568.0578,1.0137088,542.5455,518.74347,-49.31433,0.87506163,-0.1386472,633.17096,90.62549
1.5-473-550,0.2204819277,0.4409638554,0.9671530515086588,-0.0008696541017,1.5,473.0,550.0,1153.5557,0.7539014,45.18451,1202.9141,49.3584,-0.18007582,-0.93397725,57.897278,12.712769
1.5-473-550,0.1819277108,0.3638554216,0.7892004020960466,-0.000709640905,1.5,473.0,550.0,537.4324,1.1010977,582.3492,503.38516,-34.04721,1.0158261,-0.0852716,639.0213,56.67212
1.5-473-550,0.002040816309,0.004081632618,0.9993254189049573,-0.0008985831644,1.5,473.0,550.0,473.00003,0.010876054,649.85333,457.5048,-15.495239,-0.07595218,-0.08682823,650.9889,1.1355591
1.5-473-550,0.1253012048,0.2506024096,0.9999999997775775,0.0008991897406,1.5,473.0,550.0,737.2418,-5.322157e-09,100.111465,747.1268,9.884949,-0.5813542,-0.5813542,11.564179,-88.54729
1.5-473-550,0.4714285714,0.9428571428,0.47796385156444166,-0.0004297801918,1.5,473.0,550.0,656.4685,1.870593,365.8267,654.17267,-2.2958374,2.1422927,0.2716998,370.89398,5.0672913
1.5-473-550,0.4020408163,0.8040816326,0.8902853189670199,-0.0008005354252,1.5,473.0,550.0,796.7186,2.2676187,80.648026,709.3394,-87.37921,1.8264685,-0.4411502,264.18243,183.53441
1.5-473-550,0.1554216867,0.3108433734,0.5396442233296441,-0.0004852425493,1.5,473.0,550.0,496.97388,1.0779899,626.07245,483.8967,-13.077179,1.0701454,-0.007844567,637.1035,11.031067
1.5-473-550,0.1493975903,0.2987951806,0.8206166047262803,0.0007378900321,1.5,473.0,550.0,514.76355,0.97568935,607.59296,481.44196,-33.321594,0.9564161,-0.019273281,643.76544,36.172485
1.5-473-550,0.2951807229,0.5903614458,0.9442484491033019,0.0008490585182,1.5,473.0,550.0,935.1964,1.3707583,60.15399,1145.0535,209.85706,0.4932565,-0.8775018,101.72958,41.575592
1.5-473-550,0.06938775512,0.13877551024,0.9772248215579286,-0.000878710534,1.5,473.0,550.0,473.00003,0.23856986,649.85333,470.6409,-2.3591309,0.06617575,-0.1723941,641.90234,-7.950989
1.5-473-550,0.2084337349,0.4168674698,0.8475322498919685,0.0007620923041,1.5,473.0,550.0,605.98456,1.295129,482.92313,562.4978,-43.486755,1.0327924,-0.2623365,588.09705,105.17392
1.5-473-550,0.4367346939,0.8734693878,0.7098470004029654,0.0006382871403,1.5,473.0,550.0,662.9773,1.8839712,323.28265,670.26483,7.2875366,2.0555913,0.17162013,337.3963,14.113647
1.5-473-550,0.308433735,0.61686747,0.9993254186825348,0.0008985831642,1.5,473.0,550.0,1174.8262,0.02004438,44.187927,1301.688,126.86182,-0.706582,-0.7266264,50.878998,6.6910706
1.5-473-550,0.4897959184,0.9795918368,0.7892004020960466,-0.000709640905,1.5,473.0,550.0,657.4017,1.6287048,362.0595,637.1088,-20.292847,1.6487591,0.02005434,367.9156,5.856079
1.5-473-550,0.2939759036,0.5879518072,0.6021818746711394,0.0005414757638,1.5,473.0,550.0,593.7361,1.6198161,502.04913,569.32776,-24.408325,1.6037747,-0.016041398,555.1906,53.14148
1.5-473-550,0.4653061225,0.930612245,0.9999999997775775,0.0008991897406,1.5,473.0,550.0,659.80566,-5.322157e-09,352.3546,605.3698,-54.435852,-0.36631364,-0.36631364,400.40195,48.047333
1.5-473-550,0.3722891567,0.7445783134,0.9872047710533666,0.0008876844022,1.5,473.0,550.0,1060.1448,0.57044053,50.319458,1071.3544,11.209595,-0.7870551,-1.3574955,65.62155,15.3020935
1.5-473-550,0.1602409638,0.3204819276,0.8902853187445975,0.000800535425,1.5,473.0,550.0,545.6075,0.9549542,572.7729,496.1613,-49.446198,0.84443724,-0.110516965,648.6807,75.90784
1.5-473-550,0.343373494,0.686746988,0.960723235489121,-0.0008638724771,1.5,473.0,550.0,964.8763,1.2805154,57.37274,1120.2971,155.42084,0.03982186,-1.2406936,74.80702,17.43428
1.5-473-550,0.1409638554,0.2819277108,0.9872047710533666,0.0008876844022,1.5,473.0,550.0,696.78125,0.47313583,131.13188,774.982,78.200745,-0.42184573,-0.89498156,8.242951,-122.88893
1.5-473-550,0.2638554217,0.5277108434,0.9531521909241071,0.0008570646715,1.5,473.0,550.0,994.458,1.1478713,54.94336,1213.4373,218.97925,0.14289898,-1.0049722,98.52817,43.58481
1.5-473-550,0.1337349397,0.2674698794,0.16340484097302546,-0.0001469319566,1.5,473.0,550.0,480.42966,1.0986998,642.815,482.8483,2.4186401,1.0946631,-0.004036665,643.1369,0.3218994
1.5-473-550,0.1469879518,0.2939759036,0.9985491866279087,-0.0008978851843,1.5,473.0,550.0,817.9358,0.04753643,76.197296,922.2779,104.3421,-0.6245871,-0.67212355,-54.09381,-130.2911
1.5-473-550,0.1554216867,0.3108433734,0.6021818746711394,0.0005414757638,1.5,473.0,550.0,499.65033,1.0662521,623.3639,483.1336,-16.516724,1.0631728,-0.0030792952,637.18445,13.820557
1.5-473-550,0.3289156627,0.6578313254,0.03282169734692774,-2.951293353e-05,1.5,473.0,550.0,554.015,1.6447884,562.1259,555.8248,1.8098145,1.6866027,0.041814327,560.10406,-2.0218506
1.5-473-550,0.1590361445,0.318072289,0.03282169734692774,-2.951293353e-05,1.5,473.0,550.0,490.6846,1.12173,632.4372,489.15106,-1.5335388,1.1148138,-0.0069161654,647.53546,15.098267
1.5-473-550,0.2698795181,0.5397590362,0.9531521908128958,-0.0008570646714,1.5,473.0,550.0,987.8754,1.1650038,55.47116,1215.1014,227.22601,0.14993101,-1.0150728,99.04198,43.570816
1.5-473-550,0.4428571429,0.8857142858,0.9999999997775775,0.0008991897406,1.5,473.0,550.0,667.56244,-5.322157e-09,279.71927,662.668,-4.894409,-0.6130665,-0.6130665,332.18192,52.462646
1.5-473-550,0.1012048192,0.2024096384,0.9811301449181302,0.0008822221607,1.5,473.0,550.0,513.95,0.2791646,608.16876,523.21735,9.267334,-0.06436057,-0.34352517,536.0735,-72.095276
1.5-473-550,0.1554216867,0.3108433734,0.9337895728803226,0.000839654004,1.5,473.0,550.0,568.6866,0.8741724,541.75073,522.93854,-45.748047,0.63722336,-0.23694903,606.13544,64.384705
1.5-473-550,0.191566265,0.38313253,0.8705746216627653,-0.0007828117684,1.5,473.0,550.0,587.3836,1.1364061,511.90475,543.14325,-44.240356,0.952163,-0.18424308,611.58966,99.684906
1.5-473-550,0.2614457831,0.5228915662,0.9811301448069191,0.0008822221606,1.5,473.0,550.0,1133.3141,0.52518433,46.18161,1306.3229,173.00879,-0.40557486,-0.9307592,64.155945,17.974335
1.5-473-550,0.3421686747,0.6843373494,0.16340484119544796,0.0001469319568,1.5,473.0,550.0,572.0786,1.7262414,537.03265,568.67017,-3.4084473,1.7714778,0.04523647,538.9258,1.8931274
1.5-473-550,0.4326530612,0.8653061224,0.9811301446957078,-0.0008822221605,1.5,473.0,550.0,678.8025,0.91518885,181.19766,642.97766,-35.82483,-0.21349293,-1.1286818,358.2166,177.01895
1.5-473-550,0.2313253012,0.4626506024,0.9442484491033019,0.0008490585182,1.5,473.0,550.0,1015.32153,1.1572357,53.397797,1091.9017,76.5802,0.39493883,-0.7622969,102.119736,48.72194
1.5-473-550,0.3421686747,0.6843373494,0.8902853187445975,0.000800535425,1.5,473.0,550.0,803.65295,1.8826325,79.29402,752.1191,-51.533875,2.0397048,0.1570723,157.65765,78.36363
1.5-473-550,0.06326530613,0.12653061226,0.9726063657286781,0.0008745576659,1.5,473.0,550.0,473.00003,0.28827125,649.85333,463.224,-9.7760315,0.1267727,-0.16149855,652.77234,2.9190063
1.5-473-550,0.2771084337,0.5542168674,0.7098470004029654,0.0006382871403,1.5,473.0,550.0,613.65173,1.593806,471.04868,577.98175,-35.669983,1.5151325,-0.07867348,546.3857,75.337006
1.5-473-550,0.4102040816,0.8204081632,0.9895407848051817,0.0008897849218,1.5,473.0,550.0,771.5365,0.7161215,87.144455,796.8994,25.362915,-0.75440544,-1.4705269,207.98053,120.836075
1.5-473-550,0.1602409638,0.3204819276,0.8705746216627653,-0.0007828117684,1.5,473.0,550.0,537.53894,0.973049,582.2337,493.67413,-43.864807,0.890091,-0.08295798,647.0089,64.77521
1.5-473-550,0.3192771085,0.638554217,0.9985491866279087,-0.0008978851843,1.5,473.0,550.0,1163.5875,0.0481953,44.701904,1282.0472,118.45972,-0.7303397,-0.778535,50.339264,5.6373596
1.5-473-550,0.2240963855,0.448192771,0.993141646395439,0.0008930227796,1.5,473.0,550.0,1269.2872,0.16751242,40.3183,1293.4546,24.167358,-0.5580439,-0.7255563,33.92929,-6.3890076
1.5-473-550,0.1927710843,0.3855421686,0.9337895728803226,0.000839654004,1.5,473.0,550.0,750.56866,1.0853953,98.86211,712.49365,-38.075012,0.7872663,-0.29812902,261.35132,162.48921
1.5-473-550,0.2542168675,0.508433735,0.9772248215579286,-0.000878710534,1.5,473.0,550.0,1119.8376,0.6229988,46.888306,1294.7944,174.95679,-0.3471393,-0.9701381,66.247406,19.3591
1.5-473-550,0.2493975904,0.4987951808,0.7098470004029654,0.0006382871403,1.5,473.0,550.0,586.0075,1.4659191,514.4569,552.5173,-33.490234,1.2971208,-0.16879833,594.138,79.68109
1.5-473-550,0.3975903615,0.795180723,0.8475322498919685,0.0007620923041,1.5,473.0,550.0,753.5371,2.3870578,93.54726,706.73157,-46.805542,2.0251107,-0.36194706,266.46695,172.9197
1.5-473-550,0.2421686747,0.4843373494,0.03282169734692774,-2.951293353e-05,1.5,473.0,550.0,517.34314,1.3743155,604.7245,515.4956,-1.8475342,1.2684462,-0.10586929,629.96576,25.241272
1.5-473-550,0.07346938777,0.14693877554,0.9442484491033019,0.0008490585182,1.5,473.0,550.0,473.00003,0.5237241,649.85333,453.64066,-19.359375,0.40316695,-0.12055713,666.5301,16.676758
1.5-473-550,0.2,0.4,0.8705746216627653,0.0007828117684,1.5,473.0,550.0,609.85614,1.2183778,476.6485,562.37476,-47.481384,0.9842391,-0.23413873,589.651,113.0025
1.5-473-550,0.2903614458,0.5807228916,0.9993254186825348,0.0008985831642,1.5,473.0,550.0,1187.9644,0.01896804,43.587097,1323.4596,135.49524,-0.6641981,-0.68316615,51.27838,7.691284
1.5-473-550,0.5,1.0,0.9993256565633628,0.0008985833781,1.5,473.0,550.0,657.37885,0.041966613,362.1516,565.1883,-92.19055,-0.12330467,-0.16527128,451.92307,89.771454
1.5-473-550,0.08571428574,0.17142857148,0.9996041060258503,0.000898833757,1.5,473.0,550.0,473.00003,0.0032566136,649.85333,537.96436,64.964325,-0.33145624,-0.33471286,467.9427,-181.91064
1.5-473-550,0.1590361445,0.318072289,0.9996041061370615,-0.0008988337571,1.5,473.0,550.0,888.24915,0.009133095,65.27664,1028.106,139.85681,-0.64692134,-0.65605444,-48.53656,-113.8132
1.5-473-550,0.0244897959,0.0489795918,0.9844268823757469,-0.0008851865532,1.5,473.0,550.0,473.00003,0.1473831,649.85333,456.1157,-16.884338,0.03739327,-0.10998982,654.891,5.0376587
1.5-473-550,0.3253012049,0.6506024098,0.29146971579860803,-0.0002620865782,1.5,473.0,550.0,565.7203,1.6599034,546.7909,564.59186,-1.128418,1.6984017,0.038498282,552.2138,5.4229126
1.5-473-550,0.0244897959,0.0489795918,0.16340484119544796,0.0001469319568,1.5,473.0,550.0,473.00003,1.2082222,649.85333,468.59952,-4.4005127,1.136255,-0.071967125,644.85785,-4.9954834
1.5-473-550,0.2144578313,0.4289156626,0.9337895728803226,-0.000839654004,1.5,473.0,550.0,958.7145,1.270667,58.077393,887.3241,-71.39038,0.77602404,-0.4946429,148.3279,90.2505
1.5-473-550,0.4163265306,0.8326530612,0.4163512323516047,-0.0003743787567,1.5,473.0,550.0,642.8807,2.2450905,411.60358,634.507,-8.373657,2.1264088,-0.11868167,415.67645,4.072876
1.5-473-550,0.1987951807,0.3975903614,0.22784103833049427,-0.0002048723242,1.5,473.0,550.0,507.37146,1.243163,615.5501,499.26254,-8.108917,1.1309729,-0.11219013,642.1523,26.602173
1.5-473-550,0.3036144579,0.6072289158,0.7098470004029654,0.0006382871403,1.5,473.0,550.0,629.35004,1.7166519,442.08023,602.07764,-27.2724,1.7297074,0.013055444,490.48132,48.401093
1.5-473-550,0.02040816324,0.04081632648,0.9772248215579286,-0.000878710534,1.5,473.0,550.0,473.00003,0.21566498,649.85333,452.58313,-20.4169,0.10626524,-0.10939974,659.56854,9.71521
1.5-473-550,0.2048192771,0.4096385542,0.9915009044774012,0.0008915474413,1.5,473.0,550.0,1208.6416,0.21142048,42.70172,1240.4951,31.853516,-0.546192,-0.75761247,17.289001,-25.41272
1.5-473-550,0.1445783132,0.2891566264,0.9531521909241071,-0.0008570646715,1.5,473.0,550.0,571.54803,0.7836739,536.69495,556.8268,-14.721252,0.3739311,-0.40974277,507.19272,-29.502228
1.5-473-550,0.3072289157,0.6144578314,0.4163512326852384,0.000374378757,1.5,473.0,550.0,566.29865,1.609743,545.63446,560.164,-6.1346436,1.6213046,0.011561632,565.6672,20.032715
1.5-473-550,0.191566265,0.38313253,0.9985491866279087,-0.0008978851843,1.5,473.0,550.0,1117.9414,0.03397995,46.98932,1212.826,94.88464,-0.6265821,-0.66056204,-2.977355,-49.966675
1.5-473-550,0.1120481927,0.2240963854,0.9956514833048237,-0.0008952795992,1.5,473.0,550.0,651.52454,0.19377202,385.6266,630.1134,-21.411133,-0.42676967,-0.6205417,217.52284,-168.10374
1.5-473-550,0.1168674698,0.2337349396,0.47796385156444166,-0.0004297801918,1.5,473.0,550.0,476.31848,1.0658754,646.72296,476.1833,-0.13519287,1.0726789,0.0068035126,631.9429,-14.78009
1.5-473-550,0.3891566266,0.7783132532,0.9915009044774012,-0.0008915474413,1.5,473.0,550.0,1064.0864,0.4329402,50.068512,974.7153,-89.371155,-0.9036462,-1.3365864,97.74696,47.67845
1.5-473-550,0.4469387755,0.893877551,0.9996041061370615,-0.0008988337571,1.5,473.0,550.0,665.1936,0.01852339,302.2257,647.6677,-17.525879,-0.5529112,-0.5714346,349.00735,46.781647
1.5-473-550,0.3096385542,0.6192771084,0.5396442233296441,0.0004852425493,1.5,473.0,550.0,591.5175,1.6655899,505.29437,573.5098,-18.00769,1.6857992,0.020209312,542.8418,37.547424
1.5-473-550,0.2120481927,0.4240963854,0.9999999998887887,0.0008991897407,1.5,473.0,550.0,1295.9021,-5.322157e-09,39.923004,1282.3549,-13.547241,-0.631929,-0.631929,19.023712,-20.899292
1.5-473-550,0.3963855422,0.7927710844,0.9996041061370615,-0.0008988337571,1.5,473.0,550.0,1096.111,0.017405266,48.174072,956.5277,-139.58325,-1.0299076,-1.0473129,106.48851,58.314438
1.5-473-550,0.1240963855,0.248192771,0.8902853188558087,-0.0008005354251,1.5,473.0,550.0,503.9513,0.8434095,619.0113,465.97897,-37.97232,0.78799725,-0.055412233,656.73065,37.71936
1.5-473-550,0.3457831326,0.6915662652,0.9844268823757469,0.0008851865532,1.5,473.0,550.0,1072.0402,0.5993868,49.573395,1188.2823,116.24219,-0.6212141,-1.2206008,55.331696,5.758301
1.5-473-550,0.1734939759,0.3469879518,0.3542741439827602,-0.0003185596757,1.5,473.0,550.0,500.00824,1.1382766,623.00165,490.69107,-9.317169,1.0913447,-0.046931863,641.3741,18.372437
1.5-473-550,0.1674698795,0.334939759,0.9956514833048237,-0.0008952795992,1.5,473.0,550.0,906.5574,0.11384659,63.155426,1066.79,160.23267,-0.60370785,-0.71755445,-35.627136,-98.78256
1.5-473-550,0.4387755102,0.8775510204,0.9071317792997667,0.0008156835895,1.5,473.0,550.0,668.9192,1.4413638,266.82877,654.766,-14.153198,1.3554437,-0.085920095,369.6406,102.81183
1.5-473-550,0.3626506025,0.725301205,0.22784103821928303,0.0002048723241,1.5,473.0,550.0,595.9716,1.8643522,499.1571,585.30176,-10.669861,1.8926175,0.028265238,507.1814,8.024292
1.5-473-550,0.1542168674,0.3084337348,0.9993254186825348,-0.0008985831642,1.5,473.0,550.0,857.5354,0.018543357,69.42203,988.56757,131.03217,-0.64174837,-0.66029173,-52.91388,-122.33591
1.5-473-550,0.4632653061,0.9265306122,0.999825745120423,0.0008990330526,1.5,473.0,550.0,660.16003,0.00530755,349.97754,608.72736,-51.43268,-0.3815729,-0.38688046,396.14844,46.1709
1.5-473-550,0.4285714286,0.8571428572,0.9895407848051817,-0.0008897849218,1.5,473.0,550.0,687.6439,0.6590606,147.55444,684.3341,-3.3098145,-0.52044624,-1.1795068,309.99716,162.44272
1.5-473-550,0.134939759,0.269879518,0.9915009044774012,0.0008915474413,1.5,473.0,550.0,706.00146,0.35713148,120.48053,759.33997,53.3385,-0.47633845,-0.8334699,12.344117,-108.13641
1.5-473-550,0.1975903614,0.3951807228,0.9993254186825348,0.0008985831642,1.5,473.0,550.0,1184.4879,0.014833504,43.750275,1238.1987,53.710815,-0.63144165,-0.64627516,4.156556,-39.59372
1.5-473-550,0.1602409638,0.3204819276,0.7098470004029654,0.0006382871403,1.5,473.0,550.0,509.66174,1.0506163,613.15106,484.40323,-25.258514,1.0407193,-0.009896994,639.87445,26.723389
1.5-473-550,0.3180722892,0.6361445784,0.960723235489121,0.0008638724771,1.5,473.0,550.0,983.05505,1.1852057,55.842224,1199.0856,216.03052,0.011730844,-1.1734749,82.30983,26.467606
1.5-473-550,0.3060240964,0.6120481928,0.9993254186825348,-0.0008985831642,1.5,473.0,550.0,1175.9879,0.019915694,44.134827,1305.2467,129.25879,-0.7000117,-0.7199274,51.038025,6.9031982
1.5-473-550,0.3819277109,0.7638554218,0.9772248215579286,-0.000878710534,1.5,473.0,550.0,999.40283,1.0327253,54.53116,961.1202,-38.282654,-0.57955414,-1.6122794,104.6156,50.084442
1.5-473-550,0.3987951807,0.7975903614,0.9993254187937461,0.0008985831643,1.5,473.0,550.0,1093.4908,0.033051785,48.326416,937.58075,-155.9101,-1.0233195,-1.0563712,116.024765,67.69835
1.5-473-550,0.3168674699,0.6337349398,0.9844268823757469,0.0008851865532,1.5,473.0,550.0,1097.3966,0.53147703,48.099335,1265.994,168.59741,-0.524146,-1.055623,60.879913,12.780579
1.5-473-550,0.01836734691,0.03673469382,0.9956514833048237,0.0008952795992,1.5,473.0,550.0,473.00003,0.039837357,649.85333,459.82608,-13.17395,-0.06478066,-0.10461801,647.8064,-2.046936
1.5-473-550,0.2987951807,0.5975903614,0.9844268823757469,-0.0008851865532,1.5,473.0,550.0,1110.2562,0.50113565,47.399994,1293.9104,183.65417,-0.48596627,-0.9871019,63.631317,16.231323
1.5-473-550,0.2746987952,0.5493975904,0.9999999997775775,-0.0008991897406,1.5,473.0,550.0,1204.612,-5.322157e-09,42.890594,1334.3114,129.69934,-0.6470948,-0.6470948,49.315216,6.4246216
1.5-473-550,0.3554216868,0.7108433736,0.5396442233296441,-0.0004852425493,1.5,473.0,550.0,621.43915,1.9024118,457.64993,609.924,-11.515137,1.9525347,0.050122857,465.79755,8.147614
1.5-473-550,0.08775510207,0.17551020414,0.9337895728803226,0.000839654004,1.5,473.0,550.0,473.00003,0.5811512,649.85333,455.2638,-17.736237,0.5004987,-0.080652475,667.3807,17.527344
1.5-473-550,0.1301204819,0.2602409638,0.8902853187445975,0.000800535425,1.5,473.0,550.0,510.28052,0.8621141,612.4846,469.36774,-40.91278,0.7973297,-0.06478435,656.5383,44.05371
1.5-473-550,0.1602409638,0.3204819276,0.9945113832197316,0.0008942544329,1.5,473.0,550.0,858.873,0.15431404,69.22485,1005.1112,146.23822,-0.58769065,-0.7420047,-43.27646,-112.50131
1.5-473-550,0.4122448979,0.8244897958,0.9337895728803226,-0.000839654004,1.5,473.0,550.0,745.43384,1.8243884,96.21344,678.3295,-67.10431,1.2241693,-0.60021913,337.21735,241.0039
1.5-473-550,0.1,0.2,0.9215671387250775,0.0008286637166,1.5,473.0,550.0,473.49048,0.64239085,649.3907,457.175,-16.31549,0.6009883,-0.04140252,666.193,16.802307
1.5-473-550,0.4428571429,0.8857142858,0.9980223152919674,-0.000897411427,1.5,473.0,550.0,667.5617,0.116483025,279.72607,656.5203,-11.041382,-0.5643938,-0.68087685,339.17896,59.45288
1.5-473-550,0.3843373495,0.768674699,0.9671530515086588,0.0008696541017,1.5,473.0,550.0,954.7356,1.3681872,58.27237,876.2632,-78.47241,-0.17764384,-1.545831,152.2416,93.96922
1.5-473-550,0.2686746988,0.5373493976,0.9337895728803226,-0.000839654004,1.5,473.0,550.0,916.4041,1.3924584,62.12091,1073.3325,156.9284,0.7554792,-0.6369792,118.11539,55.994476
1.5-473-550,0.1530120482,0.3060240964,0.8902853188558087,-0.0008005354251,1.5,473.0,550.0,536.2561,0.93025416,583.69324,487.76913,-48.48697,0.83236676,-0.0978874,652.3969,68.703674
1.5-473-550,0.3265060241,0.6530120482,0.9872047710533666,0.0008876844022,1.5,473.0,550.0,1103.4417,0.45528346,47.7641,1250.1445,146.70288,-0.5971851,-1.0524685,56.71222,8.94812
1.5-473-550,0.2662650602,0.5325301204,0.9915009044774012,-0.0008915474413,1.5,473.0,550.0,1177.1033,0.24467331,44.08383,1324.9287,147.82544,-0.54394346,-0.7886168,54.95459,10.870758
1.5-473-550,0.4510204082,0.9020408164,0.3542741439827602,-0.0003185596757,1.5,473.0,550.0,651.2884,1.9875474,386.70377,643.3853,-7.903076,2.1798077,0.19226027,395.95923,9.255463
1.5-473-550,0.2746987952,0.5493975904,0.7892004020960466,-0.000709640905,1.5,473.0,550.0,642.0673,1.6246508,412.48938,612.0325,-30.034851,1.5190568,-0.10559404,483.54977,71.060394
1.5-473-550,0.2253012048,0.4506024096,0.22784103833049427,-0.0002048723242,1.5,473.0,550.0,515.2579,1.3342229,607.0433,509.32294,-5.9349365,1.1899914,-0.14423156,637.095,30.051697
1.5-473-550,0.3710843374,0.7421686748,0.9973789933391554,-0.0008968329585,1.5,473.0,550.0,1113.0619,0.11415099,47.25006,1107.2716,-5.790283,-0.934833,-1.0489839,56.911224,9.661163
1.5-473-550,0.2265060241,0.4530120482,0.22784103833049427,-0.0002048723242,1.5,473.0,550.0,515.563,1.3369259,606.704,509.82294,-5.7400513,1.1934915,-0.1434344,636.7357,30.031738
1.5-473-550,0.4959183674,0.9918367348,0.9442484491033019,0.0008490585182,1.5,473.0,550.0,657.4213,1.2408595,361.98013,572.82556,-84.595764,0.6368277,-0.6040318,463.501,101.520874
1.5-473-550,0.1518072289,0.3036144578,0.9965972946963587,0.0008961300631,1.5,473.0,550.0,827.8989,0.10651719,74.260315,949.5461,121.647156,-0.60623187,-0.71274906,-51.01367,-125.27399
1.5-473-550,0.1734939759,0.3469879518,0.09831793589120096,8.840647929e-05,1.5,473.0,550.0,496.73752,1.149062,626.31165,492.201,-4.5365295,1.115893,-0.03316903,645.2979,18.986267
1.5-473-550,0.4081632653,0.8163265306,0.9442484491033019,-0.0008490585182,1.5,473.0,550.0,778.8521,1.794174,85.074036,677.8139,-101.03821,0.9946339,-0.79954004,334.8546,249.78058
1.5-473-550,0.1385542168,0.2771084336,0.3542741439827602,-0.0003185596757,1.5,473.0,550.0,484.34503,1.0832603,638.85284,482.02643,-2.3186035,1.0807183,-0.002542019,637.5424,-1.3104248
1.5-473-550,0.2975903615,0.595180723,0.9996041060258503,0.000898833757,1.5,473.0,550.0,1183.03,0.010378474,43.812744,1316.4094,133.3794,-0.68238133,-0.6927598,51.152283,7.3395386
1.5-473-550,0.2626506024,0.5253012048,0.9985491866279087,0.0008978851843,1.5,473.0,550.0,1211.9926,0.039630886,42.559326,1334.7471,122.75452,-0.62040466,-0.66003555,48.01349,5.4541626
1.5-473-550,0.08367346941,0.16734693882,0.5396442233296441,-0.0004852425493,1.5,473.0,550.0,473.00003,1.0899302,649.85333,469.5364,-3.463623,1.0658962,-0.024034023,628.6936,-21.159729
1.5-473-550,0.3180722892,0.6361445784,0.6021818746711394,-0.0005414757638,1.5,473.0,550.0,611.1203,1.7326754,475.39212,589.54614,-21.574158,1.7727525,0.04007709,510.9692,35.577087
1.5-473-550,0.3144578314,0.6289156628,0.4163512326852384,0.000374378757,1.5,473.0,550.0,572.5464,1.6423879,535.2367,565.2769,-7.26947,1.6678507,0.025462866,555.2042,19.96753
1.5-473-550,0.2493975904,0.4987951808,0.9996041060258503,0.000898833757,1.5,473.0,550.0,1231.2739,0.008888835,41.772186,1332.6631,101.38916,-0.6246342,-0.63352305,42.902832,1.1306458
1.5-473-550,0.2445783133,0.4891566266,0.7098470004029654,0.0006382871403,1.5,473.0,550.0,579.7828,1.4417758,524.41315,548.01575,-31.767029,1.2641659,-0.17760992,600.66785,76.2547
1.5-473-550,0.0,0.0,0.9945146915314984,-0.0008942574077,1.5,473.0,550.0,473.00003,0.90842825,649.85333,455.21362,-17.786407,-0.030169671,-0.9385979,654.80383,4.9505005
1.5-473-550,0.1746987951,0.3493975902,0.9215172744995802,-0.0008286188792,1.5,473.0,550.0,598.4486,0.97808653,495.10577,551.77625,-46.672363,0.79599386,-0.18209267,569.9898,74.88403
1.5-473-550,0.2614457831,0.5228915662,0.9726063657286781,0.0008745576659,1.5,473.0,550.0,1088.7926,0.75390685,48.60202,1286.3844,197.5918,-0.2715358,-1.0254426,73.9595,25.357483
1.5-473-550,0.3843373495,0.768674699,0.22784103821928303,0.0002048723241,1.5,473.0,550.0,614.2457,2.0222914,470.44052,599.2605,-14.9852295,1.9947855,-0.027505875,478.81866,8.378143
1.5-473-550,0.1614457831,0.3228915662,0.9895407848051817,-0.0008897849218,1.5,473.0,550.0,831.15985,0.28834927,73.70419,980.1014,148.94153,-0.5216808,-0.81003004,-36.642242,-110.346436
1.5-473-550,0.1036144578,0.2072289156,0.47796385156444166,0.0004297801918,1.5,473.0,550.0,473.0215,1.0951737,649.83307,473.91498,0.89346313,1.0740464,-0.021127343,630.661,-19.172058
1.5-473-550,0.2939759036,0.5879518072,0.9956514833048237,-0.0008952795992,1.5,473.0,550.0,1168.3741,0.138093,44.483032,1315.5953,147.22119,-0.62891585,-0.76700884,54.15576,9.6727295
1.5-473-550,0.178313253,0.356626506,0.6600967573005477,0.0005935522321,1.5,473.0,550.0,516.4857,1.1167247,605.6779,492.104,-24.381714,1.067139,-0.0495857,640.8659,35.18799
1.5-473-550,0.1373493975,0.274698795,0.8705746216627653,0.0007828117684,1.5,473.0,550.0,513.061,0.9054624,609.48096,474.0928,-38.96817,0.8626663,-0.042796075,650.7826,41.301636
1.5-473-550,0.1192771084,0.2385542168,0.03282169735804886,2.951293354e-05,1.5,473.0,550.0,474.7075,1.1198337,648.2426,481.65994,6.9524536,1.1087558,-0.011077881,648.37256,0.12994385
1.5-473-550,0.09591836738,0.19183673476,0.9811301448069191,0.0008822221606,1.5,473.0,550.0,473.00003,0.19425142,649.85333,510.71902,37.718994,-0.04581738,-0.2400688,565.2848,-84.56854
1.5-473-550,0.4653061225,0.930612245,0.9895407848051817,-0.0008897849218,1.5,473.0,550.0,659.78046,0.54663295,352.45636,592.54205,-67.2384,-0.14357895,-0.6902119,420.86942,68.413055
1.5-473-550,0.0387755102,0.0775510204,0.16340484097302546,-0.0001469319566,1.5,473.0,550.0,473.00003,1.2430104,649.85333,470.0941,-2.9059448,1.1294365,-0.11357391,643.60156,-6.25177
1.5-473-550,0.4612244898,0.9224489796,0.9999999997775775,-0.0008991897406,1.5,473.0,550.0,660.55536,-5.322157e-09,346.29355,612.8925,-47.66284,-0.4050098,-0.4050098,390.81836,44.52481
1.5-473-550,0.1734939759,0.3469879518,0.8206166047262803,-0.0007378900321,1.5,473.0,550.0,536.8885,1.0520948,582.9725,500.53735,-36.351135,0.9770852,-0.075009644,640.85974,57.887268
1.5-473-550,0.1337349397,0.2674698794,0.998978267368595,0.0008982710093,1.5,473.0,550.0,763.5739,0.041753408,89.503006,809.1163,45.54236,-0.5981799,-0.6399333,-30.206818,-119.70982
1.5-473-550,0.1746987951,0.3493975902,0.9985491866279087,0.0008978851843,1.5,473.0,550.0,972.36365,0.03462487,56.708405,1128.487,156.12341,-0.6338902,-0.6685151,-26.772705,-83.48111
1.5-473-550,0.3879518073,0.7759036146,0.9993254186825348,-0.0008985831642,1.5,473.0,550.0,1105.4103,0.030225212,47.658905,1013.9794,-91.43091,-1.0187865,-1.0490117,81.988144,34.32924
1.5-473-550,0.1879518072,0.3759036144,0.9531521909241071,0.0008570646715,1.5,473.0,550.0,803.815,0.8965152,79.76941,880.5961,76.78113,0.25091016,-0.645605,77.82526,-1.9441528
1.5-473-550,0.3048192771,0.6096385542,0.9993254186825348,0.0008985831642,1.5,473.0,550.0,1176.5245,0.019866163,44.11026,1306.9482,130.4237,-0.69683343,-0.7166996,51.106873,6.9966125
1.5-473-550,0.2698795181,0.5397590362,0.9071317792997667,-0.0008156835895,1.5,473.0,550.0,834.87897,1.5637404,73.358505,843.4169,8.537903,1.4031545,-0.16058588,176.85225,103.493744
1.5-473-550,0.02244897957,0.04489795914,0.9965972946963587,-0.0008961300631,1.5,473.0,550.0,473.00003,0.031305548,649.85333,461.60593,-11.394104,-0.08094091,-0.112246454,644.9054,-4.947937
1.5-473-550,0.0387755102,0.0775510204,0.9996041060258503,0.000898833757,1.5,473.0,550.0,473.00003,0.0031082577,649.85333,471.04947,-1.9505615,-0.14777392,-0.15088218,628.0541,-21.799255
1.5-473-550,0.2819277109,0.5638554218,0.8705746216627653,-0.0007828117684,1.5,473.0,550.0,736.27795,1.6951693,103.917114,713.8251,-22.45288,1.6077719,-0.087397456,285.71353,181.79642
1.5-473-550,0.3975903615,0.795180723,0.47796385156444166,0.0004297801918,1.5,473.0,550.0,637.86786,2.1949096,424.18234,630.77826,-7.0895996,2.0888503,-0.10605931,423.73163,-0.4507141
1.5-473-550,0.2096385542,0.4192771084,0.9844268823757469,-0.0008851865532,1.5,473.0,550.0,1226.4993,0.36714756,41.961395,1234.3916,7.892334,-0.45818526,-0.8253328,28.09726,-13.864136
1.5-473-550,0.06326530613,0.12653061226,0.999825745120423,0.0008990330526,1.5,473.0,550.0,473.00003,0.0009982532,649.85333,493.3591,20.35907,-0.22624439,-0.22724265,581.88184,-67.9715
1.5-473-550,0.3180722892,0.6361445784,0.7892004020960466,-0.000709640905,1.5,473.0,550.0,657.33826,1.8213103,355.7505,650.0857,-7.2525635,1.8920212,0.0707109,383.37158,27.621094
1.5-473-550,0.1903614458,0.3807228916,0.16340484119544796,0.0001469319568,1.5,473.0,550.0,503.5924,1.2058109,619.3745,496.6999,-6.892517,1.1258721,-0.07993877,643.31775,23.943237
1.5-473-550,0.1855421686,0.3710843372,0.8206166047262803,0.0007378900321,1.5,473.0,550.0,550.004,1.1100328,567.1725,513.6204,-36.383606,0.9927674,-0.1172654,634.3864,67.21393
1.5-473-550,0.1373493975,0.274698795,0.16340484119544796,0.0001469319568,1.5,473.0,550.0,481.9672,1.0986736,641.2592,483.52917,1.5619812,1.0946783,-0.0039952993,643.2948,2.0355835
1.5-473-550,0.1795180723,0.3590361446,0.9915009044774012,0.0008915474413,1.5,473.0,550.0,963.1864,0.204422,57.509277,1123.9431,160.75671,-0.55411917,-0.75854117,-16.101654,-73.61093
1.5-473-550,0.4571428571,0.9142857142,0.8902853188558087,-0.0008005354251,1.5,473.0,550.0,660.7477,1.4327978,344.46628,641.08276,-19.664917,1.3635823,-0.069215536,384.27948,39.8132
1.5-473-550,0.0,0.0,0.41652669253852764,-0.0003745365287,1.5,473.0,550.0,473.00003,0.90842825,649.85333,461.31088,-11.689148,1.0996188,0.19119054,637.081,-12.772339
1.5-473-550,0.3614457832,0.7228915664,0.9531521908128958,-0.0008570646714,1.5,473.0,550.0,926.1411,1.5021577,61.061523,968.94415,42.80304,0.5274599,-0.97469777,101.551575,40.49005
1.5-473-550,0.09795918371,0.19591836742,0.3542741437603377,0.0003185596755,1.5,473.0,550.0,473.00003,1.1500888,649.85333,474.93307,1.9330444,1.0873005,-0.06278825,633.79205,-16.06128
1.5-473-550,0.2927710844,0.5855421688,0.9915009044774012,0.0008915474413,1.5,473.0,550.0,1150.1398,0.2698419,45.35208,1311.2986,161.15881,-0.5750106,-0.8448525,57.579254,12.227173
1.5-473-550,0.1975903614,0.3951807228,0.9215172744995802,-0.0008286188792,1.5,473.0,550.0,742.1729,1.193791,105.30318,659.6474,-82.52551,0.94471604,-0.249075,375.1404,269.83722
1.5-473-550,0.1927710843,0.3855421686,0.22784103833049427,-0.0002048723242,1.5,473.0,550.0,505.25702,1.2152689,617.68994,497.2379,-8.019104,1.1219047,-0.09336412,642.65125,24.961304
1.5-473-550,0.3975903615,0.795180723,0.9980223152919674,-0.000897411427,1.5,473.0,550.0,1086.8932,0.10513329,48.70993,940.75256,-146.14062,-1.0054365,-1.1105698,114.30507,65.59514
1.5-473-550,0.2734939759,0.5469879518,0.9985491866279087,-0.0008978851843,1.5,473.0,550.0,1200.0325,0.04109245,43.067627,1333.0195,132.98706,-0.63028306,-0.6713755,50.2731,7.205475
1.5-473-550,0.2927710844,0.5855421688,0.8475322498919685,0.0007620923041,1.5,473.0,550.0,696.1898,1.7465045,162.2738,680.3484,-15.841431,1.7056109,-0.040893674,328.18478,165.91098
1.5-473-550,0.4489795918,0.8979591836,0.7892004020960466,0.000709640905,1.5,473.0,550.0,661.633,1.6323338,336.05524,666.3039,4.6708984,1.8702129,0.23787916,332.30594,-3.749298
1.5-473-550,0.0102040816,0.0204081632,0.9215172744995802,0.0008286188792,1.5,473.0,550.0,473.00003,0.6107169,649.85333,444.15195,-28.848083,0.4761722,-0.13454467,662.0797,12.226379
1.5-473-550,0.1445783132,0.2891566264,0.998978267368595,0.0008982710093,1.5,473.0,550.0,808.8168,0.03430992,77.99951,904.4512,95.6344,-0.6261268,-0.66043675,-53.78665,-131.78616
1.5-473-550,0.4775510204,0.9551020408,0.9956514833048237,0.0008952795992,1.5,473.0,550.0,658.3019,0.23493326,358.42526,583.4764,-74.8255,-0.18397301,-0.41890627,430.47232,72.04706
1.5-473-550,0.3180722892,0.6361445784,0.6600967573005477,0.0005935522321,1.5,473.0,550.0,624.0617,1.7587951,452.74036,601.2391,-22.822632,1.8045471,0.04575193,488.09036,35.350006
1.5-473-550,0.3397590362,0.6795180724,0.9973789933391554,-0.0008968329585,1.5,473.0,550.0,1141.5614,0.09715163,45.775024,1231.2365,89.67505,-0.7925057,-0.8896573,48.63861,2.8635864
1.5-473-550,0.3168674699,0.6337349398,0.6021818746711394,0.0005414757638,1.5,473.0,550.0,610.35626,1.7268816,476.63614,588.5272,-21.82904,1.76482,0.037938356,513.2042,36.568085
1.5-473-550,0.1385542168,0.2771084336,0.9442484491033019,0.0008490585182,1.5,473.0,550.0,548.4441,0.78917736,569.2548,508.5992,-39.84488,0.48791602,-0.30126134,621.30347,52.048645
1.5-473-550,0.4163265306,0.8326530612,0.9442484491033019,-0.0008490585182,1.5,473.0,550.0,725.0807,1.6782901,106.18268,658.8978,-66.18286,0.9391915,-0.7390986,360.99918,254.8165
1.5-473-550,0.4693877551,0.9387755102,0.7892004020960466,0.000709640905,1.5,473.0,550.0,658.31836,1.617685,358.35873,651.95215,-6.366211,1.7582642,0.14057922,350.0713,-8.287445
1.5-473-550,0.03265306121,0.06530612242,0.998978267368595,-0.0008982710093,1.5,473.0,550.0,473.00003,0.009083087,649.85333,467.27005,-5.7299805,-0.12630194,-0.13538504,634.9858,-14.867554
1.5-473-550,0.2759036145,0.551807229,0.9671530515086588,0.0008696541017,1.5,473.0,550.0,1043.9895,0.9210678,51.370758,1271.21,227.22046,-0.16821784,-1.0892856,82.96268,31.591919
1.5-473-550,0.2746987952,0.5493975904,0.5396442233296441,0.0004852425493,1.5,473.0,550.0,560.1898,1.508134,554.06116,546.8255,-13.364319,1.4421657,-0.065968275,596.668,42.606873
1.5-473-550,0.4551020408,0.9102040816,0.7098470004029654,0.0006382871403,1.5,473.0,550.0,659.33636,1.7065396,354.2492,663.8114,4.4750366,1.9912575,0.28471792,341.25482,-12.994385
1.5-473-550,0.1337349397,0.2674698794,0.9945113832197316,0.0008942544329,1.5,473.0,550.0,726.6798,0.23807341,105.2056,773.5112,46.83142,-0.52537555,-0.76344895,-3.18991,-108.39551
1.5-473-550,0.126506024,0.253012048,0.9772248215579286,0.000878710534,1.5,473.0,550.0,586.8999,0.57887614,512.2637,602.8278,15.9279175,-0.105191655,-0.6840678,327.3744,-184.88928
1.5-473-550,0.169879518,0.339759036,0.9965972946963587,-0.0008961300631,1.5,473.0,550.0,933.74286,0.08487182,60.267822,1088.5444,154.80157,-0.6142593,-0.69913113,-32.831207,-93.09903
1.5-473-550,0.3108433735,0.621686747,0.9980223152919674,-0.000897411427,1.5,473.0,550.0,1167.5837,0.064547054,44.519165,1296.3726,128.78882,-0.6980513,-0.76259834,51.552612,7.0334473
1.5-473-550,0.3879518073,0.7759036146,0.9945113832197316,0.0008942544329,1.5,473.0,550.0,1081.2864,0.27562886,49.03589,995.94684,-85.33954,-0.95142776,-1.2270566,88.81502,39.77913
1.5-473-550,0.004081632618,0.008163265236,0.9772248215579286,-0.000878710534,1.5,473.0,550.0,473.00003,0.25207168,649.85333,450.414,-22.58603,0.11252766,-0.13954401,661.50635,11.653015
1.5-473-550,0.03265306121,0.06530612242,0.9726063657286781,0.0008745576659,1.5,473.0,550.0,473.00003,0.2700898,649.85333,453.2359,-19.76413,0.14268291,-0.1274069,660.00244,10.149109
1.5-473-550,0.4938775511,0.9877551022,0.7525573838264147,0.0006766918789,1.5,473.0,550.0,657.3146,1.673175,362.4111,639.33484,-17.979736,1.732139,0.058964014,362.95602,0.5449219
1.5-473-550,0.2493975904,0.4987951808,0.9726063657286781,0.0008745576659,1.5,473.0,550.0,1104.1688,0.73104894,47.736725,1279.1475,174.97864,-0.27373058,-1.0047796,69.81903,22.082306
1.5-473-550,0.3710843374,0.7421686748,0.9071317792997667,-0.0008156835895,1.5,473.0,550.0,829.909,1.9660814,74.03766,756.6871,-73.221924,1.9758735,0.009792089,166.39319,92.35553
1.5-473-550,0.1662650602,0.3325301204,0.5396442233296441,0.0004852425493,1.5,473.0,550.0,502.49786,1.101124,620.4822,487.20218,-15.295685,1.074462,-0.026661992,638.9047,18.422546
1.5-473-550,0.06734693879,0.13469387758,0.9915009044774012,0.0008915474413,1.5,473.0,550.0,473.00003,0.087678365,649.85333,485.59674,12.59671,-0.119802184,-0.20748055,605.7614,-44.09192
1.5-473-550,0.2445783133,0.4891566266,0.9895407848051817,0.0008897849218,1.5,473.0,550.0,1199.6417,0.28017628,43.08423,1313.5562,113.91443,-0.5141322,-0.7943085,49.422607,6.338379
1.5-473-550,0.04285714285,0.0857142857,0.4163512326852384,0.000374378757,1.5,473.0,550.0,473.00003,1.1563,649.85333,466.57233,-6.427704,1.09384,-0.062459946,632.27,-17.583313
1.5-473-550,0.3012048193,0.6024096386,0.9726063657286781,0.0008745576659,1.5,473.0,550.0,1046.9993,0.8628558,51.16864,1266.5583,219.55908,-0.28183442,-1.1446903,75.26491,24.096268
1.5-473-550,0.1253012048,0.2506024096,0.16340484097302546,-0.0001469319566,1.5,473.0,550.0,477.01846,1.1040974,646.0626,481.34436,4.325897,1.0953121,-0.008785248,642.7698,-3.2928467
1.5-473-550,0.07959183676,0.15918367352,0.9973789933391554,0.0008968329585,1.5,473.0,550.0,473.00003,0.026269788,649.85333,516.2504,43.250397,-0.25857967,-0.28484946,528.9116,-120.94171
1.5-473-550,0.3108433735,0.621686747,0.47796385156444166,-0.0004297801918,1.5,473.0,550.0,580.1476,1.6469184,522.8342,567.8356,-12.312012,1.6674014,0.020483017,552.22644,29.392212
1.5-473-550,0.3674698796,0.7349397592,0.47796385156444166,-0.0004297801918,1.5,473.0,550.0,620.42206,1.9548975,459.58264,610.70575,-9.716309,1.983298,0.028400421,463.1649,3.5822449
1.5-473-550,0.3048192771,0.6096385542,0.9996041060258503,-0.000898833757,1.5,473.0,550.0,1177.7594,0.010586971,44.053802,1307.2682,129.50879,-0.7000261,-0.7106131,50.916656,6.862854
1.5-473-550,0.4775510204,0.9551020408,0.9671530515086588,-0.0008696541017,1.5,473.0,550.0,658.239,1.0530664,358.67917,575.49286,-82.746155,0.33239472,-0.72067165,454.79782,96.11865
1.5-473-550,0.09591836738,0.19183673476,0.2914697156873968,0.0002620865781,1.5,473.0,550.0,473.00003,1.1632739,649.85333,475.4138,2.4137573,1.0930364,-0.07023752,636.0945,-13.75885
1.5-473-550,0.06734693879,0.13469387758,0.9726063657286781,-0.0008745576659,1.5,473.0,550.0,473.00003,0.28834397,649.85333,465.39557,-7.6044617,0.12361222,-0.16473174,650.77606,0.9227295
1.5-473-550,0.395180723,0.790361446,0.9956514833048237,-0.0008952795992,1.5,473.0,550.0,1077.5393,0.2328574,49.253723,948.17175,-129.36755,-0.9711198,-1.2039772,110.416245,61.16252
1.5-473-550,0.3060240964,0.6120481928,0.9998257452316341,-0.0008990330527,1.5,473.0,550.0,1178.1998,0.0032458252,44.03366,1305.8208,127.62097,-0.7057473,-0.70899314,50.700684,6.6670227
1.5-473-550,0.3373493976,0.6746987952,0.9872047710533666,0.0008876844022,1.5,473.0,550.0,1093.7415,0.4767716,48.31183,1221.3861,127.64465,-0.63557976,-1.1123514,54.624756,6.3129272
1.5-473-550,0.1831325301,0.3662650602,0.7892004020960466,0.000709640905,1.5,473.0,550.0,538.5197,1.10687,581.0788,504.4939,-34.025818,1.0173432,-0.08952689,638.5576,57.47882
1.5-473-550,0.1385542168,0.2771084336,0.9215172744995802,0.0008286188792,1.5,473.0,550.0,531.81006,0.8404774,588.6372,480.66776,-51.142303,0.67093617,-0.16954124,661.6737,73.0365
1.5-473-550,0.1144578313,0.2289156626,0.7525573838264147,-0.0006766918789,1.5,473.0,550.0,481.557,0.9486,641.6743,468.13596,-13.421051,0.99447924,0.045879245,635.2498,-6.4244995
1.5-473-550,0.3180722892,0.6361445784,0.29146971579860803,-0.0002620865782,1.5,473.0,550.0,559.3516,1.6258521,555.06354,559.9022,0.55059814,1.6547301,0.028877974,561.7711,6.7075806
1.5-473-550,0.4183673469,0.8367346938,0.9071317792997667,0.0008156835895,1.5,473.0,550.0,710.31415,1.8709074,116.72034,683.9661,-26.348022,1.5379035,-0.33300388,321.00455,204.28421
1.5-473-550,0.3686746988,0.7373493976,0.03282169734692774,-2.951293353e-05,1.5,473.0,550.0,595.4362,1.8880066,499.93292,577.9255,-17.510742,1.8978937,0.009887099,513.003,13.070068
1.5-473-550,0.1373493975,0.274698795,0.9956514833048237,-0.0008952795992,1.5,473.0,550.0,751.8303,0.17614621,93.59241,813.98553,62.155212,-0.55868703,-0.73483324,-27.674011,-121.26642
1.5-473-550,0.2795180723,0.5590361446,0.9071317792997667,-0.0008156835895,1.5,473.0,550.0,832.92944,1.5954094,73.67078,846.9514,14.021973,1.4576148,-0.13779461,163.50102,89.830246
1.5-473-550,0.4551020408,0.9102040816,0.9337895728803226,-0.000839654004,1.5,473.0,550.0,661.5866,1.2874432,336.49533,613.9627,-47.6239,0.9154011,-0.37204206,424.6385,88.14316
1.5-473-550,0.1650602409,0.3301204818,0.9844268823757469,0.0008851865532,1.5,473.0,550.0,821.49567,0.39866513,75.493744,972.1467,150.65106,-0.4475959,-0.846261,-26.596863,-102.09061
1.5-473-550,0.2060240964,0.4120481928,0.6600967573005477,-0.0005935522321,1.5,473.0,550.0,532.1917,1.2596158,588.2128,508.39587,-23.795837,1.1069287,-0.15268707,638.31555,50.102722
1.5-473-550,0.3277108434,0.6554216868,0.9726063657286781,0.0008745576659,1.5,473.0,550.0,1027.8677,0.93669945,52.455414,1215.9578,188.09009,-0.31664938,-1.2533488,68.43646,15.981049
1.5-473-550,0.2975903615,0.595180723,0.9215172744995802,0.0008286188792,1.5,473.0,550.0,868.69653,1.580813,67.99249,937.9183,69.22174,1.3199089,-0.2609042,115.17944,47.18695
1.5-473-550,0.4265306122,0.8530612244,0.09831793590232207,-8.84064793e-05,1.5,473.0,550.0,638.32556,2.1763937,423.26886,613.60364,-24.721924,2.137045,-0.03934884,442.73706,19.4682
1.5-473-550,0.2168674699,0.4337349398,0.4163512323516047,-0.0003743787567,1.5,473.0,550.0,518.17474,1.3111689,603.79974,506.94138,-11.233368,1.1528326,-0.15833628,639.69415,35.89441
1.5-473-550,0.2518072289,0.5036144578,0.8902853188558087,-0.0008005354251,1.5,473.0,550.0,770.8973,1.5771453,88.94624,738.31616,-32.581116,1.372874,-0.20427132,292.7972,203.85097
1.5-473-550,0.07346938777,0.14693877554,0.9531521909241071,0.0008570646715,1.5,473.0,550.0,473.00003,0.46359837,649.85333,456.75812,-16.241913,0.32571024,-0.13788813,664.7308,14.877441
1.5-473-550,0.1963855422,0.3927710844,0.9671530515086588,0.0008696541017,1.5,473.0,550.0,1002.306,0.7337658,54.331726,1086.3472,84.04114,-0.1630587,-0.8968245,32.62091,-21.710815
1.5-473-550,0.2469879518,0.4939759036,0.8902853187445975,0.000800535425,1.5,473.0,550.0,764.9614,1.5539435,91.44832,728.70764,-36.253784,1.3388345,-0.21510899,310.3537,218.90538
1.5-473-550,0.1650602409,0.3301204818,0.9973789933391554,0.0008968329585,1.5,473.0,550.0,910.1807,0.06775432,62.74344,1059.4637,149.28302,-0.623143,-0.69089735,-39.8338,-102.57724
1.5-473-550,0.4285714286,0.8571428572,0.9726063657286781,-0.0008745576659,1.5,473.0,550.0,686.89667,1.1269602,149.60797,637.0796,-49.817078,0.024107153,-1.1028531,368.96313,219.35516
1.5-473-550,0.3807228916,0.7614457832,0.9215172744995802,0.0008286188792,1.5,473.0,550.0,851.0041,1.9485747,70.46353,753.341,-97.663086,1.7678709,-0.18070376,193.78671,123.32318
1.5-473-550,0.4163265306,0.8326530612,0.9811301446957078,0.0008822221605,1.5,473.0,550.0,730.18005,1.0909516,103.423294,711.311,-18.86908,-0.41536993,-1.5063214,283.59357,180.17027
1.5-473-550,0.0244897959,0.0489795918,0.999825745120423,0.0008990330526,1.5,473.0,550.0,473.00003,0.0009121246,649.85333,464.2976,-8.702423,-0.118547745,-0.11945987,639.7827,-10.070618
1.5-473-550,0.3506024097,0.7012048194,0.9442484491033019,0.0008490585182,1.5,473.0,550.0,909.4014,1.5680976,62.83206,960.6799,51.278442,0.9932357,-0.5748619,90.989395,28.157333
1.5-473-550,0.3626506025,0.725301205,0.9985491866279087,-0.0008978851843,1.5,473.0,550.0,1125.891,0.05862057,46.564575,1150.3046,24.413574,-0.9108178,-0.9694384,50.852142,4.287567
1.5-473-550,0.2445783133,0.4891566266,0.9985491866279087,-0.0008978851843,1.5,473.0,550.0,1238.2518,0.03751343,41.495636,1328.246,89.99414,-0.6129469,-0.65046036,41.718597,0.22296143
1.5-473-550,0.1578313253,0.3156626506,0.9965972946963587,-0.0008961300631,1.5,473.0,550.0,861.915,0.09704714,68.802185,999.6454,137.73041,-0.61183614,-0.7088833,-47.42679,-116.22897
1.5-473-550,0.3228915663,0.6457831326,0.9215172744995802,0.0008286188792,1.5,473.0,550.0,866.11914,1.6581734,68.33441,885.71356,19.594421,1.5702219,-0.08795154,98.48021,30.145798
1.5-473-550,0.1156626505,0.231325301,0.9811301446957078,-0.0008822221605,1.5,473.0,550.0,575.1821,0.46178892,530.81134,572.3832,-2.7989502,-0.13278669,-0.59457564,404.88342,-125.92792
1.5-473-550,0.4714285714,0.9428571428,0.9895407848051817,0.0008897849218,1.5,473.0,550.0,658.9144,0.546402,355.95255,585.37964,-73.53479,-0.10370857,-0.65011054,430.50946,74.556915
1.5-473-550,0.2746987952,0.5493975904,0.2914697156873968,0.0002620865781,1.5,473.0,550.0,530.59564,1.463907,589.9877,534.0247,3.4290771,1.3969864,-0.06692064,609.71686,19.729187
1.5-473-550,0.06530612246,0.13061224492,0.3542741439827602,-0.0003185596757,1.5,473.0,550.0,473.00003,1.1516982,649.85333,470.42322,-2.5768127,1.0972452,-0.054453015,633.28217,-16.571167
1.5-473-550,0.2578313253,0.5156626506,0.9956514833048237,-0.0008952795992,1.5,473.0,550.0,1203.527,0.12188511,42.919098,1330.2504,126.72339,-0.5866304,-0.7085155,49.06427,6.145172
1.5-473-550,0.4,0.8,0.9980233842543413,-0.0008974123882,1.5,473.0,550.0,1026.9688,0.10975539,53.32782,922.54987,-104.418884,-1.0007496,-1.110505,124.03499,70.70717
1.5-473-550,0.1457831325,0.291566265,0.9071317792997667,-0.0008156835895,1.5,473.0,550.0,534.3461,0.8866052,585.81714,482.80508,-51.541046,0.7596024,-0.12700278,658.15576,72.33862
1.5-473-550,0.365060241,0.730120482,0.2914697156873968,0.0002620865781,1.5,473.0,550.0,602.0253,1.8914384,490.1205,591.3249,-10.700439,1.918375,0.02693665,497.2876,7.1670837
1.5-473-550,0.1204819277,0.2409638554,0.7098470004029654,-0.0006382871403,1.5,473.0,550.0,483.8881,0.9802127,639.31525,471.20514,-12.682953,1.022219,0.042006254,633.8322,-5.483032
1.5-473-550,0.2445783133,0.4891566266,0.6021818746711394,0.0005414757638,1.5,473.0,550.0,546.1575,1.4068439,571.9899,530.879,-15.278442,1.2616913,-0.14515257,622.02057,50.03064
1.5-473-550,0.1795180723,0.3590361446,0.9671530515086588,0.0008696541017,1.5,473.0,550.0,794.2295,0.71840507,81.5314,950.8933,156.66382,-0.12566513,-0.8440702,19.613861,-61.91754
1.5-473-550,0.3975903615,0.795180723,0.5396442233296441,0.0004852425493,1.5,473.0,550.0,643.3505,2.2176716,410.30392,638.72235,-4.628174,2.0999465,-0.117725134,408.79202,-1.5119019
1.5-473-550,0.4673469388,0.9346938776,0.9895407848051817,-0.0008897849218,1.5,473.0,550.0,659.4625,0.5462298,353.7398,590.0279,-69.43463,-0.12968284,-0.6759126,424.26245,70.522644
1.5-473-550,0.3361445784,0.6722891568,0.6600967573005477,-0.0005935522321,1.5,473.0,550.0,632.2948,1.8462409,436.1433,616.8828,-15.411987,1.9153547,0.06911385,453.5861,17.44278
1.5-473-550,0.1578313253,0.3156626506,0.9980223152919674,-0.000897411427,1.5,473.0,550.0,871.5514,0.05548125,67.49228,1008.93945,137.38806,-0.62868863,-0.6841699,-48.6521,-116.14438
1.5-473-550,0.2385542169,0.4771084338,0.998978267368595,-0.0008982710093,1.5,473.0,550.0,1254.7961,0.02493369,40.853027,1323.8372,69.041016,-0.6167322,-0.6416659,38.482727,-2.3703003
1.5-473-550,0.2819277109,0.5638554218,0.8902853188558087,0.0008005354251,1.5,473.0,550.0,788.1756,1.6621753,83.3591,768.91425,-19.261353,1.580842,-0.08133328,216.15117,132.79207
1.5-473-550,0.2024096385,0.404819277,0.03282169734692774,-2.951293353e-05,1.5,473.0,550.0,506.89136,1.2613741,616.03595,501.07486,-5.816498,1.1638845,-0.097489595,642.687,26.651062
1.5-473-550,0.0,0.0,0.9999998074933552,0.0008991895677,1.5,473.0,550.0,473.00003,-5.322157e-09,649.85333,457.36334,-15.636688,-0.07924283,-0.079242826,651.19476,1.3414307
1.5-473-550,0.01224489793,0.02448979586,0.9999999997775775,0.0008991897406,1.5,473.0,550.0,473.00003,-5.322157e-09,649.85333,460.31415,-12.685883,-0.097994514,-0.09799451,646.3385,-3.5148315
1.5-473-550,0.4612244898,0.9224489796,0.9965972946963587,0.0008961300631,1.5,473.0,550.0,660.55396,0.18370163,346.3069,607.2901,-53.263855,-0.33028084,-0.5139825,398.85352,52.54663
1.5-473-550,0.1445783132,0.2891566264,0.998978267368595,-0.0008982710093,1.5,473.0,550.0,808.8168,0.0343098,77.99951,904.4512,95.6344,-0.6261268,-0.66043663,-53.78665,-131.78616
1.5-473-550,0.1228915662,0.2457831324,0.9844268823757469,0.0008851865532,1.5,473.0,550.0,610.25,0.48605224,477.10648,625.3937,15.143677,-0.25388354,-0.73993576,249.70808,-227.39839
1.5-473-550,0.1421686747,0.2843373494,0.9985491866279087,0.0008978851843,1.5,473.0,550.0,795.7125,0.05180162,80.74057,879.92175,84.20923,-0.6155667,-0.6673683,-50.389435,-131.13
1.5-473-550,0.2469879518,0.4939759036,0.6600967573005477,0.0005935522321,1.5,473.0,550.0,563.6018,1.4331094,549.07715,540.0626,-23.539185,1.2794397,-0.15366971,611.25037,62.173218
1.5-473-550,0.148192771,0.296385542,0.9996041061370615,-0.0008988337571,1.5,473.0,550.0,829.9849,0.010830397,73.850876,940.35785,110.372925,-0.6394895,-0.6503199,-55.903015,-129.75389
1.5-473-550,0.1096385542,0.2192771084,0.993141646395439,0.0008930227796,1.5,473.0,550.0,627.01746,0.2235654,447.37683,604.08575,-22.931702,-0.35856134,-0.58212674,290.9992,-156.37762
1.5-473-550,0.1614457831,0.3228915662,0.8475322498919685,-0.0007620923041,1.5,473.0,550.0,531.797,0.994278,588.6518,492.53497,-39.262024,0.9309387,-0.06333929,644.8171,56.165283
1.5-473-550,0.1240963855,0.248192771,0.9531521909241071,0.0008570646715,1.5,473.0,550.0,532.69385,0.6993949,587.6544,500.3254,-32.36844,0.35793322,-0.34146166,625.3974,37.74298
1.5-473-550,0.1530120482,0.3060240964,0.9337895728803226,-0.000839654004,1.5,473.0,550.0,564.08966,0.86532944,548.9406,516.93945,-47.150208,0.62839115,-0.2369383,616.2703,67.32971
1.5-473-550,0.06938775512,0.13877551024,0.16340484097302546,-0.0001469319566,1.5,473.0,550.0,473.00003,1.1832433,649.85333,473.50537,0.5053406,1.1146195,-0.06862378,642.0092,-7.844116
1.5-473-550,0.3108433735,0.621686747,0.6021818746711394,0.0005414757638,1.5,473.0,550.0,606.3416,1.6983614,483.11298,583.4341,-22.907532,1.7242084,0.025846958,524.3942,41.28125
1.5-473-550,0.1590361445,0.318072289,0.9956514833048237,-0.0008952795992,1.5,473.0,550.0,861.9236,0.12262838,68.77988,1003.04205,141.11847,-0.6010775,-0.7237059,-45.466278,-114.246155
1.5-473-550,0.4959183674,0.9918367348,0.9531521909241071,-0.0008570646715,1.5,473.0,550.0,657.4262,1.1833347,361.9605,568.5444,-88.881836,0.5288531,-0.6544816,465.9619,104.0014
1.5-473-550,0.07346938777,0.14693877554,0.9872047710533666,-0.0008876844022,1.5,473.0,550.0,473.00003,0.13236248,649.85333,486.4052,13.405182,-0.07554204,-0.20790452,608.2059,-41.64746
1.5-473-550,0.4775510204,0.9551020408,0.9531521908128958,-0.0008570646714,1.5,473.0,550.0,658.2074,1.179428,358.8067,580.6303,-77.57709,0.5546007,-0.62482727,455.02667,96.21997
1.5-473-550,0.02244897957,0.04489795914,0.29146971579860803,-0.0002620865782,1.5,473.0,550.0,473.00003,1.1880245,649.85333,466.2015,-6.798523,1.1198729,-0.06815159,638.6718,-11.181519
1.5-473-550,0.2240963855,0.448192771,0.9215172744995802,0.0008286188792,1.5,473.0,550.0,917.53046,1.3618994,62.207764,824.1113,-93.41913,1.0546901,-0.30720925,204.476,142.26823
1.5-473-550,0.1253012048,0.2506024096,0.09831793589120096,8.840647929e-05,1.5,473.0,550.0,476.80087,1.1075138,646.2678,481.95923,5.1583557,1.1011746,-0.0063391924,645.4437,-0.8240967
1.5-473-550,0.02040816324,0.04081632648,0.998978267368595,-0.0008982710093,1.5,473.0,550.0,473.00003,0.008780533,649.85333,462.2872,-10.71283,-0.101905294,-0.110685825,643.30225,-6.5510864
1.5-473-550,0.2265060241,0.4530120482,0.9442484491033019,0.0008490585182,1.5,473.0,550.0,1028.1874,1.1451952,52.480377,1071.5576,43.37024,0.40378177,-0.7414135,100.68115,48.200775
1.5-473-550,0.4816326531,0.9632653062,0.9811301446957078,0.0008822221605,1.5,473.0,550.0,657.976,0.8182267,359.74072,572.59955,-85.376465,0.100848965,-0.7173777,451.18488,91.44415
1.5-473-550,0.04285714285,0.0857142857,0.8206166047262803,-0.0007378900321,1.5,473.0,550.0,473.00003,0.85585463,649.85333,451.21765,-21.78238,0.8442004,-0.011654258,642.5723,-7.281006
1.5-473-550,0.3831325302,0.7662650604,0.9985491866279087,0.0008978851843,1.5,473.0,550.0,1107.2261,0.066825025,47.56189,1042.1705,-65.05554,-0.99628323,-1.0631082,72.480896,24.919006
1.5-473-550,0.07346938777,0.14693877554,0.8705746216627653,0.0007828117684,1.5,473.0,550.0,473.00003,0.78869295,649.85333,451.42404,-21.575989,0.77142787,-0.017265081,650.3836,0.53027344
1.5-473-550,0.1602409638,0.3204819276,0.9726063657286781,-0.0008745576659,1.5,473.0,550.0,686.0006,0.7101459,170.82321,817.3198,131.31921,-0.18635184,-0.8964977,22.830841,-147.99237
1.5-473-550,0.4897959184,0.9795918368,0.9671530515086588,-0.0008696541017,1.5,473.0,550.0,657.58514,1.0557295,361.31873,567.5826,-90.00256,0.34063536,-0.71509415,463.11237,101.79364
1.5-473-550,0.3421686747,0.6843373494,0.6600967573005477,-0.0005935522321,1.5,473.0,550.0,634.82904,1.8773226,430.92776,621.934,-12.89502,1.94764,0.07031739,442.77042,11.842651
1.5-473-550,0.221686747,0.443373494,0.9973789933391554,0.0008968329585,1.5,473.0,550.0,1288.6056,0.06319731,39.923004,1297.5348,8.929199,-0.6031303,-0.6663276,28.905731,-11.017273
1.5-473-550,0.2277108433,0.4554216866,0.9671530515086588,0.0008696541017,1.5,473.0,550.0,1141.9308,0.7664735,45.76648,1224.1702,82.23938,-0.1807602,-0.9472337,63.87863,18.112152
1.5-473-550,0.04285714285,0.0857142857,0.9996041060258503,0.000898833757,1.5,473.0,550.0,473.00003,0.0031449741,649.85333,473.6227,0.62268066,-0.15820783,-0.16135281,623.2922,-26.561157
1.5-473-550,0.1518072289,0.3036144578,0.7892004020960466,-0.000709640905,1.5,473.0,550.0,512.1658,0.9989619,610.46497,481.8672,-30.298584,0.98960906,-0.009352863,641.9269,31.461914
1.5-473-550,0.156626506,0.313253012,0.9915009044774012,-0.0008915474413,1.5,473.0,550.0,816.4303,0.25015026,76.49484,953.3075,136.8772,-0.54348487,-0.79363513,-41.991974,-118.48682
1.5-473-550,0.1240963855,0.248192771,0.47796385156444166,0.0004297801918,1.5,473.0,550.0,479.56668,1.0608035,643.65234,477.52887,-2.0378113,1.072215,0.011411428,632.82446,-10.827881
1.5-473-550,0.2951807229,0.5903614458,0.9980223152919674,-0.000897411427,1.5,473.0,550.0,1178.065,0.061684188,44.039825,1317.2281,139.16321,-0.659169,-0.7208532,52.328827,8.289001
1.5-473-550,0.1204819277,0.2409638554,0.9999999997775775,0.0008991897406,1.5,473.0,550.0,718.3434,-5.322157e-09,110.97415,710.81635,-7.5270386,-0.5585498,-0.5585498,53.839508,-57.134644
1.5-473-550,0.373493976,0.746987952,0.9215172744995802,-0.0008286188792,1.5,473.0,550.0,852.64575,1.8979826,70.20761,768.8416,-83.80414,1.8242493,-0.07373333,164.49042,94.28281
1.5-473-550,0.3963855422,0.7927710844,0.9956514833048237,0.0008952795992,1.5,473.0,550.0,1076.1873,0.23517704,49.332306,939.04956,-137.1377,-0.9695706,-1.2047477,115.07185,65.73955
1.5-473-550,0.1578313253,0.3156626506,0.9945113832197316,0.0008942544329,1.5,473.0,550.0,847.4754,0.15743113,71.026245,985.46783,137.99243,-0.58582956,-0.7432607,-45.326477,-116.35272
1.5-473-550,0.1578313253,0.3156626506,0.5396442233296441,0.0004852425493,1.5,473.0,550.0,498.2139,1.0828689,624.81757,484.59357,-13.620331,1.0709317,-0.011937261,637.51733,12.699768
1.5-473-550,0.4061224489,0.8122448978,0.9915009044774012,0.0008915474413,1.5,473.0,550.0,812.16925,0.5702177,77.337906,840.0926,27.92334,-0.8419432,-1.4121609,175.75844,98.42053
1.5-473-550,0.1542168674,0.3084337348,0.9993254186825348,0.0008985831642,1.5,473.0,550.0,857.5354,0.018543357,69.42203,988.56757,131.03217,-0.64174837,-0.66029173,-52.91388,-122.33591
1.5-473-550,0.2819277109,0.5638554218,0.9973789933391554,0.0008968329585,1.5,473.0,550.0,1186.5328,0.07868975,43.652557,1327.5509,141.01807,-0.6283378,-0.70702755,52.27112,8.618561
1.5-473-550,0.4387755102,0.8775510204,0.9726063657286781,-0.0008745576659,1.5,473.0,550.0,670.39984,1.0471444,253.23529,615.7156,-54.684265,0.09789907,-0.94924533,397.43768,144.2024
1.5-473-550,0.3337349398,0.6674698796,0.4163512326852384,0.000374378757,1.5,473.0,550.0,588.7598,1.7379959,509.25278,579.2801,-9.479736,1.7867126,0.048716784,526.11786,16.865082
1.5-473-550,0.2674698795,0.534939759,0.9895407848051817,0.0008897849218,1.5,473.0,550.0,1166.7233,0.3017313,44.558533,1321.8331,155.10986,-0.5207649,-0.8224962,57.03833,12.479797
1.5-473-550,0.1277108433,0.2554216866,0.9811301448069191,0.0008822221606,1.5,473.0,550.0,607.8326,0.55012965,481.02277,632.6559,24.823303,-0.20742267,-0.7575523,237.95906,-243.0637
1.5-473-550,0.3915662651,0.7831325302,0.03282169735804886,2.951293354e-05,1.5,473.0,550.0,615.2043,2.0690005,468.81952,590.81775,-24.386536,2.0046575,-0.064342976,485.6195,16.799988
1.5-473-550,0.1927710843,0.3855421686,0.8475322498919685,0.0007620923041,1.5,473.0,550.0,572.5704,1.1526465,534.2278,533.3257,-39.24469,0.97919124,-0.1734553,620.40546,86.17767
1.5-473-550,0.3144578314,0.6289156628,0.7892004020960466,-0.000709640905,1.5,473.0,550.0,656.21783,1.8047911,363.86328,647.125,-9.092834,1.8648899,0.060098767,390.87265,27.009369
1.5-473-550,0.2987951807,0.5975903614,0.16340484119544796,0.0001469319568,1.5,473.0,550.0,535.67615,1.5312004,584.33813,543.59155,7.9154053,1.5228637,-0.008336663,589.3892,5.0510864
1.5-473-550,0.2084337349,0.4168674698,0.09831793590232207,8.84064793e-05,1.5,473.0,550.0,509.0446,1.2858135,613.8569,502.87115,-6.1734314,1.1650965,-0.12071693,641.1099,27.253052
1.5-473-550,0.4714285714,0.9428571428,0.9772248215579286,-0.000878710534,1.5,473.0,550.0,658.8739,0.9010871,356.11606,579.8237,-79.05017,0.13856763,-0.7625195,444.14978,88.03372
1.5-473-550,0.1710843373,0.3421686746,0.9071317792997667,0.0008156835895,1.5,473.0,550.0,574.2125,0.9796682,531.69977,520.8659,-53.34662,0.82389086,-0.15577734,627.4678,95.768005
1.5-473-550,0.1795180723,0.3590361446,0.5396442233296441,0.0004852425493,1.5,473.0,550.0,509.04874,1.1390431,613.82367,491.88248,-17.16626,1.0831927,-0.055850387,640.67926,26.85559
1.5-473-550,0.1385542168,0.2771084336,0.9973789933391554,0.0008968329585,1.5,473.0,550.0,770.8718,0.102804236,87.24808,838.5951,67.72327,-0.58943135,-0.6922356,-39.34079,-126.58887
1.5-473-550,0.169879518,0.339759036,0.9531521909241071,0.0008570646715,1.5,473.0,550.0,643.80585,0.88178474,406.48697,706.9785,63.17267,0.3275984,-0.55418634,185.41765,-221.06932
1.5-473-550,0.1843373494,0.3686746988,0.9956514833048237,0.0008952795992,1.5,473.0,550.0,1033.3623,0.10272174,52.067535,1169.1967,135.83435,-0.59981865,-0.7025404,-11.435088,-63.502625
1.5-473-550,0.06326530613,0.12653061226,0.8206166047262803,0.0007378900321,1.5,473.0,550.0,473.00003,0.873751,649.85333,453.74634,-19.253693,0.8693756,-0.004375398,641.2261,-8.627258
1.5-473-550,0.2409638554,0.4819277108,0.9985491866279087,0.0008978851843,1.5,473.0,550.0,1246.906,0.03676587,41.15262,1325.394,78.48804,-0.6125495,-0.64931536,40.028015,-1.1246033
1.5-473-550,0.3361445784,0.6722891568,0.9811301448069191,0.0008822221606,1.5,473.0,550.0,1064.0854,0.68835956,50.068542,1212.8197,148.73425,-0.5229209,-1.2112805,59.09326,9.024719
1.5-473-550,0.3036144579,0.6072289158,0.9811301448069191,0.0008822221606,1.5,473.0,550.0,1089.8076,0.61095864,48.540527,1281.8447,192.03711,-0.44133204,-1.0522907,66.20584,17.665314
1.5-473-550,0.4816326531,0.9632653062,0.9531521909241071,0.0008570646715,1.5,473.0,550.0,657.92816,1.1810594,359.93393,577.79694,-80.131226,0.54863095,-0.6324284,457.77655,97.84262
1.5-473-550,0.2240963855,0.448192771,0.16340484097302546,-0.0001469319566,1.5,473.0,550.0,514.01654,1.3317388,608.42365,508.6449,-5.371643,1.1936663,-0.13807249,637.229,28.805359
1.5-473-550,0.3168674699,0.6337349398,0.9215172744995802,0.0008286188792,1.5,473.0,550.0,867.2611,1.6368184,68.17737,899.98785,32.726746,1.5050772,-0.13174117,101.736496,33.559128
1.5-473-550,0.2939759036,0.5879518072,0.16340484119544796,0.0001469319568,1.5,473.0,550.0,533.20795,1.5148647,587.0828,541.0198,7.8118286,1.4958857,-0.018978953,594.13904,7.0562134
1.5-473-550,0.05918367348,0.11836734696,0.5396442233296441,0.0004852425493,1.5,473.0,550.0,473.00003,1.0892762,649.85333,466.12714,-6.8728943,1.0657312,-0.023545027,628.9296,-20.923706
1.5-473-550,0.2915662651,0.5831325302,0.993141646395439,0.0008930227796,1.5,473.0,550.0,1158.9102,0.21677065,44.91971,1314.6903,155.78015,-0.59374493,-0.8105156,56.196747,11.277039
1.5-473-550,0.1710843373,0.3421686746,0.9872047710533666,0.0008876844022,1.5,473.0,550.0,882.5951,0.3112287,66.0231,1041.7003,159.10522,-0.49665016,-0.80787885,-24.4198,-90.4429
1.5-473-550,0.3638554217,0.7277108434,0.9531521909241071,0.0008570646715,1.5,473.0,550.0,924.90985,1.5135132,61.187256,951.4792,26.569336,0.54705673,-0.9664565,108.33786,47.150604
1.5-473-550,0.2289156626,0.4578313252,0.9993254186825348,-0.0008985831642,1.5,473.0,550.0,1283.5208,0.014958138,39.923004,1312.9285,29.407715,-0.6208536,-0.63581175,32.617645,-7.305359
1.5-473-550,0.1795180723,0.3590361446,0.960723235489121,0.0008638724771,1.5,473.0,550.0,744.74164,0.8197806,98.79288,883.1492,138.40753,0.0520696,-0.767711,47.30066,-51.492218
1.5-473-550,0.2409638554,0.4819277108,0.9671530515086588,0.0008696541017,1.5,473.0,550.0,1099.021,0.8200421,48.022614,1251.3203,152.29932,-0.17901415,-0.9990562,72.57376,24.551147
1.5-473-550,0.3036144579,0.6072289158,0.6600967573005477,-0.0005935522321,1.5,473.0,550.0,615.96497,1.6922333,467.16434,588.4828,-27.482178,1.702852,0.010618687,516.95905,49.79471
1.5-473-550,0.2156626506,0.4313253012,0.9811301448069191,0.0008822221606,1.5,473.0,550.0,1214.7883,0.45390433,42.44049,1242.3252,27.536865,-0.4118734,-0.86577773,37.24292,-5.197571
1.5-473-550,0.2855421687,0.5710843374,0.9895407848051817,-0.0008897849218,1.5,473.0,550.0,1147.1158,0.32319725,45.50119,1314.5736,167.45776,-0.5383162,-0.86151344,59.224915,13.723724
1.5-473-550,0.2951807229,0.5903614458,0.09831793589120096,8.840647929e-05,1.5,473.0,550.0,531.7663,1.5152624,588.68585,540.0916,8.325317,1.5013797,-0.013882637,593.8469,5.161072
1.5-473-550,0.1987951807,0.3975903614,0.9531521909241071,-0.0008570646715,1.5,473.0,550.0,957.22296,0.93851817,58.1474,980.2706,23.047668,0.20514321,-0.73337495,68.69699,10.549591
1.5-473-550,0.3409638555,0.681927711,0.9671530515086588,0.0008696541017,1.5,473.0,550.0,991.9512,1.1291202,55.124756,1157.4865,165.53528,-0.19096214,-1.3200824,69.557495,14.432739
1.5-473-550,0.1602409638,0.3204819276,0.9998257452316341,-0.0008990330527,1.5,473.0,550.0,894.2327,0.0027817434,64.55673,1038.4697,144.237,-0.6495454,-0.6523271,-47.285217,-111.84195
1.5-473-550,0.2409638554,0.4819277108,0.9985491866279087,-0.0008978851843,1.5,473.0,550.0,1246.9059,0.03676587,41.15265,1325.394,78.48816,-0.6125495,-0.64931536,40.028015,-1.1246338
1.5-473-550,0.4632653061,0.9265306122,0.9980223152919674,-0.000897411427,1.5,473.0,550.0,660.1598,0.10435235,349.97916,605.8914,-54.26837,-0.342732,-0.44708437,400.26474,50.285583
1.5-473-550,0.2903614458,0.5807228916,0.999825745120423,0.0008990330526,1.5,473.0,550.0,1190.142,0.0030916876,43.488525,1324.0299,133.88794,-0.669707,-0.6727987,50.905212,7.416687
1.5-473-550,0.3530120482,0.7060240964,0.3542741437603377,0.0003185596755,1.5,473.0,550.0,596.84735,1.828073,497.88013,587.9124,-8.934937,1.8737036,0.045630574,506.32468,8.44455
1.5-473-550,0.2204819277,0.4409638554,0.9945113832197316,0.0008942544329,1.5,473.0,550.0,1277.5923,0.13336259,40.01184,1289.3477,11.755371,-0.57380706,-0.70716965,30.059357,-9.952484
1.5-473-550,0.1084337349,0.2168674698,0.9772248215579286,-0.000878710534,1.5,473.0,550.0,543.9177,0.43559903,574.7666,530.7042,-13.213501,-0.01744563,-0.45304465,524.8253,-49.941284
1.5-473-550,0.2819277109,0.5638554218,0.9965972946963587,-0.0008961300631,1.5,473.0,550.0,1183.043,0.10289239,43.812164,1326.5863,143.54333,-0.61951405,-0.72240645,52.902893,9.090729
1.5-473-550,0.1927710843,0.3855421686,0.960723235489121,0.0008638724771,1.5,473.0,550.0,923.07446,0.80859834,61.461395,1006.0297,82.95526,0.0025905317,-0.8060078,43.10736,-18.354034
1.5-473-550,0.2253012048,0.4506024096,0.8705746216627653,0.0007828117684,1.5,473.0,550.0,688.1722,1.4543774,219.72603,627.49695,-60.675232,1.1414305,-0.31294692,490.74936,271.02332
1.5-473-550,0.2265060241,0.4530120482,0.9337895728803226,-0.000839654004,1.5,473.0,550.0,975.515,1.2640021,56.567993,964.1625,-11.352539,0.7485727,-0.5154294,131.41168,74.84369
1.5-473-550,0.2385542169,0.4771084338,0.09831793590232207,8.84064793e-05,1.5,473.0,550.0,516.855,1.3652775,605.2673,514.2649,-2.590088,1.2464228,-0.11885476,631.822,26.554749
1.5-473-550,0.3060240964,0.6120481928,0.9931416465066502,-0.0008930227797,1.5,473.0,550.0,1147.5033,0.22695363,45.482086,1297.5441,150.04077,-0.6241867,-0.8511403,55.50406,10.021973
1.5-473-550,0.2301204819,0.4602409638,0.03282169735804886,2.951293354e-05,1.5,473.0,550.0,514.6056,1.3450177,607.7686,510.8166,-3.7890015,1.2298695,-0.11514819,634.92035,27.151733
1.5-473-550,0.2481927711,0.4963855422,0.9337895728803226,0.000839654004,1.5,473.0,550.0,926.4921,1.3498499,61.099457,1046.8528,120.36066,0.72453684,-0.6253131,123.023636,61.92418
1.5-473-550,0.2927710844,0.5855421688,0.9531521908128958,-0.0008570646714,1.5,473.0,550.0,968.58044,1.2406828,57.050964,1204.1886,235.60815,0.19168782,-1.048995,96.61507,39.564102
1.5-473-550,0.2674698795,0.534939759,0.8206166047262803,-0.0007378900321,1.5,473.0,550.0,653.3899,1.6121262,375.54266,629.65015,-23.739746,1.4628596,-0.1492666,453.0657,77.52304
1.5-473-550,0.03265306121,0.06530612242,0.9071317792997667,-0.0008156835895,1.5,473.0,550.0,473.00003,0.660489,649.85333,445.17932,-27.82071,0.574074,-0.08641505,659.1061,9.252747
1.5-473-550,0.2108433735,0.421686747,0.5396442234408553,-0.0004852425494,1.5,473.0,550.0,522.76917,1.2857565,598.6907,506.05814,-16.71103,1.1307611,-0.15499532,640.2283,41.537598
1.5-473-550,0.3457831326,0.6915662652,0.2914697156873968,0.0002620865781,1.5,473.0,550.0,584.6365,1.7697861,514.9167,578.2632,-6.373291,1.8171728,0.047386646,524.0498,9.133118
1.5-473-550,0.0,0.0,0.8476293021558459,-0.0007621795725,1.5,473.0,550.0,473.00003,0.90842825,649.85333,445.94928,-27.05075,0.7284582,-0.17997003,651.2631,1.40979
1.5-473-550,0.1240963855,0.248192771,0.9895407848051817,0.0008897849218,1.5,473.0,550.0,645.4311,0.4261439,404.5594,664.5702,19.1391,-0.37629694,-0.8024409,147.47502,-257.08435
1.5-473-550,0.1963855422,0.3927710844,0.9531521908128958,-0.0008570646714,1.5,473.0,550.0,915.0865,0.9530577,62.35434,959.644,44.557495,0.21455902,-0.7384987,69.045685,6.691345
1.5-473-550,0.3662650603,0.7325301206,0.3542741437603377,0.0003185596755,1.5,473.0,550.0,607.6193,1.9126055,481.34256,597.20404,-10.415283,1.940113,0.027507424,487.4118,6.0692444
1.5-473-550,0.2771084337,0.5542168674,0.5396442233296441,0.0004852425493,1.5,473.0,550.0,562.53735,1.5182599,550.9792,548.5786,-13.95874,1.4587541,-0.05950582,593.4971,42.517883
1.5-473-550,0.4448979592,0.8897959184,0.2914697156873968,0.0002620865781,1.5,473.0,550.0,646.9251,2.030343,400.4329,636.48145,-10.443665,2.1784315,0.14808846,407.7289,7.2960205
1.5-473-550,0.2518072289,0.5036144578,0.9895407848051817,-0.0008897849218,1.5,473.0,550.0,1182.5094,0.2901767,43.83658,1318.4794,135.96997,-0.5147286,-0.8049053,52.478943,8.6423645
1.5-473-550,0.01632653059,0.03265306118,0.9895407848051817,0.0008897849218,1.5,473.0,550.0,473.00003,0.09677201,649.85333,456.4372,-16.562836,-0.002880519,-0.09965253,653.5602,3.7068481
1.5-473-550,0.4714285714,0.9428571428,0.4163512323516047,-0.0003743787567,1.5,473.0,550.0,656.0955,1.9013927,367.33234,651.3546,-4.740906,2.1681743,0.26678157,377.74548,10.413147
1.5-473-550,0.04285714285,0.0857142857,0.960723235489121,-0.0008638724771,1.5,473.0,550.0,473.00003,0.38967276,649.85333,451.3538,-21.64624,0.24716997,-0.14250278,663.3484,13.495056
1.5-473-550,0.3927710844,0.7855421688,0.9442484491033019,-0.0008490585182,1.5,473.0,550.0,885.46497,1.8597895,65.65701,728.3735,-157.09149,1.1088682,-0.75092125,268.03818,202.38116
1.5-473-550,0.4448979592,0.8897959184,0.9993254186825348,-0.0008985831642,1.5,473.0,550.0,666.288,0.035476025,291.82745,653.4769,-12.811096,-0.5711222,-0.60659826,342.44806,50.620605
1.5-473-550,0.3927710844,0.7855421688,0.16340484097302546,-0.0001469319566,1.5,473.0,550.0,618.3295,2.0877755,463.53473,599.9113,-18.418213,2.0214481,-0.06632733,474.51562,10.980896
1.5-473-550,0.3012048193,0.6024096386,0.9442484491033019,0.0008490585182,1.5,473.0,550.0,931.9467,1.3898237,60.486847,1135.8281,203.88141,0.524451,-0.86537266,99.087036,38.60019
1.5-473-550,0.4,0.8,0.09835895158380348,8.844336018e-05,1.5,473.0,550.0,622.1098,2.1463902,456.70142,599.7046,-22.405212,2.0444193,-0.10197091,471.29327,14.591858
1.5-473-550,0.4510204082,0.9020408164,0.9965972946963587,0.0008961300631,1.5,473.0,550.0,663.41675,0.19005412,319.10776,628.74304,-34.673706,-0.43320805,-0.62326217,371.84497,52.737213
1.5-473-550,0.2903614458,0.5807228916,0.9956514833048237,-0.0008952795992,1.5,473.0,550.0,1171.5022,0.13626486,44.339966,1319.0479,147.54565,-0.62212926,-0.7583941,54.12683,9.786865
1.5-473-550,0.3855421687,0.7710843374,0.9973789933391554,0.0008968329585,1.5,473.0,550.0,1098.7301,0.1266433,48.02182,1022.9109,-75.819214,-0.98766583,-1.1143091,78.77464,30.752823
1.5-473-550,0.4081632653,0.8163265306,0.9993254186825348,0.0008985831642,1.5,473.0,550.0,790.2188,0.04129755,82.13385,866.14636,75.92755,-0.9882708,-1.0295683,158.26662,76.13277
1.5-473-550,0.351807229,0.703614458,0.9973789933391554,0.0008968329585,1.5,473.0,550.0,1130.9714,0.103000455,46.29712,1191.7423,60.770874,-0.84549254,-0.948493,48.61203,2.314911
1.5-473-550,0.04489795918,0.08979591836,0.9998257452316341,-0.0008990330527,1.5,473.0,550.0,473.00003,0.00096684165,649.85333,475.25815,2.2581177,-0.16645199,-0.16741884,620.0724,-29.780945
1.5-473-550,0.1180722891,0.2361445782,0.8475322498919685,-0.0007620923041,1.5,473.0,550.0,491.39114,0.8775253,631.72217,464.97595,-26.415192,0.88766676,0.010141432,645.7617,14.039551
1.5-473-550,0.4673469388,0.9346938776,0.9071317792997667,-0.0008156835895,1.5,473.0,550.0,659.11847,1.3859069,355.12885,621.09033,-38.028137,1.1544447,-0.23146224,414.59485,59.466003
1.5-473-550,0.3746987952,0.7493975904,0.9915009044774012,-0.0008915474413,1.5,473.0,550.0,1080.1138,0.3862489,49.104065,1070.8307,-9.283081,-0.8676974,-1.2539463,65.09616,15.992096
1.5-473-550,0.4244897959,0.8489795918,0.960723235489121,-0.0008638724771,1.5,473.0,550.0,696.5123,1.3671287,131.52644,634.9136,-61.598755,0.406249,-0.96087974,379.6684,248.14195
1.5-473-550,0.4469387755,0.893877551,0.5396442233296441,-0.0004852425493,1.5,473.0,550.0,656.18463,1.9039707,366.97253,656.4827,0.2980957,2.1387317,0.234761,371.10217,4.1296387
1.5-473-550,0.3349397591,0.6698795182,0.7892004020960466,-0.000709640905,1.5,473.0,550.0,662.8058,1.9031994,314.6937,663.63824,0.8324585,2.0028298,0.099630356,351.67297,36.97928
1.5-473-550,0.2493975904,0.4987951808,0.993141646395439,-0.0008930227796,1.5,473.0,550.0,1203.6881,0.18912697,42.91223,1323.1179,119.42981,-0.55617326,-0.74530023,48.263855,5.3516235
1.5-473-550,0.3277108434,0.6554216868,0.9811301448069191,0.0008822221606,1.5,473.0,550.0,1071.816,0.6644318,49.586426,1235.9226,164.10657,-0.49622852,-1.1606603,61.097626,11.5112
1.5-473-550,0.3987951807,0.7975903614,0.9337895729915338,-0.0008396540041,1.5,473.0,550.0,864.29395,2.027685,68.52783,710.53656,-153.75739,1.3632334,-0.6644515,286.44583,217.918
1.5-473-550,0.178313253,0.356626506,0.03282169735804886,2.951293354e-05,1.5,473.0,550.0,498.38394,1.1623933,624.64545,493.9288,-4.455139,1.1296788,-0.032714486,646.19684,21.551392
1.5-473-550,0.4163265306,0.8326530612,0.9993254186825348,-0.0008985831642,1.5,473.0,550.0,731.1789,0.043176766,102.88873,804.90283,73.72394,-0.92377263,-0.9669494,201.92094,99.03221
1.5-473-550,0.2421686747,0.4843373494,0.7098470004029654,0.0006382871403,1.5,473.0,550.0,576.563,1.4297818,528.6226,545.7604,-30.802612,1.2485538,-0.18122804,603.7342,75.11157
1.5-473-550,0.2156626506,0.4313253012,0.9337895728803226,0.000839654004,1.5,473.0,550.0,960.1326,1.2733893,57.93808,895.9997,-64.132935,0.77336186,-0.5000275,145.77637,87.83829
1.5-473-550,0.4510204082,0.9020408164,0.16340484119544796,0.0001469319568,1.5,473.0,550.0,646.6904,2.0368135,401.08105,629.0429,-17.647522,2.1959698,0.15915632,415.41345,14.332397
1.5-473-550,0.1277108433,0.2554216866,0.9915009044774012,0.0008915474413,1.5,473.0,550.0,673.62415,0.3948617,224.66728,702.81116,29.187012,-0.4386081,-0.8334698,76.4364,-148.23088
1.5-473-550,0.3481927711,0.6963855422,0.993141646395439,0.0008930227796,1.5,473.0,550.0,1113.8524,0.26930672,47.207794,1197.1101,83.25769,-0.77184385,-1.0411506,50.34546,3.1376648
1.5-473-550,0.002040816299,0.004081632598,0.7892004020960466,-0.000709640905,1.5,473.0,550.0,473.00003,0.9722591,649.85333,449.38187,-23.618164,0.8506477,-0.12161142,643.83057,-6.022766
1.5-473-550,0.3578313254,0.7156626508,0.960723235489121,-0.0008638724771,1.5,473.0,550.0,952.72565,1.3508335,58.462555,1046.7056,93.97992,0.061971303,-1.2888622,81.24121,22.778656
1.5-473-550,0.4081632653,0.8163265306,0.9945113832197316,0.0008942544329,1.5,473.0,550.0,790.1657,0.37754655,82.14586,840.6845,50.5188,-0.89334947,-1.270896,175.42569,93.27983
1.5-473-550,0.1975903614,0.3951807228,0.22784103821928303,0.0002048723241,1.5,473.0,550.0,506.95856,1.2380903,615.96796,498.8499,-8.108643,1.1290432,-0.109047055,642.2685,26.300537
1.5-473-550,0.3590361446,0.7180722892,0.5396442233296441,0.0004852425493,1.5,473.0,550.0,623.44495,1.9240322,454.05988,612.6711,-10.773865,1.969157,0.04512477,460.17892,6.119049
1.5-473-550,0.4755102041,0.9510204082,0.9337895728803226,0.000839654004,1.5,473.0,550.0,658.32776,1.2896265,358.32077,594.572,-63.755737,0.8242625,-0.46536398,445.00458,86.68381
1.5-473-550,0.2060240964,0.4120481928,0.7098470004029654,-0.0006382871403,1.5,473.0,550.0,539.8215,1.2578889,579.5508,513.14294,-26.678528,1.0957315,-0.16215742,635.01166,55.460876
1.5-473-550,0.3,0.6,0.7892004020960466,-0.000709640905,1.5,473.0,550.0,651.84515,1.7416974,381.87933,635.0397,-16.805481,1.7469316,0.0052341223,422.88443,41.005096
1.5-473-550,0.4510204082,0.9020408164,0.9671530515086588,0.0008696541017,1.5,473.0,550.0,663.1494,1.0628548,321.64728,597.4667,-65.68274,0.29161495,-0.7712398,426.75327,105.10599
1.5-473-550,0.4,0.8,0.4165266927609501,0.0003745365289,1.5,473.0,550.0,634.5969,2.195667,431.52774,625.4296,-9.167297,2.0851395,-0.110527515,433.18506,1.6573181
1.5-473-550,0.1216867469,0.2433734938,0.9872047710533666,-0.0008876844022,1.5,473.0,550.0,622.57947,0.44314814,455.8089,635.20734,12.627869,-0.30943054,-0.7525787,219.01753,-236.79137
1.5-473-550,0.4163265306,0.8326530612,0.999825745120423,0.0008990330526,1.5,473.0,550.0,731.17896,0.0070285746,102.8887,807.506,76.32703,-0.9341727,-0.94120127,199.9417,97.05299
1.5-473-550,0.07142857145,0.1428571429,0.9215172744995802,0.0008286188792,1.5,473.0,550.0,473.00003,0.6382248,649.85333,449.63736,-23.36267,0.5572893,-0.08093548,663.7069,13.853577
1.5-473-550,0.04897959184,0.09795918368,0.9965972946963587,0.0008961300631,1.5,473.0,550.0,473.00003,0.033753034,649.85333,474.9653,1.965271,-0.13699895,-0.17075199,622.36896,-27.484375
1.5-473-550,0.2180722892,0.4361445784,0.9996041061370615,-0.0008988337571,1.5,473.0,550.0,1294.5768,0.007915551,39.923004,1294.8433,0.2664795,-0.6261075,-0.6340231,24.504517,-15.418488
1.5-473-550,0.3722891567,0.7445783134,0.9671530515086588,-0.0008696541017,1.5,473.0,550.0,965.08813,1.2831511,57.348663,982.1226,17.034485,-0.22244185,-1.5055931,97.9176,40.56894
1.5-473-550,0.1674698795,0.334939759,0.8902853187445975,0.000800535425,1.5,473.0,550.0,555.9541,0.98237944,559.52106,506.34402,-49.610077,0.858253,-0.124126434,642.6357,83.114624
1.5-473-550,0.2361445783,0.4722891566,0.8475322498919685,-0.0007620923041,1.5,473.0,550.0,653.6512,1.4776741,364.62134,617.01154,-36.63965,1.2066771,-0.27099705,499.70068,135.07935
1.5-473-550,0.4469387755,0.893877551,0.8475322498919685,0.0007620923041,1.5,473.0,550.0,663.1897,1.5466526,321.26505,663.16925,-0.020446777,1.6868433,0.14019072,340.0204,18.75534
1.5-473-550,0.4612244898,0.9224489796,0.9872047710533666,-0.0008876844022,1.5,473.0,550.0,660.51117,0.64184314,346.71353,595.63434,-64.87683,-0.12116689,-0.76301,417.67114,70.95761
1.5-473-550,0.4040816326,0.8081632652,0.3542741437603377,0.0003185596755,1.5,473.0,550.0,633.27783,2.200194,434.44965,621.8185,-11.459351,2.088114,-0.11207986,438.76352,4.3138733
1.5-473-550,0.3638554217,0.7277108434,0.9772248215579286,-0.000878710534,1.5,473.0,550.0,1016.3855,0.9335158,53.265076,1086.4946,70.10913,-0.54283327,-1.4763491,65.72693,12.461853
1.5-473-550,0.03673469387,0.07346938774,0.9996041060258503,0.000898833757,1.5,473.0,550.0,473.00003,0.0030900186,649.85333,469.8781,-3.1219177,-0.14281112,-0.14590114,630.17163,-19.681702
1.5-473-550,0.05714285715,0.1142857143,0.998978267368595,-0.0008982710093,1.5,473.0,550.0,473.00003,0.009673888,649.85333,484.91095,11.910919,-0.19236606,-0.20203996,601.1194,-48.733948
1.5-473-550,0.365060241,0.730120482,0.9531521909241071,-0.0008570646715,1.5,473.0,550.0,924.27997,1.5196233,61.251648,942.4797,18.199707,0.55677485,-0.9628484,112.19052,50.938873
1.5-473-550,0.4795918368,0.9591836736,0.9531521908128958,-0.0008570646714,1.5,473.0,550.0,658.0577,1.1803166,359.4112,579.2014,-78.85626,0.55159646,-0.6287201,456.42764,97.01645
1.5-473-550,0.3939759037,0.7879518074,0.8206166047262803,0.0007378900321,1.5,473.0,550.0,718.96875,2.3582828,111.89203,701.5061,-17.462646,2.0876794,-0.27060342,279.69733,167.8053
1.5-473-550,0.4204081632,0.8408163264,0.7892004020960466,-0.000709640905,1.5,473.0,550.0,680.8593,2.1847246,174.86263,683.68616,2.8268433,2.0171943,-0.1675303,310.8555,135.99287
1.5-473-550,0.03061224488,0.06122448976,0.999825745120423,0.0008990330526,1.5,473.0,550.0,473.00003,0.0009279198,649.85333,466.92294,-6.0770874,-0.13132912,-0.13225704,635.30225,-14.551086
1.5-473-550,0.1180722891,0.2361445782,0.9215172744995802,0.0008286188792,1.5,473.0,550.0,505.51617,0.76476544,617.4277,465.40692,-40.109253,0.6315971,-0.13316834,666.68567,49.257996
1.5-473-550,0.04489795918,0.08979591836,0.9985491866279087,-0.0008978851843,1.5,473.0,550.0,473.00003,0.013711566,649.85333,473.99802,0.99798584,-0.15062791,-0.16433948,623.11346,-26.739868
1.5-473-550,0.2831325301,0.5662650602,0.9872047710533666,0.0008876844022,1.5,473.0,550.0,1138.1831,0.3903063,45.94159,1312.5901,174.40698,-0.5040719,-0.8943782,61.29828,15.356689
1.5-473-550,0.2746987952,0.5493975904,0.3542741437603377,0.0003185596755,1.5,473.0,550.0,534.60657,1.4700139,585.52747,536.0169,1.4103394,1.4033711,-0.06664276,608.3529,22.82544
1.5-473-550,0.2530120482,0.5060240964,0.9215172744995802,-0.0008286188792,1.5,473.0,550.0,878.07294,1.4586983,66.77347,935.15814,57.085205,1.0964177,-0.3622806,150.73116,83.95769
1.5-473-550,0.4959183674,0.9918367348,0.9998257452316341,-0.0008990330527,1.5,473.0,550.0,657.4491,0.005294139,361.86813,568.76196,-88.68713,-0.15094012,-0.15623426,447.4572,85.58908
1.5-473-550,0.2951807229,0.5903614458,0.4163512326852384,0.000374378757,1.5,473.0,550.0,556.0193,1.5579308,559.4649,551.88336,-4.1359253,1.5429044,-0.01502645,582.1304,22.665466
1.5-473-550,0.09387755105,0.1877551021,0.9531521908128958,-0.0008570646714,1.5,473.0,550.0,473.00003,0.46240765,649.85333,466.72913,-6.2709045,0.3365314,-0.12587625,661.5271,11.673767
1.5-473-550,0.3180722892,0.6361445784,0.3542741439827602,-0.0003185596757,1.5,473.0,550.0,566.65045,1.6409086,545.3457,563.4941,-3.156372,1.6709052,0.029996634,556.6581,11.312378
1.5-473-550,0.4040816326,0.8081632652,0.9872047710533666,0.0008876844022,1.5,473.0,550.0,840.9669,0.8096305,72.18027,831.7221,-9.244812,-0.7516735,-1.5613041,181.66617,109.4859
1.5-473-550,0.3096385542,0.6192771084,0.22784103821928303,0.0002048723241,1.5,473.0,550.0,546.7435,1.5783806,571.4108,551.83875,5.095215,1.5921738,0.01379323,575.67535,4.2645264
1.5-473-550,0.3542168675,0.708433735,0.8475322498919685,-0.0007620923041,1.5,473.0,550.0,731.8246,2.0313888,104.599686,712.403,-19.42157,2.1233158,0.09192705,241.40646,136.80678
1.5-473-550,0.02244897957,0.04489795914,0.6600967573005477,-0.0005935522321,1.5,473.0,550.0,473.00003,1.0388064,649.85333,457.73392,-15.266113,1.0042285,-0.034577966,633.1044,-16.748962
1.5-473-550,0.0387755102,0.0775510204,0.6600967573005477,-0.0005935522321,1.5,473.0,550.0,473.00003,1.0164543,649.85333,459.7118,-13.288239,1.0122466,-0.0042077303,631.2867,-18.56665
1.5-473-550,0.2927710844,0.5855421688,0.993141646395439,-0.0008930227796,1.5,473.0,550.0,1157.8481,0.21773058,44.972107,1313.5432,155.69507,-0.59589773,-0.8136283,56.19464,11.222534
1.5-473-550,0.07959183676,0.15918367352,0.7098470004029654,0.0006382871403,1.5,473.0,550.0,473.00003,0.9912609,649.85333,463.0997,-9.90033,1.0025418,0.011280894,631.0978,-18.755554
1.5-473-550,0.08367346941,0.16734693882,0.7525573838264147,0.0006766918789,1.5,473.0,550.0,473.00003,0.95460343,649.85333,461.5645,-11.435516,0.9737788,0.01917535,633.5723,-16.281006
1.5-473-550,0.1650602409,0.3301204818,0.22784103833049427,-0.0002048723242,1.5,473.0,550.0,494.38562,1.126988,628.6918,489.17645,-5.2091675,1.0962182,-0.030769825,642.8229,14.1311035
1.5-473-550,0.373493976,0.746987952,0.7098470004029654,0.0006382871403,1.5,473.0,550.0,654.4869,2.0895224,373.82642,659.1919,4.705017,2.095558,0.0060355663,367.45944,-6.366974
1.5-473-550,0.4632653061,0.9265306122,0.993141646395439,0.0008930227796,1.5,473.0,550.0,660.1497,0.37207186,350.04874,599.20935,-60.94037,-0.23673815,-0.60881,410.5454,60.496674
1.5-473-550,0.213253012,0.426506024,0.16340484097302546,-0.0001469319566,1.5,473.0,550.0,511.05536,1.3027596,611.7165,504.50403,-6.5513306,1.1665059,-0.13625371,639.9887,28.272217
1.5-473-550,0.3554216868,0.7108433736,0.9215172744995802,0.0008286188792,1.5,473.0,550.0,856.70135,1.7986192,69.64621,807.4892,-49.21216,1.8567855,0.058166385,112.46719,42.820984
1.5-473-550,0.395180723,0.790361446,0.9337895728803226,0.000839654004,1.5,473.0,550.0,864.6147,1.9963161,68.484985,720.5107,-144.104,1.4024012,-0.59391487,270.28745,201.80246
1.5-473-550,0.0387755102,0.0775510204,0.9531521908128958,-0.0008570646714,1.5,473.0,550.0,473.00003,0.4445781,649.85333,448.86642,-24.133606,0.30707496,-0.13750315,664.5198,14.666443
1.5-473-550,0.395180723,0.790361446,0.29146971579860803,-0.0002620865782,1.5,473.0,550.0,624.81213,2.1273704,451.56693,610.97125,-13.840881,2.0486674,-0.07870293,457.98758,6.4206543
1.5-473-550,0.4102040816,0.8204081632,0.03282169735804886,2.951293354e-05,1.5,473.0,550.0,628.3223,2.1851525,444.89758,600.7972,-27.525146,2.079714,-0.10543847,464.58453,19.68695
1.5-473-550,0.2710843374,0.5421686748,0.9996041060258503,0.000898833757,1.5,473.0,550.0,1207.3358,0.009420032,42.757233,1335.0276,127.69177,-0.63884073,-0.6482608,49.019073,6.261841
1.5-473-550,0.330120482,0.660240964,0.9726063657286781,-0.0008745576659,1.5,473.0,550.0,1025.7821,0.94495976,52.60373,1209.4905,183.70837,-0.32146245,-1.2664223,67.70657,15.102844
1.5-473-550,0.3927710844,0.7855421688,0.9337895728803226,0.000839654004,1.5,473.0,550.0,865.7769,1.9706935,68.32257,727.4673,-138.30963,1.4284043,-0.54228914,258.98022,190.65765
1.5-473-550,0.3168674699,0.6337349398,0.8475322498919685,0.0007620923041,1.5,473.0,550.0,713.7003,1.8489482,120.91756,692.405,-21.295288,1.9138309,0.064882636,281.49884,160.58128
1.5-473-550,0.3626506025,0.725301205,0.9811301446957078,-0.0008822221605,1.5,473.0,550.0,1037.7808,0.7802534,51.75763,1106.0997,68.31897,-0.6286009,-1.4088542,61.2453,9.487671
1.5-473-550,0.2301204819,0.4602409638,0.9772248215579286,0.000878710534,1.5,473.0,550.0,1185.6685,0.5495275,43.69211,1265.3087,79.64026,-0.3516559,-0.9011834,53.43918,9.74707
1.5-473-550,0.256626506,0.513253012,0.8206166047262803,0.0007378900321,1.5,473.0,550.0,648.0701,1.5686599,393.2582,617.354,-30.716125,1.3649108,-0.20374906,483.1521,89.89389
1.5-473-550,0.2626506024,0.5253012048,0.999825745120423,-0.0008990330526,1.5,473.0,550.0,1217.3839,0.002802307,42.33017,1336.3562,118.97229,-0.6336127,-0.636415,46.992096,4.6619263
1.5-473-550,0.3132530121,0.6265060242,0.960723235489121,-0.0008638724771,1.5,473.0,550.0,986.5605,1.1674103,55.562378,1209.1506,222.59015,0.0064082094,-1.161002,84.01976,28.457382
1.5-473-550,0.4857142857,0.9714285714,0.9215172744995802,0.0008286188792,1.5,473.0,550.0,657.68085,1.3460443,360.93256,594.31146,-63.369385,0.9189727,-0.42707163,444.7152,83.78265
1.5-473-550,0.3795180723,0.7590361446,0.4163512323516047,-0.0003743787567,1.5,473.0,550.0,622.1698,2.021284,456.54315,612.2538,-9.916016,2.0145676,-0.00671649,458.9111,2.3679504
1.5-473-550,0.05714285715,0.1142857143,0.47796385156444166,0.0004297801918,1.5,473.0,550.0,473.00003,1.1160386,649.85333,467.23825,-5.76178,1.0799527,-0.036085844,629.9052,-19.94812
1.5-473-550,0.3975903615,0.795180723,0.6021818746711394,0.0005414757638,1.5,473.0,550.0,649.37573,2.2440584,392.20966,648.35004,-1.0256958,2.110757,-0.13330126,390.14163,-2.0680237
1.5-473-550,0.3373493976,0.6746987952,0.7525573838264147,-0.0006766918789,1.5,473.0,550.0,652.18835,1.8949473,381.37097,647.9872,-4.201172,1.9857928,0.090845466,387.74622,6.375244
1.5-473-550,0.1108433734,0.2216867468,0.9844268823757469,0.0008851865532,1.5,473.0,550.0,578.3832,0.37707877,524.3324,567.489,-10.894165,-0.17764205,-0.5547208,411.7598,-112.5726
1.5-473-550,0.08163265309,0.16326530618,0.9996041061370615,-0.0008988337571,1.5,473.0,550.0,473.00003,0.0032587594,649.85333,526.9244,53.924347,-0.30790025,-0.311159,498.04047,-151.81287
1.5-473-550,0.1843373494,0.3686746988,0.960723235489121,0.0008638724771,1.5,473.0,550.0,806.01953,0.8012642,79.06825,930.5316,124.512085,0.031788703,-0.7694755,42.29474,-36.773514
1.5-473-550,0.3120481928,0.6240963856,0.8902853188558087,-0.0008005354251,1.5,473.0,550.0,800.3043,1.7641047,80.161545,763.66003,-36.644287,1.8171962,0.053091526,173.19029,93.02875
1.5-473-550,0.3903614458,0.7807228916,0.9726063657286781,-0.0008745576659,1.5,473.0,550.0,968.9415,1.2663027,57.00705,858.11475,-110.82678,-0.38174683,-1.6480496,163.56001,106.55296
1.5-473-550,0.02857142855,0.0571428571,0.9337895728803226,0.000839654004,1.5,473.0,550.0,473.00003,0.5486014,649.85333,445.49512,-27.504913,0.42997164,-0.11862975,663.5303,13.676941
1.5-473-550,0.2951807229,0.5903614458,0.8206166047262803,0.0007378900321,1.5,473.0,550.0,666.47943,1.7402265,281.32828,654.0319,-12.44751,1.7204125,-0.019814014,382.60727,101.27899
1.5-473-550,0.1903614457,0.3807228914,0.999825745120423,0.0008990330526,1.5,473.0,550.0,1111.992,0.0024182147,47.30725,1211.9166,99.92468,-0.6396932,-0.6421114,-5.1671743,-52.474426
1.5-473-550,0.308433735,0.61686747,0.47796385156444166,0.0004297801918,1.5,473.0,550.0,578.0999,1.6358838,526.262,566.0295,-12.070435,1.6514661,0.015582323,555.99194,29.72992
1.5-473-550,0.07142857145,0.1428571429,0.03282169734692774,-2.951293353e-05,1.5,473.0,550.0,473.00003,1.1904356,649.85333,475.56165,2.561615,1.1260077,-0.06442797,649.50116,-0.35217285
1.5-473-550,0.386746988,0.773493976,0.960723235489121,0.0008638724771,1.5,473.0,550.0,931.2199,1.5373611,60.5318,812.99994,-118.21997,0.19974679,-1.3376143,196.732,136.2002
1.5-473-550,0.3397590362,0.6795180724,0.9895407848051817,-0.0008897849218,1.5,473.0,550.0,1103.3564,0.394863,47.768646,1218.383,115.02661,-0.6823186,-1.0771816,52.82556,5.0569153
1.5-473-550,0.2180722891,0.4361445782,0.6600967573005477,0.0005935522321,1.5,473.0,550.0,537.8772,1.3159966,581.81415,517.00555,-20.871643,1.1397282,-0.17626846,633.6143,51.80017
1.5-473-550,0.1072289156,0.2144578312,0.29146971579860803,-0.0002620865782,1.5,473.0,550.0,473.0719,1.1315117,649.7855,477.10928,4.037384,1.0896007,-0.041911006,636.67334,-13.112183
1.5-473-550,0.2204819277,0.4409638554,0.7525573838264147,-0.0006766918789,1.5,473.0,550.0,564.63165,1.3412088,547.46045,535.38293,-29.248718,1.126888,-0.21432078,615.50415,68.0437
1.5-473-550,0.1457831325,0.291566265,0.9895407848051817,-0.0008897849218,1.5,473.0,550.0,741.163,0.36277336,97.987625,838.72626,97.56323,-0.48570353,-0.8484769,-26.251953,-124.23958
1.5-473-550,0.2301204819,0.4602409638,0.8475322498919685,-0.0007620923041,1.5,473.0,550.0,648.2607,1.4472626,389.61362,605.8208,-42.43988,1.1612914,-0.28597128,520.94226,131.32864
1.5-473-550,0.191566265,0.38313253,0.9531521909241071,0.0008570646715,1.5,473.0,550.0,849.25244,0.9221178,71.12518,915.5974,66.34497,0.23482162,-0.6872962,72.26361,1.1384277
1.5-473-550,0.3469879518,0.6939759036,0.16340484119544796,0.0001469319568,1.5,473.0,550.0,577.0239,1.7547321,527.08356,571.63135,-5.392578,1.79818,0.043447852,532.763,5.6794434
1.5-473-550,0.1518072289,0.3036144578,0.29146971579860803,-0.0002620865782,1.5,473.0,550.0,489.46198,1.1014194,633.6745,485.49802,-3.9639587,1.0863272,-0.015092254,640.54645,6.8719482
1.5-473-550,0.395180723,0.790361446,0.8902853187445975,0.000800535425,1.5,473.0,550.0,803.91125,2.2540252,79.10419,718.0665,-85.84473,1.8883004,-0.3657248,245.2963,166.19211
1.5-473-550,0.3096385542,0.6192771084,0.9337895728803226,0.000839654004,1.5,473.0,550.0,900.0953,1.5166738,63.953735,1025.3912,125.29596,1.0156589,-0.50101495,97.143036,33.1893
1.5-473-550,0.2120481928,0.4240963856,0.22784103821928303,0.0002048723241,1.5,473.0,550.0,511.60666,1.297701,611.10345,504.06262,-7.544037,1.1563323,-0.14136875,640.26294,29.159485
1.5-473-550,0.2060240963,0.4120481926,0.998978267368595,-0.0008982710093,1.5,473.0,550.0,1252.4089,0.023556465,40.94696,1264.2179,11.80896,-0.6243984,-0.6479549,13.755677,-27.191284
1.5-473-550,0.1614457831,0.3228915662,0.16340484097302546,-0.0001469319566,1.5,473.0,550.0,492.26443,1.1231551,630.8384,488.7183,-3.5461426,1.1004971,-0.02265799,644.097,13.258606
1.5-473-550,0.3132530121,0.6265060242,0.9726063657286781,-0.0008745576659,1.5,473.0,550.0,1039.6167,0.89105725,51.644653,1247.8273,208.21057,-0.29388446,-1.1849418,72.638916,20.994263
1.5-473-550,0.213253012,0.426506024,0.4163512323516047,-0.0003743787567,1.5,473.0,550.0,517.07214,1.2986659,605.0258,505.303,-11.7691345,1.1437508,-0.1549151,640.3491,35.323303
1.5-473-550,0.191566265,0.38313253,0.9215172744995802,0.0008286188792,1.5,473.0,550.0,671.58435,1.1134733,248.89577,625.9008,-45.683533,0.9038596,-0.20961368,432.66663,183.77086
1.5-473-550,0.2277108434,0.4554216868,0.7525573838264147,-0.0006766918789,1.5,473.0,550.0,575.8472,1.3777303,529.5053,543.264,-32.583252,1.1593825,-0.21834779,606.4771,76.9718
1.5-473-550,0.05714285715,0.1142857143,0.29146971579860803,-0.0002620865782,1.5,473.0,550.0,473.00003,1.173696,649.85333,470.30014,-2.6998901,1.1073327,-0.066363335,636.1028,-13.750549
1.5-473-550,0.02653061223,0.05306122446,0.9965972946963587,0.0008961300631,1.5,473.0,550.0,473.00003,0.0316627,649.85333,463.04843,-9.951599,-0.08809162,-0.119754314,642.6599,-7.1934204
1.5-473-550,0.2060240964,0.4120481928,0.16340484097302546,-0.0001469319566,1.5,473.0,550.0,508.8764,1.2763116,614.0271,501.89886,-6.977539,1.1513487,-0.124962926,641.37646,27.349365
1.5-473-550,0.191566265,0.38313253,0.8475322498919685,0.0007620923041,1.5,473.0,550.0,570.68866,1.1431621,537.56244,531.30206,-39.386597,0.9762106,-0.16695154,622.23785,84.675415
1.5-473-550,0.2096385542,0.4192771084,0.6600967573005477,-0.0005935522321,1.5,473.0,550.0,533.8422,1.2772133,586.3775,510.8944,-22.947815,1.1154519,-0.1617614,637.16785,50.790344
1.5-473-550,0.09591836738,0.19183673476,0.998978267368595,0.0008982710093,1.5,473.0,550.0,473.00003,0.009661967,649.85333,570.414,97.41397,-0.38488632,-0.3945483,376.98877,-272.86456
1.5-473-550,0.1024096385,0.204819277,0.9772248215579286,-0.000878710534,1.5,473.0,550.0,517.12445,0.35722136,604.9392,514.94946,-2.1749878,0.0022175258,-0.35500383,562.0342,-42.90503
1.5-473-550,0.06938775512,0.13877551024,0.9965972946963587,-0.0008961300631,1.5,473.0,550.0,473.00003,0.0344637,649.85333,496.35745,23.357422,-0.20157665,-0.23604035,578.03766,-71.815674
1.5-473-550,0.3313253012,0.6626506024,0.9071317792997667,0.0008156835895,1.5,473.0,550.0,834.94257,1.769782,73.22084,799.7704,-35.17218,1.8716753,0.101893306,119.65964,46.438797
1.5-473-550,0.4959183674,0.9918367348,0.7525573838264147,-0.0006766918789,1.5,473.0,550.0,657.2984,1.6735157,362.47638,637.9814,-19.317017,1.7222679,0.04875219,364.38464,1.9082642
1.5-473-550,0.243373494,0.486746988,0.9071317792997667,0.0008156835895,1.5,473.0,550.0,827.7147,1.4950761,74.90349,796.8382,-30.876526,1.2764499,-0.21862614,232.10387,157.20038
1.5-473-550,0.4755102041,0.9510204082,0.960723235489121,-0.0008638724771,1.5,473.0,550.0,658.39874,1.1177075,358.03424,578.7025,-79.69623,0.43827796,-0.67942953,454.21048,96.17624
1.5-473-550,0.4448979592,0.8897959184,0.8705746216627653,-0.0007828117684,1.5,473.0,550.0,664.4096,1.5076425,309.67456,660.924,-3.4855957,1.5841633,0.0765208,348.49307,38.818512
1.5-473-550,0.104819277,0.209638554,0.09831793589120096,8.840647929e-05,1.5,473.0,550.0,473.00232,1.1625783,649.85114,478.81165,5.809326,1.1056722,-0.056906104,645.18243,-4.668701
1.5-473-550,0.4734693878,0.9469387756,0.9872047710533666,0.0008876844022,1.5,473.0,550.0,658.67395,0.6400273,356.92334,581.7707,-76.90326,-0.045974437,-0.6860017,436.39667,79.47333
1.5-473-550,0.4530612245,0.906122449,0.7892004020960466,-0.000709640905,1.5,473.0,550.0,660.65045,1.6204312,345.38998,663.5066,2.8561401,1.8478888,0.22745764,335.787,-9.602997
1.5-473-550,0.2975903615,0.595180723,0.8902853187445975,0.000800535425,1.5,473.0,550.0,793.4696,1.7211791,81.87689,769.00714,-24.462463,1.6994231,-0.021756053,190.5988,108.72191
1.5-473-550,0.2807228916,0.5614457832,0.9965972946963587,-0.0008961300631,1.5,473.0,550.0,1184.1653,0.102415256,43.760834,1327.3024,143.13708,-0.61781687,-0.7202321,52.79077,9.029938
1.5-473-550,0.4102040816,0.8204081632,0.3542741439827602,-0.0003185596757,1.5,473.0,550.0,636.75604,2.221238,426.74542,625.336,-11.420044,2.1059167,-0.11532116,431.95166,5.206238
1.5-473-550,0.1325301204,0.2650602408,0.8902853188558087,-0.0008005354251,1.5,473.0,550.0,512.8446,0.8693357,609.7147,470.8619,-41.982697,0.80102366,-0.06831205,656.3986,46.6839
1.5-473-550,0.1397590361,0.2795180722,0.9671530515086588,0.0008696541017,1.5,473.0,550.0,589.47595,0.70671064,508.63022,612.40845,22.932495,0.07358842,-0.6331222,326.30225,-182.32797
1.5-473-550,0.09795918369,0.19591836738,0.9945113834421542,0.0008942544331,1.5,473.0,550.0,473.00378,0.055836912,649.8498,560.0407,87.03693,-0.30940562,-0.36524254,413.89575,-235.95404
1.5-473-550,0.2240963855,0.448192771,0.7892004020960466,0.000709640905,1.5,473.0,550.0,591.43524,1.376857,505.52847,553.1447,-38.290527,1.130721,-0.24613607,594.49243,88.96396
1.5-473-550,0.1385542168,0.2771084336,0.960723235489121,-0.0008638724771,1.5,473.0,550.0,571.487,0.7326337,536.9059,569.43787,-2.0491333,0.23081261,-0.5018211,459.33185,-77.574036
1.5-473-550,0.4306122449,0.8612244898,0.9726063657286781,0.0008745576659,1.5,473.0,550.0,682.4783,1.091356,161.74974,632.0872,-50.391052,0.040653523,-1.0507026,375.42697,213.67723
1.5-473-550,0.4530612245,0.906122449,0.960723235489121,0.0008638724771,1.5,473.0,550.0,662.4012,1.1220994,328.75653,596.59753,-65.80365,0.43862608,-0.68347335,432.6092,103.85266
1.5-473-550,0.3204819277,0.6409638554,0.9980223152919674,0.000897411427,1.5,473.0,550.0,1160.2593,0.0670424,44.854492,1279.0232,118.763916,-0.72793156,-0.79497397,50.517212,5.6627197
1.5-473-550,0.04285714285,0.0857142857,0.9985491866279087,-0.0008978851843,1.5,473.0,550.0,473.00003,0.01363265,649.85333,472.63385,-0.36618042,-0.14535421,-0.15898687,625.636,-24.217346
1.5-473-550,0.1228915662,0.2457831324,0.7892004020960466,-0.000709640905,1.5,473.0,550.0,490.1111,0.9375533,633.0176,469.25958,-20.851532,0.97005373,0.032500446,638.75836,5.7407837
1.5-473-550,0.2831325301,0.5662650602,0.9071317792997667,-0.0008156835895,1.5,473.0,550.0,832.74243,1.6082867,73.6949,846.78784,14.04541,1.480051,-0.1282357,158.96143,85.266525
1.5-473-550,0.365060241,0.730120482,0.03282169734692774,-2.951293353e-05,1.5,473.0,550.0,591.90125,1.8627942,505.05505,575.8717,-16.029541,1.8797841,0.016989946,517.3895,12.334473
1.5-473-550,0.05510204082,0.11020408164,0.993141646395439,0.0008930227796,1.5,473.0,550.0,473.00003,0.070031755,649.85333,476.02704,3.027008,-0.10868544,-0.1787172,622.5383,-27.315002
1.5-473-550,0.3289156627,0.6578313254,0.9442484491033019,-0.0008490585182,1.5,473.0,550.0,921.12317,1.475611,61.594116,1062.3826,141.2594,0.7377803,-0.7378307,85.36461,23.770493
1.5-473-550,0.05306122449,0.10612244898,0.5396442233296441,-0.0004852425493,1.5,473.0,550.0,473.00003,1.09053,649.85333,465.32275,-7.6772766,1.0655013,-0.025028706,629.23004,-20.623291
1.5-473-550,0.2048192771,0.4096385542,0.9337895728803226,0.000839654004,1.5,473.0,550.0,892.82477,1.2190409,65.12891,811.7871,-81.03766,0.79203445,-0.42700642,180.0524,114.92349
1.5-473-550,0.2590361446,0.5180722892,0.9811301448069191,0.0008822221606,1.5,473.0,550.0,1135.5046,0.52188504,46.07364,1305.6711,170.1665,-0.40521353,-0.9270986,63.46985,17.39621
1.5-473-550,0.08571428574,0.17142857148,0.9531521908128958,-0.0008570646714,1.5,473.0,550.0,473.00003,0.4627201,649.85333,462.01956,-10.980469,0.33212554,-0.13059455,663.52625,13.672913
1.5-473-550,0.4428571429,0.8857142858,0.9985491866279087,0.0008978851843,1.5,473.0,550.0,667.5622,0.083986096,279.7217,658.1285,-9.433716,-0.5774736,-0.6614597,337.32895,57.60724
1.5-473-550,0.191566265,0.38313253,0.3542741439827602,-0.0003185596757,1.5,473.0,550.0,507.37558,1.2049252,615.5459,496.51514,-10.860443,1.108963,-0.09596217,642.0674,26.521484
1.5-473-550,0.1,0.2,0.7527150114032973,-0.000676833616,1.5,473.0,550.0,473.00665,0.9508296,649.84705,464.70892,-8.2977295,0.9851523,0.03432268,634.1007,-15.746338
1.5-473-550,0.4265306122,0.8530612244,0.09831793589120096,8.840647929e-05,1.5,473.0,550.0,638.32556,2.1763937,423.26886,613.60364,-24.721924,2.137045,-0.03934884,442.73706,19.4682
1.5-473-550,0.4612244898,0.9224489796,0.9844268823757469,-0.0008851865532,1.5,473.0,550.0,660.49603,0.7318522,346.85718,593.2336,-67.26245,-0.059258703,-0.7911109,422.21793,75.36075
1.5-473-550,0.01836734691,0.03673469382,0.9071317792997667,0.0008156835895,1.5,473.0,550.0,473.00003,0.65215385,649.85333,444.42566,-28.574371,0.5542753,-0.097878575,659.4727,9.619385
1.5-473-550,0.2156626506,0.4313253012,0.2914697156873968,0.0002620865781,1.5,473.0,550.0,513.9343,1.3092685,608.515,505.60498,-8.329346,1.1585759,-0.15069258,639.68085,31.165833
1.5-473-550,0.2277108434,0.4554216868,0.5396442234408553,0.0004852425494,1.5,473.0,550.0,528.3246,1.3420143,592.5131,515.50757,-12.817017,1.1821724,-0.1598419,635.5492,43.03607
1.5-473-550,0.2530120482,0.5060240964,0.998978267368595,-0.0008982710093,1.5,473.0,550.0,1222.4014,0.02666145,42.12381,1333.4022,111.000854,-0.61957484,-0.6462363,44.737793,2.6139832
1.5-473-550,0.1891566265,0.378313253,0.9999999997775775,-0.0008991897406,1.5,473.0,550.0,1104.0494,-5.322157e-09,47.758728,1207.4006,103.3512,-0.64196223,-0.64196223,-6.8429556,-54.601685
1.5-473-550,0.178313253,0.356626506,0.9999999997775775,-0.0008991897406,1.5,473.0,550.0,1008.44006,-5.322157e-09,53.868866,1155.1729,146.73279,-0.64708287,-0.64708287,-22.07306,-75.941925
1.5-473-550,0.3168674699,0.6337349398,0.8705746216627653,0.0007828117684,1.5,473.0,550.0,759.16016,1.8296787,92.15915,721.2893,-37.87085,1.9028393,0.07316065,223.76646,131.60732
1.5-473-550,0.2373493976,0.4746987952,0.9442484491033019,-0.0008490585182,1.5,473.0,550.0,995.66925,1.1889602,54.871674,1112.7507,117.08148,0.38749242,-0.8014678,103.96504,49.09337
1.5-473-550,0.3240963856,0.6481927712,0.6021818746711394,0.0005414757638,1.5,473.0,550.0,614.7525,1.7616476,469.41168,594.63464,-20.117859,1.811389,0.049741387,499.84537,30.433685
1.5-473-550,0.2542168675,0.508433735,0.9999999997775775,0.0008991897406,1.5,473.0,550.0,1225.0809,-5.322157e-09,42.0336,1335.1726,110.091675,-0.63040346,-0.63040346,44.346497,2.3128967
1.5-473-550,0.4897959184,0.9795918368,0.9996041061370615,-0.0008988337571,1.5,473.0,550.0,657.6107,0.017326767,361.21555,574.0504,-83.5603,-0.18020755,-0.19753432,441.02258,79.80704
1.5-473-550,0.4510204082,0.9020408164,0.9442484491033019,0.0008490585182,1.5,473.0,550.0,662.9253,1.2416966,323.777,609.0691,-53.8562,0.76597095,-0.47572565,427.13684,103.35983
1.5-473-550,0.3228915663,0.6457831326,0.9726063657286781,0.0008745576659,1.5,473.0,550.0,1031.7815,0.9212793,52.178406,1227.8464,196.06494,-0.3079309,-1.2292101,69.90283,17.724426
1.5-473-550,0.265060241,0.530120482,0.8902853188558087,-0.0008005354251,1.5,473.0,550.0,786.78925,1.605507,83.96054,757.68854,-29.100708,1.4634651,-0.14204192,253.2221,169.26157
1.5-473-550,0.05918367348,0.11836734696,0.9215172744995802,0.0008286188792,1.5,473.0,550.0,473.00003,0.6364487,649.85333,447.7283,-25.271729,0.5396415,-0.09680718,662.81323,12.9599
1.5-473-550,0.05714285715,0.1142857143,0.9872047710533666,0.0008876844022,1.5,473.0,550.0,473.00003,0.1319176,649.85333,471.53867,-1.4613647,-0.03800631,-0.1699239,633.8303,-16.02301
1.5-473-550,0.3349397591,0.6698795182,0.5396442233296441,0.0004852425493,1.5,473.0,550.0,609.4048,1.7896174,478.26447,593.83075,-15.574036,1.8452044,0.055586934,499.40536,21.1409
1.5-473-550,0.2373493976,0.4746987952,0.9442484491033019,0.0008490585182,1.5,473.0,550.0,995.6693,1.1889601,54.871643,1112.7507,117.08142,0.38749242,-0.80146766,103.96504,49.0934
1.5-473-550,0.01428571426,0.02857142852,0.9811301446957078,0.0008822221605,1.5,473.0,550.0,473.00003,0.17407423,649.85333,452.87955,-20.120483,0.07525324,-0.09882099,658.76843,8.9151
1.5-473-550,0.1879518072,0.3759036144,0.4163512323516047,-0.0003743787567,1.5,473.0,550.0,507.76486,1.1841522,615.152,495.13406,-12.630798,1.10007,-0.084082246,641.7594,26.607422
1.5-473-550,0.2759036145,0.551807229,0.9215172744995802,-0.0008286188792,1.5,473.0,550.0,873.3346,1.5075879,67.358795,956.64246,83.30786,1.1748414,-0.3327465,131.59196,64.23317
1.5-473-550,0.4693877551,0.9387755102,0.9531521909241071,0.0008570646715,1.5,473.0,550.0,659.0422,1.1751246,355.43683,586.6201,-72.42206,0.56702274,-0.6081019,448.84103,93.404205
1.5-473-550,0.1879518072,0.3759036144,0.09831793590232207,-8.84064793e-05,1.5,473.0,550.0,502.21323,1.1961688,620.7702,496.2649,-5.9483337,1.1311803,-0.064988494,644.2272,23.45697
1.5-473-550,0.330120482,0.660240964,0.9337895728803226,0.000839654004,1.5,473.0,550.0,892.8394,1.5887346,64.81323,960.2883,67.44891,1.2582946,-0.33044004,86.765335,21.952103
1.5-473-550,0.3409638555,0.681927711,0.9844268823757469,-0.0008851865532,1.5,473.0,550.0,1076.3743,0.5863137,49.32144,1204.7395,128.36523,-0.6019264,-1.18824,55.871277,6.549835
1.5-473-550,0.3409638555,0.681927711,0.8902853187445975,0.000800535425,1.5,473.0,550.0,803.58374,1.8771309,79.312485,752.3652,-51.218567,2.033185,0.15605414,157.61607,78.30359
1.5-473-550,0.2024096385,0.404819277,0.9973789933391554,0.0008968329585,1.5,473.0,550.0,1224.3711,0.06450861,42.045746,1249.1534,24.782349,-0.61004,-0.6745486,10.809602,-31.236145
1.5-473-550,0.06938775512,0.13877551024,0.999825745120423,0.0008990330526,1.5,473.0,550.0,473.00003,0.000998432,649.85333,502.38156,29.38153,-0.25125664,-0.25225508,560.6724,-89.18091
1.5-473-550,0.2168674698,0.4337349396,0.9985491866279087,-0.0008978851843,1.5,473.0,550.0,1288.0995,0.03448957,39.923004,1290.2367,2.137207,-0.61620396,-0.65069354,24.209045,-15.713959
1.5-473-550,0.2831325301,0.5662650602,0.8206166047262803,-0.0007378900321,1.5,473.0,550.0,660.3932,1.6813256,327.6252,644.4658,-15.927368,1.6090505,-0.07227504,411.86017,84.234955
1.5-473-550,0.213253012,0.426506024,0.3542741439827602,-0.0003185596757,1.5,473.0,550.0,514.89874,1.2999536,607.4427,504.87244,-10.026306,1.1478592,-0.15209436,640.2699,32.82721
1.5-473-550,0.4653061225,0.930612245,0.8705746216627653,0.0007828117684,1.5,473.0,550.0,659.2097,1.4793041,354.76047,640.05774,-19.151978,1.4418079,-0.03749621,379.59177,24.831299
1.5-473-550,0.256626506,0.513253012,0.9980223152919674,0.000897411427,1.5,473.0,550.0,1214.7964,0.05409896,42.440155,1333.2368,118.44043,-0.6113215,-0.6654205,46.716034,4.275879
1.5-473-550,0.3313253012,0.6626506024,0.9772248215579286,0.000878710534,1.5,473.0,550.0,1047.7883,0.8082016,51.111694,1217.8894,170.10107,-0.4288543,-1.2370559,63.3739,12.262207
1.5-473-550,0.4693877551,0.9387755102,0.9895407848051817,-0.0008897849218,1.5,473.0,550.0,659.1745,0.5462173,354.90262,587.6446,-71.52991,-0.116402216,-0.66261953,427.4718,72.56918
1.5-473-550,0.06326530613,0.12653061226,0.9998257452316341,-0.0008990330527,1.5,473.0,550.0,473.00003,0.0009982532,649.85333,493.3591,20.35907,-0.22624439,-0.22724265,581.88184,-67.9715
1.5-473-550,0.351807229,0.703614458,0.03282169734692774,-2.951293353e-05,1.5,473.0,550.0,578.08246,1.7744498,524.94116,568.38153,-9.700928,1.8110627,0.03661287,533.4141,8.472961
1.5-473-550,0.2831325301,0.5662650602,0.22784103833049427,-0.0002048723242,1.5,473.0,550.0,531.051,1.4846792,589.48126,536.8979,5.846863,1.4390752,-0.04560399,603.26465,13.783386
1.5-473-550,0.1843373494,0.3686746988,0.993141646395439,0.0008930227796,1.5,473.0,550.0,1019.6041,0.16171789,53.03241,1158.8224,139.21826,-0.57211643,-0.7338343,-10.101653,-63.134064
1.5-473-550,0.2168674698,0.4337349396,0.9985491866279087,0.0008978851843,1.5,473.0,550.0,1288.0996,0.03448957,39.923004,1290.2367,2.137085,-0.61620396,-0.65069354,24.209045,-15.713959
1.5-473-550,0.2771084337,0.5542168674,0.47796385156444166,-0.0004297801918,1.5,473.0,550.0,550.5677,1.5002519,566.43555,543.672,-6.895691,1.441553,-0.058698893,599.7036,33.268066
1.5-473-550,0.4897959184,0.9795918368,0.9872047710533666,0.0008876844022,1.5,473.0,550.0,657.6033,0.64136034,361.24554,568.08234,-89.520935,0.026559645,-0.6148007,453.72403,92.478485
1.5-473-550,0.1614457831,0.3228915662,0.9993254186825348,-0.0008985831642,1.5,473.0,550.0,897.90454,0.016848916,64.13925,1044.4442,146.53967,-0.64427406,-0.661123,-45.539062,-109.678314
1.5-473-550,0.3855421687,0.7710843374,0.8206166047262803,0.0007378900321,1.5,473.0,550.0,713.6253,2.2622275,117.10988,703.5974,-10.027893,2.1153336,-0.14689398,275.58966,158.47978
1.5-473-550,0.4979591837,0.9959183674,0.9442484492145131,-0.0008490585183,1.5,473.0,550.0,657.38196,1.2408785,362.13904,571.48926,-85.8927,0.63234055,-0.6085379,464.55484,102.4158
1.5-473-550,0.2,0.4,0.9956514833048237,-0.0008952795992,1.5,473.0,550.0,1201.4897,0.10257482,43.005676,1236.1973,34.70752,-0.5933086,-0.69588345,9.074677,-33.931
1.5-473-550,0.1457831325,0.291566265,0.7892004020960466,0.000709640905,1.5,473.0,550.0,507.4696,0.98452705,615.4508,478.72382,-28.745789,0.9856252,0.001098156,641.3741,25.923279
1.5-473-550,0.1831325301,0.3662650602,0.9999999997775775,0.0008991897406,1.5,473.0,550.0,1046.9092,-5.322157e-09,51.195007,1179.8922,132.98303,-0.6448596,-0.6448596,-15.138091,-66.3331
1.5-473-550,0.5,1.0,0.9931458282714428,0.0008930265399,1.5,473.0,550.0,657.37775,0.41296825,362.15607,562.64197,-94.73578,-0.02898777,-0.441956,457.42133,95.26526
1.5-473-550,0.3710843374,0.7421686748,0.9726063657286781,-0.0008745576659,1.5,473.0,550.0,988.40955,1.1237984,55.399536,1020.9899,32.580383,-0.4300652,-1.5538635,82.63493,27.235397
1.5-473-550,0.1795180723,0.3590361446,0.6021818746711394,-0.0005414757638,1.5,473.0,550.0,512.69684,1.1307455,609.8912,492.01437,-20.682465,1.0771478,-0.05359769,640.70166,30.810486
1.5-473-550,0.2626506024,0.5253012048,0.7098470004029654,0.0006382871403,1.5,473.0,550.0,600.8871,1.528926,491.38037,564.78357,-36.103516,1.39712,-0.13180602,573.3691,81.98871
1.5-473-550,0.4551020408,0.9102040816,0.9872047710533666,0.0008876844022,1.5,473.0,550.0,661.99884,0.6489401,332.57916,604.53125,-57.46759,-0.1674537,-0.8163938,405.61722,73.038055
1.5-473-550,0.0244897959,0.0489795918,0.8705746216627653,-0.0007828117684,1.5,473.0,550.0,473.00003,0.7536158,649.85333,446.17,-26.830017,0.6983006,-0.055315197,652.33203,2.4786987
1.5-473-550,0.4897959184,0.9795918368,0.9985491866279087,-0.0008978851843,1.5,473.0,550.0,657.6107,0.07510512,361.21555,573.3517,-84.25903,-0.16242307,-0.2375282,442.31726,81.101715
1.5-473-550,0.2506024096,0.5012048192,0.03282169734692774,-2.951293353e-05,1.5,473.0,550.0,519.1595,1.3961993,602.7047,518.91144,-0.24804688,1.2990487,-0.09715068,625.84985,23.145142
1.5-473-550,0.3120481928,0.6240963856,0.6600967573005477,-0.0005935522321,1.5,473.0,550.0,620.8843,1.730764,458.43802,595.93054,-24.953735,1.7634102,0.03264618,500.0593,41.621277
1.5-473-550,0.1626506024,0.3253012048,0.9945113832197316,-0.0008942544329,1.5,473.0,550.0,876.97546,0.14804292,66.77069,1024.1415,147.16602,-0.5890278,-0.73707074,-40.79474,-107.56543
1.5-473-550,0.1734939759,0.3469879518,0.9945113832197316,-0.0008942544329,1.5,473.0,550.0,939.1429,0.13682604,59.733765,1101.4244,162.28156,-0.5903315,-0.72715753,-26.56247,-86.296234
1.5-473-550,0.2807228916,0.5614457832,0.9999999997775775,-0.0008991897406,1.5,473.0,550.0,1198.7684,-5.322157e-09,43.1391,1331.3792,132.61072,-0.65520984,-0.65520984,50.09494,6.955841
1.5-473-550,0.1734939759,0.3469879518,0.22784103821928303,0.0002048723241,1.5,473.0,550.0,497.85666,1.1452785,625.1791,491.41724,-6.4394226,1.101598,-0.04368043,643.0666,17.887512
1.5-473-550,0.1891566265,0.378313253,0.9071317792997667,-0.0008156835895,1.5,473.0,550.0,623.3608,1.0961962,452.8324,573.735,-49.625793,0.91032946,-0.18586671,554.98645,102.15405
1.5-473-550,0.4489795918,0.8979591836,0.8206166047262803,-0.0007378900321,1.5,473.0,550.0,662.0991,1.5859886,331.6262,664.43494,2.3358154,1.7782462,0.19225752,335.2061,3.579895
1.5-473-550,0.2325301205,0.465060241,0.7525573838264147,0.0006766918789,1.5,473.0,550.0,583.44196,1.4012218,518.96405,548.51355,-34.928406,1.1849155,-0.21630621,599.8074,80.84332
1.5-473-550,0.1518072289,0.3036144578,0.9671530515086588,-0.0008696541017,1.5,473.0,550.0,625.037,0.7495838,450.6333,690.21716,65.180176,0.0077021667,-0.7418816,154.85802,-295.77527
1.5-473-550,0.1228915662,0.2457831324,0.9895407848051817,0.0008897849218,1.5,473.0,550.0,641.4203,0.41842744,415.49442,656.96027,15.539978,-0.36871225,-0.78713965,163.68657,-251.80785
1.5-473-550,0.4081632653,0.8163265306,0.9872047710533666,-0.0008876844022,1.5,473.0,550.0,789.6035,0.83928376,82.28552,799.1221,9.518555,-0.71190494,-1.5511887,206.2307,123.945175
1.5-473-550,0.3698795181,0.7397590362,0.16340484097302546,-0.0001469319566,1.5,473.0,550.0,599.5842,1.9053347,493.87454,585.8807,-13.703552,1.9177372,0.0124025345,503.1946,9.320068
1.5-473-550,0.4836734694,0.9673469388,0.6021818746711394,-0.0005414757638,1.5,473.0,550.0,657.1604,1.7976016,363.03354,653.7995,-3.3609009,2.0249221,0.22732055,356.9968,-6.036743
1.5-473-550,0.1530120482,0.3060240964,0.9215172744995802,0.0008286188792,1.5,473.0,550.0,553.36127,0.88827026,562.8701,498.80582,-54.55545,0.7072111,-0.18105918,646.8592,83.989075
1.5-473-550,0.2493975904,0.4987951808,0.9726063657286781,-0.0008745576659,1.5,473.0,550.0,1104.1688,0.731049,47.736725,1279.1475,174.97864,-0.27373058,-1.0047796,69.81903,22.082306
1.5-473-550,0.2361445783,0.4722891566,0.3542741439827602,-0.0003185596757,1.5,473.0,550.0,521.05066,1.3608559,600.6017,515.29596,-5.7546997,1.2170148,-0.14384115,633.8308,33.229126
1.5-473-550,0.1554216867,0.3108433734,0.7892004020960466,-0.000709640905,1.5,473.0,550.0,515.0195,1.0082599,607.30835,483.9099,-31.109558,0.9920695,-0.01619041,642.1636,34.855225
1.5-473-550,0.4020408163,0.8040816326,0.9998257453428454,-0.0008990330528,1.5,473.0,550.0,891.4308,0.0060924836,65.22,915.4707,24.039917,-1.0236967,-1.0297891,128.09416,62.87416
1.5-473-550,0.04897959184,0.09795918368,0.6021818746711394,0.0005414757638,1.5,473.0,550.0,473.00003,1.0573602,649.85333,463.04504,-9.954987,1.0441304,-0.013229728,629.4593,-20.394043
1.5-473-550,0.3373493976,0.6746987952,0.8206166047262803,-0.0007378900321,1.5,473.0,550.0,686.3957,1.9372386,185.3628,683.948,-2.4476929,2.041334,0.10409534,302.46985,117.107056
1.5-473-550,0.3397590362,0.6795180724,0.9071317792997667,-0.0008156835895,1.5,473.0,550.0,834.0831,1.8039116,73.35747,789.72595,-44.357178,1.9373448,0.13343322,120.108765,46.751297
1.5-473-550,0.0102040816,0.0204081632,0.6021818746711394,0.0005414757638,1.5,473.0,550.0,473.00003,1.0822082,649.85333,458.23312,-14.766907,1.0328325,-0.049375653,633.6897,-16.163635
1.5-473-550,0.07755102043,0.15510204086,0.9973789934503665,-0.0008968329586,1.5,473.0,550.0,473.00003,0.026279146,649.85333,511.98944,38.98941,-0.24874896,-0.2750281,539.7037,-110.14966
1.5-473-550,0.4632653061,0.9265306122,0.22784103821928303,0.0002048723241,1.5,473.0,550.0,652.82227,1.9970202,380.5464,637.8704,-14.951843,2.2082539,0.21123362,400.8618,20.3154
1.5-473-550,0.1530120482,0.3060240964,0.9985491866279087,0.0008978851843,1.5,473.0,550.0,847.8248,0.043124493,70.97052,973.485,125.66016,-0.6317319,-0.6748564,-52.946228,-123.91675
1.5-473-550,0.4734693878,0.9469387756,0.9999999997775775,-0.0008991897406,1.5,473.0,550.0,658.6978,-5.322157e-09,356.82693,592.804,-65.8938,-0.29703146,-0.29703146,416.68976,59.862823
1.5-473-550,0.1421686747,0.2843373494,0.9071317792997667,-0.0008156835895,1.5,473.0,550.0,529.6721,0.8754706,591.0146,479.39807,-50.274048,0.75266296,-0.12280762,659.55347,68.53888
1.5-473-550,0.1927710843,0.3855421686,0.9993254186825348,0.0008985831642,1.5,473.0,550.0,1139.5219,0.014444107,45.876495,1220.1412,80.619385,-0.63367444,-0.64811856,-1.8016043,-47.6781
1.5-473-550,0.351807229,0.703614458,0.9671530515086588,0.0008696541017,1.5,473.0,550.0,982.6434,1.1780134,55.864624,1111.6283,128.98492,-0.20723873,-1.3852522,69.41498,13.550354
1.5-473-550,0.1903614457,0.3807228914,0.9726063657286781,-0.0008745576659,1.5,473.0,550.0,960.5114,0.61288214,57.77005,1084.1205,123.60907,-0.26834208,-0.8812242,17.119324,-40.650726
1.5-473-550,0.2638554217,0.5277108434,0.9337895728803226,0.000839654004,1.5,473.0,550.0,920.16327,1.3801066,61.733704,1070.6952,150.53192,0.74300843,-0.63709813,119.52791,57.794205
1.5-473-550,0.2831325301,0.5662650602,0.9945113832197316,0.0008942544329,1.5,473.0,550.0,1172.4965,0.16801041,44.294495,1323.1603,150.66382,-0.59701365,-0.76502407,54.727936,10.433441
1.5-473-550,0.3373493976,0.6746987952,0.9985491866279087,-0.0008978851843,1.5,473.0,550.0,1149.0731,0.051794406,45.404694,1239.8035,90.73035,-0.7972372,-0.8490316,48.275513,2.870819
1.5-473-550,0.2638554217,0.5277108434,0.9996041060258503,-0.000898833757,1.5,473.0,550.0,1215.3169,0.009196037,42.41803,1336.0784,120.761475,-0.6322462,-0.64144224,47.47107,5.0530396
1.5-473-550,0.351807229,0.703614458,0.9844268823757469,0.0008851865532,1.5,473.0,550.0,1066.0657,0.61796045,49.942474,1165.2666,99.20093,-0.6467752,-1.2647357,55.335052,5.392578
1.5-473-550,0.3855421687,0.7710843374,0.47796385156444166,-0.0004297801918,1.5,473.0,550.0,631.2619,2.086372,438.65964,623.2048,-8.057129,2.052404,-0.03396797,438.41516,-0.24447632
1.5-473-550,0.2843373494,0.5686746988,0.9844268823757469,0.0008851865532,1.5,473.0,550.0,1123.5444,0.47480708,46.68994,1307.2097,183.66528,-0.46637446,-0.94118154,64.06494,17.375
1.5-473-550,0.308433735,0.61686747,0.9872047710533666,-0.0008876844022,1.5,473.0,550.0,1117.5636,0.42486724,47.00952,1285.2634,167.69983,-0.54708046,-0.97194767,60.009033,12.999512
1.5-473-550,0.01632653059,0.03265306118,0.9671530515086588,-0.0008696541017,1.5,473.0,550.0,473.00003,0.3092515,649.85333,449.2611,-23.738922,0.19098252,-0.11826897,662.9584,13.1050415
1.5-473-550,0.3614457832,0.7228915664,0.4163512323516047,-0.0003743787567,1.5,473.0,550.0,609.66504,1.8972857,477.97226,599.5715,-10.093567,1.9355268,0.038241148,484.31808,6.345825
1.5-473-550,0.01632653059,0.03265306118,0.9956514833048237,-0.0008952795992,1.5,473.0,550.0,473.00003,0.039697107,649.85333,459.25293,-13.747101,-0.061705414,-0.10140252,648.6627,-1.1906128
1.5-473-550,0.3903614458,0.7807228916,0.22784103833049427,-0.0002048723242,1.5,473.0,550.0,618.73303,2.0736063,462.8316,603.0253,-15.707703,2.0200887,-0.05351758,471.26813,8.436523
1.5-473-550,0.3554216868,0.7108433736,0.9895407848051817,0.0008897849218,1.5,473.0,550.0,1088.3606,0.42673436,48.624634,1162.0737,73.713135,-0.750555,-1.1772894,52.869293,4.2446594
1.5-473-550,0.1927710843,0.3855421686,0.9671530515086588,0.0008696541017,1.5,473.0,550.0,963.4591,0.7031205,57.53076,1061.3202,97.861084,-0.15750057,-0.8606211,28.703522,-28.82724
1.5-473-550,0.2457831325,0.491566265,0.4163512323516047,-0.0003743787567,1.5,473.0,550.0,526.50616,1.390415,594.53516,521.6068,-4.899353,1.2567099,-0.13370502,628.98456,34.4494
1.5-473-550,0.1180722891,0.2361445782,0.9726063657286781,-0.0008745576659,1.5,473.0,550.0,552.01996,0.5584529,564.6546,544.3316,-7.6883545,0.03985667,-0.51859623,499.6424,-65.01221
1.5-473-550,0.3722891567,0.7445783134,0.47796385156444166,-0.0004297801918,1.5,473.0,550.0,623.38336,1.98732,454.2602,614.148,-9.235352,2.0033934,0.016073465,456.27756,2.0173645
1.5-473-550,0.4959183674,0.9918367348,0.5396442233296441,-0.0004852425493,1.5,473.0,550.0,657.147,1.8352723,363.0878,650.79974,-6.347229,2.0520167,0.21674442,362.04083,-1.0469666
1.5-473-550,0.2180722892,0.4361445784,0.9998257452316341,-0.0008990330527,1.5,473.0,550.0,1295.4188,0.0024219698,39.923004,1295.275,-0.14379883,-0.6282435,-0.6306655,24.357452,-15.565552
1.5-473-550,0.09387755105,0.1877551021,0.9985491866279087,0.0008978851843,1.5,473.0,550.0,473.00003,0.014105016,649.85333,560.93854,87.93851,-0.36288172,-0.37698674,404.7843,-245.06903
1.5-473-550,0.2771084337,0.5542168674,0.22784103833049427,-0.0002048723242,1.5,473.0,550.0,528.70325,1.4666013,592.09204,533.7063,5.0030518,1.4064449,-0.060156345,608.5111,16.419067
1.5-473-550,0.2506024096,0.5012048192,0.9996041061370615,-0.0008988337571,1.5,473.0,550.0,1228.4829,0.0089423,41.882782,1333.2439,104.76099,-0.62501746,-0.6339598,43.36447,1.4816895
1.5-473-550,0.1650602409,0.3301204818,0.9442484491033019,0.0008490585182,1.5,473.0,550.0,607.83765,0.8892399,480.58572,603.0462,-4.791443,0.5479394,-0.3413005,412.0511,-68.53464
1.5-473-550,0.1445783132,0.2891566264,0.9726063657286781,-0.0008745576659,1.5,473.0,550.0,621.54834,0.6916738,457.29953,681.507,59.95868,-0.09837789,-0.7900517,152.6304,-304.66913
1.5-473-550,0.2975903615,0.595180723,0.7892004020960466,0.000709640905,1.5,473.0,550.0,651.08887,1.7304426,384.45154,632.97394,-18.11493,1.7260655,-0.0043771267,428.4799,44.02835
1.5-473-550,0.2108433734,0.4216867468,0.9531521909241071,0.0008570646715,1.5,473.0,550.0,1073.9049,0.9939721,49.508636,1067.5338,-6.3710938,0.16696143,-0.8270107,73.35863,23.84999
1.5-473-550,0.07755102043,0.15510204086,0.9772248215579286,0.000878710534,1.5,473.0,550.0,473.00003,0.23819262,649.85333,477.3243,4.32428,0.054621156,-0.18357146,632.89734,-16.955994
1.5-473-550,0.1987951807,0.3975903614,0.3542741439827602,-0.0003185596757,1.5,473.0,550.0,510.07578,1.2391376,612.7661,499.13263,-10.943146,1.1194562,-0.11968148,641.8479,29.081787
1.5-473-550,0.2108433734,0.4216867468,0.9442484491033019,-0.0008490585182,1.5,473.0,550.0,1024.2898,1.1187315,52.764038,978.97046,-45.319336,0.45020464,-0.6685269,99.81154,47.0475
1.5-473-550,0.4489795918,0.8979591836,0.999825745120423,-0.0008990330526,1.5,473.0,550.0,664.2454,0.0055717775,311.23438,642.0655,-22.179932,-0.5337905,-0.5393623,355.4411,44.206726
1.5-473-550,0.2542168675,0.508433735,0.9726063657286781,0.0008745576659,1.5,473.0,550.0,1095.7146,0.74162525,48.197296,1282.8967,187.18213,-0.27270716,-1.0143324,71.71158,23.514282
1.5-473-550,0.3180722892,0.6361445784,0.8705746216627653,-0.0007828117684,1.5,473.0,550.0,759.59326,1.8347545,91.986176,721.43274,-38.160522,1.9125433,0.07778883,222.27864,130.29247
1.5-473-550,0.4122448979,0.8244897958,0.29146971579860803,-0.0002620865782,1.5,473.0,550.0,635.2145,2.214711,430.1599,621.02203,-14.192444,2.1054792,-0.10923171,438.3105,8.150574
1.5-473-550,0.1361445783,0.2722891566,0.9895407848051817,-0.0008897849218,1.5,473.0,550.0,694.10266,0.42489296,135.0614,753.42346,59.3208,-0.4445805,-0.86947346,20.684692,-114.37671
1.5-473-550,0.2180722892,0.4361445784,0.9985491866279087,-0.0008978851843,1.5,473.0,550.0,1290.5273,0.034172293,39.923004,1292.7573,2.2299805,-0.6158261,-0.64999837,25.212921,-14.710083
1.5-473-550,0.2939759036,0.5879518072,0.993141646395439,-0.0008930227796,1.5,473.0,550.0,1156.7567,0.21878433,45.02591,1312.3453,155.58862,-0.59811705,-0.8169014,56.181793,11.155884
1.5-473-550,0.4979591837,0.9959183674,0.9985491868503311,0.0008978851845,1.5,473.0,550.0,657.4045,0.075039856,362.04813,566.40985,-90.99463,-0.12079925,-0.1958391,450.79553,88.747406
1.5-473-550,0.3180722892,0.6361445784,0.9844268823757469,-0.0008851865532,1.5,473.0,550.0,1096.3789,0.5340739,48.15851,1263.6407,167.26184,-0.5272834,-1.0613573,60.63214,12.473633
1.5-473-550,0.2578313253,0.5156626506,0.9945113832197316,-0.0008942544329,1.5,473.0,550.0,1198.5215,0.15424794,43.131836,1328.6143,130.09277,-0.57407683,-0.7283248,50.04361,6.9117737
1.5-473-550,0.4061224489,0.8122448978,0.9726063657286781,0.0008745576659,1.5,473.0,550.0,808.53235,1.3716218,78.1156,732.5365,-75.99585,-0.21598,-1.5876019,264.4206,186.305
1.5-473-550,0.1373493975,0.274698795,0.9671530515086588,-0.0008696541017,1.5,473.0,550.0,583.1011,0.6974731,518.04584,599.6471,16.54602,0.08512359,-0.6123495,361.1918,-156.85403
1.5-473-550,0.1457831325,0.291566265,0.8206166047262803,0.0007378900321,1.5,473.0,550.0,511.6816,0.96667767,610.98456,479.22586,-32.45575,0.95366883,-0.013008833,643.61664,32.63208
1.5-473-550,0.04489795918,0.08979591836,0.9993254186825348,-0.0008985831642,1.5,473.0,550.0,473.00003,0.005938227,649.85333,474.7591,1.7590637,-0.16023403,-0.16617227,621.28345,-28.569885
1.5-473-550,0.4489795918,0.8979591836,0.993141646395439,-0.0008930227796,1.5,473.0,550.0,664.22345,0.39083022,311.4433,626.2978,-37.92566,-0.37070936,-0.7615396,375.59174,64.14844
1.5-473-550,0.1650602409,0.3301204818,0.9726063657286781,-0.0008745576659,1.5,473.0,550.0,724.90454,0.67397267,108.741165,864.9502,140.04565,-0.20802432,-0.881997,9.223725,-99.51744
1.5-473-550,0.1843373494,0.3686746988,0.9985491866279087,0.0008978851843,1.5,473.0,550.0,1048.8497,0.033202108,51.038574,1180.3821,131.53235,-0.6299136,-0.66311574,-12.810119,-63.848694
1.5-473-550,0.3939759037,0.7879518074,0.16340484097302546,-0.0001469319566,1.5,473.0,550.0,619.2082,2.098841,462.02176,600.6283,-18.579895,2.026396,-0.072444916,473.0634,11.041626
1.5-473-550,0.4204081632,0.8408163264,0.8206166047262803,-0.0007378900321,1.5,473.0,550.0,687.7022,2.117738,148.2836,686.5811,-1.1210938,1.953872,-0.16386604,302.9569,154.67331
1.5-473-550,0.2,0.4,0.9999999997775775,-0.0008991897406,1.5,473.0,550.0,1219.794,-5.322157e-09,42.254303,1248.2528,28.458862,-0.63687116,-0.63687116,6.612336,-35.641968
1.5-473-550,0.395180723,0.790361446,0.47796385156444166,-0.0004297801918,1.5,473.0,550.0,636.6113,2.1720583,427.06592,629.32214,-7.2891846,2.0821853,-0.089873075,426.54095,-0.5249634
1.5-473-550,0.3795180723,0.7590361446,0.9993254186825348,0.0008985831642,1.5,473.0,550.0,1114.6748,0.028143639,47.16388,1066.2653,-48.409546,-0.993723,-1.0218666,65.64264,18.47876
1.5-473-550,0.3807228916,0.7614457832,0.29146971579860803,-0.0002620865782,1.5,473.0,550.0,614.6016,2.0035954,469.8386,601.75287,-12.848755,1.9907309,-0.0128644705,476.26892,6.4303284
1.5-473-550,0.3626506025,0.725301205,0.9965972946963587,-0.0008961300631,1.5,473.0,550.0,1116.4562,0.14237815,47.068695,1146.1455,29.689331,-0.88601106,-1.0283892,51.72238,4.6536865
1.5-473-550,0.4285714286,0.8571428572,0.3542741439827602,-0.0003185596757,1.5,473.0,550.0,644.2976,2.1791465,407.69003,634.7389,-9.558716,2.1487904,-0.030356169,413.68167,5.991638
1.5-473-550,0.4081632653,0.8163265306,0.9772248215579286,0.000878710534,1.5,473.0,550.0,787.91675,1.2390552,82.71831,742.60645,-45.310303,-0.3786288,-1.6176839,254.41872,171.70041
1.5-473-550,0.2975903615,0.595180723,0.9945113832197316,0.0008942544329,1.5,473.0,550.0,1159.9355,0.17718017,44.870026,1310.247,150.3114,-0.62237614,-0.7995563,54.98416,10.114136
1.5-473-550,0.05306122449,0.10612244898,0.960723235489121,-0.0008638724771,1.5,473.0,550.0,473.00003,0.39915115,649.85333,453.5581,-19.441925,0.24915212,-0.14999902,662.985,13.131653
1.5-473-550,0.3795180723,0.7590361446,0.9980223152919674,-0.000897411427,1.5,473.0,550.0,1108.3406,0.08995747,47.50232,1062.3951,-45.945435,-0.97742695,-1.0673844,66.70633,19.20401
1.5-473-550,0.3337349398,0.6674698796,0.9895407848051817,0.0008897849218,1.5,473.0,550.0,1108.7465,0.3846981,47.48065,1235.7676,127.02112,-0.6589245,-1.0436226,53.746216,6.265564
1.5-473-550,0.3120481928,0.6240963856,0.9998257452316341,-0.0008990330527,1.5,473.0,550.0,1174.8707,0.0033081716,44.185913,1296.5361,121.665405,-0.7227847,-0.7260929,50.27066,6.0847473
1.5-473-550,0.3831325302,0.7662650604,0.9980223152919674,0.000897411427,1.5,473.0,550.0,1104.6392,0.092585735,47.700104,1040.4585,-64.180664,-0.98950857,-1.0820943,73.01451,25.314407
1.5-473-550,0.278313253,0.556626506,0.9945113832197316,0.0008942544329,1.5,473.0,550.0,1177.0654,0.16494709,44.08554,1325.8938,148.82837,-0.5906748,-0.7556219,54.278625,10.193085
1.5-473-550,0.113253012,0.226506024,0.7098470004029654,0.0006382871403,1.5,473.0,550.0,479.0446,0.97390515,644.1488,469.47995,-9.564636,1.0190763,0.0451712,632.9665,-11.182312
1.5-473-550,0.2445783133,0.4891566266,0.9844268823757469,-0.0008851865532,1.5,473.0,550.0,1176.5044,0.4126095,44.111176,1303.5767,127.072266,-0.45018047,-0.86279,54.38321,10.272034
1.5-473-550,0.1469879518,0.2939759036,0.9811301446957078,-0.0008822221605,1.5,473.0,550.0,677.14856,0.59967875,193.66063,774.7306,97.58203,-0.32316273,-0.9228415,21.542664,-172.11797
1.5-473-550,0.1036144578,0.2072289156,0.9772248215579286,-0.000878710534,1.5,473.0,550.0,526.294,0.38188392,594.77106,517.8198,-8.474182,-0.0013980323,-0.38328195,555.5217,-39.24933
1.5-473-550,0.2481927711,0.4963855422,0.8902853187445975,0.000800535425,1.5,473.0,550.0,765.7694,1.5596747,91.04646,731.23987,-34.52954,1.3474351,-0.21223962,305.78326,214.7368
1.5-473-550,0.1120481927,0.2240963854,0.6600967573005477,0.0005935522321,1.5,473.0,550.0,476.94147,1.0005107,646.13525,470.92804,-6.0134277,1.0387801,0.0382694,631.26227,-14.872986
1.5-473-550,0.1674698795,0.334939759,0.9985491866279087,-0.0008978851843,1.5,473.0,550.0,924.8105,0.03669202,61.151245,1082.6549,157.84442,-0.6357556,-0.6724476,-37.187744,-98.33899
1.5-473-550,0.1686746988,0.3373493976,0.09831793590232207,-8.84064793e-05,1.5,473.0,550.0,494.8198,1.1383911,628.2524,490.95584,-3.8639526,1.1121527,-0.026238441,645.49805,17.245667
1.5-473-550,0.2072289156,0.4144578312,0.22784103833049427,-0.0002048723242,1.5,473.0,550.0,510.13412,1.2798498,612.72144,502.26266,-7.87146,1.1462017,-0.13364804,641.0858,28.36438
1.5-473-550,0.1638554216,0.3277108432,0.9337895728803226,-0.000839654004,1.5,473.0,550.0,587.87897,0.9078502,510.89813,548.7463,-39.13269,0.6720106,-0.2358396,556.9479,46.049744
1.5-473-550,0.4102040816,0.8204081632,0.9872047710533666,0.0008876844022,1.5,473.0,550.0,771.3026,0.8473651,87.214554,783.5741,12.271484,-0.6893591,-1.5367242,218.65024,131.43568
1.5-473-550,0.07755102043,0.15510204086,0.9772248215579286,-0.000878710534,1.5,473.0,550.0,473.00003,0.23819262,649.85333,477.3243,4.32428,0.054621156,-0.18357146,632.89734,-16.955994
1.5-473-550,0.2771084337,0.5542168674,0.6600967573005477,-0.0005935522321,1.5,473.0,550.0,596.5026,1.5688124,497.89767,565.42017,-31.082458,1.4986848,-0.07012761,567.86456,69.96689
1.5-473-550,0.2,0.4,0.09831793590232207,-8.84064793e-05,1.5,473.0,550.0,506.38318,1.250222,616.55023,500.032,-6.351166,1.1492224,-0.100999594,642.65735,26.107117
1.5-473-550,0.1987951807,0.3975903614,0.9996041061370615,-0.0008988337571,1.5,473.0,550.0,1202.582,0.0077124187,42.95926,1243.1525,40.570435,-0.6336004,-0.64131284,5.4312754,-37.527985
1.5-473-550,0.2409638554,0.4819277108,0.998978267368595,-0.0008982710093,1.5,473.0,550.0,1248.6425,0.0252549,41.084076,1326.0378,77.395386,-0.6168453,-0.6421002,39.69571,-1.3883667
1.5-473-550,0.4,0.8,0.9071908186744295,0.0008157366771,1.5,473.0,550.0,823.9666,2.2142987,75.05376,713.15717,-110.80945,1.7233449,-0.4909538,263.5542,188.50044
1.5-473-550,0.4387755102,0.8775510204,0.9956514833048237,0.0008952795992,1.5,473.0,550.0,670.85675,0.27709532,249.06577,663.7621,-7.0946655,-0.5556405,-0.83273584,331.4096,82.34384
1.5-473-550,0.395180723,0.790361446,0.5396442233296441,-0.0004852425493,1.5,473.0,550.0,642.249,2.1944642,413.1206,637.32733,-4.921692,2.094328,-0.10013628,411.4758,-1.6448059
1.5-473-550,0.4795918368,0.9591836736,0.9973789933391554,0.0008968329585,1.5,473.0,550.0,658.14087,0.13961518,359.07526,582.6815,-75.45935,-0.20302576,-0.34264094,430.83862,71.76337
1.5-473-550,0.2265060241,0.4530120482,0.8705746216627653,-0.0007828117684,1.5,473.0,550.0,689.14764,1.4589436,217.39624,630.5321,-58.61554,1.1507813,-0.30816233,485.30826,267.91202
1.5-473-550,0.0244897959,0.0489795918,0.7892004020960466,0.000709640905,1.5,473.0,550.0,473.00003,0.89353913,649.85333,451.46765,-21.53238,0.8755067,-0.018032432,640.6745,-9.178833
1.5-473-550,0.2228915662,0.4457831324,0.9980223152919674,0.000897411427,1.5,473.0,550.0,1290.0525,0.04731303,39.923004,1300.9689,10.916382,-0.60925525,-0.6565683,29.359375,-10.563629
1.5-473-550,0.03265306121,0.06530612242,0.9337895728803226,0.000839654004,1.5,473.0,550.0,473.00003,0.553065,649.85333,445.77405,-27.225983,0.43437475,-0.11869025,663.6161,13.762756
1.5-473-550,0.08775510207,0.17551020414,0.9945113832197316,-0.0008942544329,1.5,473.0,550.0,473.00003,0.056053396,649.85333,527.9639,54.963898,-0.24968761,-0.305741,502.36356,-147.48978
1.5-473-550,0.05714285715,0.1142857143,0.9985491866279087,0.0008978851843,1.5,473.0,550.0,473.00003,0.014098162,649.85333,484.33786,11.33783,-0.18647462,-0.20057279,602.6345,-47.21881
1.5-473-550,0.1867469879,0.3734939758,0.9973789933391554,-0.0008968329585,1.5,473.0,550.0,1061.9141,0.0620141,50.20746,1187.5814,125.66736,-0.6169428,-0.6789569,-8.898864,-59.106323
1.5-473-550,0.1867469879,0.3734939758,0.8705746216627653,-0.0007828117684,1.5,473.0,550.0,576.85657,1.0973339,527.9596,533.275,-43.581543,0.93782634,-0.15950757,621.29767,93.33807
1.5-473-550,0.3144578314,0.6289156628,0.9993254186825348,-0.0008985831642,1.5,473.0,550.0,1170.8495,0.020499224,44.369812,1291.8583,121.00879,-0.72424203,-0.74474126,50.36975,5.999939
1.5-473-550,0.1951807229,0.3903614458,0.09831793590232207,-8.84064793e-05,1.5,473.0,550.0,504.7647,1.2289267,618.1882,498.4839,-6.2808228,1.1413788,-0.0875479,643.36945,25.181274
1.5-473-550,0.3530120482,0.7060240964,0.9071317792997667,0.0008156835895,1.5,473.0,550.0,831.6352,1.8681371,73.76402,776.16156,-55.473633,2.0033414,0.13520432,129.80096,56.03694
1.5-473-550,0.2144578313,0.4289156626,0.9915009044774012,-0.0008915474413,1.5,473.0,550.0,1259.4901,0.21193922,40.67981,1268.6672,9.177124,-0.54279,-0.7547292,27.121735,-13.558075
1.5-473-550,0.3530120482,0.7060240964,0.9442484491033019,-0.0008490585182,1.5,473.0,550.0,907.784,1.5812186,63.01596,947.00226,39.21826,1.0238198,-0.5573988,94.42999,31.414032
1.5-473-550,0.1433734939,0.2867469878,0.9985491866279087,0.0008978851843,1.5,473.0,550.0,800.2849,0.05092716,79.72098,890.57654,90.291626,-0.6181235,-0.66905063,-51.80606,-131.52704
1.5-473-550,0.1313253012,0.2626506024,0.3542741437603377,0.0003185596755,1.5,473.0,550.0,481.05386,1.0813973,642.18353,480.5801,-0.47375488,1.0809263,-0.0004709959,636.6961,-5.4874268
1.5-473-550,0.4183673469,0.8367346938,0.09831793590232207,-8.84064793e-05,1.5,473.0,550.0,633.98315,2.2014067,432.88736,609.566,-24.417175,2.1113348,-0.09007192,451.04483,18.15747
1.5-473-550,0.4571428571,0.9142857142,0.9215172744995802,-0.0008286188792,1.5,473.0,550.0,660.98615,1.3361868,342.20078,622.02893,-38.957214,1.0653723,-0.27081442,415.85483,73.65405
1.5-473-550,0.2457831325,0.491566265,0.3542741437603377,0.0003185596755,1.5,473.0,550.0,523.6494,1.3878458,597.71185,520.1336,-3.515808,1.2558179,-0.13202786,629.35114,31.639282
1.5-473-550,0.3120481928,0.6240963856,0.9985491866279087,0.0008978851843,1.5,473.0,550.0,1169.1583,0.046815272,44.447174,1295.0339,125.87561,-0.7078282,-0.7546435,51.094543,6.6473694
1.5-473-550,0.4857142857,0.9714285714,0.9996041060258503,0.000898833757,1.5,473.0,550.0,657.77484,0.017329926,360.55304,578.02313,-79.75171,-0.20433146,-0.22166139,435.99445,75.44141
1.5-473-550,0.2,0.4,0.9071317792997667,0.0008156835895,1.5,473.0,550.0,699.10767,1.2333175,204.41527,617.2286,-81.87909,0.98625547,-0.24706203,482.7445,278.32922
1.5-473-550,0.2542168675,0.508433735,0.9671530515086588,-0.0008696541017,1.5,473.0,550.0,1067.9048,0.8683839,49.840424,1266.3629,198.45813,-0.17509812,-1.0434821,78.51857,28.678146
1.5-473-550,0.3746987952,0.7493975904,0.9531521908128958,-0.0008570646714,1.5,473.0,550.0,918.5964,1.5776513,61.833008,866.52203,-52.07434,0.6264986,-0.9511527,154.00374,92.17073
1.5-473-550,0.2228915662,0.4457831324,0.9973789933391554,-0.0008968329585,1.5,473.0,550.0,1287.5585,0.06329363,39.923004,1299.7441,12.185669,-0.60281044,-0.6661041,29.82071,-10.102295
1.5-473-550,0.1807228915,0.361445783,0.6021818746711394,-0.0005414757638,1.5,473.0,550.0,513.34436,1.1354985,609.1711,492.5364,-20.807953,1.0782108,-0.057287693,640.81,31.638916
1.5-473-550,0.3626506025,0.725301205,0.9337895728803226,-0.000839654004,1.5,473.0,550.0,878.55206,1.7385021,66.56094,830.07837,-48.473694,1.6037694,-0.13473272,121.58998,55.029037
1.5-473-550,0.1409638554,0.2819277108,0.7892004020960466,-0.000709640905,1.5,473.0,550.0,503.7721,0.9737932,619.1927,476.4249,-27.347198,0.98246896,0.008675754,640.84247,21.64978
1.5-473-550,0.3915662651,0.7831325302,0.8705746216627653,0.0007828117684,1.5,473.0,550.0,778.61566,2.27282,85.28899,717.2297,-61.385986,2.0008702,-0.27194977,244.05402,158.76503
1.5-473-550,0.2771084337,0.5542168674,0.7525573838264147,-0.0006766918789,1.5,473.0,550.0,629.0635,1.6158129,442.5338,594.1115,-34.951965,1.528791,-0.08702195,517.0172,74.4834
1.5-473-550,0.3060240964,0.6120481928,0.9915009044774012,0.0008915474413,1.5,473.0,550.0,1139.693,0.28135848,45.867126,1295.2899,155.59692,-0.60240656,-0.88376504,56.784424,10.917297
1.5-473-550,0.4775510204,0.9551020408,0.9215172744995802,0.0008286188792,1.5,473.0,550.0,658.1327,1.3426261,359.10843,601.4811,-56.65161,0.9558651,-0.386761,437.93286,78.82443
1.5-473-550,0.126506024,0.253012048,0.6600967573005477,-0.0005935522321,1.5,473.0,550.0,485.61057,1.0077575,637.57214,474.1276,-11.482971,1.0428232,0.03506565,633.1309,-4.441223
1.5-473-550,0.09591836738,0.19183673476,0.8705746216627653,0.0007828117684,1.5,473.0,550.0,473.00003,0.7876873,649.85333,456.20157,-16.798462,0.8054101,0.017722785,650.5261,0.6727905
1.5-473-550,0.3180722892,0.6361445784,0.9811301448069191,0.0008822221606,1.5,473.0,550.0,1079.8484,0.6410266,49.119507,1257.5422,177.69385,-0.47061747,-1.111644,63.440796,14.321289
1.5-473-550,0.1963855422,0.3927710844,0.9726063657286781,-0.0008745576659,1.5,473.0,550.0,1034.9119,0.62864137,51.973633,1122.3729,87.46106,-0.27338475,-0.9020261,24.595612,-27.378021
1.5-473-550,0.373493976,0.746987952,0.9531521908128958,-0.0008570646714,1.5,473.0,550.0,919.3368,1.5697932,61.757263,876.1733,-43.163513,0.6189777,-0.9508155,147.78848,86.03122
1.5-473-550,0.3144578314,0.6289156628,0.9980223152919674,-0.000897411427,1.5,473.0,550.0,1164.9536,0.06549173,44.639435,1290.2925,125.33887,-0.7087299,-0.77422166,51.2005,6.5610657
1.5-473-550,0.3325301205,0.665060241,0.7098470004029654,-0.0006382871403,1.5,473.0,550.0,640.9947,1.8502983,415.73257,627.85187,-13.142822,1.9267209,0.07642257,431.22272,15.490143
1.5-473-550,0.3072289157,0.6144578314,0.9215172744995802,0.0008286188792,1.5,473.0,550.0,868.94965,1.6056379,67.945404,920.80225,51.8526,1.406938,-0.19869995,108.11388,40.168472
1.5-473-550,0.4938775511,0.9877551022,0.9895407848051817,0.0008897849218,1.5,473.0,550.0,657.4893,0.54740393,361.7057,565.82715,-91.66217,0.0039637038,-0.5434402,455.32303,93.61734
1.5-473-550,0.3445783133,0.6891566266,0.9671530515086588,0.0008696541017,1.5,473.0,550.0,989.0378,1.1444557,55.356323,1143.5188,154.48102,-0.19610542,-1.3405612,69.02133,13.665009
1.5-473-550,0.4326530612,0.8653061224,0.9993254186825348,-0.0008985831642,1.5,473.0,550.0,679.2393,0.0384047,178.74216,704.04517,24.805847,-0.7291545,-0.76755923,289.42593,110.68378
1.5-473-550,0.4428571429,0.8857142858,0.9844268823757469,0.0008851865532,1.5,473.0,550.0,667.3978,0.78587276,281.2834,623.5047,-43.893127,-0.2049784,-0.99085116,381.57715,100.29376
1.5-473-550,0.2855421687,0.5710843374,0.9215172744995802,0.0008286188792,1.5,473.0,550.0,870.64813,1.5407181,67.72882,952.2286,81.580444,1.2302631,-0.31045496,124.28346,56.55464
1.5-473-550,0.1759036144,0.3518072288,0.9980223152919674,-0.000897411427,1.5,473.0,550.0,982.2527,0.046661552,55.88684,1133.1866,150.93396,-0.6280089,-0.67467046,-24.778015,-80.664856
1.5-473-550,0.3831325302,0.7662650604,0.993141646395439,0.0008930227796,1.5,473.0,550.0,1080.0399,0.33084142,49.108337,1023.5942,-56.44574,-0.9208451,-1.2516866,78.57858,29.470245
1.5-473-550,0.373493976,0.746987952,0.8705746216627653,0.0007828117684,1.5,473.0,550.0,776.37933,2.1120863,86.013,729.20856,-47.170776,2.0997088,-0.0123775005,214.18596,128.17296
1.5-473-550,0.2204819277,0.4409638554,0.8902853188558087,0.0008005354251,1.5,473.0,550.0,756.4957,1.4564217,97.58562,653.57965,-102.91608,1.1315565,-0.32486522,442.49417,344.90857
1.5-473-550,0.3445783133,0.6891566266,0.9531521909241071,0.0008570646715,1.5,473.0,550.0,938.51013,1.4183923,59.79648,1068.5931,130.08301,0.4023155,-1.0160768,80.88266,21.086182
1.5-473-550,0.05306122449,0.10612244898,0.9945113832197316,0.0008942544329,1.5,473.0,550.0,473.00003,0.05561578,649.85333,475.8859,2.8858643,-0.121097036,-0.17671281,621.9217,-27.93164
1.5-473-550,0.1843373494,0.3686746988,0.9872047710533666,-0.0008876844022,1.5,473.0,550.0,985.88446,0.2959209,55.5838,1131.359,145.47455,-0.49952167,-0.7954426,-6.2800283,-61.86383
1.5-473-550,0.2048192771,0.4096385542,0.9945113832197316,-0.0008942544329,1.5,473.0,550.0,1221.6431,0.13720757,42.159454,1249.0818,27.43872,-0.5793144,-0.716522,15.250794,-26.90866
1.5-473-550,0.3012048193,0.6024096386,0.9895407848051817,0.0008897849218,1.5,473.0,550.0,1133.1628,0.3419984,46.189087,1299.0378,165.875,-0.56486374,-0.90686214,58.84543,12.656342
1.5-473-550,0.3819277109,0.7638554218,0.7892004020960466,0.000709640905,1.5,473.0,550.0,683.5321,2.2103639,184.29887,691.19507,7.662964,2.129688,-0.08067584,302.53043,118.23155
1.5-473-550,0.1710843373,0.3421686746,0.9973789934503665,-0.0008968329586,1.5,473.0,550.0,947.353,0.06402277,58.92511,1100.4996,153.1466,-0.6225849,-0.68660766,-31.505066,-90.430176
1.5-473-550,0.2096385542,0.4192771084,0.960723235489121,-0.0008638724771,1.5,473.0,550.0,1109.2476,0.85812765,47.474792,1120.1124,10.864868,-0.03316045,-0.8912881,57.33423,9.859436
1.5-473-550,0.2144578313,0.4289156626,0.8475322498919685,-0.0007620923041,1.5,473.0,550.0,624.0512,1.3506578,450.5686,574.62537,-49.425842,1.062088,-0.2885698,571.609,121.040405
1.5-473-550,0.4918367347,0.9836734694,0.7098470004029654,-0.0006382871403,1.5,473.0,550.0,657.2918,1.715693,362.50293,644.9639,-12.327881,1.8372526,0.12155962,357.05368,-5.4492493
1.5-473-550,0.4306122449,0.8612244898,0.03282169734692774,-2.951293353e-05,1.5,473.0,550.0,639.7455,2.1360016,420.07724,610.6617,-29.083801,2.1481218,0.012120247,443.7283,23.651062
1.5-473-550,0.3674698796,0.7349397592,0.9985491866279087,0.0008978851843,1.5,473.0,550.0,1121.9048,0.06015229,46.777557,1128.1088,6.2039795,-0.93321437,-0.99336666,53.480804,6.703247
1.5-473-550,0.1457831325,0.291566265,0.9945113832197316,-0.0008942544329,1.5,473.0,550.0,781.418,0.19161034,84.29419,880.28577,98.86774,-0.5662741,-0.75788444,-44.07016,-128.36435
1.5-473-550,0.1024096385,0.204819277,0.9772248215579286,0.000878710534,1.5,473.0,550.0,517.12445,0.35722136,604.9392,514.94946,-2.1749878,0.0022175258,-0.35500383,562.0342,-42.90503
1.5-473-550,0.278313253,0.556626506,0.9999999997775775,-0.0008991897406,1.5,473.0,550.0,1201.0115,-5.322157e-09,43.0437,1332.6946,131.6831,-0.6517722,-0.6517722,49.817047,6.773346
1.5-473-550,0.4142857143,0.8285714286,0.9996041060258503,0.000898833757,1.5,473.0,550.0,742.77014,0.0229181,97.35629,821.2701,78.49994,-0.94829696,-0.97121507,189.60287,92.24658
1.5-473-550,0.4346938775,0.869387755,0.8475322498919685,0.0007620923041,1.5,473.0,550.0,670.68384,1.6583604,250.66525,674.62805,3.9442139,1.7723264,0.11396599,321.97864,71.313385
1.5-473-550,0.2614457831,0.5228915662,0.8705746216627653,-0.0007828117684,1.5,473.0,550.0,728.4996,1.6217829,110.54814,696.96735,-31.532227,1.4381131,-0.1836698,343.01996,232.47182
1.5-473-550,0.2301204819,0.4602409638,0.4163512323516047,-0.0003743787567,1.5,473.0,550.0,521.81366,1.3456907,599.75323,513.333,-8.480652,1.1933746,-0.1523161,636.08514,36.33191
1.5-473-550,0.002040816309,0.004081632618,0.987204771275789,0.0008876844024,1.5,473.0,550.0,473.00003,0.2078377,649.85333,453.02182,-19.97821,0.031193191,-0.1766445,658.1457,8.292358
1.5-473-550,0.4061224489,0.8122448978,0.9337895728803226,0.000839654004,1.5,473.0,550.0,793.9792,1.9233965,81.28694,692.049,-101.930176,1.2854965,-0.6379,315.94324,234.6563
1.5-473-550,0.4979591837,0.9959183674,0.9215172746107915,0.0008286188793,1.5,473.0,550.0,657.3715,1.3477744,362.18112,584.41754,-72.95398,0.8694589,-0.47831547,453.28702,91.105896
1.5-473-550,0.1325301204,0.2650602408,0.9811301448069191,0.0008822221606,1.5,473.0,550.0,622.774,0.57505333,455.43945,662.21704,39.443054,-0.2384724,-0.81352574,168.7498,-286.68964
1.5-473-550,0.05102040816,0.10204081632,0.993141646395439,0.0008930227796,1.5,473.0,550.0,473.00003,0.069443636,649.85333,472.99594,-0.0040893555,-0.09878308,-0.16822672,627.85474,-21.998596
1.5-473-550,0.2,0.4,0.47796385156444166,0.0004297801918,1.5,473.0,550.0,515.1066,1.2384356,607.2115,499.99417,-15.112457,1.1128197,-0.12561595,641.6156,34.404114
1.5-473-550,0.1120481927,0.2240963854,0.9071317792997667,0.0008156835895,1.5,473.0,550.0,493.9725,0.76993823,629.10986,460.54315,-33.42935,0.69958484,-0.07035339,662.4401,33.33026
1.5-473-550,0.1445783132,0.2891566264,0.9811301446957078,-0.0008822221605,1.5,473.0,550.0,665.17993,0.60816914,302.3555,753.48987,88.30994,-0.3104927,-0.91866183,37.77643,-264.57907
1.5-473-550,0.2240963855,0.448192771,0.7892004020960466,-0.000709640905,1.5,473.0,550.0,591.43524,1.3768572,505.52844,553.1447,-38.290527,1.130721,-0.24613619,594.49243,88.96399
1.5-473-550,0.3771084338,0.7542168676,0.09831793589120096,8.840647929e-05,1.5,473.0,550.0,604.1531,1.9524971,486.7997,586.41486,-17.73822,1.9444755,-0.008021593,498.79767,11.997955
1.5-473-550,0.4346938775,0.869387755,0.9999999997775775,-0.0008991897406,1.5,473.0,550.0,675.8008,-5.322157e-09,205.51332,696.8373,21.036499,-0.71888167,-0.71888167,296.51877,91.00545
1.5-473-550,0.3807228916,0.7614457832,0.9844268823757469,0.0008851865532,1.5,473.0,550.0,1037.1884,0.72760814,51.799194,1005.62115,-31.5672,-0.7592414,-1.4868495,85.42003,33.620834
1.5-473-550,0.3,0.6,0.999825745120423,0.0008990330526,1.5,473.0,550.0,1181.9537,0.0031991547,43.862,1313.8137,131.85999,-0.6904748,-0.69367397,50.95114,7.089142
1.5-473-550,0.3385542169,0.6771084338,0.998978267368595,-0.0008982710093,1.5,473.0,550.0,1150.0404,0.035744127,45.356995,1237.0442,87.003784,-0.80749375,-0.8432379,47.97229,2.6152954
1.5-473-550,0.4204081632,0.8408163264,0.7098470004029654,-0.0006382871403,1.5,473.0,550.0,666.0812,2.2689135,293.79245,673.043,6.961853,2.0980456,-0.17086792,337.69562,43.903168
1.5-473-550,0.1493975903,0.2987951806,0.7098470004029654,0.0006382871403,1.5,473.0,550.0,502.5712,1.025287,620.40796,480.0265,-22.544708,1.0349221,0.009635091,638.29456,17.886597
1.5-473-550,0.3855421687,0.7710843374,0.4163512323516047,-0.0003743787567,1.5,473.0,550.0,626.0668,2.0687356,449.18314,616.287,-9.779785,2.0374553,-0.03128028,450.96848,1.7853394
1.5-473-550,0.4428571429,0.8857142858,0.9895407848051817,0.0008897849218,1.5,473.0,550.0,667.478,0.6016516,280.5214,633.8989,-33.5791,-0.34422714,-0.94587874,367.05188,86.53049
1.5-473-550,0.3759036145,0.751807229,0.9945113832197316,-0.0008942544329,1.5,473.0,550.0,1094.2952,0.25056595,48.279633,1072.9932,-21.302002,-0.9167636,-1.1673295,64.268616,15.988983
1.5-473-550,0.4693877551,0.9387755102,0.6021818746711394,0.0005414757638,1.5,473.0,550.0,657.22797,1.7940636,362.7607,657.9731,0.7451172,2.0647576,0.27069402,356.43106,-6.329651
1.5-473-550,0.3048192771,0.6096385542,0.9945113832197316,0.0008942544329,1.5,473.0,550.0,1154.5006,0.1808464,45.137115,1301.0677,146.56714,-0.6388199,-0.81966627,54.566864,9.429749
1.5-473-550,0.4408163265,0.881632653,0.960723235489121,0.0008638724771,1.5,473.0,550.0,668.43787,1.1656046,271.40198,609.56665,-58.871216,0.43169376,-0.7339108,414.9136,143.51163
1.5-473-550,0.2301204819,0.4602409638,0.9999999998887887,0.0008991897407,1.5,473.0,550.0,1282.7542,-5.322157e-09,39.923004,1315.7218,32.96765,-0.6272332,-0.6272332,32.899414,-7.02359
1.5-473-550,0.04285714285,0.0857142857,0.5396442233296441,0.0004852425493,1.5,473.0,550.0,473.00003,1.0943528,649.85333,464.01,-8.990021,1.0649095,-0.029443383,629.9245,-19.928833
1.5-473-550,0.07142857145,0.1428571429,0.993141646395439,0.0008930227796,1.5,473.0,550.0,473.00003,0.07050984,649.85333,493.25024,20.250214,-0.15680021,-0.22731006,588.3718,-61.481506
1.5-473-550,0.4020408163,0.8040816326,0.99659729480757,-0.0008961300632,1.5,473.0,550.0,891.38824,0.20967335,65.22467,899.8942,8.505981,-0.9702316,-1.1799049,136.9717,71.747025
1.5-473-550,0.3975903615,0.795180723,0.9811301446957078,0.0008822221605,1.5,473.0,550.0,999.2122,0.9919419,54.54599,849.3177,-149.89453,-0.6309101,-1.6228521,169.20639,114.6604
1.5-473-550,0.1096385542,0.2192771084,0.998978267368595,0.0008982710093,1.5,473.0,550.0,670.4665,0.05461907,252.96902,635.40436,-35.062134,-0.4772268,-0.53184587,199.6479,-53.32112
1.5-473-550,0.1024096385,0.204819277,0.9993254186825348,-0.0008985831642,1.5,473.0,550.0,631.66595,0.015563602,436.81323,600.0627,-31.603271,-0.43602592,-0.45158952,292.25388,-144.55936
1.5-473-550,0.3903614458,0.7807228916,0.9996041061370615,-0.0008988337571,1.5,473.0,550.0,1103.677,0.016484851,47.751526,998.88586,-104.79114,-1.026737,-1.0432218,87.76958,40.01805
1.5-473-550,0.4061224489,0.8122448978,0.9996041060258503,0.000898833757,1.5,473.0,550.0,812.38,0.021514231,77.29529,883.229,70.849,-1.0042546,-1.0257688,147.31136,70.01607
1.5-473-550,0.2939759036,0.5879518072,0.9671530515086588,0.0008696541017,1.5,473.0,550.0,1027.1503,0.9777838,52.510345,1259.7909,232.64062,-0.16506702,-1.1428509,82.29471,29.784363
1.5-473-550,0.02857142855,0.0571428571,0.29146971579860803,-0.0002620865782,1.5,473.0,550.0,473.00003,1.2090155,649.85333,466.90875,-6.091278,1.1178067,-0.091208816,638.0605,-11.792847
1.5-473-550,0.2903614458,0.5807228916,0.9985491866279087,0.0008978851843,1.5,473.0,550.0,1184.5433,0.04373878,43.74353,1322.5607,138.01733,-0.65554947,-0.69928825,51.864075,8.120544
1.5-473-550,0.3409638555,0.681927711,0.9996041060258503,-0.000898833757,1.5,473.0,550.0,1150.9299,0.012157733,45.31314,1230.9896,80.05969,-0.8252403,-0.83739805,47.529297,2.216156
1.5-473-550,0.4693877551,0.9387755102,0.9844268823757469,0.0008851865532,1.5,473.0,550.0,659.15546,0.7297582,354.97943,584.2479,-74.90753,-0.012319928,-0.7420781,434.4462,79.46677
1.5-473-550,0.3024096386,0.6048192772,0.960723235489121,-0.0008638724771,1.5,473.0,550.0,991.6637,1.1401315,55.15564,1227.3127,235.64905,-0.005367344,-1.1454989,87.335205,32.179565
1.5-473-550,0.2638554217,0.5277108434,0.2914697156873968,0.0002620865781,1.5,473.0,550.0,526.6337,1.4336674,594.3934,528.2029,1.5691528,1.3398396,-0.09382784,618.31494,23.92157
1.5-473-550,0.2361445783,0.4722891566,0.9811301448069191,0.0008822221606,1.5,473.0,550.0,1185.2319,0.47311413,43.712067,1286.1245,100.89258,-0.40693015,-0.8800443,53.20868,9.496613
1.5-473-550,0.2518072289,0.5036144578,0.9985491866279087,0.0008978851843,1.5,473.0,550.0,1222.0364,0.038772997,42.138306,1332.3386,110.302246,-0.6147482,-0.6535212,44.64804,2.509735
1.5-473-550,0.343373494,0.686746988,0.9945113832197316,0.0008942544329,1.5,473.0,550.0,1124.812,0.21028751,46.622223,1215.6703,90.85828,-0.7699066,-0.9801941,49.790802,3.168579
1.5-473-550,0.3156626506,0.6313253012,0.9671530515086588,0.0008696541017,1.5,473.0,550.0,1012.03827,1.0383774,53.59021,1227.7032,215.66498,-0.16849345,-1.2068708,77.306595,23.716385
1.5-473-550,0.3421686747,0.6843373494,0.960723235489121,0.0008638724771,1.5,473.0,550.0,965.7544,1.2751796,57.293976,1125.274,159.51965,0.038385745,-1.2367939,74.89482,17.600845
1.5-473-550,0.1216867469,0.2433734938,0.8902853188558087,-0.0008005354251,1.5,473.0,550.0,501.4265,0.8355591,621.5664,464.7498,-36.676727,0.7842245,-0.05133462,656.75775,35.191345
1.5-473-550,0.3108433735,0.621686747,0.9999999997775775,-0.0008991897406,1.5,473.0,550.0,1176.1091,-5.322157e-09,44.148956,1298.7001,122.59094,-0.72124296,-0.72124296,50.257202,6.108246
1.5-473-550,0.3397590362,0.6795180724,0.9965972946963587,-0.0008961300631,1.5,473.0,550.0,1137.861,0.1270858,45.95746,1230.0526,92.19165,-0.7824437,-0.9095295,49.018402,3.0609436
1.5-473-550,0.0102040816,0.0204081632,0.22784103821928303,0.0002048723241,1.5,473.0,550.0,473.00003,1.1045889,649.85333,465.93503,-7.0650024,1.1337398,0.029150963,643.01654,-6.836792
1.5-473-550,0.3554216868,0.7108433736,0.960723235489121,0.0008638724771,1.5,473.0,550.0,954.91016,1.3387977,58.266632,1061.0142,106.104004,0.057294425,-1.2815033,78.79907,20.53244
1.5-473-550,0.2638554217,0.5277108434,0.9945113832197316,0.0008942544329,1.5,473.0,550.0,1193.2213,0.156726,43.357086,1329.3522,136.13086,-0.5773664,-0.7340924,51.704926,8.347839
1.5-473-550,0.2638554217,0.5277108434,0.998978267368595,0.0008982710093,1.5,473.0,550.0,1212.6729,0.027318174,42.530396,1335.2965,122.62366,-0.62576586,-0.65308404,47.970856,5.44046
1.5-473-550,0.002040816309,0.004081632618,0.9998257453428454,0.0008990330528,1.5,473.0,550.0,473.00003,0.0017818755,649.85333,457.71823,-15.281799,-0.08054585,-0.08232772,650.6124,0.75909424
1.5-473-550,0.2542168675,0.508433735,0.9531521909241071,-0.0008570646715,1.5,473.0,550.0,1001.32684,1.1300257,54.40027,1206.2162,204.88934,0.13496327,-0.9950625,96.62952,42.229248
1.5-473-550,0.1602409638,0.3204819276,0.7525573838264147,-0.0006766918789,1.5,473.0,550.0,514.01245,1.03655,608.4282,485.2278,-28.784637,1.0209761,-0.015573978,641.12256,32.694336
1.5-473-550,0.386746988,0.773493976,0.9973789933391554,-0.0008968329585,1.5,473.0,550.0,1097.2877,0.12800634,48.105682,1014.98846,-82.299255,-0.9904646,-1.1184709,81.58328,33.4776
1.5-473-550,0.09183673473,0.18367346946,0.9895407848051817,0.0008897849218,1.5,473.0,550.0,473.00003,0.10774433,649.85333,523.9637,50.963654,-0.17933732,-0.28708166,520.30566,-129.54767
1.5-473-550,0.2879518072,0.5759036144,0.2914697156873968,0.0002620865781,1.5,473.0,550.0,537.1508,1.5067943,582.6983,541.4906,4.3397827,1.4724319,-0.034362435,597.20166,14.503357
1.5-473-550,0.4306122449,0.8612244898,0.4163512323516047,-0.0003743787567,1.5,473.0,550.0,646.71344,2.1584406,401.0174,641.13837,-5.5750732,2.1515932,-0.0068473816,402.69168,1.6742859
1.5-473-550,0.1759036144,0.3518072288,0.9215172744995802,0.0008286188792,1.5,473.0,550.0,601.8839,0.9847416,489.9324,556.04626,-45.837646,0.8026762,-0.18206543,562.47815,72.545746
1.5-473-550,0.3638554217,0.7277108434,0.998978267368595,0.0008982710093,1.5,473.0,550.0,1126.9576,0.04049265,46.50757,1145.8444,18.886719,-0.9217358,-0.9622285,51.220642,4.7130737
1.5-473-550,0.3445783133,0.6891566266,0.9442484491033019,0.0008490585182,1.5,473.0,550.0,912.89606,1.539515,62.438477,993.06445,80.168396,0.91645503,-0.62306,85.59581,23.157333
1.5-473-550,0.1216867469,0.2433734938,0.9965972946963587,0.0008961300631,1.5,473.0,550.0,694.12317,0.1886307,135.03134,695.8976,1.7744141,-0.5037045,-0.6923352,79.96536,-55.06598
1.5-473-550,0.4408163265,0.881632653,0.9980223152919674,-0.000897411427,1.5,473.0,550.0,669.0644,0.11990612,265.44904,663.83386,-5.23053,-0.5901448,-0.71005094,331.0892,65.64017
1.5-473-550,0.01428571426,0.02857142852,0.8705746216627653,0.0007828117684,1.5,473.0,550.0,473.00003,0.76860934,649.85333,445.54675,-27.453278,0.68372554,-0.08488381,653.2142,3.3608398
1.5-473-550,0.1807228915,0.361445783,0.9996041060258503,0.000898833757,1.5,473.0,550.0,1016.6884,0.007887417,53.236908,1166.3019,149.61346,-0.64208525,-0.6499727,-18.41864,-71.65555
1.5-473-550,0.1,0.2,0.8476293021558459,-0.0007621795725,1.5,473.0,550.0,473.05237,0.8301686,649.80396,458.94186,-14.110504,0.86524415,0.035075545,645.3191,-4.4848633
1.5-473-550,0.1554216867,0.3108433734,0.22784103821928303,0.0002048723241,1.5,473.0,550.0,490.2893,1.1104112,632.8372,486.8284,-3.460907,1.0921729,-0.018238306,642.34094,9.503723
1.5-473-550,0.2072289156,0.4144578312,0.960723235489121,-0.0008638724771,1.5,473.0,550.0,1084.4586,0.8548005,48.871735,1106.8014,22.342773,-0.029610103,-0.8844106,55.051422,6.1796875
1.5-473-550,0.4346938775,0.869387755,0.8206166047262803,-0.0007378900321,1.5,473.0,550.0,669.44226,1.7259322,262.0462,675.8421,6.3998413,1.8671415,0.14120924,318.80515,56.75894
1.5-473-550,0.1771084337,0.3542168674,0.9956514833048237,0.0008952795992,1.5,473.0,550.0,978.9427,0.10282313,56.147156,1129.4171,150.47443,-0.6023117,-0.7051348,-21.906494,-78.05365
1.5-473-550,0.4,0.8,0.9726236451740442,0.0008745732034,1.5,473.0,550.0,940.3201,1.3549562,59.79547,776.1208,-164.19934,-0.28939968,-1.6443558,225.54999,165.75452
1.5-473-550,0.3168674699,0.6337349398,0.9956514833048237,0.0008952795992,1.5,473.0,550.0,1152.0786,0.14887297,45.25653,1282.9534,130.87476,-0.6867109,-0.83558387,52.47412,7.2175903
1.5-473-550,0.4306122449,0.8612244898,0.9337895728803226,0.000839654004,1.5,473.0,550.0,680.7027,1.4237307,170.59868,645.1794,-35.523315,1.0671132,-0.35661757,385.35376,214.75508
1.5-473-550,0.3566265061,0.7132530122,0.9531521909241071,0.0008570646715,1.5,473.0,550.0,929.5664,1.4782286,60.711,1001.49506,71.92865,0.488685,-0.98954356,91.38779,30.676788
1.5-473-550,0.3939759037,0.7879518074,0.999825745120423,-0.0008990330526,1.5,473.0,550.0,1100.0133,0.00521707,47.949066,974.71173,-125.301575,-1.0331364,-1.0383534,98.01242,50.063354
1.5-473-550,0.07755102043,0.15510204086,0.9726063657286781,-0.0008745576659,1.5,473.0,550.0,473.00003,0.2878371,649.85333,472.22635,-0.77368164,0.114349954,-0.17348713,643.48346,-6.369873
1.5-473-550,0.213253012,0.426506024,0.9442484491033019,-0.0008490585182,1.5,473.0,550.0,1023.02313,1.1437855,52.85672,996.0477,-26.975403,0.4414677,-0.7023178,99.16049,46.303772
1.5-473-550,0.3626506025,0.725301205,0.03282169735804886,2.951293354e-05,1.5,473.0,550.0,589.4815,1.8463136,508.4839,574.5039,-14.9776,1.8675479,0.021234274,520.3137,11.829834
1.5-473-550,0.1626506024,0.3253012048,0.16340484097302546,-0.0001469319566,1.5,473.0,550.0,492.76614,1.1254792,630.3307,489.0105,-3.7556458,1.1010989,-0.024380326,644.1146,13.783936
1.5-473-550,0.04285714285,0.0857142857,0.9993254186825348,-0.0008985831642,1.5,473.0,550.0,473.00003,0.0059040138,649.85333,473.35876,0.35873413,-0.15480286,-0.16070688,623.9214,-25.931946
1.5-473-550,0.2530120482,0.5060240964,0.03282169735804886,2.951293354e-05,1.5,473.0,550.0,519.6773,1.4022876,602.12885,519.90765,0.23034668,1.3083234,-0.09396422,624.5709,22.442078
1.5-473-550,0.3542168675,0.708433735,0.8206166047262803,0.0007378900321,1.5,473.0,550.0,694.70526,2.0327828,152.70119,695.16876,0.46350098,2.1126695,0.079886675,283.283,130.5818
1.5-473-550,0.4142857143,0.8285714286,0.7098470004029654,-0.0006382871403,1.5,473.0,550.0,665.49207,2.320953,299.3901,673.14636,7.654297,2.1090868,-0.21186614,338.9552,39.565094
1.5-473-550,0.3566265061,0.7132530122,0.9671530515086588,0.0008696541017,1.5,473.0,550.0,977.84033,1.2018273,56.24643,1086.9409,109.100586,-0.2145986,-1.416426,71.42496,15.178528
1.5-473-550,0.04897959184,0.09795918368,0.5396442233296441,-0.0004852425493,1.5,473.0,550.0,473.00003,1.0920545,649.85333,464.79395,-8.206085,1.0652971,-0.02675736,629.4797,-20.373657
1.5-473-550,0.4775510204,0.9551020408,0.8206166047262803,0.0007378900321,1.5,473.0,550.0,657.861,1.5790846,360.20493,641.1976,-16.663452,1.6062828,0.027198195,366.80063,6.595703
1.5-473-550,0.4857142857,0.9714285714,0.9442484491033019,-0.0008490585182,1.5,473.0,550.0,657.71063,1.2395272,360.8123,579.79877,-77.911865,0.66064006,-0.57888716,457.66287,96.850586
1.5-473-550,0.02653061223,0.05306122446,0.9985491866279087,0.0008978851843,1.5,473.0,550.0,473.00003,0.013007933,649.85333,464.282,-8.718018,-0.10891349,-0.12192142,640.14575,-9.707581
1.5-473-550,0.2,0.4,0.9993254186825348,-0.0008985831642,1.5,473.0,550.0,1217.2972,0.0143970195,42.34018,1246.4634,29.166138,-0.63035744,-0.64475447,6.976533,-35.363647
1.5-473-550,0.3915662651,0.7831325302,0.8475322498919685,0.0007620923041,1.5,473.0,550.0,748.86237,2.3148916,95.45134,710.6325,-38.22986,2.0587747,-0.25611687,258.8063,163.35497
1.5-473-550,0.2108433735,0.421686747,0.7892004020960466,-0.000709640905,1.5,473.0,550.0,567.17163,1.2922267,543.2752,535.7857,-31.385925,1.0762204,-0.21600628,615.18066,71.90546
1.5-473-550,0.2795180723,0.5590361446,0.5396442233296441,-0.0004852425493,1.5,473.0,550.0,564.88293,1.5285643,547.2554,550.3451,-14.537842,1.47548,-0.053084373,590.22296,42.96759
1.5-473-550,0.03673469387,0.07346938774,0.9772248215579286,0.000878710534,1.5,473.0,550.0,473.00003,0.22595584,649.85333,456.0177,-16.98233,0.097187035,-0.1287688,656.82983,6.9765015
1.5-473-550,0.4612244898,0.9224489796,0.9965972946963587,-0.0008961300631,1.5,473.0,550.0,660.55396,0.18370163,346.3069,607.2901,-53.263855,-0.33028084,-0.5139825,398.85352,52.54663
1.5-473-550,0.2626506024,0.5253012048,0.9726063657286781,-0.0008745576659,1.5,473.0,550.0,1087.5813,0.7564329,48.67331,1286.7312,199.1499,-0.27139658,-1.0278294,74.26767,25.59436
1.5-473-550,0.2590361446,0.5180722892,0.9071317792997667,-0.0008156835895,1.5,473.0,550.0,837.0731,1.5394503,73.00607,831.47217,-5.600952,1.3492672,-0.19018304,195.0251,122.01903
1.5-473-550,0.1313253012,0.2626506024,0.8902853188558087,-0.0008005354251,1.5,473.0,550.0,511.5587,0.8657374,611.10944,470.10428,-41.454407,0.79917914,-0.06655824,656.4735,45.364075
1.5-473-550,0.126506024,0.253012048,0.9956514833048237,0.0008952795992,1.5,473.0,550.0,705.5505,0.21822184,120.92616,724.2545,18.70404,-0.5117133,-0.72993517,41.652344,-79.27382
1.5-473-550,0.2012048193,0.4024096386,0.960723235489121,-0.0008638724771,1.5,473.0,550.0,1034.3926,0.8337637,52.027435,1069.3002,34.907593,-0.018639928,-0.85240364,49.45157,-2.5758667
1.5-473-550,0.156626506,0.313253012,0.3542741439827602,-0.0003185596757,1.5,473.0,550.0,492.60144,1.1034181,630.4973,486.12326,-6.47818,1.083292,-0.020126104,639.7088,9.211487
1.5-473-550,0.4102040816,0.8204081632,0.9915009044774012,-0.0008915474413,1.5,473.0,550.0,771.686,0.5917876,87.101,808.0175,36.331543,-0.80508524,-1.3968728,199.36942,112.26842
1.5-473-550,0.2385542169,0.4771084338,0.22784103833049427,-0.0002048723242,1.5,473.0,550.0,518.4535,1.365828,603.48975,515.0135,-3.4400024,1.2326715,-0.13315654,632.4248,28.935059
1.5-473-550,0.221686747,0.443373494,0.9915009044774012,-0.0008915474413,1.5,473.0,550.0,1265.4415,0.20616084,40.460205,1285.2153,19.773804,-0.5405138,-0.74667466,33.369263,-7.0909424
1.5-473-550,0.3783132531,0.7566265062,0.7892004020960466,-0.000709640905,1.5,473.0,550.0,681.6966,2.1802025,192.05952,690.302,8.605408,2.1309915,-0.049211025,303.83963,111.780106
1.5-473-550,0.01836734691,0.03673469382,0.9931416465066502,-0.0008930227797,1.5,473.0,550.0,473.00003,0.06337725,649.85333,458.57227,-14.427765,-0.039993588,-0.103370845,650.0881,0.23474121
1.5-473-550,0.3602409639,0.7204819278,0.5396442233296441,0.0004852425493,1.5,473.0,550.0,624.10236,1.931369,452.87918,613.57855,-10.523804,1.9745363,0.043167353,458.33136,5.452179
1.5-473-550,0.213253012,0.426506024,0.8206166047262803,-0.0007378900321,1.5,473.0,550.0,593.1048,1.3220707,502.85977,553.5545,-39.550293,1.0678624,-0.25420833,596.32776,93.46799
1.5-473-550,0.07755102043,0.15510204086,0.22784103833049427,-0.0002048723242,1.5,473.0,550.0,473.00003,1.1731259,649.85333,473.68683,0.6867981,1.1052474,-0.067878485,638.6041,-11.249207
1.5-473-550,0.3493975904,0.6987951808,0.9726063657286781,-0.0008745576659,1.5,473.0,550.0,1008.7281,1.0190452,53.816498,1142.6359,133.90778,-0.37086624,-1.3899114,64.024414,10.207916
1.5-473-550,0.08367346941,0.16734693882,0.8475322498919685,0.0007620923041,1.5,473.0,550.0,473.00003,0.83312905,649.85333,455.07812,-17.921906,0.84380835,0.010679305,645.24207,-4.611267
1.5-473-550,0.1180722891,0.2361445782,0.8902853188558087,-0.0008005354251,1.5,473.0,550.0,497.60074,0.8233121,625.43805,463.0284,-34.572327,0.77852404,-0.044788063,656.7575,31.319458
1.5-473-550,0.4367346939,0.8734693878,0.9985491866279087,-0.0008978851843,1.5,473.0,550.0,673.0646,0.08916318,229.59186,682.0198,8.9552,-0.6561876,-0.7453508,311.66312,82.07126
1.5-473-550,0.3554216868,0.7108433736,0.9985491866279087,0.0008978851843,1.5,473.0,550.0,1132.845,0.056527313,46.204742,1180.2327,47.387695,-0.8769595,-0.9334868,48.648376,2.443634
1.5-473-550,0.07959183676,0.15918367352,0.9945113832197316,0.0008942544329,1.5,473.0,550.0,473.00003,0.05612069,649.85333,509.41202,36.411987,-0.21029073,-0.26641142,549.5847,-100.268616
1.5-473-550,0.4224489796,0.8448979592,0.9811301446957078,0.0008822221605,1.5,473.0,550.0,704.31866,1.0384558,122.14316,680.432,-23.886658,-0.3351156,-1.3735714,315.35922,193.21606
1.5-473-550,0.4285714286,0.8571428572,0.9996041060258503,0.000898833757,1.5,473.0,550.0,687.8073,0.020889455,147.2057,726.9411,39.13379,-0.7889889,-0.80987835,267.65353,120.44783
1.5-473-550,0.01224489793,0.02448979586,0.6600967573005477,-0.0005935522321,1.5,473.0,550.0,473.00003,1.0670702,649.85333,456.5287,-16.471344,0.99881655,-0.068253696,634.4913,-15.362061
1.5-473-550,0.2180722892,0.4361445784,0.9956514833048237,0.0008952795992,1.5,473.0,550.0,1279.2686,0.10580175,39.95868,1286.755,7.48645,-0.58652216,-0.6923239,27.239166,-12.719513
1.5-473-550,0.1903614457,0.3807228914,0.8206166047262803,0.0007378900321,1.5,473.0,550.0,555.8918,1.1413808,559.60675,519.63544,-36.256348,1.00107,-0.14031076,630.30835,70.7016
1.5-473-550,0.04081632652,0.08163265304,0.3542741437603377,0.0003185596755,1.5,473.0,550.0,473.00003,1.1852125,649.85333,467.36057,-5.6394653,1.1046426,-0.08056986,634.4818,-15.371521
1.5-473-550,0.0102040816,0.0204081632,0.9872047710533666,0.0008876844022,1.5,473.0,550.0,473.00003,0.117743306,649.85333,454.30576,-18.694275,0.024554783,-0.093188524,656.5193,6.6659546
1.5-473-550,0.3746987952,0.7493975904,0.5396442233296441,0.0004852425493,1.5,473.0,550.0,631.8455,2.0256567,437.31506,624.0839,-7.7615967,2.0326967,0.007040024,437.26282,-0.052246094
1.5-473-550,0.1301204819,0.2602409638,0.7892004020960466,-0.000709640905,1.5,473.0,550.0,495.57535,0.9514368,627.4878,471.87338,-23.701965,0.9751912,0.023754358,639.56036,12.072571
1.5-473-550,0.4551020408,0.9102040816,0.9993254186825348,0.0008985831642,1.5,473.0,550.0,662.0596,0.033149537,332.00174,624.7549,-37.304688,-0.45289594,-0.48604548,376.1951,44.19336
1.5-473-550,0.4714285714,0.9428571428,0.3542741437603377,0.0003185596755,1.5,473.0,550.0,655.7207,1.928716,368.84555,647.98724,-7.7334595,2.1879811,0.25926518,384.1745,15.328949
1.5-473-550,0.3012048193,0.6024096386,0.960723235489121,-0.0008638724771,1.5,473.0,550.0,992.52686,1.1366562,55.086792,1228.9755,236.44861,-0.0066387705,-1.1432949,87.644806,32.558014
1.5-473-550,0.4489795918,0.8979591836,0.960723235489121,-0.0008638724771,1.5,473.0,550.0,663.87085,1.1320572,314.7932,600.56,-63.310852,0.43709975,-0.69495744,427.31836,112.52515
1.5-473-550,0.4367346939,0.8734693878,0.960723235489121,0.0008638724771,1.5,473.0,550.0,672.2152,1.1840688,237.06627,614.78314,-57.432068,0.42749387,-0.7565749,407.60507,170.5388
1.5-473-550,0.3987951808,0.7975903616,0.9215172746107915,0.0008286188793,1.5,473.0,550.0,845.32935,2.1272366,71.3685,714.464,-130.86536,1.5786868,-0.5485498,270.8594,199.4909
1.5-473-550,0.2192771084,0.4385542168,0.16340484119544796,0.0001469319568,1.5,473.0,550.0,512.7448,1.3204815,609.83777,506.77078,-5.9740295,1.1809205,-0.13956106,638.56146,28.723694
1.5-473-550,0.4285714286,0.8571428572,0.8705746216627653,0.0007828117684,1.5,473.0,550.0,680.3193,1.7515743,172.2591,678.5372,-1.7821045,1.7099686,-0.04160571,319.0423,146.7832
1.5-473-550,0.04285714285,0.0857142857,0.9996041061370615,-0.0008988337571,1.5,473.0,550.0,473.00003,0.0031449741,649.85333,473.6227,0.62268066,-0.15820783,-0.16135281,623.2922,-26.561157
1.5-473-550,0.05102040816,0.10204081632,0.9945113832197316,0.0008942544329,1.5,473.0,550.0,473.00003,0.05535948,649.85333,474.34866,1.3486328,-0.11593885,-0.17129833,624.68976,-25.163574
1.5-473-550,0.4428571429,0.8857142858,0.7098470004029654,0.0006382871403,1.5,473.0,550.0,661.5662,1.7770346,336.68945,668.43884,6.8726196,2.0357149,0.25868022,338.25897,1.569519
1.5-473-550,0.2939759036,0.5879518072,0.3542741439827602,-0.0003185596757,1.5,473.0,550.0,546.9153,1.5388385,571.1772,547.6978,0.78253174,1.5197423,-0.019096255,587.9058,16.728638
1.5-473-550,0.1795180723,0.3590361446,0.9071317792997667,-0.0008156835895,1.5,473.0,550.0,592.84534,1.022388,503.302,542.22076,-50.624573,0.85811037,-0.16427761,601.20984,97.90784
1.5-473-550,0.1469879518,0.2939759036,0.9945113832197316,0.0008942544329,1.5,473.0,550.0,787.65784,0.1870125,82.675415,891.1427,103.48486,-0.56912404,-0.75613654,-45.445526,-128.12094
1.5-473-550,0.2228915663,0.4457831326,0.29146971579860803,-0.0002620865782,1.5,473.0,550.0,515.9289,1.3283031,606.2971,508.617,-7.3118896,1.1775142,-0.1507889,638.00745,31.710327
1.5-473-550,0.2277108433,0.4554216866,0.960723235489121,0.0008638724771,1.5,473.0,550.0,1109.1873,0.8907794,47.476807,1193.8524,84.66516,-0.04782212,-0.9386015,72.81784,25.341034
1.5-473-550,0.03469387754,0.06938775508,0.9965972946963587,-0.0008961300631,1.5,473.0,550.0,473.00003,0.032412168,649.85333,466.49265,-6.5073853,-0.103846736,-0.1362589,637.1346,-12.71875
1.5-473-550,0.2072289156,0.4144578312,0.9999999997775775,0.0008991897406,1.5,473.0,550.0,1269.0684,-5.322157e-09,40.34027,1270.0029,0.9345703,-0.63378114,-0.63378114,14.382722,-25.95755
1.5-473-550,0.4530612245,0.906122449,0.9999999997775775,-0.0008991897406,1.5,473.0,550.0,662.6958,-5.322157e-09,325.9572,631.26215,-31.433655,-0.49086326,-0.49086326,368.1807,42.22348
1.5-473-550,0.3457831326,0.6915662652,0.9071317792997667,0.0008156835895,1.5,473.0,550.0,833.27496,1.8311844,73.4893,783.29376,-49.9812,1.9746435,0.14345908,122.96146,49.472153
1.5-473-550,0.01836734691,0.03673469382,0.9993254186825348,-0.0008985831642,1.5,473.0,550.0,473.00003,0.005511815,649.85333,461.80646,-11.193573,-0.10179991,-0.107311726,644.01416,-5.8391724
1.5-473-550,0.2771084337,0.5542168674,0.7098470004029654,-0.0006382871403,1.5,473.0,550.0,613.65173,1.593806,471.0487,577.98175,-35.669983,1.5151325,-0.07867348,546.3857,75.336975
1.5-473-550,0.1397590361,0.2795180722,0.8705746216627653,-0.0007828117684,1.5,473.0,550.0,515.46936,0.9119974,606.8081,475.71683,-39.752533,0.86560285,-0.046394527,650.6691,43.861023
1.5-473-550,0.113253012,0.226506024,0.9998257452316341,-0.0008990330527,1.5,473.0,550.0,690.2453,0.0066628405,141.95105,661.4935,-28.75177,-0.5156693,-0.52233213,139.30026,-2.6507874
1.5-473-550,0.2855421687,0.5710843374,0.999825745120423,-0.0008990330526,1.5,473.0,550.0,1194.0695,0.0030417389,43.321045,1327.9835,133.91406,-0.66098934,-0.6640311,50.651123,7.330078
1.5-473-550,0.3614457832,0.7228915664,0.9996041060258503,0.000898833757,1.5,473.0,550.0,1131.8726,0.013464028,46.252686,1157.6993,25.826782,-0.91806334,-0.9315274,49.91681,3.6641235
1.5-473-550,0.4204081632,0.8408163264,0.3542741439827602,-0.0003185596757,1.5,473.0,550.0,641.7058,2.2285202,414.84445,630.78955,-10.91626,2.131687,-0.09683323,421.39,6.5455627
1.5-473-550,0.1253012048,0.2506024096,0.8206166047262803,0.0007378900321,1.5,473.0,550.0,494.76855,0.9195131,628.3042,469.07657,-25.691986,0.9369682,0.017455101,642.1008,13.796631
1.5-473-550,0.1240963855,0.248192771,0.03282169734692774,-2.951293353e-05,1.5,473.0,550.0,476.25873,1.1108881,646.7793,482.4231,6.1643677,1.1081669,-0.0027211905,648.3218,1.5424805
1.5-473-550,0.3843373495,0.768674699,0.7098470004029654,0.0006382871403,1.5,473.0,550.0,658.068,2.1726928,356.0127,665.2124,7.144409,2.1147468,-0.057945967,356.249,0.2362976
1.5-473-550,0.09387755105,0.1877551021,0.9931416465066502,-0.0008930227797,1.5,473.0,550.0,473.00003,0.070262365,649.85333,541.1017,68.101654,-0.25768322,-0.3279456,469.1306,-180.72272
1.5-473-550,0.1361445783,0.2722891566,0.8475322498919685,-0.0007620923041,1.5,473.0,550.0,507.5336,0.9234589,615.38605,473.6563,-33.87729,0.90713286,-0.01632601,646.3992,31.013123
1.5-473-550,0.4163265306,0.8326530612,0.9965972946963587,-0.0008961300631,1.5,473.0,550.0,731.1692,0.24285692,102.89395,790.5467,59.377502,-0.8638968,-1.1067537,213.08519,110.19124
1.5-473-550,0.395180723,0.790361446,0.9965972946963587,-0.0008961300631,1.5,473.0,550.0,1082.3756,0.18122935,48.972565,952.3967,-129.97888,-0.9860919,-1.1673212,108.357925,59.38536
1.5-473-550,0.4979591837,0.9959183674,0.9726063659511005,0.0008745576661,1.5,473.0,550.0,657.3944,0.98397106,362.08875,561.8229,-95.57153,0.26812637,-0.7158447,466.70023,104.61148
1.5-473-550,0.0,0.0,0.7893346586322618,-0.0007097616271,1.5,473.0,550.0,473.00003,0.90842825,649.85333,449.19745,-23.802582,0.8481493,-0.060278952,644.16974,-5.6835938
1.5-473-550,0.3855421687,0.7710843374,0.999825745120423,0.0008990330526,1.5,473.0,550.0,1110.7174,0.0048183748,47.375336,1031.2559,-79.46155,-1.0193118,-1.0241301,75.96843,28.593094
1.5-473-550,0.3987951808,0.7975903616,0.2914697156873968,0.0002620865781,1.5,473.0,550.0,627.14496,2.1603613,447.1346,613.1865,-13.958435,2.0617602,-0.0986011,453.63257,6.4979553
1.5-473-550,0.3373493976,0.6746987952,0.6021818746711394,0.0005414757638,1.5,473.0,550.0,621.949,1.8276365,456.62192,605.70667,-16.24231,1.8897896,0.0621531,475.94727,19.325348
1.5-473-550,0.4040816326,0.8081632652,0.9931416465066502,-0.0008930227797,1.5,473.0,550.0,841.62866,0.44810575,72.06363,865.62195,23.993286,-0.89306694,-1.3411727,158.35602,86.29239
1.5-473-550,0.0102040816,0.0204081632,0.5396442233296441,-0.0004852425493,1.5,473.0,550.0,473.00003,1.0920877,649.85333,459.9349,-13.0651245,1.0610175,-0.031070232,633.5647,-16.288635
1.5-473-550,0.2698795181,0.5397590362,0.7098470004029654,-0.0006382871403,1.5,473.0,550.0,607.8511,1.5614332,480.48828,571.39966,-36.451416,1.4554902,-0.105942965,560.37384,79.88556
1.5-473-550,0.4408163265,0.881632653,0.9895407848051817,0.0008897849218,1.5,473.0,550.0,668.9695,0.61605084,266.35107,639.5472,-29.422302,-0.3672648,-0.98331565,360.19498,93.8439
1.5-473-550,0.1457831325,0.291566265,0.9844268823757469,0.0008851865532,1.5,473.0,550.0,697.3946,0.5258006,130.52776,793.60114,96.20654,-0.38813668,-0.9139373,2.6186838,-127.90907
1.5-473-550,0.3289156627,0.6578313254,0.7892004020960466,-0.000709640905,1.5,473.0,550.0,660.7615,1.8728819,330.2179,658.85425,-1.9072266,1.9664794,0.09359753,362.32114,32.10324
1.5-473-550,0.3674698796,0.7349397592,0.9844268823757469,-0.0008851865532,1.5,473.0,550.0,1050.2698,0.66963714,50.94815,1090.2313,39.961548,-0.7159181,-1.3855553,62.49475,11.5466
1.5-473-550,0.2831325301,0.5662650602,0.03282169735804886,2.951293354e-05,1.5,473.0,550.0,526.77856,1.4775286,594.23224,533.0841,6.305542,1.4422237,-0.035304904,604.51324,10.281006
1.5-473-550,0.3710843374,0.7421686748,0.5396442233296441,-0.0004852425493,1.5,473.0,550.0,629.9218,2.0007353,441.25693,621.53156,-8.390259,2.019276,0.01854062,442.3274,1.0704651
1.5-473-550,0.3819277109,0.7638554218,0.9956514833048237,-0.0008952795992,1.5,473.0,550.0,1094.1289,0.20647192,48.289307,1040.169,-53.95996,-0.95399994,-1.1604719,73.147125,24.857819
1.5-473-550,0.05306122449,0.10612244898,0.8206166047262803,0.0007378900321,1.5,473.0,550.0,473.00003,0.8669517,649.85333,452.3975,-20.60254,0.85686165,-0.010090053,641.80853,-8.0448
1.5-473-550,0.4265306122,0.8530612244,0.9811301446957078,0.0008822221605,1.5,473.0,550.0,692.26044,0.98491734,138.00272,663.5694,-28.69104,-0.28411168,-1.269029,333.99936,195.99664
1.5-473-550,0.4632653061,0.9265306122,0.960723235489121,-0.0008638724771,1.5,473.0,550.0,659.99084,1.1136198,351.14682,587.8018,-72.189026,0.4399578,-0.673662,443.77148,92.624664
1.5-473-550,0.05510204082,0.11020408164,0.999825745120423,0.0008990330526,1.5,473.0,550.0,473.00003,0.0009912199,649.85333,483.9491,10.949066,-0.19720906,-0.19820029,602.54614,-47.30719
1.5-473-550,0.05306122449,0.10612244898,0.7525573838264147,-0.0006766918789,1.5,473.0,550.0,473.00003,0.9463141,649.85333,457.00278,-15.997253,0.94949454,0.0031804442,634.5924,-15.260925
1.5-473-550,0.3313253012,0.6626506024,0.7098470004029654,-0.0006382871403,1.5,473.0,550.0,640.56586,1.8443685,416.80148,626.8111,-13.754761,1.9196466,0.07527816,433.52036,16.718872
1.5-473-550,0.343373494,0.686746988,0.9071317792997667,-0.0008156835895,1.5,473.0,550.0,833.65326,1.8200412,73.42691,785.79535,-47.85791,1.9609635,0.14092231,121.53612,48.109207
1.5-473-550,0.2228915662,0.4457831324,0.9772248215579286,0.000878710534,1.5,473.0,550.0,1202.1971,0.5385337,42.977234,1249.2258,47.028687,-0.35323018,-0.89176387,47.805786,4.8285522
1.5-473-550,0.3879518073,0.7759036146,0.9996041060258503,0.000898833757,1.5,473.0,550.0,1106.7625,0.016105944,47.58664,1014.9641,-91.79834,-1.0223582,-1.0384641,81.634674,34.048035
1.5-473-550,0.3337349398,0.6674698796,0.9811301448069191,-0.0008822221606,1.5,473.0,550.0,1066.3258,0.68136424,49.925903,1219.8566,153.53076,-0.5148819,-1.1962461,59.635498,9.709595
1.5-473-550,0.3349397591,0.6698795182,0.9996041060258503,0.000898833757,1.5,473.0,550.0,1155.9672,0.011846239,45.06482,1247.7802,91.81299,-0.8003667,-0.81221294,47.985016,2.9201965
1.5-473-550,0.2987951807,0.5975903614,0.9985491866279087,0.0008978851843,1.5,473.0,550.0,1177.3116,0.04509216,44.07425,1313.7966,136.48499,-0.67315584,-0.718248,51.891327,7.8170776
1.5-473-550,0.4061224489,0.8122448978,0.9071317792997667,-0.0008156835895,1.5,473.0,550.0,780.1713,2.108415,84.73433,703.2451,-76.92621,1.6607388,-0.44767606,283.9753,199.24098
1.5-473-550,0.3228915663,0.6457831326,0.999825745120423,0.0008990330526,1.5,473.0,550.0,1166.6674,0.0034484214,44.561096,1276.3511,109.683716,-0.75782126,-0.7612697,49.178436,4.61734
1.5-473-550,0.05918367348,0.11836734696,0.22784103821928303,0.0002048723241,1.5,473.0,550.0,473.00003,1.1836942,649.85333,471.432,-1.5680237,1.1131973,-0.07049692,639.00476,-10.848572
1.5-473-550,0.3144578314,0.6289156628,0.5396442233296441,-0.0004852425493,1.5,473.0,550.0,595.28424,1.6883082,499.98157,577.36066,-17.923584,1.7180257,0.029717445,534.59906,34.617493
1.5-473-550,0.1012048192,0.2024096384,0.9945113833309429,-0.000894254433,1.5,473.0,550.0,575.1089,0.10353374,530.7175,572.64935,-2.4595337,-0.33049482,-0.43402857,377.88983,-152.8277
1.5-473-550,0.04693877551,0.09387755102,0.7525573838264147,0.0006766918789,1.5,473.0,550.0,473.00003,0.94096243,649.85333,456.23132,-16.768707,0.9442845,0.0033220649,635.0609,-14.792419
1.5-473-550,0.2204819277,0.4409638554,0.9980223152919674,0.000897411427,1.5,473.0,550.0,1291.2771,0.047173794,39.923004,1296.5067,5.2296143,-0.60990185,-0.65707564,27.514008,-12.408997
1.5-473-550,0.1204819277,0.2409638554,0.9726063657286781,0.0008745576659,1.5,473.0,550.0,557.30865,0.5756772,557.6799,552.98883,-4.319824,0.03101837,-0.54465884,477.00888,-80.67099
1.5-473-550,0.1337349397,0.2674698794,0.03282169735804886,2.951293354e-05,1.5,473.0,550.0,480.025,1.1029477,643.21704,484.0582,4.033203,1.107928,0.0049803257,648.2074,4.9903564
1.5-473-550,0.3831325302,0.7662650604,0.9956514833048237,-0.0008952795992,1.5,473.0,550.0,1092.8208,0.20854658,48.365356,1032.502,-60.318848,-0.957562,-1.1661086,75.569275,27.203918
1.5-473-550,0.002040816308,0.004081632616,0.9772248216691397,-0.0008787105341,1.5,473.0,550.0,473.00003,0.34356207,649.85333,450.20462,-22.79541,0.11315387,-0.23040819,661.7277,11.87439
1.5-473-550,0.2722891566,0.5445783132,0.9996041060258503,0.000898833757,1.5,473.0,550.0,1205.9342,0.009458238,42.816803,1334.6816,128.74744,-0.64014214,-0.6496004,49.233215,6.4164124
1.5-473-550,0.03061224488,0.06122448976,0.9442484491033019,-0.0008490585182,1.5,473.0,550.0,473.00003,0.49388477,649.85333,446.6017,-26.398315,0.3655157,-0.12836906,664.4324,14.579041
1.5-473-550,0.330120482,0.660240964,0.9965972946963587,0.0008961300631,1.5,473.0,550.0,1146.1064,0.121928625,45.550964,1255.8643,109.75781,-0.7442196,-0.86614823,50.100433,4.549469
1.5-473-550,0.3686746989,0.7373493978,0.9999999997775775,0.0008991897406,1.5,473.0,550.0,1127.4022,-5.322157e-09,46.50833,1125.6318,-1.7703857,-0.95631367,-0.95631367,53.609528,7.1011963
1.5-473-550,0.3626506025,0.725301205,0.9980223152919674,0.000897411427,1.5,473.0,550.0,1123.3636,0.081218,46.699585,1149.1976,25.833984,-0.9042465,-0.9854645,51.081604,4.382019
1.5-473-550,0.2,0.4,0.9442484491033019,-0.0008490585182,1.5,473.0,550.0,923.8854,1.045812,61.457,889.9001,-33.98529,0.49306983,-0.5527422,111.50928,50.052277
1.5-473-550,0.03469387754,0.06938775508,0.9811301446957078,-0.0008822221605,1.5,473.0,550.0,473.00003,0.18388593,649.85333,457.25858,-15.741455,0.06029373,-0.1235922,654.56934,4.7160034
1.5-473-550,0.2409638554,0.4819277108,0.8902853188558087,-0.0008005354251,1.5,473.0,550.0,761.2648,1.5249395,93.44388,714.7634,-46.501343,1.2947478,-0.23019171,335.13278,241.6889
1.5-473-550,0.2554216867,0.5108433734,0.9726063657286781,0.0008745576659,1.5,473.0,550.0,1094.4081,0.7436358,48.27307,1283.6509,189.2428,-0.27247697,-1.0161128,72.134766,23.861694
1.5-473-550,0.4734693878,0.9469387756,0.9531521908128958,-0.0008570646714,1.5,473.0,550.0,658.57477,1.1773195,357.3238,583.5669,-75.00787,0.5607283,-0.6165912,452.0564,94.732605
1.5-473-550,0.2253012048,0.4506024096,0.9915009044774012,0.0008915474413,1.5,473.0,550.0,1260.6238,0.2076739,40.63797,1292.1897,31.565918,-0.5395226,-0.7471965,36.153442,-4.4845276
1.5-473-550,0.1337349397,0.2674698794,0.8475322498919685,-0.0007620923041,1.5,473.0,550.0,505.376,0.91743696,617.5695,472.308,-33.067993,0.9047145,-0.012722433,646.3301,28.76056
1.5-473-550,0.2927710844,0.5855421688,0.9844268823757469,0.0008851865532,1.5,473.0,550.0,1115.9166,0.4897996,47.097504,1300.3779,184.4613,-0.4767062,-0.96650577,64.03024,16.93274
1.5-473-550,0.3939759037,0.7879518074,0.7098470004029654,-0.0006382871403,1.5,473.0,550.0,661.11597,2.264278,333.59854,669.2732,8.157227,2.1222305,-0.1420474,348.527,14.928467
1.5-473-550,0.3060240964,0.6120481928,0.9071317792997667,-0.0008156835895,1.5,473.0,550.0,835.35516,1.6831989,73.1895,831.43085,-3.9243164,1.6497973,-0.03340161,134.58289,61.393387
1.5-473-550,0.343373494,0.686746988,0.2914697156873968,0.0002620865781,1.5,473.0,550.0,582.3878,1.7557687,518.09406,576.6343,-5.75354,1.8037115,0.047942877,527.4083,9.31427
1.5-473-550,0.0244897959,0.0489795918,0.8902853188558087,-0.0008005354251,1.5,473.0,550.0,473.00003,0.70451003,649.85333,445.18967,-27.810364,0.63142747,-0.073082566,656.052,6.1986694
1.5-473-550,0.3457831326,0.6915662652,0.9999999997775775,0.0008991897406,1.5,473.0,550.0,1148.4125,-5.322157e-09,45.45926,1216.7404,68.32788,-0.85088974,-0.85088974,47.232147,1.7728882
1.5-473-550,0.1373493975,0.274698795,0.5396442233296441,0.0004852425493,1.5,473.0,550.0,487.596,1.0523434,635.56287,479.264,-8.332001,1.0665418,0.014198422,634.01337,-1.5494995
1.5-473-550,0.02653061223,0.05306122446,0.9337895728803226,-0.000839654004,1.5,473.0,550.0,473.00003,0.54650646,649.85333,445.36804,-27.631989,0.42779455,-0.11871192,663.5008,13.647461
1.5-473-550,0.01224489793,0.02448979586,0.9872047710533666,0.0008876844022,1.5,473.0,550.0,473.00003,0.11808603,649.85333,454.67258,-18.327454,0.022751803,-0.09533423,656.07196,6.218628
1.5-473-550,0.213253012,0.426506024,0.7098470004029654,0.0006382871403,1.5,473.0,550.0,544.05145,1.2967503,574.6035,519.26855,-24.782898,1.1147041,-0.18204618,630.9756,56.37207
1.5-473-550,0.2445783133,0.4891566266,0.8206166047262803,0.0007378900321,1.5,473.0,550.0,640.2705,1.5048598,416.44736,601.69196,-38.578552,1.2634028,-0.24145699,517.1928,100.74545
1.5-473-550,0.1084337349,0.2168674698,0.8475322498919685,0.0007620923041,1.5,473.0,550.0,481.39026,0.849323,641.83734,461.49127,-19.898987,0.87609845,0.02677548,645.46844,3.6311035
1.5-473-550,0.1337349397,0.2674698794,0.3542741437603377,0.0003185596755,1.5,473.0,550.0,482.14267,1.0815575,641.08167,481.05127,-1.0914001,1.080793,-0.0007644892,636.9732,-4.1084595
1.5-473-550,0.00204081629,0.00408163258,0.4163512323516047,-0.0003743787567,1.5,473.0,550.0,473.00003,0.99445,649.85333,461.56277,-11.437256,1.0995076,0.1050576,636.78815,-13.065186
1.5-473-550,0.4836734694,0.9673469388,0.8902853188558087,-0.0008005354251,1.5,473.0,550.0,657.71814,1.443947,360.78183,614.2629,-43.45526,1.1986663,-0.24528062,417.8885,57.10666
1.5-473-550,0.148192771,0.296385542,0.22784103833049427,-0.0002048723242,1.5,473.0,550.0,487.1524,1.1014807,636.0118,485.20587,-1.9465332,1.0903955,-0.011085272,641.8865,5.874695
1.5-473-550,0.3879518073,0.7759036146,0.9945113832197316,-0.0008942544329,1.5,473.0,550.0,1081.2864,0.27562886,49.03589,995.94684,-85.33954,-0.95142776,-1.2270566,88.81502,39.77913
1.5-473-550,0.1674698795,0.334939759,0.999825745120423,0.0008990330526,1.5,473.0,550.0,932.60077,0.0025984591,60.3808,1089.2903,156.68951,-0.64913446,-0.6517329,-37.775116,-98.155914
1.5-473-550,0.3662650603,0.7325301206,0.9980223152919674,0.000897411427,1.5,473.0,550.0,1120.3893,0.08276748,46.85852,1132.6464,12.25708,-0.9211001,-1.0038675,52.96701,6.10849
1.5-473-550,0.4040816326,0.8081632652,0.9996041061370615,-0.0008988337571,1.5,473.0,550.0,841.75336,0.02088588,72.041565,898.8785,57.125122,-1.0132383,-1.0341241,137.73407,65.692505
1.5-473-550,0.2626506024,0.5253012048,0.998978267368595,-0.0008982710093,1.5,473.0,550.0,1213.8186,0.027217144,42.48169,1335.2936,121.474976,-0.62487715,-0.6520943,47.667694,5.1860046
1.5-473-550,0.04897959184,0.09795918368,0.8475322498919685,0.0007620923041,1.5,473.0,550.0,473.00003,0.82023466,649.85333,449.87244,-23.127594,0.795855,-0.02437967,646.40594,-3.4473877
1.5-473-550,0.1096385542,0.2192771084,0.6600967573005477,0.0005935522321,1.5,473.0,550.0,475.5527,1.0008007,647.4453,470.44244,-5.11026,1.0381026,0.037301898,631.0089,-16.436401
1.5-473-550,0.05714285715,0.1142857143,0.9973789934503665,-0.0008968329586,1.5,473.0,550.0,473.00003,0.026207918,649.85333,482.81104,9.811005,-0.17050654,-0.19671446,606.6293,-43.22406
1.5-473-550,0.2469879518,0.4939759036,0.9945113832197316,0.0008942544329,1.5,473.0,550.0,1215.663,0.14923698,42.40332,1323.7898,108.12683,-0.57093126,-0.72016823,46.080475,3.6771545
1.5-473-550,0.2614457831,0.5228915662,0.4163512323516047,-0.0003743787567,1.5,473.0,550.0,532.8588,1.4365169,587.471,530.5548,-2.304016,1.3359305,-0.100586414,618.2593,30.788269
1.5-473-550,0.2277108434,0.4554216868,0.03282169735804886,2.951293354e-05,1.5,473.0,550.0,514.0211,1.3398614,608.4186,509.91086,-4.11026,1.2228863,-0.11697507,635.78735,27.368774
1.5-473-550,0.08367346941,0.16734693882,0.993141646395439,0.0008930227796,1.5,473.0,550.0,473.00003,0.07034611,649.85333,514.51697,41.516937,-0.20537311,-0.27571923,538.8076,-111.045715
1.5-473-550,0.1120481927,0.2240963854,0.9973789934503665,-0.0008968329586,1.5,473.0,550.0,664.9591,0.14096391,304.45334,639.9129,-25.046204,-0.46135598,-0.6023199,190.87436,-113.57898
1.5-473-550,0.3843373495,0.768674699,0.4163512326852384,0.000374378757,1.5,473.0,550.0,625.3011,2.0589027,450.6379,615.4901,-9.810974,2.0330188,-0.025883913,452.533,1.8950806
1.5-473-550,0.1192771084,0.2385542168,0.9772248215579286,-0.000878710534,1.5,473.0,550.0,568.56116,0.5302407,542.8314,569.1803,0.6191406,-0.064757235,-0.59499794,422.52438,-120.30704
1.5-473-550,0.4714285714,0.9428571428,0.6600967573005477,-0.0005935522321,1.5,473.0,550.0,657.5102,1.7511461,361.6214,657.401,-0.109191895,1.9977844,0.2466383,350.48227,-11.13913
1.5-473-550,0.2361445783,0.4722891566,0.9671530515086588,-0.0008696541017,1.5,473.0,550.0,1114.1492,0.80105656,47.201202,1243.0232,128.87402,-0.1800018,-0.98105836,69.74335,22.542145
1.5-473-550,0.3156626506,0.6313253012,0.9915009044774012,0.0008915474413,1.5,473.0,550.0,1133.3218,0.29111534,46.181244,1279.4926,146.17078,-0.6278114,-0.9189267,55.54196,9.360718
1.5-473-550,0.2228915662,0.4457831324,0.7892004020960466,-0.000709640905,1.5,473.0,550.0,589.2007,1.3701001,509.37537,551.5638,-37.6369,1.1248211,-0.24527907,596.60077,87.2254
1.5-473-550,0.1361445783,0.2722891566,0.9965972946963587,0.0008961300631,1.5,473.0,550.0,754.6841,0.14034474,92.54965,811.0727,56.38861,-0.5695475,-0.7098922,-27.78711,-120.33676
1.5-473-550,0.365060241,0.730120482,0.7525573838264147,0.0006766918789,1.5,473.0,550.0,660.27966,2.055883,337.4531,668.76514,8.485474,2.0977945,0.041911602,346.60406,9.15097
1.5-473-550,0.4244897959,0.8489795918,0.998978267368595,0.0008982710093,1.5,473.0,550.0,698.5096,0.0656045,128.96515,748.1396,49.630005,-0.8253483,-0.8909528,248.5659,119.60075
1.5-473-550,0.3132530121,0.6265060242,0.9811301448069191,0.0008822221606,1.5,473.0,550.0,1083.963,0.6286959,48.88028,1266.6584,182.69543,-0.45968717,-1.0883831,64.49753,15.617249
1.5-473-550,0.2686746988,0.5373493976,0.9999999997775775,0.0008991897406,1.5,473.0,550.0,1211.5569,-5.322157e-09,42.595276,1336.0508,124.4939,-0.64052445,-0.64052445,48.241333,5.646057
1.5-473-550,0.3265060241,0.6530120482,0.8705746216627653,-0.0007828117684,1.5,473.0,550.0,763.1327,1.8681316,90.606995,722.716,-40.416687,1.9774015,0.10926986,213.01892,122.41193
1.5-473-550,0.09591836738,0.19183673476,0.9215172744995802,0.0008286188792,1.5,473.0,550.0,473.00003,0.6363897,649.85333,455.74976,-17.250275,0.5947516,-0.041638076,665.86127,16.007935
1.5-473-550,0.2012048193,0.4024096386,0.2914697156873968,0.0002620865781,1.5,473.0,550.0,509.36807,1.2516978,613.52344,500.03082,-9.33725,1.1287411,-0.12295663,641.76276,28.239319
1.5-473-550,0.1638554216,0.3277108432,0.9931416465066502,-0.0008930227797,1.5,473.0,550.0,877.302,0.18051487,66.727234,1024.6854,147.38342,-0.5725078,-0.7530227,-38.31082,-105.038055
1.5-473-550,0.3349397591,0.6698795182,0.6021818746711394,-0.0005414757638,1.5,473.0,550.0,620.6988,1.8153193,458.86255,603.7128,-16.985962,1.8762507,0.060931444,480.21262,21.350067
1.5-473-550,0.1072289156,0.2144578312,0.9531521909241071,-0.0008570646715,1.5,473.0,550.0,503.27072,0.5964007,619.7001,477.49268,-25.778046,0.34455293,-0.25184774,653.88135,34.181274
1.5-473-550,0.2963855422,0.5927710844,0.9915009044774012,-0.0008915474413,1.5,473.0,550.0,1146.8691,0.27368468,45.513336,1307.5583,160.68921,-0.58163935,-0.85532403,57.483856,11.97052
1.5-473-550,0.2120481927,0.4240963854,0.9844268823757469,-0.0008851865532,1.5,473.0,550.0,1233.5696,0.37572438,41.681183,1242.0393,8.469727,-0.45754236,-0.83326674,30.59848,-11.082703
1.5-473-550,0.2313253012,0.4626506024,0.9996041060258503,0.000898833757,1.5,473.0,550.0,1278.4015,0.008053893,39.982086,1316.6663,38.26477,-0.62324506,-0.63129896,33.93335,-6.0487366
1.5-473-550,0.234939759,0.469879518,0.22784103833049427,-0.0002048723242,1.5,473.0,550.0,517.6084,1.3566141,604.4295,513.421,-4.187378,1.2201163,-0.13649786,633.85986,29.430359
1.5-473-550,0.308433735,0.61686747,0.9337895728803226,-0.000839654004,1.5,473.0,550.0,900.27124,1.5135808,63.933258,1028.4338,128.1626,1.003608,-0.5099728,97.90262,33.96936
1.5-473-550,0.4755102041,0.9510204082,0.9772248215579286,-0.000878710534,1.5,473.0,550.0,658.4413,0.90251756,357.86252,576.575,-81.86627,0.1514535,-0.75106406,448.284,90.42148
1.5-473-550,0.09591836738,0.19183673476,0.9811301446957078,-0.0008822221605,1.5,473.0,550.0,473.00003,0.19425142,649.85333,510.71902,37.718994,-0.04581738,-0.2400688,565.2848,-84.56854
1.5-473-550,0.2939759036,0.5879518072,0.8206166047262803,-0.0007378900321,1.5,473.0,550.0,665.86475,1.7342857,285.96463,653.12524,-12.739502,1.7094513,-0.024834394,385.42438,99.45975
1.5-473-550,0.1638554216,0.3277108432,0.998978267368595,-0.0008982710093,1.5,473.0,550.0,915.19135,0.025301928,62.173767,1059.9015,144.71014,-0.64063054,-0.6659325,-42.2937,-104.46747
1.5-473-550,0.243373494,0.486746988,0.9980223152919674,0.000897411427,1.5,473.0,550.0,1238.8716,0.05158549,41.47104,1326.576,87.70447,-0.60744196,-0.65902746,41.587585,0.11654663
1.5-473-550,0.1686746988,0.3373493976,0.8902853187445975,0.000800535425,1.5,473.0,550.0,557.9931,0.9872078,556.8754,508.24442,-49.748688,0.86080796,-0.12639982,641.32916,84.453735
1.5-473-550,0.0387755102,0.0775510204,0.7098470004029654,-0.0006382871403,1.5,473.0,550.0,473.00003,0.9756053,649.85333,457.52838,-15.471649,0.9775449,0.0019395947,633.16626,-16.687073
1.5-473-550,0.1831325301,0.3662650602,0.9980223152919674,-0.000897411427,1.5,473.0,550.0,1036.8749,0.045349594,51.831116,1172.4268,135.55188,-0.62511164,-0.67046124,-14.281493,-66.11261
1.5-473-550,0.002040816309,0.004081632618,0.9989782674798061,-0.0008982710094,1.5,473.0,550.0,473.00003,0.017165298,649.85333,457.35815,-15.641876,-0.07277156,-0.08993685,651.2457,1.392395
1.5-473-550,0.3722891567,0.7445783134,0.9844268823757469,0.0008851865532,1.5,473.0,550.0,1045.6893,0.6890367,51.239777,1061.9347,16.245361,-0.73507124,-1.424108,68.34085,17.101074
1.5-473-550,0.395180723,0.790361446,0.960723235489121,0.0008638724771,1.5,473.0,550.0,922.9523,1.6235192,61.374603,749.56726,-173.38501,0.2637164,-1.3598027,250.77634,189.40173
1.5-473-550,0.1060240963,0.2120481926,0.9945113832197316,-0.0008942544329,1.5,473.0,550.0,625.4388,0.15704471,450.37628,593.64185,-31.796936,-0.36283594,-0.51988065,317.95166,-132.42462
1.5-473-550,0.3120481928,0.6240963856,0.9215172744995802,-0.0008286188792,1.5,473.0,550.0,868.6726,1.6187761,67.98062,910.77386,42.101257,1.4548349,-0.16394114,104.795334,36.814713
1.5-473-550,0.1867469879,0.3734939758,0.9956514833048237,-0.0008952795992,1.5,473.0,550.0,1052.8455,0.103689246,50.78418,1181.1466,128.30115,-0.5988626,-0.70255184,-8.040252,-58.824432
1.5-473-550,0.3168674699,0.6337349398,0.16340484097302546,-0.0001469319566,1.5,473.0,550.0,548.083,1.5996437,569.78204,553.63873,5.555725,1.6265764,0.026932716,569.8156,0.033569336
1.5-473-550,0.3590361446,0.7180722892,0.9442484491033019,0.0008490585182,1.5,473.0,550.0,903.7699,1.6119598,63.487335,911.5213,7.751404,1.0956312,-0.5163286,106.96596,43.478622
1.5-473-550,0.3590361446,0.7180722892,0.8705746216627653,0.0007828117684,1.5,473.0,550.0,771.2273,2.025768,87.6351,730.9633,-40.263977,2.1223848,0.096616745,201.67195,114.03685
1.5-473-550,0.1024096385,0.204819277,0.9726063657286781,0.0008745576659,1.5,473.0,550.0,505.8693,0.4014982,616.9794,503.35168,-2.5176086,0.08025145,-0.32124674,593.7443,-23.235046
1.5-473-550,0.3530120482,0.7060240964,0.9965972946963587,0.0008961300631,1.5,473.0,550.0,1125.9994,0.13561195,46.558746,1185.8602,59.86084,-0.84092206,-0.976534,49.08319,2.5244446
1.5-473-550,0.1385542168,0.2771084336,0.29146971579860803,-0.0002620865782,1.5,473.0,550.0,483.5477,1.0898452,639.6597,482.64322,-0.90448,1.0848553,-0.0049898624,639.2781,-0.38165283
1.5-473-550,0.03673469387,0.07346938774,0.7892004020960466,-0.000709640905,1.5,473.0,550.0,473.00003,0.8923826,649.85333,452.74362,-20.256409,0.88882816,-0.0035544634,639.3044,-10.54895
1.5-473-550,0.3192771085,0.638554217,0.9215172744995802,0.0008286188792,1.5,473.0,550.0,866.6987,1.6459849,68.25525,894.3664,27.667664,1.5308931,-0.1150918,100.34355,32.088303
1.5-473-550,0.4428571429,0.8857142858,0.9772248215579286,-0.000878710534,1.5,473.0,550.0,667.2827,0.9515959,282.37686,613.20416,-54.078552,-0.0055253557,-0.95712125,398.30753,115.930664
1.5-473-550,0.4326530612,0.8653061224,0.8206166047262803,0.0007378900321,1.5,473.0,550.0,671.2307,1.7847862,245.82266,677.43097,6.2002563,1.8797671,0.094980836,316.48413,70.66147
1.5-473-550,0.1771084337,0.3542168674,0.9956514833048237,-0.0008952795992,1.5,473.0,550.0,978.9428,0.10282313,56.147156,1129.4171,150.4743,-0.6023117,-0.7051348,-21.906494,-78.05365
1.5-473-550,0.3939759037,0.7879518074,0.2914697156873968,0.0002620865781,1.5,473.0,550.0,624.0142,2.1162443,453.083,610.22406,-13.790161,2.0441782,-0.07206607,459.45972,6.376709
1.5-473-550,0.3915662651,0.7831325302,0.8206166047262803,-0.0007378900321,1.5,473.0,550.0,716.9907,2.328163,113.557495,702.281,-14.709717,2.096588,-0.23157501,278.30402,164.74652
1.5-473-550,0.05714285715,0.1142857143,0.9531521908128958,-0.0008570646714,1.5,473.0,550.0,473.00003,0.46206552,649.85333,452.07614,-20.92389,0.31707388,-0.14499164,664.86664,15.013306
1.5-473-550,0.2457831325,0.491566265,0.47796385156444166,0.0004297801918,1.5,473.0,550.0,530.67,1.3944507,589.905,523.7121,-6.9578857,1.2594067,-0.13504398,627.9551,38.05005
1.5-473-550,0.2530120482,0.5060240964,0.9980223152919674,0.000897411427,1.5,473.0,550.0,1218.3673,0.053754386,42.28839,1332.0994,113.732056,-0.60976297,-0.66351736,45.50592,3.2175293
1.5-473-550,0.3289156627,0.6578313254,0.7525573838264147,0.0006766918789,1.5,473.0,550.0,649.68823,1.8530531,389.95084,640.8939,-8.794312,1.9365935,0.08354044,403.43573,13.484894
1.5-473-550,0.2807228916,0.5614457832,0.9071317792997667,-0.0008156835895,1.5,473.0,550.0,832.8507,1.5996517,73.68158,846.9808,14.130066,1.4649644,-0.1346873,161.9635,88.28192
1.5-473-550,0.234939759,0.469879518,0.9956514833048237,-0.0008952795992,1.5,473.0,550.0,1251.9415,0.11084675,40.958466,1314.5443,62.602783,-0.582884,-0.6937308,39.107178,-1.8512878
1.5-473-550,0.3180722892,0.6361445784,0.9215172744995802,0.0008286188792,1.5,473.0,550.0,866.963,1.6414764,68.21872,897.19366,30.230652,1.5179368,-0.12353957,101.02673,32.808014
1.5-473-550,0.1469879518,0.2939759036,0.9337895728803226,-0.000839654004,1.5,473.0,550.0,553.23755,0.84416693,563.0271,504.18048,-49.057068,0.60854363,-0.2356233,635.63873,72.61163
1.5-473-550,0.3048192771,0.6096385542,0.09831793590232207,-8.84064793e-05,1.5,473.0,550.0,536.6285,1.5476364,583.2791,545.03345,8.404968,1.5541217,0.006485343,584.50226,1.2231445
1.5-473-550,0.286746988,0.573493976,0.998978267368595,0.0008982710093,1.5,473.0,550.0,1189.3682,0.029688412,43.52289,1326.0914,136.72327,-0.65379375,-0.68348217,51.374115,7.851227
1.5-473-550,0.4877551021,0.9755102042,0.4163512323516047,-0.0003743787567,1.5,473.0,550.0,656.91473,1.8915546,364.02527,651.3597,-5.5550537,2.1533844,0.26182985,372.3902,8.364929
1.5-473-550,0.134939759,0.269879518,0.4163512323516047,-0.0003743787567,1.5,473.0,550.0,483.6403,1.0732102,639.56604,480.56985,-3.0704346,1.0766524,0.0034421682,635.5578,-4.0082397
1.5-473-550,0.05918367348,0.11836734696,0.9726063657286781,-0.0008745576659,1.5,473.0,550.0,473.00003,0.28773504,649.85333,461.30927,-11.690765,0.1296534,-0.15808165,654.4005,4.54718
1.5-473-550,0.1903614457,0.3807228914,0.9895407848051817,-0.0008897849218,1.5,473.0,550.0,1059.7728,0.24994034,50.34314,1174.5275,114.75464,-0.5280189,-0.7779592,0.55163664,-49.791504
1.5-473-550,0.286746988,0.573493976,0.9996041060258503,-0.000898833757,1.5,473.0,550.0,1192.0989,0.009992773,43.404785,1326.8134,134.71448,-0.6606559,-0.6706487,50.89746,7.492676
1.5-473-550,0.3132530121,0.6265060242,0.5396442233296441,0.0004852425493,1.5,473.0,550.0,594.35266,1.6825529,501.3256,576.3959,-17.956787,1.7100369,0.02748394,536.6667,35.341095
1.5-473-550,0.221686747,0.443373494,0.7098470004029654,0.0006382871403,1.5,473.0,550.0,550.8635,1.3364297,565.97766,526.76544,-24.098083,1.1434305,-0.19299924,624.83185,58.854187
1.5-473-550,0.2144578313,0.4289156626,0.16340484097302546,-0.0001469319566,1.5,473.0,550.0,511.40262,1.3068432,611.3303,504.9506,-6.4520264,1.1692569,-0.13758624,639.7236,28.39325
1.5-473-550,0.1927710843,0.3855421686,0.9993254186825348,-0.0008985831642,1.5,473.0,550.0,1139.5221,0.014444107,45.876495,1220.1412,80.61914,-0.63367444,-0.64811856,-1.8016043,-47.6781
1.5-473-550,0.148192771,0.296385542,0.993141646395439,0.0008930227796,1.5,473.0,550.0,781.8099,0.2302661,84.16858,890.9989,109.189026,-0.551524,-0.7817901,-43.07596,-127.24454
1.5-473-550,0.4836734694,0.9673469388,0.8206166047262803,-0.0007378900321,1.5,473.0,550.0,657.59564,1.5823088,361.2764,636.2684,-21.32727,1.5714431,-0.010865688,373.11325,11.836853
1.5-473-550,0.2084337349,0.4168674698,0.8705746216627653,0.0007828117684,1.5,473.0,550.0,639.61426,1.3141413,410.2109,583.5428,-56.071472,1.0266807,-0.28746057,561.41425,151.20334
1.5-473-550,0.2722891566,0.5445783132,0.9671530515086588,-0.0008696541017,1.5,473.0,550.0,1048.3265,0.9101504,51.08963,1271.8784,223.55188,-0.16922587,-1.0793762,82.64319,31.553558
1.5-473-550,0.2373493976,0.4746987952,0.7525573838264147,0.0006766918789,1.5,473.0,550.0,590.8027,1.4257296,506.44592,553.72925,-37.073425,1.2135283,-0.21220136,592.66254,86.21661
1.5-473-550,0.1120481927,0.2240963854,0.9811301446957078,0.0008822221605,1.5,473.0,550.0,566.61694,0.42749065,545.64044,557.80115,-8.815796,-0.11306734,-0.540558,445.71936,-99.92108
1.5-473-550,0.0,0.0,0.9442838153875877,0.0008490903192,1.5,473.0,550.0,473.00003,0.90842825,649.85333,444.94998,-28.050049,0.3409546,-0.56747365,664.67096,14.817627
1.5-473-550,0.4632653061,0.9265306122,0.6600967573005477,0.0005935522321,1.5,473.0,550.0,657.9586,1.7457297,359.811,660.35474,2.3961182,2.0249834,0.27925372,349.10938,-10.70163
1.5-473-550,0.2578313253,0.5156626506,0.9531521908128958,-0.0008570646714,1.5,473.0,550.0,998.9654,1.1357548,54.582764,1209.6251,210.65973,0.13745165,-0.9983032,97.499176,42.916412
1.5-473-550,0.2108433734,0.4216867468,0.9945113832197316,0.0008942544329,1.5,473.0,550.0,1273.1962,0.13468534,40.17404,1266.7023,-6.4938965,-0.57702297,-0.7117083,21.48236,-18.69168
1.5-473-550,0.09183673473,0.18367346946,0.999825745120423,0.0008990330526,1.5,473.0,550.0,473.00003,0.0009950942,649.85333,558.484,85.48398,-0.37419635,-0.37519145,409.84583,-240.0075
1.5-473-550,0.2228915662,0.4457831324,0.9071317792997667,0.0008156835895,1.5,473.0,550.0,845.1416,1.4325932,72.19882,720.55524,-124.586365,1.1614261,-0.27116716,319.8378,247.63898
1.5-473-550,0.4714285714,0.9428571428,0.6021818746711394,0.0005414757638,1.5,473.0,550.0,657.1933,1.7948889,362.9007,657.468,0.27471924,2.0594654,0.26457655,356.40402,-6.4966736
1.5-473-550,0.07142857145,0.1428571429,0.9726063657286781,0.0008745576659,1.5,473.0,550.0,473.00003,0.28819668,649.85333,467.86346,-5.136566,0.12015151,-0.16804516,648.31647,-1.5368652
1.5-473-550,0.3120481928,0.6240963856,0.5396442233296441,-0.0004852425493,1.5,473.0,550.0,593.4137,1.6768432,502.66074,575.43225,-17.981445,1.7020023,0.02515912,538.73004,36.069305
1.5-473-550,0.09183673473,0.18367346946,0.9531521909241071,0.0008570646715,1.5,473.0,550.0,473.00003,0.4625442,649.85333,465.44244,-7.5575867,0.3354091,-0.1271351,662.1576,12.30426
1.5-473-550,0.2795180723,0.5590361446,0.16340484097302546,-0.0001469319566,1.5,473.0,550.0,527.5516,1.4703691,593.3727,533.5731,6.0215454,1.4180799,-0.052289248,607.04175,13.669067
1.5-473-550,0.213253012,0.426506024,0.9895407848051817,-0.0008897849218,1.5,473.0,550.0,1253.9436,0.25849319,40.88449,1260.4021,6.458496,-0.520637,-0.77913016,27.506775,-13.377716
1.5-473-550,0.1397590361,0.2795180722,0.8902853188558087,-0.0008005354251,1.5,473.0,550.0,520.71533,0.8905164,600.97455,475.89105,-44.82428,0.8120064,-0.07850999,655.6798,54.70526
1.5-473-550,0.07959183676,0.15918367352,0.9999999997775775,-0.0008991897406,1.5,473.0,550.0,473.00003,-5.322157e-09,649.85333,523.0242,50.02414,-0.30365866,-0.30365866,507.94357,-141.90976
1.5-473-550,0.08163265309,0.16326530618,0.6021818746711394,-0.0005414757638,1.5,473.0,550.0,473.00003,1.0602202,649.85333,467.53946,-5.4605713,1.0503395,-0.009880781,628.5411,-21.312256
1.5-473-550,0.2602409639,0.5204819278,0.9973789933391554,-0.0008968329585,1.5,473.0,550.0,1209.0723,0.07300817,42.68344,1333.0393,123.96704,-0.60650426,-0.67951244,48.322388,5.6389465
1.5-473-550,0.3060240964,0.6120481928,0.993141646395439,0.0008930227796,1.5,473.0,550.0,1147.5033,0.22695357,45.482086,1297.5441,150.04077,-0.6241867,-0.85114026,55.50406,10.021973
1.5-473-550,0.2686746988,0.5373493976,0.16340484119544796,0.0001469319568,1.5,473.0,550.0,524.4731,1.4411992,596.79596,528.24445,3.7713623,1.363851,-0.07734823,615.3259,18.529968
1.5-473-550,0.1060240963,0.2120481926,0.9973789933391554,0.0008968329585,1.5,473.0,550.0,645.60693,0.08554631,404.0736,607.8822,-37.72473,-0.42164582,-0.50719213,273.60776,-130.46585
1.5-473-550,0.008163265274,0.016326530548,0.2914697156873968,0.0002620865781,1.5,473.0,550.0,473.00003,1.0860019,649.85333,464.56577,-8.434265,1.124355,0.038353086,640.33136,-9.521973
1.5-473-550,0.3445783133,0.6891566266,0.9973789933391554,0.0008968329585,1.5,473.0,550.0,1137.5608,0.099323206,45.97223,1216.5007,78.93994,-0.813104,-0.9124272,48.381683,2.4094543
1.5-473-550,0.1,0.2,0.9844366225891887,-0.0008851953115,1.5,473.0,550.0,498.36182,0.19989645,624.2794,530.2695,31.907654,-0.12158353,-0.32147998,512.72534,-111.55408
1.5-473-550,0.3445783133,0.6891566266,0.999825745120423,-0.0008990330526,1.5,473.0,550.0,1148.9811,0.0037800616,45.40924,1220.3069,71.325806,-0.8434995,-0.84727955,47.310852,1.9016113
1.5-473-550,0.2891566265,0.578313253,0.9956514833048237,-0.0008952795992,1.5,473.0,550.0,1172.4907,0.13573533,44.29477,1320.1003,147.60962,-0.6200053,-0.75574064,54.09601,9.801239
1.5-473-550,0.4081632653,0.8163265306,0.4163512326852384,0.000374378757,1.5,473.0,550.0,638.93713,2.2296195,421.71375,630.1412,-8.795959,2.1074266,-0.12219286,424.09628,2.3825378
1.5-473-550,0.05102040816,0.10204081632,0.47796385156444166,-0.0004297801918,1.5,473.0,550.0,473.00003,1.1198074,649.85333,466.44452,-6.5555115,1.0805534,-0.03925395,630.21735,-19.635986
1.5-473-550,0.2807228916,0.5614457832,0.9993254186825348,0.0008985831642,1.5,473.0,550.0,1196.1979,0.018312627,43.23059,1330.598,134.40015,-0.6479786,-0.66629124,50.61609,7.385498
1.5-473-550,0.4448979592,0.8897959184,0.6021818746711394,0.0005414757638,1.5,473.0,550.0,658.06396,1.8712012,359.3859,661.08026,3.0162964,2.114495,0.24329388,360.13184,0.74594116
1.5-473-550,0.1072289156,0.2144578312,0.6021818746711394,-0.0005414757638,1.5,473.0,550.0,473.82224,1.0329887,649.07776,471.73404,-2.0881958,1.0537567,0.020768046,629.95245,-19.125305
1.5-473-550,0.2325301205,0.465060241,0.9980223152919674,-0.000897411427,1.5,473.0,550.0,1268.9031,0.048556145,40.33249,1315.5972,46.69409,-0.60746807,-0.6560242,35.840576,-4.491913
1.5-473-550,0.1951807229,0.3903614458,0.7892004020960466,0.000709640905,1.5,473.0,550.0,550.2852,1.1816355,566.7983,516.8045,-33.480713,1.036293,-0.14534247,631.61615,64.81787
1.5-473-550,0.3168674699,0.6337349398,0.993141646395439,0.0008930227796,1.5,473.0,550.0,1140.2146,0.2359963,45.8414,1279.5776,139.36304,-0.6538184,-0.88981473,54.186768,8.345367
1.5-473-550,0.1084337349,0.2168674698,0.9895407848051817,0.0008897849218,1.5,473.0,550.0,600.6519,0.27735084,492.24045,580.77924,-19.87268,-0.27353245,-0.5508833,363.65454,-128.5859
1.5-473-550,0.1108433734,0.2216867468,0.9811301446957078,-0.0008822221605,1.5,473.0,550.0,563.8676,0.41566563,549.16785,553.293,-10.574585,-0.106875725,-0.52254134,458.10114,-91.06671
1.5-473-550,0.351807229,0.703614458,0.16340484097302546,-0.0001469319566,1.5,473.0,550.0,581.98114,1.7846606,518.48236,574.6131,-7.368042,1.8244238,0.039763212,526.5558,8.073425
1.5-473-550,0.4714285714,0.9428571428,0.9071317792997667,0.0008156835895,1.5,473.0,550.0,658.635,1.3885248,357.08047,616.9062,-41.72882,1.1303666,-0.2581582,419.37573,62.295258
1.5-473-550,0.4938775511,0.9877551022,0.9973789933391554,0.0008968329585,1.5,473.0,550.0,657.4929,0.13956666,361.69107,569.11566,-88.37726,-0.121820636,-0.2613873,448.024,86.33292
1.5-473-550,0.1096385542,0.2192771084,0.9844268823757469,-0.0008851865532,1.5,473.0,550.0,575.5515,0.36464268,530.0638,562.67194,-12.879578,-0.17066461,-0.5353073,425.33832,-104.725464
1.5-473-550,0.3253012049,0.6506024098,0.7098470004029654,0.0006382871403,1.5,473.0,550.0,638.3987,1.8154188,422.1994,621.54926,-16.849426,1.8826663,0.06724751,445.2843,23.0849
1.5-473-550,0.395180723,0.790361446,0.9998257452316341,-0.0008990330527,1.5,473.0,550.0,1098.5111,0.0052702376,48.034546,966.14233,-132.36877,-1.0333482,-1.0386184,101.928925,53.89438
1.5-473-550,0.1987951807,0.3975903614,0.9956514833048237,-0.0008952795992,1.5,473.0,550.0,1185.2273,0.10305791,43.719086,1231.8888,46.6615,-0.5938124,-0.6968703,7.645234,-36.073853
1.5-473-550,0.2313253012,0.4626506024,0.9945113832197316,0.0008942544329,1.5,473.0,550.0,1258.2856,0.13677567,40.724274,1307.8296,49.543945,-0.5712705,-0.7080462,37.83484,-2.8894348
1.5-473-550,0.3626506025,0.725301205,0.4163512326852384,0.000374378757,1.5,473.0,550.0,610.5294,1.9049311,476.5651,600.43787,-10.091553,1.9412664,0.03633535,482.56183,5.9967346
1.5-473-550,0.3409638555,0.681927711,0.3542741437603377,0.0003185596755,1.5,473.0,550.0,586.64435,1.7577783,512.2358,579.40314,-7.241211,1.8076935,0.049915195,523.8426,11.606812
1.5-473-550,0.1216867469,0.2433734938,0.9844268823757469,0.0008851865532,1.5,473.0,550.0,606.75696,0.47703224,482.7116,618.7911,12.034119,-0.24598187,-0.7230141,267.27167,-215.43994
1.5-473-550,0.1253012048,0.2506024096,0.29146971579860803,-0.0002620865782,1.5,473.0,550.0,477.81082,1.0921346,645.3151,480.12274,2.3119202,1.0857481,-0.0063865185,638.0435,-7.2716064
1.5-473-550,0.3481927711,0.6963855422,0.9872047710533666,0.0008876844022,1.5,473.0,550.0,1083.9725,0.5011244,48.87973,1185.4618,101.48926,-0.6799386,-1.1810629,53.53311,4.6533813
1.5-473-550,0.4836734694,0.9673469388,0.9993254186825348,0.0008985831642,1.5,473.0,550.0,657.8789,0.032534655,360.13287,579.91003,-77.96887,-0.21215302,-0.24468768,433.6831,73.55023
1.5-473-550,0.3614457832,0.7228915664,0.9993254186825348,0.0008985831642,1.5,473.0,550.0,1130.5619,0.025267238,46.31729,1157.14,26.578125,-0.91468984,-0.9399571,50.031494,3.714203
1.5-473-550,0.3855421687,0.7710843374,0.7525573838264147,-0.0006766918789,1.5,473.0,550.0,667.8509,2.2114627,278.06207,678.90045,11.049561,2.1253908,-0.08607197,328.6384,50.576324
1.5-473-550,0.2469879518,0.4939759036,0.9965972946963587,0.0008961300631,1.5,473.0,550.0,1224.5708,0.09191989,42.037872,1326.9913,102.42053,-0.59324723,-0.68516713,44.335144,2.2972717
1.5-473-550,0.2891566265,0.578313253,0.9973789933391554,0.0008968329585,1.5,473.0,550.0,1180.3,0.08083313,43.937622,1322.2284,141.92834,-0.6400785,-0.7209116,52.724915,8.7872925
1.5-473-550,0.4428571429,0.8857142858,0.09831793590232207,-8.84064793e-05,1.5,473.0,550.0,643.8998,2.038857,408.78882,620.8789,-23.020874,2.1808794,0.14202237,427.5785,18.789673
1.5-473-550,0.2734939759,0.5469879518,0.9999999997775775,-0.0008991897406,1.5,473.0,550.0,1205.9265,-5.322157e-09,42.834686,1334.7554,128.82886,-0.64566,-0.64566,49.124542,6.289856
1.5-473-550,0.2409638554,0.4819277108,0.9996041060258503,0.000898833757,1.5,473.0,550.0,1251.1528,0.008504206,40.987915,1326.9651,75.812256,-0.623051,-0.6315552,39.215057,-1.7728577
1.5-473-550,0.3108433735,0.621686747,0.9844268823757469,-0.0008851865532,1.5,473.0,550.0,1102.296,0.5186549,47.825317,1276.7964,174.50037,-0.50960046,-1.0282553,62.018402,14.193085
1.5-473-550,0.1867469879,0.3734939758,0.09831793590232207,-8.84064793e-05,1.5,473.0,550.0,501.77487,1.1913043,621.21387,495.90717,-5.8677063,1.1296545,-0.0616498,644.3474,23.133545
1.5-473-550,0.3253012049,0.6506024098,0.9999999997775775,0.0008991897406,1.5,473.0,550.0,1165.3108,-5.322157e-09,44.643097,1271.4329,106.12207,-0.76841396,-0.76841396,48.811035,4.167938
1.5-473-550,0.3602409639,0.7204819278,0.09831793589120096,8.840647929e-05,1.5,473.0,550.0,588.1941,1.8332455,510.2028,576.3605,-11.833618,1.8606862,0.027440667,519.855,9.652191
1.5-473-550,0.2108433734,0.4216867468,0.9442484491033019,0.0008490585182,1.5,473.0,550.0,1024.2898,1.1187314,52.764038,978.97046,-45.319336,0.45020464,-0.66852677,99.81154,47.0475
1.5-473-550,0.3939759037,0.7879518074,0.9844268823757469,-0.0008851865532,1.5,473.0,550.0,1020.0422,0.81604874,53.00174,900.39185,-119.65033,-0.74613565,-1.5621843,136.34044,83.3387
1.5-473-550,0.1807228915,0.361445783,0.9895407848051817,-0.0008897849218,1.5,473.0,550.0,958.8988,0.2507692,57.883423,1121.4578,162.55896,-0.5298539,-0.7806231,-13.10263,-70.98605
1.5-473-550,0.2734939759,0.5469879518,0.9671530515086588,0.0008696541017,1.5,473.0,550.0,1046.8176,0.91366076,51.18744,1271.7174,224.89978,-0.16887969,-1.0825405,82.7675,31.580063
1.5-473-550,0.4102040816,0.8204081632,0.47796385156444166,-0.0004297801918,1.5,473.0,550.0,643.9217,2.2530107,408.72827,637.84674,-6.074951,2.1186192,-0.13439155,410.12424,1.3959656
1.5-473-550,0.1831325301,0.3662650602,0.7098470004029654,-0.0006382871403,1.5,473.0,550.0,524.82965,1.126834,596.3994,496.46326,-28.366394,1.0589353,-0.06789875,640.92737,44.527954
1.5-473-550,0.0897959184,0.1795918368,0.9980223152919674,-0.000897411427,1.5,473.0,550.0,473.00003,0.019559259,649.85333,545.0889,72.0889,-0.32672817,-0.34628743,450.4352,-199.41812
1.5-473-550,0.3915662651,0.7831325302,0.4163512326852384,0.000374378757,1.5,473.0,550.0,629.7795,2.1207454,441.82074,620.19305,-9.586426,2.0585682,-0.06217718,443.33612,1.5153809
1.5-473-550,0.3445783133,0.6891566266,0.9872047710533666,0.0008876844022,1.5,473.0,550.0,1087.3245,0.49262112,48.684875,1198.324,110.99951,-0.664547,-1.1571681,53.699615,5.01474
1.5-473-550,0.3373493976,0.6746987952,0.960723235489121,0.0008638724771,1.5,473.0,550.0,969.311,1.2551917,56.975464,1143.7529,174.44196,0.032878574,-1.2223132,75.7316,18.756134
1.5-473-550,0.06326530613,0.12653061226,0.22784103833049427,-0.0002048723242,1.5,473.0,550.0,473.00003,1.1790262,649.85333,471.9197,-1.0803223,1.1114037,-0.06762254,638.8605,-10.992859
1.5-473-550,0.1554216867,0.3108433734,0.9956514833048237,0.0008952795992,1.5,473.0,550.0,837.64545,0.13120514,72.59381,973.39954,135.75409,-0.598167,-0.72937214,-48.24646,-120.84027
1.5-473-550,0.04489795918,0.08979591836,0.9956514833048237,-0.0008952795992,1.5,473.0,550.0,473.00003,0.04293346,649.85333,471.29538,-1.7046509,-0.11523587,-0.15816933,629.4387,-20.414612
1.5-473-550,0.02653061223,0.05306122446,0.9895407848051817,-0.0008897849218,1.5,473.0,550.0,473.00003,0.099327736,649.85333,459.06818,-13.931854,-0.015103346,-0.11443108,650.2019,0.34857178
1.5-473-550,0.2253012048,0.4506024096,0.998978267368595,0.0008982710093,1.5,473.0,550.0,1290.0942,0.02359503,39.923004,1306.8254,16.731201,-0.6181331,-0.64172816,30.425232,-9.497772
1.5-473-550,0.07346938777,0.14693877554,0.9915009044774012,0.0008915474413,1.5,473.0,550.0,473.00003,0.08759933,649.85333,493.2844,20.284363,-0.1390149,-0.22661424,589.97644,-59.876892
1.5-473-550,0.2855421687,0.5710843374,0.5396442233296441,-0.0004852425493,1.5,473.0,550.0,570.6639,1.5551101,537.55316,554.8218,-15.842102,1.5177182,-0.0373919,581.61884,44.065674
1.5-473-550,0.4428571429,0.8857142858,0.7892004020960466,0.000709640905,1.5,473.0,550.0,663.67676,1.6652334,316.63678,670.39795,6.7211914,1.9033861,0.23815274,327.21103,10.574249
1.5-473-550,0.3686746989,0.7373493978,0.9726063657286781,-0.0008745576659,1.5,473.0,550.0,990.4977,1.1102083,55.234528,1037.8079,47.31018,-0.42587143,-1.5360796,77.84711,22.61258
1.5-473-550,0.07755102043,0.15510204086,0.6021818746711394,-0.0005414757638,1.5,473.0,550.0,473.00003,1.0599686,649.85333,466.9371,-6.0629272,1.049703,-0.010265589,628.49786,-21.355469
1.5-473-550,0.330120482,0.660240964,0.7525573838264147,-0.0006766918789,1.5,473.0,550.0,650.04755,1.8588884,388.71817,641.9203,-8.127258,1.9440128,0.08512437,401.11758,12.399414
1.5-473-550,0.4081632653,0.8163265306,0.7098470004029654,-0.0006382871403,1.5,473.0,550.0,664.8918,2.3377473,305.0933,672.67163,7.779846,2.1170087,-0.22073865,340.93103,35.837738
1.5-473-550,0.1951807228,0.3903614456,0.993141646395439,0.0008930227796,1.5,473.0,550.0,1136.2911,0.166219,46.03482,1209.8572,73.56604,-0.5682221,-0.7344411,4.669709,-41.365112
1.5-473-550,0.2325301205,0.465060241,0.9999999998887887,0.0008991897407,1.5,473.0,550.0,1276.2843,-5.322157e-09,40.073883,1318.8259,42.541626,-0.6269682,-0.6269682,34.371277,-5.702606
1.5-473-550,0.4897959184,0.9795918368,0.09831793589120096,8.840647929e-05,1.5,473.0,550.0,656.7342,1.9619464,364.75406,634.42303,-22.311157,2.2511988,0.2892524,395.39557,30.64151
1.5-473-550,0.2710843374,0.5421686748,0.9442484491033019,0.0008490585182,1.5,473.0,550.0,951.12366,1.2909403,58.64441,1160.5581,209.43445,0.41051504,-0.8804252,107.97154,49.327133
1.5-473-550,0.3554216868,0.7108433736,0.7892004020960466,-0.000709640905,1.5,473.0,550.0,670.3002,2.0191345,256.52988,678.8135,8.513306,2.0949717,0.075837135,322.1181,65.58823
1.5-473-550,0.0897959184,0.1795918368,0.5396442233296441,0.0004852425493,1.5,473.0,550.0,473.00003,1.090121,649.85333,470.45508,-2.5449524,1.0658069,-0.024314165,628.89417,-20.959167
1.5-473-550,0.02653061223,0.05306122446,0.5396442233296441,-0.0004852425493,1.5,473.0,550.0,473.00003,1.1150707,649.85333,461.9575,-11.0425415,1.0633641,-0.051706553,631.49524,-18.358093
1.5-473-550,0.1759036144,0.3518072288,0.9337895728803226,-0.000839654004,1.5,473.0,550.0,621.60406,0.96421754,456.7573,601.07104,-20.53302,0.7278041,-0.23641342,445.1036,-11.653687
1.5-473-550,0.3843373495,0.768674699,0.998978267368595,-0.0008982710093,1.5,473.0,550.0,1107.9937,0.04634678,47.520874,1036.0507,-71.94299,-1.0053185,-1.0516653,74.40047,26.879593
1.5-473-550,0.2963855422,0.5927710844,0.7098470004029654,-0.0006382871403,1.5,473.0,550.0,625.59454,1.682943,449.62027,595.5049,-30.08966,1.6731417,-0.009801269,506.03336,56.413086
1.5-473-550,0.2590361446,0.5180722892,0.9531521909241071,0.0008570646715,1.5,473.0,550.0,998.264,1.1376019,54.638702,1210.569,212.305,0.13841331,-0.99918854,97.74678,43.108078
1.5-473-550,0.1650602409,0.3301204818,0.6021818746711394,0.0005414757638,1.5,473.0,550.0,504.9359,1.0881382,618.0149,486.3474,-18.588501,1.0673853,-0.020752907,638.812,20.79712
1.5-473-550,0.2746987952,0.5493975904,0.6021818746711394,0.0005414757638,1.5,473.0,550.0,576.04724,1.5314101,529.5186,553.7796,-22.26764,1.4612708,-0.07013929,586.96204,57.44342
1.5-473-550,0.05306122449,0.10612244898,0.9671530515086588,0.0008696541017,1.5,473.0,550.0,473.00003,0.34030545,649.85333,456.1478,-16.852234,0.18850994,-0.1517955,660.0769,10.223572
1.5-473-550,0.4265306122,0.8530612244,0.9772248215579286,-0.000878710534,1.5,473.0,550.0,692.0476,1.0801755,138.44199,652.5956,-39.452026,-0.15271407,-1.2328897,347.8748,209.4328
1.5-473-550,0.3903614458,0.7807228916,0.9945113832197316,0.0008942544329,1.5,473.0,550.0,1078.1022,0.2820974,49.22101,978.8025,-99.29968,-0.95390266,-1.2360001,95.99872,46.77771
1.5-473-550,0.1987951807,0.3975903614,0.9915009044774012,0.0008915474413,1.5,473.0,550.0,1166.3475,0.20041412,44.58081,1218.8182,52.470703,-0.5483871,-0.74880123,10.244111,-34.3367
1.5-473-550,0.4653061225,0.930612245,0.9980223152919674,-0.000897411427,1.5,473.0,550.0,659.8054,0.10412621,352.3554,602.45917,-57.346252,-0.32448345,-0.42860967,404.71255,52.357147
1.5-473-550,0.1867469879,0.3734939758,0.9772248215579286,-0.000878710534,1.5,473.0,550.0,946.20874,0.51241,59.081512,1090.0979,143.88916,-0.34974962,-0.8621596,6.4868784,-52.594635
1.5-473-550,0.0979591837,0.1959183674,0.8475322500031797,0.0007620923042,1.5,473.0,550.0,473.00006,0.8325472,649.8533,458.395,-14.605072,0.86279905,0.03025186,645.2727,-4.5805664
1.5-473-550,0.2409638554,0.4819277108,0.9915009044774012,-0.0008915474413,1.5,473.0,550.0,1217.3174,0.22365135,42.333008,1313.8077,96.49036,-0.5370415,-0.76069283,45.879852,3.5468445
1.5-473-550,0.3819277109,0.7638554218,0.8902853188558087,-0.0008005354251,1.5,473.0,550.0,805.37067,2.1151705,78.81442,733.3383,-72.03235,1.9957198,-0.11945069,209.99062,131.1762
1.5-473-550,0.02040816324,0.04081632648,0.9811301446957078,-0.0008822221605,1.5,473.0,550.0,473.00003,0.17654628,649.85333,453.94064,-19.059387,0.07136767,-0.1051786,657.7355,7.882141
1.5-473-550,0.1469879518,0.2939759036,0.9996041060258503,0.000898833757,1.5,473.0,550.0,825.50397,0.010993535,74.70157,930.0345,104.53052,-0.63791674,-0.6489103,-55.870605,-130.57217
1.5-473-550,0.4346938775,0.869387755,0.9772248215579286,0.000878710534,1.5,473.0,550.0,675.2963,0.9906684,209.95248,629.7133,-45.583008,-0.07171274,-1.0623811,376.3137,166.3612
1.5-473-550,0.4551020408,0.9102040816,0.9337895728803226,0.000839654004,1.5,473.0,550.0,661.5866,1.287443,336.49533,613.9627,-47.6239,0.9154011,-0.37204194,424.6385,88.14316
1.5-473-550,0.1746987951,0.3493975902,0.7098470004029654,0.0006382871403,1.5,473.0,550.0,519.1915,1.0936868,602.66907,491.51236,-27.679169,1.0508875,-0.042799354,641.0831,38.414062
1.5-473-550,0.3361445784,0.6722891568,0.6021818746711394,-0.0005414757638,1.5,473.0,550.0,621.3262,1.8214653,457.7382,604.71094,-16.615234,1.8830619,0.061596632,478.07477,20.336578
1.5-473-550,0.308433735,0.61686747,0.9726063657286781,-0.0008745576659,1.5,473.0,550.0,1042.8951,0.87726337,51.433228,1256.1003,213.2052,-0.28839308,-1.1656564,73.81807,22.384842
1.5-473-550,0.03265306121,0.06530612242,0.9442484491033019,-0.0008490585182,1.5,473.0,550.0,473.00003,0.49615738,649.85333,446.7763,-26.223724,0.3672182,-0.12893918,664.4816,14.628296
1.5-473-550,0.06734693879,0.13469387758,0.9980223152919674,0.000897411427,1.5,473.0,550.0,473.00003,0.019631857,649.85333,495.9214,22.921356,-0.2152353,-0.23486716,577.65643,-72.1969
1.5-473-550,0.213253012,0.426506024,0.9980223152919674,-0.000897411427,1.5,473.0,550.0,1287.6683,0.048494276,39.923004,1280.9716,-6.6967773,-0.61221856,-0.66071284,21.389832,-18.533173
1.5-473-550,0.2325301205,0.465060241,0.8902853188558087,-0.0008005354251,1.5,473.0,550.0,762.59296,1.4864228,93.89023,691.84576,-70.74719,1.2296401,-0.25678265,375.40942,281.5192
1.5-473-550,0.4959183674,0.9918367348,0.9965972946963587,0.0008961300631,1.5,473.0,550.0,657.4489,0.18270802,361.86868,567.0699,-90.37903,-0.09957308,-0.2822811,450.8147,88.946014
1.5-473-550,0.1746987951,0.3493975902,0.9844268823757469,-0.0008851865532,1.5,473.0,550.0,884.2376,0.3736834,65.81912,1050.7616,166.52399,-0.4581322,-0.8318156,-17.139587,-82.95871
1.5-473-550,0.1036144578,0.2072289156,0.9980223152919674,0.000897411427,1.5,473.0,550.0,636.20526,0.054059204,427.65775,599.4242,-36.781067,-0.41824323,-0.47230244,296.00073,-131.65701
1.5-473-550,0.3590361446,0.7180722892,0.998978267368595,-0.0008982710093,1.5,473.0,550.0,1131.1412,0.03954595,46.288727,1166.5897,35.448486,-0.89915055,-0.9386965,49.353394,3.0646667
1.5-473-550,0.05510204082,0.11020408164,0.9772248215579286,-0.000878710534,1.5,473.0,550.0,473.00003,0.23697639,649.85333,462.44855,-10.551483,0.082318895,-0.15465748,651.0785,1.2251587
1.5-473-550,0.2048192771,0.4096385542,0.9980223152919674,0.000897411427,1.5,473.0,550.0,1236.4059,0.048536833,41.568787,1258.3246,21.918701,-0.61547536,-0.6640122,13.058076,-28.510712
1.5-473-550,0.4183673469,0.8367346938,0.9872047710533666,-0.0008876844022,1.5,473.0,550.0,720.77606,0.84671634,108.970825,728.11884,7.3427734,-0.58716685,-1.4338832,266.95892,157.9881
1.5-473-550,0.4183673469,0.8367346938,0.960723235489121,0.0008638724771,1.5,473.0,550.0,718.0626,1.4779279,110.75676,648.827,-69.235596,0.38894647,-1.0889814,361.21698,250.46022
1.5-473-550,0.2951807229,0.5903614458,0.9671530515086588,-0.0008696541017,1.5,473.0,550.0,1026.0654,0.98184174,52.58789,1258.5542,232.48877,-0.16500598,-1.1468477,82.125626,29.537735
1.5-473-550,0.3120481928,0.6240963856,0.7525573838264147,-0.0006766918789,1.5,473.0,550.0,644.44196,1.7751763,406.89517,626.17035,-18.271606,1.8203658,0.0451895,438.18668,31.291504
1.5-473-550,0.3602409639,0.7204819278,0.9973789933391554,-0.0008968329585,1.5,473.0,550.0,1122.3055,0.107615165,46.756134,1158.3496,36.044067,-0.88478035,-0.9923955,50.413544,3.6574097
1.5-473-550,0.3542168675,0.708433735,0.4163512323516047,-0.0003743787567,1.5,473.0,550.0,604.39667,1.8526615,486.4172,594.32983,-10.0668335,1.8997341,0.04707265,495.00217,8.584961
1.5-473-550,0.3349397591,0.6698795182,0.9811301448069191,-0.0008822221606,1.5,473.0,550.0,1065.2037,0.6848935,49.997345,1216.3835,151.17981,-0.5188604,-1.203754,59.35959,9.362244
1.5-473-550,0.2024096385,0.404819277,0.9726063657286781,-0.0008745576659,1.5,473.0,550.0,1105.918,0.6353348,47.643097,1155.2037,49.285767,-0.27659088,-0.9119257,31.963623,-15.679474
1.5-473-550,0.4,0.8,0.539871667873015,0.0004854470651,1.5,473.0,550.0,644.37946,2.2371888,407.46396,640.109,-4.270447,2.1052547,-0.13193417,406.1256,-1.3383484
1.5-473-550,0.4142857143,0.8285714286,0.9998257452316341,-0.0008990330527,1.5,473.0,550.0,742.77014,0.007004971,97.35629,822.42444,79.6543,-0.9527212,-0.95972615,188.75926,91.40297
1.5-473-550,0.3843373495,0.768674699,0.9965972946963587,-0.0008961300631,1.5,473.0,550.0,1096.2222,0.16397053,48.167603,1028.0077,-68.21448,-0.9739663,-1.1379368,77.03929,28.871689
1.5-473-550,0.1012048192,0.2024096384,0.8475322500031797,0.0007620923042,1.5,473.0,550.0,473.29883,0.82802486,649.5715,459.28662,-14.012207,0.86698866,0.038963795,645.31824,-4.253235
1.5-473-550,0.1891566265,0.378313253,0.9671530515086588,-0.0008696541017,1.5,473.0,550.0,914.6868,0.69937444,62.301147,1034.0706,119.38373,-0.15076679,-0.8501412,25.117188,-37.18396
1.5-473-550,0.4551020408,0.9102040816,0.9671530515086588,-0.0008696541017,1.5,473.0,550.0,661.84607,1.0544703,334.03036,593.39746,-68.44861,0.30083197,-0.7536383,432.3419,98.31152
1.5-473-550,0.01632653059,0.03265306118,0.9965972946963587,0.0008961300631,1.5,473.0,550.0,473.00003,0.030865366,649.85333,459.728,-13.272034,-0.07102526,-0.10189062,647.7862,-2.0671387
1.5-473-550,0.08571428574,0.17142857148,0.9980223152919674,-0.000897411427,1.5,473.0,550.0,473.00003,0.019569153,649.85333,533.02704,60.027008,-0.30249745,-0.3220666,483.7103,-166.14304
1.5-473-550,0.113253012,0.226506024,0.9442484491033019,-0.0008490585182,1.5,473.0,550.0,508.80276,0.6742101,614.05566,474.01532,-34.787445,0.4448449,-0.22936517,661.8857,47.830017
1.5-473-550,0.1662650602,0.3325301204,0.6021818746711394,-0.0005414757638,1.5,473.0,550.0,505.58673,1.0909075,617.35626,486.77927,-18.807465,1.0680207,-0.022886753,639.00134,21.64508
1.5-473-550,0.2265060241,0.4530120482,0.16340484119544796,0.0001469319568,1.5,473.0,550.0,514.6274,1.3371025,607.7444,509.60153,-5.0258484,1.2004528,-0.13664973,636.4961,28.751709
1.5-473-550,0.1228915662,0.2457831324,0.9844268823757469,-0.0008851865532,1.5,473.0,550.0,610.25,0.48605224,477.10648,625.3937,15.143677,-0.25388354,-0.73993576,249.70808,-227.39839
1.5-473-550,0.1012048192,0.2024096384,0.9956514835272462,-0.0008952795994,1.5,473.0,550.0,581.85345,0.08388584,521.42664,577.6425,-4.2109375,-0.35379404,-0.4376799,361.6405,-159.78613
1.5-473-550,0.4285714286,0.8571428572,0.9215172744995802,0.0008286188792,1.5,473.0,550.0,684.10175,1.5377687,157.2885,659.8092,-24.292542,1.2754287,-0.26234007,365.32718,208.03868
1.5-473-550,0.2963855422,0.5927710844,0.9337895728803226,0.000839654004,1.5,473.0,550.0,902.28625,1.4831809,63.6998,1053.64,151.35376,0.89840794,-0.58477294,105.365616,41.665817
1.5-473-550,0.0244897959,0.0489795918,0.16340484097302546,-0.0001469319566,1.5,473.0,550.0,473.00003,1.2082222,649.85333,468.59952,-4.4005127,1.136255,-0.071967125,644.85785,-4.9954834
1.5-473-550,0.1361445783,0.2722891566,0.9915009044774012,0.0008915474413,1.5,473.0,550.0,711.48206,0.34966135,115.578156,769.4922,58.01013,-0.48196644,-0.8316278,4.425935,-111.15222
1.5-473-550,0.4122448979,0.8244897958,0.7892004020960466,-0.000709640905,1.5,473.0,550.0,689.6676,2.3151336,146.72821,687.4146,-2.2529907,2.0528345,-0.26229906,306.3843,159.6561
1.5-473-550,0.1084337349,0.2168674698,0.8206166047262803,-0.0007378900321,1.5,473.0,550.0,479.61002,0.88002497,643.59845,463.14908,-16.460938,0.9208275,0.04080254,641.0585,-2.539978
1.5-473-550,0.2024096385,0.404819277,0.9999999997775775,-0.0008991897406,1.5,473.0,550.0,1234.934,-5.322157e-09,41.642853,1255.9562,21.022217,-0.6358058,-0.6358058,9.311311,-32.331543
1.5-473-550,0.4775510204,0.9551020408,0.16340484119544796,0.0001469319568,1.5,473.0,550.0,655.8083,1.9727271,368.492,636.8531,-18.9552,2.2311242,0.2583971,397.37698,28.88498
1.5-473-550,0.2698795181,0.5397590362,0.16340484119544796,0.0001469319568,1.5,473.0,550.0,524.7849,1.4442948,596.44916,528.82587,4.0409546,1.3696691,-0.07462573,614.46545,18.016296
1.5-473-550,0.3638554217,0.7277108434,0.9071317792997667,-0.0008156835895,1.5,473.0,550.0,830.2629,1.9243293,73.98573,765.17505,-65.08783,2.0042646,0.07993531,148.31886,74.33313
1.5-473-550,0.4163265306,0.8326530612,0.9945113832197316,-0.0008942544329,1.5,473.0,550.0,731.1365,0.3955897,102.9115,779.445,48.308533,-0.81437916,-1.2099688,222.01547,119.10397
1.5-473-550,0.1542168674,0.3084337348,0.9531521909241071,0.0008570646715,1.5,473.0,550.0,594.5455,0.81911284,500.99045,600.96216,6.416687,0.36832917,-0.45078367,393.77014,-107.22031
1.5-473-550,0.4448979592,0.8897959184,0.03282169735804886,2.951293354e-05,1.5,473.0,550.0,644.1574,2.036911,408.07715,616.66345,-27.493958,2.1870852,0.15017414,430.79095,22.713806
1.5-473-550,0.4081632653,0.8163265306,0.8705746216627653,-0.0007828117684,1.5,473.0,550.0,745.7426,2.2235327,96.19812,700.7671,-44.975525,1.874809,-0.34872365,277.86475,181.66663
1.5-473-550,0.2578313253,0.5156626506,0.9872047710533666,-0.0008876844022,1.5,473.0,550.0,1165.3622,0.35782713,44.620758,1316.9102,151.54797,-0.48710245,-0.8449296,56.808075,12.187317
1.5-473-550,0.4816326531,0.9632653062,0.9337895728803226,0.000839654004,1.5,473.0,550.0,657.89435,1.2926605,360.0706,589.5076,-68.38672,0.8012899,-0.49137056,449.7324,89.661804
1.5-473-550,0.4448979592,0.8897959184,0.7098470004029654,-0.0006382871403,1.5,473.0,550.0,661.13245,1.7557834,340.81085,667.75165,6.6192017,2.0287051,0.27292168,338.6474,-2.1634521
1.5-473-550,0.2746987952,0.5493975904,0.9999999997775775,0.0008991897406,1.5,473.0,550.0,1204.612,-5.322157e-09,42.890594,1334.3114,129.69934,-0.6470948,-0.6470948,49.315216,6.4246216
1.5-473-550,0.2987951807,0.5975903614,0.09831793590232207,-8.84064793e-05,1.5,473.0,550.0,533.4205,1.5271199,586.84644,541.9252,8.5047,1.5209774,-0.006142497,590.4338,3.5873413
1.5-473-550,0.3686746988,0.7373493976,0.03282169735804886,2.951293354e-05,1.5,473.0,550.0,595.4362,1.8880066,499.93292,577.9255,-17.510742,1.8978937,0.009887099,513.003,13.070068
1.5-473-550,0.1228915662,0.2457831324,0.9531521909241071,0.0008570646715,1.5,473.0,550.0,530.6719,0.6933116,589.9029,498.18448,-32.487396,0.35682505,-0.33648652,628.6817,38.77881
1.5-473-550,0.2373493976,0.4746987952,0.22784103833049427,-0.0002048723242,1.5,473.0,550.0,518.1729,1.362756,603.80176,514.47943,-3.6934814,1.2284099,-0.13434613,632.91705,29.115295
1.5-473-550,0.1337349397,0.2674698794,0.9980223152919674,-0.000897411427,1.5,473.0,550.0,755.9255,0.08413642,92.10301,801.557,45.63153,-0.5834357,-0.66757214,-25.205292,-117.308304
1.5-473-550,0.4632653061,0.9265306122,0.4163512323516047,-0.0003743787567,1.5,473.0,550.0,655.33966,1.909091,370.38376,650.4599,-4.8797607,2.171223,0.26213193,381.35773,10.9739685
1.5-473-550,0.2084337349,0.4168674698,0.9872047710533666,-0.0008876844022,1.5,473.0,550.0,1228.9508,0.30278713,41.864258,1239.3278,10.376953,-0.49401134,-0.79679847,24.47699,-17.387268
1.5-473-550,0.3879518073,0.7759036146,0.09831793589120096,8.840647929e-05,1.5,473.0,550.0,613.16266,2.0396526,472.27194,592.80023,-20.362427,1.9939742,-0.045678377,485.53473,13.262787
1.5-473-550,0.3204819277,0.6409638554,0.998978267368595,0.0008982710093,1.5,473.0,550.0,1164.6228,0.03322917,44.65457,1280.2102,115.5874,-0.73949677,-0.77272594,49.943573,5.2890015
1.5-473-550,0.4897959184,0.9795918368,0.7098470004029654,0.0006382871403,1.5,473.0,550.0,657.30786,1.7152594,362.43814,646.139,-11.168884,1.8461915,0.1309321,355.99994,-6.438202
1.5-473-550,0.2096385542,0.4192771084,0.8902853188558087,0.0008005354251,1.5,473.0,550.0,707.1075,1.3589959,197.92426,616.29645,-90.811035,1.0458181,-0.31317782,505.60098,307.67673
1.5-473-550,0.3277108434,0.6554216868,0.9931416465066502,-0.0008930227797,1.5,473.0,550.0,1131.661,0.24586332,46.263123,1256.6987,125.03772,-0.68936497,-0.9352283,52.49347,6.2303467
1.5-473-550,0.3566265061,0.7132530122,0.47796385156444166,-0.0004297801918,1.5,473.0,550.0,613.634,1.8871255,471.44577,602.7405,-10.893494,1.9337648,0.046639323,479.30905,7.8632812
1.5-473-550,0.1397590361,0.2795180722,0.9844268823757469,0.0008851865532,1.5,473.0,550.0,668.21106,0.5540221,273.8883,741.0836,72.87256,-0.35772437,-0.91174644,41.970215,-231.91809
1.5-473-550,0.1626506024,0.3253012048,0.8902853187445975,0.000800535425,1.5,473.0,550.0,549.11554,0.96399224,568.3483,499.33655,-49.77899,0.8487939,-0.115198314,646.9728,78.62445
1.5-473-550,0.2831325301,0.5662650602,0.9980223152919674,0.000897411427,1.5,473.0,550.0,1188.292,0.059020873,43.572113,1327.5614,139.26941,-0.63731915,-0.69634,51.86313,8.291016
1.5-473-550,0.2530120482,0.5060240964,0.9442484491033019,-0.0008490585182,1.5,473.0,550.0,963.4147,1.2529167,57.53943,1147.338,183.92334,0.38528293,-0.86763376,107.5531,50.01367
1.5-473-550,0.4979591837,0.9959183674,0.9607232356003321,0.0008638724772,1.5,473.0,550.0,657.3892,1.12207,362.1097,564.45917,-92.93005,0.42987326,-0.6921967,467.8694,105.759674
1.5-473-550,0.09183673473,0.18367346946,0.9999999997775775,-0.0008991897406,1.5,473.0,550.0,473.00003,-5.322157e-09,649.85333,559.1473,86.14725,-0.37754804,-0.37754804,407.69196,-242.16138
1.5-473-550,0.02857142855,0.0571428571,0.3542741439827602,-0.0003185596757,1.5,473.0,550.0,473.00003,1.1931089,649.85333,465.88025,-7.1197815,1.1079738,-0.0851351,635.53577,-14.317566
1.5-473-550,0.2,0.4,0.03282169735804886,2.951293354e-05,1.5,473.0,550.0,506.11234,1.2506474,616.8243,500.30237,-5.809967,1.1595647,-0.09108269,643.1556,26.331299
1.5-473-550,0.1493975903,0.2987951806,0.9973789933391554,0.0008968329585,1.5,473.0,550.0,818.7096,0.08577507,76.04437,934.5179,115.80829,-0.6130851,-0.69886017,-52.47061,-128.51498
1.5-473-550,0.2204819277,0.4409638554,0.2914697156873968,0.0002620865781,1.5,473.0,550.0,515.2837,1.3224585,607.0146,507.5967,-7.686981,1.1708865,-0.15157199,638.6162,31.601624
1.5-473-550,0.104819277,0.209638554,0.8475322498919685,-0.0007620923041,1.5,473.0,550.0,476.69797,0.83500284,646.3649,460.3491,-16.348877,0.8715845,0.036581635,645.3852,-0.9797363
1.5-473-550,0.1385542168,0.2771084336,0.9998257452316341,-0.0008990330527,1.5,473.0,550.0,789.73206,0.0039224573,82.16664,857.9152,68.18317,-0.624639,-0.62856144,-48.0589,-130.22554
1.5-473-550,0.4061224489,0.8122448978,0.7525573838264147,-0.0006766918789,1.5,473.0,550.0,675.35657,2.3622978,214.033,681.6494,6.2928467,2.1040926,-0.25820518,321.87604,107.84303
1.5-473-550,0.2554216867,0.5108433734,0.9844268823757469,0.0008851865532,1.5,473.0,550.0,1154.6294,0.43079385,45.130768,1310.8989,156.26953,-0.45039696,-0.8811908,58.821167,13.690399
1.5-473-550,0.3493975904,0.6987951808,0.9980223152919674,0.000897411427,1.5,473.0,550.0,1136.359,0.07586073,46.031525,1201.4595,65.100464,-0.8426948,-0.91855556,48.15674,2.1252136
1.5-473-550,0.2614457831,0.5228915662,0.9442484491033019,0.0008490585182,1.5,473.0,550.0,960.07336,1.2649293,57.83603,1156.5371,196.46375,0.3934468,-0.8714825,108.29816,50.462128
1.5-473-550,0.4469387755,0.893877551,0.9945113832197316,0.0008942544329,1.5,473.0,550.0,665.1805,0.3186267,302.35056,634.53754,-30.642944,-0.42753345,-0.74616015,365.2176,62.867035
1.5-473-550,0.2048192771,0.4096385542,0.8902853188558087,-0.0008005354251,1.5,473.0,550.0,673.35925,1.3007189,246.17273,599.8441,-73.51514,1.0113704,-0.28934848,531.7886,285.61584
1.5-473-550,0.1831325301,0.3662650602,0.09831793590232207,-8.84064793e-05,1.5,473.0,550.0,500.4387,1.1772147,622.5661,494.85483,-5.5838623,1.1253636,-0.051851153,644.6717,22.10559
1.5-473-550,0.2204819277,0.4409638554,0.9442484491033019,0.0008490585182,1.5,473.0,550.0,1034.5029,1.1361108,52.05768,1040.9935,6.4906006,0.4185436,-0.7175672,99.28439,47.226715
1.5-473-550,0.1795180723,0.3590361446,0.9844268823757469,0.0008851865532,1.5,473.0,550.0,919.52185,0.365435,61.68988,1085.4275,165.90564,-0.46046418,-0.8258992,-10.788207,-72.47809
1.5-473-550,0.2108433734,0.4216867468,0.9811301448069191,0.0008822221606,1.5,473.0,550.0,1217.5697,0.44477782,42.322296,1227.191,9.621338,-0.4128974,-0.8576752,32.38852,-9.933777
1.5-473-550,0.3373493976,0.6746987952,0.3542741439827602,-0.0003185596757,1.5,473.0,550.0,583.5176,1.7379988,516.55096,576.8574,-6.6601562,1.7869718,0.048972964,529.1048,12.553833
1.5-473-550,0.2614457831,0.5228915662,0.9915009044774012,-0.0008915474413,1.5,473.0,550.0,1182.0056,0.2410897,43.85962,1324.757,142.75134,-0.54121155,-0.78230125,53.772186,9.912567
1.5-473-550,0.1253012048,0.2506024096,0.9671530515086588,0.0008696541017,1.5,473.0,550.0,555.18726,0.6403059,560.46704,547.2954,-7.8918457,0.12870485,-0.51160103,503.4215,-57.045532
1.5-473-550,0.07959183676,0.15918367352,0.9531521908128958,-0.0008570646714,1.5,473.0,550.0,473.00003,0.46313226,649.85333,459.15778,-13.842255,0.32890946,-0.1342228,664.3186,14.465271
1.5-473-550,0.2722891566,0.5445783132,0.960723235489121,0.0008638724771,1.5,473.0,550.0,1018.02216,1.0425164,53.171753,1249.4668,231.44464,-0.033108238,-1.0756246,90.43657,37.264816
1.5-473-550,0.1012048192,0.2024096384,0.9671530517310813,0.0008696541019,1.5,473.0,550.0,487.2095,0.41270736,635.94714,490.37848,3.1689758,0.16488159,-0.24782577,624.0297,-11.917419
1.5-473-550,0.2277108433,0.4554216866,0.9337895728803226,-0.000839654004,1.5,473.0,550.0,973.0522,1.2652193,56.773956,970.5847,-2.4674683,0.74604815,-0.5191712,130.49252,73.71857
1.5-473-550,0.4816326531,0.9632653062,0.3542741437603377,0.0003185596755,1.5,473.0,550.0,656.57416,1.9172504,365.40018,649.0008,-7.5733643,2.1851995,0.2679491,379.7394,14.339233
1.5-473-550,0.2469879518,0.4939759036,0.9726063657286781,-0.0008745576659,1.5,473.0,550.0,1110.8793,0.7211193,47.373962,1276.8135,165.9342,-0.27428824,-0.9954075,68.74939,21.375427
1.5-473-550,0.1939759036,0.3879518072,0.9945113832197316,0.0008942544329,1.5,473.0,550.0,1133.3102,0.12969422,46.188965,1209.5156,76.205444,-0.58368975,-0.713384,2.3078318,-43.881134
1.5-473-550,0.1337349397,0.2674698794,0.9985491866279087,0.0008978851843,1.5,473.0,550.0,760.1596,0.060779568,90.63777,805.7289,45.569275,-0.5916174,-0.652397,-28.009705,-118.64748
1.5-473-550,0.3204819277,0.6409638554,0.22784103821928303,0.0002048723241,1.5,473.0,550.0,555.6662,1.6249163,559.92,558.36505,2.6988525,1.656593,0.03167665,562.6256,2.7056274
1.5-473-550,0.1686746988,0.3373493976,0.9945113832197316,0.0008942544329,1.5,473.0,550.0,908.6594,0.14135712,62.916412,1068.8156,160.15613,-0.59052485,-0.731882,-33.30768,-96.22409
1.5-473-550,0.0102040816,0.0204081632,0.9772248215579286,-0.000878710534,1.5,473.0,550.0,473.00003,0.2121566,649.85333,451.11615,-21.88388,0.11045437,-0.10170222,660.8246,10.971252
1.5-473-550,0.2710843374,0.5421686748,0.9915009044774012,-0.0008915474413,1.5,473.0,550.0,1171.3052,0.24890077,44.349,1324.2627,152.95752,-0.54748577,-0.79638654,55.905457,11.5564575
1.5-473-550,0.3927710844,0.7855421688,0.9973789933391554,-0.0008968329585,1.5,473.0,550.0,1089.4569,0.13561434,48.560913,973.3549,-116.10199,-0.9983457,-1.13396,98.51051,49.9496
1.5-473-550,0.2638554217,0.5277108434,0.7098470004029654,0.0006382871403,1.5,473.0,550.0,602.10345,1.5343657,489.51816,565.88947,-36.21399,1.4067147,-0.12765098,571.2803,81.762115
1.5-473-550,0.3361445784,0.6722891568,0.3542741439827602,-0.0003185596757,1.5,473.0,550.0,582.46814,1.7315195,518.2724,576.01074,-6.4573975,1.7799785,0.048459053,530.85626,12.583862
1.5-473-550,0.4408163265,0.881632653,0.999825745120423,0.0008990330526,1.5,473.0,550.0,669.06525,0.006086225,265.44107,669.78406,0.71881104,-0.634836,-0.64092225,324.4875,59.046417
1.5-473-550,0.3421686747,0.6843373494,0.999825745120423,0.0008990330526,1.5,473.0,550.0,1150.9586,0.0037391132,45.311737,1227.7251,76.76648,-0.83306044,-0.83679956,47.375427,2.0636902
1.5-473-550,0.2734939759,0.5469879518,0.6021818746711394,-0.0005414757638,1.5,473.0,550.0,574.78937,1.5260777,531.16077,552.832,-21.957397,1.4524798,-0.07359791,588.74664,57.585876
1.5-473-550,0.1795180723,0.3590361446,0.9980223152919674,0.000897411427,1.5,473.0,550.0,1000.97125,0.046936866,54.409027,1153.536,152.56476,-0.62663406,-0.67357093,-19.492035,-73.90106
1.5-473-550,0.1060240963,0.2120481926,0.4163512326852384,0.000374378757,1.5,473.0,550.0,473.08954,1.1065279,649.76886,475.3204,2.2308655,1.0799985,-0.026529431,632.3528,-17.416077
1.5-473-550,0.1457831325,0.291566265,0.960723235489121,0.0008638724771,1.5,473.0,550.0,589.11584,0.75922614,509.10883,604.17664,15.060791,0.21033347,-0.5488927,365.5571,-143.55173
1.5-473-550,0.1722891566,0.3445783132,0.9985491866279087,-0.0008978851843,1.5,473.0,550.0,959.17303,0.034662243,57.859497,1113.88,154.70697,-0.63466924,-0.6693315,-30.296356,-88.15585
1.5-473-550,0.3168674699,0.6337349398,0.09831793589120096,8.840647929e-05,1.5,473.0,550.0,544.95087,1.5934179,573.56915,551.4466,6.4957275,1.6216301,0.02821219,571.8004,-1.7687378
1.5-473-550,0.2578313253,0.5156626506,0.9985491866279087,0.0008978851843,1.5,473.0,550.0,1216.018,0.039157387,42.388245,1334.2063,118.188354,-0.6174137,-0.6565711,46.66223,4.273987
1.5-473-550,0.3036144579,0.6072289158,0.9337895728803226,-0.000839654004,1.5,473.0,550.0,900.05383,1.5045445,63.962494,1039.6646,139.61072,0.95818305,-0.54636145,100.94406,36.981567
1.5-473-550,0.2168674698,0.4337349396,0.8705746216627653,0.0007828117684,1.5,473.0,550.0,670.1624,1.4085923,252.61946,605.64056,-64.52185,1.0796981,-0.32889426,527.8204,275.20093
1.5-473-550,0.1927710843,0.3855421686,0.9442484491033019,-0.0008490585182,1.5,473.0,550.0,816.93915,1.0098443,77.17879,822.42804,5.4888916,0.52009463,-0.48974967,133.89662,56.717834
1.5-473-550,0.3987951808,0.7975903616,0.16340484119544796,0.0001469319568,1.5,473.0,550.0,622.61646,2.142971,455.73877,603.46545,-19.151001,2.0456426,-0.097328424,467.32965,11.590881
1.5-473-550,0.05306122449,0.10612244898,0.9965972946963587,0.0008961300631,1.5,473.0,550.0,473.00003,0.034086104,649.85333,478.16547,5.165436,-0.1480444,-0.18213052,616.3475,-33.50586
1.5-473-550,0.3337349398,0.6674698796,0.7098470004029654,0.0006382871403,1.5,473.0,550.0,641.4212,1.8562745,414.66925,628.88873,-12.532471,1.9336841,0.077409625,428.94464,14.275391
1.5-473-550,0.2807228916,0.5614457832,0.993141646395439,0.0008930227796,1.5,473.0,550.0,1168.4767,0.20826548,44.478333,1322.7864,154.3097,-0.5773787,-0.7856442,55.703857,11.225525
1.5-473-550,0.02244897957,0.04489795914,0.4163512326852384,0.000374378757,1.5,473.0,550.0,473.00003,1.1665586,649.85333,464.05182,-8.948212,1.0972426,-0.06931603,634.16516,-15.688171
1.5-473-550,0.1554216867,0.3108433734,0.9980223152919674,-0.000897411427,1.5,473.0,550.0,854.2239,0.05845427,69.9501,989.6675,135.4436,-0.62730473,-0.685759,-50.766907,-120.71701
1.5-473-550,0.2012048193,0.4024096386,0.9985491866279087,0.0008978851843,1.5,473.0,550.0,1224.9287,0.033795353,42.02368,1248.366,23.437256,-0.6222263,-0.65602165,8.779878,-33.243805
1.5-473-550,0.1771084337,0.3542168674,0.5396442233296441,0.0004852425493,1.5,473.0,550.0,507.8775,1.1312919,615.038,490.97565,-16.901855,1.0812536,-0.05003822,640.4108,25.372803
1.5-473-550,0.1530120482,0.3060240964,0.9945113832197316,0.0008942544329,1.5,473.0,550.0,819.0121,0.16957003,75.98457,944.55133,125.539246,-0.58025295,-0.749823,-47.63376,-123.61833
1.5-473-550,0.3554216868,0.7108433736,0.998978267368595,0.0008982710093,1.5,473.0,550.0,1134.8726,0.038808104,46.104797,1181.0172,46.144653,-0.8822616,-0.9210697,48.47525,2.370453
1.5-473-550,0.06326530613,0.12653061226,0.5396442233296441,-0.0004852425493,1.5,473.0,550.0,473.00003,1.0890201,649.85333,466.67218,-6.3278503,1.0658368,-0.023183346,628.78046,-21.072876
1.5-473-550,0.2975903615,0.595180723,0.998978267368595,0.0008982710093,1.5,473.0,550.0,1180.2665,0.030837173,43.939117,1315.6931,135.42664,-0.67531973,-0.7061569,51.60318,7.6640625
1.5-473-550,0.2578313253,0.5156626506,0.3542741437603377,0.0003185596755,1.5,473.0,550.0,527.40344,1.4214786,593.5374,526.51154,-0.89190674,1.3121125,-0.10936618,622.03577,28.498352
1.5-473-550,0.2289156626,0.4578313252,0.6600967573005477,-0.0005935522321,1.5,473.0,550.0,545.0306,1.3564817,573.4001,525.3515,-19.679077,1.1814722,-0.17500949,627.1722,53.772095
1.5-473-550,0.3144578314,0.6289156628,0.8705746216627653,0.0007828117684,1.5,473.0,550.0,758.4158,1.8198363,92.46214,721.0218,-37.393982,1.8831859,0.063349605,226.86362,134.40147
1.5-473-550,0.3662650603,0.7325301206,0.9996041061370615,-0.0008988337571,1.5,473.0,550.0,1127.9468,0.013798231,46.45468,1136.176,8.229248,-0.940528,-0.9543262,52.233917,5.779236
1.5-473-550,0.3289156627,0.6578313254,0.09831793590232207,-8.84064793e-05,1.5,473.0,550.0,555.68555,1.648397,559.8941,558.11255,2.427002,1.6896968,0.04129982,558.1412,-1.7529297
1.5-473-550,0.2927710844,0.5855421688,0.8902853187445975,0.000800535425,1.5,473.0,550.0,791.99115,1.7030331,82.28621,769.8127,-22.178467,1.6617677,-0.04126537,197.69751,115.4113
1.5-473-550,0.3265060241,0.6530120482,0.9442484491033019,0.0008490585182,1.5,473.0,550.0,922.35016,1.4669816,61.468292,1071.0848,148.73468,0.71409976,-0.7528819,86.30318,24.834885
1.5-473-550,0.3963855422,0.7927710844,0.2914697156873968,0.0002620865781,1.5,473.0,550.0,625.60046,2.1386316,450.06915,611.71436,-13.886108,2.053094,-0.08553767,456.52542,6.4562683
1.5-473-550,0.08775510207,0.17551020414,0.9985491866279087,0.0008978851843,1.5,473.0,550.0,473.00003,0.014114851,649.85333,540.5714,67.57138,-0.32420105,-0.3383159,462.23267,-187.62067
1.5-473-550,0.0,0.0,0.09835895158380348,8.844336018e-05,1.5,473.0,550.0,473.00003,0.90842825,649.85333,467.51727,-5.4827576,1.1562262,0.2477979,651.51263,1.6593018
1.5-473-550,0.4469387755,0.893877551,0.47796385156444166,0.0004297801918,1.5,473.0,550.0,654.07544,1.9487722,375.48743,651.7173,-2.3581543,2.1562402,0.20746803,381.41797,5.930542
1.5-473-550,0.0897959184,0.1795918368,0.9772248215579286,0.000878710534,1.5,473.0,550.0,473.00003,0.2377351,649.85333,491.633,18.632965,0.032985326,-0.20474976,609.5655,-40.28784
1.5-473-550,0.4571428571,0.9142857142,0.8705746216627653,-0.0007828117684,1.5,473.0,550.0,660.5894,1.4791344,345.97006,648.22015,-12.369263,1.4965774,0.017442942,367.92908,21.959015
1.5-473-550,0.03265306121,0.06530612242,0.2914697156873968,0.0002620865781,1.5,473.0,550.0,473.00003,1.2137586,649.85333,467.38303,-5.6170044,1.1163863,-0.09737229,637.6884,-12.164917
1.5-473-550,0.1554216867,0.3108433734,0.9998257452316341,-0.0008990330527,1.5,473.0,550.0,866.4102,0.002987737,68.17624,1001.4667,135.05646,-0.64811665,-0.6511044,-52.350037,-120.526276
1.5-473-550,0.2927710844,0.5855421688,0.22784103833049427,-0.0002048723242,1.5,473.0,550.0,535.6955,1.5162566,584.31665,542.16034,6.4648438,1.4933394,-0.022917151,594.0417,9.725037
1.5-473-550,0.1554216867,0.3108433734,0.9671530515086588,-0.0008696541017,1.5,473.0,550.0,636.45325,0.7618532,426.25064,719.08777,82.63452,-0.012902802,-0.774756,114.22868,-312.02197
1.5-473-550,0.330120482,0.660240964,0.8705746216627653,-0.0007828117684,1.5,473.0,550.0,764.4069,1.882633,90.1143,723.45496,-40.951965,2.003049,0.120415926,209.69751,119.583206
1.5-473-550,0.2602409639,0.5204819278,0.8206166047262803,-0.0007378900321,1.5,473.0,550.0,650.05664,1.5837495,386.79248,621.6472,-28.409424,1.3970352,-0.18671429,473.02197,86.22949
1.5-473-550,0.01428571426,0.02857142852,0.6600967573005477,-0.0005935522321,1.5,473.0,550.0,473.00003,1.0642254,649.85333,456.76834,-16.23169,0.99992293,-0.064302504,634.1994,-15.653931
1.5-473-550,0.04897959184,0.09795918368,0.9215172744995802,-0.0008286188792,1.5,473.0,550.0,473.00003,0.6274805,649.85333,446.54422,-26.45581,0.52548003,-0.102000475,662.26166,12.408325
1.5-473-550,0.1216867469,0.2433734938,0.9811301448069191,0.0008822221606,1.5,473.0,550.0,590.7559,0.51116174,506.65997,600.24493,9.489014,-0.16889912,-0.68006086,325.67346,-180.98651
1.5-473-550,0.4224489796,0.8448979592,0.4163512323516047,-0.0003743787567,1.5,473.0,550.0,644.91907,2.2323594,405.97354,637.51575,-7.4033203,2.1384528,-0.09390664,409.83615,3.8626099
1.5-473-550,0.1060240963,0.2120481926,0.9993254186825348,0.0008985831642,1.5,473.0,550.0,660.2481,0.023739213,342.70938,617.9111,-42.337036,-0.46039218,-0.4841314,243.76782,-98.94156
1.5-473-550,0.2493975904,0.4987951808,0.03282169735804886,2.951293354e-05,1.5,473.0,550.0,518.90106,1.3930926,602.99207,518.41675,-0.48431396,1.2944981,-0.09859455,626.4721,23.480042
1.5-473-550,0.156626506,0.313253012,0.7892004020960466,0.000709640905,1.5,473.0,550.0,515.9923,1.0116574,606.22656,484.61887,-31.373444,0.99290836,-0.018748999,642.2216,35.995056
1.5-473-550,0.2710843374,0.5421686748,0.8705746216627653,0.0007828117684,1.5,473.0,550.0,730.74567,1.6519275,108.291626,706.68524,-24.060425,1.5175608,-0.13436663,313.70013,205.40851
1.5-473-550,0.2301204819,0.4602409638,0.999825745120423,-0.0008990330526,1.5,473.0,550.0,1282.3834,0.0024501032,39.923004,1315.4352,33.051758,-0.6255477,-0.6279978,33.024902,-6.898102
1.5-473-550,0.3060240964,0.6120481928,0.3542741439827602,-0.0003185596757,1.5,473.0,550.0,556.41754,1.5877482,558.92633,555.44116,-0.9763794,1.5954158,0.0076676607,572.9115,13.985168
1.5-473-550,0.09795918371,0.19591836742,0.6021818746711394,-0.0005414757638,1.5,473.0,550.0,473.00003,1.0608068,649.85333,470.11893,-2.8811035,1.0525974,-0.008209348,629.2107,-20.64264
1.5-473-550,0.1228915662,0.2457831324,0.6600967573005477,0.0005935522321,1.5,473.0,550.0,483.45154,1.0047498,639.7571,473.2776,-10.17395,1.0418029,0.03705311,632.6116,-7.145508
1.5-473-550,0.05714285715,0.1142857143,0.8206166047262803,-0.0007378900321,1.5,473.0,550.0,473.00003,0.87047493,649.85333,452.91455,-20.08548,0.86188823,-0.008586705,641.55334,-8.299988
1.5-473-550,0.3072289157,0.6144578314,0.6021818746711394,0.0005414757638,1.5,473.0,550.0,603.813,1.6816515,487.07782,580.3858,-23.427185,1.6991446,0.017493129,531.0949,44.01709
1.5-473-550,0.1421686747,0.2843373494,0.47796385156444166,-0.0004297801918,1.5,473.0,550.0,488.40878,1.0687681,634.7403,481.328,-7.08078,1.0725639,0.003795743,635.46277,0.72247314
1.5-473-550,0.1361445783,0.2722891566,0.9071317792997667,0.0008156835895,1.5,473.0,550.0,522.24805,0.8568034,599.2702,474.4147,-47.833344,0.74155617,-0.11524725,661.1295,61.859314
1.5-473-550,0.2493975904,0.4987951808,0.9071317792997667,0.0008156835895,1.5,473.0,550.0,826.101,1.5208919,75.099976,812.7266,-13.37439,1.3046436,-0.21624827,215.77588,140.6759
1.5-473-550,0.3590361446,0.7180722892,0.9726063657286781,0.0008745576659,1.5,473.0,550.0,998.6697,1.064413,54.588837,1096.2319,97.562256,-0.40041548,-1.4648285,66.81778,12.228943
1.5-473-550,0.4448979592,0.8897959184,0.998978267368595,-0.0008982710093,1.5,473.0,550.0,666.28796,0.056222137,291.82803,652.46,-13.827942,-0.56265634,-0.6188785,343.6337,51.805664
1.5-473-550,0.2493975904,0.4987951808,0.9671530515086588,0.0008696541017,1.5,473.0,550.0,1076.1077,0.85680187,49.35559,1262.1049,185.9972,-0.1766575,-1.0334594,76.658905,27.303314
1.5-473-550,0.1734939759,0.3469879518,0.9915009044774012,-0.0008915474413,1.5,473.0,550.0,920.36926,0.21098858,61.608154,1085.2267,164.85742,-0.5544768,-0.7654654,-24.724426,-86.33258
1.5-473-550,0.3566265061,0.7132530122,0.8475322498919685,0.0007620923041,1.5,473.0,550.0,732.8766,2.0457783,103.82985,713.46234,-19.414246,2.1284266,0.08264828,240.59654,136.7667
1.5-473-550,0.330120482,0.660240964,0.9985491866279087,-0.0008978851843,1.5,473.0,550.0,1155.1954,0.050221916,45.102875,1258.5139,103.31848,-0.768727,-0.8189489,49.037018,3.934143
1.5-473-550,0.06530612246,0.13061224492,0.16340484097302546,-0.0001469319566,1.5,473.0,550.0,473.00003,1.1859536,649.85333,473.0282,0.028167725,1.1165543,-0.06939936,642.1321,-7.7212524
1.5-473-550,0.0755102041,0.1510204082,0.9915009044774012,0.0008915474413,1.5,473.0,550.0,473.00003,0.08756446,649.85333,496.24158,23.241547,-0.1459952,-0.23355967,583.6014,-66.25195
1.5-473-550,0.169879518,0.339759036,0.9772248215579286,0.000878710534,1.5,473.0,550.0,799.921,0.5453176,79.97513,955.21356,155.29254,-0.3260879,-0.8714055,-10.016845,-89.991974
1.5-473-550,0.3120481928,0.6240963856,0.6021818746711394,-0.0005414757638,1.5,473.0,550.0,607.1663,1.7039914,481.81342,584.45197,-22.714355,1.7324513,0.028459907,522.1564,40.342957
1.5-473-550,0.1397590361,0.2795180722,0.9531521909241071,0.0008570646715,1.5,473.0,550.0,561.4585,0.76604944,552.35187,539.443,-22.015503,0.371943,-0.39410645,548.7453,-3.6065674
1.5-473-550,0.1867469879,0.3734939758,0.7525573838264147,-0.0006766918789,1.5,473.0,550.0,534.0904,1.1360852,586.10156,502.51456,-31.575836,1.0454296,-0.090655565,639.29816,53.196594
1.5-473-550,0.3975903615,0.795180723,0.9973789934503665,-0.0008968329586,1.5,473.0,550.0,1083.6432,0.14088279,48.898865,937.8466,-145.79657,-0.9954528,-1.1363356,115.78116,66.88229
1.5-473-550,0.3542168675,0.708433735,0.8705746216627653,-0.0007828117684,1.5,473.0,550.0,770.2728,1.9985753,87.98607,730.13715,-40.13568,2.1164412,0.11786592,200.20198,112.21591
1.5-473-550,0.4204081632,0.8408163264,0.9337895728803226,0.000839654004,1.5,473.0,550.0,706.8605,1.6775321,119.70802,662.2534,-44.607056,1.1492246,-0.52830744,361.22556,241.51753
1.5-473-550,0.191566265,0.38313253,0.9915009044774012,-0.0008915474413,1.5,473.0,550.0,1082.7646,0.20400035,48.94995,1188.0948,105.3302,-0.55092853,-0.7549289,0.92837614,-48.021576
1.5-473-550,0.07755102043,0.15510204086,0.9999999997775775,-0.0008991897406,1.5,473.0,550.0,473.00003,-5.322157e-09,649.85333,518.35144,45.35141,-0.2928651,-0.2928651,520.2458,-129.60754
1.5-473-550,0.3783132531,0.7566265062,0.03282169734692774,-2.951293353e-05,1.5,473.0,550.0,604.30194,1.958808,486.56598,583.395,-20.906921,1.944617,-0.014190912,501.3507,14.784729
1.5-473-550,0.1602409638,0.3204819276,0.9915009044774012,-0.0008915474413,1.5,473.0,550.0,837.7218,0.23845214,72.581604,984.22906,146.50726,-0.5480494,-0.7865015,-40.029846,-112.61145
1.5-473-550,0.1457831325,0.291566265,0.6600967573005477,0.0005935522321,1.5,473.0,550.0,497.11664,1.0339493,625.928,479.36478,-17.751862,1.0488918,0.014942527,636.3023,10.374329
1.5-473-550,0.3626506025,0.725301205,0.9531521909241071,0.0008570646715,1.5,473.0,550.0,925.52527,1.507636,61.12439,960.3046,34.779358,0.53727233,-0.9703636,104.79373,43.669342
1.5-473-550,0.2698795181,0.5397590362,0.4163512326852384,0.000374378757,1.5,473.0,550.0,537.35486,1.4625486,582.4549,535.6254,-1.7294312,1.3840942,-0.078454375,610.8543,28.399414
1.5-473-550,0.2072289156,0.4144578312,0.8902853188558087,-0.0008005354251,1.5,473.0,550.0,695.8286,1.3358655,215.23615,608.0212,-87.807434,1.0282134,-0.30765212,518.9368,303.70068
1.5-473-550,0.3686746989,0.7373493978,0.9931416465066502,-0.0008930227797,1.5,473.0,550.0,1094.1428,0.29998064,48.288513,1108.8044,14.661621,-0.86650306,-1.1664836,57.326508,9.037994
1.5-473-550,0.1313253012,0.2626506024,0.998978267368595,0.0008982710093,1.5,473.0,550.0,753.6688,0.043940123,92.91496,788.52936,34.860535,-0.5895708,-0.63351095,-19.202179,-112.11714
1.5-473-550,0.07959183676,0.15918367352,0.9772248215579286,0.000878710534,1.5,473.0,550.0,473.00003,0.23810422,649.85333,479.30246,6.302429,0.051413473,-0.18669075,629.9871,-19.86621
1.5-473-550,0.286746988,0.573493976,0.998978267368595,-0.0008982710093,1.5,473.0,550.0,1189.3682,0.029688412,43.52289,1326.0914,136.72327,-0.65379375,-0.68348217,51.374115,7.851227
1.5-473-550,0.1662650602,0.3325301204,0.5396442233296441,-0.0004852425493,1.5,473.0,550.0,502.49786,1.101124,620.4822,487.20218,-15.295685,1.074462,-0.026661992,638.9047,18.422546
1.5-473-550,0.09591836738,0.19183673476,0.9844268823757469,0.0008851865532,1.5,473.0,550.0,473.00003,0.16038108,649.85333,519.5033,46.503265,-0.104079194,-0.26446027,539.5485,-110.30481
1.5-473-550,0.2265060241,0.4530120482,0.9973789934503665,-0.0008968329586,1.5,473.0,550.0,1281.5533,0.06357997,39.923004,1305.8726,24.319214,-0.60196406,-0.66554403,32.426758,-7.4962463
1.5-473-550,0.4714285714,0.9428571428,0.9772248215579286,0.000878710534,1.5,473.0,550.0,658.8739,0.9010868,356.11606,579.8237,-79.05017,0.13856763,-0.7625192,444.14978,88.03372
1.5-473-550,0.03469387754,0.06938775508,0.9945113832197316,0.0008942544329,1.5,473.0,550.0,473.00003,0.052884277,649.85333,465.01108,-7.9889526,-0.080560096,-0.13344437,640.25134,-9.60199
1.5-473-550,0.3795180723,0.7590361446,0.22784103821928303,0.0002048723241,1.5,473.0,550.0,610.4746,1.9841859,476.759,596.2029,-14.2717285,1.9735429,-0.010643005,484.98245,8.22345
1.5-473-550,0.330120482,0.660240964,0.22784103821928303,0.0002048723241,1.5,473.0,550.0,564.4576,1.671206,548.41095,564.34424,-0.113342285,1.7133576,0.04215157,550.41473,2.0037842
1.5-473-550,0.05306122449,0.10612244898,0.47796385156444166,-0.0004297801918,1.5,473.0,550.0,473.00003,1.1183251,649.85333,466.7078,-6.2922363,1.0803615,-0.03796363,630.10376,-19.749573
1.5-473-550,0.3421686747,0.6843373494,0.4163512326852384,0.000374378757,1.5,473.0,550.0,595.373,1.783181,500.02405,585.4885,-9.88446,1.8351908,0.05200982,513.22034,13.196289
1.5-473-550,0.3566265061,0.7132530122,0.7525573838264147,0.0006766918789,1.5,473.0,550.0,657.8154,2.002507,355.37448,663.0295,5.2140503,2.0723357,0.06982875,357.23853,1.8640442
1.5-473-550,0.2614457831,0.5228915662,0.7525573838264147,-0.0006766918789,1.5,473.0,550.0,618.1751,1.5475215,463.01947,578.8409,-39.33423,1.3936422,-0.15387928,550.1741,87.1546
1.5-473-550,0.02857142855,0.0571428571,0.9872047710533666,-0.0008876844022,1.5,473.0,550.0,473.00003,0.12241291,649.85333,458.48053,-14.519501,0.0058690854,-0.11654383,651.53394,1.680603
1.5-473-550,0.1650602409,0.3301204818,0.6021818746711394,-0.0005414757638,1.5,473.0,550.0,504.9359,1.0881382,618.0149,486.3474,-18.588501,1.0673853,-0.020752907,638.812,20.79712
1.5-473-550,0.03265306121,0.06530612242,0.9215172744995802,0.0008286188792,1.5,473.0,550.0,473.00003,0.60800606,649.85333,445.2173,-27.782745,0.50385135,-0.104154706,661.80383,11.9505005
1.5-473-550,0.2277108434,0.4554216868,0.47796385156444166,0.0004297801918,1.5,473.0,550.0,524.17053,1.3404204,597.1324,513.4353,-10.7352295,1.1834111,-0.15700924,636.58386,39.451477
1.5-473-550,0.4224489796,0.8448979592,0.6600967573005477,0.0005935522321,1.5,473.0,550.0,660.16986,2.2597647,343.0406,665.96747,5.7976074,2.1173425,-0.1424222,353.41882,10.378235
1.5-473-550,0.4224489796,0.8448979592,0.8206166047262803,0.0007378900321,1.5,473.0,550.0,684.29193,2.0713384,156.99695,685.1131,0.821167,1.9417964,-0.129542,305.14624,148.14929
1.5-473-550,0.02857142855,0.0571428571,0.993141646395439,0.0008930227796,1.5,473.0,550.0,473.00003,0.06517743,649.85333,461.71082,-11.289215,-0.055118207,-0.120295644,645.63086,-4.222473
1.5-473-550,0.4938775511,0.9877551022,0.9811301448069191,0.0008822221606,1.5,473.0,550.0,657.4839,0.8188844,361.7277,564.16205,-93.32184,0.13546962,-0.68341476,460.92203,99.194336
1.5-473-550,0.1036144578,0.2072289156,0.9337895728803226,-0.000839654004,1.5,473.0,550.0,483.75092,0.6410717,639.4541,461.63956,-22.111359,0.5224512,-0.118620455,668.0931,28.638977
1.5-473-550,0.3385542169,0.6771084338,0.5396442233296441,-0.0004852425493,1.5,473.0,550.0,611.6176,1.8083565,474.6641,596.7187,-14.898926,1.8657037,0.05734718,493.29828,18.634186
1.5-473-550,0.4244897959,0.8489795918,0.9442484491033019,-0.0008490585182,1.5,473.0,550.0,695.27905,1.5128669,133.3356,643.67194,-51.607117,0.88968843,-0.6231784,382.05707,248.72147
1.5-473-550,0.1216867469,0.2433734938,0.03282169734692774,-2.951293353e-05,1.5,473.0,550.0,475.43997,1.1148883,647.5517,482.03714,6.597168,1.1084251,-0.00646317,648.3472,0.7955322
1.5-473-550,0.3313253012,0.6626506024,0.9215172744995802,0.0008286188792,1.5,473.0,550.0,864.2416,1.6886218,68.59396,864.9092,0.66760254,1.6626015,-0.026020288,95.65697,27.063004
1.5-473-550,0.3120481928,0.6240963856,0.03282169735804886,2.951293354e-05,1.5,473.0,550.0,539.8,1.5710326,579.735,547.04865,7.248657,1.5937493,0.022716641,578.18896,-1.5460205
1.5-473-550,0.3783132531,0.7566265062,0.9215172744995802,-0.0008286188792,1.5,473.0,550.0,851.5662,1.9304938,70.3739,758.5386,-93.02765,1.7886498,-0.14184403,183.68347,113.30957
1.5-473-550,0.1927710843,0.3855421686,0.9973789933391554,0.0008968329585,1.5,473.0,550.0,1130.3162,0.061498042,46.349304,1214.0118,83.69568,-0.6142587,-0.67575675,-0.8201285,-47.169434
1.5-473-550,0.148192771,0.296385542,0.9726063657286781,0.0008745576659,1.5,473.0,550.0,633.1216,0.70438987,434.12363,708.8756,75.75403,-0.12022681,-0.8246167,109.665054,-324.45856
1.5-473-550,0.1144578313,0.2289156626,0.03282169735804886,2.951293354e-05,1.5,473.0,550.0,473.60263,1.1326891,649.2849,480.9303,7.327667,1.109623,-0.023066163,648.425,-0.8599243
1.5-473-550,0.008163265274,0.016326530548,0.8902853188558087,-0.0008005354251,1.5,473.0,550.0,473.00003,0.76015353,649.85333,444.40015,-28.599884,0.60834146,-0.15181208,657.1546,7.3012695
1.5-473-550,0.2951807229,0.5903614458,0.9956514833048237,0.0008952795992,1.5,473.0,550.0,1167.3073,0.13876098,44.53183,1314.3455,147.03821,-0.6313171,-0.77007806,54.144806,9.612976
1.5-473-550,0.3915662651,0.7831325302,0.2914697156873968,0.0002620865781,1.5,473.0,550.0,622.3878,2.094264,456.17316,608.7167,-13.671143,2.0350115,-0.0592525,462.4341,6.260956
1.5-473-550,0.4673469388,0.9346938776,0.5396442233296441,0.0004852425493,1.5,473.0,550.0,656.794,1.8350673,364.51266,656.7283,-0.06573486,2.1147387,0.27967143,364.48215,-0.030517578
1.5-473-550,0.3698795181,0.7397590362,0.03282169734692774,-2.951293353e-05,1.5,473.0,550.0,596.58905,1.896587,498.26245,578.61017,-17.978882,1.9038625,0.007275462,511.54163,13.279175
1.5-473-550,0.4040816326,0.8081632652,0.9980223152919674,0.000897411427,1.5,473.0,550.0,841.7508,0.12537473,72.04202,891.116,49.365234,-0.986595,-1.1119697,142.34512,70.3031
1.5-473-550,0.1144578313,0.2289156626,0.2914697156873968,0.0002620865781,1.5,473.0,550.0,474.1087,1.1101834,648.8075,478.26425,4.155548,1.0877699,-0.022413492,637.1633,-11.644165
1.5-473-550,0.2301204819,0.4602409638,0.9531521908128958,-0.0008570646714,1.5,473.0,550.0,1063.6074,1.0258777,50.129883,1156.3717,92.76428,0.13590568,-0.88997203,86.024124,35.89424
1.5-473-550,0.1289156626,0.2578313252,0.6600967573005477,-0.0005935522321,1.5,473.0,550.0,487.04874,1.010152,636.1167,474.71472,-12.334015,1.0435143,0.03336227,633.49414,-2.6225586
1.5-473-550,0.2445783133,0.4891566266,0.9973789933391554,0.0008968329585,1.5,473.0,550.0,1233.409,0.0695396,41.68753,1326.5165,93.10742,-0.60100085,-0.67054045,42.649628,0.96209717
1.5-473-550,0.4224489796,0.8448979592,0.6021818746711394,-0.0005414757638,1.5,473.0,550.0,655.0959,2.2610373,371.3678,658.1894,3.0935059,2.131216,-0.1298213,370.1586,-1.209198
1.5-473-550,0.1060240963,0.2120481926,0.7525573838264147,-0.0006766918789,1.5,473.0,550.0,474.97034,0.93841016,647.9947,466.05945,-8.910889,0.9892213,0.050811112,634.4931,-13.501587
1.5-473-550,0.2204819277,0.4409638554,0.9071317792997667,-0.0008156835895,1.5,473.0,550.0,840.19165,1.431531,73.08815,709.8819,-130.30975,1.1448085,-0.28672242,334.3616,261.27344
1.5-473-550,0.06530612246,0.13061224492,0.8475322498919685,-0.0007620923041,1.5,473.0,550.0,473.00003,0.832386,649.85333,451.9341,-21.065918,0.81857693,-0.013809085,645.6317,-4.2216187
1.5-473-550,0.3686746989,0.7373493978,0.9980223152919674,0.000897411427,1.5,473.0,550.0,1118.3239,0.08394294,46.968903,1121.0157,2.6918945,-0.932159,-1.016102,54.588287,7.619385
1.5-473-550,0.3337349398,0.6674698796,0.998978267368595,0.0008982710093,1.5,473.0,550.0,1154.129,0.03502136,45.155426,1250.0693,95.94031,-0.7879713,-0.8229927,48.412872,3.2574463
1.5-473-550,0.3554216868,0.7108433736,0.9726063657286781,-0.0008745576659,1.5,473.0,550.0,1002.5118,1.0474849,54.289093,1114.883,112.37128,-0.38931912,-1.436804,65.09253,10.803436
1.5-473-550,0.05102040816,0.10204081632,0.9973789933391554,0.0008968329585,1.5,473.0,550.0,473.00003,0.02591067,649.85333,477.35788,4.357849,-0.15245682,-0.1783675,617.4117,-32.44165
1.5-473-550,0.3771084338,0.7542168676,0.8902853188558087,-0.0008005354251,1.5,473.0,550.0,805.17145,2.078282,78.86746,737.98254,-67.1889,2.0275612,-0.05072093,198.40851,119.541046
1.5-473-550,0.3072289157,0.6144578314,0.9844268823757469,0.0008851865532,1.5,473.0,550.0,1104.4398,0.5127724,47.710785,1282.5387,178.09888,-0.50176483,-1.0145372,62.605286,14.894501
1.5-473-550,0.3469879518,0.6939759036,0.7525573838264147,-0.0006766918789,1.5,473.0,550.0,655.0204,1.9460468,371.6016,655.76556,0.7451782,2.0337937,0.08774686,371.48608,-0.11550903
1.5-473-550,0.2975903615,0.595180723,0.6600967573005477,0.0005935522321,1.5,473.0,550.0,612.09357,1.6640183,473.74713,583.17847,-28.9151,1.6578246,-0.006193638,528.99255,55.245422
1.5-473-550,0.3831325302,0.7662650604,0.7098470004029654,-0.0006382871403,1.5,473.0,550.0,657.6542,2.1625197,358.94467,664.6143,6.960144,2.1131754,-0.0493443,357.36325,-1.5814209
1.5-473-550,0.0755102041,0.1510204082,0.9998257452316341,-0.0008990330527,1.5,473.0,550.0,473.00003,0.0009972996,649.85333,513.59515,40.595123,-0.27961951,-0.28061682,532.7449,-117.10846
1.5-473-550,0.0102040816,0.0204081632,0.9996041060258503,0.000898833757,1.5,473.0,550.0,473.00003,0.0029075688,649.85333,459.5598,-13.440216,-0.090804465,-0.09371203,647.6189,-2.234436
1.5-473-550,0.3987951808,0.7975903616,0.47796385156444166,-0.0004297801918,1.5,473.0,550.0,638.471,2.2056224,422.6877,631.4944,-6.9766235,2.092066,-0.113556385,422.3516,-0.3361206
1.5-473-550,0.3108433735,0.621686747,0.960723235489121,-0.0008638724771,1.5,473.0,550.0,988.1559,1.1589996,55.434998,1213.7043,225.54846,0.0037558621,-1.1552438,84.82939,29.394394
1.5-473-550,0.1951807228,0.3903614456,0.9993254186825348,-0.0008985831642,1.5,473.0,550.0,1165.1726,0.014846617,44.629425,1229.4312,64.258545,-0.6325492,-0.64739585,1.22931,-43.400116
1.5-473-550,0.1939759036,0.3879518072,0.9671530515086588,0.0008696541017,1.5,473.0,550.0,983.1956,0.7021268,55.843964,1069.9081,86.71246,-0.15947539,-0.8616022,29.983337,-25.860626
1.5-473-550,0.3277108434,0.6554216868,0.5396442233296441,-0.0004852425493,1.5,473.0,550.0,604.7675,1.7530533,485.7434,588.02344,-16.74408,1.8023512,0.04929793,511.76218,26.018768
1.5-473-550,0.1373493975,0.274698795,0.7525573838264147,-0.0006766918789,1.5,473.0,550.0,497.758,0.98488164,625.27893,475.22052,-22.537476,1.0075208,0.022639155,638.22107,12.942139
1.5-473-550,0.4081632653,0.8163265306,0.2914697156873968,0.0002620865781,1.5,473.0,550.0,632.8145,2.2031527,435.47592,618.71826,-14.096252,2.0930505,-0.11010218,442.80576,7.329834
1.5-473-550,0.3168674699,0.6337349398,0.9998257452316341,-0.0008990330527,1.5,473.0,550.0,1171.1967,0.0033742136,44.353943,1288.136,116.93933,-0.73767084,-0.74104506,49.823517,5.469574
1.5-473-550,0.3783132531,0.7566265062,0.09831793589120096,8.840647929e-05,1.5,473.0,550.0,605.20135,1.9616072,485.1539,587.1295,-18.071838,1.9501562,-0.011451006,497.30856,12.154663
1.5-473-550,0.1144578313,0.2289156626,0.9215172744995802,0.0008286188792,1.5,473.0,550.0,500.90945,0.7485881,622.08966,463.46045,-37.449005,0.6253248,-0.1232633,666.77313,44.68347
1.5-473-550,0.2722891566,0.5445783132,0.9973789933391554,-0.0008968329585,1.5,473.0,550.0,1196.2996,0.07589262,43.226257,1331.9548,135.65527,-0.6162992,-0.69219184,51.022858,7.7966003
1.5-473-550,0.2144578313,0.4289156626,0.7892004020960466,0.000709640905,1.5,473.0,550.0,573.66473,1.3178748,532.31586,540.48,-33.184753,1.0889058,-0.22896898,610.11774,77.80188
1.5-473-550,0.2638554217,0.5277108434,0.29146971579860803,-0.0002620865782,1.5,473.0,550.0,526.6337,1.4336674,594.3934,528.2029,1.5691528,1.3398396,-0.09382784,618.31494,23.92157
1.5-473-550,0.3469879518,0.6939759036,0.8475322498919685,-0.0007620923041,1.5,473.0,550.0,729.0546,1.9902976,106.61725,708.7402,-20.314453,2.1005905,0.11029291,245.3547,138.73746
1.5-473-550,0.3614457832,0.7228915664,0.9671530515086588,-0.0008696541017,1.5,473.0,550.0,973.3909,1.2250223,56.618774,1059.0011,85.61017,-0.22087032,-1.4458926,75.6279,19.009125
1.5-473-550,0.278313253,0.556626506,0.9071317792997667,-0.0008156835895,1.5,473.0,550.0,833.00555,1.5912493,73.66051,846.83545,13.829895,1.450393,-0.14085639,165.06438,91.40387
1.5-473-550,0.148192771,0.296385542,0.03282169734692774,-2.951293353e-05,1.5,473.0,550.0,486.13593,1.1080558,637.04047,486.81516,0.67922974,1.110353,0.002297163,647.9238,10.883362
1.5-473-550,0.3289156627,0.6578313254,0.6600967573005477,0.0005935522321,1.5,473.0,550.0,629.1452,1.810331,442.62228,610.69727,-18.447937,1.8734514,0.063120365,467.0645,24.44223
1.5-473-550,0.1361445783,0.2722891566,0.9844268823757469,0.0008851865532,1.5,473.0,550.0,653.72955,0.5531318,376.8839,712.2521,58.522522,-0.3373316,-0.8904634,75.58415,-301.29974
1.5-473-550,0.3674698796,0.7349397592,0.9945113832197316,0.0008942544329,1.5,473.0,550.0,1102.0955,0.23781669,47.83603,1118.4454,16.349976,-0.88039845,-1.1182151,55.58197,7.745941
1.5-473-550,0.2036144577,0.4072289154,0.9844268823757469,-0.0008851865532,1.5,473.0,550.0,1169.2186,0.3815992,44.444397,1212.8778,43.65918,-0.45967335,-0.84127253,21.359375,-23.085022
1.5-473-550,0.4755102041,0.9510204082,0.9872047710533666,-0.0008876844022,1.5,473.0,550.0,658.46704,0.6403837,357.7585,579.8246,-78.642456,-0.035372857,-0.6757566,438.96545,81.20694
1.5-473-550,0.3024096386,0.6048192772,0.8475322498919685,0.0007620923041,1.5,473.0,550.0,703.9607,1.7920618,135.4715,685.3715,-18.589172,1.7919277,-0.00013411045,307.74542,172.27393
1.5-473-550,0.2578313253,0.5156626506,0.8475322498919685,0.0007620923041,1.5,473.0,550.0,676.36633,1.5992676,233.77362,650.4392,-25.927124,1.3887441,-0.21052349,424.35852,190.5849
1.5-473-550,0.2277108434,0.4554216868,0.09831793590232207,8.84064793e-05,1.5,473.0,550.0,514.31964,1.339801,608.0866,509.95087,-4.3687744,1.2125179,-0.1272831,635.9127,27.82611
1.5-473-550,0.3349397591,0.6698795182,0.9999999997775775,0.0008991897406,1.5,473.0,550.0,1157.4126,-5.322157e-09,45.01532,1248.3159,90.90332,-0.8051227,-0.8051227,47.7937,2.7783813
1.5-473-550,0.1084337349,0.2168674698,0.960723235489121,0.0008638724771,1.5,473.0,550.0,512.84607,0.56441754,609.6691,489.59872,-23.247345,0.25105363,-0.3133639,632.7205,23.051392
1.5-473-550,0.3795180723,0.7590361446,0.9531521908128958,-0.0008570646714,1.5,473.0,550.0,915.7051,1.6100216,62.128662,828.6002,-87.10486,0.65189564,-0.95812595,180.93901,118.81035
1.5-473-550,0.3674698796,0.7349397592,0.47796385156444166,0.0004297801918,1.5,473.0,550.0,620.42206,1.9548975,459.58264,610.70575,-9.716309,1.983298,0.028400421,463.1649,3.5822449
1.5-473-550,0.3807228916,0.7614457832,0.9973789934503665,-0.0008968329586,1.5,473.0,550.0,1103.9941,0.12164568,47.73459,1053.2153,-50.77881,-0.9733631,-1.0950087,69.24429,21.509705
1.5-473-550,0.2012048193,0.4024096386,0.9993254186825348,-0.0008985831642,1.5,473.0,550.0,1228.1633,0.014682168,41.895447,1250.4137,22.250366,-0.6298242,-0.6445064,8.345979,-33.54947
1.5-473-550,0.1879518072,0.3759036144,0.8475322498919685,0.0007620923041,1.5,473.0,550.0,564.61145,1.1156981,548.1287,525.4546,-39.15686,0.9680439,-0.14765418,627.20575,79.07703
1.5-473-550,0.4795918368,0.9591836736,0.22784103833049427,-0.0002048723242,1.5,473.0,550.0,656.1625,1.9556732,367.06198,641.6141,-14.548401,2.220343,0.2646699,391.2641,24.202118
1.5-473-550,0.351807229,0.703614458,0.9915009044774012,-0.0008915474413,1.5,473.0,550.0,1102.1487,0.34050822,47.83316,1180.6719,78.52319,-0.7641745,-1.1046827,51.337646,3.504486
1.5-473-550,0.4816326531,0.9632653062,0.5396442233296441,-0.0004852425493,1.5,473.0,550.0,657.0024,1.8353589,363.67148,654.5576,-2.4447632,2.0868616,0.25150275,362.3912,-1.2802734
1.5-473-550,0.4387755102,0.8775510204,0.9993254186825348,-0.0008985831642,1.5,473.0,550.0,670.8676,0.038191494,248.96687,676.22003,5.352417,-0.64888686,-0.68707836,317.68054,68.71367
1.5-473-550,0.286746988,0.573493976,0.22784103833049427,-0.0002048723242,1.5,473.0,550.0,532.65405,1.496215,587.6987,538.8485,6.194458,1.4591588,-0.037056208,599.9233,12.224548
1.5-473-550,0.06326530613,0.12653061226,0.3542741437603377,0.0003185596755,1.5,473.0,550.0,473.00003,1.152711,649.85333,470.16037,-2.8396606,1.0978848,-0.05482626,633.3323,-16.521057
1.5-473-550,0.3156626506,0.6313253012,0.3542741437603377,0.0003185596755,1.5,473.0,550.0,564.5678,1.6296939,548.2721,561.86145,-2.7063599,1.6559122,0.026218295,559.9892,11.717102
1.5-473-550,0.2277108433,0.4554216866,0.9772248215579286,-0.000878710534,1.5,473.0,550.0,1192.4215,0.5445914,43.39499,1260.3835,67.962036,-0.3522045,-0.8967959,51.661957,8.266968
1.5-473-550,0.3445783133,0.6891566266,0.9915009044774012,0.0008915474413,1.5,473.0,550.0,1108.9775,0.3283072,47.468323,1206.5125,97.53491,-0.7321437,-1.0604509,51.26947,3.8011475
1.5-473-550,0.4918367347,0.9836734694,0.9071317792997667,-0.0008156835895,1.5,473.0,550.0,657.4781,1.3975111,361.7511,597.89746,-59.580627,1.0240242,-0.37348688,438.94208,77.19098
1.5-473-550,0.4979591837,0.9959183674,0.8475322500031797,-0.0007620923042,1.5,473.0,550.0,657.33453,1.5403761,362.3304,617.906,-39.428528,1.3747296,-0.16564643,401.48434,39.15393
1.5-473-550,0.1361445783,0.2722891566,0.6600967573005477,-0.0005935522321,1.5,473.0,550.0,491.36206,1.018921,631.7516,476.58472,-14.777344,1.0456737,0.02675271,634.6525,2.90094
1.5-473-550,0.03265306121,0.06530612242,0.47796385156444166,0.0004297801918,1.5,473.0,550.0,473.00003,1.1401232,649.85333,464.11923,-8.880798,1.081837,-0.05828619,631.648,-18.205322
1.5-473-550,0.4183673469,0.8367346938,0.8475322498919685,0.0007620923041,1.5,473.0,550.0,698.1586,2.091506,129.58781,689.6832,-8.475403,1.8880466,-0.20345938,296.9558,167.368
1.5-473-550,0.3987951807,0.7975903614,0.9844268824869582,-0.0008851865533,1.5,473.0,550.0,1015.7283,0.84512603,53.30426,859.2768,-156.45148,-0.7184301,-1.5635562,162.40031,109.096054
1.5-473-550,0.373493976,0.746987952,0.09831793590232207,-8.84064793e-05,1.5,473.0,550.0,600.93506,1.9256727,491.8418,584.2654,-16.669678,1.9271762,0.0015035868,503.2827,11.440918
1.5-473-550,0.05102040816,0.10204081632,0.9915009044774012,0.0008915474413,1.5,473.0,550.0,473.00003,0.08631491,649.85333,471.44437,-1.5556641,-0.07848299,-0.1647979,631.39716,-18.456177
1.5-473-550,0.4673469388,0.9346938776,0.9772248215579286,-0.000878710534,1.5,473.0,550.0,659.41284,0.89998806,353.9404,583.31006,-76.10278,0.124188356,-0.7757997,439.57672,85.63632
1.5-473-550,0.09591836738,0.19183673476,0.9071317792997667,-0.0008156835895,1.5,473.0,550.0,473.00003,0.6897369,649.85333,454.79138,-18.208649,0.67238384,-0.017353058,661.581,11.727661
1.5-473-550,0.373493976,0.746987952,0.9956514833048237,0.0008952795992,1.5,473.0,550.0,1102.3052,0.19476843,47.82483,1089.8606,-12.44458,-0.92259675,-1.1173651,60.4245,12.59967
1.5-473-550,0.3987951808,0.7975903616,0.8475322500031797,-0.0007620923042,1.5,473.0,550.0,754.6096,2.3985777,93.11688,705.8742,-48.735413,2.017923,-0.38065457,268.09152,174.97464
1.5-473-550,0.4938775511,0.9877551022,0.29146971579860803,-0.0002620865782,1.5,473.0,550.0,656.95886,1.9280254,363.84708,646.54724,-10.411621,2.2015202,0.27349484,380.1815,16.334412
1.5-473-550,0.2409638554,0.4819277108,0.9772248215579286,0.000878710534,1.5,473.0,550.0,1150.9419,0.5854488,45.312744,1282.6748,131.73291,-0.34918517,-0.934634,60.268738,14.955994
1.5-473-550,0.3915662651,0.7831325302,0.3542741439827602,-0.0003185596757,1.5,473.0,550.0,625.76056,2.106284,449.7649,614.14294,-11.617615,2.0462956,-0.05998826,453.71512,3.9502258
1.5-473-550,0.3072289157,0.6144578314,0.9965972946963587,-0.0008961300631,1.5,473.0,550.0,1163.0571,0.11182105,44.726196,1300.2323,137.17517,-0.6708712,-0.78269225,52.845886,8.11969
1.5-473-550,0.3686746989,0.7373493978,0.998978267368595,-0.0008982710093,1.5,473.0,550.0,1122.9252,0.041593846,46.723022,1123.2693,0.3441162,-0.9439953,-0.98558915,54.10663,7.383606
1.5-473-550,0.1554216867,0.3108433734,0.8206166047262803,-0.0007378900321,1.5,473.0,550.0,520.02985,0.99201113,601.7368,485.47162,-34.558228,0.9610244,-0.030986726,643.79974,42.062927
1.5-473-550,0.008163265274,0.016326530548,0.8475322498919685,0.0007620923041,1.5,473.0,550.0,473.00003,0.8833987,649.85333,446.4568,-26.543243,0.73965925,-0.14373946,650.18176,0.32843018
1.5-473-550,0.3012048193,0.6024096386,0.4163512323516047,-0.0003743787567,1.5,473.0,550.0,561.13477,1.5836456,552.77277,555.98315,-5.1516113,1.5821369,-0.0015087128,574.0748,21.302063
1.5-473-550,0.2626506024,0.5253012048,0.9215172744995802,-0.0008286188792,1.5,473.0,550.0,880.9817,1.4703097,66.351715,950.33527,69.35358,1.1212234,-0.34908628,142.01463,75.66292
1.5-473-550,0.3578313254,0.7156626508,0.993141646395439,-0.0008930227796,1.5,473.0,550.0,1103.9375,0.28329986,47.73761,1159.7588,55.82129,-0.81609446,-1.0993943,51.60202,3.8644104
1.5-473-550,0.351807229,0.703614458,0.8902853188558087,0.0008005354251,1.5,473.0,550.0,803.4367,1.930349,79.31653,750.44495,-52.99176,2.077827,0.14747798,160.79846,81.48193
1.5-473-550,0.3614457832,0.7228915664,0.8705746216627653,0.0007828117684,1.5,473.0,550.0,772.2613,2.0392823,87.306885,731.1575,-41.10382,2.1228251,0.083542824,202.90987,115.60298
1.5-473-550,0.05714285715,0.1142857143,0.9442484491033019,0.0008490585182,1.5,473.0,550.0,473.00003,0.521842,649.85333,449.93414,-23.065887,0.38834745,-0.13349456,665.57904,15.725708
1.5-473-550,0.2060240964,0.4120481928,0.8206166047262803,-0.0007378900321,1.5,473.0,550.0,578.0919,1.2641447,526.4706,542.1053,-35.986633,1.0407276,-0.22341704,609.7681,83.29755
1.5-473-550,0.3313253012,0.6626506024,0.47796385156444166,0.0004297801918,1.5,473.0,550.0,596.48895,1.7472855,498.3177,583.46265,-13.026306,1.7965646,0.049279094,519.36365,21.04596
1.5-473-550,0.2036144578,0.4072289156,0.03282169734692774,-2.951293353e-05,1.5,473.0,550.0,507.27426,1.2670612,615.64844,501.46594,-5.808319,1.1661242,-0.10093701,642.44165,26.793213
1.5-473-550,0.3481927711,0.6963855422,0.47796385156444166,-0.0004297801918,1.5,473.0,550.0,608.1343,1.837689,480.40143,596.3868,-11.747498,1.8912498,0.053560734,492.37775,11.976318
1.5-473-550,0.1879518072,0.3759036144,0.9996041060258503,0.000898833757,1.5,473.0,550.0,1089.7073,0.0076382705,48.546326,1200.8624,111.15515,-0.6386884,-0.64632666,-8.283385,-56.829712
1.5-473-550,0.05306122449,0.10612244898,0.960723235489121,0.0008638724771,1.5,473.0,550.0,473.00003,0.39915115,649.85333,453.5581,-19.441925,0.24915212,-0.14999902,662.985,13.131653
1.5-473-550,0.2481927711,0.4963855422,0.7098470004029654,-0.0006382871403,1.5,473.0,550.0,584.47015,1.4598516,517.07385,551.3935,-33.07666,1.2886783,-0.17117333,595.82086,78.74701
1.5-473-550,0.1012048192,0.2024096384,0.9998257453428454,-0.0008990330528,1.5,473.0,550.0,607.8606,0.0021083301,478.65796,596.82886,-11.031738,-0.43769187,-0.4398002,300.53638,-178.12158
1.5-473-550,0.03673469387,0.07346938774,0.6021818746711394,0.0005414757638,1.5,473.0,550.0,473.00003,1.058939,649.85333,461.492,-11.508026,1.0410545,-0.017884493,630.4734,-19.379944
1.5-473-550,0.3638554217,0.7277108434,0.8475322498919685,0.0007620923041,1.5,473.0,550.0,737.63416,2.089379,101.13635,715.89703,-21.737122,2.1358683,0.04648924,239.79834,138.66199
1.5-473-550,0.3879518073,0.7759036146,0.9985491866279087,-0.0008978851843,1.5,473.0,550.0,1101.6069,0.069727115,47.862152,1011.20435,-90.40259,-1.0086644,-1.0783914,82.99458,35.13243
1.5-473-550,0.4734693878,0.9469387756,0.6600967573005477,0.0005935522321,1.5,473.0,550.0,657.4441,1.7522322,361.88824,656.59625,-0.84783936,1.9907011,0.23846889,350.91125,-10.97699
1.5-473-550,0.2722891566,0.5445783132,0.8705746216627653,-0.0007828117684,1.5,473.0,550.0,731.1741,1.6563898,107.86311,707.6629,-23.51117,1.527523,-0.12886679,310.34207,202.47896
1.5-473-550,0.1626506024,0.3253012048,0.9215172744995802,-0.0008286188792,1.5,473.0,550.0,570.96844,0.9246542,537.53107,517.31104,-53.65741,0.7399033,-0.18475091,624.388,86.85693
1.5-473-550,0.2325301205,0.465060241,0.9965972946963587,-0.0008961300631,1.5,473.0,550.0,1263.2516,0.08493929,40.541016,1313.1758,49.924194,-0.59298044,-0.67791975,36.93341,-3.607605
1.5-473-550,0.2108433735,0.421686747,0.4163512326852384,0.000374378757,1.5,473.0,550.0,516.2973,1.2892526,605.8874,504.23642,-12.060883,1.1381367,-0.1511159,640.71454,34.82715
1.5-473-550,0.1108433734,0.2216867468,0.9531521909241071,0.0008570646715,1.5,473.0,550.0,510.74805,0.62185735,611.96246,481.30496,-29.443085,0.34704173,-0.27481562,650.2133,38.250854
1.5-473-550,0.3506024097,0.7012048194,0.9985491866279087,-0.0008978851843,1.5,473.0,550.0,1137.7107,0.055112,45.964844,1198.1139,60.4032,-0.85475785,-0.90986985,48.015167,2.0503235
1.5-473-550,0.1325301204,0.2650602408,0.9071317792997667,-0.0008156835895,1.5,473.0,550.0,517.9449,0.8453171,604.05536,471.78,-46.164886,0.735079,-0.110238135,661.7322,57.67682
1.5-473-550,0.1734939759,0.3469879518,0.8705746216627653,0.0007828117684,1.5,473.0,550.0,554.49536,1.0236685,561.4051,510.58713,-43.908234,0.90925264,-0.114415884,638.90063,77.495544
1.5-473-550,0.03061224488,0.06122448976,0.9973789934503665,-0.0008968329586,1.5,473.0,550.0,473.00003,0.024462873,649.85333,465.19763,-7.8023987,-0.104267664,-0.12873054,638.9897,-10.863647
1.5-473-550,0.4367346939,0.8734693878,0.47796385156444166,0.0004297801918,1.5,473.0,550.0,650.5402,2.0636766,389.15738,649.0131,-1.5270996,2.153068,0.08939147,387.7676,-1.3897705
1.5-473-550,0.373493976,0.746987952,0.9999999997775775,0.0008991897406,1.5,473.0,550.0,1123.1124,-5.322157e-09,46.73767,1101.3701,-21.74231,-0.9776676,-0.9776676,57.70331,10.965637
1.5-473-550,0.0387755102,0.0775510204,0.9945113832197316,-0.0008942544329,1.5,473.0,550.0,473.00003,0.05351567,649.85333,466.93054,-6.0694885,-0.08852012,-0.14203578,637.22754,-12.625793
1.5-473-550,0.1879518072,0.3759036144,0.960723235489121,0.0008638724771,1.5,473.0,550.0,855.81256,0.7968477,69.97119,964.25024,108.43768,0.01825934,-0.77858835,41.55664,-28.41455
1.5-473-550,0.09591836738,0.19183673476,0.8206166047262803,0.0007378900321,1.5,473.0,550.0,473.00003,0.87538105,649.85333,459.78616,-13.213867,0.9075203,0.03213924,640.6775,-9.175842
1.5-473-550,0.3506024097,0.7012048194,0.9772248215579286,0.000878710534,1.5,473.0,550.0,1030.0151,0.87707657,52.302307,1151.5759,121.56079,-0.49225646,-1.369333,60.294647,7.99234
1.5-473-550,0.3710843374,0.7421686748,0.4163512323516047,-0.0003743787567,1.5,473.0,550.0,616.46735,1.9607248,466.68375,606.4282,-10.039124,1.9795872,0.018862367,470.50037,3.8166199
1.5-473-550,0.2397590361,0.4795180722,0.9993254186825348,-0.0008985831642,1.5,473.0,550.0,1253.0537,0.015853519,40.917297,1325.4915,72.437744,-0.62021726,-0.6360708,38.832275,-2.085022
1.5-473-550,0.4734693878,0.9469387756,0.16340484119544796,0.0001469319568,1.5,473.0,550.0,655.15204,1.9834017,371.1413,635.92816,-19.223877,2.2274878,0.24408615,399.78217,28.64087
1.5-473-550,0.3530120482,0.7060240964,0.9726063657286781,-0.0008745576659,1.5,473.0,550.0,1005.07275,1.0363879,54.08966,1126.4568,121.38403,-0.38187236,-1.4182603,64.435974,10.346313
1.5-473-550,0.1795180723,0.3590361446,0.9337895728803226,0.000839654004,1.5,473.0,550.0,632.7446,0.98432326,433.94788,620.96906,-11.775574,0.7439775,-0.24034578,404.24033,-29.70755
1.5-473-550,0.1409638554,0.2819277108,0.9965972946963587,-0.0008961300631,1.5,473.0,550.0,775.75085,0.12818635,85.83362,853.77435,78.0235,-0.58470875,-0.7128951,-42.348083,-128.1817
1.5-473-550,0.2156626506,0.4313253012,0.6021818746711394,-0.0005414757638,1.5,473.0,550.0,529.69476,1.3051053,590.98944,511.12256,-18.572205,1.1388739,-0.1662314,637.8149,46.82544
1.5-473-550,0.3662650603,0.7325301206,0.9895407848051817,0.0008897849218,1.5,473.0,550.0,1077.8867,0.4511919,49.23352,1111.6404,33.753662,-0.80069023,-1.2518821,57.689056,8.455536
1.5-473-550,0.3,0.6,0.9999999997775775,0.0008991897406,1.5,473.0,550.0,1182.3809,-5.322157e-09,43.862,1314.0103,131.6294,-0.6924291,-0.6924291,50.828888,6.9668884
1.5-473-550,0.3578313254,0.7156626508,0.9772248215579286,0.000878710534,1.5,473.0,550.0,1022.1196,0.90830654,52.859924,1118.4745,96.35486,-0.51996964,-1.4282762,61.872284,9.01236
1.5-473-550,0.1734939759,0.3469879518,0.9872047710533666,-0.0008876844022,1.5,473.0,550.0,892.5764,0.31365603,64.74814,1059.7402,167.16382,-0.49788195,-0.811538,-21.378235,-86.12637
1.5-473-550,0.3048192771,0.6096385542,0.9844268823757469,-0.0008851865532,1.5,473.0,550.0,1105.6332,0.50979483,47.647003,1286.0724,180.43921,-0.49690157,-1.0066965,62.94989,15.302887
1.5-473-550,0.3915662651,0.7831325302,0.9811301448069191,0.0008822221606,1.5,473.0,550.0,1006.8955,0.9469937,53.947723,901.73346,-105.16205,-0.66807014,-1.6150639,135.59023,81.6425
1.5-473-550,0.2024096385,0.404819277,0.9071317792997667,-0.0008156835895,1.5,473.0,550.0,711.49414,1.2680529,167.63039,627.73883,-83.75531,1.0049725,-0.26308048,464.7342,297.10382
1.5-473-550,0.4244897959,0.8489795918,0.7525573838264147,0.0006766918789,1.5,473.0,550.0,671.37897,2.1606905,244.89682,677.87823,6.4992676,2.0506492,-0.11004138,323.7679,78.87109
1.5-473-550,0.1963855421,0.3927710842,0.47796385156444166,-0.0004297801918,1.5,473.0,550.0,513.6722,1.2216085,608.8066,498.46536,-15.206818,1.1070424,-0.11456609,641.70593,32.899353
1.5-473-550,0.1469879518,0.2939759036,0.9442484491033019,0.0008490585182,1.5,473.0,550.0,564.1456,0.81906337,548.869,529.60034,-34.545288,0.5082433,-0.31082004,582.5943,33.72528
1.5-473-550,0.1,0.2,0.4165266927609501,0.0003745365289,1.5,473.0,550.0,473.00006,1.1297354,649.8533,474.36453,1.3644714,1.081189,-0.048546314,631.9101,-17.943176
1.5-473-550,0.4775510204,0.9551020408,0.8705746216627653,-0.0007828117684,1.5,473.0,550.0,658.00134,1.4879285,359.63864,628.30896,-29.692383,1.3651305,-0.122797966,395.22183,35.58319
1.5-473-550,0.1843373494,0.3686746988,0.9945113832197316,-0.0008942544329,1.5,473.0,550.0,1027.1499,0.12967646,52.503204,1164.5669,137.41699,-0.5874329,-0.7171094,-10.847075,-63.35028
1.5-473-550,0.3325301205,0.665060241,0.9442484491033019,-0.0008490585182,1.5,473.0,550.0,919.2241,1.4895064,61.78888,1048.3739,129.14978,0.7752854,-0.71422094,84.28168,22.492798
1.5-473-550,0.4265306122,0.8530612244,0.9956514833048237,0.0008952795992,1.5,473.0,550.0,692.8035,0.2939325,136.96725,720.45337,27.649841,-0.7168773,-1.0108098,273.78662,136.81937
1.5-473-550,0.1144578313,0.2289156626,0.9071317792997667,0.0008156835895,1.5,473.0,550.0,497.02496,0.7801485,626.02075,461.60104,-35.42392,0.70369685,-0.07645166,662.506,36.48523
1.5-473-550,0.4673469388,0.9346938776,0.8705746216627653,0.0007828117684,1.5,473.0,550.0,658.9452,1.4806987,355.82825,638.05774,-20.887451,1.4285744,-0.05212426,382.34918,26.520935
1.5-473-550,0.343373494,0.686746988,0.6021818746711394,-0.0005414757638,1.5,473.0,550.0,625.0016,1.859277,451.1318,610.6396,-14.3619995,1.9221723,0.0628953,465.48032,14.348511
1.5-473-550,0.2674698795,0.534939759,0.9956514833048237,-0.0008952795992,1.5,473.0,550.0,1194.4285,0.12522823,43.305786,1330.7201,136.29163,-0.592774,-0.7180022,51.549774,8.243988
1.5-473-550,0.1096385542,0.2192771084,0.6021818746711394,-0.0005414757638,1.5,473.0,550.0,474.74738,1.0297333,648.205,472.1755,-2.571869,1.0540556,0.024322271,630.1879,-18.01709
1.5-473-550,0.1771084337,0.3542168674,0.8705746216627653,0.0007828117684,1.5,473.0,550.0,559.9112,1.0405028,554.38525,516.1475,-43.76367,0.91578996,-0.124712825,635.2537,80.86847
1.5-473-550,0.2674698795,0.534939759,0.9726063657286781,0.0008745576659,1.5,473.0,550.0,1082.042,0.76727635,48.99936,1287.4835,205.44153,-0.27104002,-1.0383164,75.316025,26.316666
1.5-473-550,0.1192771084,0.2385542168,0.9985491866279087,-0.0008978851843,1.5,473.0,550.0,701.81866,0.08329498,124.73619,692.4631,-9.355591,-0.5264779,-0.60977286,83.14169,-41.594498
1.5-473-550,0.3578313253,0.7156626506,0.47796385156444166,0.0004297801918,1.5,473.0,550.0,614.4024,1.8943914,470.17236,603.63837,-10.764038,1.9395589,0.045167446,477.4753,7.302948
1.5-473-550,0.1879518072,0.3759036144,0.9973789933391554,-0.0008968329585,1.5,473.0,550.0,1078.5112,0.060979184,49.197937,1193.1621,114.65088,-0.6164103,-0.6773895,-7.23944,-56.437378
1.5-473-550,0.2373493976,0.4746987952,0.47796385156444166,-0.0004297801918,1.5,473.0,550.0,527.2683,1.3678223,593.6877,518.785,-8.483337,1.2208629,-0.14695942,632.60443,38.916748
1.5-473-550,0.2903614458,0.5807228916,0.4163512323516047,-0.0003743787567,1.5,473.0,550.0,552.03204,1.5380642,564.61334,548.6654,-3.3666382,1.5116642,-0.02640009,588.2799,23.666565
1.5-473-550,0.2301204819,0.4602409638,0.2914697156873968,0.0002620865781,1.5,473.0,550.0,517.7684,1.3449702,604.2516,511.77264,-5.9957275,1.199341,-0.14562917,635.85596,31.60437
1.5-473-550,0.4938775511,0.9877551022,0.9071317792997667,-0.0008156835895,1.5,473.0,550.0,657.43494,1.3977498,361.92508,596.1514,-61.28351,1.0145302,-0.3832196,440.56577,78.640686
1.5-473-550,0.2795180723,0.5590361446,0.960723235489121,0.0008638724771,1.5,473.0,550.0,1010.3632,1.0658971,53.72159,1247.8037,237.44049,-0.027343517,-1.0932406,90.654434,36.932846
1.5-473-550,0.1650602409,0.3301204818,0.960723235489121,-0.0008638724771,1.5,473.0,550.0,649.38446,0.8305456,388.5591,740.54865,91.164185,0.12266373,-0.70788187,115.607056,-272.95206
1.5-473-550,0.386746988,0.773493976,0.9965972946963587,0.0008961300631,1.5,473.0,550.0,1093.3759,0.16746593,48.33307,1012.14716,-81.2287,-0.97969896,-1.1471648,82.61244,34.279373
1.5-473-550,0.3120481928,0.6240963856,0.960723235489121,-0.0008638724771,1.5,473.0,550.0,987.4005,1.1630403,55.4953,1211.4662,224.06567,0.005080933,-1.1579593,84.42886,28.933563
1.5-473-550,0.3156626506,0.6313253012,0.9811301448069191,0.0008822221606,1.5,473.0,550.0,1081.917,0.6348081,48.999237,1262.2338,180.31677,-0.4650014,-1.0998095,63.98294,14.983704
1.5-473-550,0.2746987952,0.5493975904,0.9980223152919674,-0.000897411427,1.5,473.0,550.0,1196.409,0.057165857,43.22162,1331.9402,135.53113,-0.6259715,-0.68313736,50.884674,7.6630554
1.5-473-550,0.1975903614,0.3951807228,0.9980223152919674,-0.000897411427,1.5,473.0,550.0,1178.698,0.047235485,44.010864,1234.4941,55.796143,-0.6185886,-0.6658241,4.8540964,-39.15677
1.5-473-550,0.3891566266,0.7783132532,0.999825745120423,0.0008990330526,1.5,473.0,550.0,1106.3156,0.0049822875,47.610535,1007.79016,-98.52539,-1.0275898,-1.032572,84.31256,36.702026
1.5-473-550,0.0102040816,0.0204081632,0.9531521909241071,0.0008570646715,1.5,473.0,550.0,473.00003,0.42327064,649.85333,446.32132,-26.67871,0.29129893,-0.13197172,664.5271,14.673767
1.5-473-550,0.2795180723,0.5590361446,0.960723235489121,-0.0008638724771,1.5,473.0,550.0,1010.36316,1.0658971,53.72159,1247.8037,237.44055,-0.027343517,-1.0932406,90.654434,36.932846
1.5-473-550,0.1180722891,0.2361445782,0.9844268823757469,-0.0008851865532,1.5,473.0,550.0,596.64075,0.44765773,498.18762,600.0886,3.447876,-0.22242826,-0.670086,318.9651,-179.22253
1.5-473-550,0.06530612246,0.13061224492,0.9996041061370615,-0.0008988337571,1.5,473.0,550.0,473.00003,0.0032668656,649.85333,495.77072,22.77069,-0.23093075,-0.23419762,576.53705,-73.316284
1.5-473-550,0.3614457832,0.7228915664,0.9980223152919674,-0.000897411427,1.5,473.0,550.0,1124.3517,0.08075952,46.64682,1154.4835,30.131836,-0.8985936,-0.97935313,50.581146,3.9343262
1.5-473-550,0.1108433734,0.2216867468,0.7098470004029654,-0.0006382871403,1.5,473.0,550.0,477.38425,0.9722737,645.7175,468.93817,-8.446075,1.0180049,0.045731187,632.71234,-13.005188
1.5-473-550,0.4102040816,0.8204081632,0.9965972946963587,0.0008961300631,1.5,473.0,550.0,771.8621,0.23592997,87.050674,836.14606,64.283936,-0.92127305,-1.157203,178.71066,91.65999
1.5-473-550,0.3554216868,0.7108433736,0.9973789933391554,0.0008968329585,1.5,473.0,550.0,1127.2599,0.10493689,46.491425,1178.06,50.80017,-0.8622014,-0.9671383,49.13205,2.640625
1.5-473-550,0.4857142857,0.9714285714,0.7098470004029654,0.0006382871403,1.5,473.0,550.0,657.3516,1.7142057,362.26163,648.4555,-8.896118,1.8640115,0.14980578,353.93677,-8.32486
1.5-473-550,0.2457831325,0.491566265,0.9442484491033019,0.0008490585182,1.5,473.0,550.0,975.6162,1.2265668,56.495087,1134.5244,158.9082,0.38338262,-0.8431842,106.2047,49.70961
1.5-473-550,0.1192771084,0.2385542168,0.8902853188558087,-0.0008005354251,1.5,473.0,550.0,498.88446,0.8274646,624.1389,463.58643,-35.298035,0.78042954,-0.04703504,656.7626,32.623657
1.5-473-550,0.3542168675,0.708433735,0.03282169735804886,2.951293354e-05,1.5,473.0,550.0,580.6665,1.7901088,520.2323,569.73584,-10.930664,1.8237985,0.033689737,530.51636,10.284058
1.5-473-550,0.2795180723,0.5590361446,0.9811301448069191,0.0008822221606,1.5,473.0,550.0,1112.182,0.5597346,47.29709,1303.9374,191.75537,-0.41327184,-0.9730064,67.20361,19.906525
1.5-473-550,0.1409638554,0.2819277108,0.9895407848051817,-0.0008897849218,1.5,473.0,550.0,717.2524,0.39235348,111.18445,795.00824,77.75586,-0.4669122,-0.8592657,-8.329833,-119.51428
1.5-473-550,0.02857142855,0.0571428571,0.960723235489121,-0.0008638724771,1.5,473.0,550.0,473.00003,0.3752445,649.85333,449.18866,-23.81137,0.24370205,-0.13154244,663.6441,13.7907715
1.5-473-550,0.4755102041,0.9510204082,0.9215172744995802,-0.0008286188792,1.5,473.0,550.0,658.29395,1.3414215,358.45743,603.35614,-54.937805,0.96563977,-0.37578171,436.07993,77.6225
1.5-473-550,0.3373493976,0.6746987952,0.9945113832197316,-0.0008942544329,1.5,473.0,550.0,1129.9359,0.20462859,46.349396,1233.7893,103.85339,-0.7447968,-0.9494254,50.325928,3.976532
1.5-473-550,0.3662650603,0.7325301206,0.9071317792997667,-0.0008156835895,1.5,473.0,550.0,830.271,1.9370447,73.98108,762.47784,-67.79315,1.9972261,0.06018138,153.8558,79.874725
1.5-473-550,0.3566265061,0.7132530122,0.8902853188558087,0.0008005354251,1.5,473.0,550.0,802.9685,1.956811,79.40637,749.4243,-53.54419,2.085779,0.128968,164.52635,85.11998
1.5-473-550,0.2325301205,0.465060241,0.22784103821928303,0.0002048723241,1.5,473.0,550.0,517.03705,1.3505969,605.0648,512.3759,-4.661133,1.2121284,-0.1384685,634.74756,29.68274
1.5-473-550,0.4102040816,0.8204081632,0.9442484491033019,0.0008490585182,1.5,473.0,550.0,762.19366,1.7654632,90.06586,672.6691,-89.524536,0.9802488,-0.7852144,341.9328,251.86694
1.5-473-550,0.0244897959,0.0489795918,0.4163512326852384,0.000374378757,1.5,473.0,550.0,473.00003,1.1700526,649.85333,464.3019,-8.69812,1.0969499,-0.07310271,633.9407,-15.912659
1.5-473-550,0.2795180723,0.5590361446,0.9726063657286781,0.0008745576659,1.5,473.0,550.0,1067.3395,0.80042076,49.864746,1285.1554,217.81592,-0.27185434,-1.0722752,76.710526,26.84578
1.5-473-550,0.1530120482,0.3060240964,0.47796385156444166,0.0004297801918,1.5,473.0,550.0,493.75143,1.0832989,629.33356,483.98047,-9.770966,1.0743556,-0.008943319,637.2064,7.872864
1.5-473-550,0.1337349397,0.2674698794,0.9671530515086588,-0.0008696541017,1.5,473.0,550.0,574.2323,0.6820608,531.84534,581.97186,7.739563,0.10075336,-0.5813074,410.30066,-121.54468
1.5-473-550,0.2951807229,0.5903614458,0.9915009044774012,0.0008915474413,1.5,473.0,550.0,1147.9438,0.27247345,45.460358,1308.8563,160.91248,-0.5793602,-0.85183364,57.526398,12.06604
1.5-473-550,0.343373494,0.686746988,0.998978267368595,0.0008982710093,1.5,473.0,550.0,1146.0718,0.036540147,45.552643,1222.7811,76.70935,-0.8279291,-0.86446923,47.7034,2.1507568
1.5-473-550,0.2493975904,0.4987951808,0.9215172744995802,-0.0008286188792,1.5,473.0,550.0,877.7539,1.4490536,66.846375,926.8643,49.110413,1.0895773,-0.35947633,154.54147,87.6951
1.5-473-550,0.03061224488,0.06122448976,0.22784103833049427,-0.0002048723242,1.5,473.0,550.0,473.00003,1.2256786,649.85333,468.16736,-4.832672,1.125588,-0.1000905,640.86035,-8.992981
1.5-473-550,0.1240963855,0.248192771,0.8475322498919685,-0.0007620923041,1.5,473.0,550.0,496.81848,0.8931862,626.22974,467.52484,-29.29364,0.89449716,0.0013109446,645.98254,19.752808
1.5-473-550,0.1024096385,0.204819277,0.5396442233296441,-0.0004852425493,1.5,473.0,550.0,473.0111,1.0759377,649.8429,472.4639,-0.5472107,1.0655788,-0.01035893,629.6523,-20.190613
1.5-473-550,0.1891566265,0.378313253,0.9872047710533666,-0.0008876844022,1.5,473.0,550.0,1038.2048,0.29610723,51.737335,1158.265,120.06018,-0.49898416,-0.7950914,0.51226896,-51.225067
1.5-473-550,0.265060241,0.530120482,0.993141646395439,0.0008930227796,1.5,473.0,550.0,1185.8489,0.1967783,43.683838,1327.3928,141.54395,-0.5624929,-0.7592712,53.199066,9.515228
1.5-473-550,0.126506024,0.253012048,0.8902853187445975,0.000800535425,1.5,473.0,550.0,506.47327,0.85104096,616.4591,467.27808,-39.19519,0.7917475,-0.05929345,656.6771,40.218018
1.5-473-550,0.2024096385,0.404819277,0.9442484491033019,-0.0008490585182,1.5,473.0,550.0,939.33655,1.087278,59.877808,911.2535,-28.083069,0.48339272,-0.6038853,107.20413,47.326324
1.5-473-550,0.1445783132,0.2891566264,0.6021818746711394,0.0005414757638,1.5,473.0,550.0,493.64847,1.047135,629.43774,479.97595,-13.672516,1.0598557,0.012720704,635.25995,5.8222046
1.5-473-550,0.2879518072,0.5759036144,0.960723235489121,-0.0008638724771,1.5,473.0,550.0,1003.0652,1.0948216,54.247375,1242.934,239.86877,-0.019852644,-1.1146742,90.101654,35.85428
1.5-473-550,0.4612244898,0.9224489796,0.9215172744995802,0.0008286188792,1.5,473.0,550.0,660.1455,1.3345722,350.07538,617.5697,-42.575806,1.0412043,-0.29336786,420.97574,70.90036
1.5-473-550,0.1457831325,0.291566265,0.6021818746711394,-0.0005414757638,1.5,473.0,550.0,494.31665,1.0490177,628.7616,480.30545,-14.0112,1.0601668,0.011149168,635.47266,6.7110596
1.5-473-550,0.4714285714,0.9428571428,0.9337895728803226,-0.000839654004,1.5,473.0,550.0,658.7301,1.2871025,356.69656,598.1161,-60.614014,0.8405722,-0.44653028,441.5461,84.84955
1.5-473-550,0.3096385542,0.6192771084,0.29146971579860803,-0.0002620865782,1.5,473.0,550.0,552.3029,1.5891227,564.3568,554.5527,2.2497559,1.6032773,0.014154673,572.5006,8.143799
1.5-473-550,0.006122448946,0.012244897892,0.960723235489121,-0.0008638724771,1.5,473.0,550.0,473.00003,0.3784818,649.85333,447.1818,-25.818237,0.23713672,-0.14134508,664.2827,14.429382
1.5-473-550,0.3457831326,0.6915662652,0.9999999997775775,-0.0008991897406,1.5,473.0,550.0,1148.4125,-5.322157e-09,45.45926,1216.7404,68.32788,-0.85088974,-0.85088974,47.232147,1.7728882
1.5-473-550,0.02040816324,0.04081632648,0.9726063657286781,-0.0008745576659,1.5,473.0,550.0,473.00003,0.26098418,649.85333,451.1612,-21.838837,0.1460979,-0.114886284,661.2754,11.422058
1.5-473-550,0.1228915662,0.2457831324,0.6021818746711394,0.0005414757638,1.5,473.0,550.0,481.64447,1.0261422,641.5858,474.7931,-6.8513794,1.0557923,0.029650092,631.7811,-9.8046875
1.5-473-550,0.3337349398,0.6674698796,0.6021818746711394,0.0005414757638,1.5,473.0,550.0,620.06616,1.8092041,459.99628,602.7119,-17.354248,1.8693591,0.060155034,482.3603,22.364014
1.5-473-550,0.4734693878,0.9469387756,0.9337895728803226,0.000839654004,1.5,473.0,550.0,658.51654,1.2883792,357.5586,596.3262,-62.19037,0.8323126,-0.4560666,443.30807,85.74948
1.5-473-550,0.1831325301,0.3662650602,0.993141646395439,-0.0008930227796,1.5,473.0,550.0,1010.10376,0.15979946,53.723114,1152.3413,142.23755,-0.57248586,-0.7322853,-11.829619,-65.552734
1.5-473-550,0.3012048193,0.6024096386,0.9726063657286781,-0.0008745576659,1.5,473.0,550.0,1046.9993,0.86285585,51.16864,1266.5583,219.55908,-0.28183442,-1.1446903,75.26491,24.096268
1.5-473-550,0.4346938775,0.869387755,0.9965972946963587,-0.0008961300631,1.5,473.0,550.0,675.7944,0.21891451,205.56976,683.67303,7.878662,-0.63331515,-0.85222965,310.07632,104.50656
1.5-473-550,0.0979591837,0.1959183674,0.8206166048374914,0.0007378900322,1.5,473.0,550.0,473.00006,0.87526685,649.85333,460.2846,-12.715454,0.9097556,0.034488738,640.71594,-9.13739
1.5-473-550,0.1144578313,0.2289156626,0.9993254186825348,-0.0008985831642,1.5,473.0,550.0,690.22894,0.039915856,142.01741,665.89655,-24.332397,-0.51347405,-0.5533899,130.83482,-11.182587
1.5-473-550,0.4387755102,0.8775510204,0.9980223152919674,-0.000897411427,1.5,473.0,550.0,670.8667,0.12248235,248.97523,671.6808,0.8140869,-0.616355,-0.73883736,322.5989,73.62367
1.5-473-550,0.4714285714,0.9428571428,0.9531521908128958,-0.0008570646714,1.5,473.0,550.0,658.79535,1.1761906,356.4332,585.0782,-73.71716,0.5638548,-0.6123358,450.48102,94.04782
1.5-473-550,0.1084337349,0.2168674698,0.9993254186825348,-0.0008985831642,1.5,473.0,550.0,669.3623,0.03243893,263.12027,630.68945,-38.67285,-0.47620517,-0.5086441,210.86488,-52.255386
1.5-473-550,0.05918367348,0.11836734696,0.9915009044774012,-0.0008915474413,1.5,473.0,550.0,473.00003,0.087474875,649.85333,477.5724,4.572357,-0.09757728,-0.18505216,620.88684,-28.966492
1.5-473-550,0.09183673473,0.18367346946,0.9996041060258503,0.000898833757,1.5,473.0,550.0,473.00003,0.003255362,649.85333,557.6436,84.643585,-0.36993128,-0.37318665,412.575,-237.27832
1.5-473-550,0.2542168675,0.508433735,0.9973789934503665,-0.0008968329586,1.5,473.0,550.0,1214.3629,0.072125725,42.458588,1331.6467,117.28381,-0.6035264,-0.67565215,46.44992,3.991333
1.5-473-550,0.0102040816,0.0204081632,0.9965972946963587,-0.0008961300631,1.5,473.0,550.0,473.00003,0.030667001,649.85333,458.13895,-14.861084,-0.061985377,-0.09265238,650.2099,0.35656738
1.5-473-550,0.03673469387,0.07346938774,0.9895407848051817,0.0008897849218,1.5,473.0,550.0,473.00003,0.10230648,649.85333,462.58344,-10.416595,-0.029582446,-0.13188893,645.56824,-4.285095
1.5-473-550,0.2361445783,0.4722891566,0.22784103821928303,0.0002048723241,1.5,473.0,550.0,517.89136,1.3596932,604.11487,513.94867,-3.942688,1.2242249,-0.13546824,633.3953,29.280457
1.5-473-550,0.1710843373,0.3421686746,0.03282169734692774,-2.951293353e-05,1.5,473.0,550.0,495.57034,1.1442196,627.4928,492.0404,-3.5299377,1.1229554,-0.021264195,646.8189,19.32611
1.5-473-550,0.1807228915,0.361445783,0.6021818746711394,0.0005414757638,1.5,473.0,550.0,513.34436,1.1354984,609.1711,492.5364,-20.807953,1.0782108,-0.057287574,640.81,31.638916
1.5-473-550,0.2301204819,0.4602409638,0.6600967573005477,0.0005935522321,1.5,473.0,550.0,546.06274,1.3610334,572.11896,526.30646,-19.756287,1.1869053,-0.17412817,626.32117,54.20221
1.5-473-550,0.006122448946,0.012244897892,0.7525573838264147,-0.0006766918789,1.5,473.0,550.0,473.00003,1.0192251,649.85333,451.74152,-21.258514,0.9072906,-0.11193454,640.0089,-9.844421
1.5-473-550,0.1036144578,0.2072289156,0.4163512326852384,0.000374378757,1.5,473.0,550.0,473.0108,1.1147189,649.8432,474.93436,1.9235535,1.0804687,-0.03425026,632.167,-17.676208
1.5-473-550,0.1506024096,0.3012048192,0.7892004020960466,0.000709640905,1.5,473.0,550.0,511.21863,0.9959264,611.4823,481.2131,-30.005524,0.9888033,-0.007123053,641.83014,30.34784
1.5-473-550,0.1180722891,0.2361445782,0.4163512323516047,-0.0003743787567,1.5,473.0,550.0,476.1138,1.0794457,646.916,477.35483,1.2410278,1.077991,-0.001454711,633.4865,-13.429504
1.5-473-550,0.1819277108,0.3638554216,0.03282169734692774,-2.951293353e-05,1.5,473.0,550.0,499.75137,1.1738822,623.26166,494.91736,-4.834015,1.1336082,-0.040274024,645.821,22.559326
1.5-473-550,0.1373493975,0.274698795,0.9985491866279087,-0.0008978851843,1.5,473.0,550.0,775.0154,0.056694563,86.042145,837.2716,62.256226,-0.6032013,-0.6598959,-40.61432,-126.65646
1.5-473-550,0.1518072289,0.3036144578,0.9531521909241071,0.0008570646715,1.5,473.0,550.0,588.7529,0.809496,509.59933,588.66595,-0.0869751,0.3711866,-0.43830937,425.50287,-84.096466
1.5-473-550,0.09387755105,0.1877551021,0.9442484491033019,-0.0008490585182,1.5,473.0,550.0,473.00003,0.5224957,649.85333,461.32672,-11.673309,0.42293933,-0.09955636,666.7104,16.857056
1.5-473-550,0.3493975904,0.6987951808,0.9337895728803226,-0.000839654004,1.5,473.0,550.0,884.89154,1.6707045,65.75635,882.9955,-1.8960571,1.5051963,-0.16550815,93.523575,27.767227
1.5-473-550,0.4918367347,0.9836734694,0.9726063657286781,-0.0008745576659,1.5,473.0,550.0,657.5296,0.98394346,361.54297,565.4794,-92.05023,0.26121724,-0.7227262,463.12122,101.57825
1.5-473-550,0.1867469879,0.3734939758,0.4163512323516047,-0.0003743787567,1.5,473.0,550.0,507.266,1.1789857,615.6568,494.70615,-12.559845,1.0987192,-0.080266476,641.7128,26.05603
1.5-473-550,0.3686746989,0.7373493978,0.8705746216627653,0.0007828117684,1.5,473.0,550.0,775.1302,2.080232,86.41116,730.6165,-44.51367,2.113888,0.03365612,208.67876,122.26759
1.5-473-550,0.2614457831,0.5228915662,0.8206166047262803,-0.0007378900321,1.5,473.0,550.0,650.67645,1.5885061,384.70413,623.0352,-27.641235,1.4078743,-0.18063176,469.6647,84.96057
1.5-473-550,0.03673469387,0.07346938774,0.9915009044774012,-0.0008915474413,1.5,473.0,550.0,473.00003,0.08294665,649.85333,463.85385,-9.146179,-0.050980154,-0.13392681,643.07574,-6.777588
1.5-473-550,0.2120481927,0.4240963854,0.8902853188558087,0.0008005354251,1.5,473.0,550.0,710.93274,1.3832651,175.12102,624.62585,-86.306885,1.064086,-0.31917918,491.88287,316.76184
1.5-473-550,0.1385542168,0.2771084336,0.9215172744995802,-0.0008286188792,1.5,473.0,550.0,531.81006,0.84047747,588.6372,480.66776,-51.142303,0.67093617,-0.1695413,661.6737,73.0365
1.5-473-550,0.1277108433,0.2554216866,0.22784103833049427,-0.0002048723242,1.5,473.0,550.0,478.31326,1.0968342,644.8412,481.1706,2.8573303,1.0899459,-0.0068882704,640.46027,-4.3809204
1.5-473-550,0.1397590361,0.2795180722,0.9956514833048237,-0.0008952795992,1.5,473.0,550.0,762.6918,0.16839749,89.78677,835.3587,72.66693,-0.56674725,-0.73514473,-35.707367,-125.49414
1.5-473-550,0.1024096385,0.204819277,0.8475322498919685,-0.0007620923041,1.5,473.0,550.0,474.0102,0.82768875,648.9004,459.6324,-14.377808,0.86852914,0.040840387,645.3387,-3.5617065
1.5-473-550,0.4326530612,0.8653061224,0.993141646395439,0.0008930227796,1.5,473.0,550.0,679.1846,0.44360343,179.0575,679.74097,0.5563965,-0.56824404,-1.0118475,314.46304,135.40555
1.5-473-550,0.243373494,0.486746988,0.9726063657286781,0.0008745576659,1.5,473.0,550.0,1120.3721,0.7073675,46.86081,1272.7023,152.3302,-0.27515334,-0.9825208,66.9863,20.125488
1.5-473-550,0.3710843374,0.7421686748,0.998978267368595,0.0008982710093,1.5,473.0,550.0,1120.8092,0.042210873,46.83609,1111.2612,-9.547974,-0.95482296,-0.99703383,56.02069,9.184601
1.5-473-550,0.4591836735,0.918367347,0.993141646395439,-0.0008930227796,1.5,473.0,550.0,660.98627,0.37430298,342.19977,605.70483,-55.281433,-0.27125126,-0.64555424,401.9562,59.75644
1.5-473-550,0.2987951807,0.5975903614,0.9872047710533666,0.0008876844022,1.5,473.0,550.0,1123.9467,0.41385007,46.668457,1298.45,174.5033,-0.52717644,-0.9410265,61.078888,14.410431
1.5-473-550,0.3626506025,0.725301205,0.9973789933391554,0.0008968329585,1.5,473.0,550.0,1120.2574,0.10882931,46.86557,1147.8304,27.572998,-0.89609975,-1.0049291,51.367004,4.5014343
1.5-473-550,0.178313253,0.356626506,0.9671530515086588,0.0008696541017,1.5,473.0,550.0,789.78937,0.7116774,82.60918,939.53784,149.74847,-0.12168772,-0.8333651,19.665283,-62.943893
1.5-473-550,0.3072289157,0.6144578314,0.9945113832197316,0.0008942544329,1.5,473.0,550.0,1153.372,0.18187207,45.19278,1297.5872,144.21521,-0.6448758,-0.8267479,54.358215,9.165436
1.5-473-550,0.2987951807,0.5975903614,0.9996041060258503,-0.000898833757,1.5,473.0,550.0,1181.9932,0.010420734,43.86017,1315.0104,133.01721,-0.68514436,-0.6955651,51.134064,7.2738953
1.5-473-550,0.3506024097,0.7012048194,0.9531521908128958,-0.0008570646714,1.5,473.0,550.0,934.3525,1.4468169,60.220795,1037.5063,103.15387,0.44317448,-1.0036424,83.999405,23.77861
1.5-473-550,0.3903614458,0.7807228916,0.03282169735804886,2.951293354e-05,1.5,473.0,550.0,614.2716,2.058153,470.39667,590.15094,-24.120667,1.9994164,-0.058736563,487.02872,16.63205
1.5-473-550,0.2831325301,0.5662650602,0.9985491866279087,-0.0008978851843,1.5,473.0,550.0,1190.616,0.042614337,43.467834,1328.1888,137.57288,-0.6431481,-0.68576247,51.44879,7.980957
1.5-473-550,0.07346938777,0.14693877554,0.9945113832197316,-0.0008942544329,1.5,473.0,550.0,473.00003,0.056189295,649.85333,498.70132,25.701294,-0.18516892,-0.24135822,574.8505,-75.00281
1.5-473-550,0.2602409639,0.5204819278,0.09831793590232207,-8.84064793e-05,1.5,473.0,550.0,521.62714,1.4196243,599.96063,523.52484,1.8977051,1.3298916,-0.089732766,620.7279,20.767273
1.5-473-550,0.02857142855,0.0571428571,0.8902853188558087,-0.0008005354251,1.5,473.0,550.0,473.00003,0.7068561,649.85333,445.43146,-27.568573,0.6373655,-0.06949055,655.8495,5.996155
1.5-473-550,0.4653061225,0.930612245,0.9996041061370615,-0.0008988337571,1.5,473.0,550.0,659.80566,0.017327363,352.3546,604.7689,-55.036743,-0.35795873,-0.3752861,401.2804,48.92578
1.5-473-550,0.3048192771,0.6096385542,0.7525573838264147,0.0006766918789,1.5,473.0,550.0,641.79877,1.743679,413.4994,619.69806,-22.100708,1.7643607,0.02068162,454.13168,40.632294
1.5-473-550,0.148192771,0.296385542,0.4163512326852384,0.000374378757,1.5,473.0,550.0,489.92697,1.0844569,633.2039,483.48718,-6.439789,1.077519,-0.0069378614,637.4251,4.2211914
1.5-473-550,0.4040816326,0.8081632652,0.9671530515086588,-0.0008696541017,1.5,473.0,550.0,834.38544,1.5073197,73.329895,720.4426,-113.94281,0.008941108,-1.4983786,277.3399,204.01001
1.5-473-550,0.1180722891,0.2361445782,0.9996041061370615,-0.0008988337571,1.5,473.0,550.0,706.34973,0.019952888,120.136444,691.2638,-15.0859375,-0.5389754,-0.5589283,83.91318,-36.223267
1.5-473-550,0.1710843373,0.3421686746,0.22784103821928303,0.0002048723241,1.5,473.0,550.0,496.87717,1.1395174,626.17035,490.75858,-6.1185913,1.0998685,-0.03964889,643.01794,16.847595
1.5-473-550,0.1120481927,0.2240963854,0.7098470004029654,0.0006382871403,1.5,473.0,550.0,478.2151,0.9730531,644.9338,469.20712,-9.007965,1.0185424,0.04548931,632.83716,-12.096619
1.5-473-550,0.4816326531,0.9632653062,0.8902853188558087,-0.0008005354251,1.5,473.0,550.0,657.813,1.4430709,360.39902,616.1753,-41.637695,1.2100532,-0.23301768,415.73953,55.340515
1.5-473-550,0.1807228915,0.361445783,0.4163512326852384,0.000374378757,1.5,473.0,550.0,504.71628,1.1553594,618.2372,492.64203,-12.074249,1.0927557,-0.06260371,641.36206,23.124878
1.5-473-550,0.1060240963,0.2120481926,0.8902853187445975,0.000800535425,1.5,473.0,550.0,481.9226,0.77312034,641.2996,458.20963,-23.712982,0.759232,-0.013888359,656.5168,15.217163
1.5-473-550,0.2843373494,0.5686746988,0.9945113832197316,0.0008942544329,1.5,473.0,550.0,1171.402,0.16880774,44.344543,1322.3546,150.95264,-0.5987571,-0.76756483,54.810333,10.46579
1.5-473-550,0.1289156626,0.2578313252,0.9965972946963587,0.0008961300631,1.5,473.0,550.0,723.89703,0.1625033,106.84465,750.1893,26.292236,-0.5401992,-0.7027025,12.8542795,-93.99037
1.5-473-550,0.4673469388,0.9346938776,0.9956514833048237,0.0008952795992,1.5,473.0,550.0,659.48315,0.23474526,353.65643,596.26154,-63.22162,-0.25748283,-0.4922281,413.58716,59.930725
1.5-473-550,0.3192771085,0.638554217,0.9872047710533666,0.0008876844022,1.5,473.0,550.0,1109.2653,0.44311318,47.45294,1265.9487,156.68347,-0.57507974,-1.0181929,58.163208,10.710266
1.5-473-550,0.3843373495,0.768674699,0.9772248215579286,0.000878710534,1.5,473.0,550.0,996.72705,1.0508233,54.740417,940.9659,-55.76117,-0.57606834,-1.6268916,114.32854,59.58812
1.5-473-550,0.3795180723,0.7590361446,0.9071317792997667,0.0008156835895,1.5,473.0,550.0,829.1601,2.023601,74.156784,745.26385,-83.89624,1.9189359,-0.10466516,192.2611,118.10431
1.5-473-550,0.006122448946,0.012244897892,0.9956514833048237,-0.0008952795992,1.5,473.0,550.0,473.00003,0.04086828,649.85333,456.81592,-16.184113,-0.04767138,-0.08853966,652.3114,2.4580688
1.5-473-550,0.2698795181,0.5397590362,0.9980223152919674,-0.000897411427,1.5,473.0,550.0,1201.9822,0.056203302,42.98474,1333.3828,131.40063,-0.62084574,-0.67704904,50.06186,7.077118
1.5-473-550,0.2927710844,0.5855421688,0.4163512323516047,-0.0003743787567,1.5,473.0,550.0,554.0081,1.547881,562.09155,550.2673,-3.7408447,1.527257,-0.020624042,585.2402,23.14862
1.5-473-550,0.3228915663,0.6457831326,0.9965972946963587,0.0008961300631,1.5,473.0,550.0,1151.8682,0.1184768,45.266907,1272.2549,120.38672,-0.71832436,-0.8368012,51.075867,5.80896
1.5-473-550,0.2168674698,0.4337349396,0.9337895728803226,-0.000839654004,1.5,473.0,550.0,965.77527,1.2687559,57.431946,904.4682,-61.307068,0.7706285,-0.4981274,143.46344,86.031494
1.5-473-550,0.3939759037,0.7879518074,0.8705746216627653,-0.0007828117684,1.5,473.0,550.0,779.0426,2.3013244,85.1597,715.0462,-63.9964,1.9838663,-0.31745803,248.77423,163.61453
1.5-473-550,0.4346938775,0.869387755,0.9998257452316341,-0.0008990330527,1.5,473.0,550.0,675.8008,0.0062886425,205.51329,696.14465,20.343872,-0.7146227,-0.7209113,297.21637,91.70308
1.5-473-550,0.2987951807,0.5975903614,0.9993254186825348,0.0008985831642,1.5,473.0,550.0,1180.7651,0.019553537,43.91632,1314.6929,133.92773,-0.6820014,-0.70155495,51.33246,7.4161377
1.5-473-550,0.4387755102,0.8775510204,0.7098470004029654,0.0006382871403,1.5,473.0,550.0,662.4831,1.8401906,327.97833,669.6974,7.2142944,2.0491698,0.20897913,337.63132,9.652985
1.5-473-550,0.3228915663,0.6457831326,0.5396442233296441,0.0004852425493,1.5,473.0,550.0,601.48816,1.7293179,490.70947,584.1414,-17.34674,1.7724936,0.043175697,520.06433,29.354858
1.5-473-550,0.4530612245,0.906122449,0.9071317792997667,0.0008156835895,1.5,473.0,550.0,661.9152,1.3904533,333.3736,636.9136,-25.001648,1.2473987,-0.1430546,394.92526,61.551666
1.5-473-550,0.2253012048,0.4506024096,0.998978267368595,-0.0008982710093,1.5,473.0,550.0,1290.0941,0.02359503,39.923004,1306.8254,16.731323,-0.6181331,-0.64172816,30.425232,-9.497772
1.5-473-550,0.1253012048,0.2506024096,0.9996041060258503,0.000898833757,1.5,473.0,550.0,734.6217,0.016891116,100.99831,744.1949,9.573181,-0.57482153,-0.59171265,14.88263,-86.11568
1.5-473-550,0.1819277108,0.3638554216,0.8206166047262803,0.0007378900321,1.5,473.0,550.0,545.87036,1.0900446,572.4501,509.40778,-36.462585,0.98740107,-0.10264355,636.84344,64.39337
1.5-473-550,0.3590361446,0.7180722892,0.8475322498919685,0.0007620923041,1.5,473.0,550.0,734.1372,2.060377,103.02681,714.4099,-19.727295,2.1322412,0.07186437,240.05432,137.02751
1.5-473-550,0.3,0.6,0.993141646395439,-0.0008930227796,1.5,473.0,550.0,1151.4105,0.22355205,45.28946,1305.5955,154.18494,-0.61026543,-0.8338175,55.96219,10.6727295
1.5-473-550,0.2445783133,0.4891566266,0.9726063657286781,0.0008745576659,1.5,473.0,550.0,1117.1836,0.71226645,47.033173,1274.1565,156.9729,-0.27486235,-0.9871288,67.59555,20.562378
1.5-473-550,0.3240963856,0.6481927712,0.9965972946963587,0.0008961300631,1.5,473.0,550.0,1150.9651,0.119035,45.31143,1269.6865,118.721436,-0.7224695,-0.8415045,50.9133,5.6018677
1.5-473-550,0.3265060241,0.6530120482,0.16340484119544796,0.0001469319568,1.5,473.0,550.0,556.591,1.6435721,558.68445,559.24603,2.6550293,1.6823534,0.038781285,558.42255,-0.26190186
1.5-473-550,0.0897959184,0.1795918368,0.9726063657286781,-0.0008745576659,1.5,473.0,550.0,473.00003,0.28729498,649.85333,484.15512,11.15509,0.10014605,-0.18714893,627.3438,-22.509521
1.5-473-550,0.148192771,0.296385542,0.9985491866279087,0.0008978851843,1.5,473.0,550.0,822.47125,0.0468325,75.300934,932.71216,110.240906,-0.6263595,-0.673192,-54.295868,-129.5968
1.5-473-550,0.1903614458,0.3807228916,0.22784103821928303,0.0002048723241,1.5,473.0,550.0,504.38113,1.2041525,618.5763,496.45572,-7.925415,1.1186699,-0.0854826,642.7954,24.219116
1.5-473-550,0.0244897959,0.0489795918,0.3542741439827602,-0.0003185596757,1.5,473.0,550.0,473.00003,1.1860523,649.85333,465.39124,-7.608795,1.1090099,-0.07704246,635.9478,-13.905518
1.5-473-550,0.1216867469,0.2433734938,0.7525573838264147,0.0006766918789,1.5,473.0,550.0,486.82483,0.95861876,636.3433,470.12387,-16.700958,0.9987559,0.040137112,636.0661,-0.27722168
1.5-473-550,0.3566265061,0.7132530122,0.03282169735804886,2.951293354e-05,1.5,473.0,550.0,583.2313,1.8059342,516.7785,571.09393,-12.13739,1.8364345,0.030500293,527.6095,10.830994
1.5-473-550,0.06734693879,0.13469387758,0.9965972946963587,0.0008961300631,1.5,473.0,550.0,473.00003,0.034470197,649.85333,493.4864,20.486359,-0.19391435,-0.22838455,584.49817,-65.35516
1.5-473-550,0.2710843374,0.5421686748,0.9956514833048237,0.0008952795992,1.5,473.0,550.0,1190.0907,0.12688172,43.49115,1330.0529,139.96216,-0.59595007,-0.7228318,52.25421,8.763062
1.5-473-550,0.3602409639,0.7204819278,0.9956514833048237,-0.0008952795992,1.5,473.0,550.0,1113.8898,0.18088919,47.20581,1154.7563,40.866577,-0.8621865,-1.0430757,51.182922,3.9771118
1.5-473-550,0.3240963856,0.6481927712,0.16340484119544796,0.0001469319568,1.5,473.0,550.0,554.3646,1.6321228,561.6589,557.8291,3.4644775,1.6684365,0.036313772,561.3225,-0.33636475
1.5-473-550,0.1518072289,0.3036144578,0.9442484491033019,-0.0008490585182,1.5,473.0,550.0,574.2189,0.83605194,531.7436,544.9696,-29.249268,0.5204925,-0.31555945,549.808,18.064392
1.5-473-550,0.0244897959,0.0489795918,0.5396442233296441,-0.0004852425493,1.5,473.0,550.0,473.00003,1.118254,649.85333,461.70364,-11.296387,1.0631157,-0.05513823,631.7281,-18.125244
1.5-473-550,0.4959183674,0.9918367348,0.8705746216627653,0.0007828117684,1.5,473.0,550.0,657.3776,1.4939793,362.15646,611.8061,-45.571533,1.2618457,-0.23213363,414.85306,52.696594
1.5-473-550,0.2108433734,0.4216867468,0.9965972946963587,0.0008961300631,1.5,473.0,550.0,1281.374,0.08328246,39.924927,1271.7316,-9.642456,-0.598751,-0.6820335,20.070892,-19.854034
1.5-473-550,0.3674698796,0.7349397592,0.9973789934503665,-0.0008968329586,1.5,473.0,550.0,1116.2433,0.111675076,47.080048,1125.3885,9.145264,-0.9185154,-1.0301905,54.058716,6.978668
1.5-473-550,0.5,1.0,0.996599272588142,0.0008961318416,1.5,473.0,550.0,657.3787,0.20855528,362.1521,563.9438,-93.43494,-0.08152736,-0.29008263,454.48938,92.33728
1.5-473-550,0.1843373494,0.3686746988,0.7525573838264147,-0.0006766918789,1.5,473.0,550.0,532.11395,1.1229721,588.2993,500.61996,-31.493988,1.0424047,-0.08056748,639.9105,51.611206
1.5-473-550,0.09183673473,0.18367346946,0.9531521908128958,-0.0008570646714,1.5,473.0,550.0,473.00003,0.4625442,649.85333,465.44244,-7.5575867,0.3354091,-0.1271351,662.1576,12.30426
1.5-473-550,0.1325301204,0.2650602408,0.5396442233296441,0.0004852425493,1.5,473.0,550.0,485.08923,1.0484359,638.09973,478.1821,-6.907135,1.0660877,0.017651796,633.24664,-4.8530884
1.5-473-550,0.2951807229,0.5903614458,0.9895407848051817,0.0008897849218,1.5,473.0,550.0,1138.5873,0.33487898,45.92163,1306.0468,167.45947,-0.55329925,-0.8881782,59.215942,13.294312
1.5-473-550,0.4755102041,0.9510204082,0.7892004020960466,0.000709640905,1.5,473.0,550.0,657.8752,1.6222585,360.148,647.5247,-10.350464,1.7249506,0.10269201,355.4697,-4.678314
1.5-473-550,0.4530612245,0.906122449,0.9337895728803226,0.000839654004,1.5,473.0,550.0,662.164,1.2906023,331.00977,616.1696,-45.994385,0.9260155,-0.36458683,422.10608,91.09631
1.5-473-550,0.4408163265,0.881632653,0.3542741439827602,-0.0003185596757,1.5,473.0,550.0,647.1978,2.041796,399.67953,639.8849,-7.3129272,2.1686084,0.12681246,403.38333,3.7037964
1.5-473-550,0.1385542168,0.2771084336,0.6600967573005477,0.0005935522321,1.5,473.0,550.0,492.80017,1.022327,630.29626,477.2469,-15.553284,1.0464339,0.02410698,635.05695,4.760681
1.5-473-550,0.09795918371,0.19591836742,0.16340484119544796,0.0001469319568,1.5,473.0,550.0,473.00003,1.1810174,649.85333,477.13992,4.1398926,1.1024194,-0.07859802,641.89557,-7.9577637
1.5-473-550,0.4489795918,0.8979591836,0.22784103821928303,0.0002048723241,1.5,473.0,550.0,647.0327,2.030194,400.13553,633.1623,-13.870422,2.188785,0.15859103,411.13272,10.997192
1.5-473-550,0.1674698795,0.334939759,0.6021818746711394,0.0005414757638,1.5,473.0,550.0,506.24283,1.094035,616.69226,487.21814,-19.024689,1.0686843,-0.02535069,639.1861,22.493835
1.5-473-550,0.4959183674,0.9918367348,0.8902853188558087,-0.0008005354251,1.5,473.0,550.0,657.3899,1.4466499,362.10706,603.2666,-54.12329,1.1343625,-0.31228745,429.53088,67.42383
1.5-473-550,0.3493975904,0.6987951808,0.6600967573005477,-0.0005935522321,1.5,473.0,550.0,637.8024,1.9165825,423.83182,627.83966,-9.962769,1.9830824,0.06649995,430.36783,6.5360107
1.5-473-550,0.1216867469,0.2433734938,0.960723235489121,-0.0008638724771,1.5,473.0,550.0,537.3101,0.65355766,582.5062,514.093,-23.217102,0.24879062,-0.40476704,590.91406,8.407837
1.5-473-550,0.07142857145,0.1428571429,0.4163512326852384,0.000374378757,1.5,473.0,550.0,473.00003,1.1333983,649.85333,470.26147,-2.738556,1.0877005,-0.04569781,631.0942,-18.759155
1.5-473-550,0.3566265061,0.7132530122,0.9956514833048237,0.0008952795992,1.5,473.0,550.0,1117.613,0.17748904,47.006866,1169.9235,52.310425,-0.8452173,-1.0227063,50.131775,3.1249084
1.5-473-550,0.1759036144,0.3518072288,0.9844268823757469,0.0008851865532,1.5,473.0,550.0,898.8042,0.36417454,64.03699,1059.7292,160.92505,-0.45885855,-0.8230331,-15.607665,-79.64465
1.5-473-550,0.1445783132,0.2891566264,0.9872047710533666,0.0008876844022,1.5,473.0,550.0,713.9532,0.45034835,113.60857,807.2992,93.34601,-0.43809658,-0.8884449,-9.978637,-123.587204
1.5-473-550,0.256626506,0.513253012,0.9895407848051817,-0.0008897849218,1.5,473.0,550.0,1177.2333,0.2927888,44.07785,1320.5316,143.29834,-0.51582676,-0.80861557,54.169952,10.092102
1.5-473-550,0.1759036144,0.3518072288,0.6021818746711394,-0.0005414757638,1.5,473.0,550.0,510.78516,1.1189253,611.9584,490.49536,-20.289795,1.0742186,-0.044706702,640.32306,28.364685
1.5-473-550,0.1746987951,0.3493975902,0.9442484491033019,0.0008490585182,1.5,473.0,550.0,638.4672,0.93349373,420.5803,663.8982,25.43097,0.5536987,-0.379795,287.36505,-133.21524
1.5-473-550,0.2421686747,0.4843373494,0.9844268823757469,-0.0008851865532,1.5,473.0,550.0,1182.6925,0.40674222,43.828186,1301.1975,118.505005,-0.45041615,-0.85715836,53.187775,9.359589
1.5-473-550,0.221686747,0.443373494,0.9772248215579286,-0.000878710534,1.5,473.0,550.0,1203.3848,0.5370281,42.926483,1246.148,42.763184,-0.35346502,-0.8904931,46.777588,3.8511047
1.5-473-550,0.3253012049,0.6506024098,0.9726063657286781,0.0008745576659,1.5,473.0,550.0,1029.8802,0.9289792,52.312347,1222.0712,192.19092,-0.31214017,-1.2411194,69.17178,16.859436
1.5-473-550,0.169879518,0.339759036,0.9844268823757469,0.0008851865532,1.5,473.0,550.0,853.89465,0.38061017,70.007385,1012.92834,159.03369,-0.4540407,-0.8346509,-22.6521,-92.659485
1.5-473-550,0.2891566265,0.578313253,0.9442484491033019,-0.0008490585182,1.5,473.0,550.0,938.381,1.3515059,59.828217,1152.1422,213.76123,0.46660596,-0.8848999,103.976746,44.14853
1.5-473-550,0.330120482,0.660240964,0.8705746216627653,0.0007828117684,1.5,473.0,550.0,764.407,1.882633,90.11429,723.45496,-40.952026,2.003049,0.120415926,209.69751,119.58322
1.5-473-550,0.3048192771,0.6096385542,0.7892004020960466,-0.000709640905,1.5,473.0,550.0,653.156,1.7635036,377.41425,639.1203,-14.035706,1.7877395,0.024235964,411.8939,34.479645
1.5-473-550,0.3903614458,0.7807228916,0.9965972946963587,0.0008961300631,1.5,473.0,550.0,1088.7378,0.17332733,48.60269,987.3183,-101.419495,-0.98535794,-1.1586852,92.404175,43.801483
1.5-473-550,0.3180722892,0.6361445784,0.9965972946963587,0.0008961300631,1.5,473.0,550.0,1155.5361,0.1164624,45.08606,1281.9093,126.37317,-0.70244616,-0.8189086,51.703674,6.6176147
1.5-473-550,0.1036144578,0.2072289156,0.9985491866279087,0.0008978851843,1.5,473.0,550.0,639.9234,0.039949413,418.38516,602.0023,-37.92108,-0.4287923,-0.46874171,288.02774,-130.35742
1.5-473-550,0.3783132531,0.7566265062,0.6600967573005477,-0.0005935522321,1.5,473.0,550.0,648.8865,2.1009521,393.52997,648.8734,-0.013061523,2.0864773,-0.014474869,388.48224,-5.0477295
1.5-473-550,0.2204819277,0.4409638554,0.03282169734692774,-2.951293353e-05,1.5,473.0,550.0,512.17413,1.3238612,610.4724,507.2576,-4.9165344,1.2033911,-0.120470166,638.1569,27.68451
1.5-473-550,0.2481927711,0.4963855422,0.09831793590232207,-8.84064793e-05,1.5,473.0,550.0,518.971,1.3902199,602.9143,518.28094,-0.6900635,1.2809976,-0.10922229,627.39325,24.478943
1.5-473-550,0.1493975903,0.2987951806,0.9671530515086588,0.0008696541017,1.5,473.0,550.0,616.6516,0.7416911,466.02573,672.5021,55.850464,0.021455878,-0.7202352,185.88486,-280.14087
1.5-473-550,0.3927710844,0.7855421688,0.7892004020960466,-0.000709640905,1.5,473.0,550.0,690.5159,2.3247223,153.60635,692.0651,1.5491943,2.1147425,-0.20997977,301.08325,147.4769
1.5-473-550,0.1204819277,0.2409638554,0.9998257452316341,-0.0008990330527,1.5,473.0,550.0,717.518,0.00578397,110.97418,709.61005,-7.907959,-0.55552644,-0.5613104,55.70929,-55.264893
1.5-473-550,0.04693877551,0.09387755102,0.6600967573005477,-0.0005935522321,1.5,473.0,550.0,473.00003,1.0186638,649.85333,460.73486,-12.265167,1.0159552,-0.0027085543,630.5822,-19.271118
1.5-473-550,0.3277108434,0.6554216868,0.9811301446957078,-0.0008822221605,1.5,473.0,550.0,1071.816,0.66443187,49.586426,1235.9226,164.10657,-0.49622852,-1.1606604,61.097626,11.5112
1.5-473-550,0.04897959184,0.09795918368,0.9915009044774012,0.0008915474413,1.5,473.0,550.0,473.00003,0.08586978,649.85333,470.14587,-2.8541565,-0.0741278,-0.15999758,633.5009,-16.352417
1.5-473-550,0.3746987952,0.7493975904,0.9996041061370615,-0.0008988337571,1.5,473.0,550.0,1120.491,0.014526362,46.85309,1093.9631,-26.527832,-0.97803944,-0.9925658,59.205048,12.351959
1.5-473-550,0.1819277108,0.3638554216,0.9956514833048237,-0.0008952795992,1.5,473.0,550.0,1009.04425,0.1031621,53.81024,1156.6019,147.55768,-0.6007257,-0.7038878,-14.88977,-68.70001
1.5-473-550,0.07755102043,0.15510204086,0.9965972946963587,0.0008961300631,1.5,473.0,550.0,473.00003,0.034410294,649.85333,510.18488,37.184845,-0.23576158,-0.27017188,545.1396,-104.713745
1.5-473-550,0.2240963855,0.448192771,0.9844268823757469,0.0008851865532,1.5,473.0,550.0,1233.3125,0.3732459,41.691376,1273.0706,39.758057,-0.45420903,-0.8274549,41.47403,-0.21734619
1.5-473-550,0.4530612245,0.906122449,0.9993254186825348,-0.0008985831642,1.5,473.0,550.0,662.6958,0.033430334,325.9572,629.72363,-32.972168,-0.47519797,-0.5086283,370.14877,44.19156
1.5-473-550,0.1590361445,0.318072289,0.9915009044774012,-0.0008915474413,1.5,473.0,550.0,832.7505,0.23965687,73.37439,974.0589,141.30841,-0.5466979,-0.7863548,-40.84793,-114.22232
1.5-473-550,0.4755102041,0.9510204082,0.9671530515086588,-0.0008696541017,1.5,473.0,550.0,658.4152,1.0522327,357.96774,576.90497,-81.510254,0.33053726,-0.7216955,453.19717,95.22943
1.5-473-550,0.2939759036,0.5879518072,0.9531521908128958,-0.0008570646714,1.5,473.0,550.0,967.7121,1.2448225,57.12903,1202.8989,235.18683,0.19459915,-1.0502234,96.31094,39.181915
1.5-473-550,0.07346938777,0.14693877554,0.09831793589120096,8.840647929e-05,1.5,473.0,550.0,473.00003,1.1870077,649.85333,474.8503,1.8502808,1.1186258,-0.068381906,645.5129,-4.340454
1.5-473-550,0.2602409639,0.5204819278,0.6021818746711394,-0.0005414757638,1.5,473.0,550.0,560.76166,1.4697275,553.3425,542.58203,-18.179626,1.3590835,-0.11064398,606.3603,53.01776
1.5-473-550,0.2614457831,0.5228915662,0.9985491866279087,0.0008978851843,1.5,473.0,550.0,1213.0719,0.03949016,42.51346,1334.6892,121.61731,-0.619582,-0.65907216,47.696716,5.183258
1.5-473-550,0.3698795181,0.7397590362,0.7525573838264147,-0.0006766918789,1.5,473.0,550.0,661.94855,2.0882263,325.05435,671.69666,9.748108,2.1087236,0.020497322,341.35107,16.296722
1.5-473-550,0.1240963855,0.248192771,0.9993254186825348,0.0008985831642,1.5,473.0,550.0,727.44104,0.032590624,104.7572,732.83575,5.3947144,-0.56461054,-0.59720117,27.15512,-77.60208
1.5-473-550,0.1626506024,0.3253012048,0.9999999997775775,-0.0008991897406,1.5,473.0,550.0,912.02893,-5.322157e-09,62.60208,1057.0319,145.00293,-0.65153605,-0.65153605,-44.392853,-106.994934
1.5-473-550,0.4653061225,0.930612245,0.9531521909241071,0.0008570646715,1.5,473.0,550.0,659.6192,1.1737504,353.10718,589.8054,-69.81378,0.57349324,-0.60025716,445.35165,92.24448
1.5-473-550,0.4285714286,0.8571428572,0.9973789933391554,0.0008968329585,1.5,473.0,550.0,687.80444,0.16935104,147.21178,716.9661,29.161682,-0.73427457,-0.9036256,277.03467,129.82289
1.5-473-550,0.3469879518,0.6939759036,0.7525573838264147,0.0006766918789,1.5,473.0,550.0,655.0204,1.9460468,371.6016,655.76556,0.7451782,2.0337937,0.08774686,371.48608,-0.11550903
1.5-473-550,0.330120482,0.660240964,0.9671530515086588,-0.0008696541017,1.5,473.0,550.0,1000.9202,1.0873119,54.412994,1192.8611,191.94086,-0.17834431,-1.2656562,72.55563,18.14264
1.5-473-550,0.2168674699,0.4337349398,0.4163512326852384,0.000374378757,1.5,473.0,550.0,518.17474,1.3111689,603.79974,506.94138,-11.233368,1.1528326,-0.15833628,639.69415,35.89441
1.5-473-550,0.07142857145,0.1428571429,0.4163512323516047,-0.0003743787567,1.5,473.0,550.0,473.00003,1.1333983,649.85333,470.26147,-2.738556,1.0877005,-0.04569781,631.0942,-18.759155
1.5-473-550,0.3771084338,0.7542168676,0.9996041060258503,-0.000898833757,1.5,473.0,550.0,1118.2551,0.014747733,46.972565,1080.7798,-37.47534,-0.9878867,-1.0026344,62.075836,15.1032715
1.5-473-550,0.03469387754,0.06938775508,0.9726063657286781,-0.0008745576659,1.5,473.0,550.0,473.00003,0.2716779,649.85333,453.65857,-19.341461,0.14197809,-0.12969983,659.7474,9.894043
1.5-473-550,0.4204081632,0.8408163264,0.9980223152919674,0.000897411427,1.5,473.0,550.0,712.52234,0.13693386,114.85239,769.6972,57.174866,-0.85157424,-0.9885081,230.10092,115.248535
1.5-473-550,0.3265060241,0.6530120482,0.9999999997775775,-0.0008991897406,1.5,473.0,550.0,1164.3759,-5.322157e-09,44.685883,1268.7743,104.39844,-0.77278024,-0.77278024,48.676056,3.9901733
1.5-473-550,0.169879518,0.339759036,0.9895407848051817,0.0008897849218,1.5,473.0,550.0,888.6424,0.25992936,65.26343,1047.6824,159.03998,-0.52836376,-0.7882931,-28.06192,-93.32535
1.5-473-550,0.4632653061,0.9265306122,0.03282169734692774,-2.951293353e-05,1.5,473.0,550.0,651.0758,2.0410864,387.597,623.0747,-28.001099,2.226347,0.18526053,416.33417,28.737183
1.5-473-550,0.1674698795,0.334939759,0.9973789933391554,0.0008968329585,1.5,473.0,550.0,917.5199,0.067963414,61.912994,1076.3862,158.86633,-0.62310535,-0.69106877,-36.597992,-98.51099
1.5-473-550,0.3024096386,0.6048192772,0.9980223152919674,-0.000897411427,1.5,473.0,550.0,1171.9626,0.063187174,44.31891,1308.6787,136.71606,-0.67562264,-0.7388098,52.141632,7.8227234
1.5-473-550,0.3831325302,0.7662650604,0.8705746216627653,0.0007828117684,1.5,473.0,550.0,778.44714,2.1856318,85.36386,723.95306,-54.49408,2.0544462,-0.13118553,228.63443,143.27057
1.5-473-550,0.3108433735,0.621686747,0.4163512326852384,0.000374378757,1.5,473.0,550.0,569.4185,1.6257641,540.43884,562.7084,-6.710144,1.6446632,0.018899083,560.48035,20.041504
1.5-473-550,0.3024096386,0.6048192772,0.9993254186825348,0.0008985831642,1.5,473.0,550.0,1177.8042,0.019780213,44.051758,1310.1974,132.39319,-0.6906877,-0.71046793,51.221497,7.169739
1.5-473-550,0.3192771085,0.638554217,0.9442484491033019,-0.0008490585182,1.5,473.0,550.0,925.5795,1.4425871,61.13748,1094.3109,168.73138,0.6492724,-0.79331475,89.752686,28.615204
1.5-473-550,0.1963855422,0.3927710844,0.9872047710533666,-0.0008876844022,1.5,473.0,550.0,1114.6658,0.30926204,47.164368,1193.3474,78.68164,-0.49745935,-0.8067214,10.227876,-36.936493
1.5-473-550,0.3987951807,0.7975903614,0.9442484492145131,0.0008490585183,1.5,473.0,550.0,883.1711,1.9155768,65.94647,705.8373,-177.3338,1.0639094,-0.8516674,297.10385,231.15738
1.5-473-550,0.1530120482,0.3060240964,0.03282169734692774,-2.951293353e-05,1.5,473.0,550.0,488.17084,1.1132046,634.98114,487.8235,-0.34735107,1.1120281,-0.0011764765,647.7755,12.794373
1.5-473-550,0.1819277108,0.3638554216,0.5396442233296441,0.0004852425493,1.5,473.0,550.0,510.21945,1.1481845,612.57697,492.81494,-17.40451,1.0853148,-0.06286979,640.9172,28.34021
1.5-473-550,0.4653061225,0.930612245,0.47796385156444166,-0.0004297801918,1.5,473.0,550.0,656.1957,1.8722563,366.92807,654.0971,-2.0985718,2.1484804,0.27622414,372.93585,6.007782
1.5-473-550,0.4265306122,0.8530612244,0.9215172744995802,0.0008286188792,1.5,473.0,550.0,688.4681,1.5961864,145.78313,663.0285,-25.439575,1.2935547,-0.30263174,360.4411,214.65797
1.5-473-550,0.02653061223,0.05306122446,0.9915009044774012,0.0008915474413,1.5,473.0,550.0,473.00003,0.0805363,649.85333,460.102,-12.898041,-0.035010103,-0.115546405,648.33307,-1.5202637
1.5-473-550,0.2481927711,0.4963855422,0.5396442233296441,0.0004852425493,1.5,473.0,550.0,538.5146,1.4095627,581.0637,528.4311,-10.083496,1.2764994,-0.13306332,623.9262,42.862488
1.5-473-550,0.2915662651,0.5831325302,0.9915009044774012,0.0008915474413,1.5,473.0,550.0,1151.2122,0.26864654,45.299225,1312.4436,161.23145,-0.57293767,-0.8415842,57.58902,12.289795
1.5-473-550,0.1385542168,0.2771084336,0.998978267368595,0.0008982710093,1.5,473.0,550.0,783.3159,0.03809082,83.78079,851.2879,67.971985,-0.6127607,-0.65085155,-45.246674,-129.02747
1.5-473-550,0.4530612245,0.906122449,0.993141646395439,-0.0008930227796,1.5,473.0,550.0,662.6783,0.38172352,326.12347,617.19183,-45.48645,-0.32859713,-0.71032065,387.06308,60.939606
1.5-473-550,0.1590361445,0.318072289,0.9980223152919674,-0.000897411427,1.5,473.0,550.0,877.90424,0.054647263,66.647125,1018.35724,140.453,-0.62919897,-0.68384624,-47.43463,-114.08176
1.5-473-550,0.3168674699,0.6337349398,0.2914697156873968,0.0002620865781,1.5,473.0,550.0,558.31573,1.6203585,556.4193,559.1295,0.81378174,1.6474012,0.027042747,563.33435,6.915039
1.5-473-550,0.006122448946,0.012244897892,0.9811301446957078,0.0008822221605,1.5,473.0,550.0,473.00003,0.17982566,649.85333,451.71558,-21.284454,0.079768114,-0.10005755,659.9773,10.123962
1.5-473-550,0.1180722891,0.2361445782,0.2914697156873968,0.0002620865781,1.5,473.0,550.0,475.1384,1.1021699,647.8361,478.8655,3.7271118,1.0869888,-0.015181065,637.4393,-10.396851
1.5-473-550,0.2120481927,0.4240963854,0.7525573838264147,0.0006766918789,1.5,473.0,550.0,554.1302,1.293806,561.818,526.33356,-27.79663,1.0971501,-0.19665587,624.3604,62.54242
1.5-473-550,0.1168674698,0.2337349396,0.9215172744995802,-0.0008286188792,1.5,473.0,550.0,504.0016,0.759491,618.9604,464.73874,-39.262848,0.62949175,-0.12999928,666.7299,47.76953
1.5-473-550,0.2493975904,0.4987951808,0.9956514833048237,-0.0008952795992,1.5,473.0,550.0,1214.6003,0.11955463,42.448486,1327.006,112.40564,-0.5837036,-0.7032582,46.107727,3.6592407
1.5-473-550,0.1578313253,0.3156626506,0.7098470004029654,-0.0006382871403,1.5,473.0,550.0,508.08737,1.0446439,614.8192,483.36694,-24.720428,1.0393307,-0.005313158,639.5555,24.736267
1.5-473-550,0.2024096385,0.404819277,0.9945113832197316,-0.0008942544329,1.5,473.0,550.0,1212.1106,0.13620842,42.55429,1241.2039,29.093262,-0.58027035,-0.71647877,12.564668,-29.989624
1.5-473-550,0.2,0.4,0.8475322498919685,-0.0007620923041,1.5,473.0,550.0,585.9261,1.2148433,514.53174,546.19824,-39.727844,1.0002242,-0.21461904,607.46704,92.9353
1.5-473-550,0.1542168674,0.3084337348,0.7098470004029654,0.0006382871403,1.5,473.0,550.0,505.71173,1.0357921,617.2298,481.883,-23.828735,1.037364,0.0015718937,639.03766,21.807861
1.5-473-550,0.1337349397,0.2674698794,0.9956514833048237,-0.0008952795992,1.5,473.0,550.0,736.36536,0.1885587,100.14882,782.65173,46.286377,-0.5449179,-0.7334766,-11.015197,-111.16402
1.5-473-550,0.06938775512,0.13877551024,0.9999999997775775,-0.0008991897406,1.5,473.0,550.0,473.00003,-5.322157e-09,649.85333,502.72342,29.723389,-0.2539745,-0.2539745,559.6691,-90.184204
1.5-473-550,0.1228915662,0.2457831324,0.9973789933391554,0.0008968329585,1.5,473.0,550.0,705.9126,0.14167786,120.56836,709.90356,3.9909668,-0.5245202,-0.6661981,58.13098,-62.437378
1.5-473-550,0.1060240963,0.2120481926,0.16340484097302546,-0.0001469319566,1.5,473.0,550.0,473.01154,1.1533986,649.84247,478.28894,5.277405,1.0996884,-0.053710222,642.07574,-7.7667236
1.5-473-550,0.2554216867,0.5108433734,0.9215172744995802,-0.0008286188792,1.5,473.0,550.0,879.89575,1.4612975,66.52014,939.8734,59.97766,1.10166,-0.3596375,148.3883,81.868164
1.5-473-550,0.4489795918,0.8979591836,0.7525573838264147,0.0006766918789,1.5,473.0,550.0,661.0541,1.6793755,341.55545,666.92236,5.868286,1.948762,0.26938653,333.96317,-7.592285
1.5-473-550,0.4387755102,0.8775510204,0.9985491866279087,0.0008978851843,1.5,473.0,550.0,670.8673,0.08828478,248.9698,673.5009,2.633606,-0.6295815,-0.7178663,320.6158,71.64601
1.5-473-550,0.01836734691,0.03673469382,0.16340484119544796,0.0001469319568,1.5,473.0,550.0,473.00003,1.1697346,649.85333,467.97104,-5.0289917,1.1390929,-0.030641675,645.48914,-4.364197
1.5-473-550,0.09591836738,0.19183673476,0.7525573838264147,0.0006766918789,1.5,473.0,550.0,473.00003,0.95473295,649.85333,463.86633,-9.1336975,0.9825082,0.027775228,633.88336,-15.969971
1.5-473-550,0.3385542169,0.6771084338,0.4163512326852384,0.000374378757,1.5,473.0,550.0,592.5798,1.7635227,503.9615,582.8265,-9.753296,1.8147244,0.0512017,518.7433,14.781799
1.5-473-550,0.3361445784,0.6722891568,0.7098470004029654,-0.0006382871403,1.5,473.0,550.0,642.2685,1.8683567,412.5564,630.94855,-11.319946,1.9472772,0.07892048,424.44894,11.892548
1.5-473-550,0.08571428574,0.17142857148,0.9071317792997667,-0.0008156835895,1.5,473.0,550.0,473.00003,0.69050074,649.85333,452.11688,-20.883148,0.6555162,-0.03498453,660.8953,11.041992
1.5-473-550,0.191566265,0.38313253,0.16340484119544796,0.0001469319568,1.5,473.0,550.0,504.02475,1.2114674,618.93695,497.07776,-6.946991,1.1275007,-0.08396673,643.2145,24.277527
1.5-473-550,0.3566265061,0.7132530122,0.09831793590232207,-8.84064793e-05,1.5,473.0,550.0,584.4784,1.8092672,515.12616,574.21014,-10.2682495,1.8418053,0.032538176,524.3785,9.252319
1.5-473-550,0.01632653059,0.03265306118,0.9985491866279087,-0.0008978851843,1.5,473.0,550.0,473.00003,0.012682373,649.85333,460.7434,-12.256622,-0.090436466,-0.10311884,645.8687,-3.9846191
1.5-473-550,0.169879518,0.339759036,0.3542741437603377,0.0003185596755,1.5,473.0,550.0,498.45877,1.1295911,624.56976,489.64514,-8.813629,1.0890399,-0.040551186,641.076,16.506226
1.5-473-550,0.2313253012,0.4626506024,0.9811301448069191,0.0008822221606,1.5,473.0,550.0,1201.2422,0.45820406,43.016205,1278.4282,77.186035,-0.4080295,-0.8662336,50.089478,7.0732727
1.5-473-550,0.4510204082,0.9020408164,0.9973789933391554,0.0008968329585,1.5,473.0,550.0,663.4181,0.14512998,319.09485,630.4923,-32.92578,-0.451958,-0.597088,369.5688,50.473938
1.5-473-550,0.4265306122,0.8530612244,0.3542741439827602,-0.0003185596757,1.5,473.0,550.0,643.75323,2.198348,409.19363,633.7883,-9.964905,2.144807,-0.053540945,415.54593,6.352295
1.5-473-550,0.3783132531,0.7566265062,0.9844268823757469,-0.0008851865532,1.5,473.0,550.0,1039.6685,0.7153524,51.62613,1022.62,-17.048462,-0.75404865,-1.4694011,79.49568,27.869553
1.5-473-550,0.213253012,0.426506024,0.3542741437603377,0.0003185596755,1.5,473.0,550.0,514.89874,1.2999535,607.4426,504.87244,-10.026306,1.1478592,-0.15209424,640.2699,32.82727
1.5-473-550,0.05918367348,0.11836734696,0.9895407848051817,0.0008897849218,1.5,473.0,550.0,473.00003,0.10788732,649.85333,475.406,2.4059753,-0.0719846,-0.17987192,626.0397,-23.81366
1.5-473-550,0.3289156627,0.6578313254,0.9965972946963587,-0.0008961300631,1.5,473.0,550.0,1147.114,0.12130963,45.50128,1258.7631,111.64905,-0.7397333,-0.8610429,50.260498,4.7592163
1.5-473-550,0.2373493976,0.4746987952,0.8902853188558087,0.0008005354251,1.5,473.0,550.0,760.10175,1.5086429,94.31308,705.4029,-54.698853,1.2673346,-0.24130833,351.59836,257.28528
1.5-473-550,0.4918367347,0.9836734694,0.9996041060258503,0.000898833757,1.5,473.0,550.0,657.54706,0.017324978,361.47253,572.1791,-85.36798,-0.16883999,-0.18616498,443.3563,81.88376
1.5-473-550,0.1301204819,0.2602409638,0.7098470004029654,-0.0006382871403,1.5,473.0,550.0,490.1314,0.9920005,632.997,473.76868,-16.362732,1.0263162,0.034315646,635.1976,2.2005615
1.5-473-550,0.1710843373,0.3421686746,0.6021818746711394,-0.0005414757638,1.5,473.0,550.0,508.19156,1.1038713,614.7145,488.578,-19.613556,1.0708543,-0.03301704,639.7104,24.99591
1.5-473-550,0.3807228916,0.7614457832,0.993141646395439,0.0008930227796,1.5,473.0,550.0,1082.6418,0.3244232,48.957092,1039.2745,-43.36731,-0.9140139,-1.2384372,73.51308,24.555984
1.5-473-550,0.3795180723,0.7590361446,0.9671530515086588,-0.0008696541017,1.5,473.0,550.0,959.14636,1.3293624,57.878784,920.23236,-38.914,-0.20339137,-1.5327537,126.59096,68.71217
1.5-473-550,0.1096385542,0.2192771084,0.6021818746711394,0.0005414757638,1.5,473.0,550.0,474.74738,1.0297333,648.205,472.1755,-2.571869,1.0540556,0.024322271,630.1879,-18.01709
1.5-473-550,0.2795180723,0.5590361446,0.3542741439827602,-0.0003185596757,1.5,473.0,550.0,537.2684,1.4858743,582.5622,538.8547,1.5863037,1.4315469,-0.05432737,603.70135,21.13916
1.5-473-550,0.3975903615,0.795180723,0.9915009044774012,-0.0008915474413,1.5,473.0,550.0,1053.0731,0.46601614,50.769653,909.2264,-143.84674,-0.89134115,-1.3573573,131.28113,80.511475
1.5-473-550,0.4979591837,0.9959183674,0.03282169735804886,2.951293354e-05,1.5,473.0,550.0,656.9869,1.9600555,363.73392,630.56647,-26.42041,2.2679722,0.30791676,395.6803,31.94638
1.5-473-550,0.3240963856,0.6481927712,0.9872047710533666,-0.0008876844022,1.5,473.0,550.0,1105.4281,0.4510131,47.65796,1255.6917,150.26355,-0.58950573,-1.0405188,57.2045,9.546539
1.5-473-550,0.4020408163,0.8040816326,0.2914697156873968,0.0002620865781,1.5,473.0,550.0,629.148,2.1794102,443.24243,615.13904,-14.008972,2.073035,-0.10637522,449.80417,6.561737
1.5-473-550,0.01428571426,0.02857142852,0.9215172744995802,0.0008286188792,1.5,473.0,550.0,473.00003,0.59923196,649.85333,444.29852,-28.701508,0.48102817,-0.11820379,661.9512,12.097839
1.5-473-550,0.1493975903,0.2987951806,0.993141646395439,0.0008930227796,1.5,473.0,550.0,786.82446,0.22744912,82.883545,901.88605,115.061584,-0.55426425,-0.78171337,-44.095703,-126.97925
1.5-473-550,0.1156626505,0.231325301,0.7098470004029654,-0.0006382871403,1.5,473.0,550.0,480.68585,0.9757707,642.5465,470.03778,-10.648071,1.0201348,0.044364095,633.23816,-9.30835
1.5-473-550,0.4816326531,0.9632653062,0.9844268823757469,0.0008851865532,1.5,473.0,550.0,657.9815,0.73212785,359.7187,573.4401,-84.54138,0.042959806,-0.68916804,448.51608,88.79739
1.5-473-550,0.2819277109,0.5638554218,0.9985491866279087,-0.0008978851843,1.5,473.0,550.0,1191.7056,0.04241967,43.42151,1328.9597,137.25415,-0.64131445,-0.6837341,51.34192,7.92041
1.5-473-550,0.4224489796,0.8448979592,0.6600967573005477,-0.0005935522321,1.5,473.0,550.0,660.1698,2.2597647,343.04062,665.96747,5.7976685,2.1173425,-0.1424222,353.41882,10.378204
1.5-473-550,0.05714285715,0.1142857143,0.7098470004029654,0.0006382871403,1.5,473.0,550.0,473.00003,0.9862045,649.85333,459.85126,-13.148773,0.9894396,0.0032351017,631.7315,-18.121826
1.5-473-550,0.1445783132,0.2891566264,0.9931416465066502,-0.0008930227797,1.5,473.0,550.0,763.7994,0.2455967,89.43146,858.16644,94.367065,-0.541969,-0.7875657,-37.74829,-127.17975
1.5-473-550,0.4204081632,0.8408163264,0.9872047710533666,0.0008876844022,1.5,473.0,550.0,712.15894,0.8364697,115.164,716.12897,3.9700317,-0.5599093,-1.396379,278.3146,163.1506
1.5-473-550,0.330120482,0.660240964,0.9973789934503665,-0.0008968329586,1.5,473.0,550.0,1149.7682,0.09321397,45.370453,1256.9392,107.17102,-0.7541626,-0.8473766,49.66855,4.2980957
1.5-473-550,0.1903614457,0.3807228914,0.960723235489121,0.0008638724771,1.5,473.0,550.0,882.0955,0.8171671,66.24106,985.6269,103.53137,0.010086531,-0.80708057,42.04721,-24.193848
1.5-473-550,0.1253012048,0.2506024096,0.6021818746711394,0.0005414757638,1.5,473.0,550.0,482.96783,1.0271204,640.2466,475.30814,-7.6596985,1.056143,0.029022694,632.1211,-8.125488
1.5-473-550,0.3771084338,0.7542168676,0.03282169734692774,-2.951293353e-05,1.5,473.0,550.0,603.2383,1.949676,488.23593,582.7131,-20.525208,1.9389093,-0.010766745,502.80096,14.565033
1.5-473-550,0.2240963855,0.448192771,0.9915009044774012,0.0008915474413,1.5,473.0,550.0,1262.6984,0.20714223,40.56143,1289.9557,27.257324,-0.5398398,-0.74698204,35.249573,-5.311859
1.5-473-550,0.2734939759,0.5469879518,0.9956514833048237,0.0008952795992,1.5,473.0,550.0,1187.2603,0.12795746,43.619293,1329.3599,142.09961,-0.59835273,-0.7263102,52.658447,9.039154
1.5-473-550,0.1204819277,0.2409638554,0.9985491866279087,0.0008978851843,1.5,473.0,550.0,706.5331,0.08120596,119.95531,700.8271,-5.7059937,-0.5329532,-0.61415917,69.9559,-49.999405
1.5-473-550,0.1313253012,0.2626506024,0.9895407848051817,0.0008897849218,1.5,473.0,550.0,672.34186,0.4475563,235.99954,715.0603,42.718445,-0.41914326,-0.8666996,62.395874,-173.60367
1.5-473-550,0.3638554217,0.7277108434,0.6600967573005477,-0.0005935522321,1.5,473.0,550.0,643.4395,2.0028138,409.80142,638.97955,-4.459961,2.0426676,0.03985381,407.74588,-2.055542
1.5-473-550,0.4653061225,0.930612245,0.2914697156873968,0.0002620865781,1.5,473.0,550.0,654.1685,1.9663677,375.1116,642.8427,-11.325806,2.200334,0.23396635,393.6586,18.546997
1.5-473-550,0.3180722892,0.6361445784,0.09831793590232207,-8.84064793e-05,1.5,473.0,550.0,545.9251,1.5985518,572.3962,552.1022,6.177063,1.6284325,0.029880762,570.4741,-1.9220581
1.5-473-550,0.05306122449,0.10612244898,0.7892004020960466,0.000709640905,1.5,473.0,550.0,473.00003,0.90733767,649.85333,454.66287,-18.337158,0.90619063,-0.0011470318,637.8975,-11.955811
1.5-473-550,0.1493975903,0.2987951806,0.8902853188558087,-0.0008005354251,1.5,473.0,550.0,531.815,0.9189732,588.6317,484.12875,-47.68625,0.8266914,-0.09228182,653.6464,65.01471
1.5-473-550,0.2530120482,0.5060240964,0.9931416465066502,-0.0008930227797,1.5,473.0,550.0,1197.1746,0.19113135,43.189087,1324.9504,127.77588,-0.5569902,-0.74812156,49.639496,6.450409
1.5-473-550,0.3590361446,0.7180722892,0.7525573838264147,-0.0006766918789,1.5,473.0,550.0,658.4773,2.0174413,350.70764,664.73706,6.2597656,2.0804162,0.06297493,354.0185,3.310852
1.5-473-550,0.07959183676,0.15918367352,0.7525573838264147,-0.0006766918789,1.5,473.0,550.0,473.00003,0.95450836,649.85333,460.8694,-12.130646,0.9707325,0.016224146,633.56726,-16.286072
1.5-473-550,0.2192771084,0.4385542168,0.4163512326852384,0.000374378757,1.5,473.0,550.0,518.8708,1.318093,603.0257,508.059,-10.811798,1.159343,-0.15874994,639.183,36.157288
1.5-473-550,0.1891566265,0.378313253,0.9811301448069191,0.0008822221606,1.5,473.0,550.0,1004.4546,0.42445627,54.137817,1128.2528,123.79822,-0.4139102,-0.8383665,5.570588,-48.56723
1.5-473-550,0.1686746988,0.3373493976,0.9872047710533666,0.0008876844022,1.5,473.0,550.0,860.0072,0.32457572,69.11856,1022.9065,162.89929,-0.49496585,-0.8195416,-27.214355,-96.33292
1.5-473-550,0.3578313253,0.7156626506,0.03282169735804886,2.951293354e-05,1.5,473.0,550.0,584.5018,1.8139095,515.09515,571.77454,-12.727234,1.8427142,0.02880466,526.153,11.057861
1.5-473-550,0.351807229,0.703614458,0.9895407848051817,-0.0008897849218,1.5,473.0,550.0,1092.253,0.41873997,48.398346,1176.6556,84.40259,-0.7340446,-1.1527846,52.360016,3.96167
1.5-473-550,0.4122448979,0.8244897958,0.9996041060258503,0.000898833757,1.5,473.0,550.0,756.2271,0.022697384,92.09535,836.49756,80.27045,-0.9652123,-0.9879097,178.56927,86.47392
1.5-473-550,0.3409638555,0.681927711,0.8902853188558087,-0.0008005354251,1.5,473.0,550.0,803.58374,1.877131,79.312485,752.3652,-51.218567,2.033185,0.15605402,157.61607,78.30359
1.5-473-550,0.2602409639,0.5204819278,0.9956514833048237,0.0008952795992,1.5,473.0,550.0,1201.5626,0.12254172,43.002594,1330.682,129.11938,-0.5878673,-0.71040905,49.77118,6.768585
1.5-473-550,0.1891566265,0.378313253,0.9811301446957078,-0.0008822221605,1.5,473.0,550.0,1004.4547,0.42445636,54.137817,1128.2528,123.798096,-0.4139102,-0.83836657,5.570588,-48.56723
1.5-473-550,0.3481927711,0.6963855422,0.9671530515086588,0.0008696541017,1.5,473.0,550.0,985.9781,1.160204,55.59955,1128.2802,142.30206,-0.2015844,-1.3617885,68.91513,13.315582
1.5-473-550,0.1710843373,0.3421686746,0.9956514833048237,0.0008952795992,1.5,473.0,550.0,936.8386,0.10722273,59.96167,1091.5791,154.74048,-0.60357064,-0.7107934,-30.62616,-90.58783
1.5-473-550,0.221686747,0.443373494,0.9945113832197316,-0.0008942544329,1.5,473.0,550.0,1277.414,0.13358063,40.018433,1291.744,14.330078,-0.57345885,-0.7070395,31.017029,-9.001404
1.5-473-550,0.3590361446,0.7180722892,0.9215172744995802,-0.0008286188792,1.5,473.0,550.0,855.34454,1.8172982,69.83597,799.5743,-55.770264,1.8648629,0.047564745,119.92113,50.08516
1.5-473-550,0.1084337349,0.2168674698,0.9980223152919674,0.000897411427,1.5,473.0,550.0,658.9386,0.08532595,353.53748,623.6048,-35.3338,-0.45063108,-0.53595704,230.7152,-122.82228
1.5-473-550,0.2626506024,0.5253012048,0.9442484491033019,0.0008490585182,1.5,473.0,550.0,959.22473,1.2675017,57.912537,1157.3984,198.1737,0.39512622,-0.8723755,108.32715,50.41461
1.5-473-550,0.01224489793,0.02448979586,0.9811301446957078,-0.0008822221605,1.5,473.0,550.0,473.00003,0.17412615,649.85333,452.56406,-20.435974,0.076449744,-0.097676404,659.0855,9.232178
1.5-473-550,0.3602409639,0.7204819278,0.6600967573005477,-0.0005935522321,1.5,473.0,550.0,642.10034,1.9804686,413.13184,636.29333,-5.807007,2.0292187,0.048750043,413.10614,-0.0256958
1.5-473-550,0.2771084337,0.5542168674,0.960723235489121,0.0008638724771,1.5,473.0,550.0,1012.67584,1.0580211,53.555603,1248.6204,235.94452,-0.029335266,-1.0873563,90.65492,37.09932
1.5-473-550,0.3120481928,0.6240963856,0.998978267368595,0.0008982710093,1.5,473.0,550.0,1171.0933,0.032144304,44.358673,1295.5443,124.45105,-0.7128977,-0.745042,50.815125,6.4564514
1.5-473-550,0.004081632618,0.008163265236,0.9215172744995802,-0.0008286188792,1.5,473.0,550.0,473.00003,0.7134198,649.85333,443.96075,-29.039276,0.46903205,-0.24438775,662.3372,12.483887
1.5-473-550,0.4306122449,0.8612244898,0.9945113832197316,-0.0008942544329,1.5,473.0,550.0,683.2771,0.3559155,159.55461,694.35626,11.079163,-0.6325261,-0.9884416,299.28357,139.72896
1.5-473-550,0.01224489793,0.02448979586,0.9956514833048237,0.0008952795992,1.5,473.0,550.0,473.00003,0.039567407,649.85333,458.198,-14.802032,-0.05583358,-0.09540099,650.2368,0.3834839
1.5-473-550,0.2301204819,0.4602409638,0.03282169734692774,-2.951293353e-05,1.5,473.0,550.0,514.6056,1.3450177,607.7686,510.8166,-3.7890015,1.2298695,-0.11514819,634.92035,27.151733
1.5-473-550,0.3204819277,0.6409638554,0.03282169735804886,2.951293354e-05,1.5,473.0,550.0,546.28656,1.6056958,571.96106,551.3798,5.0932617,1.6400586,0.034362793,569.3587,-2.602356
1.5-473-550,0.2457831325,0.491566265,0.9671530515086588,0.0008696541017,1.5,473.0,550.0,1085.9707,0.8409491,48.77231,1258.0293,172.0586,-0.17774266,-1.0186918,75.04019,26.267883
1.5-473-550,0.3132530121,0.6265060242,0.8206166047262803,0.0007378900321,1.5,473.0,550.0,675.2047,1.8213644,233.8572,666.96716,-8.237549,1.8761022,0.054737806,343.56223,109.70503
1.5-473-550,0.2012048193,0.4024096386,0.9531521909241071,-0.0008570646715,1.5,473.0,550.0,989.96606,0.9486707,55.332123,999.86816,9.9021,0.1962874,-0.7523833,68.94061,13.60849
1.5-473-550,0.07142857145,0.1428571429,0.6600967573005477,0.0005935522321,1.5,473.0,550.0,473.00003,1.0257024,649.85333,464.03073,-8.969299,1.025878,0.00017559528,629.4145,-20.438843
1.5-473-550,0.1710843373,0.3421686746,0.9811301448069191,0.0008822221606,1.5,473.0,550.0,840.6824,0.44874325,72.10953,998.15137,157.469,-0.40112656,-0.84986985,-16.825348,-88.934875
1.5-473-550,0.2265060241,0.4530120482,0.03282169735804886,2.951293354e-05,1.5,473.0,550.0,513.7232,1.3373183,608.7498,509.46185,-4.2613525,1.2194864,-0.117831945,636.2064,27.456604
1.5-473-550,0.03265306121,0.06530612242,0.9945113832197316,0.0008942544329,1.5,473.0,550.0,473.00003,0.052572783,649.85333,464.13443,-8.865601,-0.0767752,-0.12934798,641.6034,-8.249939
1.5-473-550,0.1650602409,0.3301204818,0.4163512326852384,0.000374378757,1.5,473.0,550.0,497.7804,1.1135536,625.2562,487.83792,-9.942474,1.0824488,-0.031104803,639.7506,14.494385
1.5-473-550,0.1060240963,0.2120481926,0.47796385156444166,-0.0004297801918,1.5,473.0,550.0,473.15488,1.0872291,649.7072,474.3104,1.1555176,1.0737618,-0.013467312,630.86,-18.847229
1.5-473-550,0.01632653059,0.03265306118,0.6600967573005477,-0.0005935522321,1.5,473.0,550.0,473.00003,1.0591578,649.85333,457.00848,-15.991547,1.0010176,-0.058140278,633.91473,-15.938599
1.5-473-550,0.2626506024,0.5253012048,0.03282169735804886,2.951293354e-05,1.5,473.0,550.0,521.7842,1.4247711,599.786,523.9786,2.194397,1.347693,-0.077078104,618.9827,19.196716
1.5-473-550,0.3277108434,0.6554216868,0.9915009044774012,0.0008915474413,1.5,473.0,550.0,1123.6921,0.30486566,46.682037,1254.2296,130.53748,-0.6662263,-0.971092,53.537506,6.8554688
1.5-473-550,0.2253012048,0.4506024096,0.9872047710533666,0.0008876844022,1.5,473.0,550.0,1242.9064,0.30985695,41.311127,1282.4689,39.5625,-0.48897463,-0.7988316,39.850647,-1.4604797
1.5-473-550,0.1987951807,0.3975903614,0.47796385156444166,0.0004297801918,1.5,473.0,550.0,514.6363,1.2331082,607.7345,499.47882,-15.157471,1.1108205,-0.12228763,641.65784,33.92334
1.5-473-550,0.213253012,0.426506024,0.03282169735804886,2.951293354e-05,1.5,473.0,550.0,510.17807,1.3035022,612.6903,504.70453,-5.4735413,1.1860405,-0.11746168,640.1956,27.50531
1.5-473-550,0.03469387754,0.06938775508,0.8902853188558087,-0.0008005354251,1.5,473.0,550.0,473.00003,0.712449,649.85333,445.83597,-27.164062,0.64639264,-0.06605637,655.6008,5.7474976
1.5-473-550,0.2024096385,0.404819277,0.7098470004029654,0.0006382871403,1.5,473.0,550.0,537.5938,1.2358464,582.15247,510.21338,-27.380432,1.0878712,-0.1479752,636.6071,54.45465
1.5-473-550,0.4755102041,0.9510204082,0.7525573838264147,-0.0006766918789,1.5,473.0,550.0,657.74445,1.6662729,360.67572,651.2478,-6.496643,1.8217692,0.15549636,350.3064,-10.369324
1.5-473-550,0.2084337349,0.4168674698,0.9671530515086588,0.0008696541017,1.5,473.0,550.0,1132.5358,0.734822,46.237335,1154.631,22.095215,-0.17507786,-0.90989983,46.031128,-0.20620728
1.5-473-550,0.3060240964,0.6120481928,0.8902853187445975,0.000800535425,1.5,473.0,550.0,798.0372,1.7477345,80.714874,766.2875,-31.749695,1.7674836,0.019749045,179.73175,99.01688
1.5-473-550,0.4918367347,0.9836734694,0.47796385156444166,0.0004297801918,1.5,473.0,550.0,657.06,1.865322,363.43875,652.00494,-5.0550537,2.1104422,0.24512017,366.60574,3.1669922
1.5-473-550,0.3686746988,0.7373493976,0.7892004020960466,-0.000709640905,1.5,473.0,550.0,676.65094,2.1073608,216.43002,686.55597,9.905029,2.125084,0.017723083,309.45013,93.02011
1.5-473-550,0.4551020408,0.9102040816,0.9996041060258503,0.000898833757,1.5,473.0,550.0,662.05963,0.017656738,332.00174,625.3449,-36.71472,-0.45928556,-0.4769423,375.4199,43.41815
1.5-473-550,0.5,1.0,0.9071908186744295,0.0008157366771,1.5,473.0,550.0,657.34357,1.4042392,362.29404,591.0267,-66.316895,0.98665285,-0.41758633,445.1787,82.884674
1.5-473-550,0.2638554217,0.5277108434,0.9993254186825348,-0.0008985831642,1.5,473.0,550.0,1214.1436,0.017253751,42.467896,1335.732,121.5885,-0.6293698,-0.64662355,47.693115,5.2252197
1.5-473-550,0.1819277108,0.3638554216,0.9973789934503665,-0.0008968329586,1.5,473.0,550.0,1018.61786,0.061669406,53.102356,1163.7169,145.09906,-0.619003,-0.6806724,-15.714629,-68.816986
1.5-473-550,0.4755102041,0.9510204082,0.9811301446957078,0.0008822221605,1.5,473.0,550.0,658.4516,0.8169388,357.82074,577.3888,-81.062805,0.07922881,-0.73771,445.18478,87.364044
1.5-473-550,0.1927710843,0.3855421686,0.9811301448069191,-0.0008822221606,1.5,473.0,550.0,1047.7269,0.4247955,51.120667,1148.7413,101.014404,-0.4144035,-0.839199,10.480287,-40.64038
1.5-473-550,0.134939759,0.269879518,0.9811301448069191,0.0008822221606,1.5,473.0,550.0,630.71906,0.58552504,439.9136,678.38934,47.670288,-0.25372082,-0.83924586,136.62071,-303.2929
1.5-473-550,0.104819277,0.209638554,0.999825745120423,0.0008990330526,1.5,473.0,550.0,657.87994,0.0034553355,356.19852,614.3483,-43.531616,-0.46216124,-0.46561658,252.5332,-103.66531
1.5-473-550,0.2048192771,0.4096385542,0.7098470004029654,0.0006382871403,1.5,473.0,550.0,539.1279,1.2510142,580.36066,512.1557,-26.972229,1.0930017,-0.15801251,635.5741,55.21344
1.5-473-550,0.1819277108,0.3638554216,0.9985491866279087,0.0008978851843,1.5,473.0,550.0,1025.0034,0.03332537,52.653748,1168.3647,143.36133,-0.63098866,-0.66431403,-16.238495,-68.89224
1.5-473-550,0.2927710844,0.5855421688,0.9973789933391554,0.0008968329585,1.5,473.0,550.0,1177.2898,0.081836335,44.075287,1318.9158,141.62598,-0.6468646,-0.72870094,52.808167,8.73288
1.5-473-550,0.3144578314,0.6289156628,0.9531521909241071,0.0008570646715,1.5,473.0,550.0,957.2193,1.303286,58.071472,1169.4794,212.26007,0.25660765,-1.0466783,89.05455,30.983078
1.5-473-550,0.1855421686,0.3710843372,0.03282169735804886,2.951293354e-05,1.5,473.0,550.0,501.08997,1.1869841,621.907,495.93555,-5.154419,1.1379374,-0.049046636,645.39716,23.490173
1.5-473-550,0.2879518072,0.5759036144,0.5396442233296441,-0.0004852425493,1.5,473.0,550.0,572.92163,1.5660217,533.89026,556.63617,-16.285461,1.5347129,-0.03130877,578.02374,44.133484
1.5-473-550,0.3542168675,0.708433735,0.6600967573005477,0.0005935522321,1.5,473.0,550.0,639.75555,1.9443533,418.9676,631.66364,-8.091919,2.004646,0.06029272,422.48572,3.5181274
1.5-473-550,0.1578313253,0.3156626506,0.9726063657286781,-0.0008745576659,1.5,473.0,550.0,674.9405,0.71213037,213.63599,793.9853,119.0448,-0.17432338,-0.88645375,33.524628,-180.11136
1.5-473-550,0.1108433734,0.2216867468,0.9071317792997667,-0.0008156835895,1.5,473.0,550.0,492.33264,0.76458496,630.7694,460.03583,-32.296814,0.69753325,-0.06705171,662.3986,31.629211
1.5-473-550,0.1301204819,0.2602409638,0.9915009044774012,0.0008915474413,1.5,473.0,550.0,684.1866,0.38598818,157.05528,720.7579,36.57129,-0.45189077,-0.83787894,51.917725,-105.13756
1.5-473-550,0.4102040816,0.8204081632,0.09831793589120096,8.840647929e-05,1.5,473.0,550.0,628.9138,2.1876328,443.76822,605.30096,-23.612854,2.0831254,-0.10450745,459.79727,16.029053
1.5-473-550,0.1518072289,0.3036144578,0.9956514833048237,0.0008952795992,1.5,473.0,550.0,821.0415,0.13668412,75.583496,942.5959,121.55438,-0.5938538,-0.7305379,-49.601562,-125.18506
1.5-473-550,0.3903614458,0.7807228916,0.9956514833048237,-0.0008952795992,1.5,473.0,550.0,1083.9393,0.22269577,48.881653,983.5095,-100.42981,-0.97139674,-1.1940925,93.99243,45.11078
1.5-473-550,0.4979591837,0.9959183674,0.9726063658398892,-0.000874557666,1.5,473.0,550.0,657.3944,0.98397243,362.08875,561.8229,-95.57153,0.26812637,-0.71584606,466.70023,104.61148
1.5-473-550,0.1867469879,0.3734939758,0.9915009044774012,-0.0008915474413,1.5,473.0,550.0,1030.5006,0.20139778,52.26822,1164.4775,133.97693,-0.5524444,-0.7538422,-5.7234488,-57.99167
1.5-473-550,0.2530120482,0.5060240964,0.9999999997775775,-0.0008991897406,1.5,473.0,550.0,1226.3257,-5.322157e-09,41.984222,1334.7617,108.436035,-0.62988085,-0.62988085,43.931,1.9467773
1.5-473-550,0.191566265,0.38313253,0.9973789933391554,0.0008968329585,1.5,473.0,550.0,1112.2521,0.06285333,47.293335,1209.0155,96.76343,-0.6147978,-0.6776511,-2.3900747,-49.68341
1.5-473-550,0.126506024,0.253012048,0.8705746216627653,-0.0007828117684,1.5,473.0,550.0,502.50555,0.87563473,620.4744,467.76196,-34.74359,0.8488761,-0.026758611,650.9619,30.487488
1.5-473-550,0.3542168675,0.708433735,0.999825745120423,0.0008990330526,1.5,473.0,550.0,1140.0759,0.0039685317,45.848267,1187.12,47.044067,-0.8869861,-0.8909546,47.928528,2.0802612
1.5-473-550,0.1951807229,0.3903614458,0.22784103821928303,0.0002048723241,1.5,473.0,550.0,506.11682,1.2264795,616.8198,498.03604,-8.08078,1.1253595,-0.101119995,642.4761,25.65625
1.5-473-550,0.2771084337,0.5542168674,0.8902853187445975,0.000800535425,1.5,473.0,550.0,786.9982,1.6442833,83.729385,767.0618,-19.936401,1.5464661,-0.09781718,225.57292,141.84354
1.5-473-550,0.4591836735,0.918367347,0.7098470004029654,0.0006382871403,1.5,473.0,550.0,658.8097,1.7010593,356.37524,662.0312,3.2214966,1.9753433,0.274284,342.5735,-13.801758
1.5-473-550,0.2060240963,0.4120481926,0.9671530515086588,-0.0008696541017,1.5,473.0,550.0,1102.7921,0.7439588,47.820282,1142.7225,39.93042,-0.17333859,-0.91729736,43.415833,-4.4044495
1.5-473-550,0.4979591837,0.9959183674,1.0,-0.0008991897408,1.5,473.0,550.0,657.4045,-5.322157e-09,362.04813,567.16675,-90.23773,-0.14350134,-0.14350134,449.30685,87.25873
1.5-473-550,0.113253012,0.226506024,0.960723235489121,-0.0008638724771,1.5,473.0,550.0,522.2137,0.599469,599.3084,497.10977,-25.103912,0.25057942,-0.3488896,621.38477,22.076355
1.5-473-550,0.4836734694,0.9673469388,0.9998257452316341,-0.0008990330527,1.5,473.0,550.0,657.8789,0.005297298,360.13287,580.32166,-77.55725,-0.22108644,-0.22638375,432.96558,72.8327
1.5-473-550,0.3855421687,0.7710843374,0.9215172744995802,-0.0008286188792,1.5,473.0,550.0,849.2069,1.9915904,70.75012,742.88446,-106.32245,1.7217987,-0.26979172,214.56001,143.80989
1.5-473-550,0.2361445783,0.4722891566,0.9772248215579286,-0.000878710534,1.5,473.0,550.0,1165.6992,0.57096887,44.60898,1275.8744,110.17517,-0.3502558,-0.92122465,57.462677,12.853699
1.5-473-550,0.4530612245,0.906122449,0.9945113832197316,-0.0008942544329,1.5,473.0,550.0,662.6865,0.3060652,326.04535,619.7191,-42.967407,-0.36147553,-0.6675407,383.50412,57.45877
1.5-473-550,0.01836734691,0.03673469382,0.9915009044774012,-0.0008915474413,1.5,473.0,550.0,473.00003,0.07876431,649.85333,457.794,-15.206024,-0.024015015,-0.10277933,651.45404,1.600708
1.5-473-550,0.09387755105,0.1877551021,0.9811301446957078,-0.0008822221605,1.5,473.0,550.0,473.00003,0.19465727,649.85333,506.5256,33.525574,-0.039401654,-0.23405892,574.5489,-75.30444
1.5-473-550,0.2481927711,0.4963855422,0.9772248215579286,-0.000878710534,1.5,473.0,550.0,1131.6846,0.6094187,46.267456,1290.4044,158.71985,-0.34784502,-0.9572637,63.833344,17.565887
1.5-473-550,0.2385542169,0.4771084338,0.9895407848051817,-0.0008897849218,1.5,473.0,550.0,1215.2991,0.27086902,42.418793,1307.6249,92.325806,-0.5144412,-0.7853102,46.364075,3.945282
1.5-473-550,0.1903614457,0.3807228914,0.9726063657286781,0.0008745576659,1.5,473.0,550.0,960.51135,0.612882,57.77008,1084.1205,123.60913,-0.26834208,-0.8812241,17.119324,-40.650757
1.5-473-550,0.08163265309,0.16326530618,0.9844268823757469,0.0008851865532,1.5,473.0,550.0,473.00003,0.16094267,649.85333,492.56296,19.562927,-0.05661637,-0.21755904,599.2308,-50.62256
1.5-473-550,0.4102040816,0.8204081632,0.9945113832197316,0.0008942544329,1.5,473.0,550.0,771.8231,0.38422483,87.06181,824.808,52.984863,-0.8763253,-1.2605501,186.84656,99.784744
1.5-473-550,0.2180722891,0.4361445782,0.22784103833049427,-0.0002048723242,1.5,473.0,550.0,513.33765,1.3169318,609.1786,506.39807,-6.939575,1.1705492,-0.14638269,638.99506,29.816467
1.5-473-550,0.03673469387,0.07346938774,0.9956514833048237,-0.0008952795992,1.5,473.0,550.0,473.00003,0.041938957,649.85333,466.77734,-6.222687,-0.09735305,-0.139292,637.0233,-12.830017
1.5-473-550,0.1012048192,0.2024096384,0.9985491868503311,0.0008978851845,1.5,473.0,550.0,599.7394,0.028910572,491.62946,590.81537,-8.924011,-0.41234797,-0.44125855,319.3904,-172.23904
1.5-473-550,0.03061224488,0.06122448976,0.9872047710533666,0.0008876844022,1.5,473.0,550.0,473.00003,0.12313341,649.85333,459.09134,-13.908691,0.0034090823,-0.11972433,650.7981,0.9447632
1.5-473-550,0.3939759037,0.7879518074,0.6021818746711394,-0.0005414757638,1.5,473.0,550.0,648.0623,2.2089775,396.59433,646.4135,-1.6488037,2.1042495,-0.10472798,393.86487,-2.7294617
1.5-473-550,0.1638554216,0.3277108432,0.960723235489121,-0.0008638724771,1.5,473.0,550.0,646.00226,0.82622945,400.29688,729.7846,83.78235,0.12876004,-0.6974694,126.47894,-273.81793
1.5-473-550,0.4346938775,0.869387755,0.7892004020960466,-0.000709640905,1.5,473.0,550.0,667.87256,1.7963992,276.77255,675.60657,7.734009,1.9466105,0.15021122,320.75027,43.977722
1.5-473-550,0.1204819277,0.2409638554,0.2914697156873968,0.0002620865781,1.5,473.0,550.0,475.9587,1.0979729,647.0623,479.2763,3.3175964,1.0865251,-0.011447787,637.63354,-9.428772
1.5-473-550,0.06326530613,0.12653061226,0.9071317792997667,0.0008156835895,1.5,473.0,550.0,473.00003,0.6906518,649.85333,448.07996,-24.920074,0.61963904,-0.071012735,659.61444,9.761108
1.5-473-550,0.2409638554,0.4819277108,0.960723235489121,0.0008638724771,1.5,473.0,550.0,1066.3362,0.94833034,49.945465,1225.052,158.71582,-0.04874188,-0.9970722,81.18994,31.244476
1.5-473-550,0.01224489793,0.02448979586,0.9531521908128958,-0.0008570646714,1.5,473.0,550.0,473.00003,0.42246452,649.85333,446.43997,-26.560059,0.29241884,-0.13004568,664.48517,14.631836
1.5-473-550,0.4653061225,0.930612245,0.9337895728803226,0.000839654004,1.5,473.0,550.0,659.5305,1.28404,353.46527,603.719,-55.811523,0.8667058,-0.4173342,435.8325,82.36722
1.5-473-550,0.2,0.4,0.5396442233296441,-0.0004852425493,1.5,473.0,550.0,518.516,1.2346998,603.4202,500.6457,-17.8703,1.1085652,-0.12613463,641.39856,37.978333
1.5-473-550,0.2397590361,0.4795180722,0.9811301448069191,0.0008822221606,1.5,473.0,550.0,1174.1389,0.4818998,44.21936,1290.992,116.85303,-0.40620762,-0.8881074,55.313416,11.094055
1.5-473-550,0.4163265306,0.8326530612,0.3542741439827602,-0.0003185596757,1.5,473.0,550.0,639.96533,2.23223,419.27646,628.6734,-11.291931,2.1219647,-0.110265255,425.4931,6.2166443
1.5-473-550,0.1879518072,0.3759036144,0.2914697156873968,0.0002620865781,1.5,473.0,550.0,504.55542,1.1908907,618.3999,495.45975,-9.095673,1.1096339,-0.08125675,642.43445,24.034546
1.5-473-550,0.1277108433,0.2554216866,0.9531521909241071,-0.0008570646715,1.5,473.0,550.0,538.88074,0.716675,580.6989,507.37708,-31.503662,0.36136,-0.35531497,613.80396,33.10504
1.5-473-550,0.1397590361,0.2795180722,0.9844268823757469,-0.0008851865532,1.5,473.0,550.0,668.21106,0.5540221,273.88815,741.0836,72.87256,-0.35772437,-0.91174644,41.970215,-231.91794
1.5-473-550,0.3277108434,0.6554216868,0.9999999997775775,-0.0008991897406,1.5,473.0,550.0,1163.4171,-5.322157e-09,44.729767,1266.0515,102.6344,-0.7772123,-0.7772123,48.54181,3.8120422
1.5-473-550,0.1819277108,0.3638554216,0.8705746216627653,-0.0007828117684,1.5,473.0,550.0,567.8749,1.0658995,542.73157,524.2803,-43.594604,0.9258496,-0.14004987,629.11536,86.38379
1.5-473-550,0.06938775512,0.13877551024,0.9726063657286781,0.0008745576659,1.5,473.0,550.0,473.00003,0.28828502,649.85333,466.58966,-6.41037,0.12192052,-0.16636449,649.61096,-0.2423706
1.5-473-550,0.3638554217,0.7277108434,0.9985491866279087,0.0008978851843,1.5,473.0,550.0,1124.9095,0.058982547,46.616974,1144.9304,20.020874,-0.9164551,-0.97543764,51.408447,4.7914734
1.5-473-550,0.09795918369,0.19591836738,0.9071317794109779,-0.0008156835896,1.5,473.0,550.0,473.00015,0.6896583,649.8532,455.40665,-17.593506,0.6757921,-0.013866186,661.71356,11.860352
1.5-473-550,0.1277108433,0.2554216866,0.3542741439827602,-0.0003185596757,1.5,473.0,550.0,479.44983,1.0822178,643.76776,479.8922,0.4423828,1.0812346,-0.0009832382,636.292,-7.475769
1.5-473-550,0.3686746988,0.7373493976,0.29146971579860803,-0.0002620865782,1.5,473.0,550.0,605.0656,1.9159569,485.36694,593.7576,-11.307983,1.9359142,0.019957304,492.35257,6.985626
1.5-473-550,0.2325301205,0.465060241,0.9071317792997667,0.0008156835895,1.5,473.0,550.0,838.50323,1.4493846,73.13721,760.27875,-78.22449,1.2207481,-0.2286365,271.1371,197.99988
1.5-473-550,0.2939759036,0.5879518072,0.9811301446957078,-0.0008822221605,1.5,473.0,550.0,1098.446,0.59118736,48.03836,1293.2902,194.84412,-0.42727584,-1.0184631,67.22571,19.187347
1.5-473-550,0.08163265309,0.16326530618,0.6600967573005477,-0.0005935522321,1.5,473.0,550.0,473.00003,1.0265889,649.85333,465.55087,-7.4491577,1.0294938,0.002904892,629.4025,-20.450806
1.5-473-550,0.2385542169,0.4771084338,0.6021818746711394,-0.0005414757638,1.5,473.0,550.0,541.45233,1.3834869,577.614,526.52234,-14.929993,1.2295253,-0.15396154,626.5905,48.9765
1.5-473-550,0.4448979592,0.8897959184,0.960723235489121,0.0008638724771,1.5,473.0,550.0,665.80756,1.1467417,296.3926,604.8579,-60.949646,0.43483686,-0.7119049,421.44946,125.056854
1.5-473-550,0.2554216867,0.5108433734,0.993141646395439,0.0008930227796,1.5,473.0,550.0,1194.6539,0.19199121,43.296234,1325.8807,131.2268,-0.557735,-0.74972624,50.474762,7.178528
1.5-473-550,0.1795180723,0.3590361446,0.9726063657286781,-0.0008745576659,1.5,473.0,550.0,835.76294,0.61771625,73.03223,1000.7545,164.99158,-0.25218743,-0.8699037,5.580415,-67.45181
1.5-473-550,0.2807228916,0.5614457832,0.09831793589120096,8.840647929e-05,1.5,473.0,550.0,526.6886,1.4717495,594.3323,532.98706,6.298462,1.4258974,-0.045852184,606.3411,12.00885
1.5-473-550,0.4387755102,0.8775510204,0.999825745120423,0.0008990330526,1.5,473.0,550.0,670.8676,0.006213183,248.96645,677.9955,7.1278687,-0.66121227,-0.66742545,315.78082,66.81438
1.5-473-550,0.008163265274,0.016326530548,0.9945113832197316,-0.0008942544329,1.5,473.0,550.0,473.00003,0.050829407,649.85333,456.76743,-16.232605,-0.039722506,-0.09055191,652.4825,2.6291504
1.5-473-550,0.4469387755,0.893877551,0.6600967573005477,-0.0005935522321,1.5,473.0,550.0,659.60913,1.7929147,352.59332,664.7157,5.1065674,2.0723293,0.27941453,348.30176,-4.291565
1.5-473-550,0.1987951807,0.3975903614,0.8206166047262803,-0.0007378900321,1.5,473.0,550.0,566.7676,1.2049414,544.3292,531.22986,-35.53772,1.0196095,-0.18533194,620.7038,76.37457
1.5-473-550,0.04897959184,0.09795918368,0.7098470004029654,0.0006382871403,1.5,473.0,550.0,473.00003,0.98152983,649.85333,458.79077,-14.209259,0.98427737,0.0027475357,632.2768,-17.576538
1.5-473-550,0.3674698796,0.7349397592,0.6600967573005477,0.0005935522321,1.5,473.0,550.0,644.7955,2.0258086,406.3149,641.5886,-3.2068481,2.0551288,0.02932024,402.5962,-3.7187195
1.5-473-550,0.2602409639,0.5204819278,0.9985491866279087,-0.0008978851843,1.5,473.0,550.0,1214.0867,0.03936469,42.470306,1334.5801,120.49341,-0.61880916,-0.65817386,47.365936,4.89563
1.5-473-550,0.4979591837,0.9959183674,0.6600967573005477,-0.0005935522321,1.5,473.0,550.0,657.22876,1.7584317,362.7575,645.3345,-11.894287,1.8995975,0.14116585,358.1946,-4.5628967
1.5-473-550,0.2915662651,0.5831325302,0.8705746216627653,-0.0007828117684,1.5,473.0,550.0,742.673,1.7362059,99.8979,717.52435,-25.14862,1.6892238,-0.04698217,264.6911,164.7932
1.5-473-550,0.1192771084,0.2385542168,0.7525573838264147,-0.0006766918789,1.5,473.0,550.0,485.10614,0.9551377,638.0826,469.4384,-15.667755,0.99735177,0.042214036,635.7782,-2.3043823
1.5-473-550,0.351807229,0.703614458,0.9337895728803226,0.000839654004,1.5,473.0,550.0,883.6234,1.6834909,65.907196,873.1062,-10.517212,1.5303904,-0.15310049,96.8168,30.909607
1.5-473-550,0.2072289156,0.4144578312,0.9895407848051817,0.0008897849218,1.5,473.0,550.0,1226.5681,0.24995387,41.95923,1242.5498,15.981689,-0.5226572,-0.7726111,21.35736,-20.601868
1.5-473-550,0.03061224488,0.06122448976,0.9726063657286781,-0.0008745576659,1.5,473.0,550.0,473.00003,0.26850963,649.85333,452.83752,-20.162506,0.14334673,-0.1251629,660.2423,10.388977
1.5-473-550,0.08367346941,0.16734693882,0.9071317792997667,0.0008156835895,1.5,473.0,550.0,473.00003,0.69065046,649.85333,451.6542,-21.345825,0.6521803,-0.03847015,660.75977,10.906433
1.5-473-550,0.2012048193,0.4024096386,0.9844268823757469,-0.0008851865532,1.5,473.0,550.0,1162.1139,0.36279267,44.772827,1203.247,41.133057,-0.46020013,-0.8229928,18.474274,-26.298553
1.5-473-550,0.3,0.6,0.9872047710533666,-0.0008876844022,1.5,473.0,550.0,1122.8579,0.4155286,46.726624,1296.995,174.13708,-0.5294165,-0.9449451,60.98047,14.253845
1.5-473-550,0.3325301205,0.665060241,0.22784103821928303,0.0002048723241,1.5,473.0,550.0,566.7431,1.6835517,545.4778,565.86194,-0.88116455,1.7273871,0.0438354,547.2925,1.8146973
1.5-473-550,0.008163265274,0.016326530548,0.998978267368595,-0.0008982710093,1.5,473.0,550.0,473.00003,0.008794123,649.85333,458.743,-14.257019,-0.08163179,-0.09042591,649.007,-0.8463135
1.5-473-550,0.1301204819,0.2602409638,0.8902853188558087,-0.0008005354251,1.5,473.0,550.0,510.28052,0.8621141,612.4846,469.36774,-40.91278,0.7973297,-0.06478435,656.5383,44.05371
1.5-473-550,0.08775510207,0.17551020414,0.03282169735804886,2.951293354e-05,1.5,473.0,550.0,473.00003,1.1882316,649.85333,477.39487,4.3948364,1.1183772,-0.06985438,648.9109,-0.94244385
1.5-473-550,0.1578313253,0.3156626506,0.9993254186825348,0.0008985831642,1.5,473.0,550.0,880.17834,0.017392928,66.344604,1017.17035,136.992,-0.64349943,-0.66089237,-49.643707,-115.98831
1.5-473-550,0.3795180723,0.7590361446,0.993141646395439,-0.0008930227796,1.5,473.0,550.0,1083.8547,0.32149327,48.886566,1046.8878,-36.96692,-0.91015,-1.2316432,71.24414,22.357574
1.5-473-550,0.3240963856,0.6481927712,0.9973789933391554,0.0008968329585,1.5,473.0,550.0,1154.6045,0.0910049,45.13199,1270.7141,116.10962,-0.7323087,-0.8233136,50.447754,5.3157654
1.5-473-550,0.5,1.0,0.09835895158380348,8.844336018e-05,1.5,473.0,550.0,657.02374,1.9560387,363.58524,635.67456,-21.349182,2.2558432,0.29980445,390.57724,26.992004
1.5-473-550,0.1602409638,0.3204819276,0.7098470004029654,-0.0006382871403,1.5,473.0,550.0,509.66174,1.0506163,613.15106,484.40323,-25.258514,1.0407193,-0.009896994,639.87445,26.723389
1.5-473-550,0.2662650602,0.5325301204,0.22784103821928303,0.0002048723241,1.5,473.0,550.0,525.2714,1.4370749,595.90814,528.1458,2.8743896,1.3508829,-0.08619201,616.914,21.00586
1.5-473-550,0.1385542168,0.2771084336,0.22784103821928303,0.0002048723241,1.5,473.0,550.0,482.93326,1.0950484,640.28156,483.21082,0.27755737,1.0894357,-0.005612731,641.21893,0.9373779
1.5-473-550,0.4734693878,0.9469387756,0.9844268823757469,-0.0008851865532,1.5,473.0,550.0,658.6658,0.7306483,356.95615,580.3553,-78.310486,0.007919425,-0.72272885,439.62903,82.67288
1.5-473-550,0.1759036144,0.3518072288,0.9844268823757469,-0.0008851865532,1.5,473.0,550.0,898.8043,0.3641745,64.03696,1059.7292,160.92493,-0.45885855,-0.82303303,-15.607665,-79.64462
1.5-473-550,0.1554216867,0.3108433734,0.9772248215579286,-0.000878710534,1.5,473.0,550.0,690.30225,0.64805186,152.08153,816.50037,126.19812,-0.27540666,-0.9234585,9.633454,-142.44807
1.5-473-550,0.02653061223,0.05306122446,0.7098470004029654,-0.0006382871403,1.5,473.0,550.0,473.00003,0.98188823,649.85333,456.08423,-16.915802,0.9690755,-0.012812734,634.5125,-15.34082
1.5-473-550,0.1204819277,0.2409638554,0.998978267368595,-0.0008982710093,1.5,473.0,550.0,710.2649,0.05593657,116.59624,703.7682,-6.496704,-0.54062325,-0.5965598,65.058685,-51.53755
1.5-473-550,0.3722891567,0.7445783134,0.22784103821928303,0.0002048723241,1.5,473.0,550.0,604.50604,1.9308008,486.24545,591.5589,-12.947144,1.940072,0.009271145,494.3977,8.152252
1.5-473-550,0.3481927711,0.6963855422,0.5396442233296441,0.0004852425493,1.5,473.0,550.0,617.29913,1.8605738,465.06036,604.33185,-12.967285,1.9171563,0.05658257,477.34946,12.289093
1.5-473-550,0.3457831326,0.6915662652,0.6600967573005477,-0.0005935522321,1.5,473.0,550.0,636.32385,1.8966714,427.51382,624.9102,-11.413635,1.9658186,0.06914723,436.486,8.972168
1.5-473-550,0.2325301205,0.465060241,0.9872047710533666,0.0008876844022,1.5,473.0,550.0,1224.2399,0.318267,42.050934,1294.9141,70.674194,-0.48724037,-0.80550736,44.92389,2.8729553
1.5-473-550,0.4,0.8,0.6603133566356632,-0.000593746996,1.5,473.0,550.0,655.9245,2.291082,368.0228,660.2665,4.34198,2.1211758,-0.16990614,366.62888,-1.3939209
1.5-473-550,0.4816326531,0.9632653062,0.6021818746711394,-0.0005414757638,1.5,473.0,550.0,657.15594,1.7972949,363.0515,654.48145,-2.6744995,2.0309792,0.2336843,356.8135,-6.2380066
1.5-473-550,0.2373493976,0.4746987952,0.9772248215579286,-0.000878710534,1.5,473.0,550.0,1161.7069,0.5743493,44.792603,1277.7063,115.99939,-0.34998018,-0.92432946,58.197693,13.40509
1.5-473-550,0.4979591837,0.9959183674,0.9671530517310813,0.0008696541019,1.5,473.0,550.0,657.392,1.0560001,362.09842,562.7259,-94.66614,0.34390265,-0.71209747,467.65726,105.55884
1.5-473-550,0.1469879518,0.2939759036,0.9999999997775775,0.0008991897406,1.5,473.0,550.0,827.7535,-5.322157e-09,74.392715,932.90466,105.151184,-0.64280444,-0.64280444,-56.494232,-130.88695
1.5-473-550,0.3349397591,0.6698795182,0.09831793590232207,-8.84064793e-05,1.5,473.0,550.0,561.69995,1.6792927,551.9524,561.532,-0.16796875,1.7235485,0.044255853,551.0228,-0.9295654
1.5-473-550,0.365060241,0.730120482,0.998978267368595,-0.0008982710093,1.5,473.0,550.0,1125.976,0.04074567,46.560028,1140.3765,14.400513,-0.9273514,-0.9680971,51.835907,5.275879
1.5-473-550,0.191566265,0.38313253,0.9071317792997667,0.0008156835895,1.5,473.0,550.0,634.0803,1.1235683,429.58844,582.75323,-51.327087,0.9257466,-0.19782168,540.5788,110.99036
1.5-473-550,0.4244897959,0.8489795918,0.9956514833048237,0.0008952795992,1.5,473.0,550.0,698.49414,0.30066234,128.98401,732.18427,33.690125,-0.7434618,-1.0441241,262.89627,133.91226
1.5-473-550,0.4040816326,0.8081632652,0.8902853188558087,-0.0008005354251,1.5,473.0,550.0,784.35834,2.2324278,83.62718,706.692,-77.66632,1.807733,-0.42469478,269.75232,186.12514
1.5-473-550,0.3469879518,0.6939759036,0.6021818746711394,0.0005414757638,1.5,473.0,550.0,626.79846,1.8789078,447.52673,613.55774,-13.240723,1.940574,0.06166625,459.35004,11.823303
1.5-473-550,0.2108433735,0.421686747,0.4163512323516047,-0.0003743787567,1.5,473.0,550.0,516.2973,1.2892526,605.8874,504.23642,-12.060883,1.1381367,-0.1511159,640.71454,34.82715
1.5-473-550,0.4673469388,0.9346938776,0.9993254186825348,0.0008985831642,1.5,473.0,550.0,659.48535,0.032494303,353.64752,600.9951,-58.490234,-0.33401006,-0.36650437,406.23517,52.587646
1.5-473-550,0.3204819277,0.6409638554,0.9973789933391554,0.0008968329585,1.5,473.0,550.0,1157.295,0.08981799,44.99936,1278.2097,120.91467,-0.72001404,-0.80983204,50.910248,5.9108887
1.5-473-550,0.286746988,0.573493976,0.4163512323516047,-0.0003743787567,1.5,473.0,550.0,549.137,1.5235738,568.3085,546.28906,-2.8479614,1.4884187,-0.035155058,592.70074,24.392273
1.5-473-550,0.1313253012,0.2626506024,0.9996041061370615,-0.0008988337571,1.5,473.0,550.0,758.6688,0.014799053,91.13785,793.4104,34.741577,-0.59929496,-0.614094,-22.869781,-114.00763
1.5-473-550,0.178313253,0.356626506,0.6600967573005477,-0.0005935522321,1.5,473.0,550.0,516.4857,1.1167247,605.6779,492.104,-24.381714,1.067139,-0.0495857,640.8659,35.18799
1.5-473-550,0.1506024096,0.3012048192,0.29146971579860803,-0.0002620865782,1.5,473.0,550.0,488.92764,1.0998689,634.2152,485.22296,-3.7046814,1.0860753,-0.013793588,640.4346,6.2193604
1.5-473-550,0.1963855422,0.3927710844,0.9993254186825348,0.0008985831642,1.5,473.0,550.0,1172.1099,0.015095526,44.312195,1233.8788,61.76892,-0.6319937,-0.64708924,2.705964,-41.60623
1.5-473-550,0.3120481928,0.6240963856,0.9215172744995802,0.0008286188792,1.5,473.0,550.0,868.6726,1.6187761,67.98062,910.77386,42.101257,1.4548349,-0.16394114,104.795334,36.814713
1.5-473-550,0.2421686747,0.4843373494,0.9996041060258503,0.000898833757,1.5,473.0,550.0,1248.1995,0.008557254,41.10135,1327.9597,79.760254,-0.6231678,-0.6317251,39.79248,-1.3088684
1.5-473-550,0.343373494,0.686746988,0.9956514833048237,-0.0008952795992,1.5,473.0,550.0,1130.3226,0.16602409,46.329468,1217.5496,87.22693,-0.7853227,-0.9513468,49.233643,2.9041748
1.5-473-550,0.126506024,0.253012048,0.22784103821928303,0.0002048723241,1.5,473.0,550.0,477.82767,1.097809,645.29926,480.95596,3.128296,1.0900912,-0.0077177286,640.37897,-4.920288
1.5-473-550,0.1831325301,0.3662650602,0.9531521909241071,0.0008570646715,1.5,473.0,550.0,740.53094,0.8926435,102.16562,832.4735,91.942566,0.2727747,-0.6198688,91.38953,-10.776093
1.5-473-550,0.3783132531,0.7566265062,0.9531521909241071,-0.0008570646715,1.5,473.0,550.0,916.4288,1.6013782,62.054688,837.923,-78.5058,0.6462789,-0.9550993,173.94478,111.89009
1.5-473-550,0.08367346941,0.16734693882,0.9671530515086588,-0.0008696541017,1.5,473.0,550.0,473.00003,0.34286332,649.85333,471.57104,-1.4289856,0.17708105,-0.16578227,648.4924,-1.3609619
1.5-473-550,0.2024096385,0.404819277,0.9844268823757469,-0.0008851865532,1.5,473.0,550.0,1166.7903,0.37429428,44.55545,1208.1388,41.34851,-0.459943,-0.8342373,19.930115,-24.625336
1.5-473-550,0.1722891566,0.3445783132,0.7892004020960466,0.000709640905,1.5,473.0,550.0,528.8139,1.0605056,591.969,495.2731,-33.540802,1.0054454,-0.055060267,641.5153,49.546326
1.5-473-550,0.1493975903,0.2987951806,0.8705746216627653,-0.0007828117684,1.5,473.0,550.0,525.42444,0.93880594,595.7381,483.1525,-42.271942,0.87704295,-0.06176299,649.72644,53.988342
1.5-473-550,0.1939759036,0.3879518072,0.7098470004029654,0.0006382871403,1.5,473.0,550.0,532.2207,1.1856393,588.1806,503.78766,-28.433044,1.0729154,-0.11272383,639.3006,51.119995
1.5-473-550,0.256626506,0.513253012,0.4163512323516047,-0.0003743787567,1.5,473.0,550.0,530.67413,1.4227322,589.90045,527.73535,-2.9387817,1.3100181,-0.11271417,621.973,32.07257
1.5-473-550,0.1855421686,0.3710843372,0.9844268823757469,0.0008851865532,1.5,473.0,550.0,977.34143,0.36156285,56.282806,1124.2471,146.90564,-0.46166795,-0.8232308,-2.3901358,-58.672943
1.5-473-550,0.09795918369,0.19591836738,1.0,-0.0008991897408,1.5,473.0,550.0,473.0043,-5.322157e-09,649.8493,583.17645,110.17215,-0.41889113,-0.41889113,338.88904,-310.96027
1.5-473-550,0.06530612246,0.13061224492,0.8705746216627653,-0.0007828117684,1.5,473.0,550.0,473.00003,0.7879935,649.85333,450.16864,-22.83139,0.7590099,-0.028983593,650.4645,0.611145
1.5-473-550,0.04489795918,0.08979591836,0.7892004020960466,-0.000709640905,1.5,473.0,550.0,473.00003,0.8991197,649.85333,453.66693,-19.3331,0.89757526,-0.001544416,638.5387,-11.314636
1.5-473-550,0.2674698795,0.534939759,0.8475322498919685,0.0007620923041,1.5,473.0,550.0,680.63525,1.6328388,223.35037,661.34265,-19.292603,1.4748544,-0.1579845,394.17334,170.82297
1.5-473-550,0.1746987951,0.3493975902,0.7892004020960466,-0.000709640905,1.5,473.0,550.0,530.95776,1.0700407,589.58496,497.1789,-33.77887,1.0077848,-0.06225586,641.0759,51.490967
1.5-473-550,0.1819277108,0.3638554216,0.9671530515086588,0.0008696541017,1.5,473.0,550.0,824.0671,0.70399785,75.28874,973.02563,148.95856,-0.13303095,-0.8370288,20.138977,-55.149765
1.5-473-550,0.3698795181,0.7397590362,0.22784103833049427,-0.0002048723242,1.5,473.0,550.0,602.43335,1.9136775,489.4996,589.9998,-12.433533,1.9285014,0.014823914,497.5733,8.0737
1.5-473-550,0.3771084338,0.7542168676,0.16340484119544796,0.0001469319568,1.5,473.0,550.0,605.9395,1.958012,483.995,590.3721,-15.567444,1.9524018,-0.0056102276,493.95773,9.962738
1.5-473-550,0.1144578313,0.2289156626,0.9337895728803226,-0.000839654004,1.5,473.0,550.0,505.39725,0.7155975,617.54803,467.7597,-37.637543,0.5389156,-0.17668194,667.2985,49.75049
1.5-473-550,0.2662650602,0.5325301204,0.9980223152919674,0.000897411427,1.5,473.0,550.0,1206.104,0.055491205,42.80957,1333.9502,127.84619,-0.61761004,-0.67310125,49.3114,6.501831
1.5-473-550,0.1108433734,0.2216867468,0.9337895728803226,-0.000839654004,1.5,473.0,550.0,500.03473,0.6964269,622.97485,465.5228,-34.511932,0.5332467,-0.16318023,667.756,44.781128
1.5-473-550,0.03673469387,0.07346938774,0.993141646395439,0.0008930227796,1.5,473.0,550.0,473.00003,0.06673389,649.85333,464.97086,-8.029175,-0.06914092,-0.13587481,640.8136,-9.039734
1.5-473-550,0.06326530613,0.12653061226,0.9531521909241071,0.0008570646715,1.5,473.0,550.0,473.00003,0.46373558,649.85333,453.58255,-19.41748,0.32033968,-0.1433959,664.91797,15.064636
1.5-473-550,0.03469387754,0.06938775508,0.22784103821928303,0.0002048723241,1.5,473.0,550.0,473.00003,1.2305847,649.85333,468.62115,-4.3788757,1.1238674,-0.10671735,640.50824,-9.345093
1.5-473-550,0.1903614457,0.3807228914,0.9999999997775775,0.0008991897406,1.5,473.0,550.0,1112.4591,-5.322157e-09,47.30725,1212.4713,100.01221,-0.64138037,-0.64138037,-5.24771,-52.554962
1.5-473-550,0.2421686747,0.4843373494,0.6600967573005477,-0.0005935522321,1.5,473.0,550.0,558.16046,1.4113406,556.7054,536.07666,-22.083801,1.2500116,-0.16132903,616.19257,59.487183
1.5-473-550,0.3855421687,0.7710843374,0.9726063657286781,0.0008745576659,1.5,473.0,550.0,974.6695,1.2219944,56.50717,901.8491,-72.82037,-0.41146678,-1.6334612,136.09439,79.58722
1.5-473-550,0.3626506025,0.725301205,0.8705746216627653,-0.0007828117684,1.5,473.0,550.0,772.9203,2.0457623,87.10277,731.18964,-41.73065,2.122402,0.07663965,203.6576,116.554825
1.5-473-550,0.4775510204,0.9551020408,0.8705746216627653,0.0007828117684,1.5,473.0,550.0,658.00134,1.4879279,359.63864,628.30896,-29.692383,1.3651305,-0.12279737,395.22183,35.58319
1.5-473-550,0.3710843374,0.7421686748,0.03282169734692774,-2.951293353e-05,1.5,473.0,550.0,597.7291,1.9052495,496.61044,579.29474,-18.434387,1.9097948,0.004545331,510.08133,13.470886
1.5-473-550,0.1469879518,0.2939759036,0.9071317792997667,0.0008156835895,1.5,473.0,550.0,535.92664,0.89037377,584.0596,484.02008,-51.906555,0.7619773,-0.12839645,657.5957,73.53613
1.5-473-550,0.1771084337,0.3542168674,0.9999999997775775,0.0008991897406,1.5,473.0,550.0,1003.1512,-5.322157e-09,54.280975,1148.6012,145.45001,-0.6476092,-0.6476092,-23.832977,-78.11395
1.5-473-550,0.3843373495,0.768674699,0.7525573838264147,0.0006766918789,1.5,473.0,550.0,667.3149,2.200372,282.9074,678.4919,11.177002,2.1251433,-0.07522869,329.3768,46.46939
1.5-473-550,0.386746988,0.773493976,0.9993254186825348,-0.0008985831642,1.5,473.0,550.0,1106.8807,0.029888326,47.580322,1021.84906,-85.03168,-1.0160806,-1.0459689,79.16705,31.586731
1.5-473-550,0.3156626506,0.6313253012,0.16340484097302546,-0.0001469319566,1.5,473.0,550.0,547.102,1.5944983,570.97925,552.94934,5.847351,1.6195973,0.02509904,571.1981,0.21887207
1.5-473-550,0.3469879518,0.6939759036,0.9215172744995802,-0.0008286188792,1.5,473.0,550.0,860.00275,1.7548484,69.18359,826.7078,-33.29492,1.8113333,0.056484938,100.745316,31.561722
1.5-473-550,0.2204819277,0.4409638554,0.9915009044774012,0.0008915474413,1.5,473.0,550.0,1265.6243,0.20578694,40.45346,1282.7048,17.080566,-0.5408694,-0.74665636,32.39215,-8.06131
1.5-473-550,0.1301204819,0.2602409638,0.998978267368595,-0.0008982710093,1.5,473.0,550.0,748.8872,0.04498368,94.731094,778.4207,29.533508,-0.5849412,-0.6299249,-12.717803,-107.4489
1.5-473-550,0.4142857143,0.8285714286,0.7892004020960466,-0.000709640905,1.5,473.0,550.0,687.79083,2.2875814,150.03062,686.55994,-1.230896,2.0443418,-0.24323964,307.40164,157.37102
1.5-473-550,0.3686746988,0.7373493976,0.2914697156873968,0.0002620865781,1.5,473.0,550.0,605.0656,1.9159567,485.36694,593.7576,-11.307983,1.9359142,0.019957423,492.35257,6.985626
1.5-473-550,0.4734693878,0.9469387756,0.9772248215579286,-0.000878710534,1.5,473.0,550.0,658.6449,0.9018123,357.04068,578.1723,-80.472595,0.14518636,-0.75662595,446.268,89.227325
1.5-473-550,0.3819277109,0.7638554218,0.22784103821928303,0.0002048723241,1.5,473.0,550.0,612.38086,2.002921,473.59393,597.7362,-14.644653,1.9842726,-0.018648505,481.88788,8.293945
1.5-473-550,0.2108433734,0.4216867468,0.9915009044774012,-0.0008915474413,1.5,473.0,550.0,1261.1561,0.20752001,40.618347,1258.9752,-2.1809082,-0.5440325,-0.7515525,23.64087,-16.977478
1.5-473-550,0.2192771084,0.4385542168,0.9811301446957078,-0.0008822221605,1.5,473.0,550.0,1221.3049,0.4436195,42.167267,1252.333,31.028076,-0.41102284,-0.85464233,40.596893,-1.5703735
1.5-473-550,0.3783132531,0.7566265062,0.9999999997775775,-0.0008991897406,1.5,473.0,550.0,1118.6594,-5.322157e-09,46.97574,1075.1129,-43.54651,-0.9973658,-0.9973658,63.396423,16.420685
1.5-473-550,0.07142857145,0.1428571429,0.9996041060258503,0.000898833757,1.5,473.0,550.0,473.00003,0.0032654947,649.85333,505.3904,32.39038,-0.25678736,-0.26005286,553.5689,-96.284424
1.5-473-550,0.2289156626,0.4578313252,0.960723235489121,-0.0008638724771,1.5,473.0,550.0,1105.7467,0.89354384,47.664307,1197.3726,91.625854,-0.048186783,-0.9417306,73.692505,26.028198
1.5-473-550,0.3566265061,0.7132530122,0.9999999997775775,0.0008991897406,1.5,473.0,550.0,1138.0325,-5.322157e-09,45.971313,1178.1919,40.159424,-0.9002715,-0.9002715,48.32071,2.3493958
1.5-473-550,0.3180722892,0.6361445784,0.8475322498919685,-0.0007620923041,1.5,473.0,550.0,714.3261,1.8543984,120.0291,693.00366,-21.322449,1.923358,0.068959594,279.54987,159.52077
1.5-473-550,0.3891566266,0.7783132532,0.7892004020960466,0.000709640905,1.5,473.0,550.0,687.6173,2.2814043,166.03728,692.0775,4.460205,2.1214988,-0.15990543,301.1677,135.13042
1.5-473-550,0.4775510204,0.9551020408,0.9442484491033019,-0.0008490585182,1.5,473.0,550.0,658.1869,1.2365495,358.88943,585.7901,-72.39679,0.68159276,-0.55495673,452.18967,93.30023
1.5-473-550,0.4367346939,0.8734693878,0.998978267368595,0.0008982710093,1.5,473.0,550.0,673.0648,0.06113177,229.58945,683.6054,10.540588,-0.6669032,-0.728035,309.99402,80.40457
1.5-473-550,0.3012048193,0.6024096386,0.9671530515086588,-0.0008696541017,1.5,473.0,550.0,1020.7808,0.99995047,52.965576,1251.4502,230.66937,-0.16507393,-1.1650244,81.07048,28.104904
1.5-473-550,0.2746987952,0.5493975904,0.8206166047262803,0.0007378900321,1.5,473.0,550.0,656.4818,1.6425105,356.35568,636.8906,-19.591187,1.5300578,-0.112452745,433.653,77.29733
1.5-473-550,0.1638554216,0.3277108432,0.9895407848051817,-0.0008897849218,1.5,473.0,550.0,852.6051,0.27356875,70.20825,1000.25226,147.64716,-0.5242823,-0.797851,-34.699677,-104.90793
1.5-473-550,0.0,0.0,0.9215671388362886,-0.0008286637167,1.5,473.0,550.0,473.00003,0.90842825,649.85333,443.85098,-29.149048,0.4641253,-0.44430295,662.5579,12.70459
1.5-473-550,0.0897959184,0.1795918368,0.9996041061370615,-0.0008988337571,1.5,473.0,550.0,473.00003,0.0032549447,649.85333,550.64453,77.6445,-0.35672992,-0.35998487,432.4542,-217.39914
1.5-473-550,0.3409638555,0.681927711,0.9985491866279087,0.0008978851843,1.5,473.0,550.0,1146.0542,0.052626725,45.553528,1229.4384,83.384155,-0.8123023,-0.864929,48.006653,2.453125
1.5-473-550,0.4734693878,0.9469387756,0.9915009044774012,0.0008915474413,1.5,473.0,550.0,658.68713,0.45522216,356.87,584.62854,-74.05859,-0.12998897,-0.58521116,430.6558,73.7858
1.5-473-550,0.3493975904,0.6987951808,0.9844268823757469,-0.0008851865532,1.5,473.0,550.0,1068.5715,0.6099583,49.78293,1174.8175,106.24597,-0.6363799,-1.2463381,55.220673,5.437744
1.5-473-550,0.3493975904,0.6987951808,0.960723235489121,0.0008638724771,1.5,473.0,550.0,960.2489,1.3077418,57.78772,1092.9874,132.73853,0.04764628,-1.2600955,75.45186,17.664139
1.5-473-550,0.05714285715,0.1142857143,0.9980223152919674,0.000897411427,1.5,473.0,550.0,473.00003,0.019544417,649.85333,483.64413,10.644104,-0.17926794,-0.19881237,604.45764,-45.39569
1.5-473-550,0.1192771084,0.2385542168,0.9531521909241071,0.0008570646715,1.5,473.0,550.0,524.7063,0.67385095,596.5366,492.31845,-32.387848,0.35363418,-0.32021677,637.07715,40.540527
1.5-473-550,0.3313253012,0.6626506024,0.8902853187445975,0.000800535425,1.5,473.0,550.0,802.7755,1.8368195,79.517975,755.0639,-47.71161,1.9707952,0.13397563,159.56258,80.0446
1.5-473-550,0.3506024097,0.7012048194,0.47796385156444166,-0.0004297801918,1.5,473.0,550.0,609.72314,1.8514897,477.8145,598.213,-11.510132,1.9037421,0.05225241,488.60553,10.791016
1.5-473-550,0.1036144578,0.2072289156,0.9872047710533666,0.0008876844022,1.5,473.0,550.0,568.3624,0.26165384,542.5063,551.6482,-16.714233,-0.19482619,-0.45648003,450.60272,-91.903564
1.5-473-550,0.1289156626,0.2578313252,0.3542741437603377,0.0003185596755,1.5,473.0,550.0,479.97958,1.0818022,643.25726,480.11905,0.13946533,1.081118,-0.0006842613,636.4251,-6.8321533
1.5-473-550,0.5,1.0,0.890355102903772,0.0008005981742,1.5,473.0,550.0,657.33636,1.4519824,362.323,599.7394,-57.596985,1.1138738,-0.33810854,433.03076,70.70776
1.5-473-550,0.0897959184,0.1795918368,0.998978267368595,-0.0008982710093,1.5,473.0,550.0,473.00003,0.009681398,649.85333,548.42145,75.42142,-0.34485072,-0.35453212,439.65607,-210.19727
1.5-473-550,0.2710843374,0.5421686748,0.9215172744995802,-0.0008286188792,1.5,473.0,550.0,875.7782,1.4926052,67.01813,956.1311,80.352905,1.1524534,-0.3401518,135.28723,68.269104
1.5-473-550,0.2265060241,0.4530120482,0.8206166047262803,0.0007378900321,1.5,473.0,550.0,619.4909,1.4095908,460.16983,574.8146,-44.67633,1.1356192,-0.27397168,566.0178,105.84799
1.5-473-550,0.3626506025,0.725301205,0.7892004020960466,0.000709640905,1.5,473.0,550.0,673.64105,2.0667474,231.16069,683.34467,9.703613,2.1144838,0.047736406,314.5171,83.3564
1.5-473-550,0.2734939759,0.5469879518,0.22784103821928303,0.0002048723241,1.5,473.0,550.0,527.4607,1.4563506,593.4737,531.8266,4.365906,1.3874377,-0.068912864,611.46155,17.987854
1.5-473-550,0.4591836735,0.918367347,0.7525573838264147,-0.0006766918789,1.5,473.0,550.0,659.2175,1.6564691,354.7289,661.201,1.9834595,1.9009237,0.24445462,339.82077,-14.908142
1.5-473-550,0.2301204819,0.4602409638,0.7892004020960466,-0.000709640905,1.5,473.0,550.0,601.9594,1.4083569,489.48944,560.98083,-40.978577,1.1631972,-0.24515975,583.3794,93.88995
1.5-473-550,0.330120482,0.660240964,0.9872047710533666,-0.0008876844022,1.5,473.0,550.0,1100.2897,0.46210283,47.933105,1241.2717,140.98206,-0.6092877,-1.0713905,55.976715,8.04361
1.5-473-550,0.2662650602,0.5325301204,0.8902853187445975,0.000800535425,1.5,473.0,550.0,786.7077,1.6086293,83.966095,758.9585,-27.749207,1.4716506,-0.13697875,250.1518,166.1857
1.5-473-550,0.4673469388,0.9346938776,0.9811301446957078,0.0008822221605,1.5,473.0,550.0,659.42883,0.8149122,353.8758,584.64136,-74.787476,0.044752356,-0.77015984,435.62674,81.750946
1.5-473-550,0.2939759036,0.5879518072,0.960723235489121,-0.0008638724771,1.5,473.0,550.0,998.3344,1.1135759,54.62329,1237.5565,239.2221,-0.014043158,-1.1276191,89.21088,34.587585
1.5-473-550,0.04081632652,0.08163265304,0.09831793590232207,-8.84064793e-05,1.5,473.0,550.0,473.00003,1.2503611,649.85333,471.3845,-1.6155396,1.1354226,-0.1149385,647.2548,-2.5985107
1.5-473-550,0.113253012,0.226506024,0.9844268823757469,0.0008851865532,1.5,473.0,550.0,584.14594,0.4018712,515.5666,577.65027,-6.4956665,-0.1920684,-0.5939396,382.8699,-132.69669
1.5-473-550,0.2927710844,0.5855421688,0.9844268823757469,-0.0008851865532,1.5,473.0,550.0,1115.9166,0.48979962,47.097504,1300.3779,184.4613,-0.4767062,-0.9665058,64.03024,16.93274
1.5-473-550,0.3590361446,0.7180722892,0.4163512326852384,0.000374378757,1.5,473.0,550.0,607.9233,1.8821547,480.80765,597.83185,-10.091431,1.9238513,0.04169655,487.85284,7.0451965
1.5-473-550,0.05510204082,0.11020408164,0.8475322498919685,0.0007620923041,1.5,473.0,550.0,473.00003,0.826825,649.85333,450.581,-22.419037,0.80438495,-0.022440076,646.06726,-3.7860718
1.5-473-550,0.2228915663,0.4457831326,0.03282169735804886,2.951293354e-05,1.5,473.0,550.0,512.8059,1.3293713,609.76984,508.1312,-4.674713,1.2096485,-0.11972284,637.40497,27.635132
1.5-473-550,0.2180722891,0.4361445782,0.03282169735804886,2.951293354e-05,1.5,473.0,550.0,511.52573,1.3180076,611.1934,506.3951,-5.130615,1.1973721,-0.12063551,638.8721,27.67865
1.5-473-550,0.1831325301,0.3662650602,0.6600967573005477,0.0005935522321,1.5,473.0,550.0,519.3542,1.1361501,602.48816,494.5517,-24.80249,1.0716839,-0.06446624,641.0685,38.580322
1.5-473-550,0.3048192771,0.6096385542,0.9915009044774012,-0.0008915474413,1.5,473.0,550.0,1140.2552,0.28062677,45.839417,1297.0107,156.7555,-0.59956115,-0.8801879,56.904633,11.065216
1.5-473-550,0.169879518,0.339759036,0.29146971579860803,-0.0002620865782,1.5,473.0,550.0,497.28336,1.1337359,625.7593,490.04327,-7.240082,1.0936649,-0.04007101,641.96405,16.204773
1.5-473-550,0.4836734694,0.9673469388,0.9985491866279087,0.0008978851843,1.5,473.0,550.0,657.8789,0.07512175,360.13293,579.2911,-78.58783,-0.1982984,-0.27342016,434.7765,74.643555
1.5-473-550,0.4183673469,0.8367346938,0.9996041060258503,0.000898833757,1.5,473.0,550.0,721.17847,0.02293777,108.70511,791.8246,70.64612,-0.90922385,-0.9321616,212.129,103.42389
1.5-473-550,0.4204081632,0.8408163264,0.6600967573005477,0.0005935522321,1.5,473.0,550.0,659.8867,2.2792103,345.0625,665.72614,5.8394165,2.1192975,-0.15991282,354.25946,9.19696
1.5-473-550,0.4918367347,0.9836734694,0.9811301446957078,-0.0008822221605,1.5,473.0,550.0,657.5362,0.8189053,361.5164,565.4845,-92.0517,0.13039058,-0.6885147,459.4756,97.9592
1.5-473-550,0.1734939759,0.3469879518,0.9726063657286781,0.0008745576659,1.5,473.0,550.0,784.637,0.6388976,83.761566,946.7857,162.14868,-0.23750061,-0.8763982,2.6740427,-81.087524
1.5-473-550,0.1891566265,0.378313253,0.3542741437603377,0.0003185596755,1.5,473.0,550.0,506.4349,1.1932425,616.4979,495.67947,-10.755432,1.1059461,-0.087296486,642.0688,25.570862
1.5-473-550,0.1289156626,0.2578313252,0.9872047710533666,0.0008876844022,1.5,473.0,550.0,646.0445,0.48790258,402.86517,680.5747,34.530212,-0.35548562,-0.8433882,120.37599,-282.4892
1.5-473-550,0.104819277,0.209638554,0.960723235489121,0.0008638724771,1.5,473.0,550.0,502.43295,0.5315079,620.54785,484.78055,-17.652405,0.2513057,-0.2802022,639.2007,18.652832
1.5-473-550,0.004081632618,0.008163265236,0.9872047710533666,-0.0008876844022,1.5,473.0,550.0,473.00003,0.14137644,649.85333,453.3176,-19.682434,0.029615873,-0.111760564,657.76025,7.9069214
1.5-473-550,0.4285714286,0.8571428572,0.9726063657286781,0.0008745576659,1.5,473.0,550.0,686.89667,1.1269599,149.60796,637.0796,-49.817078,0.024107153,-1.1028528,368.96313,219.35518
1.5-473-550,0.3277108434,0.6554216868,0.9772248215579286,-0.000878710534,1.5,473.0,550.0,1051.0338,0.79677266,50.903625,1227.4723,176.43848,-0.419257,-1.2160296,64.36063,13.457001
1.5-473-550,0.2554216867,0.5108433734,0.16340484119544796,0.0001469319568,1.5,473.0,550.0,521.28534,1.4091835,600.34076,522.02167,0.7363281,1.3037235,-0.10546005,623.81134,23.470581
1.5-473-550,0.2530120482,0.5060240964,0.6021818746711394,0.0005414757638,1.5,473.0,550.0,553.7139,1.4410344,562.308,537.12213,-16.591797,1.3119296,-0.12910485,614.29016,51.982178
1.5-473-550,0.1975903614,0.3951807228,0.9999999997775775,-0.0008991897406,1.5,473.0,550.0,1187.1001,-5.322157e-09,43.653717,1240.0717,52.971558,-0.6379656,-0.6379656,3.804719,-39.849
1.5-473-550,0.2361445783,0.4722891566,0.9895407849163931,0.0008897849219,1.5,473.0,550.0,1222.5414,0.26782137,42.118256,1304.7507,82.20935,-0.51473695,-0.7825583,45.001923,2.883667
1.5-473-550,0.2734939759,0.5469879518,0.9215172744995802,0.0008286188792,1.5,473.0,550.0,874.38934,1.4998841,67.21228,956.6278,82.238464,1.1632164,-0.33666778,133.43231,66.22003
1.5-473-550,0.2301204819,0.4602409638,0.9844268823757469,-0.0008851865532,1.5,473.0,550.0,1219.2554,0.37927067,42.252014,1284.634,65.37866,-0.45265836,-0.831929,45.949738,3.6977234
1.5-473-550,0.2457831325,0.491566265,0.7098470004029654,-0.0006382871403,1.5,473.0,550.0,581.3638,1.4478059,522.1963,549.1425,-32.221252,1.2721955,-0.17561042,599.0854,76.8891
1.5-473-550,0.3843373495,0.768674699,0.6021818746711394,-0.0005414757638,1.5,473.0,550.0,644.0302,2.1227748,408.41763,640.7297,-3.300537,2.0825455,-0.04022932,404.79163,-3.626007
1.5-473-550,0.3277108434,0.6554216868,0.8705746216627653,-0.0007828117684,1.5,473.0,550.0,763.55884,1.8728611,90.442,722.94867,-40.61017,1.9861208,0.11325967,211.86668,121.42468
1.5-473-550,0.2626506024,0.5253012048,0.9337895728803226,-0.000839654004,1.5,473.0,550.0,920.94745,1.3774061,61.653015,1069.7175,148.77008,0.74040544,-0.6370007,119.84808,58.19507
1.5-473-550,0.308433735,0.61686747,0.9215172744995802,0.0008286188792,1.5,473.0,550.0,869.0443,1.6083721,67.93082,918.3754,49.331116,1.4186649,-0.18970716,107.265625,39.33481
1.5-473-550,0.1746987951,0.3493975902,0.9965972946963587,0.0008961300631,1.5,473.0,550.0,960.9122,0.083692364,57.707733,1119.3795,158.46735,-0.6132789,-0.6969713,-25.889221,-83.596954
1.5-473-550,0.395180723,0.790361446,0.9915009044774012,0.0008915474413,1.5,473.0,550.0,1055.8691,0.45804358,50.591675,928.4687,-127.40045,-0.89830333,-1.3563468,120.521835,69.93016
1.5-473-550,0.3168674699,0.6337349398,0.9973789933391554,0.0008968329585,1.5,473.0,550.0,1160.1,0.088614635,44.86209,1285.1599,125.05994,-0.70834357,-0.7969582,51.348145,6.4860535
1.5-473-550,0.156626506,0.313253012,0.9931416465066502,-0.0008930227797,1.5,473.0,550.0,828.4382,0.20223898,74.190414,965.5524,137.11426,-0.5664297,-0.76866865,-44.400604,-118.59102
1.5-473-550,0.2578313253,0.5156626506,0.16340484119544796,0.0001469319568,1.5,473.0,550.0,521.8429,1.4148935,599.72076,523.1294,1.286499,1.3141017,-0.10079181,622.4007,22.679932
1.5-473-550,0.2795180723,0.5590361446,0.6600967573005477,-0.0005935522321,1.5,473.0,550.0,598.60046,1.5797676,494.85837,567.4833,-31.117188,1.5175563,-0.062211275,563.5637,68.70535
1.5-473-550,0.2108433734,0.4216867468,0.9999999997775775,0.0008991897406,1.5,473.0,550.0,1294.2045,-5.322157e-09,39.923004,1279.4185,-14.786011,-0.63237494,-0.63237494,17.903015,-22.019989
1.5-473-550,0.3698795181,0.7397590362,0.9671530515086588,0.0008696541017,1.5,473.0,550.0,967.03265,1.2687272,57.17517,1000.9768,33.944153,-0.2244783,-1.4932055,91.0267,33.851532
1.5-473-550,0.3361445784,0.6722891568,0.22784103821928303,0.0002048723241,1.5,473.0,550.0,570.2196,1.7026895,540.05115,568.1533,-2.0662842,1.7482666,0.04557705,542.5672,2.5160522
1.5-473-550,0.234939759,0.469879518,0.9772248215579286,0.000878710534,1.5,473.0,550.0,1169.8541,0.56685615,44.417908,1273.952,104.0979,-0.35053462,-0.91739076,56.704712,12.286804
1.5-473-550,0.4346938775,0.869387755,0.9844268823757469,0.0008851865532,1.5,473.0,550.0,675.5115,0.82722306,208.05916,644.9101,-30.60138,-0.29139894,-1.1186221,354.9573,146.89815
1.5-473-550,0.2421686747,0.4843373494,0.9985491866279087,-0.0008978851843,1.5,473.0,550.0,1243.9342,0.03699642,41.270416,1326.4069,82.47266,-0.6126471,-0.64964354,40.608856,-0.66156006
1.5-473-550,0.2578313253,0.5156626506,0.9772248215579286,0.000878710534,1.5,473.0,550.0,1116.1356,0.6281672,47.08734,1296.606,180.47034,-0.34696072,-0.97512794,67.46533,20.37799
1.5-473-550,0.2192771084,0.4385542168,0.2914697156873968,0.0002620865781,1.5,473.0,550.0,514.9539,1.319413,607.3813,507.0926,-7.861328,1.1676915,-0.15172148,638.9013,31.52002
1.5-473-550,0.3096385542,0.6192771084,0.999825745120423,0.0008990330526,1.5,473.0,550.0,1176.3909,0.0032791442,44.116394,1300.4089,124.01807,-0.7157586,-0.7190378,50.461975,6.345581
1.5-473-550,0.2457831325,0.491566265,0.9726063657286781,-0.0008745576659,1.5,473.0,550.0,1114.0653,0.7167269,47.20172,1275.5258,161.46045,-0.27457303,-0.9912999,68.18326,20.981537
1.5-473-550,0.2457831325,0.491566265,0.9973789933391554,0.0008968329585,1.5,473.0,550.0,1230.6659,0.069936566,41.796295,1327.3633,96.69739,-0.6011812,-0.6711178,43.18225,1.3859558
1.5-473-550,0.2060240963,0.4120481926,0.9945113832197316,-0.0008942544329,1.5,473.0,550.0,1234.0505,0.13413763,41.66214,1252.838,18.787476,-0.57884413,-0.71298176,16.552277,-25.109863
1.5-473-550,0.4061224489,0.8122448978,0.4163512323516047,-0.0003743787567,1.5,473.0,550.0,637.84216,2.222599,424.31387,628.9911,-8.851074,2.1021597,-0.12043929,426.312,1.9981384
1.5-473-550,0.2951807229,0.5903614458,0.9999999997775775,-0.0008991897406,1.5,473.0,550.0,1186.4739,-5.322157e-09,43.674713,1319.507,133.03308,-0.6814602,-0.6814602,50.875824,7.201111
1.5-473-550,0.2746987952,0.5493975904,0.9811301448069191,0.0008822221606,1.5,473.0,550.0,1117.4419,0.5494885,47.01602,1305.783,188.34106,-0.4102636,-0.9597521,66.73746,19.721436
1.5-473-550,0.2554216867,0.5108433734,0.9811301448069191,0.0008822221606,1.5,473.0,550.0,1138.9196,0.517627,45.905273,1304.2334,165.31384,-0.40491086,-0.92253786,62.308716,16.403442
1.5-473-550,0.4877551021,0.9755102042,0.9071317792997667,-0.0008156835895,1.5,473.0,550.0,657.58954,1.3967235,361.30103,601.46747,-56.12207,1.0435867,-0.35313678,435.53256,74.23154
1.5-473-550,0.3204819277,0.6409638554,0.16340484119544796,0.0001469319568,1.5,473.0,550.0,551.1435,1.6155723,565.90674,555.7225,4.5789795,1.6475176,0.03194523,565.60974,-0.29699707
1.5-473-550,0.256626506,0.513253012,0.47796385156444166,0.0004297801918,1.5,473.0,550.0,536.1045,1.4293922,583.8619,530.3416,-5.7628784,1.3163314,-0.11306083,620.1912,36.329346
1.5-473-550,0.1301204819,0.2602409638,0.6021818746711394,-0.0005414757638,1.5,473.0,550.0,485.62872,1.0302509,637.5538,476.37924,-9.249481,1.0568998,0.026648879,632.8421,-4.71167
1.5-473-550,0.1518072289,0.3036144578,0.9993254186825348,0.0008985831642,1.5,473.0,550.0,847.1309,0.01907521,71.08118,968.8279,121.69696,-0.63993007,-0.6590053,-54.45822,-125.5394
1.5-473-550,0.2903614458,0.5807228916,0.9772248215579286,-0.000878710534,1.5,473.0,550.0,1081.0082,0.7023901,49.055817,1288.8344,207.82617,-0.3586282,-1.0610182,71.50748,22.45166
1.5-473-550,0.2987951807,0.5975903614,0.09831793589120096,8.840647929e-05,1.5,473.0,550.0,533.4205,1.5271199,586.84644,541.9252,8.5047,1.5209774,-0.006142497,590.4338,3.5873413
1.5-473-550,0.1204819277,0.2409638554,0.7892004020960466,0.000709640905,1.5,473.0,550.0,488.26276,0.93307734,634.8881,468.45493,-19.80783,0.9682756,0.03519827,638.5133,3.625183
1.5-473-550,0.1144578313,0.2289156626,0.999825745120423,0.0008990330526,1.5,473.0,550.0,694.6202,0.00655889,134.30217,668.99493,-25.625244,-0.5227371,-0.529296,124.05446,-10.247711
1.5-473-550,0.3891566266,0.7783132532,0.7525573838264147,0.0006766918789,1.5,473.0,550.0,669.62915,2.2474072,262.0241,679.966,10.336853,2.1251051,-0.122302055,326.66013,64.63602
1.5-473-550,0.256626506,0.513253012,0.8206166047262803,-0.0007378900321,1.5,473.0,550.0,648.0701,1.56866,393.2582,617.354,-30.716125,1.3649108,-0.20374918,483.1521,89.89389
1.5-473-550,0.1277108433,0.2554216866,0.9442484491033019,-0.0008490585182,1.5,473.0,550.0,530.6129,0.74670255,589.96844,489.92114,-40.691772,0.46635887,-0.28034368,647.60736,57.638916
1.5-473-550,0.2518072289,0.5036144578,0.9337895728803226,0.000839654004,1.5,473.0,550.0,921.7799,1.363562,61.58084,1054.635,132.8551,0.7259094,-0.6376526,122.29324,60.712402
1.5-473-550,0.4857142857,0.9714285714,0.6021818746711394,0.0005414757638,1.5,473.0,550.0,657.1657,1.7978648,363.01193,653.0919,-4.0737915,2.0187573,0.22089255,357.21136,-5.8005676
1.5-473-550,0.07346938777,0.14693877554,0.9895407848051817,0.0008897849218,1.5,473.0,550.0,473.00003,0.10803758,649.85333,490.02667,17.026642,-0.10970003,-0.21773762,598.76013,-51.0932
1.5-473-550,0.4877551021,0.9755102042,0.9071317792997667,0.0008156835895,1.5,473.0,550.0,657.58954,1.3967221,361.301,601.46747,-56.12207,1.0435867,-0.35313535,435.53256,74.23157
1.5-473-550,0.191566265,0.38313253,0.8475322498919685,-0.0007620923041,1.5,473.0,550.0,570.68866,1.1431621,537.56244,531.30206,-39.386597,0.9762106,-0.16695154,622.23785,84.675415
1.5-473-550,0.3903614458,0.7807228916,0.9071317792997667,0.0008156835895,1.5,473.0,550.0,826.3176,2.1260922,74.637054,728.70776,-97.60986,1.8213645,-0.30472767,229.7594,155.12234
1.5-473-550,0.4326530612,0.8653061224,0.4163512326852384,0.000374378757,1.5,473.0,550.0,647.073,2.1264813,400.02438,641.97034,-5.102661,2.1543586,0.02787733,401.02072,0.9963379
1.5-473-550,0.3759036145,0.751807229,0.960723235489121,-0.0008638724771,1.5,473.0,550.0,939.91376,1.4511788,59.65753,908.41125,-31.502502,0.12689745,-1.3242813,133.53912,73.88159
1.5-473-550,0.3746987952,0.7493975904,0.7525573838264147,-0.0006766918789,1.5,473.0,550.0,663.63763,2.1227398,312.38382,674.32263,10.684998,2.1169484,-0.0057914257,336.72208,24.338257
1.5-473-550,0.1204819277,0.2409638554,0.9973789933391554,0.0008968329585,1.5,473.0,550.0,696.20734,0.14900762,131.9738,692.8679,-3.3394165,-0.5116088,-0.6606164,83.87309,-48.100708
1.5-473-550,0.278313253,0.556626506,0.9895407848051817,-0.0008897849218,1.5,473.0,550.0,1154.0565,0.314156,45.159027,1318.8473,164.79077,-0.5297448,-0.8439008,58.714233,13.555206
1.5-473-550,0.4061224489,0.8122448978,0.960723235489121,-0.0008638724771,1.5,473.0,550.0,804.8137,1.6110151,78.90875,689.99426,-114.81946,0.33536702,-1.2756481,311.66867,232.75992
1.5-473-550,0.3277108434,0.6554216868,0.09831793589120096,8.840647929e-05,1.5,473.0,550.0,554.5244,1.6425047,561.44543,557.43524,2.9108276,1.6829009,0.040396214,559.54395,-1.9014893
1.5-473-550,0.113253012,0.226506024,0.7525573838264147,0.0006766918789,1.5,473.0,550.0,480.63528,0.947019,642.596,467.824,-12.811279,0.9937468,0.046727836,635.1283,-7.4677124
1.5-473-550,0.1542168674,0.3084337348,0.993141646395439,0.0008930227796,1.5,473.0,550.0,813.55664,0.20996946,77.062744,944.7319,131.17523,-0.5631407,-0.77311015,-45.22943,-122.292175
1.5-473-550,0.2710843374,0.5421686748,0.9337895728803226,0.000839654004,1.5,473.0,550.0,914.206,1.400063,62.352142,1073.916,159.71002,0.76298183,-0.6370812,117.323975,54.971832
1.5-473-550,0.1927710843,0.3855421686,0.47796385156444166,0.0004297801918,1.5,473.0,550.0,512.1622,1.2031708,610.4857,496.9884,-15.173767,1.1018966,-0.10127413,641.6921,31.20636
1.5-473-550,0.3759036145,0.751807229,0.4163512326852384,0.000374378757,1.5,473.0,550.0,619.7573,1.9947181,460.87335,609.78033,-9.97699,1.9999923,0.0052741766,463.81448,2.9411316
1.5-473-550,0.3204819277,0.6409638554,0.29146971579860803,-0.0002620865782,1.5,473.0,550.0,561.4462,1.6369901,552.3219,561.45544,0.009216309,1.66935,0.032359958,558.6179,6.2960205
1.5-473-550,0.3313253012,0.6626506024,0.9895407848051817,0.0008897849218,1.5,473.0,550.0,1110.8982,0.3806612,47.365692,1242.1482,131.25,-0.65007895,-1.0307401,54.171387,6.8056946
1.5-473-550,0.3421686747,0.6843373494,0.9999999997775775,-0.0008991897406,1.5,473.0,550.0,1151.4034,-5.322157e-09,45.311737,1227.9807,76.57727,-0.83515865,-0.83515865,47.2995,1.9877625
1.5-473-550,0.1891566265,0.378313253,0.09831793590232207,8.84064793e-05,1.5,473.0,550.0,502.64807,1.2013173,620.33014,496.6261,-6.0219727,1.1327543,-0.068562984,644.1006,23.770447
1.5-473-550,0.1240963855,0.248192771,0.960723235489121,-0.0008638724771,1.5,473.0,550.0,541.7814,0.6669696,577.2747,520.0581,-21.723267,0.24782103,-0.41914856,578.8319,1.55719
1.5-473-550,0.3228915663,0.6457831326,0.03282169734692774,-2.951293353e-05,1.5,473.0,550.0,548.3815,1.6163888,569.43866,552.63855,4.25708,1.6533502,0.036961436,566.7549,-2.6837769
1.5-473-550,0.1216867469,0.2433734938,0.9071317792997667,-0.0008156835895,1.5,473.0,550.0,505.44485,0.80832076,617.4998,465.15552,-40.289337,0.7161148,-0.09220594,662.522,45.022156
1.5-473-550,0.1313253012,0.2626506024,0.9671530515086588,0.0008696541017,1.5,473.0,550.0,568.5185,0.671123,542.5388,571.13666,2.618164,0.10995739,-0.56116563,440.19885,-102.339966
1.5-473-550,0.2698795181,0.5397590362,0.9811301448069191,0.0008822221606,1.5,473.0,550.0,1123.5812,0.53998315,46.68799,1306.7632,183.182,-0.40798718,-0.94797033,66.02536,19.337372
1.5-473-550,0.4387755102,0.8775510204,0.9726063657286781,0.0008745576659,1.5,473.0,550.0,670.39984,1.0471444,253.23512,615.7156,-54.684265,0.09789907,-0.94924533,397.43768,144.20256
1.5-473-550,0.06734693879,0.13469387758,0.9872047710533666,0.0008876844022,1.5,473.0,550.0,473.00003,0.13248372,649.85333,479.8555,6.8554688,-0.060045544,-0.19252926,620.1691,-29.684204
1.5-473-550,0.243373494,0.486746988,0.8705746216627653,-0.0007828117684,1.5,473.0,550.0,699.74536,1.5394009,169.96863,668.5857,-31.159668,1.2884427,-0.2509582,410.6247,240.65607
1.5-473-550,0.2084337349,0.4168674698,0.9973789933391554,-0.0008968329585,1.5,473.0,550.0,1270.712,0.062475976,40.265717,1267.1342,-3.5778809,-0.60758847,-0.67006445,17.19513,-23.070587
1.5-473-550,0.3373493976,0.6746987952,0.9531521909241071,0.0008570646715,1.5,473.0,550.0,943.1094,1.3875344,59.342834,1100.2192,157.10986,0.35943168,-1.0281026,80.67346,21.330627
1.5-473-550,0.3096385542,0.6192771084,0.3542741439827602,-0.0003185596757,1.5,473.0,550.0,559.42975,1.602954,554.982,557.82684,-1.6029053,1.618169,0.01521492,568.1486,13.166626
1.5-473-550,0.02653061223,0.05306122446,0.999825745120423,0.0008990330526,1.5,473.0,550.0,473.00003,0.0009172506,649.85333,465.1221,-7.8779297,-0.12267465,-0.1235919,638.3903,-11.463013
1.5-473-550,0.09387755105,0.1877551021,0.9071317792997667,0.0008156835895,1.5,473.0,550.0,473.00003,0.6901556,649.85333,454.20462,-18.79541,0.6689869,-0.021168709,661.4457,11.592346
1.5-473-550,0.3096385542,0.6192771084,0.9811301448069191,0.0008822221606,1.5,473.0,550.0,1086.6182,0.62026244,48.72592,1272.8134,186.19519,-0.45227164,-1.0725341,65.20886,16.48294
1.5-473-550,0.1879518072,0.3759036144,0.9811301448069191,-0.0008822221606,1.5,473.0,550.0,990.1114,0.42110947,55.25482,1121.027,130.91559,-0.41364926,-0.83475876,3.9191294,-51.335693
1.5-473-550,0.2530120482,0.5060240964,0.9993254186825348,-0.0008985831642,1.5,473.0,550.0,1223.8522,0.016840095,42.066315,1333.8679,110.01575,-0.6230982,-0.6399383,44.462006,2.395691
1.5-473-550,0.148192771,0.296385542,0.9337895728803226,0.000839654004,1.5,473.0,550.0,555.24036,0.84847075,560.43005,506.49902,-48.741333,0.61226594,-0.2362048,632.365,71.93494
1.5-473-550,0.2253012048,0.4506024096,0.999825745120423,0.0008990330526,1.5,473.0,550.0,1293.3331,0.002432639,39.923004,1308.3264,14.993286,-0.62637657,-0.6288092,29.826843,-10.096161
1.5-473-550,0.2060240964,0.4120481928,0.5396442234408553,0.0004852425494,1.5,473.0,550.0,520.9819,1.2651652,600.6782,503.587,-17.394867,1.1199777,-0.1451875,640.907,40.22876
1.5-473-550,0.3409638555,0.681927711,0.9999999997775775,0.0008991897406,1.5,473.0,550.0,1152.3845,-5.322157e-09,45.263367,1231.5635,79.178955,-0.8300151,-0.8300151,47.353363,2.0899963
1.5-473-550,0.1036144578,0.2072289156,0.9442484491033019,-0.0008490585182,1.5,473.0,550.0,487.14072,0.6003348,636.0236,466.82074,-20.319977,0.43333173,-0.1670031,665.3857,29.36206
1.5-473-550,0.2530120482,0.5060240964,0.47796385156444166,0.0004297801918,1.5,473.0,550.0,534.156,1.4180322,586.0285,528.09735,-6.058655,1.2964975,-0.121534705,623.0123,36.983826
1.5-473-550,0.1228915662,0.2457831324,0.47796385156444166,-0.0004297801918,1.5,473.0,550.0,479.002,1.0612388,644.19147,477.29846,-1.7035522,1.0722741,0.011035323,632.6694,-11.522095
1.5-473-550,0.03469387754,0.06938775508,0.9442484491033019,0.0008490585182,1.5,473.0,550.0,473.00003,0.49846566,649.85333,446.962,-26.038025,0.36892974,-0.12953591,664.53894,14.685608
1.5-473-550,0.05918367348,0.11836734696,0.9965972946963587,-0.0008961300631,1.5,473.0,550.0,473.00003,0.03438812,649.85333,483.84055,10.840515,-0.16619962,-0.20058775,605.10565,-44.74768
1.5-473-550,0.4020408163,0.8040816326,0.9872047711645777,-0.0008876844023,1.5,473.0,550.0,889.25665,0.77930194,65.46155,848.5601,-40.696533,-0.76850134,-1.5478033,169.74547,104.28392
1.5-473-550,0.2421686747,0.4843373494,0.16340484097302546,-0.0001469319566,1.5,473.0,550.0,518.29565,1.3747635,603.6653,516.1226,-2.1730347,1.2514124,-0.1233511,630.5625,26.897217
1.5-473-550,0.2542168675,0.508433735,0.998978267368595,0.0008982710093,1.5,473.0,550.0,1221.1493,0.026713008,42.17343,1333.8243,112.67505,-0.62007207,-0.6467851,45.15497,2.9815369
1.5-473-550,0.08163265309,0.16326530618,0.16340484119544796,0.0001469319568,1.5,473.0,550.0,473.00003,1.1806147,649.85333,474.9928,1.9927673,1.1090317,-0.07158303,641.80505,-8.048279
1.5-473-550,0.1590361445,0.318072289,0.8206166047262803,-0.0007378900321,1.5,473.0,550.0,523.25665,1.0027118,598.1486,488.10712,-35.149536,0.9638732,-0.038838565,643.6432,45.494568
1.5-473-550,0.4612244898,0.9224489796,0.9956514833048237,0.0008952795992,1.5,473.0,550.0,660.55237,0.236166,346.3221,605.8639,-54.688477,-0.30936474,-0.54553074,400.9779,54.655792
1.5-473-550,0.4020408163,0.8040816326,1.0,-0.0008991897408,1.5,473.0,550.0,891.43396,-5.322157e-09,65.219635,916.28174,24.847778,-1.0263969,-1.0263969,127.64598,62.426346
1.5-473-550,0.1036144578,0.2072289156,0.22784103833049427,-0.0002048723242,1.5,473.0,550.0,473.00153,1.1541971,649.8519,477.25433,4.2528076,1.0954089,-0.05878818,639.10144,-10.750488
1.5-473-550,0.2144578313,0.4289156626,0.9844268823757469,-0.0008851865532,1.5,473.0,550.0,1229.969,0.38061142,41.823883,1249.1766,19.207642,-0.45688146,-0.8374929,32.9888,-8.835083
1.5-473-550,0.4469387755,0.893877551,0.9215172744995802,0.0008286188792,1.5,473.0,550.0,664.2622,1.356466,311.0748,634.0996,-30.162598,1.1316447,-0.22482133,401.09045,90.015656
1.5-473-550,0.4102040816,0.8204081632,0.8902853187445975,0.000800535425,1.5,473.0,550.0,743.74365,2.1080878,96.962204,698.6853,-45.05835,1.7512463,-0.35684144,286.15775,189.19554
1.5-473-550,0.2614457831,0.5228915662,0.9993254186825348,0.0008985831642,1.5,473.0,550.0,1216.3615,0.017128998,42.373627,1335.6803,119.31885,-0.627626,-0.644755,47.07306,4.6994324
1.5-473-550,0.2012048193,0.4024096386,0.9811301448069191,-0.0008822221606,1.5,473.0,550.0,1146.5446,0.4332153,45.529358,1190.0055,43.460938,-0.41431516,-0.8475305,21.374756,-24.154602
1.5-473-550,0.4653061225,0.930612245,0.9671530515086588,0.0008696541017,1.5,473.0,550.0,659.6811,1.048554,352.85754,584.5154,-75.16571,0.3185646,-0.72998935,444.01968,91.16214
1.5-473-550,0.1939759036,0.3879518072,0.8475322498919685,0.0007620923041,1.5,473.0,550.0,574.44824,1.1623062,531.2753,535.38586,-39.062378,0.9823119,-0.17999429,618.4823,87.20697
1.5-473-550,0.4612244898,0.9224489796,0.9726063657286781,0.0008745576659,1.5,473.0,550.0,660.4316,0.9788686,347.4694,587.9275,-72.50409,0.19868678,-0.7801818,436.1509,88.68152
1.5-473-550,0.1240963855,0.248192771,0.9993254186825348,-0.0008985831642,1.5,473.0,550.0,727.44104,0.032590624,104.7572,732.83575,5.3947144,-0.56461054,-0.59720117,27.15512,-77.60208
1.5-473-550,0.2831325301,0.5662650602,0.9973789933391554,-0.0008968329585,1.5,473.0,550.0,1185.4358,0.079051904,43.70273,1326.7838,141.34802,-0.63012856,-0.7091805,52.37433,8.6716
1.5-473-550,0.3746987952,0.7493975904,0.8902853188558087,-0.0008005354251,1.5,473.0,550.0,804.9918,2.06158,78.91284,740.05225,-64.939575,2.0413973,-0.02018261,193.02763,114.11479
1.5-473-550,0.169879518,0.339759036,0.9999999997775775,0.0008991897406,1.5,473.0,550.0,953.7601,-5.322157e-09,58.39511,1105.77,152.00995,-0.6503013,-0.6503013,-34.406525,-92.801636
1.5-473-550,0.2795180723,0.5590361446,0.47796385156444166,0.0004297801918,1.5,473.0,550.0,552.632,1.5097816,563.7984,545.3082,-7.3237915,1.4573417,-0.052439928,596.8087,33.010315
1.5-473-550,0.03265306121,0.06530612242,0.03282169734692774,-2.951293353e-05,1.5,473.0,550.0,473.00003,1.2504026,649.85333,471.82266,-1.1773682,1.1470541,-0.10334849,652.1423,2.2889404
1.5-473-550,0.2325301205,0.465060241,0.9531521908128958,-0.0008570646714,1.5,473.0,550.0,1055.9868,1.036742,50.608826,1163.9103,107.92346,0.13420194,-0.90254,87.43942,36.830597
1.5-473-550,0.278313253,0.556626506,0.9973789933391554,0.0008968329585,1.5,473.0,550.0,1189.928,0.07762026,43.498108,1329.5637,139.63574,-0.6233546,-0.7009749,51.8927,8.394592
1.5-473-550,0.2373493976,0.4746987952,0.9531521909241071,0.0008570646715,1.5,473.0,550.0,1039.163,1.0627145,51.71057,1177.0603,137.89734,0.13199621,-0.93071824,90.052,38.34143
1.5-473-550,0.3771084338,0.7542168676,0.29146971579860803,-0.0002620865782,1.5,473.0,550.0,611.84143,1.9762855,474.4912,599.37744,-12.463989,1.9748911,-0.0013943911,481.02542,6.53421
1.5-473-550,0.3795180723,0.7590361446,0.8475322498919685,0.0007620923041,1.5,473.0,550.0,745.56555,2.1967864,97.06029,715.86145,-29.704102,2.1108823,-0.08590412,246.64447,149.58418
1.5-473-550,0.2590361446,0.5180722892,0.9980223152919674,0.000897411427,1.5,473.0,550.0,1212.8115,0.05435973,42.524506,1333.7262,120.91467,-0.6125923,-0.666952,47.449127,4.9246216
1.5-473-550,0.1012048192,0.2024096384,0.9895407850276042,0.000889784922,1.5,473.0,550.0,548.15027,0.1787579,568.64685,552.23376,4.083496,-0.22874814,-0.40750605,444.63626,-124.01059
1.5-473-550,0.2975903615,0.595180723,0.9531521908128958,-0.0008570646714,1.5,473.0,550.0,965.18304,1.2570854,57.356476,1198.6005,233.41742,0.20380068,-1.0532848,95.304276,37.9478
1.5-473-550,0.4510204082,0.9020408164,0.9965972946963587,-0.0008961300631,1.5,473.0,550.0,663.41675,0.19005412,319.1079,628.74304,-34.673706,-0.43320805,-0.62326217,371.84497,52.73706
1.5-473-550,0.04693877551,0.09387755102,0.9772248215579286,-0.000878710534,1.5,473.0,550.0,473.00003,0.23259306,649.85333,459.15433,-13.845703,0.08963757,-0.14295548,654.17175,4.3184204
1.5-473-550,0.2795180723,0.5590361446,0.8902853188558087,-0.0008005354251,1.5,473.0,550.0,787.60236,1.6531094,83.540085,768.1116,-19.490784,1.5635448,-0.08956468,220.75972,137.21964
1.5-473-550,0.2927710844,0.5855421688,0.9442484491033019,0.0008490585182,1.5,473.0,550.0,936.5647,1.3624603,60.013855,1148.1431,211.57837,0.4820715,-0.88038874,102.67888,42.665024
1.5-473-550,0.2530120482,0.5060240964,0.09831793589120096,8.840647929e-05,1.5,473.0,550.0,520.0227,1.402603,601.74475,520.3495,0.32678223,1.2998186,-0.102784395,624.88184,23.137085
1.5-473-550,0.4632653061,0.9265306122,0.9671530515086588,-0.0008696541017,1.5,473.0,550.0,660.02216,1.0488372,350.93066,586.171,-73.851135,0.31554276,-0.7332944,441.91135,90.98068
1.5-473-550,0.2915662651,0.5831325302,0.9996041060258503,0.000898833757,1.5,473.0,550.0,1188.197,0.010150248,43.576477,1322.6708,134.47375,-0.6696165,-0.6797668,51.107605,7.531128
1.5-473-550,0.002040816309,0.004081632618,0.9945113834421542,0.0008942544331,1.5,473.0,550.0,473.00003,0.09471505,649.85333,455.57108,-17.428955,-0.0324297,-0.12714475,654.26086,4.4075317
1.5-473-550,0.02653061223,0.05306122446,0.9811301446957078,0.0008822221605,1.5,473.0,550.0,473.00003,0.17957515,649.85333,455.19952,-17.800507,0.066992395,-0.11258275,656.53876,6.685425
1.5-473-550,0.2626506024,0.5253012048,0.9071317792997667,-0.0008156835895,1.5,473.0,550.0,837.6024,1.5450772,72.90338,836.47485,-1.1275635,1.3665727,-0.17850447,188.48701,115.58363
1.5-473-550,0.1253012048,0.2506024096,0.3542741439827602,-0.0003185596757,1.5,473.0,550.0,478.4102,1.083533,644.7497,479.4459,1.0357056,1.0815071,-0.0020259619,636.03186,-8.717834
1.5-473-550,0.1096385542,0.2192771084,0.7525573838264147,-0.0006766918789,1.5,473.0,550.0,477.77835,0.94228023,645.34576,466.91965,-10.858704,0.99151254,0.049232304,634.79034,-10.55542
1.5-473-550,0.3204819277,0.6409638554,0.9872047710533666,0.0008876844022,1.5,473.0,550.0,1108.285,0.44503716,47.50528,1263.4858,155.2008,-0.5785697,-1.0236069,57.92874,10.423462
1.5-473-550,0.2843373494,0.5686746988,0.5396442233296441,-0.0004852425493,1.5,473.0,550.0,569.5217,1.5497062,539.45404,553.9197,-15.602051,1.5092351,-0.040471077,583.38495,43.93091
1.5-473-550,0.1313253012,0.2626506024,0.999825745120423,0.0008990330526,1.5,473.0,550.0,760.4158,0.0045266696,90.546265,795.13556,34.719788,-0.602693,-0.6072197,-24.126373,-114.67264
1.5-473-550,0.3469879518,0.6939759036,0.9999999997775775,0.0008991897406,1.5,473.0,550.0,1147.3752,-5.322157e-09,45.510437,1212.8243,65.4491,-0.8562282,-0.8562282,47.246796,1.7363586
1.5-473-550,0.365060241,0.730120482,0.9671530515086588,-0.0008696541017,1.5,473.0,550.0,970.7503,1.2421005,56.849213,1035.6338,64.883484,-0.22400135,-1.4661019,80.75255,23.903336
1.5-473-550,0.4755102041,0.9510204082,0.9531521908128958,-0.0008570646714,1.5,473.0,550.0,658.3792,1.1784226,358.11313,582.08484,-76.29437,0.5576442,-0.6207784,453.5705,95.45737
1.5-473-550,0.2746987952,0.5493975904,0.9915009044774012,-0.0008915474413,1.5,473.0,550.0,1167.0211,0.2521718,44.54492,1323.2263,156.2052,-0.55071205,-0.80288386,56.472504,11.927582
1.5-473-550,0.3397590362,0.6795180724,0.3542741439827602,-0.0003185596757,1.5,473.0,550.0,585.60626,1.7511194,513.63165,578.5538,-7.05249,1.8008305,0.04971111,525.5976,11.965942
1.5-473-550,0.4040816326,0.8081632652,0.9973789934503665,-0.0008968329586,1.5,473.0,550.0,841.7471,0.16804576,72.042694,887.8891,46.14203,-0.9752794,-1.1433251,144.29863,72.255936
1.5-473-550,0.05510204082,0.11020408164,0.8902853188558087,-0.0008005354251,1.5,473.0,550.0,473.00003,0.73591584,649.85333,447.65228,-25.347748,0.6774575,-0.05845833,655.2333,5.379944
1.5-473-550,0.06530612246,0.13061224492,0.9996041060258503,0.000898833757,1.5,473.0,550.0,473.00003,0.0032668656,649.85333,495.77072,22.77069,-0.23093075,-0.23419762,576.53705,-73.316284
1.5-473-550,0.05102040816,0.10204081632,0.9895407848051817,-0.0008897849218,1.5,473.0,550.0,473.00003,0.10646092,649.85333,469.6849,-3.3151245,-0.0545947,-0.16105562,635.2923,-14.561035
1.5-473-550,0.3987951808,0.7975903616,0.8902853189670199,-0.0008005354252,1.5,473.0,550.0,805.3398,2.2891984,78.794266,713.5087,-91.831055,1.8560034,-0.433195,255.26195,176.46768
1.5-473-550,0.2048192771,0.4096385542,0.9215172744995802,-0.0008286188792,1.5,473.0,550.0,819.8362,1.2917237,76.99205,704.14636,-115.68982,0.98816794,-0.3035558,311.7977,234.80565
1.5-473-550,0.4897959184,0.9795918368,0.9996041060258503,0.000898833757,1.5,473.0,550.0,657.6107,0.017326707,361.21555,574.0504,-83.5603,-0.18020755,-0.19753426,441.02258,79.80704
1.5-473-550,0.1096385542,0.2192771084,0.9844268823757469,0.0008851865532,1.5,473.0,550.0,575.5515,0.36464268,530.0638,562.67194,-12.879578,-0.17066461,-0.5353073,425.33832,-104.725464
1.5-473-550,0.2192771084,0.4385542168,0.993141646395439,0.0008930227796,1.5,473.0,550.0,1271.2994,0.16633594,40.24402,1283.8452,12.545776,-0.55942434,-0.7257603,30.11142,-10.132599
1.5-473-550,0.0387755102,0.0775510204,0.9973789933391554,0.0008968329585,1.5,473.0,550.0,473.00003,0.025047654,649.85333,469.18094,-3.8190918,-0.121624656,-0.14667231,632.3049,-17.548462
1.5-473-550,0.3228915663,0.6457831326,0.6021818746711394,0.0005414757638,1.5,473.0,550.0,614.0492,1.7558273,470.60767,593.61835,-20.430847,1.8038031,0.04797578,502.06137,31.453705
1.5-473-550,0.4183673469,0.8367346938,0.9531521909241071,0.0008570646715,1.5,473.0,550.0,717.13184,1.5620149,111.36879,647.97815,-69.15369,0.6589853,-0.9030296,368.6066,257.2378
1.5-473-550,0.4265306122,0.8530612244,0.7525573838264147,-0.0006766918789,1.5,473.0,550.0,670.32153,2.1133838,254.37814,677.1746,6.8530884,2.0432143,-0.07016945,324.33716,69.959015
1.5-473-550,0.3445783133,0.6891566266,0.9071317792997667,-0.0008156835895,1.5,473.0,550.0,833.4734,1.8256068,73.45648,784.53375,-48.939636,1.9680283,0.14242148,122.1992,48.74272
1.5-473-550,0.1168674698,0.2337349396,0.9965972946963587,0.0008961300631,1.5,473.0,550.0,675.09357,0.19857228,211.7366,664.023,-11.070557,-0.4759454,-0.6745177,138.05708,-73.67952
1.5-473-550,0.243373494,0.486746988,0.999825745120423,0.0008990330526,1.5,473.0,550.0,1246.2058,0.0026361293,41.18036,1329.2102,83.004395,-0.62550956,-0.6281457,40.182312,-0.9980469
1.5-473-550,0.3963855422,0.7927710844,0.3542741439827602,-0.0003185596757,1.5,473.0,550.0,628.78625,2.1506643,443.94058,617.1686,-11.617676,2.063257,-0.08740735,447.802,3.8614197
1.5-473-550,0.3228915663,0.6457831326,0.9071317792997667,-0.0008156835895,1.5,473.0,550.0,835.4641,1.7389377,73.143585,810.6545,-24.809631,1.7980016,0.05906391,122.46507,49.321487
1.5-473-550,0.04897959184,0.09795918368,0.9996041060258503,0.000898833757,1.5,473.0,550.0,473.00003,0.003198678,649.85333,478.1507,5.1506653,-0.1752531,-0.17845178,614.5478,-35.305542
1.5-473-550,0.3722891567,0.7445783134,0.2914697156873968,0.0002620865781,1.5,473.0,550.0,608.02606,1.9413146,480.70703,596.17737,-11.848694,1.9529581,0.011643529,487.4626,6.755554
1.5-473-550,0.2313253012,0.4626506024,0.03282169734692774,-2.951293353e-05,1.5,473.0,550.0,514.89246,1.3477099,607.44965,511.27332,-3.6191406,1.2334524,-0.114257455,634.47144,27.02179
1.5-473-550,0.1084337349,0.2168674698,0.03282169734692774,-2.951293353e-05,1.5,473.0,550.0,473.0435,1.1527871,649.8123,480.0617,7.018219,1.1110585,-0.041728616,648.49927,-1.3130493
1.5-473-550,0.2096385542,0.4192771084,0.9671530515086588,-0.0008696541017,1.5,473.0,550.0,1142.8298,0.739048,45.721863,1160.2822,17.452393,-0.17584342,-0.9148914,47.31317,1.5913086
1.5-473-550,0.2819277109,0.5638554218,0.9945113832197316,-0.0008942544329,1.5,473.0,550.0,1173.6123,0.16723537,44.24347,1323.9166,150.30432,-0.59533376,-0.7625691,54.633728,10.390259
1.5-473-550,0.0387755102,0.0775510204,0.9215172744995802,-0.0008286188792,1.5,473.0,550.0,473.00003,0.6151077,649.85333,445.6462,-27.35382,0.51181406,-0.10329366,661.9116,12.058289
1.5-473-550,0.1939759036,0.3879518072,0.9998257452316341,0.0008990330527,1.5,473.0,550.0,1158.1971,0.0023565239,44.96338,1226.3463,68.14917,-0.63797194,-0.64032847,-0.5211478,-45.484528
1.5-473-550,0.351807229,0.703614458,0.9671530515086588,-0.0008696541017,1.5,473.0,550.0,982.6434,1.1780134,55.864624,1111.6283,128.98492,-0.20723873,-1.3852522,69.41498,13.550354
1.5-473-550,0.3024096386,0.6048192772,0.9973789933391554,0.0008968329585,1.5,473.0,550.0,1169.0443,0.084645264,44.452362,1307.9111,138.86682,-0.66804105,-0.7526863,52.604828,8.152466
1.5-473-550,0.4306122449,0.8612244898,0.9772248215579286,0.000878710534,1.5,473.0,550.0,682.6744,1.0126963,161.21082,640.18896,-42.485413,-0.11030538,-1.1230017,363.001,201.79019
1.5-473-550,0.3072289157,0.6144578314,0.9671530515086588,0.0008696541017,1.5,473.0,550.0,1017.6152,1.0123444,53.19162,1242.7563,225.14117,-0.16586691,-1.1782112,79.69165,26.50003
1.5-473-550,0.2674698795,0.534939759,0.9895407848051817,-0.0008897849218,1.5,473.0,550.0,1166.7231,0.30173135,44.558533,1321.8331,155.10999,-0.5207649,-0.82249624,57.03833,12.479797
1.5-473-550,0.3807228916,0.7614457832,0.9772248215579286,0.000878710534,1.5,473.0,550.0,1000.66486,1.0241992,54.43289,970.9287,-29.736145,-0.58024555,-1.6044447,100.22006,45.78717
1.5-473-550,0.03673469387,0.07346938774,0.9726063657286781,-0.0008745576659,1.5,473.0,550.0,473.00003,0.27327883,649.85333,454.10696,-18.893066,0.14122969,-0.13204914,659.4749,9.621582
1.5-473-550,0.1325301204,0.2650602408,0.998978267368595,-0.0008982710093,1.5,473.0,550.0,758.5305,0.04283106,91.18718,798.7669,40.23639,-0.5939843,-0.63681537,-25.02243,-116.20961
1.5-473-550,0.3843373495,0.768674699,0.9215172744995802,-0.0008286188792,1.5,473.0,550.0,849.7158,1.9802049,70.668976,745.50305,-104.21277,1.7337934,-0.24641156,209.32385,138.65488
1.5-473-550,0.2084337349,0.4168674698,0.8206166047262803,-0.0007378900321,1.5,473.0,550.0,581.8703,1.2830013,521.29694,545.8752,-35.995117,1.0490532,-0.23394811,605.55994,84.263
1.5-473-550,0.2084337349,0.4168674698,0.16340484119544796,0.0001469319568,1.5,473.0,550.0,509.6205,1.2851875,613.26996,502.7531,-6.867401,1.1561487,-0.12903881,640.9514,27.681458
1.5-473-550,0.01224489793,0.02448979586,0.4163512323516047,-0.0003743787567,1.5,473.0,550.0,473.00003,1.1167024,649.85333,462.8058,-10.194244,1.098529,-0.018173456,635.39343,-14.4599
1.5-473-550,0.4306122449,0.8612244898,0.47796385156444166,0.0004297801918,1.5,473.0,550.0,649.10156,2.161847,394.15872,646.94147,-2.1600952,2.1484983,-0.013348818,392.16867,-1.9900513
1.5-473-550,0.4775510204,0.9551020408,0.999825745120423,0.0008990330526,1.5,473.0,550.0,658.30316,0.0052949735,358.4201,587.3198,-70.98334,-0.26288658,-0.26818156,423.89874,65.47864
1.5-473-550,0.3759036145,0.751807229,0.9215172744995802,-0.0008286188792,1.5,473.0,550.0,852.06903,1.9141691,70.29373,763.7056,-88.3634,1.8075398,-0.10662925,173.88948,103.59575
1.5-473-550,0.3987951807,0.7975903614,0.9996041062482727,-0.0008988337572,1.5,473.0,550.0,1094.8628,0.017610127,48.246643,938.81885,-156.04395,-1.027452,-1.0450621,115.39453,67.14789
1.5-473-550,0.3493975904,0.6987951808,0.999825745120423,-0.0008990330526,1.5,473.0,550.0,1144.7854,0.0038682169,45.61609,1204.4443,59.658936,-0.8649352,-0.86880344,47.41269,1.7966003
1.5-473-550,0.008163265274,0.016326530548,0.6021818746711394,-0.0005414757638,1.5,473.0,550.0,473.00003,1.0715373,649.85333,457.9857,-15.014343,1.0321097,-0.03942752,633.9888,-15.864563
1.5-473-550,0.1457831325,0.291566265,0.5396442233296441,-0.0004852425493,1.5,473.0,550.0,491.98575,1.0622658,631.1205,481.30377,-10.681976,1.0677872,0.0055214167,635.4319,4.3114014
1.5-473-550,0.4734693878,0.9469387756,0.993141646395439,0.0008930227796,1.5,473.0,550.0,658.69165,0.37100518,356.8518,585.94135,-72.750305,-0.16221076,-0.53321594,428.22675,71.37494
1.5-473-550,0.2578313253,0.5156626506,0.4163512326852384,0.000374378757,1.5,473.0,550.0,531.19885,1.4261557,589.3169,528.43494,-2.763916,1.3163762,-0.10977948,621.07965,31.762756
1.5-473-550,0.2361445783,0.4722891566,0.6600967573005477,0.0005935522321,1.5,473.0,550.0,551.7896,1.3854752,564.75287,531.1483,-20.641296,1.2164967,-0.16897845,621.636,56.883118
1.5-473-550,0.156626506,0.313253012,0.9844268823757469,-0.0008851865532,1.5,473.0,550.0,761.854,0.4491809,90.13187,895.2514,133.3974,-0.42886597,-0.8780469,-26.185638,-116.317505
1.5-473-550,0.06938775512,0.13877551024,0.9811301446957078,-0.0008822221605,1.5,473.0,550.0,473.00003,0.19540471,649.85333,474.60303,1.6029968,0.01659059,-0.17881411,633.568,-16.28534
1.5-473-550,0.3759036145,0.751807229,0.9993254186825348,0.0008985831642,1.5,473.0,550.0,1118.0394,0.027469153,46.9841,1086.6842,-31.355225,-0.979654,-1.0071231,60.76715,13.783051
1.5-473-550,0.2168674698,0.4337349396,0.8705746216627653,-0.0007828117684,1.5,473.0,550.0,670.1624,1.4085925,252.61942,605.64056,-64.52185,1.0796981,-0.32889438,527.8204,275.20096
1.5-473-550,0.1843373494,0.3686746988,0.8705746216627653,0.0007828117684,1.5,473.0,550.0,571.90485,1.0804747,535.59436,528.6681,-43.236755,0.9315711,-0.14890361,625.43054,89.83618
1.5-473-550,0.2759036145,0.551807229,0.9965972946963587,-0.0008961300631,1.5,473.0,550.0,1188.8451,0.10057693,43.546814,1329.684,140.83887,-0.6116654,-0.71224236,52.22287,8.676056
1.5-473-550,0.3012048193,0.6024096386,0.7525573838264147,-0.0006766918789,1.5,473.0,550.0,640.5096,1.7272956,416.6942,616.4318,-24.077759,1.7352184,0.007922769,462.26474,45.570526
1.5-473-550,0.4346938775,0.869387755,0.9442484491033019,-0.0008490585182,1.5,473.0,550.0,674.2741,1.3105657,218.94789,628.27637,-45.99774,0.83597726,-0.47458845,402.8656,183.91771
1.5-473-550,0.2373493976,0.4746987952,0.8206166047262803,-0.0007378900321,1.5,473.0,550.0,633.5027,1.4650713,432.244,591.37506,-42.127625,1.2080514,-0.25701988,537.3418,105.09781
1.5-473-550,0.1289156626,0.2578313252,0.999825745120423,0.0008990330526,1.5,473.0,550.0,750.7379,0.0047668763,94.0197,774.9602,24.22229,-0.59363824,-0.5984051,-11.363158,-105.38286
1.5-473-550,0.1277108433,0.2554216866,0.9337895728803226,0.000839654004,1.5,473.0,550.0,523.59186,0.7755067,597.7759,478.20334,-45.38852,0.5620601,-0.21344656,662.661,64.88513
1.5-473-550,0.2481927711,0.4963855422,0.9945113832197316,-0.0008942544329,1.5,473.0,550.0,1212.7311,0.15018964,42.527954,1324.56,111.82898,-0.5711234,-0.72131306,46.586365,4.0584106
1.5-473-550,0.2180722892,0.4361445784,0.9915009044774012,-0.0008915474413,1.5,473.0,550.0,1262.7738,0.2062537,40.558655,1277.3932,14.619385,-0.5416109,-0.7478646,30.361938,-10.196716
1.5-473-550,0.4387755102,0.8775510204,0.9811301446957078,0.0008822221605,1.5,473.0,550.0,670.5857,0.89402235,251.53908,626.9164,-43.66931,-0.15097183,-1.0449941,378.3538,126.81471
1.5-473-550,0.386746988,0.773493976,0.9980223152919674,-0.000897411427,1.5,473.0,550.0,1100.484,0.09552979,47.92273,1017.28906,-83.19495,-0.999114,-1.0946437,80.762375,32.839645
1.5-473-550,0.2807228916,0.5614457832,0.9071317792997667,0.0008156835895,1.5,473.0,550.0,832.85077,1.5996517,73.68158,846.9808,14.130005,1.4649644,-0.1346873,161.9635,88.28192
1.5-473-550,0.3602409639,0.7204819278,0.9772248215579286,-0.000878710534,1.5,473.0,550.0,1019.5447,0.91888875,53.04184,1106.1992,86.65454,-0.52925426,-1.448143,63.070953,10.029114
1.5-473-550,0.104819277,0.209638554,0.5396442233296441,-0.0004852425493,1.5,473.0,550.0,473.12283,1.0673482,649.7374,472.86862,-0.25421143,1.0655413,-0.0018069744,629.8498,-19.887634
1.5-473-550,0.3132530121,0.6265060242,0.9973789934503665,-0.0008968329586,1.5,473.0,550.0,1162.9349,0.08731132,44.73178,1291.5874,128.65247,-0.6973068,-0.78461814,51.747253,7.0154724
1.5-473-550,0.3855421687,0.7710843374,0.960723235489121,-0.0008638724771,1.5,473.0,550.0,932.34155,1.526156,60.41745,823.1241,-109.21747,0.19073063,-1.3354254,189.02116,128.60371
1.5-473-550,0.1493975903,0.2987951806,0.998978267368595,0.0008982710093,1.5,473.0,550.0,830.21387,0.031779047,73.8284,946.14215,115.92828,-0.6332671,-0.66504616,-54.8692,-128.6976
1.5-473-550,0.3903614458,0.7807228916,0.9895407848051817,0.0008897849218,1.5,473.0,550.0,1052.0853,0.53833276,50.83255,956.65326,-95.43207,-0.8678151,-1.4061478,106.08397,55.25142
1.5-473-550,0.4714285714,0.9428571428,0.9945113832197316,-0.0008942544329,1.5,473.0,550.0,658.92944,0.29720354,355.8919,589.5987,-69.33075,-0.20336097,-0.5005645,422.83023,66.938324
1.5-473-550,0.286746988,0.573493976,0.9985491866279087,0.0008978851843,1.5,473.0,550.0,1187.4792,0.043232974,43.609283,1325.5902,138.11096,-0.649044,-0.69227695,51.70395,8.094666
1.5-473-550,0.2710843374,0.5421686748,0.999825745120423,0.0008990330526,1.5,473.0,550.0,1208.273,0.002881164,42.717407,1335.2921,127.019165,-0.6411578,-0.644039,48.84436,6.126953
1.5-473-550,0.4959183674,0.9918367348,0.9965972946963587,-0.0008961300631,1.5,473.0,550.0,657.4489,0.18270844,361.86868,567.0699,-90.37903,-0.09957308,-0.28228152,450.8147,88.946014
1.5-473-550,0.3,0.6,0.999825745120423,-0.0008990330526,1.5,473.0,550.0,1181.9537,0.0031991547,43.862,1313.8137,131.85999,-0.6904748,-0.69367397,50.95114,7.089142
1.5-473-550,0.2385542169,0.4771084338,0.993141646395439,-0.0008930227796,1.5,473.0,550.0,1230.7388,0.17836577,41.793396,1314.2593,83.52051,-0.5555809,-0.7339467,43.194183,1.4007874
1.5-473-550,0.4081632653,0.8163265306,0.9772248215579286,-0.000878710534,1.5,473.0,550.0,787.91675,1.2390552,82.71831,742.60645,-45.310303,-0.3786288,-1.6176839,254.41872,171.70041
1.5-473-550,0.3108433735,0.621686747,0.9956514833048237,0.0008952795992,1.5,473.0,550.0,1156.674,0.1452679,45.02997,1293.4332,136.75928,-0.66898996,-0.81425786,53.177704,8.147736
1.5-473-550,0.3746987952,0.7493975904,0.9980223152919674,-0.000897411427,1.5,473.0,550.0,1112.8632,0.0871365,47.26068,1089.7528,-23.110352,-0.9585509,-1.0456873,60.211395,12.950714
1.5-473-550,0.2481927711,0.4963855422,0.5396442233296441,-0.0004852425493,1.5,473.0,550.0,538.5146,1.4095627,581.0637,528.4311,-10.083496,1.2764994,-0.13306332,623.9262,42.862488
1.5-473-550,0.1373493975,0.274698795,0.7892004020960466,-0.000709640905,1.5,473.0,550.0,501.02713,0.9661015,621.9706,474.81656,-26.210571,0.9800837,0.013982177,640.41797,18.447388
1.5-473-550,0.3192771085,0.638554217,0.2914697156873968,0.0002620865781,1.5,473.0,550.0,560.39514,1.6314013,553.6977,560.6777,0.28253174,1.6620469,0.030645609,560.1989,6.5012207
1.5-473-550,0.4938775511,0.9877551022,0.9973789934503665,-0.0008968329586,1.5,473.0,550.0,657.4929,0.13956696,361.69107,569.11566,-88.37726,-0.121820636,-0.2613876,448.024,86.33292
1.5-473-550,0.134939759,0.269879518,0.09831793589120096,8.840647929e-05,1.5,473.0,550.0,480.6625,1.1013298,642.5795,483.6513,2.9888,1.1007617,-0.0005681515,645.60114,3.0216064
1.5-473-550,0.09795918371,0.19591836742,0.29146971579860803,-0.0002620865782,1.5,473.0,550.0,473.00003,1.1631393,649.85333,475.71072,2.7106934,1.0923742,-0.07076514,636.1808,-13.672546
1.5-473-550,0.386746988,0.773493976,0.9671530515086588,-0.0008696541017,1.5,473.0,550.0,952.26666,1.3896586,58.492706,854.24207,-98.0246,-0.16072196,-1.5503805,166.6582,108.1655
1.5-473-550,0.1963855422,0.3927710844,0.7525573838264147,0.0006766918789,1.5,473.0,550.0,541.86383,1.1953564,577.16705,510.7909,-31.072937,1.0601525,-0.13520384,635.57025,58.4032
1.5-473-550,0.243373494,0.486746988,0.3542741439827602,-0.0003185596757,1.5,473.0,550.0,522.9737,1.3808721,598.4633,518.9014,-4.0722656,1.2455803,-0.13529181,630.5806,32.11731
1.5-473-550,0.2951807229,0.5903614458,0.9811301448069191,0.0008822221606,1.5,473.0,550.0,1097.2936,0.59405893,48.105347,1292.0541,194.7605,-0.42881304,-1.022872,67.14044,19.035095
1.5-473-550,0.1,0.2,0.9895472634155748,-0.0008897907473,1.5,473.0,550.0,511.0288,0.14191711,610.1937,548.0923,37.063477,-0.22193247,-0.36384958,456.0968,-154.09692
1.5-473-550,0.2554216867,0.5108433734,0.9772248215579286,-0.000878710534,1.5,473.0,550.0,1118.5164,0.6247376,46.95932,1295.4646,176.94824,-0.34705764,-0.97179526,66.67212,19.7128
1.5-473-550,0.01632653059,0.03265306118,0.5396442233296441,-0.0004852425493,1.5,473.0,550.0,473.00003,1.1187928,649.85333,460.69144,-12.308594,1.0619949,-0.056797862,632.7347,-17.118652
1.5-473-550,0.1734939759,0.3469879518,0.9772248215579286,-0.000878710534,1.5,473.0,550.0,821.23865,0.54092985,75.57237,987.4845,166.24585,-0.33376712,-0.87469697,-8.125182,-83.697556
1.5-473-550,0.1084337349,0.2168674698,0.9973789934503665,-0.0008968329586,1.5,473.0,550.0,654.0076,0.10588937,375.76117,620.1554,-33.852234,-0.43780214,-0.5436915,240.6516,-135.10957
1.5-473-550,0.213253012,0.426506024,0.998978267368595,-0.0008982710093,1.5,473.0,550.0,1291.3573,0.024099821,39.923004,1283.0367,-8.320557,-0.6216273,-0.6457271,20.768494,-19.15451
1.5-473-550,0.104819277,0.209638554,0.9895407848051817,0.0008897849218,1.5,473.0,550.0,588.5064,0.2405448,509.70505,565.73584,-22.770569,-0.25053817,-0.49108297,406.6252,-103.079834
1.5-473-550,0.1204819277,0.2409638554,0.999825745120423,0.0008990330526,1.5,473.0,550.0,717.518,0.00578397,110.97418,709.61005,-7.907959,-0.55552644,-0.5613104,55.70929,-55.264893
1.5-473-550,0.2036144578,0.4072289156,0.7525573838264147,-0.0006766918789,1.5,473.0,550.0,547.4326,1.2418835,570.454,517.68866,-29.743958,1.0747768,-0.16710675,631.2426,60.788635
1.5-473-550,0.07755102043,0.15510204086,0.9726063657286781,0.0008745576659,1.5,473.0,550.0,473.00003,0.2878371,649.85333,472.22635,-0.77368164,0.114349954,-0.17348713,643.48346,-6.369873
1.5-473-550,0.1614457831,0.3228915662,0.9071317792997667,-0.0008156835895,1.5,473.0,550.0,557.01337,0.94030946,558.14343,502.64154,-54.371826,0.7945924,-0.14571708,645.2751,87.13165
1.5-473-550,0.09183673473,0.18367346946,0.9726063657286781,-0.0008745576659,1.5,473.0,550.0,473.00003,0.2873125,649.85333,486.6881,13.68808,0.09736662,-0.18994588,623.41077,-26.442566
1.5-473-550,0.1168674698,0.2337349396,0.9915009044774012,-0.0008915474413,1.5,473.0,550.0,635.91534,0.33519918,428.60748,633.24066,-2.6746826,-0.3719024,-0.7071016,216.25505,-212.35243
1.5-473-550,0.4857142857,0.9714285714,0.9945113832197316,-0.0008942544329,1.5,473.0,550.0,657.77344,0.2975943,360.55875,574.55914,-83.214294,-0.115343995,-0.4129383,442.4682,81.909454
1.5-473-550,0.06734693879,0.13469387758,0.9999999997775775,0.0008991897406,1.5,473.0,550.0,473.00003,-5.322157e-09,649.85333,499.47733,26.477295,-0.24523622,-0.24523622,567.46686,-82.386475
1.5-473-550,0.1180722891,0.2361445782,0.7525573838264147,0.0006766918789,1.5,473.0,550.0,484.23572,0.95345634,638.9635,469.10428,-15.131439,0.99664205,0.04318571,635.6401,-3.3234253
1.5-473-550,0.1795180723,0.3590361446,0.960723235489121,-0.0008638724771,1.5,473.0,550.0,744.7417,0.8197806,98.79286,883.1492,138.40747,0.0520696,-0.767711,47.30066,-51.492203
1.5-473-550,0.2746987952,0.5493975904,0.16340484097302546,-0.0001469319566,1.5,473.0,550.0,526.09863,1.4569753,594.98834,531.1782,5.07959,1.3934747,-0.06350064,610.8734,15.885071
1.5-473-550,0.1325301204,0.2650602408,0.47796385156444166,-0.0004297801918,1.5,473.0,550.0,483.64478,1.0615503,639.56146,479.2164,-4.4283752,1.0720553,0.01050508,633.991,-5.5704346
1.5-473-550,0.3506024097,0.7012048194,0.7525573838264147,0.0006766918789,1.5,473.0,550.0,656.07806,1.9664178,367.23767,658.56165,2.4835815,2.0493917,0.08297396,365.8946,-1.3430786
1.5-473-550,0.3879518073,0.7759036146,0.9811301448069191,-0.0008822221606,1.5,473.0,550.0,1011.8583,0.91706413,53.575684,932.64343,-79.21484,-0.6802847,-1.5973488,118.33002,64.75433
1.5-473-550,0.02244897957,0.04489795914,0.9772248215579286,0.000878710534,1.5,473.0,550.0,473.00003,0.21683753,649.85333,452.93024,-20.069794,0.10530322,-0.111534305,659.288,9.434692
1.5-473-550,0.2879518072,0.5759036144,0.9993254186825348,0.0008985831642,1.5,473.0,550.0,1189.9003,0.018826718,43.499176,1325.5298,135.62952,-0.6597373,-0.678564,51.17569,7.6765137
1.5-473-550,0.113253012,0.226506024,0.8475322498919685,0.0007620923041,1.5,473.0,550.0,486.7569,0.86439526,636.41205,463.14908,-23.607819,0.8819743,0.01757902,645.6033,9.191223
1.5-473-550,0.2301204819,0.4602409638,0.9726063657286781,0.0008745576659,1.5,473.0,550.0,1162.5547,0.6559545,44.758392,1250.5759,88.02124,-0.27809805,-0.9340525,58.792114,14.033722
1.5-473-550,0.1518072289,0.3036144578,0.22784103821928303,0.0002048723241,1.5,473.0,550.0,488.7263,1.1056228,634.419,486.00278,-2.7235107,1.0911607,-0.014462113,642.12115,7.7021484
1.5-473-550,0.1686746988,0.3373493976,0.9671530515086588,-0.0008696541017,1.5,473.0,550.0,704.73846,0.7588993,138.24371,844.193,139.45453,-0.08272082,-0.8416201,32.039062,-106.20465
1.5-473-550,0.1843373494,0.3686746988,0.9844268823757469,0.0008851865532,1.5,473.0,550.0,969.5435,0.35593605,56.9545,1116.8799,147.33636,-0.46154493,-0.817481,-4.082,-61.0365
1.5-473-550,0.03061224488,0.06122448976,0.9956514833048237,-0.0008952795992,1.5,473.0,550.0,473.00003,0.041201826,649.85333,464.04288,-8.957153,-0.0854255,-0.12662733,641.3781,-8.47522
1.5-473-550,0.1891566265,0.378313253,0.9965972946963587,-0.0008961300631,1.5,473.0,550.0,1087.5447,0.080390744,48.67206,1195.855,108.3103,-0.6078127,-0.68820345,-5.20819,-53.88025
1.5-473-550,0.2156626506,0.4313253012,0.9931416465066502,-0.0008930227797,1.5,473.0,550.0,1265.2677,0.17051691,40.466614,1275.6396,10.371948,-0.5605841,-0.73110104,26.984161,-13.482452
1.5-473-550,0.4510204082,0.9020408164,0.9999999997775775,0.0008991897406,1.5,473.0,550.0,663.4191,-5.322157e-09,319.0844,636.696,-26.723145,-0.51406616,-0.51406616,361.70978,42.625366
1.5-473-550,0.1662650602,0.3325301204,0.9442484491033019,0.0008490585182,1.5,473.0,550.0,610.73956,0.8942953,475.87366,609.6785,-1.0610352,0.549461,-0.34483427,396.66965,-79.20401
1.5-473-550,0.1746987951,0.3493975902,0.9973789934503665,-0.0008968329586,1.5,473.0,550.0,965.5304,0.06409644,57.304718,1123.0808,157.55042,-0.6216487,-0.6857452,-26.255371,-83.56009
1.5-473-550,0.1831325301,0.3662650602,0.9980223152919674,0.000897411427,1.5,473.0,550.0,1036.8748,0.045349594,51.831116,1172.4268,135.552,-0.62511164,-0.67046124,-14.281493,-66.11261
1.5-473-550,0.2385542169,0.4771084338,0.9671530515086588,0.0008696541017,1.5,473.0,550.0,1106.1569,0.81011117,47.635162,1247.38,141.22314,-0.17954844,-0.9896596,71.204956,23.569794
1.5-473-550,0.3939759037,0.7879518074,0.7098470004029654,0.0006382871403,1.5,473.0,550.0,661.11597,2.264278,333.59854,669.2732,8.157227,2.1222305,-0.1420474,348.527,14.928467
1.5-473-550,0.343373494,0.686746988,0.8902853188558087,0.0008005354251,1.5,473.0,550.0,803.6945,1.8882823,79.28171,751.8881,-51.806396,2.0458777,0.1575954,157.77098,78.48927
1.5-473-550,0.3385542169,0.6771084338,0.03282169735804886,2.951293354e-05,1.5,473.0,550.0,563.87646,1.6952071,549.1565,561.03345,-2.8430176,1.7395782,0.044371128,549.0964,-0.06011963
1.5-473-550,0.02653061223,0.05306122446,0.998978267368595,0.0008982710093,1.5,473.0,550.0,473.00003,0.008925909,649.85333,464.56137,-8.43866,-0.11352689,-0.122452796,639.5658,-10.287537
1.5-473-550,0.1746987951,0.3493975902,0.8902853187445975,0.000800535425,1.5,473.0,550.0,568.0578,1.0137088,542.54553,518.74347,-49.31433,0.87506163,-0.1386472,633.17096,90.62543
1.5-473-550,0.05714285715,0.1142857143,0.9337895728803226,-0.000839654004,1.5,473.0,550.0,473.00003,0.57979465,649.85333,448.35934,-24.640686,0.46217543,-0.11761922,664.8268,14.97345
1.5-473-550,0.148192771,0.296385542,0.9671530515086588,-0.0008696541017,1.5,473.0,550.0,613.0894,0.73796463,472.11252,664.08734,50.997925,0.028290981,-0.70967364,202.36746,-269.74506
1.5-473-550,0.3337349398,0.6674698796,0.9998257452316341,-0.0008990330527,1.5,473.0,550.0,1157.9918,0.0036038107,44.964996,1251.2123,93.22046,-0.79823214,-0.80183595,47.99237,3.0273743
1.5-473-550,0.2843373494,0.5686746988,0.9996041060258503,-0.000898833757,1.5,473.0,550.0,1194.1539,0.009896332,43.317474,1328.5992,134.44531,-0.6565835,-0.6664798,50.73062,7.413147
1.5-473-550,0.4244897959,0.8489795918,0.9531521908128958,-0.0008570646714,1.5,473.0,550.0,695.9595,1.4414726,132.33742,636.1816,-59.777893,0.647562,-0.7939106,384.71127,252.37386
1.5-473-550,0.1626506024,0.3253012048,0.9915009044774012,-0.0008915474413,1.5,473.0,550.0,856.4312,0.22861153,69.63324,1004.1195,147.6883,-0.550288,-0.77889955,-37.99051,-107.62375
1.5-473-550,0.4530612245,0.906122449,0.960723235489121,-0.0008638724771,1.5,473.0,550.0,662.4012,1.1220995,328.7566,596.59753,-65.80365,0.43862608,-0.68347347,432.6092,103.8526
1.5-473-550,0.1361445783,0.2722891566,0.16340484119544796,0.0001469319568,1.5,473.0,550.0,481.45212,1.098554,641.78046,483.29977,1.8476562,1.094652,-0.0039019585,643.24243,1.4619751
1.5-473-550,0.4285714286,0.8571428572,0.9442484491033019,-0.0008490585182,1.5,473.0,550.0,685.42865,1.4085598,153.6421,637.10535,-48.323303,0.86716247,-0.54139733,391.0267,237.3846
1.5-473-550,0.1975903614,0.3951807228,0.8705746216627653,0.0007828117684,1.5,473.0,550.0,603.17206,1.1947057,487.56326,556.6468,-46.52527,0.974075,-0.2206307,596.57623,109.01297
1.5-473-550,0.3903614458,0.7807228916,0.9999999997775775,-0.0008991897406,1.5,473.0,550.0,1105.2207,-5.322157e-09,47.694244,1000.35126,-104.869446,-1.0318737,-1.0318737,87.20261,39.50836
1.5-473-550,0.4510204082,0.9020408164,0.960723235489121,0.0008638724771,1.5,473.0,550.0,663.0873,1.1265963,322.23746,598.5408,-64.54651,0.4379464,-0.6886499,430.03094,107.79349
1.5-473-550,0.2879518072,0.5759036144,0.9985491866279087,0.0008978851843,1.5,473.0,550.0,1186.4879,0.04341131,43.654602,1324.6284,138.1405,-0.6511442,-0.6945555,51.76779,8.11319
1.5-473-550,0.2662650602,0.5325301204,0.22784103833049427,-0.0002048723242,1.5,473.0,550.0,525.2714,1.4370749,595.9082,528.1458,2.8743896,1.3508829,-0.08619201,616.914,21.005798
1.5-473-550,0.05102040816,0.10204081632,0.7525573838264147,-0.0006766918789,1.5,473.0,550.0,473.00003,0.94465905,649.85333,456.74185,-16.258179,0.94776946,0.0031104088,634.73975,-15.113586
1.5-473-550,0.2807228916,0.5614457832,0.7892004020960466,-0.000709640905,1.5,473.0,550.0,644.6249,1.6514001,405.89752,617.83014,-26.794739,1.5742934,-0.077106714,468.89685,62.99933
1.5-473-550,0.02244897957,0.04489795914,0.9844268823757469,0.0008851865532,1.5,473.0,550.0,473.00003,0.14652503,649.85333,455.64758,-17.352448,0.039252933,-0.10727209,655.3956,5.5422974
1.5-473-550,0.07142857145,0.1428571429,0.22784103833049427,-0.0002048723242,1.5,473.0,550.0,473.00003,1.1742929,649.85333,472.9167,-0.083343506,1.1078525,-0.06644046,638.6669,-11.186462
1.5-473-550,0.1662650602,0.3325301204,0.9999999997775775,-0.0008991897406,1.5,473.0,550.0,928.9821,-5.322157e-09,60.79706,1082.1377,153.15558,-0.65116864,-0.65116864,-39.53836,-100.33542
1.5-473-550,0.4204081632,0.8408163264,0.8705746216627653,-0.0007828117684,1.5,473.0,550.0,697.6109,1.9701968,130.19421,687.4886,-10.122314,1.7756224,-0.19457448,302.99738,172.80316
1.5-473-550,0.2927710844,0.5855421688,0.3542741439827602,-0.0003185596757,1.5,473.0,550.0,546.0254,1.5341576,572.2744,546.9419,0.9165039,1.5122415,-0.021916151,589.3204,17.04596
1.5-473-550,0.365060241,0.730120482,0.9844268823757469,0.0008851865532,1.5,473.0,550.0,1052.4475,0.6609241,50.80951,1103.3893,50.941772,-0.7056019,-1.3665259,60.38443,9.574921
1.5-473-550,0.08163265309,0.16326530618,0.9726063657286781,0.0008745576659,1.5,473.0,550.0,473.00003,0.28761274,649.85333,475.6631,2.6630554,0.110034876,-0.17757785,639.2579,-10.595459
1.5-473-550,0.1578313253,0.3156626506,0.8475322498919685,-0.0007620923041,1.5,473.0,550.0,528.0962,0.98251134,592.7671,489.22278,-38.873413,0.92746705,-0.055044293,645.51434,52.747253
1.5-473-550,0.330120482,0.660240964,0.9965972946963587,-0.0008961300631,1.5,473.0,550.0,1146.1064,0.121928625,45.550964,1255.8643,109.75781,-0.7442196,-0.86614823,50.100433,4.549469
1.5-473-550,0.1542168674,0.3084337348,0.4163512326852384,0.000374378757,1.5,473.0,550.0,492.76303,1.0930367,630.33386,484.95166,-7.811371,1.0786995,-0.014337182,638.2858,7.9519653
1.5-473-550,0.2674698795,0.534939759,0.9071317792997667,0.0008156835895,1.5,473.0,550.0,836.0013,1.5564786,73.16965,841.5388,5.5375366,1.3906151,-0.16586351,180.5455,107.375854
1.5-473-550,0.2024096385,0.404819277,0.5396442234408553,0.0004852425494,1.5,473.0,550.0,519.52686,1.2469059,602.2962,501.8025,-17.724365,1.1128714,-0.13403451,641.24725,38.95105
1.5-473-550,0.008163265274,0.016326530548,0.9844268823757469,0.0008851865532,1.5,473.0,550.0,473.00003,0.1454429,649.85333,453.017,-19.983032,0.05054867,-0.09489423,658.3008,8.447449
1.5-473-550,0.1542168674,0.3084337348,0.9671530515086588,-0.0008696541017,1.5,473.0,550.0,632.2689,0.75859076,435.74567,709.15576,76.88684,-0.0060573868,-0.76464814,126.91167,-308.83398
1.5-473-550,0.2626506024,0.5253012048,0.9895407848051817,-0.0008897849218,1.5,473.0,550.0,1171.9122,0.2972104,44.321198,1321.8025,149.89026,-0.51811534,-0.81532574,55.918,11.596802
1.5-473-550,0.2939759036,0.5879518072,0.9811301448069191,0.0008822221606,1.5,473.0,550.0,1098.446,0.5911873,48.03833,1293.2902,194.84412,-0.42727584,-1.0184631,67.22571,19.187378
1.5-473-550,0.1686746988,0.3373493976,0.9998257452316341,-0.0008990330527,1.5,473.0,550.0,941.62756,0.0025545305,59.488037,1097.189,155.5614,-0.64885336,-0.6514079,-36.065002,-95.55304
1.5-473-550,0.286746988,0.573493976,0.9973789933391554,0.0008968329585,1.5,473.0,550.0,1182.2776,0.08020192,43.847168,1324.1951,141.91748,-0.6358965,-0.7160984,52.61731,8.770142
1.5-473-550,0.3602409639,0.7204819278,0.7892004020960466,-0.000709640905,1.5,473.0,550.0,672.4291,2.0506825,237.79741,681.9069,9.477844,2.1087892,0.05810666,316.87064,79.07323
1.5-473-550,0.3253012049,0.6506024098,0.9895407848051817,-0.0008897849218,1.5,473.0,550.0,1116.0653,0.37137896,47.0896,1256.7777,140.7124,-0.6292798,-1.0006588,55.28955,8.199951
1.5-473-550,0.4244897959,0.8489795918,0.9844268823757469,0.0008851865532,1.5,473.0,550.0,698.0678,0.9126244,129.50156,683.45557,-14.612244,-0.4177088,-1.3303332,311.57108,182.06952
1.5-473-550,0.05918367348,0.11836734696,0.6021818746711394,-0.0005414757638,1.5,473.0,550.0,473.00003,1.0579245,649.85333,464.38202,-8.618011,1.0463653,-0.011559248,628.8759,-20.977417
1.5-473-550,0.2168674699,0.4337349398,0.2914697156873968,0.0002620865781,1.5,473.0,550.0,514.2796,1.3129267,608.13116,506.09674,-8.182861,1.1615369,-0.15138972,639.4334,31.302246
1.5-473-550,0.02244897957,0.04489795914,0.03282169735804886,2.951293354e-05,1.5,473.0,550.0,473.00003,1.1990162,649.85333,470.93295,-2.0670776,1.1527534,-0.04626286,653.1438,3.2904663
1.5-473-550,0.1746987951,0.3493975902,0.2914697156873968,0.0002620865781,1.5,473.0,550.0,499.28616,1.1456537,623.7324,491.3983,-7.8878784,1.0969522,-0.048701525,642.211,18.478577
1.5-473-550,0.4979591837,0.9959183674,0.9956514835272462,-0.0008952795994,1.5,473.0,550.0,657.40424,0.23476893,362.04898,565.0706,-92.33362,-0.07564659,-0.3104155,453.57333,91.52435
1.5-473-550,0.156626506,0.313253012,0.9993254186825348,0.0008985831642,1.5,473.0,550.0,871.4265,0.017878825,67.50891,1007.7779,136.35138,-0.6430343,-0.6609131,-50.842224,-118.351135
1.5-473-550,0.156626506,0.313253012,0.9956514833048237,0.0008952795992,1.5,473.0,550.0,846.32587,0.12800127,71.209595,983.42,137.09412,-0.59928113,-0.7272824,-47.454895,-118.66449
1.5-473-550,0.2445783133,0.4891566266,0.9872047710533666,0.0008876844022,1.5,473.0,550.0,1189.1754,0.34122264,43.532715,1309.1656,119.990234,-0.4856972,-0.82691985,51.63321,8.100494
1.5-473-550,0.2204819277,0.4409638554,0.9531521908128958,-0.0008570646714,1.5,473.0,550.0,1081.3224,1.0066104,49.06369,1118.8715,37.549072,0.14724451,-0.8593659,79.79373,30.730042
1.5-473-550,0.04285714285,0.0857142857,0.7525573838264147,-0.0006766918789,1.5,473.0,550.0,473.00003,0.937545,649.85333,455.73538,-17.264648,0.9407551,0.0032101274,635.41656,-14.436768
1.5-473-550,0.2819277109,0.5638554218,0.9215172744995802,-0.0008286188792,1.5,473.0,550.0,871.47943,1.5279773,67.61484,954.6852,83.20575,1.2077833,-0.320194,127.02066,59.405823
1.5-473-550,0.2060240964,0.4120481928,0.2914697156873968,0.0002620865781,1.5,473.0,550.0,510.9744,1.2739176,611.80646,501.8211,-9.15329,1.1375607,-0.13635683,641.2414,29.434937
1.5-473-550,0.3373493976,0.6746987952,0.5396442233296441,0.0004852425493,1.5,473.0,550.0,610.8861,1.8020772,475.8543,595.7577,-15.128418,1.8589416,0.05686438,495.32748,19.473175
1.5-473-550,0.002040816303,0.004081632606,0.8705746217739765,0.0007828117685,1.5,473.0,550.0,473.00003,0.91083246,649.85333,444.91434,-28.085693,0.66664535,-0.24418712,654.49536,4.642029
1.5-473-550,0.2530120482,0.5060240964,0.8206166047262803,-0.0007378900321,1.5,473.0,550.0,645.97363,1.5513483,400.11978,612.86926,-33.10437,1.3334638,-0.21788454,493.3477,93.227905
1.5-473-550,0.2469879518,0.4939759036,0.7098470004029654,0.0006382871403,1.5,473.0,550.0,582.92255,1.4538187,519.7046,550.2685,-32.654053,1.2803684,-0.17345023,597.47003,77.76544
1.5-473-550,0.2903614458,0.5807228916,0.960723235489121,-0.0008638724771,1.5,473.0,550.0,1001.2451,1.1019452,54.39099,1240.9731,239.72803,-0.017571634,-1.1195168,89.793,35.402008
1.5-473-550,0.3156626506,0.6313253012,0.9895407848051817,-0.0008897849218,1.5,473.0,550.0,1123.7921,0.35791808,46.676697,1276.5984,152.80627,-0.5999368,-0.95785487,57.00992,10.333221
1.5-473-550,0.2927710844,0.5855421688,0.9996041060258503,-0.000898833757,1.5,473.0,550.0,1187.1752,0.010194356,43.62317,1321.5153,134.34009,-0.67203075,-0.6822251,51.135345,7.5121765
1.5-473-550,0.4816326531,0.9632653062,0.9956514833048237,0.0008952795992,1.5,473.0,550.0,657.9994,0.23501295,359.64648,579.18695,-78.81244,-0.15858108,-0.39359403,436.062,76.41553
1.5-473-550,0.06938775512,0.13877551024,0.9531521908128958,-0.0008570646714,1.5,473.0,550.0,473.00003,0.46384943,649.85333,455.3762,-17.62384,0.32357132,-0.1402781,664.86224,15.008911
1.5-473-550,0.1469879518,0.2939759036,0.9671530515086588,-0.0008696541017,1.5,473.0,550.0,609.8157,0.73331624,477.5158,655.9542,46.13855,0.035073753,-0.6982425,219.373,-258.14282
1.5-473-550,0.4714285714,0.9428571428,0.03282169734692774,-2.951293353e-05,1.5,473.0,550.0,654.3773,2.007569,374.26886,625.4079,-28.969421,2.2399268,0.23235774,410.70187,36.433014
1.5-473-550,0.3421686747,0.6843373494,0.6021818746711394,-0.0005414757638,1.5,473.0,550.0,624.3979,1.852825,452.23236,609.65955,-14.738342,1.9158665,0.06304145,467.54968,15.317322
1.5-473-550,0.3759036145,0.751807229,0.960723235489121,0.0008638724771,1.5,473.0,550.0,939.91376,1.4511788,59.65753,908.41125,-31.502502,0.12689745,-1.3242813,133.53912,73.88159
1.5-473-550,0.4346938775,0.869387755,0.8705746216627653,-0.0007828117684,1.5,473.0,550.0,671.66125,1.5944432,241.94093,671.8643,0.20306396,1.6617486,0.067305446,330.53458,88.59364
1.5-473-550,0.1024096385,0.204819277,0.9980223152919674,-0.000897411427,1.5,473.0,550.0,622.8145,0.047515925,454.56888,593.8121,-29.002441,-0.4100259,-0.45754182,311.74292,-142.82596
1.5-473-550,0.2807228916,0.5614457832,0.9531521909241071,0.0008570646715,1.5,473.0,550.0,977.13214,1.2004486,56.332,1213.1886,236.05646,0.1666252,-1.0338235,98.72096,42.38896
1.5-473-550,0.4938775511,0.9877551022,0.993141646395439,0.0008930227796,1.5,473.0,550.0,657.49164,0.3712399,361.6962,567.12,-90.37164,-0.053514425,-0.42475432,452.2229,90.5267
1.5-473-550,0.08163265309,0.16326530618,0.9985491866279087,-0.0008978851843,1.5,473.0,550.0,473.00003,0.014125461,649.85333,523.99084,50.990814,-0.2893191,-0.30344456,507.2478,-142.60553
1.5-473-550,0.3879518073,0.7759036146,0.9993254186825348,0.0008985831642,1.5,473.0,550.0,1105.4103,0.030225152,47.658905,1013.9794,-91.43091,-1.0187865,-1.0490117,81.988144,34.32924
1.5-473-550,0.1421686747,0.2843373494,0.8475322498919685,0.0007620923041,1.5,473.0,550.0,513.00653,0.93865037,609.5429,477.32767,-35.678864,0.9129688,-0.025681555,646.4949,36.951965
1.5-473-550,0.008163265274,0.016326530548,0.9973789933391554,0.0008968329585,1.5,473.0,550.0,473.00003,0.023812586,649.85333,458.01175,-14.988281,-0.06649608,-0.090308666,650.32275,0.4694214
1.5-473-550,0.1578313253,0.3156626506,0.9999999997775775,0.0008991897406,1.5,473.0,550.0,884.05585,-5.322157e-09,65.91254,1021.33374,137.2779,-0.65095264,-0.65095264,-50.113434,-116.02597
1.5-473-550,0.2542168675,0.508433735,0.960723235489121,0.0008638724771,1.5,473.0,550.0,1036.415,0.99937546,51.8732,1242.4506,206.03552,-0.044389848,-1.0437653,86.839066,34.965866
1.5-473-550,0.1638554216,0.3277108432,0.9956514833048237,-0.0008952795992,1.5,473.0,550.0,893.926,0.114319794,64.59161,1040.4557,146.52966,-0.6031764,-0.7174962,-40.258575,-104.85019
1.5-473-550,0.308433735,0.61686747,0.7892004020960466,-0.000709640905,1.5,473.0,550.0,654.2672,1.7789203,373.5623,642.14325,-12.123962,1.8174266,0.03850627,403.84955,30.287262
1.5-473-550,0.09795918369,0.19591836738,0.9895407850276042,0.000889784922,1.5,473.0,550.0,473.00317,0.10739576,649.85034,541.38354,68.38037,-0.2104271,-0.31782287,474.45087,-175.39948
1.5-473-550,0.4285714286,0.8571428572,0.999825745120423,0.0008990330526,1.5,473.0,550.0,687.8073,0.0063803145,147.2057,727.9459,40.13861,-0.7942894,-0.8006697,266.724,119.518295
1.5-473-550,0.2819277109,0.5638554218,0.8705746216627653,0.0007828117684,1.5,473.0,550.0,736.27795,1.6951693,103.9171,713.8251,-22.45288,1.6077719,-0.087397456,285.71353,181.79643
1.5-473-550,0.3710843374,0.7421686748,0.09831793590232207,-8.84064793e-05,1.5,473.0,550.0,598.72797,1.9081895,495.15942,582.8294,-15.89856,1.9154346,0.007245064,506.28485,11.125427
1.5-473-550,0.1277108433,0.2554216866,0.9985491866279087,-0.0008978851843,1.5,473.0,550.0,735.2879,0.069240384,100.67372,755.3948,20.106873,-0.56796104,-0.6372014,5.6785593,-94.99516
1.5-473-550,0.351807229,0.703614458,0.9956514833048237,-0.0008952795992,1.5,473.0,550.0,1122.6459,0.17310971,46.737976,1188.6288,65.98291,-0.82287854,-0.99598825,49.364044,2.626068
1.5-473-550,0.3036144579,0.6072289158,0.9215172744995802,0.0008286188792,1.5,473.0,550.0,868.0282,1.5989217,68.080444,927.7242,59.695984,1.3728359,-0.22608578,110.7155,42.635056
1.5-473-550,0.4877551021,0.9755102042,0.22784103821928303,0.0002048723241,1.5,473.0,550.0,656.7136,1.9456816,364.8371,642.7776,-13.936035,2.2224116,0.27673006,387.2914,22.454315
1.5-473-550,0.0612244898,0.1224489796,0.8705746216627653,-0.0007828117684,1.5,473.0,550.0,473.00003,0.78670216,649.85333,449.61435,-23.385681,0.75281614,-0.033886015,650.53815,0.68481445
1.5-473-550,0.1855421686,0.3710843372,0.22784103821928303,0.0002048723241,1.5,473.0,550.0,502.5817,1.183318,620.39734,494.93832,-7.6433716,1.112834,-0.07048404,642.9974,22.600037
1.5-473-550,0.2975903615,0.595180723,0.47796385156444166,-0.0004297801918,1.5,473.0,550.0,568.683,1.5870668,541.31305,558.03656,-10.646423,1.5786958,-0.0083709955,572.3962,31.08313
1.5-473-550,0.1807228915,0.361445783,0.9531521909241071,-0.0008570646715,1.5,473.0,550.0,705.89246,0.9055696,144.151,808.3229,102.43042,0.28357822,-0.6219914,101.60318,-42.54782
1.5-473-550,0.3469879518,0.6939759036,0.03282169734692774,-2.951293353e-05,1.5,473.0,550.0,572.8986,1.744211,535.4331,565.68835,-7.210266,1.7853224,0.04111147,539.1735,3.7404175
1.5-473-550,0.1674698795,0.334939759,0.9811301446957078,-0.0008822221605,1.5,473.0,550.0,805.71216,0.4765325,78.61307,966.75104,161.03888,-0.395029,-0.8715615,-19.332642,-97.94571
1.5-473-550,0.1939759036,0.3879518072,0.8206166047262803,0.0007378900321,1.5,473.0,550.0,560.30145,1.1673826,553.89264,524.44324,-35.858215,1.0083196,-0.15906298,626.5942,72.70154
1.5-473-550,0.1554216867,0.3108433734,0.9980223152919674,0.000897411427,1.5,473.0,550.0,854.2239,0.05845427,69.9501,989.6675,135.4436,-0.62730473,-0.685759,-50.766907,-120.71701
1.5-473-550,0.3662650603,0.7325301206,0.8475322498919685,0.0007620923041,1.5,473.0,550.0,739.04846,2.103753,100.37157,716.4035,-22.644958,2.1356502,0.031897068,240.0928,139.72124
1.5-473-550,0.1590361445,0.318072289,0.9442484491033019,0.0008490585182,1.5,473.0,550.0,591.187,0.8639888,505.8117,573.4902,-17.696838,0.5374527,-0.32653612,482.97705,-22.834656
1.5-473-550,0.4632653061,0.9265306122,0.9337895728803226,-0.000839654004,1.5,473.0,550.0,659.8559,1.2836009,352.0656,605.6711,-54.184814,0.8759025,-0.40769845,433.77255,81.70694
1.5-473-550,0.1036144578,0.2072289156,0.7892004020960466,-0.000709640905,1.5,473.0,550.0,473.953,0.9035017,648.95435,463.62296,-10.330048,0.95483685,0.051335156,637.22217,-11.732178
1.5-473-550,0.1686746988,0.3373493976,0.9993254186825348,-0.0008985831642,1.5,473.0,550.0,938.63794,0.01565873,59.783722,1094.6752,156.03723,-0.64369124,-0.65935,-35.848145,-95.63187
1.5-473-550,0.4367346939,0.8734693878,0.22784103821928303,0.0002048723241,1.5,473.0,550.0,643.6058,2.0693579,409.6009,628.1683,-15.4375,2.1653829,0.09602499,421.36047,11.7595825
1.5-473-550,0.1024096385,0.204819277,0.993141646395439,0.0008930227796,1.5,473.0,550.0,591.2829,0.14758605,505.5486,571.61176,-19.671143,-0.3102315,-0.45781755,383.25607,-122.29254
1.5-473-550,0.04081632652,0.08163265304,0.960723235489121,-0.0008638724771,1.5,473.0,550.0,473.00003,0.38760614,649.85333,450.98627,-22.013763,0.2467196,-0.14088655,663.3978,13.544495
1.5-473-550,0.0,0.0,0.9998256639362226,0.0008990329796,1.5,473.0,550.0,473.00003,0.90842825,649.85333,457.2912,-15.708832,-0.077661045,-0.9860893,651.3215,1.4681396
1.5-473-550,0.4755102041,0.9510204082,0.9999999997775775,-0.0008991897406,1.5,473.0,550.0,658.4882,-5.322157e-09,357.67297,590.08093,-68.40729,-0.28130537,-0.28130537,420.2408,62.56784
1.5-473-550,0.1120481927,0.2240963854,0.9965972946963587,-0.0008961300631,1.5,473.0,550.0,658.76056,0.16724718,354.96387,635.4494,-23.311157,-0.44583672,-0.6130839,202.8188,-152.14507
1.5-473-550,0.2204819277,0.4409638554,0.6600967573005477,0.0005935522321,1.5,473.0,550.0,539.167,1.3252022,580.30273,518.8168,-20.35022,1.1479223,-0.17727995,632.3681,52.06537
1.5-473-550,0.03469387754,0.06938775508,0.16340484097302546,-0.0001469319566,1.5,473.0,550.0,473.00003,1.2431656,649.85333,469.66223,-3.337799,1.1314071,-0.11175847,643.92847,-5.9248657
1.5-473-550,0.104819277,0.209638554,0.6600967573005477,0.0005935522321,1.5,473.0,550.0,473.43307,1.0057373,649.44476,469.50693,-3.9261475,1.0367278,0.030990481,630.5562,-18.88855
1.5-473-550,0.4163265306,0.8326530612,0.9872047710533666,0.0008876844022,1.5,473.0,550.0,730.73596,0.8531889,103.12602,740.8791,10.143127,-0.6139963,-1.4671853,255.25105,152.12503
1.5-473-550,0.2228915662,0.4457831324,0.960723235489121,-0.0008638724771,1.5,473.0,550.0,1119.347,0.88169736,46.923187,1178.2035,58.856445,-0.04569078,-0.92738813,69.09851,22.175323
1.5-473-550,0.1012048192,0.2024096384,0.8475322500031797,-0.0007620923042,1.5,473.0,550.0,473.29883,0.82802486,649.5715,459.28662,-14.012207,0.86698866,0.038963795,645.31824,-4.253235
1.5-473-550,0.169879518,0.339759036,0.9071317792997667,-0.0008156835895,1.5,473.0,550.0,572.0719,0.9743318,535.4929,518.25757,-53.81433,0.81973386,-0.15459794,630.30865,94.815735
1.5-473-550,0.1722891566,0.3445783132,0.9956514833048237,-0.0008952795992,1.5,473.0,550.0,941.7731,0.107485704,59.473633,1099.4944,157.72131,-0.6034066,-0.7108923,-28.907288,-88.38092
1.5-473-550,0.373493976,0.746987952,0.7892004020960466,-0.000709640905,1.5,473.0,550.0,679.11884,2.1425402,204.20021,688.66437,9.545532,2.1297493,-0.012790918,306.25775,102.05754
1.5-473-550,0.3638554217,0.7277108434,0.09831793590232207,-8.84064793e-05,1.5,473.0,550.0,591.81323,1.8576498,505.18262,578.5155,-13.2977295,1.8792653,0.021615505,515.3267,10.144104
1.5-473-550,0.3927710844,0.7855421688,0.9980223152919674,0.000897411427,1.5,473.0,550.0,1092.6838,0.1012085,48.37329,975.9878,-116.696045,-1.0075977,-1.1088061,97.359406,48.986115
1.5-473-550,0.4897959184,0.9795918368,0.9980223152919674,-0.000897411427,1.5,473.0,550.0,657.61066,0.104117565,361.21573,573.01654,-84.59412,-0.15354961,-0.25766718,442.9489,81.733185
1.5-473-550,0.0244897959,0.0489795918,0.9931416465066502,-0.0008930227797,1.5,473.0,550.0,473.00003,0.06443327,649.85333,460.3464,-12.6536255,-0.048771445,-0.11320472,647.5844,-2.268921
1.5-473-550,0.2879518072,0.5759036144,0.9945113832197316,0.0008942544329,1.5,473.0,550.0,1168.2684,0.17118609,44.487854,1319.6448,151.37634,-0.6043853,-0.7755714,54.988586,10.500732
1.5-473-550,0.1662650602,0.3325301204,0.3542741437603377,0.0003185596755,1.5,473.0,550.0,496.88586,1.1213322,626.1615,488.63678,-8.249084,1.0870739,-0.034258246,640.74054,14.579041
1.5-473-550,0.4551020408,0.9102040816,0.9895407848051817,-0.0008897849218,1.5,473.0,550.0,662.0172,0.55580544,332.40475,607.59607,-54.421143,-0.22322744,-0.7790329,400.65863,68.253876
1.5-473-550,0.156626506,0.313253012,0.6600967573005477,-0.0005935522321,1.5,473.0,550.0,503.61084,1.0556366,619.35583,482.96463,-20.64621,1.0533149,-0.0023217201,638.1596,18.803772
1.5-473-550,0.09591836738,0.19183673476,0.9956514833048237,0.0008952795992,1.5,473.0,550.0,473.00003,0.044079956,649.85333,557.07947,84.07944,-0.31913334,-0.3632133,420.39755,-229.45578
1.5-473-550,0.1084337349,0.2168674698,0.9772248215579286,0.000878710534,1.5,473.0,550.0,543.9177,0.43559903,574.7666,530.7042,-13.213501,-0.01744563,-0.45304465,524.8253,-49.941284
1.5-473-550,0.06734693879,0.13469387758,0.9973789934503665,-0.0008968329586,1.5,473.0,550.0,473.00003,0.026324863,649.85333,494.8092,21.809174,-0.2055791,-0.23190397,580.7961,-69.05725
1.5-473-550,0.2144578313,0.4289156626,0.9999999997775775,-0.0008991897406,1.5,473.0,550.0,1292.6001,-5.322157e-09,39.923004,1287.9373,-4.662842,-0.6310794,-0.6310794,21.187073,-18.735931
1.5-473-550,0.365060241,0.730120482,0.9996041060258503,0.000898833757,1.5,473.0,550.0,1128.9403,0.013708884,46.40161,1141.7275,12.787231,-0.9349447,-0.9486536,51.559296,5.1576843
1.5-473-550,0.4938775511,0.9877551022,0.9215172744995802,-0.0008286188792,1.5,473.0,550.0,657.44495,1.3474971,361.88477,587.6124,-69.83252,0.88525814,-0.46223897,450.61877,88.73401
1.5-473-550,0.3012048193,0.6024096386,0.993141646395439,0.0008930227796,1.5,473.0,550.0,1150.3657,0.22444725,45.340973,1304.0911,153.72534,-0.6129059,-0.83735317,55.888947,10.547974
1.5-473-550,0.2012048193,0.4024096386,0.9956514833048237,0.0008952795992,1.5,473.0,550.0,1212.5962,0.10457229,42.53366,1240.3774,27.78125,-0.5928083,-0.6973806,10.47693,-32.056732
1.5-473-550,0.4734693878,0.9469387756,0.9998257452316341,-0.0008990330527,1.5,473.0,550.0,658.6978,0.0052916952,356.82693,592.6016,-66.09619,-0.29361266,-0.29890436,417.00995,60.183014
1.5-473-550,0.3228915663,0.6457831326,0.9945113832197316,-0.0008942544329,1.5,473.0,550.0,1142.0438,0.19273669,45.75125,1269.4412,127.39734,-0.69128793,-0.8840246,52.3779,6.626648
1.5-473-550,0.278313253,0.556626506,0.16340484097302546,-0.0001469319566,1.5,473.0,550.0,527.17285,1.4669596,593.7938,532.9705,5.7976685,1.4118578,-0.055101752,608.0221,14.2282715
1.5-473-550,0.3120481928,0.6240963856,0.9844268823757469,0.0008851865532,1.5,473.0,550.0,1101.4127,0.5210722,47.872498,1274.7612,173.34851,-0.5123587,-1.0334309,61.805542,13.933044
1.5-473-550,0.2253012048,0.4506024096,0.03282169735804886,2.951293354e-05,1.5,473.0,550.0,513.4214,1.3347135,609.0854,509.0155,-4.405884,1.2161466,-0.11856687,636.6155,27.53009
1.5-473-550,0.4857142857,0.9714285714,0.993141646395439,0.0008930227796,1.5,473.0,550.0,657.77216,0.37140834,360.56375,573.78375,-83.9884,-0.091523,-0.46293133,444.03897,83.47522
1.5-473-550,0.2204819277,0.4409638554,0.999825745120423,-0.0008990330526,1.5,473.0,550.0,1298.2048,0.0024162477,39.923004,1299.9606,1.7557373,-0.62754613,-0.6299624,26.274353,-13.648651
1.5-473-550,0.1228915662,0.2457831324,0.9772248215579286,-0.000878710534,1.5,473.0,550.0,577.50104,0.5561062,525.84937,585.1903,7.68927,-0.0842017,-0.6403079,377.2883,-148.56107
1.5-473-550,0.08163265309,0.16326530618,0.9337895728803226,-0.000839654004,1.5,473.0,550.0,473.00003,0.5814873,649.85333,453.41226,-19.587769,0.4924726,-0.08901471,666.8761,17.022766
1.5-473-550,0.1373493975,0.274698795,0.9985491866279087,0.0008978851843,1.5,473.0,550.0,775.0154,0.056694563,86.042145,837.2716,62.256226,-0.6032013,-0.6598959,-40.61432,-126.65646
1.5-473-550,0.03061224488,0.06122448976,0.9996041060258503,0.000898833757,1.5,473.0,550.0,473.00003,0.003035838,649.85333,466.76233,-6.2377014,-0.12886053,-0.13189638,635.6518,-14.201538
1.5-473-550,0.1096385542,0.2192771084,0.8206166047262803,-0.0007378900321,1.5,473.0,550.0,480.89664,0.8833737,642.3323,463.5144,-17.382233,0.9220539,0.038680196,641.1136,-1.218689
1.5-473-550,0.2686746988,0.5373493976,0.8475322498919685,-0.0007620923041,1.5,473.0,550.0,681.06836,1.6373997,222.02467,662.5393,-18.529053,1.4857446,-0.15165508,390.59567,168.571
1.5-473-550,0.1590361445,0.318072289,0.03282169735804886,2.951293354e-05,1.5,473.0,550.0,490.6846,1.12173,632.4372,489.15106,-1.5335388,1.1148138,-0.0069161654,647.53546,15.098267
1.5-473-550,0.1108433734,0.2216867468,0.9945113832197316,0.0008942544329,1.5,473.0,550.0,639.74567,0.20772803,419.74255,617.3956,-22.350037,-0.39536494,-0.60309297,252.39505,-167.3475
1.5-473-550,0.00204081629,0.00408163258,0.03282169735804886,2.951293354e-05,1.5,473.0,550.0,473.00003,0.99372184,649.85333,469.2271,-3.7729187,1.1638813,0.17015946,655.5145,5.661194
1.5-473-550,0.1590361445,0.318072289,0.8475322498919685,-0.0007620923041,1.5,473.0,550.0,529.29016,0.9862684,591.4394,490.30057,-38.989594,0.928609,-0.057659388,645.3092,53.869812
1.5-473-550,0.1216867469,0.2433734938,0.9996041061370615,-0.0008988337571,1.5,473.0,550.0,720.37787,0.01837551,109.06824,716.80176,-3.5761108,-0.557733,-0.5761085,46.2247,-62.843536
1.5-473-550,0.4510204082,0.9020408164,0.9980223152919674,0.000897411427,1.5,473.0,550.0,663.4187,0.10820972,319.08878,631.9671,-31.4516,-0.467313,-0.5755227,367.67157,48.582794
1.5-473-550,0.1855421686,0.3710843372,0.9980223152919674,-0.000897411427,1.5,473.0,550.0,1053.1411,0.046733137,50.76535,1184.2338,131.09265,-0.6240459,-0.67077905,-10.879119,-61.64447
1.5-473-550,0.3831325302,0.7662650604,0.4163512326852384,0.000374378757,1.5,473.0,550.0,624.52844,2.049237,452.10593,614.6879,-9.840515,2.0285118,-0.02072525,454.10968,2.0037537
1.5-473-550,0.1216867469,0.2433734938,0.9071317792997667,0.0008156835895,1.5,473.0,550.0,505.44485,0.80832076,617.4998,465.15552,-40.289337,0.7161148,-0.09220594,662.522,45.022156
1.5-473-550,0.1108433734,0.2216867468,0.9993254186825348,0.0008985831642,1.5,473.0,550.0,677.4201,0.03922784,191.26291,644.1976,-33.222534,-0.49154156,-0.5307694,178.1659,-13.097015
1.5-473-550,0.4959183674,0.9918367348,0.9442484491033019,-0.0008490585182,1.5,473.0,550.0,657.4213,1.2408613,361.98013,572.82556,-84.595764,0.6368277,-0.6040336,463.501,101.520874
1.5-473-550,0.3060240964,0.6120481928,0.8902853188558087,-0.0008005354251,1.5,473.0,550.0,798.0371,1.7477347,80.714874,766.2875,-31.749634,1.7674836,0.019748926,179.73175,99.01688
1.5-473-550,0.4734693878,0.9469387756,0.9337895728803226,-0.000839654004,1.5,473.0,550.0,658.51654,1.2883797,357.5586,596.3262,-62.19037,0.8323126,-0.4560671,443.30807,85.74948
1.5-473-550,0.4081632653,0.8163265306,0.9531521909241071,0.0008570646715,1.5,473.0,550.0,781.65564,1.6957817,84.32469,674.2368,-107.41882,0.67544925,-1.0203325,334.3944,250.06972
1.5-473-550,0.0102040816,0.0204081632,0.03282169734692774,-2.951293353e-05,1.5,473.0,550.0,473.00003,1.105399,649.85333,469.89935,-3.1006775,1.1594908,0.05409181,654.509,4.6556396
1.5-473-550,0.0,0.0,0.9726236451740442,0.0008745732034,1.5,473.0,550.0,473.00003,0.90842825,649.85333,448.9649,-24.035126,0.149189,-0.75923926,663.00653,13.153198
1.5-473-550,0.2457831325,0.491566265,0.9956514833048237,0.0008952795992,1.5,473.0,550.0,1223.3822,0.11730575,42.08496,1324.7467,101.3645,-0.583051,-0.7003568,44.598267,2.5133057
1.5-473-550,0.02244897957,0.04489795914,0.9956514833048237,-0.0008952795992,1.5,473.0,550.0,473.00003,0.040265497,649.85333,461.07388,-11.926147,-0.07122833,-0.111493826,645.9327,-3.9206543
1.5-473-550,0.1722891566,0.3445783132,0.03282169734692774,-2.951293353e-05,1.5,473.0,550.0,496.0461,1.1468126,627.01135,492.34695,-3.6991577,1.1239749,-0.022837639,646.72626,19.714905
1.5-473-550,0.1867469879,0.3734939758,0.9442484491033019,-0.0008490585182,1.5,473.0,550.0,723.57904,0.9853977,119.30127,765.3582,41.779175,0.53779745,-0.44760025,167.72014,48.41887
1.5-473-550,0.4714285714,0.9428571428,0.22784103833049427,-0.0002048723242,1.5,473.0,550.0,655.0118,1.9732729,371.70737,639.97125,-15.040527,2.215638,0.242365,395.78287,24.0755
1.5-473-550,0.2072289156,0.4144578312,0.9337895728803226,-0.000839654004,1.5,473.0,550.0,934.35095,1.2138507,60.433014,831.4959,-102.85504,0.7892323,-0.42461842,169.89136,109.45834
1.5-473-550,0.3,0.6,0.9844268823757469,0.0008851865532,1.5,473.0,550.0,1109.1515,0.5031806,47.458984,1292.4543,183.30286,-0.48801666,-0.9911973,63.516724,16.05774
1.5-473-550,0.1855421686,0.3710843372,0.9985491866279087,-0.0008978851843,1.5,473.0,550.0,1055.897,0.033784565,50.589905,1186.1598,130.26282,-0.6293656,-0.6631502,-11.120482,-61.71039
1.5-473-550,0.2554216867,0.5108433734,0.5396442233296441,-0.0004852425493,1.5,473.0,550.0,543.4265,1.4353619,575.337,533.28455,-10.141968,1.3176916,-0.1176703,617.9277,42.5907
1.5-473-550,0.4061224489,0.8122448978,0.8902853188558087,-0.0008005354251,1.5,473.0,550.0,770.10394,2.1908894,87.60419,704.03094,-66.073,1.7889247,-0.40196466,275.27808,187.67389
1.5-473-550,0.1361445783,0.2722891566,0.5396442233296441,-0.0004852425493,1.5,473.0,550.0,486.9686,1.0512458,636.1978,478.98822,-7.980377,1.0664128,0.015166998,633.8183,-2.3795166
1.5-473-550,0.1903614457,0.3807228914,0.9811301448069191,-0.0008822221606,1.5,473.0,550.0,1013.9044,0.433858,53.434814,1135.2788,121.37439,-0.4141206,-0.8479786,7.2164927,-46.218323
1.5-473-550,0.221686747,0.443373494,0.2914697156873968,0.0002620865781,1.5,473.0,550.0,515.6086,1.3254216,606.65326,508.10468,-7.5039062,1.1741604,-0.15126121,638.3184,31.665161
1.5-473-550,0.3686746989,0.7373493978,0.9993254186825348,-0.0008985831642,1.5,473.0,550.0,1124.5802,0.026262576,46.634583,1124.0773,-0.5029297,-0.9482185,-0.9744811,53.93582,7.301239
1.5-473-550,0.1903614458,0.3807228916,0.22784103833049427,-0.0002048723242,1.5,473.0,550.0,504.38113,1.2041525,618.5763,496.45572,-7.925415,1.1186699,-0.0854826,642.7954,24.219116
1.5-473-550,0.1445783132,0.2891566264,0.6021818746711394,-0.0005414757638,1.5,473.0,550.0,493.64847,1.0471351,629.43774,479.97595,-13.672516,1.0598557,0.012720585,635.25995,5.8222046
1.5-473-550,0.3397590362,0.6795180724,0.22784103833049427,-0.0002048723242,1.5,473.0,550.0,573.7429,1.7224969,533.72424,570.46094,-3.2819824,1.76892,0.046423078,537.7998,4.0755615
1.5-473-550,0.4795918368,0.9591836736,0.9772248215579286,0.000878710534,1.5,473.0,550.0,658.10516,0.90367997,359.21954,573.5238,-84.58136,0.16301012,-0.74066985,452.0348,92.81525
1.5-473-550,0.3168674699,0.6337349398,0.7098470004029654,0.0006382871403,1.5,473.0,550.0,635.2197,1.7761593,429.95752,614.0518,-21.167908,1.8266209,0.05046165,462.42914,32.47162
1.5-473-550,0.1518072289,0.3036144578,0.993141646395439,0.0008930227796,1.5,473.0,550.0,802.40015,0.21605086,79.29477,923.4773,121.07715,-0.5591057,-0.77515656,-45.194702,-124.48947
1.5-473-550,0.2265060241,0.4530120482,0.9531521909241071,0.0008570646715,1.5,473.0,550.0,1073.6213,1.0175401,49.521576,1143.7521,70.13074,0.13927263,-0.87826747,83.78047,34.258896
1.5-473-550,0.4020408163,0.8040816326,0.9607232356003321,0.0008638724772,1.5,473.0,550.0,866.8719,1.6489799,68.29474,709.26294,-157.60895,0.31107897,-1.3379009,290.74625,222.4515
1.5-473-550,0.2072289156,0.4144578312,0.4163512326852384,0.000374378757,1.5,473.0,550.0,515.09485,1.2750378,607.22455,502.6752,-12.419647,1.1303495,-0.14468825,641.1608,33.93628
1.5-473-550,0.3493975904,0.6987951808,0.999825745120423,0.0008990330526,1.5,473.0,550.0,1144.7854,0.0038682169,45.61609,1204.4443,59.658936,-0.8649352,-0.86880344,47.41269,1.7966003
1.5-473-550,0.4836734694,0.9673469388,0.9999999997775775,-0.0008991897406,1.5,473.0,550.0,657.8789,-5.322157e-09,360.13287,580.4671,-77.411804,-0.22419745,-0.22419745,432.7135,72.58063
1.5-473-550,0.3144578314,0.6289156628,0.960723235489121,0.0008638724771,1.5,473.0,550.0,985.6896,1.1718032,55.631927,1206.7563,221.06677,0.0077379295,-1.1640654,83.60245,27.97052
1.5-473-550,0.3554216868,0.7108433736,0.9996041060258503,0.000898833757,1.5,473.0,550.0,1137.8036,0.013057524,45.960266,1182.1495,44.345947,-0.88989633,-0.90295386,48.226776,2.26651
1.5-473-550,0.1951807228,0.3903614456,0.9956514833048237,0.0008952795992,1.5,473.0,550.0,1148.2062,0.105638556,45.44742,1218.1635,69.957275,-0.5953372,-0.7009758,3.1966257,-42.250793
1.5-473-550,0.308433735,0.61686747,0.9945113832197316,0.0008942544329,1.5,473.0,550.0,1152.7527,0.18249702,45.223297,1295.7656,143.01294,-0.648011,-0.83050805,54.242004,9.018707
1.5-473-550,0.330120482,0.660240964,0.960723235489121,0.0008638724771,1.5,473.0,550.0,974.73944,1.2268919,56.50583,1167.6614,192.92194,0.02494716,-1.2019447,77.90163,21.395798
1.5-473-550,0.4918367347,0.9836734694,0.9872047710533666,-0.0008876844022,1.5,473.0,550.0,657.5408,0.6413529,361.49786,566.6109,-90.92987,0.0338968,-0.6074561,455.45398,93.956116
1.5-473-550,0.1253012048,0.2506024096,0.998978267368595,-0.0008982710093,1.5,473.0,550.0,729.41095,0.05010402,103.69328,739.5677,10.156738,-0.56434363,-0.61444765,20.310547,-83.38274
1.5-473-550,0.1397590361,0.2795180722,0.9915009044774012,-0.0008915474413,1.5,473.0,550.0,728.19543,0.3283583,104.37607,800.9301,72.73468,-0.49757642,-0.8259347,-14.88388,-119.25995
1.5-473-550,0.3542168675,0.708433735,0.7892004020960466,0.000709640905,1.5,473.0,550.0,669.80914,2.0115178,260.95197,678.00055,8.191406,2.0910215,0.079503775,323.53952,62.587555
1.5-473-550,0.4959183674,0.9918367348,0.9531521909241071,0.0008570646715,1.5,473.0,550.0,657.4262,1.183333,361.9605,568.5444,-88.881836,0.5288531,-0.6544799,465.9619,104.0014
1.5-473-550,0.06326530613,0.12653061226,0.16340484097302546,-0.0001469319566,1.5,473.0,550.0,473.00003,1.1878937,649.85333,472.79285,-0.20718384,1.1175314,-0.07036233,642.20386,-7.649475
1.5-473-550,0.5,1.0,0.9215671387250775,0.0008286637166,1.5,473.0,550.0,657.34955,1.355101,362.27002,582.8264,-74.52313,0.8613391,-0.4937619,454.58743,92.31741
1.5-473-550,0.06734693879,0.13469387758,0.16340484097302546,-0.0001469319566,1.5,473.0,550.0,473.00003,1.1844261,649.85333,473.26596,0.26593018,1.1155833,-0.06884277,642.06696,-7.786377
1.5-473-550,0.2036144578,0.4072289156,0.9531521909241071,0.0008570646715,1.5,473.0,550.0,996.9218,0.9972139,54.781067,1018.3984,21.476562,0.18802732,-0.8091866,69.63275,14.851685
1.5-473-550,0.1325301204,0.2650602408,0.9985491866279087,0.0008978851843,1.5,473.0,550.0,755.0864,0.062343773,92.40491,795.39343,40.307007,-0.58731526,-0.64965904,-22.620026,-115.02493
1.5-473-550,0.06938775512,0.13877551024,0.9945113832197316,-0.0008942544329,1.5,473.0,550.0,473.00003,0.056228634,649.85333,492.76697,19.766937,-0.1701917,-0.22642034,588.06714,-61.786194
1.5-473-550,0.4408163265,0.881632653,0.9956514833048237,-0.0008952795992,1.5,473.0,550.0,669.05566,0.27109522,265.53198,656.40344,-12.652222,-0.52982885,-0.80092406,339.58813,74.05615
1.5-473-550,0.3638554217,0.7277108434,0.9726063657286781,0.0008745576659,1.5,473.0,550.0,994.48804,1.085867,54.91916,1068.7094,74.22131,-0.4143514,-1.5002184,70.93292,16.013763
1.5-473-550,0.1361445783,0.2722891566,0.3542741439827602,-0.0003185596757,1.5,473.0,550.0,483.2409,1.0821835,639.9702,481.53323,-1.7076721,1.0807222,-0.0014612675,637.2559,-2.7142944
1.5-473-550,0.1204819277,0.2409638554,0.9965972946963587,-0.0008961300631,1.5,473.0,550.0,689.2192,0.19274336,144.27931,687.60504,-1.6141357,-0.4970047,-0.68974805,93.62846,-50.65085
1.5-473-550,0.4755102041,0.9510204082,0.9915009044774012,0.0008915474413,1.5,473.0,550.0,658.47876,0.45540398,357.71112,582.46405,-76.01471,-0.11757774,-0.5729817,433.52414,75.81302
1.5-473-550,0.3096385542,0.6192771084,0.6600967573005477,0.0005935522321,1.5,473.0,550.0,619.5319,1.7197539,460.8637,593.8024,-25.729492,1.7464392,0.026685357,504.8796,44.0159
1.5-473-550,0.1650602409,0.3301204818,0.9071317792997667,0.0008156835895,1.5,473.0,550.0,563.0177,0.9546603,550.3354,508.804,-54.213715,0.8046022,-0.15005809,639.8139,89.478516
1.5-473-550,0.3048192771,0.6096385542,0.9337895728803226,0.000839654004,1.5,473.0,550.0,900.1924,1.5064756,63.945007,1036.999,136.80664,0.9691196,-0.53735596,100.18628,36.241272
1.5-473-550,0.365060241,0.730120482,0.9945113832197316,-0.0008942544329,1.5,473.0,550.0,1104.1667,0.23464668,47.725372,1130.2335,26.066772,-0.86927503,-1.1039217,53.99298,6.2676086
1.5-473-550,0.1337349397,0.2674698794,0.16340484119544796,0.0001469319568,1.5,473.0,550.0,480.42966,1.0986998,642.815,482.8483,2.4186401,1.0946631,-0.004036665,643.1369,0.3218994
1.5-473-550,0.1084337349,0.2168674698,0.999825745120423,0.0008990330526,1.5,473.0,550.0,673.5492,0.005617852,225.32733,633.44354,-40.10565,-0.4858691,-0.49148697,203.35866,-21.968674
1.5-473-550,0.3192771085,0.638554217,0.9998257452316341,-0.0008990330527,1.5,473.0,550.0,1169.3424,0.003405506,44.43875,1283.5977,114.25525,-0.745529,-0.7489345,49.574127,5.135376
1.5-473-550,0.4693877551,0.9387755102,0.9973789934503665,-0.0008968329586,1.5,473.0,550.0,659.19476,0.13943398,354.82074,595.40753,-63.78723,-0.27688855,-0.41632253,414.13425,59.313507
1.5-473-550,0.169879518,0.339759036,0.960723235489121,-0.0008638724771,1.5,473.0,550.0,675.1868,0.83107716,217.81201,786.12384,110.93701,0.09828257,-0.7327946,81.00896,-136.80305
1.5-473-550,0.3397590362,0.6795180724,0.8475322498919685,0.0007620923041,1.5,473.0,550.0,725.77844,1.953122,108.917496,704.70123,-21.07721,2.0677874,0.11466539,251.37587,142.45837
1.5-473-550,0.2771084337,0.5542168674,0.9999999997775775,-0.0008991897406,1.5,473.0,550.0,1202.1625,-5.322157e-09,42.99475,1333.2806,131.11816,-0.65015024,-0.65015024,49.661407,6.6666565
1.5-473-550,0.2590361446,0.5180722892,0.22784103821928303,0.0002048723241,1.5,473.0,550.0,523.35095,1.4191694,598.04376,524.5691,1.2181396,1.3165011,-0.102668285,621.7698,23.726013
1.5-473-550,0.2722891566,0.5445783132,0.8902853188558087,-0.0008005354251,1.5,473.0,550.0,786.11053,1.6274238,84.033676,764.1722,-21.938354,1.5128752,-0.114548564,235.86629,151.83261
1.5-473-550,0.3722891567,0.7445783134,0.9811301446957078,-0.0008822221605,1.5,473.0,550.0,1028.9341,0.82200843,52.378082,1049.8008,20.8667,-0.66558176,-1.4875902,72.08011,19.702026
1.5-473-550,0.2554216867,0.5108433734,0.960723235489121,-0.0008638724771,1.5,473.0,550.0,1035.3264,1.0015136,51.944275,1243.4689,208.14246,-0.043802682,-1.0453163,87.222046,35.27777
1.5-473-550,0.256626506,0.513253012,0.9996041060258503,0.000898833757,1.5,473.0,550.0,1221.4723,0.009031946,42.160645,1335.3236,113.85132,-0.62758416,-0.6366161,45.445923,3.2852783
1.5-473-550,0.4,0.8,0.8207308238897558,-0.0007379927368,1.5,473.0,550.0,725.32855,2.4208806,107.37077,699.0548,-26.273743,2.0621922,-0.35868835,283.78427,176.4135
1.5-473-550,0.3120481928,0.6240963856,0.22784103821928303,0.0002048723241,1.5,473.0,550.0,548.61646,1.5880916,569.08563,553.2692,4.652771,1.606488,0.018396378,572.84924,3.7636108
1.5-473-550,0.1445783132,0.2891566264,0.9980223152919674,-0.000897411427,1.5,473.0,550.0,801.7347,0.069177024,79.423294,897.168,95.43335,-0.61342686,-0.6826039,-51.707916,-131.13121
1.5-473-550,0.1301204819,0.2602409638,0.9973789933391554,0.0008968329585,1.5,473.0,550.0,735.6791,0.121188216,100.48317,766.01306,30.333984,-0.55883545,-0.68002367,-1.6226492,-102.10582
1.5-473-550,0.0244897959,0.0489795918,0.9993254186825348,-0.0008985831642,1.5,473.0,550.0,473.00003,0.005602295,649.85333,463.97836,-9.0216675,-0.11321861,-0.118820906,640.44305,-9.410278
1.5-473-550,0.1722891566,0.3445783132,0.993141646395439,0.0008930227796,1.5,473.0,550.0,926.2478,0.16956109,61.009094,1086.1444,159.8966,-0.57440656,-0.74396765,-27.472473,-88.48157
1.5-473-550,0.2277108433,0.4554216866,0.8902853188558087,0.0008005354251,1.5,473.0,550.0,764.2332,1.4722525,93.67146,677.19006,-87.04315,1.1908221,-0.28143036,401.16614,307.4947
1.5-473-550,0.2903614458,0.5807228916,0.9915009044774012,0.0008915474413,1.5,473.0,550.0,1152.2448,0.2675218,45.24832,1313.5381,161.29333,-0.5709327,-0.8384545,57.587616,12.339294
1.5-473-550,0.3493975904,0.6987951808,0.9071317792997667,-0.0008156835895,1.5,473.0,550.0,832.58923,1.8486134,73.60339,779.6804,-52.908813,1.9915001,0.14288676,125.87602,52.27263
1.5-473-550,0.4367346939,0.8734693878,0.9531521909241071,-0.0008570646715,1.5,473.0,550.0,672.0202,1.2421736,238.78192,618.03345,-53.986755,0.6239824,-0.6181911,409.71436,170.93243
1.5-473-550,0.1686746988,0.3373493976,0.998978267368595,0.0008982710093,1.5,473.0,550.0,936.5421,0.024781698,59.990997,1092.9124,156.37024,-0.6400725,-0.6648542,-35.692932,-95.68393
1.5-473-550,0.169879518,0.339759036,0.9215172744995802,0.0008286188792,1.5,473.0,550.0,586.4478,0.95487547,513.18475,536.2448,-50.203003,0.7712478,-0.18362767,596.06964,82.88489
1.5-473-550,0.308433735,0.61686747,0.29146971579860803,-0.0002620865782,1.5,473.0,550.0,551.33984,1.5842073,565.58295,553.8002,2.4603271,1.595913,0.011705756,573.9894,8.406433
1.5-473-550,0.06938775512,0.13877551024,0.8705746216627653,-0.0007828117684,1.5,473.0,550.0,473.00003,0.78856415,649.85333,450.77026,-22.229767,0.7652154,-0.023348749,650.41345,0.5601196
1.5-473-550,0.1807228915,0.361445783,0.7098470004029654,0.0006382871403,1.5,473.0,550.0,523.20996,1.1164035,598.20056,494.9833,-28.226654,1.0564274,-0.0599761,641.0569,42.856323
1.5-473-550,0.1457831325,0.291566265,0.9965972946963587,-0.0008961300631,1.5,473.0,550.0,797.45935,0.11803763,80.34787,896.8224,99.36304,-0.59632057,-0.7143582,-49.448486,-129.79636
1.5-473-550,0.1867469879,0.3734939758,0.993141646395439,-0.0008930227796,1.5,473.0,550.0,1039.4236,0.16321003,51.66739,1171.2819,131.85828,-0.57132405,-0.7345341,-6.6858206,-58.35321
1.5-473-550,0.343373494,0.686746988,0.7525573838264147,0.0006766918789,1.5,473.0,550.0,653.9613,1.9264234,375.2774,652.89813,-1.0631714,2.0168648,0.090441346,377.36057,2.0831604
1.5-473-550,0.1771084337,0.3542168674,0.9945113832197316,0.0008942544329,1.5,473.0,550.0,972.2829,0.12989146,56.715424,1124.0286,151.74567,-0.5896452,-0.71953666,-21.321533,-78.03696
1.5-473-550,0.3132530121,0.6265060242,0.9993254186825348,-0.0008985831642,1.5,473.0,550.0,1171.7657,0.020399803,44.32791,1293.9329,122.167114,-0.7205706,-0.74097043,50.482758,6.154846
1.5-473-550,0.09591836738,0.19183673476,0.4163512323516047,-0.0003743787567,1.5,473.0,550.0,473.00003,1.134108,649.85333,473.74188,0.7418518,1.0820776,-0.052030325,631.66974,-18.183594
1.5-473-550,0.3506024097,0.7012048194,0.9872047710533666,-0.0008876844022,1.5,473.0,550.0,1081.5896,0.50742406,49.01825,1176.3508,94.76123,-0.6904902,-1.1979142,53.580444,4.562195
1.5-473-550,0.1951807228,0.3903614456,0.9772248215579286,0.000878710534,1.5,473.0,550.0,1053.8687,0.52132434,50.723267,1141.7472,87.87854,-0.3536591,-0.87498343,17.589905,-33.13336
1.5-473-550,0.1927710843,0.3855421686,0.8705746216627653,-0.0007828117684,1.5,473.0,550.0,589.97614,1.1470973,507.66956,545.7437,-44.23242,0.9561688,-0.19092858,608.848,101.17847
1.5-473-550,0.3506024097,0.7012048194,0.9915009044774012,0.0008915474413,1.5,473.0,550.0,1103.3812,0.3382023,47.767334,1185.235,81.85376,-0.7587128,-1.0969151,51.24875,3.4814148
1.5-473-550,0.1686746988,0.3373493976,0.9726063657286781,0.0008745576659,1.5,473.0,550.0,747.73663,0.65974545,96.259384,900.60516,152.86853,-0.22199696,-0.8817424,4.3201,-91.939285
1.5-473-550,0.4673469388,0.9346938776,0.9071317792997667,0.0008156835895,1.5,473.0,550.0,659.11847,1.3859068,355.12885,621.09033,-38.028137,1.1544447,-0.23146212,414.59485,59.466003
1.5-473-550,0.1951807229,0.3903614458,0.5396442233296441,-0.0004852425493,1.5,473.0,550.0,516.436,1.2106766,605.7333,498.41202,-18.023956,1.1009039,-0.10977268,641.5326,35.799316
1.5-473-550,0.1722891566,0.3445783132,0.9965972946963587,-0.0008961300631,1.5,473.0,550.0,947.5171,0.08383124,58.90555,1104.3058,156.7887,-0.6138591,-0.69769037,-29.389587,-88.295135
1.5-473-550,0.1036144578,0.2072289156,0.960723235489121,0.0008638724771,1.5,473.0,550.0,497.2372,0.5150245,625.8059,483.30893,-13.928284,0.25137758,-0.2636469,641.04834,15.242432
1.5-473-550,0.3855421687,0.7710843374,0.8475322498919685,-0.0007620923041,1.5,473.0,550.0,747.19403,2.2497678,96.27467,713.7429,-33.45111,2.0877774,-0.1619904,252.10873,155.83406
1.5-473-550,0.134939759,0.269879518,0.9915009044774012,-0.0008915474413,1.5,473.0,550.0,706.0015,0.35713148,120.480515,759.33997,53.33844,-0.47633845,-0.8334699,12.344117,-108.1364
1.5-473-550,0.1397590361,0.2795180722,0.9071317792997667,-0.0008156835895,1.5,473.0,550.0,526.66754,0.8680091,594.3557,477.3082,-49.359344,0.7481629,-0.119846165,660.283,65.92731
1.5-473-550,0.01632653059,0.03265306118,0.9973789934503665,-0.0008968329586,1.5,473.0,550.0,473.00003,0.023573333,649.85333,460.129,-12.871033,-0.078770526,-0.10234386,647.03625,-2.8170776
1.5-473-550,0.4795918368,0.9591836736,0.9895407848051817,0.0008897849218,1.5,473.0,550.0,658.12976,0.54730636,359.12015,577.3017,-80.828064,-0.058310214,-0.60561657,441.15796,82.03781
1.5-473-550,0.05714285715,0.1142857143,0.960723235489121,-0.0008638724771,1.5,473.0,550.0,473.00003,0.4015532,649.85333,454.64062,-18.359406,0.24980783,-0.15174538,662.751,12.897644
1.5-473-550,0.2421686747,0.4843373494,0.998978267368595,-0.0008982710093,1.5,473.0,550.0,1245.6781,0.025412971,41.201294,1327.0428,81.364746,-0.6169495,-0.6423625,40.275024,-0.92626953
1.5-473-550,0.1602409638,0.3204819276,0.9844268823757469,-0.0008851865532,1.5,473.0,550.0,784.8876,0.4285313,83.37875,928.8798,143.99225,-0.43818742,-0.8667187,-27.885773,-111.26453
1.5-473-550,0.1180722891,0.2361445782,0.9996041060258503,0.000898833757,1.5,473.0,550.0,706.34973,0.019952888,120.136444,691.2638,-15.0859375,-0.5389754,-0.5589283,83.91318,-36.223267
1.5-473-550,0.4632653061,0.9265306122,0.9844268823757469,0.0008851865532,1.5,473.0,550.0,660.10657,0.73067564,350.34677,590.8108,-69.29578,-0.046646956,-0.7773226,425.5362,75.18942
1.5-473-550,0.1867469879,0.3734939758,0.9985491866279087,0.0008978851843,1.5,473.0,550.0,1067.9669,0.033522304,49.83795,1191.786,123.81909,-0.6288132,-0.6623355,-9.4495535,-59.287506
1.5-473-550,0.0612244898,0.1224489796,0.9772248215579286,-0.000878710534,1.5,473.0,550.0,473.00003,0.23839778,649.85333,465.51645,-7.4835815,0.07596629,-0.16243148,647.8907,-1.9626465
1.5-473-550,0.1361445783,0.2722891566,0.9945113832197316,-0.0008942544329,1.5,473.0,550.0,737.41125,0.2274332,99.640305,794.1522,56.740967,-0.535351,-0.7627842,-16.180023,-115.82033
1.5-473-550,0.4857142857,0.9714285714,0.9993254186825348,-0.0008985831642,1.5,473.0,550.0,657.77484,0.0325337,360.55304,577.8092,-79.96564,-0.19944984,-0.23198354,436.37448,75.82144
1.5-473-550,0.3638554217,0.7277108434,0.4163512323516047,-0.0003743787567,1.5,473.0,550.0,611.39,1.9126457,475.16397,601.30194,-10.088074,1.946942,0.034296274,480.81326,5.649292
1.5-473-550,0.3807228916,0.7614457832,0.9985491866279087,0.0008978851843,1.5,473.0,550.0,1109.7424,0.06552195,47.42743,1056.8403,-52.9021,-0.9883837,-1.0539056,68.19437,20.766937
1.5-473-550,0.3361445784,0.6722891568,0.9895407848051817,0.0008897849218,1.5,473.0,550.0,1106.5786,0.38874638,47.596466,1229.0668,122.48816,-0.6680668,-1.0568132,53.34787,5.751404
1.5-473-550,0.386746988,0.773493976,0.9945113832197316,-0.0008942544329,1.5,473.0,550.0,1082.8013,0.27257025,48.947815,1004.3077,-78.49359,-0.94949037,-1.2220607,85.53871,36.590897
1.5-473-550,0.126506024,0.253012048,0.9872047710533666,0.0008876844022,1.5,473.0,550.0,637.7692,0.47589323,424.50122,664.5677,26.798462,-0.34050018,-0.8163934,151.58104,-272.92017
1.5-473-550,0.2036144578,0.4072289156,0.8902853188558087,0.0008005354251,1.5,473.0,550.0,661.3911,1.2768333,289.4218,595.80597,-65.585144,1.0032609,-0.27357244,538.0038,248.58197
1.5-473-550,0.1469879518,0.2939759036,0.9945113832197316,-0.0008942544329,1.5,473.0,550.0,787.65784,0.1870125,82.675415,891.1427,103.48486,-0.56912404,-0.75613654,-45.445526,-128.12094
1.5-473-550,0.2409638554,0.4819277108,0.6021818746711394,0.0005414757638,1.5,473.0,550.0,543.2651,1.392643,575.4948,528.25336,-15.011719,1.2419939,-0.15064907,624.8535,49.358704
1.5-473-550,0.2180722892,0.4361445784,0.9996041060258503,0.000898833757,1.5,473.0,550.0,1294.5768,0.007915551,39.923004,1294.8433,0.2664795,-0.6261075,-0.6340231,24.504517,-15.418488
1.5-473-550,0.4836734694,0.9673469388,0.4163512323516047,-0.0003743787567,1.5,473.0,550.0,656.78937,1.8931572,364.53125,651.5775,-5.211853,2.1581097,0.26495242,373.5061,8.9748535
1.5-473-550,0.1337349397,0.2674698794,0.9996041061370615,-0.0008988337571,1.5,473.0,550.0,768.49,0.014059896,87.960556,814.03894,45.54895,-0.6075941,-0.621654,-33.276947,-121.2375
1.5-473-550,0.2397590361,0.4795180722,0.8705746216627653,0.0007828117684,1.5,473.0,550.0,696.0962,1.519385,185.54059,661.272,-34.82422,1.2583969,-0.26098812,426.00708,240.46649
1.5-473-550,0.3614457832,0.7228915664,0.9811301446957078,-0.0008822221605,1.5,473.0,550.0,1038.8398,0.7760031,51.68335,1112.3654,73.52551,-0.62352103,-1.3995242,60.487457,8.804108
1.5-473-550,0.08163265309,0.16326530618,0.9996041060258503,0.000898833757,1.5,473.0,550.0,473.00003,0.0032587594,649.85333,526.9244,53.924347,-0.30790025,-0.311159,498.04047,-151.81287
1.5-473-550,0.4612244898,0.9224489796,0.9442484491033019,0.0008490585182,1.5,473.0,550.0,660.2765,1.230158,348.94336,599.25757,-61.01892,0.7300129,-0.5001451,438.38675,89.44339
1.5-473-550,0.1,0.2,0.6603133567468745,0.0005937469961,1.5,473.0,550.0,473.00128,1.0228816,649.8521,468.6072,-4.3940735,1.0352387,0.012357116,630.18164,-19.670471
1.5-473-550,0.1710843373,0.3421686746,0.960723235489121,0.0008638724771,1.5,473.0,550.0,681.88715,0.8312789,196.13705,798.0132,116.12604,0.09224688,-0.73903203,74.458496,-121.67856
1.5-473-550,0.3843373495,0.768674699,0.7098470004029654,-0.0006382871403,1.5,473.0,550.0,658.068,2.1726928,356.0127,665.2124,7.144409,2.1147468,-0.057945967,356.249,0.2362976
1.5-473-550,0.1192771084,0.2385542168,0.9915009044774012,0.0008915474413,1.5,473.0,550.0,643.4121,0.35717398,410.1357,647.2153,3.8031616,-0.387541,-0.744715,182.4247,-227.71101
1.5-473-550,0.3638554217,0.7277108434,0.9442484491033019,0.0008490585182,1.5,473.0,550.0,901.6153,1.63511,63.742065,882.42786,-19.187439,1.1429307,-0.49217927,121.55998,57.817917
1.5-473-550,0.1325301204,0.2650602408,0.9945113832197316,-0.0008942544329,1.5,473.0,550.0,721.309,0.2438941,108.46887,763.4247,42.11566,-0.5200679,-0.763962,4.387452,-104.08142
1.5-473-550,0.4367346939,0.8734693878,0.4163512326852384,0.000374378757,1.5,473.0,550.0,647.97473,2.0712433,397.53384,643.54156,-4.4331665,2.159267,0.08802366,397.81647,0.2826233
1.5-473-550,0.02244897957,0.04489795914,0.9726063657286781,0.0008745576659,1.5,473.0,550.0,473.00003,0.26238823,649.85333,451.4584,-21.541626,0.14561832,-0.11676991,661.0856,11.232239
1.5-473-550,0.002040816307,0.004081632614,0.9531521910353185,0.0008570646716,1.5,473.0,550.0,473.00003,0.59301203,649.85333,445.91232,-27.087708,0.28684908,-0.30616295,664.76935,14.916016
1.5-473-550,0.1433734939,0.2867469878,0.999825745120423,0.0008990330526,1.5,473.0,550.0,809.68066,0.0036014265,77.8288,900.2922,90.61151,-0.63498,-0.63858145,-54.6933,-132.5221
1.5-473-550,0.351807229,0.703614458,0.9996041060258503,0.000898833757,1.5,473.0,550.0,1141.4653,0.012817854,45.779755,1195.597,54.131714,-0.873215,-0.8860329,47.69809,1.918335
1.5-473-550,0.05714285715,0.1142857143,0.9844268823757469,0.0008851865532,1.5,473.0,550.0,473.00003,0.16067845,649.85333,469.01566,-3.984375,-0.0038896853,-0.16456813,639.24146,-10.611877
1.5-473-550,0.006122448946,0.012244897892,0.9215172744995802,-0.0008286188792,1.5,473.0,550.0,473.00003,0.653789,649.85333,444.021,-28.979034,0.47139287,-0.18239611,662.2425,12.38916
1.5-473-550,0.3373493976,0.6746987952,0.8902853188558087,-0.0008005354251,1.5,473.0,550.0,803.2954,1.8616987,79.386185,753.2142,-50.081238,2.0117362,0.15003741,157.8934,78.50722
1.5-473-550,0.1590361445,0.318072289,0.9811301446957078,-0.0008822221605,1.5,473.0,550.0,753.3156,0.51468515,93.04204,888.47815,135.16254,-0.37358648,-0.88827163,-17.772278,-110.814316
1.5-473-550,0.4734693878,0.9469387756,0.9980223152919674,-0.000897411427,1.5,473.0,550.0,658.6977,0.104032986,356.82755,590.59393,-68.10376,-0.25819045,-0.36222345,420.24173,63.414185
1.5-473-550,0.1433734939,0.2867469878,0.7098470004029654,-0.0006382871403,1.5,473.0,550.0,498.66733,1.0135279,624.3587,477.88416,-20.783173,1.0320868,0.018558979,637.31934,12.960632
1.5-473-550,0.4020408163,0.8040816326,1.0,0.0008991897408,1.5,473.0,550.0,891.43396,-5.322157e-09,65.219635,916.28174,24.847778,-1.0263969,-1.0263969,127.64598,62.426346
1.5-473-550,0.07346938777,0.14693877554,0.960723235489121,-0.0008638724771,1.5,473.0,550.0,473.00003,0.40282178,649.85333,460.5309,-12.469116,0.2515506,-0.15127116,660.7115,10.858154
1.5-473-550,0.04081632652,0.08163265304,0.998978267368595,0.0008982710093,1.5,473.0,550.0,473.00003,0.009299988,649.85333,471.73325,-1.2667847,-0.14538926,-0.15468925,627.0826,-22.770752
1.5-473-550,0.4081632653,0.8163265306,0.47796385156444166,-0.0004297801918,1.5,473.0,550.0,642.9743,2.2475545,411.34494,636.7705,-6.2037964,2.1143875,-0.13316703,412.19815,0.85321045
1.5-473-550,0.04285714285,0.0857142857,0.9811301446957078,-0.0008822221605,1.5,473.0,550.0,473.00003,0.18829489,649.85333,459.86835,-13.131683,0.05245435,-0.13584054,651.96075,2.1074219
1.5-473-550,0.004081632618,0.008163265236,0.9980223152919674,0.000897411427,1.5,473.0,550.0,473.00003,0.021173889,649.85333,457.38425,-15.615784,-0.06680537,-0.08797926,651.258,1.4046631
1.5-473-550,0.2072289156,0.4144578312,0.9985491866279087,-0.0008978851843,1.5,473.0,550.0,1263.6951,0.033826467,40.52466,1266.5967,2.9016113,-0.6197054,-0.65353185,15.251313,-25.273346
1.5-473-550,0.3168674699,0.6337349398,0.9844268823757469,-0.0008851865532,1.5,473.0,550.0,1097.3966,0.5314771,48.099335,1265.994,168.59741,-0.524146,-1.055623,60.879913,12.780579
1.5-473-550,0.2481927711,0.4963855422,0.9844268823757469,-0.0008851865532,1.5,473.0,550.0,1167.3923,0.42052403,44.527924,1306.6152,139.2229,-0.45000237,-0.87052643,56.03012,11.502197
1.5-473-550,0.1650602409,0.3301204818,0.9999999997775775,0.0008991897406,1.5,473.0,550.0,926.0083,-5.322157e-09,61.09143,1073.9319,147.92358,-0.6513545,-0.6513545,-41.195465,-102.286896
1.5-473-550,0.3313253012,0.6626506024,0.993141646395439,0.0008930227796,1.5,473.0,550.0,1128.5764,0.24964488,46.42108,1247.8568,119.280396,-0.70251364,-0.9521585,51.92334,5.5022583
1.5-473-550,0.006122448946,0.012244897892,0.9993254186825348,-0.0008985831642,1.5,473.0,550.0,473.00003,0.005656893,649.85333,458.4135,-14.586517,-0.081855185,-0.087512076,649.50696,-0.3463745
1.5-473-550,0.4142857143,0.8285714286,0.9872047710533666,-0.0008876844022,1.5,473.0,550.0,742.2845,0.855374,97.5744,754.3967,12.112244,-0.6401449,-1.4955189,243.2486,145.6742
1.5-473-550,0.2698795181,0.5397590362,0.9980223152919674,0.000897411427,1.5,473.0,550.0,1201.9822,0.056203302,42.98474,1333.3828,131.40063,-0.62084574,-0.67704904,50.06186,7.077118
1.5-473-550,0.1530120482,0.3060240964,0.6600967573005477,0.0005935522321,1.5,473.0,550.0,501.4399,1.0476967,621.5528,481.7029,-19.737,1.0517173,0.0040205717,637.55273,15.999939
1.5-473-550,0.2265060241,0.4530120482,0.9671530515086588,-0.0008696541017,1.5,473.0,550.0,1145.0719,0.76468635,45.609222,1220.9775,75.90564,-0.18074352,-0.94542986,62.943268,17.334045
1.5-473-550,0.1289156626,0.2578313252,0.29146971579860803,-0.0002620865782,1.5,473.0,550.0,479.31674,1.0897379,643.8946,480.78076,1.4640198,1.0853106,-0.004427314,638.36755,-5.5270386
1.5-473-550,0.1072289156,0.2144578312,0.7525573838264147,-0.0006766918789,1.5,473.0,550.0,475.8639,0.9393621,647.15173,466.3412,-9.522705,0.9899916,0.050629497,634.5875,-12.564209
1.5-473-550,0.2963855422,0.5927710844,0.9945113832197316,-0.0008942544329,1.5,473.0,550.0,1160.9966,0.1764462,44.820435,1311.5967,150.6001,-0.61988467,-0.79633087,55.020935,10.2005005
1.5-473-550,0.002040816309,0.004081632618,0.9993254187937461,0.0008985831643,1.5,473.0,550.0,473.00003,0.010875994,649.85333,457.5048,-15.495239,-0.07595218,-0.08682817,650.9889,1.1355591
1.5-473-550,0.1397590361,0.2795180722,0.9671530515086588,-0.0008696541017,1.5,473.0,550.0,589.47595,0.70671064,508.63022,612.40845,22.932495,0.07358842,-0.6331222,326.30225,-182.32797
1.5-473-550,0.2421686747,0.4843373494,0.9999999997775775,0.0008991897406,1.5,473.0,550.0,1249.4718,-5.322157e-09,41.067078,1328.5323,79.06055,-0.62706536,-0.62706536,39.49005,-1.5770264
1.5-473-550,0.0,0.0,0.99738047267098,0.0008968342887,1.5,473.0,550.0,473.00003,0.90842825,649.85333,456.3035,-16.696533,-0.05561203,-0.9640403,653.0141,3.1607666
1.5-473-550,0.213253012,0.426506024,0.22784103821928303,0.0002048723241,1.5,473.0,550.0,511.96313,1.3020327,610.70703,504.52213,-7.4410095,1.1590354,-0.14299726,640.0309,29.323853
1.5-473-550,0.08367346941,0.16734693882,0.8705746216627653,-0.0007828117684,1.5,473.0,550.0,473.00003,0.7883018,649.85333,453.32037,-19.679657,0.7869474,-0.0013543963,650.39185,0.5385132
1.5-473-550,0.3409638555,0.681927711,0.9726063657286781,0.0008745576659,1.5,473.0,550.0,1016.22064,0.98449564,53.28369,1175.5244,159.30377,-0.34697646,-1.3314722,64.855865,11.572174
1.5-473-550,0.243373494,0.486746988,0.03282169734692774,-2.951293353e-05,1.5,473.0,550.0,517.60486,1.3774316,604.4334,515.9767,-1.6281738,1.2726381,-0.10479355,629.4115,24.978088
1.5-473-550,0.1060240963,0.2120481926,0.9811301446957078,-0.0008822221605,1.5,473.0,550.0,551.3719,0.36846924,565.61444,536.97125,-14.400635,-0.08408708,-0.4525563,501.5658,-64.048645
1.5-473-550,0.3180722892,0.6361445784,0.5396442233296441,-0.0004852425493,1.5,473.0,550.0,598.0176,1.7058183,495.93787,580.2624,-17.755188,1.7416924,0.03587413,528.37823,32.44037
1.5-473-550,0.1168674698,0.2337349396,0.9895407848051817,-0.0008897849218,1.5,473.0,550.0,622.8723,0.36803502,455.25253,621.989,-0.8833008,-0.3294658,-0.6975008,248.7407,-206.51183
1.5-473-550,0.169879518,0.339759036,0.8705746216627653,-0.0007828117684,1.5,473.0,550.0,549.6893,1.0086726,567.5994,505.45944,-44.229828,0.90340066,-0.105271935,641.8443,74.24487
1.5-473-550,0.365060241,0.730120482,0.9956514833048237,0.0008952795992,1.5,473.0,550.0,1109.8201,0.1852246,47.42328,1132.9097,23.0896,-0.88478535,-1.07001,53.41028,5.9869995
1.5-473-550,0.278313253,0.556626506,0.9915009044774012,-0.0008915474413,1.5,473.0,550.0,1163.2336,0.2556957,44.71811,1321.7375,158.5039,-0.5544537,-0.8101494,56.9187,12.200592
1.5-473-550,0.2469879518,0.4939759036,0.9915009044774012,0.0008915474413,1.5,473.0,550.0,1202.5382,0.23099607,42.96112,1318.8671,116.32886,-0.53719753,-0.7681936,48.71808,5.756958
1.5-473-550,0.1156626505,0.231325301,0.9945113832197316,0.0008942544329,1.5,473.0,550.0,653.9895,0.26078504,375.83438,644.0259,-9.963623,-0.42693657,-0.6877216,185.19696,-190.63742
1.5-473-550,0.343373494,0.686746988,0.8206166047262803,0.0007378900321,1.5,473.0,550.0,689.4307,1.9694173,173.52621,688.1432,-1.2875366,2.0717387,0.10232139,294.57687,121.05066
1.5-473-550,0.2554216867,0.5108433734,0.9945113832197316,0.0008942544329,1.5,473.0,550.0,1200.7122,0.1535008,43.038757,1327.9413,127.229126,-0.5730869,-0.7265877,49.274323,6.235565
1.5-473-550,0.3614457832,0.7228915664,0.7098470004029654,0.0006382871403,1.5,473.0,550.0,650.69135,2.0104704,387.0585,651.0818,0.3904419,2.0611954,0.050724983,382.93195,-4.1265564
1.5-473-550,0.2506024096,0.5012048192,0.9985491866279087,-0.0008978851843,1.5,473.0,550.0,1224.093,0.03866976,42.056763,1331.8003,107.707275,-0.61434716,-0.6530169,44.19995,2.1431885
1.5-473-550,0.1012048192,0.2024096384,1.0,0.0008991897408,1.5,473.0,550.0,608.481,-5.322157e-09,478.6609,597.6595,-10.821533,-0.44112462,-0.44112462,297.9589,-180.702
1.5-473-550,0.1156626505,0.231325301,0.4163512323516047,-0.0003743787567,1.5,473.0,550.0,475.2198,1.0831152,647.75934,476.93268,1.7128906,1.0783384,-0.0047768354,633.23376,-14.525574
1.5-473-550,0.1602409638,0.3204819276,0.999825745120423,0.0008990330526,1.5,473.0,550.0,894.23267,0.0027817434,64.55673,1038.4697,144.23706,-0.6495454,-0.6523271,-47.285217,-111.84195
1.5-473-550,0.1602409638,0.3204819276,0.03282169735804886,2.951293354e-05,1.5,473.0,550.0,491.18246,1.1236548,631.93335,489.4258,-1.7566528,1.1154685,-0.00818634,647.47925,15.545898
1.5-473-550,0.4040816326,0.8081632652,0.7098470004029654,-0.0006382871403,1.5,473.0,550.0,664.2648,2.3362083,310.56784,672.023,7.7582397,2.1204422,-0.21576619,342.67178,32.103943
1.5-473-550,0.1807228915,0.361445783,0.9442484491033019,-0.0008490585182,1.5,473.0,550.0,664.3376,0.9631443,285.6213,711.50226,47.164673,0.5491546,-0.41398972,219.12683,-66.49448
1.5-473-550,0.343373494,0.686746988,0.9215172744995802,-0.0008286188792,1.5,473.0,550.0,861.1038,1.738257,69.02985,835.28375,-25.820068,1.782484,0.044227004,97.91203,28.882187
1.5-473-550,0.4836734694,0.9673469388,0.7892004020960466,-0.000709640905,1.5,473.0,550.0,657.53687,1.6267064,361.51358,641.5815,-15.955383,1.6811028,0.05439639,362.62033,1.1067505
1.5-473-550,0.06734693879,0.13469387758,0.8206166047262803,0.0007378900321,1.5,473.0,550.0,473.00003,0.87491417,649.85333,454.34256,-18.65747,0.8743252,-0.0005889535,641.0453,-8.808044
1.5-473-550,0.08571428574,0.17142857148,0.9442484491033019,0.0008490585182,1.5,473.0,550.0,473.00003,0.52282465,649.85333,457.73428,-15.265747,0.41479692,-0.10802773,666.92615,17.072815
1.5-473-550,0.04081632652,0.08163265304,0.9215172744995802,0.0008286188792,1.5,473.0,550.0,473.00003,0.6175726,649.85333,445.806,-27.19403,0.51450765,-0.103064954,661.96497,12.111633
1.5-473-550,0.2771084337,0.5542168674,0.998978267368595,0.0008982710093,1.5,473.0,550.0,1198.1035,0.028610641,43.149597,1332.0801,133.97656,-0.6392655,-0.6678761,50.460968,7.311371
1.5-473-550,0.06734693879,0.13469387758,0.09831793590232207,-8.84064793e-05,1.5,473.0,550.0,473.00003,1.1900353,649.85333,474.16135,1.1613159,1.1216421,-0.06839323,645.7234,-4.129944
1.5-473-550,0.1036144578,0.2072289156,0.8902853187445975,0.000800535425,1.5,473.0,550.0,477.42743,0.75662446,645.6768,457.39325,-20.03418,0.75533485,-0.0012896061,656.4412,10.764404
1.5-473-550,0.2373493976,0.4746987952,0.09831793590232207,-8.84064793e-05,1.5,473.0,550.0,516.5844,1.3622967,605.5682,513.7746,-2.8098145,1.2423939,-0.11990285,632.3219,26.753723
1.5-473-550,0.3337349398,0.6674698796,0.9956514833048237,-0.0008952795992,1.5,473.0,550.0,1138.5428,0.15909463,45.92383,1245.3752,106.8324,-0.74573606,-0.9048307,50.15164,4.2278137
1.5-473-550,0.1216867469,0.2433734938,0.8475322498919685,0.0007620923041,1.5,473.0,550.0,494.66943,0.8869916,628.40454,466.46808,-28.201355,0.8918047,0.004813075,645.89197,17.487427
1.5-473-550,0.1072289156,0.2144578312,0.9442484491033019,0.0008490585182,1.5,473.0,550.0,497.85623,0.6363313,625.1795,469.28058,-28.575653,0.43746927,-0.19886205,664.41046,39.230957
1.5-473-550,0.2204819277,0.4409638554,0.9973789933391554,-0.0008968329585,1.5,473.0,550.0,1288.7831,0.06310373,39.923004,1295.2395,6.456421,-0.6034654,-0.6665691,27.967163,-11.955841
1.5-473-550,0.2204819277,0.4409638554,0.9726063657286781,-0.0008745576659,1.5,473.0,550.0,1180.9387,0.6393017,43.908783,1226.1738,45.235107,-0.27928287,-0.9185846,50.986053,7.0772705
1.5-473-550,0.1337349397,0.2674698794,0.9726063657286781,0.0008745576659,1.5,473.0,550.0,589.80255,0.649725,508.1856,613.6175,23.814941,-0.033198956,-0.682924,308.80957,-199.37604
1.5-473-550,0.02040816324,0.04081632648,0.47796385156444166,-0.0004297801918,1.5,473.0,550.0,473.00003,1.1452779,649.85333,462.59653,-10.403503,1.0821935,-0.063084364,632.9732,-16.880127
1.5-473-550,0.3831325302,0.7662650604,0.9965972946963587,-0.0008961300631,1.5,473.0,550.0,1097.5675,0.16230887,48.089417,1035.7268,-61.8407,-0.9706041,-1.132913,74.51892,26.429504
1.5-473-550,0.2457831325,0.491566265,0.9726063657286781,0.0008745576659,1.5,473.0,550.0,1114.0654,0.7167268,47.20172,1275.5258,161.46033,-0.27457303,-0.9912998,68.18326,20.981537
1.5-473-550,0.3843373495,0.768674699,0.9671530515086588,-0.0008696541017,1.5,473.0,550.0,954.73553,1.3681872,58.27237,876.2632,-78.47235,-0.17764384,-1.545831,152.2416,93.96922
1.5-473-550,0.3024096386,0.6048192772,0.9895407848051817,-0.0008897849218,1.5,473.0,550.0,1132.1632,0.34335446,46.238342,1297.4766,165.31335,-0.56738645,-0.9107409,58.74051,12.502167
1.5-473-550,0.156626506,0.313253012,0.9996041060258503,0.000898833757,1.5,473.0,550.0,873.26544,0.009530896,67.26425,1009.5425,136.27704,-0.6461647,-0.6556956,-51.056396,-118.32065
1.5-473-550,0.3638554217,0.7277108434,0.7098470004029654,0.0006382871403,1.5,473.0,550.0,651.4115,2.025513,384.6059,652.803,1.3914795,2.0691392,0.04362631,379.59464,-5.011261
1.5-473-550,0.08163265309,0.16326530618,0.8705746216627653,-0.0007828117684,1.5,473.0,550.0,473.00003,0.7883872,649.85333,452.90833,-20.091705,0.7838485,-0.0045386553,650.3815,0.5281372
1.5-473-550,0.04285714285,0.0857142857,0.9973789933391554,0.0008968329585,1.5,473.0,550.0,473.00003,0.025343115,649.85333,471.56955,-1.430481,-0.13120574,-0.15654886,628.1182,-21.735107
1.5-473-550,0.4795918368,0.9591836736,0.9985491866279087,0.0008978851843,1.5,473.0,550.0,658.14105,0.075107686,359.07443,583.69934,-74.44171,-0.22472566,-0.29983336,429.0721,69.99768
1.5-473-550,0.3457831326,0.6915662652,0.9772248215579286,-0.000878710534,1.5,473.0,550.0,1034.6803,0.8579056,51.975067,1170.8752,136.19495,-0.4746322,-1.3325379,60.408844,8.433777
1.5-473-550,0.06530612246,0.13061224492,0.9965972946963587,0.0008961300631,1.5,473.0,550.0,473.00003,0.034469124,649.85333,490.81424,17.814209,-0.18656379,-0.22103292,590.3827,-59.470642
1.5-473-550,0.3939759037,0.7879518074,0.9726063657286781,-0.0008745576659,1.5,473.0,550.0,964.4273,1.3019054,57.40445,825.91943,-138.50787,-0.35138518,-1.6532905,186.26228,128.85783
1.5-473-550,0.2397590361,0.4795180722,0.9726063657286781,-0.0008745576659,1.5,473.0,550.0,1130.6046,0.69343513,46.32718,1267.817,137.2124,-0.27602297,-0.9694581,65.02695,18.699768
1.5-473-550,0.156626506,0.313253012,0.9442484491033019,0.0008490585182,1.5,473.0,550.0,585.2835,0.85397214,514.9881,563.20056,-22.082947,0.5321721,-0.32180005,507.66367,-7.3244324
1.5-473-550,0.05306122449,0.10612244898,0.9980223152919674,-0.000897411427,1.5,473.0,550.0,473.00003,0.019412333,649.85333,479.80322,6.803192,-0.16670579,-0.18611813,612.23865,-37.614685
1.5-473-550,0.3192771085,0.638554217,0.9215172744995802,-0.0008286188792,1.5,473.0,550.0,866.6987,1.645985,68.25525,894.3664,27.667664,1.5308931,-0.11509192,100.34355,32.088303
1.5-473-550,0.3397590362,0.6795180724,0.29146971579860803,-0.0002620865782,1.5,473.0,550.0,579.009,1.7352504,523.73267,574.19855,-4.810425,1.7832302,0.04797983,532.43396,8.701294
1.5-473-550,0.1144578313,0.2289156626,0.3542741437603377,0.0003185596755,1.5,473.0,550.0,474.4072,1.0989159,648.5259,477.5449,3.1376953,1.0832945,-0.015621424,634.97186,-13.554016
1.5-473-550,0.2337349397,0.4674698794,0.9999999998887887,0.0008991897407,1.5,473.0,550.0,1272.6744,-5.322157e-09,40.207153,1320.2723,47.5979,-0.6268769,-0.6268769,35.077057,-5.1300964
1.5-473-550,0.1722891566,0.3445783132,0.9915009044774012,-0.0008915474413,1.5,473.0,550.0,915.8782,0.2095446,62.095673,1076.9331,161.05493,-0.5543739,-0.7639185,-26.395874,-88.49155
1.5-473-550,0.3566265061,0.7132530122,0.9726063657286781,0.0008745576659,1.5,473.0,550.0,1001.21295,1.0531076,54.390198,1108.8436,107.63068,-0.39304215,-1.4461498,65.559784,11.169586
1.5-473-550,0.1819277108,0.3638554216,0.9442484491033019,0.0008490585182,1.5,473.0,550.0,675.5389,0.96581715,225.3292,721.8481,46.309204,0.54743093,-0.41838622,207.38605,-17.943146
1.5-473-550,0.4326530612,0.8653061224,0.9999999997775775,-0.0008991897406,1.5,473.0,550.0,679.2393,-5.322157e-09,178.7419,706.8497,27.610352,-0.74562985,-0.74562985,286.6714,107.92949
1.5-473-550,0.1614457831,0.3228915662,0.5396442233296441,-0.0004852425493,1.5,473.0,550.0,500.06433,1.090536,622.9449,485.6786,-14.385742,1.0722865,-0.018249512,638.1264,15.181519
1.5-473-550,0.308433735,0.61686747,0.9915009044774012,0.0008915474413,1.5,473.0,550.0,1138.4756,0.28321463,45.927155,1291.6829,153.20728,-0.6083185,-0.89153314,56.51837,10.591217
1.5-473-550,0.1879518072,0.3759036144,0.9973789933391554,0.0008968329585,1.5,473.0,550.0,1078.5111,0.060979184,49.197968,1193.1621,114.651,-0.6164103,-0.6773895,-7.23944,-56.43741
1.5-473-550,0.1421686747,0.2843373494,0.9999999997775775,0.0008991897406,1.5,473.0,550.0,805.8909,-5.322157e-09,78.7184,891.0549,85.16394,-0.63498634,-0.63498634,-53.99417,-132.71257
1.5-473-550,0.2903614458,0.5807228916,0.999825745120423,-0.0008990330526,1.5,473.0,550.0,1190.142,0.0030916876,43.488525,1324.0299,133.88794,-0.669707,-0.6727987,50.905212,7.416687
1.5-473-550,0.002040816307,0.004081632614,0.9607232356003321,0.0008638724772,1.5,473.0,550.0,473.00003,0.5272079,649.85333,446.93768,-26.062347,0.23585123,-0.29135668,664.4622,14.608887
1.5-473-550,0.3036144579,0.6072289158,0.22784103833049427,-0.0002048723242,1.5,473.0,550.0,542.3735,1.5553532,576.665,548.31396,5.9404907,1.5565171,0.0011639595,582.5329,5.86792
1.5-473-550,0.4571428571,0.9142857142,0.5396442233296441,0.0004852425493,1.5,473.0,550.0,656.7993,1.8423295,364.4911,657.1323,0.3330078,2.1293201,0.28699064,367.2138,2.7227173
1.5-473-550,0.1253012048,0.2506024096,0.9726063657286781,0.0008745576659,1.5,473.0,550.0,568.3797,0.6063562,542.9064,572.4606,4.0808716,0.010656888,-0.5956993,423.89594,-119.01044
1.5-473-550,0.06938775512,0.13877551024,0.9985491866279087,0.0008978851843,1.5,473.0,550.0,473.00003,0.01415872,649.85333,499.92996,26.929932,-0.23145777,-0.2456165,567.81384,-82.03949
1.5-473-550,0.3638554217,0.7277108434,0.9980223152919674,0.000897411427,1.5,473.0,550.0,1122.3792,0.08171969,46.752197,1143.7976,21.418457,-0.90988845,-0.99160814,51.64334,4.891144
1.5-473-550,0.1024096385,0.204819277,0.9965972946963587,0.0008961300631,1.5,473.0,550.0,613.334,0.079614095,471.51764,587.1282,-26.20581,-0.38121063,-0.46082473,332.9606,-138.55704
1.5-473-550,0.4836734694,0.9673469388,0.998978267368595,0.0008982710093,1.5,473.0,550.0,657.8789,0.051547762,360.13287,579.6304,-78.248535,-0.20595568,-0.25750345,434.17508,74.042206
1.5-473-550,0.4408163265,0.881632653,0.9071317792997667,-0.0008156835895,1.5,473.0,550.0,667.3856,1.4300188,281.39914,652.08435,-15.30127,1.3390203,-0.09099853,373.65198,92.25284
1.5-473-550,0.4795918368,0.9591836736,0.9915009044774012,-0.0008915474413,1.5,473.0,550.0,658.13385,0.4556817,359.10352,578.4178,-79.716064,-0.09433586,-0.5500176,438.8261,79.722595
1.5-473-550,0.4714285714,0.9428571428,0.9980223152919674,-0.000897411427,1.5,473.0,550.0,658.9329,0.104001336,355.8778,593.3131,-65.61981,-0.27379662,-0.37779796,416.67148,60.79367
1.5-473-550,0.1036144578,0.2072289156,0.9993254186825348,0.0008985831642,1.5,473.0,550.0,645.4855,0.017996604,404.02158,605.839,-39.646484,-0.44421142,-0.46220803,276.29535,-127.72623
1.5-473-550,0.2831325301,0.5662650602,0.9811301446957078,-0.0008822221605,1.5,473.0,550.0,1108.5186,0.5676874,47.49283,1301.9935,193.47498,-0.41604418,-0.98373157,67.3978,19.904968
1.5-473-550,0.1144578313,0.2289156626,0.9844268823757469,0.0008851865532,1.5,473.0,550.0,587.1442,0.4138984,511.5939,582.9949,-4.149353,-0.19949323,-0.61339164,367.60373,-143.99017
1.5-473-550,0.3361445784,0.6722891568,0.8475322498919685,-0.0007620923041,1.5,473.0,550.0,723.94806,1.9356871,110.501205,702.65295,-21.295105,2.0480528,0.11236572,255.08234,144.58113
1.5-473-550,0.1084337349,0.2168674698,0.03282169735804886,2.951293354e-05,1.5,473.0,550.0,473.0435,1.1527871,649.8123,480.0617,7.018219,1.1110585,-0.041728616,648.49927,-1.3130493
1.5-473-550,0.2951807229,0.5903614458,0.9999999997775775,0.0008991897406,1.5,473.0,550.0,1186.4739,-5.322157e-09,43.674683,1319.507,133.03308,-0.6814602,-0.6814602,50.875824,7.2011414
1.5-473-550,0.3349397591,0.6698795182,0.9811301448069191,0.0008822221606,1.5,473.0,550.0,1065.2037,0.6848934,49.997345,1216.3835,151.17981,-0.5188604,-1.2037538,59.35959,9.362244
1.5-473-550,0.1650602409,0.3301204818,0.16340484097302546,-0.0001469319566,1.5,473.0,550.0,493.76285,1.129568,629.322,489.60483,-4.15802,1.1024058,-0.027162194,644.1404,14.818359
1.5-473-550,0.1891566265,0.378313253,0.9915009044774012,-0.0008915474413,1.5,473.0,550.0,1061.2134,0.19989616,50.251404,1176.614,115.400635,-0.5517127,-0.75160885,-2.360259,-52.611664
1.5-473-550,0.1759036144,0.3518072288,0.9726063657286781,-0.0008745576659,1.5,473.0,550.0,813.4924,0.6161643,77.21275,968.95386,155.46149,-0.24396473,-0.86012906,3.332734,-73.88002
1.5-473-550,0.1216867469,0.2433734938,0.9965972946963587,-0.0008961300631,1.5,473.0,550.0,694.12317,0.1886307,135.03134,695.8976,1.7744141,-0.5037045,-0.6923352,79.96536,-55.06598
1.5-473-550,0.1060240963,0.2120481926,0.7098470004029654,-0.0006382871403,1.5,473.0,550.0,474.30548,0.97111213,648.6218,467.90063,-6.404846,1.0158182,0.044706106,632.2591,-16.362732
1.5-473-550,0.1445783132,0.2891566264,0.8206166047262803,0.0007378900321,1.5,473.0,550.0,510.65894,0.96370417,612.0813,478.51855,-32.14038,0.9527481,-0.010956049,643.5519,31.470581
1.5-473-550,0.04081632652,0.08163265304,0.47796385156444166,0.0004297801918,1.5,473.0,550.0,473.00003,1.1293057,649.85333,465.1445,-7.85553,1.08137,-0.047935724,630.92474,-18.928589
1.5-473-550,0.3096385542,0.6192771084,0.9945113832197316,-0.0008942544329,1.5,473.0,550.0,1152.081,0.18319374,45.25641,1293.8893,141.80823,-0.6512192,-0.83441293,54.11862,8.862213
1.5-473-550,0.221686747,0.443373494,0.9844268823757469,-0.0008851865532,1.5,473.0,550.0,1236.1873,0.37116796,41.577454,1267.753,31.565796,-0.4548673,-0.82603526,39.50992,-2.0675354
1.5-473-550,0.1518072289,0.3036144578,0.9895407848051817,-0.0008897849218,1.5,473.0,550.0,774.5187,0.32770658,86.18295,894.3383,119.81964,-0.5039148,-0.83162135,-36.77292,-122.95587
1.5-473-550,0.0612244898,0.1224489796,0.9973789934503665,-0.0008968329586,1.5,473.0,550.0,473.00003,0.026296372,649.85333,487.11417,14.114136,-0.18371409,-0.21001047,597.67944,-52.17389
1.5-473-550,0.05918367348,0.11836734696,0.9442484491033019,-0.0008490585182,1.5,473.0,550.0,473.00003,0.522764,649.85333,450.31113,-22.688904,0.3901655,-0.13259852,665.7001,15.846741
1.5-473-550,0.2674698795,0.534939759,0.29146971579860803,-0.0002620865782,1.5,473.0,550.0,527.8401,1.4433266,593.0518,530.1151,2.2750244,1.3583474,-0.08497918,615.6158,22.563965
1.5-473-550,0.4142857143,0.8285714286,0.5396442233296441,0.0004852425493,1.5,473.0,550.0,649.5019,2.2766209,392.29346,647.2083,-2.293579,2.1293173,-0.14730358,392.35574,0.062286377
1.5-473-550,0.2192771084,0.4385542168,0.998978267368595,0.0008982710093,1.5,473.0,550.0,1294.0929,0.023415977,39.923004,1296.0278,1.9349365,-0.6196714,-0.6430874,25.899231,-14.023773
1.5-473-550,0.0755102041,0.1510204082,0.4163512326852384,0.000374378757,1.5,473.0,550.0,473.00003,1.1332157,649.85333,470.8151,-2.1849365,1.0867519,-0.046463728,631.0842,-18.769104
1.5-473-550,0.0244897959,0.0489795918,0.03282169735804886,2.951293354e-05,1.5,473.0,550.0,473.00003,1.211701,649.85333,471.10852,-1.89151,1.151617,-0.060083985,652.9336,3.0802612
1.5-473-550,0.2493975904,0.4987951808,0.9337895728803226,0.000839654004,1.5,473.0,550.0,924.2781,1.3554609,61.326843,1049.6127,125.334595,0.7248073,-0.63065356,122.77922,61.452377
1.5-473-550,0.0897959184,0.1795918368,0.03282169734692774,-2.951293353e-05,1.5,473.0,550.0,473.00003,1.1882354,649.85333,477.63898,4.6389465,1.1175191,-0.07071626,648.8556,-0.9977417
1.5-473-550,0.3385542169,0.6771084338,0.9945113832197316,0.0008942544329,1.5,473.0,550.0,1128.8894,0.20569193,46.404358,1230.3328,101.44336,-0.7496938,-0.95538574,50.192505,3.788147
1.5-473-550,0.1650602409,0.3301204818,0.9215172744995802,-0.0008286188792,1.5,473.0,550.0,575.5665,0.93480134,529.5529,523.07794,-52.488586,0.7496206,-0.18518072,616.2465,86.6936
1.5-473-550,0.2060240964,0.4120481928,0.3542741437603377,0.0003185596755,1.5,473.0,550.0,512.5891,1.2722205,610.0109,501.91852,-10.670593,1.132331,-0.13988948,641.2656,31.2547
1.5-473-550,0.4163265306,0.8326530612,0.9337895728803226,-0.000839654004,1.5,473.0,550.0,723.33636,1.7587215,107.27971,669.99426,-53.342102,1.1856699,-0.5730516,349.80423,242.52452
1.5-473-550,0.09387755105,0.1877551021,0.9985491866279087,-0.0008978851843,1.5,473.0,550.0,473.00003,0.014105016,649.85333,560.93854,87.93851,-0.36288172,-0.37698674,404.7843,-245.06903
1.5-473-550,0.4734693878,0.9469387756,0.9999999997775775,0.0008991897406,1.5,473.0,550.0,658.6978,-5.322157e-09,356.82693,592.804,-65.8938,-0.29703146,-0.29703146,416.68976,59.862823
1.5-473-550,0.4632653061,0.9265306122,0.5396442233296441,-0.0004852425493,1.5,473.0,550.0,656.79846,1.834256,364.49466,657.0118,0.21331787,2.1211543,0.28689826,365.44284,0.94818115
1.5-473-550,0.06326530613,0.12653061226,0.9442484491033019,0.0008490585182,1.5,473.0,550.0,473.00003,0.5237472,649.85333,451.1322,-21.867828,0.39383,-0.1299172,665.9457,16.092346
1.5-473-550,0.3542168675,0.708433735,0.9996041060258503,-0.000898833757,1.5,473.0,550.0,1139.0502,0.012977475,45.898834,1186.7303,47.680176,-0.8843098,-0.8972873,48.015656,2.1168213
1.5-473-550,0.1060240963,0.2120481926,0.9671530515086588,-0.0008696541017,1.5,473.0,550.0,514.65924,0.50095856,607.67285,497.99286,-16.666382,0.16036856,-0.34059,611.4382,3.7653198
1.5-473-550,0.3566265061,0.7132530122,0.7098470004029654,0.0006382871403,1.5,473.0,550.0,649.2273,1.9809654,392.02658,647.5146,-1.7127075,2.0437393,0.06277394,389.95343,-2.0731506
1.5-473-550,0.2939759036,0.5879518072,0.9993254186825348,-0.0008985831642,1.5,473.0,550.0,1184.9036,0.019220108,43.72705,1319.9943,135.0907,-0.6714074,-0.6906275,51.35791,7.6308594
1.5-473-550,0.1674698795,0.334939759,0.5396442233296441,0.0004852425493,1.5,473.0,550.0,503.10507,1.1040828,619.8677,487.5972,-15.507874,1.0750786,-0.029004216,639.09125,19.223572
1.5-473-550,0.2951807229,0.5903614458,0.960723235489121,0.0008638724771,1.5,473.0,550.0,997.3406,1.1178005,54.702606,1236.2896,238.94897,-0.012840098,-1.1306406,88.98625,34.283646
1.5-473-550,0.1987951807,0.3975903614,0.9973789934503665,-0.0008968329586,1.5,473.0,550.0,1192.9026,0.061608013,43.38034,1236.9437,44.041138,-0.61159045,-0.67319846,6.649049,-36.731293
1.5-473-550,0.1795180723,0.3590361446,0.9442484491033019,0.0008490585182,1.5,473.0,550.0,655.89264,0.95826185,352.48642,701.413,45.520386,0.55060256,-0.4076593,231.564,-120.922424
1.5-473-550,0.1168674698,0.2337349396,0.9811301448069191,0.0008822221606,1.5,473.0,550.0,578.16766,0.4725746,524.7686,577.5989,-0.5687866,-0.13971597,-0.61229056,390.0787,-134.68991
1.5-473-550,0.3819277109,0.7638554218,0.9999999997775775,0.0008991897406,1.5,473.0,550.0,1115.1469,-5.322157e-09,47.163544,1054.0651,-61.081787,-1.0104424,-1.0104424,68.94385,21.780304
1.5-473-550,0.3421686747,0.6843373494,0.9844268823757469,0.0008851865532,1.5,473.0,550.0,1075.3036,0.58961266,49.383667,1200.7781,125.47449,-0.60664076,-1.1962534,55.70291,6.3192444
1.5-473-550,0.2144578313,0.4289156626,0.9956514833048237,-0.0008952795992,1.5,473.0,550.0,1276.0675,0.10877412,40.068115,1278.5698,2.5023193,-0.58771616,-0.6964903,24.088562,-15.979553
1.5-473-550,0.3626506025,0.725301205,0.9985491866279087,0.0008978851843,1.5,473.0,550.0,1125.891,0.05862057,46.564575,1150.3046,24.413574,-0.9108178,-0.9694384,50.852142,4.287567
1.5-473-550,0.1578313253,0.3156626506,0.47796385156444166,0.0004297801918,1.5,473.0,550.0,496.1038,1.0919834,626.953,485.26688,-10.836914,1.07569,-0.016293406,637.97687,11.023865
1.5-473-550,0.3337349398,0.6674698796,0.5396442233296441,0.0004852425493,1.5,473.0,550.0,608.65375,1.7834283,479.48636,592.86523,-15.788513,1.838231,0.054802656,501.45322,21.966858
1.5-473-550,0.2493975904,0.4987951808,0.7525573838264147,-0.0006766918789,1.5,473.0,550.0,606.8528,1.4891425,481.90695,566.5192,-40.333557,1.2971399,-0.19200265,572.8238,90.91684
1.5-473-550,0.4877551021,0.9755102042,0.47796385156444166,-0.0004297801918,1.5,473.0,550.0,656.9958,1.8658302,363.6981,652.7174,-4.2783813,2.118062,0.25223184,367.17462,3.476532
1.5-473-550,0.3289156627,0.6578313254,0.9071317792997667,0.0008156835895,1.5,473.0,550.0,835.16003,1.7605432,73.18695,802.82684,-32.33319,1.8511201,0.09057689,120.16885,46.981903
1.5-473-550,0.2903614458,0.5807228916,0.3542741439827602,-0.0003185596757,1.5,473.0,550.0,544.2904,1.5249785,574.3643,545.44037,1.1499634,1.4973027,-0.027675867,592.09875,17.734436
1.5-473-550,0.1554216867,0.3108433734,0.4163512323516047,-0.0003743787567,1.5,473.0,550.0,493.32742,1.0950611,629.76263,485.25607,-8.07135,1.0790069,-0.016054153,638.4556,8.692993
1.5-473-550,0.308433735,0.61686747,0.09831793589120096,8.840647929e-05,1.5,473.0,550.0,538.8505,1.5604149,580.80084,546.92993,8.079407,1.574239,0.013824105,580.8043,0.003479004
1.5-473-550,0.2602409639,0.5204819278,0.03282169734692774,-2.951293353e-05,1.5,473.0,550.0,521.2502,1.419182,600.3799,522.94794,1.6977539,1.3375183,-0.08166361,620.45166,20.071777
1.5-473-550,0.3939759037,0.7879518074,0.5396442233296441,-0.0004852425493,1.5,473.0,550.0,641.6813,2.1830113,414.5242,636.61536,-5.065918,2.0913892,-0.091622114,412.84647,-1.6777344
1.5-473-550,0.3662650603,0.7325301206,0.4163512326852384,0.000374378757,1.5,473.0,550.0,613.0997,1.9282789,472.36606,603.0223,-10.077393,1.9580919,0.029812932,477.3405,4.974457
1.5-473-550,0.4653061225,0.930612245,0.9872047710533666,-0.0008876844022,1.5,473.0,550.0,659.7696,0.6396344,352.5001,590.52515,-69.244446,-0.093717285,-0.73335165,424.6196,72.11951
1.5-473-550,0.05510204082,0.11020408164,0.9844268823757469,-0.0008851865532,1.5,473.0,550.0,473.00003,0.16021943,649.85333,467.78427,-5.2157593,-0.0005285197,-0.16074795,640.9311,-8.922241
1.5-473-550,0.4469387755,0.893877551,0.9872047710533666,0.0008876844022,1.5,473.0,550.0,665.0981,0.67357063,303.13324,619.5283,-45.569763,-0.2398656,-0.91343623,385.79715,82.66391
1.5-473-550,0.0612244898,0.1224489796,0.03282169735804886,2.951293354e-05,1.5,473.0,550.0,473.00003,1.1996392,649.85333,474.50754,1.5075073,1.131292,-0.068347216,650.0193,0.16595459
1.5-473-550,0.278313253,0.556626506,0.9965972946963587,-0.0008961300631,1.5,473.0,550.0,1186.4536,0.101491444,43.65619,1328.5897,142.13611,-0.6146149,-0.71610636,52.53076,8.874573
1.5-473-550,0.2987951807,0.5975903614,0.9895407848051817,0.0008897849218,1.5,473.0,550.0,1135.305,0.33924955,46.083466,1301.9999,166.69482,-0.5600291,-0.89927864,59.025116,12.94165
1.5-473-550,0.002040816309,0.004081632618,0.9985491867391199,-0.0008978851844,1.5,473.0,550.0,473.00003,0.024897033,649.85333,457.17844,-15.821594,-0.068850644,-0.093747675,651.5587,1.7053833
1.5-473-550,0.4816326531,0.9632653062,0.2914697156873968,0.0002620865781,1.5,473.0,550.0,656.44965,1.9366835,365.90265,645.74677,-10.702881,2.2050877,0.26840413,385.10715,19.204498
1.5-473-550,0.03061224488,0.06122448976,0.6021818746711394,-0.0005414757638,1.5,473.0,550.0,473.00003,1.065959,649.85333,460.73032,-12.269714,1.0393493,-0.02660966,631.0986,-18.75476
1.5-473-550,0.3710843374,0.7421686748,0.9772248215579286,-0.000878710534,1.5,473.0,550.0,1009.9514,0.9686881,53.719666,1041.9683,32.016846,-0.56652707,-1.5352151,75.17052,21.450851
1.5-473-550,0.4142857143,0.8285714286,0.4163512323516047,-0.0003743787567,1.5,473.0,550.0,642.03217,2.2438555,413.9285,633.4521,-8.580078,2.1219764,-0.1218791,417.7143,3.785797
1.5-473-550,0.169879518,0.339759036,0.6021818746711394,-0.0005414757638,1.5,473.0,550.0,507.54865,1.1007093,615.3708,488.11728,-19.431366,1.0700994,-0.030609965,639.54114,24.17035
1.5-473-550,0.3168674699,0.6337349398,0.8206166047262803,-0.0007378900321,1.5,473.0,550.0,676.74396,1.8376876,226.3057,669.4966,-7.2473755,1.9045873,0.06689966,336.53433,110.22864
1.5-473-550,0.1325301204,0.2650602408,0.16340484119544796,0.0001469319568,1.5,473.0,550.0,479.92355,1.0989687,643.3159,482.6262,2.7026367,1.0946988,-0.0042699575,643.084,-0.2319336
1.5-473-550,0.4510204082,0.9020408164,0.9993254186825348,-0.0008985831642,1.5,473.0,550.0,663.4191,0.033789095,319.08472,635.05023,-28.368896,-0.49819857,-0.53198767,363.76456,44.67984
1.5-473-550,0.3963855422,0.7927710844,0.998978267368595,-0.0008982710093,1.5,473.0,550.0,1093.0231,0.051732417,48.353577,953.86395,-139.15912,-1.0209421,-1.0726745,107.75427,59.400696
1.5-473-550,0.3903614458,0.7807228916,0.9442484491033019,0.0008490585182,1.5,473.0,550.0,887.23737,1.8331717,65.446655,738.4838,-148.75354,1.1260128,-0.7071589,255.44414,189.99748
1.5-473-550,0.07346938777,0.14693877554,0.8475322498919685,-0.0007620923041,1.5,473.0,550.0,473.00003,0.8333467,649.85333,453.20294,-19.797089,0.8298638,-0.0034829378,645.3974,-4.4559326
1.5-473-550,0.4040816326,0.8081632652,0.8475322498919685,0.0007620923041,1.5,473.0,550.0,746.78436,2.3583434,96.02396,701.86847,-44.915894,1.9849467,-0.37339664,275.50366,179.4797
1.5-473-550,0.1228915662,0.2457831324,0.960723235489121,0.0008638724771,1.5,473.0,550.0,539.5299,0.6604174,579.9418,517.006,-22.523926,0.24834311,-0.41207427,585.0957,5.1539307
1.5-473-550,0.1180722891,0.2361445782,0.22784103821928303,0.0002048723241,1.5,473.0,550.0,474.8221,1.1103636,648.1345,479.5133,4.6911926,1.0915302,-0.018833399,639.8402,-8.294312
1.5-473-550,0.4265306122,0.8530612244,0.22784103833049427,-0.0002048723242,1.5,473.0,550.0,640.34424,2.1848722,418.5027,623.39923,-16.945007,2.1410985,-0.04377365,430.8835,12.380829
1.5-473-550,0.04693877551,0.09387755102,0.9973789933391554,0.0008968329585,1.5,473.0,550.0,473.00003,0.02563482,649.85333,474.2779,1.2778625,-0.14146227,-0.16709709,623.2062,-26.647156
1.5-473-550,0.3409638555,0.681927711,0.9872047710533666,0.0008876844022,1.5,473.0,550.0,1090.5131,0.48445272,48.49951,1210.2789,119.76587,-0.64974266,-1.1341953,54.084595,5.585083
1.5-473-550,0.213253012,0.426506024,0.9985491866279087,-0.0008978851843,1.5,473.0,550.0,1289.7045,0.035058375,39.923004,1282.1155,-7.5889893,-0.61742526,-0.65248364,21.046051,-18.876953
1.5-473-550,0.2602409639,0.5204819278,0.9531521909241071,0.0008570646715,1.5,473.0,550.0,997.48694,1.1397167,54.700745,1211.4207,213.93372,0.13943928,-1.0002775,97.97354,43.272797
1.5-473-550,0.2662650602,0.5325301204,0.9945113832197316,-0.0008942544329,1.5,473.0,550.0,1190.6876,0.15788347,43.464783,1329.2799,138.59229,-0.5790307,-0.73691416,52.268616,8.803833
1.5-473-550,0.169879518,0.339759036,0.6600967573005477,-0.0005935522321,1.5,473.0,550.0,511.50626,1.0895699,611.17975,488.2024,-23.303864,1.0606892,-0.028880715,640.0867,28.906921
1.5-473-550,0.3228915663,0.6457831326,0.7892004020960466,0.000709640905,1.5,473.0,550.0,658.804,1.8439205,344.93057,654.004,-4.799988,1.9264618,0.08254135,373.73438,28.803802
1.5-473-550,0.4306122449,0.8612244898,0.9915009044774012,-0.0008915474413,1.5,473.0,550.0,683.2088,0.5421262,159.7423,682.593,-0.6157837,-0.54964334,-1.0917695,311.62112,151.87883
1.5-473-550,0.4734693878,0.9469387756,0.9956514833048237,0.0008952795992,1.5,473.0,550.0,658.69617,0.23478758,356.8335,588.1926,-70.50354,-0.21156639,-0.44635397,424.26108,67.42758
1.5-473-550,0.1012048192,0.2024096384,0.9671530516198701,-0.0008696541018,1.5,473.0,550.0,487.2095,0.4127074,635.94714,490.37848,3.1689758,0.16488159,-0.2478258,624.0297,-11.917419
1.5-473-550,0.3626506025,0.725301205,0.7525573838264147,-0.0006766918789,1.5,473.0,550.0,659.4912,2.0403137,343.30646,667.1983,7.7070923,2.0913332,0.05101943,349.45883,6.1523743
1.5-473-550,0.1686746988,0.3373493976,0.8206166047262803,0.0007378900321,1.5,473.0,550.0,532.2107,1.0342817,588.1917,496.03156,-36.17914,0.9722216,-0.062060118,642.2619,54.07019
1.5-473-550,0.3975903615,0.795180723,0.4163512326852384,0.000374378757,1.5,473.0,550.0,633.2734,2.1765444,434.45953,623.9528,-9.320557,2.077888,-0.098656416,436.03787,1.5783386
1.5-473-550,0.05714285715,0.1142857143,0.9071317792997667,0.0008156835895,1.5,473.0,550.0,473.00003,0.6879554,649.85333,447.31012,-25.68991,0.61019677,-0.07775861,659.3805,9.527161
1.5-473-550,0.3469879518,0.6939759036,0.9442484491033019,-0.0008490585182,1.5,473.0,550.0,911.5643,1.5503938,62.58612,980.45105,68.88678,0.94698536,-0.60340846,87.257095,24.670975
1.5-473-550,0.4714285714,0.9428571428,0.29146971579860803,-0.0002620865782,1.5,473.0,550.0,655.35406,1.9527458,370.32565,644.1712,-11.182861,2.203423,0.25067723,390.1779,19.852234
1.5-473-550,0.2759036145,0.551807229,0.3542741437603377,0.0003185596755,1.5,473.0,550.0,535.2448,1.4738872,584.81775,536.7212,1.4763794,1.410342,-0.06354523,607.2204,22.402649
1.5-473-550,0.2843373494,0.5686746988,0.3542741437603377,0.0003185596755,1.5,473.0,550.0,540.2186,1.5026764,579.14166,541.7471,1.5284424,1.4604251,-0.04225123,598.733,19.591309
1.5-473-550,0.2963855422,0.5927710844,0.03282169735804886,2.951293354e-05,1.5,473.0,550.0,531.29913,1.5173734,589.2054,539.3162,8.01709,1.509734,-0.007639408,593.2656,4.0602417
1.5-473-550,0.3036144579,0.6072289158,0.9945113832197316,0.0008942544329,1.5,473.0,550.0,1155.0729,0.18049997,45.108887,1302.728,147.65515,-0.6359009,-0.8164009,54.65863,9.549744
1.5-473-550,0.1602409638,0.3204819276,0.993141646395439,0.0008930227796,1.5,473.0,550.0,849.347,0.1927967,70.72781,995.798,146.45099,-0.5701123,-0.762909,-41.905243,-112.63306
1.5-473-550,0.1253012048,0.2506024096,0.9985491866279087,0.0008978851843,1.5,473.0,550.0,725.7912,0.07286542,105.72897,736.40186,10.610657,-0.5570528,-0.6299182,24.162079,-81.566895
1.5-473-550,0.09183673473,0.18367346946,0.7892004020960466,0.000709640905,1.5,473.0,550.0,473.00003,0.91597587,649.85333,460.93713,-12.062897,0.94446826,0.028492391,636.8013,-13.052063
1.5-473-550,0.191566265,0.38313253,0.9772248215579286,-0.000878710534,1.5,473.0,550.0,1004.0333,0.5186177,54.193054,1120.8767,116.84338,-0.35237676,-0.87099445,12.84073,-41.352325
1.5-473-550,0.1662650602,0.3325301204,0.9945113832197316,0.0008942544329,1.5,473.0,550.0,894.78546,0.1438908,64.4939,1051.4584,156.67291,-0.59020203,-0.73409283,-36.473816,-100.96771
1.5-473-550,0.04489795918,0.08979591836,0.998978267368595,-0.0008982710093,1.5,473.0,550.0,473.00003,0.009408588,649.85333,474.41656,1.4165344,-0.15593082,-0.16533941,622.10925,-27.74408
1.5-473-550,0.03469387754,0.06938775508,0.8705746216627653,-0.0007828117684,1.5,473.0,550.0,473.00003,0.7597669,649.85333,446.90802,-26.09201,0.71315604,-0.046610832,651.61914,1.7658081
1.5-473-550,0.3614457832,0.7228915664,0.9915009044774012,-0.0008915474413,1.5,473.0,550.0,1092.0708,0.35792089,48.408936,1140.0918,48.020996,-0.8089339,-1.1668549,53.718994,5.3100586
1.5-473-550,0.04693877551,0.09387755102,0.03282169734692774,-2.951293353e-05,1.5,473.0,550.0,473.00003,1.2383361,649.85333,473.1235,0.12347412,1.1390737,-0.09926236,650.9549,1.1015625
1.5-473-550,0.2795180723,0.5590361446,0.7525573838264147,0.0006766918789,1.5,473.0,550.0,630.3546,1.6265533,439.87723,596.39594,-33.95868,1.549909,-0.0766443,511.643,71.76578
1.5-473-550,0.2578313253,0.5156626506,0.9980223152919674,0.000897411427,1.5,473.0,550.0,1213.7742,0.05422693,42.483612,1333.5079,119.733765,-0.61193305,-0.66616,47.089783,4.6061707
1.5-473-550,0.3686746988,0.7373493976,0.5396442233296441,-0.0004852425493,1.5,473.0,550.0,628.6299,1.9846196,443.90408,619.80054,-8.829346,2.0099108,0.025291204,445.7819,1.8778076
1.5-473-550,0.1313253012,0.2626506024,0.9980223152919674,0.000897411427,1.5,473.0,550.0,745.88824,0.08851116,95.93849,781.0533,35.16504,-0.5743517,-0.6628629,-13.245818,-109.18431
1.5-473-550,0.1024096385,0.204819277,0.960723235489121,-0.0008638724771,1.5,473.0,550.0,490.55392,0.49180132,632.56946,481.8988,-8.655121,0.25144452,-0.2403568,642.7587,10.18927
1.5-473-550,0.3939759037,0.7879518074,0.9895407848051817,-0.0008897849218,1.5,473.0,550.0,1047.0443,0.55711514,51.153534,928.1738,-118.87048,-0.8625104,-1.4196255,120.631836,69.4783
1.5-473-550,0.2506024096,0.5012048192,0.47796385156444166,-0.0004297801918,1.5,473.0,550.0,532.939,1.4102045,587.38184,526.6199,-6.319153,1.2837397,-0.12646484,624.7622,37.38037
1.5-473-550,0.1554216867,0.3108433734,0.9985491866279087,0.0008978851843,1.5,473.0,550.0,857.8292,0.042221602,69.39337,993.1651,135.33588,-0.63349956,-0.67572117,-51.25659,-120.64996
1.5-473-550,0.2710843374,0.5421686748,0.9965972946963587,-0.0008961300631,1.5,473.0,550.0,1194.283,0.0988236,43.31198,1331.2882,137.00525,-0.60649043,-0.70531404,51.458954,8.146973
1.5-473-550,0.234939759,0.469879518,0.09831793590232207,-8.84064793e-05,1.5,473.0,550.0,516.03613,1.3563343,606.17786,512.802,-3.2341309,1.2345319,-0.12180245,633.2869,27.10907
1.5-473-550,0.321686747,0.643373494,0.9980223152919674,0.000897411427,1.5,473.0,550.0,1159.3616,0.067314975,44.89749,1276.592,117.23047,-0.73198014,-0.7992951,50.37024,5.472748
1.5-473-550,0.2662650602,0.5325301204,0.7525573838264147,0.0006766918789,1.5,473.0,550.0,622.10516,1.5686406,456.05093,583.62524,-38.47992,1.4345142,-0.13412642,540.3649,84.313995
1.5-473-550,0.4163265306,0.8326530612,0.9071317792997667,0.0008156835895,1.5,473.0,550.0,718.2884,1.9137055,110.59648,687.1052,-31.183167,1.5578334,-0.35587204,315.23566,204.63918
1.5-473-550,0.3289156627,0.6578313254,0.8475322498919685,-0.0007620923041,1.5,473.0,550.0,720.2359,1.9020057,113.85423,698.64105,-21.594849,2.0028405,0.10083485,263.74582,149.89159
1.5-473-550,0.373493976,0.746987952,0.8902853188558087,-0.0008005354251,1.5,473.0,550.0,804.9311,2.0533066,78.92905,741.01776,-63.91333,2.047726,-0.0055806637,190.4553,111.52626
1.5-473-550,0.386746988,0.773493976,0.22784103821928303,0.0002048723241,1.5,473.0,550.0,616.07,2.0422869,467.35556,600.77484,-15.295166,2.0050752,-0.037211657,475.77646,8.420898
1.5-473-550,0.3385542169,0.6771084338,0.9442484491033019,-0.0008490585182,1.5,473.0,550.0,916.0462,1.5133321,62.114838,1022.38257,106.336365,0.8429968,-0.67033535,83.74245,21.62761
1.5-473-550,0.156626506,0.313253012,0.9872047710533666,0.0008876844022,1.5,473.0,550.0,783.8053,0.37275785,83.67992,919.06805,135.26276,-0.47715992,-0.84991777,-33.65564,-117.335556
1.5-473-550,0.1939759036,0.3879518072,0.9872047710533666,0.0008876844022,1.5,473.0,550.0,1097.2987,0.2956637,48.115295,1182.3271,85.02844,-0.49803644,-0.79370016,7.071534,-41.043762
1.5-473-550,0.386746988,0.773493976,0.3542741439827602,-0.0003185596757,1.5,473.0,550.0,622.5842,2.0642855,455.79996,611.0401,-11.544128,2.0282688,-0.036016703,459.80945,4.009491
1.5-473-550,0.3385542169,0.6771084338,0.2914697156873968,0.0002620865781,1.5,473.0,550.0,577.8843,1.728584,525.6224,573.3889,-4.4953613,1.7763305,0.04774642,534.1046,8.482239
1.5-473-550,0.1433734939,0.2867469878,0.9531521909241071,0.0008570646715,1.5,473.0,550.0,568.879,0.7795628,541.63165,552.2062,-16.672852,0.37366134,-0.40590143,518.5533,-23.07837
1.5-473-550,0.3855421687,0.7710843374,0.3542741439827602,-0.0003185596757,1.5,473.0,550.0,621.76855,2.0542636,457.31625,610.25366,-11.514893,2.0235968,-0.030666828,461.35995,4.043701
1.5-473-550,0.3445783133,0.6891566266,0.9215172744995802,-0.0008286188792,1.5,473.0,550.0,860.75336,1.7437569,69.078735,832.4037,-28.34967,1.7926104,0.048853517,98.724945,29.64621
1.5-473-550,0.2662650602,0.5325301204,0.9844268823757469,0.0008851865532,1.5,473.0,550.0,1144.0016,0.4435799,45.654724,1313.2194,169.21777,-0.45332843,-0.89690834,61.83841,16.183685
1.5-473-550,0.4183673469,0.8367346938,0.9337895728803226,-0.000839654004,1.5,473.0,550.0,714.50934,1.7202336,113.22188,666.05255,-48.456787,1.1671869,-0.5530467,355.65408,242.4322
1.5-473-550,0.2638554217,0.5277108434,0.6600967573005477,0.0005935522321,1.5,473.0,550.0,582.8105,1.5088079,519.681,554.17896,-28.63153,1.3968754,-0.111932516,589.5327,69.851685
1.5-473-550,0.4734693878,0.9469387756,0.9442484491033019,0.0008490585182,1.5,473.0,550.0,658.54834,1.2342914,357.43042,588.95105,-69.59729,0.6928107,-0.5414807,449.13318,91.70276
1.5-473-550,0.2951807229,0.5903614458,0.9965972946963587,-0.0008961300631,1.5,473.0,550.0,1171.6277,0.10805165,44.33423,1315.5159,143.88818,-0.6425801,-0.75063175,53.410583,9.076355
1.5-473-550,0.3493975904,0.6987951808,0.09831793590232207,-8.84064793e-05,1.5,473.0,550.0,576.8622,1.762668,527.41095,569.93317,-6.929016,1.8032289,0.04056084,533.38336,5.972412
1.5-473-550,0.05918367348,0.11836734696,0.9071317792997667,0.0008156835895,1.5,473.0,550.0,473.00003,0.68917084,649.85333,447.55396,-25.446075,0.6133268,-0.07584405,659.4517,9.598389
1.5-473-550,0.2373493976,0.4746987952,0.16340484097302546,-0.0001469319566,1.5,473.0,550.0,517.207,1.3624587,604.87585,514.0622,-3.1447754,1.2344632,-0.12799549,632.61304,27.737183
1.5-473-550,0.3879518073,0.7759036146,0.03282169735804886,2.951293354e-05,1.5,473.0,550.0,612.3725,2.0369847,473.60806,588.8117,-23.560791,1.9888016,-0.048183084,489.86172,16.253662
1.5-473-550,0.2096385542,0.4192771084,0.9872047710533666,0.0008876844022,1.5,473.0,550.0,1238.2909,0.30463272,41.49408,1243.1632,4.8723145,-0.49364048,-0.7982732,25.75116,-15.74292
1.5-473-550,0.2373493976,0.4746987952,0.9945113832197316,0.0008942544329,1.5,473.0,550.0,1239.9149,0.14188492,41.429718,1315.3423,75.42737,-0.57058066,-0.7124656,41.391235,-0.038482666
1.5-473-550,0.1614457831,0.3228915662,0.8705746216627653,-0.0007828117684,1.5,473.0,550.0,539.0197,0.9773577,580.5092,495.0102,-44.00952,0.8916248,-0.08573288,646.5375,66.02826
1.5-473-550,0.4530612245,0.906122449,0.9811301446957078,0.0008822221605,1.5,473.0,550.0,662.5772,0.8277464,327.0838,601.1563,-61.4209,-0.035715166,-0.86346155,412.91287,85.82907
1.5-473-550,0.4653061225,0.930612245,0.960723235489121,-0.0008638724771,1.5,473.0,550.0,659.6528,1.1135168,352.97177,586.1926,-73.460144,0.43988618,-0.6736306,445.70752,92.73575
1.5-473-550,0.365060241,0.730120482,0.998978267368595,0.0008982710093,1.5,473.0,550.0,1125.976,0.04074567,46.560028,1140.3765,14.400513,-0.9273514,-0.9680971,51.835907,5.275879
1.5-473-550,0.006122448946,0.012244897892,0.7525573838264147,0.0006766918789,1.5,473.0,550.0,473.00003,1.0192251,649.85333,451.74152,-21.258514,0.9072906,-0.11193454,640.0089,-9.844421
1.5-473-550,0.3289156627,0.6578313254,0.998978267368595,0.0008982710093,1.5,473.0,550.0,1158.1599,0.034307,44.956726,1261.9478,103.78784,-0.7694331,-0.8037401,48.94919,3.9924622
1.5-473-550,0.4510204082,0.9020408164,0.998978267368595,0.0008982710093,1.5,473.0,550.0,663.4191,0.05354243,319.085,634.2164,-29.202759,-0.48999947,-0.5435419,364.81357,45.728577
1.5-473-550,0.1843373494,0.3686746988,0.9726063657286781,0.0008745576659,1.5,473.0,550.0,891.5543,0.600962,64.94116,1040.1165,148.56213,-0.26074404,-0.861706,10.128999,-54.812164
1.5-473-550,0.330120482,0.660240964,0.16340484119544796,0.0001469319568,1.5,473.0,550.0,560.03094,1.6613567,554.14044,561.3895,1.3585815,1.7031559,0.041799188,554.01587,-0.124572754
1.5-473-550,0.2228915662,0.4457831324,0.9772248215579286,-0.000878710534,1.5,473.0,550.0,1202.1971,0.53853375,42.977264,1249.2258,47.028687,-0.35323018,-0.8917639,47.805786,4.8285217
1.5-473-550,0.04693877551,0.09387755102,0.9671530515086588,0.0008696541017,1.5,473.0,550.0,473.00003,0.33547962,649.85333,454.43387,-18.566162,0.18961614,-0.14586347,660.8524,10.999084
1.5-473-550,0.3120481928,0.6240963856,0.3542741439827602,-0.0003185596757,1.5,473.0,550.0,561.4691,1.6134146,552.3138,559.432,-2.0371094,1.6333015,0.019886851,564.9157,12.601929
1.5-473-550,0.2590361446,0.5180722892,0.9772248215579286,-0.000878710534,1.5,473.0,550.0,1115.069,0.6298607,47.144684,1297.0792,182.01025,-0.34694964,-0.97681034,67.83423,20.689545
1.5-473-550,0.2481927711,0.4963855422,0.9998257452316341,-0.0008990330527,1.5,473.0,550.0,1235.1422,0.0027002639,41.618866,1332.33,97.187744,-0.6265014,-0.62920165,42.252533,0.633667
1.5-473-550,0.3168674699,0.6337349398,0.8206166047262803,0.0007378900321,1.5,473.0,550.0,676.74396,1.8376875,226.3057,669.4966,-7.2473755,1.9045873,0.06689978,336.53433,110.22864
1.5-473-550,0.4775510204,0.9551020408,0.9726063657286781,-0.0008745576659,1.5,473.0,550.0,658.25134,0.9815667,358.6294,574.85,-83.40137,0.23901784,-0.7425489,452.8197,94.19031
1.5-473-550,0.4673469388,0.9346938776,0.9999999997775775,0.0008991897406,1.5,473.0,550.0,659.4854,-5.322157e-09,353.64752,601.9459,-57.53949,-0.34800142,-0.34800142,404.8127,51.16519
1.5-473-550,0.2722891566,0.5445783132,0.9531521908128958,-0.0008570646714,1.5,473.0,550.0,985.03796,1.1724826,55.6987,1215.2051,230.16711,0.15318614,-1.0192964,99.10672,43.40802
1.5-473-550,0.2759036145,0.551807229,0.9811301446957078,-0.0008822221605,1.5,473.0,550.0,1116.0435,0.5520753,47.09076,1305.402,189.35852,-0.41094452,-0.96301985,66.87677,19.78601
1.5-473-550,0.4040816326,0.8081632652,0.6600967573005477,-0.0005935522321,1.5,473.0,550.0,657.4388,2.3086545,361.30637,661.76263,4.3238525,2.1234345,-0.18522,363.61356,2.30719
1.5-473-550,0.01836734691,0.03673469382,0.9671530515086588,-0.0008696541017,1.5,473.0,550.0,473.00003,0.31043667,649.85333,449.48178,-23.51825,0.19106221,-0.119374454,662.8482,12.994873
1.5-473-550,0.2963855422,0.5927710844,0.9215172744995802,-0.0008286188792,1.5,473.0,550.0,868.9574,1.5767221,67.95676,939.7345,70.7771,1.3099474,-0.26677477,116.084015,48.12726
1.5-473-550,0.03469387754,0.06938775508,0.9999999997775775,0.0008991897406,1.5,473.0,550.0,473.00003,-5.322157e-09,649.85333,469.09006,-3.9099731,-0.14255875,-0.14255875,631.429,-18.424316
1.5-473-550,0.07959183676,0.15918367352,0.47796385156444166,0.0004297801918,1.5,473.0,550.0,473.00003,1.1136158,649.85333,470.28156,-2.7184753,1.0772245,-0.03639126,629.5493,-20.304016
1.5-473-550,0.3987951808,0.7975903616,0.16340484097302546,-0.0001469319566,1.5,473.0,550.0,622.61646,2.142971,455.73877,603.46545,-19.151001,2.0456426,-0.097328424,467.32965,11.590881
1.5-473-550,0.1746987951,0.3493975902,0.09831793589120096,8.840647929e-05,1.5,473.0,550.0,497.21048,1.152376,625.833,492.52054,-4.6899414,1.1169279,-0.035448194,645.237,19.403992
1.5-473-550,0.2192771084,0.4385542168,0.9945113832197316,-0.0008942544329,1.5,473.0,550.0,1276.7164,0.13324434,40.04416,1286.8594,10.142944,-0.57416886,-0.7074132,29.07721,-10.966949
1.5-473-550,0.3445783133,0.6891566266,0.9442484491033019,-0.0008490585182,1.5,473.0,550.0,912.89606,1.539515,62.438477,993.06445,80.168396,0.91645503,-0.62306,85.59581,23.157333
1.5-473-550,0.1602409638,0.3204819276,0.29146971579860803,-0.0002620865782,1.5,473.0,550.0,493.1642,1.1144218,629.92786,487.518,-5.6462097,1.0888641,-0.025557756,641.2824,11.354553
1.5-473-550,0.2397590361,0.4795180722,0.22784103833049427,-0.0002048723242,1.5,473.0,550.0,518.7336,1.3689473,603.1783,515.551,-3.1825562,1.2370094,-0.13193786,631.9181,28.739807
1.5-473-550,0.4326530612,0.8653061224,0.9071317792997667,-0.0008156835895,1.5,473.0,550.0,675.84296,1.5100467,205.14185,663.07764,-12.76532,1.4067385,-0.1033082,356.72342,151.58157
1.5-473-550,0.2734939759,0.5469879518,0.3542741439827602,-0.0003185596757,1.5,473.0,550.0,533.9874,1.4662105,586.216,535.3159,1.3284912,1.396452,-0.069758534,609.4652,23.249207
1.5-473-550,0.1120481927,0.2240963854,0.9956514833048237,0.0008952795992,1.5,473.0,550.0,651.52454,0.19377202,385.6266,630.1134,-21.411133,-0.42676967,-0.6205417,217.52284,-168.10374
1.5-473-550,0.4367346939,0.8734693878,0.8902853188558087,-0.0008005354251,1.5,473.0,550.0,670.2821,1.5085559,254.31981,664.7419,-5.540222,1.5178422,0.009286284,348.2738,93.953995
1.5-473-550,0.3072289157,0.6144578314,0.9671530515086588,-0.0008696541017,1.5,473.0,550.0,1017.6151,1.0123445,53.19162,1242.7563,225.14124,-0.16586691,-1.1782115,79.69165,26.50003
1.5-473-550,0.1096385542,0.2192771084,0.8705746216627653,0.0007828117684,1.5,473.0,550.0,485.06097,0.82291216,638.1283,460.4608,-24.60019,0.825566,0.0026538372,650.7618,12.633484
1.5-473-550,0.1795180723,0.3590361446,0.9999999997775775,-0.0008991897406,1.5,473.0,550.0,1011.46405,-5.322157e-09,53.642334,1161.5867,150.12262,-0.64654213,-0.64654213,-20.321442,-73.963776
1.5-473-550,0.3108433735,0.621686747,0.47796385156444166,0.0004297801918,1.5,473.0,550.0,580.1475,1.6469183,522.8342,567.8356,-12.311951,1.6674014,0.020483136,552.22644,29.392212
1.5-473-550,0.2120481927,0.4240963854,0.9337895728803226,-0.000839654004,1.5,473.0,550.0,964.09845,1.2474725,57.597046,869.3868,-94.71167,0.7810451,-0.46642745,154.23058,96.63353
1.5-473-550,0.02040816324,0.04081632648,0.9999999997775775,-0.0008991897406,1.5,473.0,550.0,473.00003,-5.322157e-09,649.85333,462.88797,-10.112061,-0.112476654,-0.11247665,642.0977,-7.755615
1.5-473-550,0.1771084337,0.3542168674,0.9215172744995802,-0.0008286188792,1.5,473.0,550.0,604.90454,0.99131495,485.21527,560.4735,-44.43103,0.8095537,-0.18176126,554.56256,69.34729
1.5-473-550,0.3457831326,0.6915662652,0.9531521909241071,0.0008570646715,1.5,473.0,550.0,937.7246,1.4237193,59.87558,1062.7433,125.01868,0.41009945,-1.0136199,81.24254,21.366959
1.5-473-550,0.134939759,0.269879518,0.998978267368595,0.0008982710093,1.5,473.0,550.0,768.7081,0.04076248,87.89551,819.5606,50.852478,-0.6021562,-0.6429187,-34.78769,-122.6832
1.5-473-550,0.2686746988,0.5373493976,0.9980223152919674,-0.000897411427,1.5,473.0,550.0,1203.4329,0.055948254,42.923096,1333.6212,130.18835,-0.619711,-0.67565924,49.824585,6.9014893
1.5-473-550,0.01428571426,0.02857142852,0.7098470004029654,0.0006382871403,1.5,473.0,550.0,473.00003,1.0262327,649.85333,454.69635,-18.30368,0.9602057,-0.066027045,636.13635,-13.71698
1.5-473-550,0.2987951807,0.5975903614,0.993141646395439,-0.0008930227796,1.5,473.0,550.0,1152.4613,0.22267246,45.23764,1307.048,154.58667,-0.60769325,-0.8303657,56.026306,10.788666
1.5-473-550,0.1313253012,0.2626506024,0.8475322498919685,0.0007620923041,1.5,473.0,550.0,503.2272,0.91140467,619.7441,471.02356,-32.203644,0.9022429,-0.00916177,646.25037,26.506287
1.5-473-550,0.1975903614,0.3951807228,0.9965972946963587,0.0008961300631,1.5,473.0,550.0,1172.2664,0.08246451,44.305023,1230.308,58.041626,-0.60414106,-0.6866056,5.645875,-38.65915
1.5-473-550,0.1469879518,0.2939759036,0.9999999997775775,-0.0008991897406,1.5,473.0,550.0,827.7535,-5.322157e-09,74.392715,932.90466,105.151184,-0.64280444,-0.64280444,-56.494232,-130.88695
1.5-473-550,0.2361445783,0.4722891566,0.9337895728803226,0.000839654004,1.5,473.0,550.0,949.9562,1.2990049,58.8201,1009.20605,59.249878,0.73168874,-0.5673162,126.13045,67.31035
1.5-473-550,0.3024096386,0.6048192772,0.9980223152919674,0.000897411427,1.5,473.0,550.0,1171.9628,0.063187174,44.31888,1308.6787,136.71594,-0.67562264,-0.7388098,52.141632,7.822754
1.5-473-550,0.2710843374,0.5421686748,0.4163512326852384,0.000374378757,1.5,473.0,550.0,538.07196,1.4664955,581.6229,536.364,-1.7079468,1.3912338,-0.07526171,609.7028,28.079895
1.5-473-550,0.1867469879,0.3734939758,0.9993254186825348,-0.0008985831642,1.5,473.0,550.0,1071.9309,0.014564985,49.596436,1194.5094,122.57849,-0.6365245,-0.6510895,-9.8019705,-59.398407
1.5-473-550,0.3048192771,0.6096385542,0.9215172744995802,0.0008286188792,1.5,473.0,550.0,868.39215,1.6010792,68.02722,925.4789,57.08673,1.3840178,-0.2170614,109.84001,41.81279
1.5-473-550,0.05510204082,0.11020408164,0.22784103821928303,0.0002048723241,1.5,473.0,550.0,473.00003,1.1904867,649.85333,470.95096,-2.0490723,1.1149951,-0.07549155,639.17993,-10.673401
1.5-473-550,0.3385542169,0.6771084338,0.9945113832197316,-0.0008942544329,1.5,473.0,550.0,1128.8893,0.20569193,46.404358,1230.3328,101.44348,-0.7496938,-0.95538574,50.192505,3.788147
1.5-473-550,0.265060241,0.530120482,0.9442484491033019,0.0008490585182,1.5,473.0,550.0,957.1903,1.2733581,58.096222,1158.804,201.61365,0.3988709,-0.8744872,108.32521,50.22899
1.5-473-550,0.4489795918,0.8979591836,0.47796385156444166,0.0004297801918,1.5,473.0,550.0,654.5472,1.9316977,373.5831,652.1416,-2.4055786,2.156218,0.22452033,380.2924,6.7092896
1.5-473-550,0.2506024096,0.5012048192,0.8206166047262803,-0.0007378900321,1.5,473.0,550.0,644.6664,1.5384914,404.37433,609.7754,-34.89099,1.3129337,-0.22555768,500.165,95.79068
1.5-473-550,0.3469879518,0.6939759036,0.8705746216627653,0.0007828117684,1.5,473.0,550.0,769.2504,1.959337,88.38074,728.19196,-41.05847,2.0956378,0.1363008,200.35216,111.97142
1.5-473-550,0.4306122449,0.8612244898,0.9811301446957078,-0.0008822221605,1.5,473.0,550.0,682.83746,0.926819,160.7626,649.2777,-33.559753,-0.23616582,-1.1629848,350.62473,189.86212
1.5-473-550,0.4163265306,0.8326530612,0.03282169735804886,2.951293354e-05,1.5,473.0,550.0,632.21674,2.198123,436.79987,603.895,-28.321716,2.10179,-0.09633303,458.05786,21.257996
1.5-473-550,0.2180722892,0.4361445784,0.9956514833048237,-0.0008952795992,1.5,473.0,550.0,1279.2686,0.10580175,39.95868,1286.755,7.48645,-0.58652216,-0.6923239,27.239166,-12.719513
1.5-473-550,0.2397590361,0.4795180722,0.999825745120423,0.0008990330526,1.5,473.0,550.0,1255.0383,0.0025851077,40.844086,1326.2368,71.19849,-0.6251455,-0.6277306,38.452057,-2.3920288
1.5-473-550,0.1096385542,0.2192771084,0.4163512326852384,0.000374378757,1.5,473.0,550.0,473.53574,1.0960907,649.34796,475.91135,2.3756104,1.0793308,-0.016759872,632.65796,-16.690002
1.5-473-550,0.4428571429,0.8857142858,0.9999999997775775,-0.0008991897406,1.5,473.0,550.0,667.56244,-5.322157e-09,279.71927,662.668,-4.894409,-0.6130665,-0.6130665,332.18192,52.462646
1.5-473-550,0.2506024096,0.5012048192,0.9895407848051817,-0.0008897849218,1.5,473.0,550.0,1184.6803,0.2892927,43.737274,1317.8163,133.13599,-0.51454586,-0.80383855,52.013885,8.276611
1.5-473-550,0.2445783133,0.4891566266,0.9999999997775775,0.0008991897406,1.5,473.0,550.0,1243.8347,-5.322157e-09,41.289886,1330.3246,86.48987,-0.6274188,-0.6274188,40.59082,-0.69906616
1.5-473-550,0.3590361446,0.7180722892,0.9726063657286781,-0.0008745576659,1.5,473.0,550.0,998.6696,1.0644131,54.588837,1096.2319,97.56232,-0.40041548,-1.4648285,66.81778,12.228943
1.5-473-550,0.156626506,0.313253012,0.9772248215579286,0.000878710534,1.5,473.0,550.0,700.8741,0.63530654,133.0763,828.11523,127.24115,-0.28089982,-0.91620636,5.37317,-127.703125
1.5-473-550,0.351807229,0.703614458,0.3542741437603377,0.0003185596755,1.5,473.0,550.0,595.83905,1.8207104,499.3492,587.06195,-8.7771,1.8673304,0.04662001,508.06854,8.71933
1.5-473-550,0.1409638554,0.2819277108,0.9215172744995802,0.0008286188792,1.5,473.0,550.0,535.17255,0.8483129,584.89813,483.12186,-52.05069,0.6762663,-0.1720466,660.1855,75.28735
1.5-473-550,0.4673469388,0.9346938776,0.9442484491033019,0.0008490585182,1.5,473.0,550.0,659.2798,1.2309861,354.47745,593.935,-65.34479,0.71069527,-0.52029085,444.08246,89.60501
1.5-473-550,0.3746987952,0.7493975904,0.47796385156444166,-0.0004297801918,1.5,473.0,550.0,624.847,2.0041347,451.5008,615.8419,-9.005066,2.0129912,0.008856535,452.90808,1.4072876
1.5-473-550,0.1542168674,0.3084337348,0.8705746216627653,-0.0007828117684,1.5,473.0,550.0,530.6597,0.9532449,589.9164,487.51398,-43.145752,0.8827329,-0.070512,648.8097,58.89331
1.5-473-550,0.3096385542,0.6192771084,0.16340484097302546,-0.0001469319566,1.5,473.0,550.0,542.5155,1.5702838,576.5008,549.5443,7.0288086,1.5847776,0.014493823,577.9551,1.4542847
1.5-473-550,0.3783132531,0.7566265062,0.9337895728803226,-0.000839654004,1.5,473.0,550.0,873.3126,1.8332999,67.2663,773.6221,-99.69055,1.5651971,-0.26810277,186.57942,119.313126
1.5-473-550,0.05102040816,0.10204081632,0.7892004020960466,-0.000709640905,1.5,473.0,550.0,473.00003,0.9053797,649.85333,454.40652,-18.593506,0.9040505,-0.0013291836,638.04596,-11.807373
1.5-473-550,0.2120481928,0.4240963856,0.6021818746711394,0.0005414757638,1.5,473.0,550.0,528.30994,1.2896246,592.52936,508.9016,-19.408325,1.1289608,-0.16066372,638.82153,46.292175
1.5-473-550,0.02653061223,0.05306122446,0.9071317792997667,0.0008156835895,1.5,473.0,550.0,473.00003,0.65479314,649.85333,444.8229,-28.177124,0.5654717,-0.089321434,659.2146,9.361267
1.5-473-550,0.4653061225,0.930612245,0.5396442233296441,-0.0004852425493,1.5,473.0,550.0,656.79126,1.8345379,364.5236,656.8899,0.09863281,2.1180394,0.2835015,364.94107,0.41748047
1.5-473-550,0.4367346939,0.8734693878,0.9442484491033019,0.0008490585182,1.5,473.0,550.0,671.78827,1.2975627,240.8234,625.56555,-46.222717,0.8262342,-0.4713285,406.43198,165.60858
1.5-473-550,0.1710843373,0.3421686746,0.6021818746711394,0.0005414757638,1.5,473.0,550.0,508.19156,1.1038713,614.7145,488.578,-19.613556,1.0708543,-0.03301704,639.7104,24.99591
1.5-473-550,0.2975903615,0.595180723,0.960723235489121,-0.0008638724771,1.5,473.0,550.0,995.39636,1.1256753,54.857758,1233.5615,238.16516,-0.01039434,-1.1360697,88.492325,33.634567
1.5-473-550,0.234939759,0.469879518,0.9996041060258503,0.000898833757,1.5,473.0,550.0,1267.7272,0.0082522575,40.375885,1321.0323,53.305176,-0.62295276,-0.631205,36.056946,-4.318939
1.5-473-550,0.1192771084,0.2385542168,0.998978267368595,0.0008982710093,1.5,473.0,550.0,705.5755,0.057419177,120.90143,695.34283,-10.232666,-0.53423744,-0.5916566,77.997086,-42.904343
1.5-473-550,0.2662650602,0.5325301204,0.5396442233296441,0.0004852425493,1.5,473.0,550.0,552.24927,1.4744126,564.231,540.79645,-11.45282,1.385587,-0.08882558,606.89813,42.667114
1.5-473-550,0.08775510207,0.17551020414,0.8475322498919685,0.0007620923041,1.5,473.0,550.0,473.00003,0.83296996,649.85333,455.93457,-17.06546,0.8493109,0.016340911,645.2219,-4.6314087
1.5-473-550,0.3313253012,0.6626506024,0.9996041061370615,-0.0008988337571,1.5,473.0,550.0,1159.0151,0.011662358,44.91455,1256.9736,97.958496,-0.7861505,-0.7978129,48.35141,3.4368591
1.5-473-550,0.1578313253,0.3156626506,0.9872047710533666,-0.0008876844022,1.5,473.0,550.0,793.82184,0.36262876,81.188126,930.05426,136.23242,-0.47979635,-0.8424251,-33.88333,-115.07146
1.5-473-550,0.1518072289,0.3036144578,0.7525573838264147,0.0006766918789,1.5,473.0,550.0,507.94592,1.0150895,614.96564,481.1189,-26.827026,1.0156819,0.00059235096,640.24634,25.2807
1.5-473-550,0.3722891567,0.7445783134,0.9811301448069191,0.0008822221606,1.5,473.0,550.0,1028.9341,0.8220084,52.378082,1049.8008,20.8667,-0.66558176,-1.4875901,72.08011,19.702026
1.5-473-550,0.256626506,0.513253012,0.9442484491033019,0.0008490585182,1.5,473.0,550.0,962.1378,1.2577599,57.651733,1151.9852,189.84741,0.38801086,-0.86974907,107.98726,50.335526
1.5-473-550,0.1662650602,0.3325301204,0.9844268823757469,0.0008851865532,1.5,473.0,550.0,824.95306,0.39934593,74.81044,982.59827,157.6452,-0.44946188,-0.8488078,-25.809845,-100.620285
1.5-473-550,0.2421686747,0.4843373494,0.8902853188558087,-0.0008005354251,1.5,473.0,550.0,761.78467,1.5304949,93.096725,717.7208,-44.063843,1.3037202,-0.22677469,329.91318,236.81645
1.5-473-550,0.1120481927,0.2240963854,0.8902853187445975,0.000800535425,1.5,473.0,550.0,490.7783,0.8013383,632.3424,460.45535,-30.322937,0.76892596,-0.03241235,656.673,24.330566
1.5-473-550,0.2084337349,0.4168674698,0.9998257452316341,0.0008990330527,1.5,473.0,550.0,1280.2102,0.0023933,40.016174,1272.8497,-7.3604736,-0.6316311,-0.6340244,15.687318,-24.328857
1.5-473-550,0.05714285715,0.1142857143,0.6600967573005477,0.0005935522321,1.5,473.0,550.0,473.00003,1.0224496,649.85333,462.05957,-10.94046,1.0203079,-0.002141714,629.91364,-19.939697
1.5-473-550,0.373493976,0.746987952,0.03282169734692774,-2.951293353e-05,1.5,473.0,550.0,599.9712,1.9227828,493.32993,580.6633,-19.307861,1.9215535,-0.0012292862,507.16406,13.834137
1.5-473-550,0.4775510204,0.9551020408,0.8206166047262803,-0.0007378900321,1.5,473.0,550.0,657.861,1.5790851,360.20493,641.1976,-16.663452,1.6062828,0.027197719,366.80063,6.595703
1.5-473-550,0.2662650602,0.5325301204,0.9895407848051817,-0.0008897849218,1.5,473.0,550.0,1168.0911,0.30055952,44.49597,1321.906,153.81494,-0.52002996,-0.8205895,56.780975,12.285004
1.5-473-550,0.2771084337,0.5542168674,0.7525573838264147,0.0006766918789,1.5,473.0,550.0,629.0635,1.6158129,442.53378,594.1115,-34.951965,1.528791,-0.08702195,517.0172,74.48343
1.5-473-550,0.1710843373,0.3421686746,0.3542741439827602,-0.0003185596757,1.5,473.0,550.0,498.9769,1.132254,624.0454,489.9895,-8.987396,1.0897694,-0.04248464,641.17993,17.134521
1.5-473-550,0.1156626505,0.231325301,0.4163512326852384,0.000374378757,1.5,473.0,550.0,475.2198,1.0831152,647.75934,476.93268,1.7128906,1.0783384,-0.0047768354,633.23376,-14.525574
1.5-473-550,0.2963855422,0.5927710844,0.47796385156444166,-0.0004297801918,1.5,473.0,550.0,567.6155,1.5816742,543.09125,557.16376,-10.451721,1.5705478,-0.011126399,574.1518,31.060547
1.5-473-550,0.1325301204,0.2650602408,0.9996041061370615,-0.0008988337571,1.5,473.0,550.0,763.4892,0.01442408,89.52988,803.67316,40.18396,-0.60355276,-0.61797684,-28.382172,-117.91205
1.5-473-550,0.4795918368,0.9591836736,0.9895407848051817,-0.0008897849218,1.5,473.0,550.0,658.12976,0.54730684,359.12015,577.3017,-80.828064,-0.058310214,-0.60561705,441.15796,82.03781
1.5-473-550,0.09591836738,0.19183673476,0.03282169735804886,2.951293354e-05,1.5,473.0,550.0,473.00003,1.188793,649.85333,478.39496,5.394928,1.1151059,-0.07368708,648.7112,-1.1421509
1.5-473-550,0.4530612245,0.906122449,0.998978267368595,0.0008982710093,1.5,473.0,550.0,662.69574,0.05297267,325.95764,628.94464,-33.7511,-0.4671083,-0.520081,371.15286,45.19522
1.5-473-550,0.3277108434,0.6554216868,0.8475322498919685,-0.0007620923041,1.5,473.0,550.0,719.6091,1.8966588,114.424774,697.9905,-21.618591,1.9946395,0.09798074,265.34158,150.91681
1.5-473-550,0.1397590361,0.2795180722,0.47796385156444166,-0.0004297801918,1.5,473.0,550.0,487.21622,1.0664574,635.9472,480.7799,-6.43631,1.0723543,0.005896926,635.0843,-0.86291504
1.5-473-550,0.09387755105,0.1877551021,0.9945113832197316,-0.0008942544329,1.5,473.0,550.0,473.00003,0.05601501,649.85333,545.8822,72.88217,-0.28417474,-0.34018975,453.71432,-196.139
1.5-473-550,0.4428571429,0.8857142858,0.9965972946963587,0.0008961300631,1.5,473.0,550.0,667.55853,0.20470941,279.75653,652.28204,-15.276489,-0.52862996,-0.73333937,344.1246,64.36807
1.5-473-550,0.0,0.0,0.9338316098368012,-0.0008396918032,1.5,473.0,550.0,473.00003,0.90842825,649.85333,444.26627,-28.733765,0.40074676,-0.5076815,663.93024,14.076904
1.5-473-550,0.3385542169,0.6771084338,0.9996041060258503,-0.000898833757,1.5,473.0,550.0,1152.9153,0.012027377,45.21527,1237.9344,85.019165,-0.8151204,-0.8271478,47.68112,2.4658508
1.5-473-550,0.373493976,0.746987952,0.9980223152919674,0.000897411427,1.5,473.0,550.0,1113.9855,0.08646452,47.200714,1096.2617,-17.723755,-0.9534684,-1.0399328,58.8851,11.684387
1.5-473-550,0.3831325302,0.7662650604,0.9895407848051817,-0.0008897849218,1.5,473.0,550.0,1061.3025,0.50442696,50.245758,1009.82544,-51.47705,-0.86199814,-1.366425,83.5502,33.304443
1.5-473-550,0.2180722891,0.4361445782,0.29146971579860803,-0.0002620865782,1.5,473.0,550.0,514.61926,1.3162699,607.7534,506.59265,-8.026611,1.1645755,-0.15169442,639.1735,31.420105
1.5-473-550,0.3783132531,0.7566265062,0.9993254186825348,0.0008985831642,1.5,473.0,550.0,1115.8068,0.02790081,47.103394,1073.2024,-42.60437,-0.9891985,-1.0170993,63.89331,16.789917
1.5-473-550,0.4693877551,0.9387755102,0.09831793589120096,8.840647929e-05,1.5,473.0,550.0,653.90155,2.0095296,376.18936,630.01465,-23.886902,2.230637,0.22110748,407.3197,31.13034
1.5-473-550,0.3,0.6,0.6021818746711394,0.0005414757638,1.5,473.0,550.0,598.47876,1.6480778,495.16,574.32495,-24.153809,1.6476959,-0.00038194656,544.3686,49.208588
1.5-473-550,0.004081632618,0.008163265236,0.4163512323516047,-0.0003743787567,1.5,473.0,550.0,473.00003,1.0403758,649.85333,461.81116,-11.188873,1.0993373,0.05896151,636.49677,-13.356567
1.5-473-550,0.3457831326,0.6915662652,0.998978267368595,0.0008982710093,1.5,473.0,550.0,1144.0537,0.036936935,45.65213,1215.1537,71.099976,-0.83846027,-0.8753972,47.66263,2.010498
1.5-473-550,0.4775510204,0.9551020408,0.6600967573005477,0.0005935522321,1.5,473.0,550.0,657.35223,1.7540246,362.2591,654.9161,-2.4361572,1.9762429,0.22221828,351.86285,-10.39624
1.5-473-550,0.4571428571,0.9142857142,0.9973789933391554,0.0008968329585,1.5,473.0,550.0,661.49677,0.14141738,337.3493,616.4189,-45.07788,-0.38709348,-0.52851087,386.9798,49.630493
1.5-473-550,0.1024096385,0.204819277,0.9895407848051817,-0.0008897849218,1.5,473.0,550.0,570.0229,0.20687795,538.5884,556.5654,-13.4574585,-0.23585862,-0.44273657,432.53207,-106.056305
1.5-473-550,0.365060241,0.730120482,0.9931416465066502,-0.0008930227797,1.5,473.0,550.0,1097.3046,0.2938618,48.104675,1126.9336,29.629028,-0.8499549,-1.1438167,54.725403,6.6207275
1.5-473-550,0.2807228916,0.5614457832,0.9844268823757469,0.0008851865532,1.5,473.0,550.0,1127.0931,0.4680906,46.500305,1309.3567,182.26355,-0.46282595,-0.93091655,63.879913,17.379608
1.5-473-550,0.3373493976,0.6746987952,0.998978267368595,-0.0008982710093,1.5,473.0,550.0,1151.0592,0.035560306,45.306763,1240.4127,89.353516,-0.80252475,-0.83808506,48.06952,2.7627563
1.5-473-550,0.02040816324,0.04081632648,0.9531521908128958,-0.0008570646714,1.5,473.0,550.0,473.00003,0.42555636,649.85333,446.99414,-26.00589,0.29691947,-0.1286369,664.3879,14.534546
1.5-473-550,0.256626506,0.513253012,0.7525573838264147,-0.0006766918789,1.5,473.0,550.0,613.9668,1.5255095,470.3185,573.9738,-39.99298,1.3538815,-0.171628,559.567,89.248505
1.5-473-550,0.3421686747,0.6843373494,0.8206166047262803,0.0007378900321,1.5,473.0,550.0,688.8329,1.9628069,175.8064,687.3138,-1.519104,2.0660708,0.103263855,296.06848,120.262085
1.5-473-550,0.07755102043,0.15510204086,0.5396442233296441,0.0004852425493,1.5,473.0,550.0,473.00003,1.0895922,649.85333,468.64853,-4.3515015,1.0659473,-0.023644924,628.5998,-21.25354
1.5-473-550,0.2831325301,0.5662650602,0.960723235489121,0.0008638724771,1.5,473.0,550.0,1007.0578,1.0781202,53.9588,1246.0973,239.03949,-0.024230307,-1.1023506,90.520386,36.561584
1.5-473-550,0.4428571429,0.8857142858,0.3542741437603377,0.0003185596755,1.5,473.0,550.0,647.917,2.0304193,397.6933,640.6447,-7.272278,2.1712332,0.14081383,401.81467,4.1213684
1.5-473-550,0.1108433734,0.2216867468,0.9980223152919674,-0.000897411427,1.5,473.0,550.0,666.38513,0.10591208,290.9049,636.7642,-29.62091,-0.46630245,-0.57221454,197.60904,-93.29587
1.5-473-550,0.3674698796,0.7349397592,0.4163512326852384,0.000374378757,1.5,473.0,550.0,613.9484,1.9362301,470.94324,603.8784,-10.070007,1.9635674,0.027337313,475.61682,4.673584
1.5-473-550,0.2722891566,0.5445783132,0.9999999997775775,0.0008991897406,1.5,473.0,550.0,1207.2859,-5.322157e-09,42.776917,1335.1511,127.865234,-0.64428645,-0.64428645,48.92212,6.1452026
1.5-473-550,0.2506024096,0.5012048192,0.3542741437603377,0.0003185596755,1.5,473.0,550.0,525.06726,1.4017063,596.1353,522.6421,-2.425171,1.2773372,-0.124369144,626.6629,30.527588
1.5-473-550,0.2084337349,0.4168674698,0.9071317792997667,0.0008156835895,1.5,473.0,550.0,792.2076,1.3552933,84.558685,654.837,-137.3706,1.0529466,-0.3023467,418.88193,334.32324
1.5-473-550,0.09795918369,0.19591836738,0.9915009045886125,-0.0008915474414,1.5,473.0,550.0,473.00342,0.08706724,649.8501,548.465,75.46161,-0.24918467,-0.3362519,451.61136,-198.23874
1.5-473-550,0.4551020408,0.9102040816,0.9071317792997667,0.0008156835895,1.5,473.0,550.0,661.3654,1.3873861,338.59732,634.53436,-26.831055,1.2332416,-0.15414453,398.04538,59.44806
1.5-473-550,0.1590361445,0.318072289,0.9215172744995802,-0.0008286188792,1.5,473.0,550.0,563.7693,0.91042644,549.3568,509.5786,-54.190674,0.7265695,-0.18385696,634.5164,85.15961
1.5-473-550,0.308433735,0.61686747,0.6600967573005477,-0.0005935522321,1.5,473.0,550.0,618.8422,1.7142726,462.1008,592.73834,-26.103882,1.7378502,0.02357757,507.29388,45.193085
1.5-473-550,0.2048192771,0.4096385542,0.2914697156873968,0.0002620865781,1.5,473.0,550.0,510.58188,1.2688735,612.2351,501.36722,-9.214661,1.1352547,-0.13361871,641.3871,29.151978
1.5-473-550,0.2638554217,0.5277108434,0.993141646395439,0.0008930227796,1.5,473.0,550.0,1187.1006,0.1960538,43.626587,1327.391,140.2904,-0.56173104,-0.75778484,52.91031,9.283722
1.5-473-550,0.2265060241,0.4530120482,0.3542741437603377,0.0003185596755,1.5,473.0,550.0,518.5925,1.33667,603.33514,510.7155,-7.877014,1.1840054,-0.15266466,637.208,33.872864
1.5-473-550,0.3506024097,0.7012048194,0.9337895728803226,0.000839654004,1.5,473.0,550.0,884.2805,1.6769025,65.82898,878.04236,-6.238159,1.5181029,-0.15879965,95.07985,29.25087
1.5-473-550,0.3855421687,0.7710843374,0.9980223152919674,-0.000897411427,1.5,473.0,550.0,1101.9207,0.09451216,47.845367,1025.149,-76.77161,-0.996232,-1.0907441,78.00824,30.162872
1.5-473-550,0.4061224489,0.8122448978,0.9956514833048237,0.0008952795992,1.5,473.0,550.0,812.35254,0.29130894,77.30072,862.90894,50.556396,-0.9314918,-1.2228007,160.24673,82.946014
1.5-473-550,0.169879518,0.339759036,0.03282169735804886,2.951293354e-05,1.5,473.0,550.0,495.09207,1.1417667,627.97687,491.73712,-3.35495,1.1219751,-0.019791603,646.90735,18.930481
1.5-473-550,0.134939759,0.269879518,0.9772248215579286,-0.000878710534,1.5,473.0,550.0,611.19,0.6212417,475.43994,650.68066,39.49066,-0.15769976,-0.77894145,203.30257,-272.1374
1.5-473-550,0.1373493975,0.274698795,0.9895407848051817,0.0008897849218,1.5,473.0,550.0,699.3965,0.41723818,127.776764,763.5525,64.156006,-0.45047396,-0.86771214,12.279206,-115.49756
1.5-473-550,0.05510204082,0.11020408164,0.9726063657286781,0.0008745576659,1.5,473.0,550.0,473.00003,0.28639454,649.85333,459.61826,-13.381775,0.13227075,-0.15412378,655.736,5.8826904
1.5-473-550,0.3289156627,0.6578313254,0.9985491866279087,-0.0008978851843,1.5,473.0,550.0,1156.1915,0.049967583,45.05374,1261.3862,105.1947,-0.7641955,-0.8141631,49.180206,4.126465
1.5-473-550,0.3566265061,0.7132530122,0.9965972946963587,-0.0008961300631,1.5,473.0,550.0,1122.216,0.13814414,46.760925,1171.7832,49.56726,-0.85772115,-0.9958653,49.716858,2.9559326
1.5-473-550,0.04285714285,0.0857142857,0.7098470004029654,0.0006382871403,1.5,473.0,550.0,473.00003,0.9773706,649.85333,458.02585,-14.974182,0.9802743,0.0029036999,632.78394,-17.069397
1.5-473-550,0.2228915662,0.4457831324,0.8206166047262803,-0.0007378900321,1.5,473.0,550.0,613.3788,1.3897958,470.83035,569.07324,-44.305542,1.114769,-0.2750268,574.90985,104.0795
1.5-473-550,0.2638554217,0.5277108434,0.9956514833048237,0.0008952795992,1.5,473.0,550.0,1198.2634,0.123835854,43.14279,1330.933,132.66956,-0.59008914,-0.713925,50.72354,7.5807495
1.5-473-550,0.4224489796,0.8448979592,0.9872047710533666,0.0008876844022,1.5,473.0,550.0,704.6914,0.8231495,121.77489,704.9067,0.215271,-0.5324512,-1.3556007,289.2738,167.49892
1.5-473-550,0.4653061225,0.930612245,0.9215172744995802,-0.0008286188792,1.5,473.0,550.0,659.4719,1.3353894,353.70175,613.2988,-46.173096,1.0182475,-0.3171419,425.70993,72.00818
1.5-473-550,0.3554216868,0.7108433736,0.29146971579860803,-0.0002620865782,1.5,473.0,550.0,593.54254,1.8288174,502.67688,584.79865,-8.7438965,1.8693033,0.040485978,510.61118,7.9342957
1.5-473-550,0.4387755102,0.8775510204,0.5396442233296441,-0.0004852425493,1.5,473.0,550.0,654.4358,2.0090618,374.03275,655.1772,0.74139404,2.1421983,0.13313651,375.11285,1.0801086
1.5-473-550,0.1012048192,0.2024096384,0.6021818746711394,-0.0005414757638,1.5,473.0,550.0,473.00452,1.0516509,649.8491,470.67007,-2.3344421,1.053008,0.0013570786,629.4408,-20.408325
1.5-473-550,0.3144578314,0.6289156628,0.9945113832197316,-0.0008942544329,1.5,473.0,550.0,1148.6597,0.18665236,45.42508,1285.8237,137.16406,-0.66477734,-0.8514297,53.55658,8.1315
1.5-473-550,0.1301204819,0.2602409638,0.8475322498919685,0.0007620923041,1.5,473.0,550.0,502.15744,0.90839595,620.82666,470.40436,-31.753082,0.9009868,-0.0074091554,646.2079,25.381226
1.5-473-550,0.2325301205,0.465060241,0.960723235489121,0.0008638724771,1.5,473.0,550.0,1094.3663,0.9081233,48.28839,1207.0593,112.69299,-0.048915807,-0.9570391,76.18138,27.89299
1.5-473-550,0.2602409639,0.5204819278,0.9071317792997667,-0.0008156835895,1.5,473.0,550.0,837.5838,1.5409632,72.91321,833.258,-4.3258057,1.3549798,-0.18598342,192.78336,119.87015
1.5-473-550,0.2253012048,0.4506024096,0.9998257452316341,-0.0008990330527,1.5,473.0,550.0,1293.333,0.002432639,39.923004,1308.3264,14.993408,-0.62637657,-0.6288092,29.826843,-10.096161
1.5-473-550,0.2108433734,0.4216867468,0.9973789934503665,-0.0008968329586,1.5,473.0,550.0,1284.4127,0.06382405,39.923004,1273.5524,-10.860352,-0.6066695,-0.67049354,19.558563,-20.36444
1.5-473-550,0.2168674698,0.4337349396,0.8206166047262803,0.0007378900321,1.5,473.0,550.0,601.6011,1.3504227,489.84537,559.3794,-42.22168,1.0839682,-0.26645458,588.7283,98.882904
1.5-473-550,0.1072289156,0.2144578312,0.3542741439827602,-0.0003185596757,1.5,473.0,550.0,473.11523,1.1186112,649.7446,476.3639,3.2486572,1.0848975,-0.0337137,634.38434,-15.360291
1.5-473-550,0.3795180723,0.7590361446,0.8902853188558087,-0.0008005354251,1.5,473.0,550.0,805.3844,2.0957282,78.81558,735.73926,-69.64514,2.0122824,-0.08344579,204.07526,125.259674
1.5-473-550,0.3493975904,0.6987951808,0.9442484491033019,0.0008490585182,1.5,473.0,550.0,910.1562,1.5619131,62.746246,967.3765,57.220337,0.97781456,-0.5840986,89.565735,26.819489
1.5-473-550,0.2385542169,0.4771084338,0.9985491866279087,0.0008978851843,1.5,473.0,550.0,1253.0758,0.036297675,40.916504,1323.1776,70.10181,-0.61245173,-0.6487494,38.812347,-2.1041565
1.5-473-550,0.3506024097,0.7012048194,0.22784103821928303,0.0002048723241,1.5,473.0,550.0,584.4427,1.7866232,515.17346,577.45917,-6.9835205,1.8292216,0.042598367,523.33154,8.158081
1.5-473-550,0.03265306121,0.06530612242,0.998978267368595,0.0008982710093,1.5,473.0,550.0,473.00003,0.009083087,649.85333,467.27005,-5.7299805,-0.12630194,-0.13538504,634.9858,-14.867554
1.5-473-550,0.134939759,0.269879518,0.16340484097302546,-0.0001469319566,1.5,473.0,550.0,480.93945,1.0985649,642.2993,483.07263,2.1331787,1.094647,-0.0039178133,643.1898,0.8905029
1.5-473-550,0.2024096385,0.404819277,0.6021818746711394,-0.0005414757638,1.5,473.0,550.0,524.28186,1.2430588,597.00854,503.30276,-20.979095,1.1074057,-0.13565314,640.6226,43.614075
1.5-473-550,0.04081632652,0.08163265304,0.9772248215579286,-0.000878710534,1.5,473.0,550.0,473.00003,0.22864002,649.85333,457.16077,-15.839264,0.09436285,-0.13427716,655.8894,6.036072
1.5-473-550,0.3289156627,0.6578313254,0.9915009044774012,-0.0008915474413,1.5,473.0,550.0,1122.6659,0.30639672,46.736908,1251.3319,128.66602,-0.6704741,-0.97687083,53.330475,6.593567
1.5-473-550,0.1590361445,0.318072289,0.9531521909241071,-0.0008570646715,1.5,473.0,550.0,608.5394,0.8375965,479.49112,628.4217,19.882263,0.3595786,-0.47801787,326.4908,-153.0003
1.5-473-550,0.07755102043,0.15510204086,0.9996041060258503,0.000898833757,1.5,473.0,550.0,473.00003,0.0032614416,649.85333,517.3594,44.359344,-0.28614897,-0.2894104,523.3071,-126.5462
1.5-473-550,0.1795180723,0.3590361446,0.47796385156444166,0.0004297801918,1.5,473.0,550.0,506.31204,1.1456767,616.6222,492.01105,-14.300995,1.0876446,-0.058032155,640.8931,24.270935
1.5-473-550,0.4020408163,0.8040816326,0.9980223154031785,-0.0008974114271,1.5,473.0,550.0,891.42334,0.11957305,65.220825,906.8993,15.475952,-0.9946638,-1.1142368,132.91647,67.69565
1.5-473-550,0.2903614458,0.5807228916,0.9531521908128958,-0.0008570646714,1.5,473.0,550.0,970.20306,1.2331434,56.90512,1206.5547,236.35162,0.1860916,-1.0470519,97.17424,40.26912
1.5-473-550,0.2120481927,0.4240963854,0.8705746216627653,0.0007828117684,1.5,473.0,550.0,651.23517,1.3510425,355.5678,592.9667,-58.268494,1.0481712,-0.30287135,547.58167,192.01385
1.5-473-550,0.213253012,0.426506024,0.9337895728803226,0.000839654004,1.5,473.0,550.0,961.6206,1.2601821,57.820618,878.44977,-83.17084,0.7785932,-0.48158896,151.13867,93.318054
1.5-473-550,0.2638554217,0.5277108434,0.9999999997775775,0.0008991897406,1.5,473.0,550.0,1216.6515,-5.322157e-09,42.378662,1336.567,119.91553,-0.6363105,-0.6363105,47.157776,4.779114
1.5-473-550,0.2228915662,0.4457831324,0.9999999997775775,0.0008991897406,1.5,473.0,550.0,1297.351,-5.322157e-09,39.923004,1304.6215,7.270508,-0.62859887,-0.62859887,27.976746,-11.946259
1.5-473-550,0.2734939759,0.5469879518,0.9965972946963587,0.0008961300631,1.5,473.0,550.0,1191.4686,0.099659495,43.43158,1330.5839,139.11523,-0.60895866,-0.70861816,51.86621,8.434631
1.5-473-550,0.221686747,0.443373494,0.8206166047262803,-0.0007378900321,1.5,473.0,550.0,611.17126,1.3827018,474.5826,567.14325,-44.028015,1.108211,-0.2744907,577.77966,103.19705
1.5-473-550,0.3457831326,0.6915662652,0.998978267368595,-0.0008982710093,1.5,473.0,550.0,1144.0537,0.036936935,45.65213,1215.1537,71.099976,-0.83846027,-0.8753972,47.66263,2.010498
1.5-473-550,0.4489795918,0.8979591836,0.9915009044774012,-0.0008915474413,1.5,473.0,550.0,664.2075,0.47824138,311.5945,622.98175,-41.22577,-0.32959062,-0.807832,380.145,68.550476
1.5-473-550,0.02653061223,0.05306122446,0.9844268823757469,0.0008851865532,1.5,473.0,550.0,473.00003,0.14823031,649.85333,456.61157,-16.388458,0.035464104,-0.112766206,654.3561,4.5027466
1.5-473-550,0.1722891566,0.3445783132,0.9872047710533666,-0.0008876844022,1.5,473.0,550.0,887.8853,0.31177473,65.319305,1050.8159,162.9306,-0.4973176,-0.80909234,-22.924957,-88.24426
1.5-473-550,0.234939759,0.469879518,0.9945113832197316,0.0008942544329,1.5,473.0,550.0,1247.2722,0.14018267,41.138092,1312.5558,65.28357,-0.57078296,-0.71096563,40.029755,-1.1083374
1.5-473-550,0.1674698795,0.334939759,0.9965972946963587,0.0008961300631,1.5,473.0,550.0,912.58746,0.088775925,62.469788,1072.0956,159.50812,-0.61443704,-0.703213,-36.174103,-98.64389
1.5-473-550,0.3987951807,0.7975903614,0.9985491867391199,-0.0008978851844,1.5,473.0,550.0,1089.6318,0.076271646,48.55072,934.0924,-155.53943,-1.0115782,-1.0878499,117.817825,69.267105
1.5-473-550,0.0755102041,0.1510204082,0.8902853187445975,0.000800535425,1.5,473.0,550.0,473.00003,0.7413546,649.85333,450.52115,-22.478882,0.7097814,-0.031573176,655.5,5.6466675
1.5-473-550,0.3891566266,0.7783132532,0.29146971579860803,-0.0002620865782,1.5,473.0,550.0,620.72186,2.07287,459.24695,607.1934,-13.528442,2.025598,-0.047271967,465.44684,6.19989
1.5-473-550,0.2409638554,0.4819277108,0.7098470004029654,0.0006382871403,1.5,473.0,550.0,574.9417,1.4238924,530.74286,544.63214,-30.30957,1.2409809,-0.18291152,605.2189,74.47601
1.5-473-550,0.1120481927,0.2240963854,0.29146971579860803,-0.0002620865782,1.5,473.0,550.0,473.5975,1.1166359,649.2897,477.87234,4.2748413,1.0883425,-0.028293371,636.9906,-12.299072
1.5-473-550,0.002040816309,0.004081632618,0.9931416465066502,0.0008930227797,1.5,473.0,550.0,473.00003,0.11716067,649.85333,455.0589,-17.941132,-0.020275122,-0.1374358,655.083,5.2296753
1.5-473-550,0.07346938777,0.14693877554,0.7098470004029654,-0.0006382871403,1.5,473.0,550.0,473.00003,0.9907417,649.85333,462.1554,-10.844635,0.9991328,0.008391082,631.13495,-18.718384
1.5-473-550,0.1530120482,0.3060240964,0.7892004020960466,-0.000709640905,1.5,473.0,550.0,513.1069,1.0019612,609.43524,482.5345,-30.572388,0.9904208,-0.011540413,642.01544,32.5802
1.5-473-550,0.4224489796,0.8448979592,0.2914697156873968,0.0002620865781,1.5,473.0,550.0,640.3365,2.2133095,418.45477,626.4562,-13.88031,2.1333327,-0.0799768,427.70325,9.248474
1.5-473-550,0.1746987951,0.3493975902,0.8206166047262803,-0.0007378900321,1.5,473.0,550.0,538.1774,1.0572574,581.48444,501.7257,-36.45172,0.9784027,-0.07885474,640.4167,58.93225
1.5-473-550,0.1879518072,0.3759036144,0.7525573838264147,-0.0006766918789,1.5,473.0,550.0,535.03357,1.1426215,585.0527,503.48804,-31.545532,1.0470293,-0.09559226,638.94727,53.894592
1.5-473-550,0.09795918369,0.19591836738,0.9985491868503311,0.0008978851845,1.5,473.0,550.0,473.00418,0.014056677,649.8494,576.81946,103.81528,-0.39020473,-0.4042614,359.29373,-290.5557
1.5-473-550,0.3397590362,0.6795180724,0.7525573838264147,0.0006766918789,1.5,473.0,550.0,652.89325,1.9073231,378.951,649.96924,-2.9240112,1.9986421,0.091318965,383.50555,4.5545654
1.5-473-550,0.126506024,0.253012048,0.09831793589120096,8.840647929e-05,1.5,473.0,550.0,477.254,1.1061068,645.8404,482.1624,4.9084167,1.1010545,-0.005052209,645.46344,-0.37695312
1.5-473-550,0.2156626506,0.4313253012,0.9872047710533666,-0.0008876844022,1.5,473.0,550.0,1240.8784,0.31391603,41.39151,1260.4956,19.617188,-0.49177963,-0.80569565,31.707245,-9.684265
1.5-473-550,0.2228915662,0.4457831324,0.9965972946963587,-0.0008961300631,1.5,473.0,550.0,1284.5193,0.08263891,39.923004,1298.2305,13.711182,-0.59487563,-0.67751455,30.389221,-9.533783
1.5-473-550,0.02857142855,0.0571428571,0.9998257452316341,-0.0008990330527,1.5,473.0,550.0,473.00003,0.0009225554,649.85333,465.99615,-7.0038757,-0.12693316,-0.12785572,636.90015,-12.953186
1.5-473-550,0.3481927711,0.6963855422,0.9993254186825348,0.0008985831642,1.5,473.0,550.0,1143.5634,0.023594433,45.67633,1207.7396,64.17627,-0.8534365,-0.87703097,47.558563,1.8822327
1.5-473-550,0.1373493975,0.274698795,0.6021818746711394,-0.0005414757638,1.5,473.0,550.0,489.63782,1.0374303,633.4966,478.09985,-11.537964,1.0582209,0.020790577,634.0121,0.5155029
1.5-473-550,0.1204819277,0.2409638554,0.9215172744995802,0.0008286188792,1.5,473.0,550.0,508.52002,0.77496713,614.3592,466.8042,-41.71582,0.6358557,-0.13911146,666.5444,52.18518
1.5-473-550,0.278313253,0.556626506,0.8902853187445975,0.000800535425,1.5,473.0,550.0,787.3076,1.6486908,83.63258,767.6184,-19.689209,1.5549791,-0.093711734,223.13995,139.50737
1.5-473-550,0.3361445784,0.6722891568,0.993141646395439,-0.0008930227796,1.5,473.0,550.0,1124.3486,0.2549252,46.646973,1235.0273,110.67871,-0.72102517,-0.97595036,51.226624,4.579651
1.5-473-550,0.1807228915,0.361445783,0.2914697156873968,0.0002620865781,1.5,473.0,550.0,501.7268,1.1631461,621.2625,493.18246,-8.544342,1.1020099,-0.061136246,642.4052,21.1427
1.5-473-550,0.1325301204,0.2650602408,0.8206166047262803,0.0007378900321,1.5,473.0,550.0,500.67365,0.9356822,622.32825,472.23468,-28.438965,0.94318193,0.0074997544,642.67413,20.345886
1.5-473-550,0.330120482,0.660240964,0.999825745120423,0.0008990330526,1.5,473.0,550.0,1161.0144,0.0035483188,44.81961,1260.1864,99.172,-0.78418905,-0.78773737,48.367798,3.5481873
1.5-473-550,0.4326530612,0.8653061224,0.998978267368595,0.0008982710093,1.5,473.0,550.0,679.2392,0.060921427,178.7426,702.6119,23.37268,-0.7205917,-0.78151315,290.8436,112.101
1.5-473-550,0.4163265306,0.8326530612,0.9965972946963587,0.0008961300631,1.5,473.0,550.0,731.1692,0.24285686,102.893936,790.5467,59.377502,-0.8638968,-1.1067536,213.08519,110.19125
1.5-473-550,0.1012048192,0.2024096384,0.9993254187937461,0.0008985831643,1.5,473.0,550.0,604.67267,0.012793714,483.83966,594.4571,-10.215576,-0.4277988,-0.44059253,307.93344,-175.90622
1.5-473-550,0.2662650602,0.5325301204,0.5396442233296441,-0.0004852425493,1.5,473.0,550.0,552.2493,1.4744127,564.231,540.79645,-11.452881,1.385587,-0.0888257,606.89813,42.667114
1.5-473-550,0.4489795918,0.8979591836,0.8902853187445975,0.000800535425,1.5,473.0,550.0,663.04047,1.447027,322.68286,650.23157,-12.808899,1.422302,-0.02472496,371.07123,48.388367
1.5-473-550,0.4673469388,0.9346938776,0.9973789934503665,-0.0008968329586,1.5,473.0,550.0,659.4849,0.1394726,353.64938,598.3939,-61.091003,-0.29352528,-0.43299788,410.2147,56.565308
1.5-473-550,0.3277108434,0.6554216868,0.9993254186825348,-0.0008985831642,1.5,473.0,550.0,1160.7218,0.021555895,44.832977,1265.1941,104.47229,-0.769152,-0.7907079,48.90271,4.0697327
1.5-473-550,0.2710843374,0.5421686748,0.9895407848051817,-0.0008897849218,1.5,473.0,550.0,1162.2236,0.30577505,44.764313,1321.301,159.0774,-0.52327377,-0.8290488,57.723907,12.959595
1.5-473-550,0.2012048193,0.4024096386,0.8705746216627653,0.0007828117684,1.5,473.0,550.0,613.6794,1.2305129,470.0232,565.30023,-48.37915,0.98964083,-0.24087203,585.9923,115.96912
1.5-473-550,0.1650602409,0.3301204818,0.03282169735804886,2.951293354e-05,1.5,473.0,550.0,493.15463,1.1321255,629.93756,490.5561,-2.5985413,1.1184323,-0.013693213,647.2217,17.284119
1.5-473-550,0.1457831325,0.291566265,0.9915009044774012,-0.0008915474413,1.5,473.0,550.0,757.3749,0.2961716,91.601715,855.4494,98.074524,-0.51906675,-0.81523836,-34.25351,-125.855225
1.5-473-550,0.3746987952,0.7493975904,0.9844268823757469,-0.0008851865532,1.5,473.0,550.0,1043.2906,0.6993688,51.392487,1046.7485,3.4578857,-0.7435077,-1.4428765,72.22861,20.83612
1.5-473-550,0.1,0.2,0.2279364714700268,-0.0002049581367,1.5,473.0,550.0,473.00003,1.1691684,649.85333,476.7245,3.7244568,1.09659,-0.07257831,638.9589,-10.894409
1.5-473-550,0.330120482,0.660240964,0.5396442233296441,0.0004852425493,1.5,473.0,550.0,606.3481,1.7650851,483.2378,589.9626,-16.385498,1.8169012,0.051816106,507.62653,24.388733
1.5-473-550,0.1313253012,0.2626506024,0.9811301448069191,0.0008822221606,1.5,473.0,550.0,618.9255,0.569445,462.441,654.4927,35.5672,-0.23075682,-0.80020183,185.57576,-276.86523
1.5-473-550,0.3060240964,0.6120481928,0.8705746216627653,-0.0007828117684,1.5,473.0,550.0,754.1275,1.7924623,94.296005,720.13794,-33.989563,1.8125687,0.020106316,238.98662,144.69061
1.5-473-550,0.1397590361,0.2795180722,0.9996041060258503,0.000898833757,1.5,473.0,550.0,793.4404,0.012526447,81.26973,866.81134,73.37091,-0.6245126,-0.63703907,-49.652252,-130.92198
1.5-473-550,0.4836734694,0.9673469388,0.7525573838264147,-0.0006766918789,1.5,473.0,550.0,657.4661,1.6704421,361.7993,646.022,-11.444153,1.7818276,0.111385465,355.86325,-5.936035
1.5-473-550,0.1951807229,0.3903614458,0.7098470004029654,-0.0006382871403,1.5,473.0,550.0,533.038,1.1930372,587.2718,504.66806,-28.369965,1.0747985,-0.11823869,638.9993,51.72754
1.5-473-550,0.3662650603,0.7325301206,0.9215172744995802,-0.0008286188792,1.5,473.0,550.0,854.26636,1.853512,69.9827,784.1353,-70.13104,1.858564,0.0050519705,139.388,69.405304
1.5-473-550,0.1325301204,0.2650602408,0.9993254186825348,0.0008985831642,1.5,473.0,550.0,761.2917,0.027058357,90.25212,801.4906,40.198914,-0.5993151,-0.62637347,-26.9068,-117.15892
1.5-473-550,0.4020408163,0.8040816326,0.9915009045886125,0.0008915474414,1.5,473.0,550.0,890.7485,0.52880466,65.29538,873.1232,-17.625244,-0.870436,-1.3992407,153.3999,88.10452
1.5-473-550,0.06734693879,0.13469387758,0.8206166047262803,-0.0007378900321,1.5,473.0,550.0,473.00003,0.87491417,649.85333,454.34256,-18.65747,0.8743252,-0.0005889535,641.0453,-8.808044
1.5-473-550,0.1518072289,0.3036144578,0.9215172744995802,0.0008286188792,1.5,473.0,550.0,551.46454,0.8839697,565.32477,496.92407,-54.540466,0.7037071,-0.18026263,648.77313,83.448364
1.5-473-550,0.4285714286,0.8571428572,0.8206166047262803,0.0007378900321,1.5,473.0,550.0,675.6347,1.9139631,206.97443,680.56256,4.9278564,1.9048433,-0.009119749,311.8855,104.91107
1.5-473-550,0.1638554216,0.3277108432,0.09831793590232207,-8.84064793e-05,1.5,473.0,550.0,492.86343,1.1293387,630.23224,489.76428,-3.0991516,1.1090193,-0.020319462,645.63477,15.402527
1.5-473-550,0.3036144579,0.6072289158,0.9985491866279087,-0.0008978851843,1.5,473.0,550.0,1173.6101,0.04573309,44.24356,1307.698,134.08789,-0.6847685,-0.7305016,51.708466,7.464905
1.5-473-550,0.4591836735,0.918367347,0.960723235489121,0.0008638724771,1.5,473.0,550.0,660.78906,1.1146421,344.0733,591.1572,-69.631836,0.43979296,-0.67484915,439.62244,95.54913
1.5-473-550,0.4204081632,0.8408163264,0.9985491866279087,0.0008978851843,1.5,473.0,550.0,712.5233,0.09872746,114.85156,772.38116,59.85785,-0.8636883,-0.96241575,227.8728,113.02124
1.5-473-550,0.3361445784,0.6722891568,0.9915009044774012,-0.0008915474413,1.5,473.0,550.0,1116.3074,0.31612456,47.07666,1232.3746,116.06726,-0.6974867,-1.0136113,52.169098,5.0924377
1.5-473-550,0.3674698796,0.7349397592,0.9726063657286781,-0.0008745576659,1.5,473.0,550.0,991.5232,1.1036887,55.153473,1045.869,54.345825,-0.42332655,-1.5270152,75.807816,20.654343
1.5-473-550,0.4428571429,0.8857142858,0.9531521908128958,-0.0008570646714,1.5,473.0,550.0,666.891,1.214048,286.09836,610.7652,-56.125793,0.612436,-0.60161203,419.4989,133.40054
1.5-473-550,0.4510204082,0.9020408164,0.9726063657286781,0.0008745576659,1.5,473.0,550.0,663.2022,0.99335295,321.14548,598.4599,-64.74231,0.1612668,-0.83208615,421.58847,100.44299
1.5-473-550,0.3771084338,0.7542168676,0.09831793590232207,-8.84064793e-05,1.5,473.0,550.0,604.1531,1.9524971,486.7997,586.41486,-17.73822,1.9444755,-0.008021593,498.79767,11.997955
1.5-473-550,0.4877551021,0.9755102042,0.9895407848051817,0.0008897849218,1.5,473.0,550.0,657.67993,0.54754275,360.936,570.4212,-87.25873,-0.020380503,-0.56792325,449.83383,88.89783
1.5-473-550,0.4612244898,0.9224489796,0.999825745120423,0.0008990330526,1.5,473.0,550.0,660.55536,0.005321259,346.2934,612.58777,-47.96759,-0.40120608,-0.40652734,391.2443,44.950897
1.5-473-550,0.308433735,0.61686747,0.7525573838264147,0.0006766918789,1.5,473.0,550.0,643.0887,1.7594472,410.28378,622.9446,-20.144104,1.7927674,0.03332019,446.0983,35.814514
1.5-473-550,0.330120482,0.660240964,0.5396442233296441,-0.0004852425493,1.5,473.0,550.0,606.348,1.7650852,483.2378,589.9626,-16.385437,1.8169012,0.051815987,507.62653,24.388733
1.5-473-550,0.1650602409,0.3301204818,0.9996041060258503,0.000898833757,1.5,473.0,550.0,924.06665,0.008462662,61.224823,1071.8055,147.73889,-0.64721495,-0.6556776,-41.007477,-102.2323
1.5-473-550,0.3325301205,0.665060241,0.6600967573005477,0.0005935522321,1.5,473.0,550.0,630.7385,1.8280987,439.34537,613.80505,-16.933472,1.8948249,0.06672621,460.2624,20.917023
1.5-473-550,0.1325301204,0.2650602408,0.9993254186825348,-0.0008985831642,1.5,473.0,550.0,761.29175,0.027058357,90.25212,801.4906,40.198853,-0.5993151,-0.62637347,-26.9068,-117.15892
1.5-473-550,0.3939759037,0.7879518074,0.22784103821928303,0.0002048723241,1.5,473.0,550.0,621.3068,2.1064079,458.2092,605.24725,-16.05957,2.0345871,-0.071820736,466.83072,8.621521
1.5-473-550,0.1313253012,0.2626506024,0.4163512323516047,-0.0003743787567,1.5,473.0,550.0,481.94006,1.072179,641.2867,479.8386,-2.101471,1.076748,0.0045690536,635.0759,-6.2107544
1.5-473-550,0.03469387754,0.06938775508,0.7892004020960466,-0.000709640905,1.5,473.0,550.0,473.00003,0.8912885,649.85333,452.52252,-20.477509,0.8866234,-0.0046651363,639.5145,-10.338806
1.5-473-550,0.02653061223,0.05306122446,0.7892004020960466,-0.000709640905,1.5,473.0,550.0,473.00003,0.8915658,649.85333,451.6723,-21.327728,0.8777414,-0.013824403,640.42816,-9.425171
1.5-473-550,0.1108433734,0.2216867468,0.9872047710533666,0.0008876844022,1.5,473.0,550.0,592.9412,0.33954638,503.5482,580.32104,-12.620178,-0.23830992,-0.5778563,369.54626,-134.00192
1.5-473-550,0.2915662651,0.5831325302,0.9980223152919674,0.000897411427,1.5,473.0,550.0,1181.2078,0.060829695,43.896088,1320.8357,139.62793,-0.6518926,-0.7127223,52.296844,8.400757
1.5-473-550,0.4285714286,0.8571428572,0.9531521909241071,0.0008570646715,1.5,473.0,550.0,685.90924,1.3428301,152.32137,629.4624,-56.44684,0.63971347,-0.7031166,393.9891,241.66774
1.5-473-550,0.3638554217,0.7277108434,0.9071317792997667,0.0008156835895,1.5,473.0,550.0,830.26294,1.9243292,73.98573,765.17505,-65.08789,2.0042646,0.07993543,148.31886,74.33313
1.5-473-550,0.3722891567,0.7445783134,0.5396442233296441,-0.0004852425493,1.5,473.0,550.0,630.5654,2.008937,439.9381,622.3884,-8.177002,2.0238335,0.014896631,440.62344,0.68533325
1.5-473-550,0.3409638555,0.681927711,0.999825745120423,-0.0008990330526,1.5,473.0,550.0,1151.9403,0.0037179536,45.263367,1231.3113,79.37097,-0.82791823,-0.8316362,47.430573,2.1672058
1.5-473-550,0.2614457831,0.5228915662,0.7098470004029654,0.0006382871403,1.5,473.0,550.0,599.65106,1.523474,493.2008,563.67615,-35.974915,1.3875914,-0.13588262,575.4261,82.22528
1.5-473-550,0.4510204082,0.9020408164,0.9811301446957078,0.0008822221605,1.5,473.0,550.0,663.28613,0.8331391,320.34875,604.10864,-59.17749,-0.049787287,-0.8829264,408.84213,88.49338
1.5-473-550,0.1373493975,0.274698795,0.8206166047262803,-0.0007378900321,1.5,473.0,550.0,504.6295,0.94665885,618.32495,474.58456,-30.044922,0.9471081,0.0004492402,643.0566,24.731628
1.5-473-550,0.3469879518,0.6939759036,0.8206166047262803,0.0007378900321,1.5,473.0,550.0,691.19696,1.9895276,166.7218,690.58704,-0.6099243,2.087444,0.097916484,290.3759,123.65408
1.5-473-550,0.3373493976,0.6746987952,0.9215172744995802,0.0008286188792,1.5,473.0,550.0,862.69574,1.7125366,68.80856,849.9562,-12.739563,1.7258365,0.013299942,95.59422,26.78566
1.5-473-550,0.2963855422,0.5927710844,0.960723235489121,-0.0008638724771,1.5,473.0,550.0,996.3704,1.1218228,54.78003,1234.9581,238.5877,-0.011622315,-1.1334451,88.74657,33.966537
1.5-473-550,0.1192771084,0.2385542168,0.7892004020960466,0.000709640905,1.5,473.0,550.0,487.32758,0.9308642,635.83453,468.06433,-19.263245,0.9673737,0.036509514,638.39575,2.5612183
1.5-473-550,0.3277108434,0.6554216868,0.8902853188558087,-0.0008005354251,1.5,473.0,550.0,802.3729,1.8228176,79.61784,756.438,-45.934937,1.9438788,0.121061206,161.20934,81.59149
1.5-473-550,0.1506024096,0.3012048192,0.9965972946963587,-0.0008961300631,1.5,473.0,550.0,819.9911,0.10954397,75.79108,939.17053,119.17944,-0.6046254,-0.7141694,-51.2005,-126.99158
1.5-473-550,0.1228915662,0.2457831324,0.9945113832197316,0.0008942544329,1.5,473.0,550.0,680.31,0.2894746,173.99908,689.95624,9.64624,-0.47072524,-0.76019984,92.39621,-81.602875
1.5-473-550,0.02857142855,0.0571428571,0.9811301446957078,0.0008822221605,1.5,473.0,550.0,473.00003,0.18063873,649.85333,455.66992,-17.330109,0.06541573,-0.115223,656.0926,6.239258
1.5-473-550,0.3855421687,0.7710843374,0.16340484119544796,0.0001469319568,1.5,473.0,550.0,612.83966,2.0245008,472.81815,595.5523,-17.287354,1.9906539,-0.033846974,483.36987,10.551727
1.5-473-550,0.3445783133,0.6891566266,0.4163512323516047,-0.0003743787567,1.5,473.0,550.0,597.2047,1.7965806,497.30045,587.26245,-9.942261,1.8485634,0.05198288,509.5483,12.247864
1.5-473-550,0.4204081632,0.8408163264,0.9531521908128958,-0.0008570646714,1.5,473.0,550.0,709.05304,1.5250795,117.815125,643.78284,-65.2702,0.65525013,-0.86982936,374.295,256.4799
1.5-473-550,0.156626506,0.313253012,0.999825745120423,0.0008990330526,1.5,473.0,550.0,874.7167,0.0029157943,67.07117,1010.93787,136.22119,-0.6486352,-0.651551,-51.222137,-118.293304
1.5-473-550,0.08571428574,0.17142857148,0.9844268823757469,0.0008851865532,1.5,473.0,550.0,473.00003,0.16083753,649.85333,498.85706,25.857025,-0.06844289,-0.22928041,586.40594,-63.447388
1.5-473-550,0.2048192771,0.4096385542,0.9945113832197316,0.0008942544329,1.5,473.0,550.0,1221.643,0.13720757,42.159454,1249.0818,27.438843,-0.5793144,-0.716522,15.250794,-26.90866
1.5-473-550,0.4530612245,0.906122449,0.9945113832197316,0.0008942544329,1.5,473.0,550.0,662.6865,0.3060652,326.04535,619.7191,-42.967407,-0.36147553,-0.6675407,383.50412,57.45877
1.5-473-550,0.4959183674,0.9918367348,0.9726063657286781,0.0008745576659,1.5,473.0,550.0,657.43665,0.984051,361.91824,563.0225,-94.41412,0.26596904,-0.71808195,465.5539,103.63565
1.5-473-550,0.104819277,0.209638554,0.9973789934503665,-0.0008968329586,1.5,473.0,550.0,639.8553,0.07772898,419.0211,602.0076,-37.847656,-0.41348022,-0.4912092,289.80576,-129.21533
1.5-473-550,0.2686746988,0.5373493976,0.5396442233296441,0.0004852425493,1.5,473.0,550.0,554.4502,1.4837674,561.4356,542.5024,-11.947815,1.4014777,-0.082289696,604.11804,42.682434
1.5-473-550,0.3662650603,0.7325301206,0.9993254186825348,-0.0008985831642,1.5,473.0,550.0,1126.6298,0.025894755,46.525085,1135.5621,8.932373,-0.93716544,-0.9630602,52.36017,5.835083
1.5-473-550,0.2590361446,0.5180722892,0.960723235489121,-0.0008638724771,1.5,473.0,550.0,1032.4576,1.0076636,52.1362,1246.0197,213.56201,-0.041882817,-1.0495465,88.2455,36.1093
1.5-473-550,0.1807228915,0.361445783,0.8902853188558087,-0.0008005354251,1.5,473.0,550.0,579.69696,1.0450763,523.88196,531.07965,-48.61731,0.8924673,-0.15260893,621.7372,97.855225
1.5-473-550,0.1614457831,0.3228915662,0.9973789933391554,0.0008968329585,1.5,473.0,550.0,885.28876,0.071916275,65.666626,1032.8373,147.54852,-0.62260383,-0.6945201,-44.309937,-109.97656
1.5-473-550,0.4795918368,0.9591836736,0.8902853188558087,-0.0008005354251,1.5,473.0,550.0,657.92413,1.442055,359.95032,618.1113,-39.812805,1.221642,-0.22041297,413.52573,53.57541
1.5-473-550,0.3144578314,0.6289156628,0.9973789933391554,0.0008968329585,1.5,473.0,550.0,1162.0078,0.08773767,44.7742,1289.5016,127.493774,-0.700916,-0.7886537,51.61917,6.8449707
1.5-473-550,0.4551020408,0.9102040816,0.9956514833048237,-0.0008952795992,1.5,473.0,550.0,662.0555,0.23965001,332.04086,617.4964,-44.559082,-0.36772937,-0.6073794,386.0333,53.99243
1.5-473-550,0.06938775512,0.13877551024,0.9726063657286781,-0.0008745576659,1.5,473.0,550.0,473.00003,0.28828502,649.85333,466.58966,-6.41037,0.12192052,-0.16636449,649.61096,-0.2423706
1.5-473-550,0.234939759,0.469879518,0.6021818746711394,0.0005414757638,1.5,473.0,550.0,538.90607,1.3701384,580.5907,523.95856,-14.94751,1.2118524,-0.15828598,628.9785,48.387817
1.5-473-550,0.2855421687,0.5710843374,0.9996041060258503,0.000898833757,1.5,473.0,550.0,1193.1138,0.009945149,43.361664,1327.7297,134.61597,-0.6585856,-0.66853076,50.819183,7.4575195
1.5-473-550,0.3722891567,0.7445783134,0.9996041060258503,0.000898833757,1.5,473.0,550.0,1122.7058,0.014306242,46.73477,1106.6382,-16.067627,-0.9677145,-0.98202074,56.761932,10.027161
1.5-473-550,0.04081632652,0.08163265304,0.8902853187445975,0.000800535425,1.5,473.0,550.0,473.00003,0.71932435,649.85333,446.29764,-26.702393,0.6555594,-0.06376493,655.41693,5.5635986
1.5-473-550,0.1253012048,0.2506024096,0.9993254186825348,0.0008985831642,1.5,473.0,550.0,732.3127,0.031672772,102.13127,742.13324,9.820557,-0.57017916,-0.60185194,17.272064,-84.85921
1.5-473-550,0.2987951807,0.5975903614,0.9973789933391554,0.0008968329585,1.5,473.0,550.0,1172.0398,0.08366691,44.3154,1312.4128,140.37305,-0.6595698,-0.7432367,52.749878,8.434479
1.5-473-550,0.4836734694,0.9673469388,0.9772248215579286,-0.000878710534,1.5,473.0,550.0,657.8522,0.90444773,360.24084,570.63806,-87.21411,0.17338097,-0.73106676,455.4496,95.20874
1.5-473-550,0.1807228915,0.361445783,0.9996041061370615,-0.0008988337571,1.5,473.0,550.0,1016.6885,0.007887417,53.236908,1166.3019,149.6134,-0.64208525,-0.6499727,-18.41864,-71.65555
1.5-473-550,0.0897959184,0.1795918368,0.29146971579860803,-0.0002620865782,1.5,473.0,550.0,473.00003,1.1627072,649.85333,474.54373,1.5437012,1.0951116,-0.0675956,635.88605,-13.967285
1.5-473-550,0.3253012049,0.6506024098,0.09831793589120096,8.840647929e-05,1.5,473.0,550.0,552.25323,1.6309997,564.4796,556.0876,3.8343506,1.6692934,0.03829372,562.3265,-2.1531372
1.5-473-550,0.2373493976,0.4746987952,0.9071317792997667,-0.0008156835895,1.5,473.0,550.0,831.00543,1.4710436,74.39041,777.7379,-53.267517,1.2466178,-0.2244258,252.00471,177.6143
1.5-473-550,0.1951807229,0.3903614458,0.7525573838264147,0.0006766918789,1.5,473.0,550.0,540.8601,1.1871442,578.34,509.69635,-31.163757,1.0580466,-0.12909758,636.1576,57.817566
1.5-473-550,0.2469879518,0.4939759036,0.9531521909241071,-0.0008570646715,1.5,473.0,550.0,1013.88135,1.1065027,53.483826,1196.5972,182.71582,0.13184404,-0.9746586,94.31612,40.83229
1.5-473-550,0.3722891567,0.7445783134,0.9215172744995802,-0.0008286188792,1.5,473.0,550.0,852.93976,1.8901188,70.166565,771.3991,-81.54065,1.8316978,-0.058421016,159.96387,89.7973
1.5-473-550,0.4530612245,0.906122449,0.9872047710533666,0.0008876844022,1.5,473.0,550.0,662.6279,0.6532444,326.6022,607.8988,-54.729126,-0.18435937,-0.83760375,401.10022,74.49802
1.5-473-550,0.4979591837,0.9959183674,0.9772248216691397,-0.0008787105341,1.5,473.0,550.0,657.3965,0.9050095,362.0805,561.51135,-95.88513,0.20204186,-0.70296764,465.2869,103.20639
1.5-473-550,0.3156626506,0.6313253012,0.9772248215579286,-0.000878710534,1.5,473.0,550.0,1061.0903,0.76255214,50.259247,1254.2191,193.12878,-0.39247423,-1.1550264,67.56326,17.304016
1.5-473-550,0.2325301205,0.465060241,0.9772248215579286,0.000878710534,1.5,473.0,550.0,1178.261,0.55723494,44.03131,1269.8252,91.56421,-0.3510962,-0.90833116,55.119385,11.088074
1.5-473-550,0.278313253,0.556626506,0.8206166047262803,-0.0007378900321,1.5,473.0,550.0,658.1188,1.6588143,344.72998,640.2435,-17.875244,1.5639044,-0.09490991,424.19165,79.46167
1.5-473-550,0.2927710844,0.5855421688,0.2914697156873968,0.0002620865781,1.5,473.0,550.0,540.07623,1.5238659,579.3255,544.30273,4.2265015,1.5009738,-0.022892118,592.13306,12.807556
1.5-473-550,0.1012048192,0.2024096384,0.9607232356003321,-0.0008638724772,1.5,473.0,550.0,482.60315,0.46090388,640.5612,480.5469,-2.056244,0.25150657,-0.20939732,644.34247,3.78125
1.5-473-550,0.1,0.2,0.6024354123725341,-0.0005417037423,1.5,473.0,550.0,473.0005,1.0565512,649.8529,470.45654,-2.5439453,1.0527939,-0.0037573576,629.35297,-20.499939
1.5-473-550,0.3337349398,0.6674698796,0.7525573838264147,0.0006766918789,1.5,473.0,550.0,651.12305,1.8767091,385.0271,644.9744,-6.1486206,1.9654979,0.08878875,394.31378,9.286682
1.5-473-550,0.4918367347,0.9836734694,0.7525573838264147,0.0006766918789,1.5,473.0,550.0,657.3347,1.6728204,362.32977,640.6835,-16.651245,1.7420367,0.06921625,361.5296,-0.8001709
1.5-473-550,0.321686747,0.643373494,0.9956514833048237,-0.0008952795992,1.5,473.0,550.0,1148.3348,0.15152413,45.4411,1273.5106,125.17578,-0.70217603,-0.85370016,51.827667,6.386566
1.5-473-550,0.1036144578,0.2072289156,0.29146971579860803,-0.0002620865782,1.5,473.0,550.0,473.00287,1.1438928,649.85065,476.5538,3.5509338,1.090632,-0.053260803,636.4622,-13.388428
1.5-473-550,0.2108433735,0.421686747,0.2914697156873968,0.0002620865781,1.5,473.0,550.0,512.4941,1.2921205,610.1166,503.67944,-8.814636,1.1474855,-0.14463496,640.55176,30.43518
1.5-473-550,0.1337349397,0.2674698794,0.09831793589120096,8.840647929e-05,1.5,473.0,550.0,480.15897,1.1015321,643.0857,483.43124,3.2722778,1.1007416,-0.0007904768,645.58246,2.4967651
1.5-473-550,0.3530120482,0.7060240964,0.22784103833049427,-0.0002048723242,1.5,473.0,550.0,586.8103,1.8017874,512.0363,579.025,-7.7852783,1.8422316,0.040444255,520.0987,8.062378
1.5-473-550,0.4755102041,0.9510204082,0.47796385156444166,-0.0004297801918,1.5,473.0,550.0,656.6428,1.8691444,365.12292,654.0291,-2.6137085,2.1372466,0.26810217,369.73596,4.613037
1.5-473-550,0.1759036144,0.3518072288,0.9671530515086588,-0.0008696541017,1.5,473.0,550.0,771.6962,0.7162161,87.76962,916.3247,144.62848,-0.11313004,-0.8293461,20.543213,-67.22641
1.5-473-550,0.1313253012,0.2626506024,0.09831793590232207,-8.84064793e-05,1.5,473.0,550.0,479.1643,1.1023675,644.0383,482.9989,3.8345947,1.100765,-0.0016025305,645.54364,1.50531
1.5-473-550,0.134939759,0.269879518,0.7525573838264147,0.0006766918789,1.5,473.0,550.0,496.08072,0.980458,626.9763,474.35757,-21.723145,1.0061954,0.025737405,637.8689,10.892578
1.5-473-550,0.1313253012,0.2626506024,0.03282169735804886,2.951293354e-05,1.5,473.0,550.0,479.0369,1.1038537,644.15857,483.63498,4.5980835,1.1078618,0.0040080547,648.2392,4.0806274
1.5-473-550,0.2722891566,0.5445783132,0.9985491866279087,0.0008978851843,1.5,473.0,550.0,1201.4028,0.040915545,43.0094,1333.4078,132.005,-0.62895566,-0.6698712,50.07251,7.0631104
1.5-473-550,0.4612244898,0.9224489796,0.09831793590232207,-8.84064793e-05,1.5,473.0,550.0,650.4259,2.038664,390.0893,627.58936,-22.836548,2.2181318,0.17946768,412.9722,22.882904
1.5-473-550,0.2975903615,0.595180723,0.8902853188558087,-0.0008005354251,1.5,473.0,550.0,793.4696,1.7211792,81.87689,769.00714,-24.462463,1.6994231,-0.021756172,190.5988,108.72191
1.5-473-550,0.2228915662,0.4457831324,0.8705746216627653,0.0007828117684,1.5,473.0,550.0,685.7287,1.444674,225.28427,621.3452,-64.383484,1.1230781,-0.3215959,501.5593,276.27502
1.5-473-550,0.006122448946,0.012244897892,0.9931416465066502,-0.0008930227797,1.5,473.0,550.0,473.00003,0.06499713,649.85333,455.80075,-17.19928,-0.024756974,-0.089754105,654.0038,4.1504517
1.5-473-550,0.06326530613,0.12653061226,0.9973789933391554,0.0008968329585,1.5,473.0,550.0,473.00003,0.026315862,649.85333,489.50003,16.5,-0.19071132,-0.21702719,592.56024,-57.29309
1.5-473-550,0.3168674699,0.6337349398,0.7525573838264147,0.0006766918789,1.5,473.0,550.0,646.05945,1.7966738,402.36133,630.4365,-15.622925,1.8557875,0.05911374,427.86276,25.501434
1.5-473-550,0.104819277,0.209638554,0.9872047710533666,-0.0008876844022,1.5,473.0,550.0,575.1715,0.2769006,530.8329,555.9971,-19.174438,-0.20168501,-0.4785856,438.52554,-92.30734
1.5-473-550,0.4306122449,0.8612244898,0.7098470004029654,-0.0006382871403,1.5,473.0,550.0,664.7396,2.0606883,306.5385,671.6946,6.954956,2.0734916,0.012803316,337.03192,30.493408
1.5-473-550,0.2060240963,0.4120481926,0.998978267368595,0.0008982710093,1.5,473.0,550.0,1252.4088,0.023556465,40.94696,1264.2179,11.809082,-0.6243984,-0.6479549,13.755677,-27.191284
1.5-473-550,0.06326530613,0.12653061226,0.9973789934503665,-0.0008968329586,1.5,473.0,550.0,473.00003,0.026315862,649.85333,489.50003,16.5,-0.19071132,-0.21702719,592.56024,-57.29309
1.5-473-550,0.2554216867,0.5108433734,0.6021818746711394,0.0005414757638,1.5,473.0,550.0,555.99567,1.4506309,559.44867,538.93164,-17.064026,1.3272711,-0.1233598,611.782,52.333313
1.5-473-550,0.2963855422,0.5927710844,0.9895407848051817,-0.0008897849218,1.5,473.0,550.0,1137.4999,0.33637893,45.97528,1304.7502,167.25037,-0.5554742,-0.89185315,59.163116,13.187836
1.5-473-550,0.4959183674,0.9918367348,0.9999999997775775,-0.0008991897406,1.5,473.0,550.0,657.4491,-5.322157e-09,361.86813,568.8617,-88.5874,-0.15372044,-0.15372044,447.26648,85.398346
1.5-473-550,0.3626506025,0.725301205,0.9726063657286781,-0.0008745576659,1.5,473.0,550.0,995.45447,1.0803343,54.842773,1075.8925,80.43799,-0.41102523,-1.4913595,69.674805,14.832031
1.5-473-550,0.3228915663,0.6457831326,0.9998257452316341,-0.0008990330527,1.5,473.0,550.0,1166.6674,0.0034484214,44.561096,1276.3511,109.683716,-0.75782126,-0.7612697,49.178436,4.61734
1.5-473-550,0.4204081632,0.8408163264,0.03282169735804886,2.951293354e-05,1.5,473.0,550.0,634.65753,2.197597,431.3936,605.89813,-28.7594,2.1157737,-0.08182335,453.83026,22.436676
1.5-473-550,0.06938775512,0.13877551024,0.7525573838264147,0.0006766918789,1.5,473.0,550.0,473.00003,0.9534719,649.85333,459.26285,-13.737183,0.9628439,0.009371996,633.7544,-16.098938
1.5-473-550,0.2469879518,0.4939759036,0.09831793589120096,8.840647929e-05,1.5,473.0,550.0,518.70874,1.3870858,603.2059,517.7701,-0.93865967,1.2764508,-0.11063504,627.9897,24.783813
1.5-473-550,0.5,1.0,0.953181878206767,-0.000857091366,1.5,473.0,550.0,657.36206,1.1962225,362.21942,566.0452,-91.31683,0.5231255,-0.673097,467.96326,105.743835
1.5-473-550,0.4857142857,0.9714285714,0.47796385156444166,-0.0004297801918,1.5,473.0,550.0,656.95514,1.8661822,363.86212,653.02405,-3.9310913,2.121655,0.25547278,367.51062,3.6484985
1.5-473-550,0.1337349397,0.2674698794,0.9998257452316341,-0.0008990330527,1.5,473.0,550.0,770.2078,0.0043004104,87.44441,815.777,45.569153,-0.61088306,-0.6151835,-34.327637,-121.77205
1.5-473-550,0.4428571429,0.8857142858,0.9726063657286781,0.0008745576659,1.5,473.0,550.0,667.2074,1.0260031,283.09265,609.1998,-58.00757,0.121697836,-0.9043053,406.49518,123.40253
1.5-473-550,0.1361445783,0.2722891566,0.9980223152919674,0.000897411427,1.5,473.0,550.0,766.1406,0.08023887,88.68857,822.4963,56.35565,-0.59164387,-0.67188275,-34.639465,-123.32803
1.5-473-550,0.3674698796,0.7349397592,0.8902853188558087,-0.0008005354251,1.5,473.0,550.0,804.5284,2.0148509,79.03204,745.10114,-59.427246,2.072728,0.057877064,178.92976,99.89772
1.5-473-550,0.2060240963,0.4120481926,0.8902853188558087,0.0008005354251,1.5,473.0,550.0,685.78864,1.3208829,227.21417,603.91766,-81.87097,1.0196913,-0.30119157,525.42914,298.21497
1.5-473-550,0.01836734691,0.03673469382,0.9965972946963587,0.0008961300631,1.5,473.0,550.0,473.00003,0.030973488,649.85333,460.31903,-12.681,-0.074228294,-0.10520178,646.88324,-2.9700928
1.5-473-550,0.2903614458,0.5807228916,0.993141646395439,-0.0008930227796,1.5,473.0,550.0,1159.9329,0.21586841,44.870087,1315.788,155.8551,-0.59166163,-0.80753005,56.187897,11.31781
1.5-473-550,0.1674698795,0.334939759,0.9945113832197316,0.0008942544329,1.5,473.0,550.0,899.20056,0.14388472,63.991882,1060.2239,161.02332,-0.59040457,-0.7342893,-34.913605,-98.90549
1.5-473-550,0.05918367348,0.11836734696,0.993141646395439,-0.0008930227796,1.5,473.0,550.0,473.00003,0.07037925,649.85333,479.48718,6.487152,-0.11934454,-0.18972379,616.1965,-33.65686
1.5-473-550,0.1228915662,0.2457831324,0.22784103833049427,-0.0002048723242,1.5,473.0,550.0,476.43744,1.1018981,646.6107,480.32507,3.8876343,1.0906209,-0.011277199,640.1407,-6.4700317
1.5-473-550,0.156626506,0.313253012,0.9531521909241071,0.0008570646715,1.5,473.0,550.0,601.65686,0.8273875,490.34518,614.1893,12.53241,0.364447,-0.4629405,360.53372,-129.81146
1.5-473-550,0.4326530612,0.8653061224,0.9996041060258503,0.000898833757,1.5,473.0,550.0,679.2393,0.020437116,178.74184,705.20105,25.961731,-0.73598844,-0.75642556,288.28772,109.54588
1.5-473-550,0.4469387755,0.893877551,0.8705746216627653,-0.0007828117684,1.5,473.0,550.0,663.5405,1.5000414,317.93164,658.7714,-4.769104,1.5691268,0.06908548,351.89496,33.963318
1.5-473-550,0.1445783132,0.2891566264,0.3542741437603377,0.0003185596755,1.5,473.0,550.0,487.11282,1.0876936,636.0519,483.3107,-3.802124,1.081029,-0.0066645145,638.2706,2.21875
1.5-473-550,0.4836734694,0.9673469388,0.9996041060258503,0.000898833757,1.5,473.0,550.0,657.8789,0.017330522,360.13287,580.1381,-77.74078,-0.21712941,-0.23445994,433.28464,73.151764
1.5-473-550,0.4979591837,0.9959183674,0.6600967573005477,0.0005935522321,1.5,473.0,550.0,657.22876,1.7584302,362.7575,645.3345,-11.894287,1.8995975,0.14116728,358.1946,-4.5628967
1.5-473-550,0.1819277108,0.3638554216,0.9811301448069191,0.0008822221606,1.5,473.0,550.0,922.7988,0.42765465,61.401398,1081.8203,159.02148,-0.41139752,-0.8390522,-4.2806387,-65.68204
1.5-473-550,0.1542168674,0.3084337348,0.9872047710533666,0.0008876844022,1.5,473.0,550.0,767.69714,0.38726705,88.196396,896.843,129.14587,-0.47122484,-0.8584919,-32.316345,-120.51274
1.5-473-550,0.2554216867,0.5108433734,0.9895407848051817,0.0008897849218,1.5,473.0,550.0,1178.415,0.29203767,44.023804,1320.1067,141.69165,-0.5154951,-0.8075328,53.772186,9.748383
1.5-473-550,0.265060241,0.530120482,0.22784103833049427,-0.0002048723242,1.5,473.0,550.0,524.93677,1.4340024,596.28033,527.54254,2.605774,1.344995,-0.08900738,617.7646,21.484253
1.5-473-550,0.09387755105,0.1877551021,0.9945113832197316,0.0008942544329,1.5,473.0,550.0,473.00003,0.05601501,649.85333,545.8822,72.88217,-0.28417474,-0.34018975,453.71432,-196.139
1.5-473-550,0.4346938775,0.869387755,0.7525573838264147,-0.0006766918789,1.5,473.0,550.0,665.9108,1.8678396,295.41116,673.92395,8.013123,2.0112305,0.1433909,327.187,31.775848
1.5-473-550,0.3879518073,0.7759036146,0.8902853188558087,-0.0008005354251,1.5,473.0,550.0,804.46313,2.1724577,79.00093,726.7583,-77.704834,1.9497098,-0.22274792,225.61647,146.61554
1.5-473-550,0.2879518072,0.5759036144,0.9980223152919674,0.000897411427,1.5,473.0,550.0,1184.1512,0.06012618,43.761505,1324.0065,139.85522,-0.6452413,-0.7053675,52.174347,8.412842
1.5-473-550,0.3855421687,0.7710843374,0.9442484491033019,-0.0008490585182,1.5,473.0,550.0,890.6948,1.7841676,65.0361,760.5775,-130.11731,1.1568922,-0.62727547,229.0269,163.9908
1.5-473-550,0.3325301205,0.665060241,0.9772248215579286,0.000878710534,1.5,473.0,550.0,1046.6886,0.8121572,51.18222,1214.5186,167.82996,-0.43221825,-1.2443755,63.05304,11.870819
1.5-473-550,0.2831325301,0.5662650602,0.8705746216627653,-0.0007828117684,1.5,473.0,550.0,736.968,1.7002664,103.45439,714.40753,-22.560486,1.6178861,-0.082380295,282.89853,179.44414
1.5-473-550,0.1216867469,0.2433734938,0.9531521909241071,0.0008570646715,1.5,473.0,550.0,528.67163,0.6869829,592.1272,496.13977,-32.53186,0.35573804,-0.3312449,631.71063,39.583435
1.5-473-550,0.330120482,0.660240964,0.9945113832197316,-0.0008942544329,1.5,473.0,550.0,1136.2092,0.19837248,46.03888,1252.9012,116.69202,-0.71679956,-0.91517204,51.293762,5.254883
1.5-473-550,0.1722891566,0.3445783132,0.16340484097302546,-0.0001469319566,1.5,473.0,550.0,496.69873,1.1445134,626.35095,491.4709,-5.227844,1.1072056,-0.03730774,644.12805,17.7771
1.5-473-550,0.4163265306,0.8326530612,0.6021818746711394,0.0005414757638,1.5,473.0,550.0,654.3473,2.2913191,374.3899,656.37994,2.0326538,2.1301024,-0.16121674,374.17642,-0.21347046
1.5-473-550,0.3156626506,0.6313253012,0.8705746216627653,0.0007828117684,1.5,473.0,550.0,758.76953,1.8246737,92.31711,721.1528,-37.61676,1.8930517,0.06837809,225.29489,132.97778
1.5-473-550,0.02040816324,0.04081632648,0.9996041060258503,0.000898833757,1.5,473.0,550.0,473.00003,0.002952153,649.85333,462.6534,-10.346619,-0.1083724,-0.11132455,642.5702,-7.283142
1.5-473-550,0.004081632618,0.008163265236,0.9895407848051817,-0.0008897849218,1.5,473.0,550.0,473.00003,0.11567526,649.85333,454.10904,-18.890991,0.00935846,-0.106316805,656.59595,6.7426147
1.5-473-550,0.3024096386,0.6048192772,0.22784103833049427,-0.0002048723242,1.5,473.0,550.0,541.55536,1.5508481,577.62537,547.61804,6.062683,1.549421,-0.0014271736,583.86676,6.241394
1.5-473-550,0.4265306122,0.8530612244,0.9772248215579286,0.000878710534,1.5,473.0,550.0,692.0476,1.0801754,138.44194,652.5956,-39.452026,-0.15271407,-1.2328894,347.8748,209.43285
1.5-473-550,0.1819277108,0.3638554216,0.7525573838264147,-0.0006766918789,1.5,473.0,550.0,530.2324,1.1116151,590.3916,498.7951,-31.437317,1.0395932,-0.07202184,640.4104,50.0188
1.5-473-550,0.3698795181,0.7397590362,0.960723235489121,-0.0008638724771,1.5,473.0,550.0,944.25635,1.4132669,59.228027,960.179,15.922668,0.09771597,-1.3155509,108.18913,48.961105
1.5-473-550,0.2048192771,0.4096385542,0.8705746216627653,-0.0007828117684,1.5,473.0,550.0,626.7879,1.2737275,444.40723,574.29156,-52.496338,1.007161,-0.26656651,574.25073,129.8435
1.5-473-550,0.0755102041,0.1510204082,0.9337895728803226,0.000839654004,1.5,473.0,550.0,473.00003,0.5819683,649.85333,451.8299,-21.170135,0.48464268,-0.09732562,666.33716,16.483826
1.5-473-550,0.3204819277,0.6409638554,0.5396442233296441,0.0004852425493,1.5,473.0,550.0,599.77893,1.7175735,493.28418,582.20087,-17.578064,1.7572056,0.039632082,524.2219,30.937744
1.5-473-550,0.4326530612,0.8653061224,0.47796385156444166,0.0004297801918,1.5,473.0,550.0,649.463,2.1271603,392.9084,647.6683,-1.7947388,2.1502457,0.023085356,390.65155,-2.256836
1.5-473-550,0.1879518072,0.3759036144,0.09831793589120096,8.840647929e-05,1.5,473.0,550.0,502.21323,1.1961688,620.7702,496.2649,-5.9483337,1.1311803,-0.064988494,644.2272,23.45697
1.5-473-550,0.278313253,0.556626506,0.9980223152919674,-0.000897411427,1.5,473.0,550.0,1192.767,0.057953592,43.376373,1330.3512,137.58423,-0.6304547,-0.6884083,51.37378,7.997406
1.5-473-550,0.1662650602,0.3325301204,0.7892004020960466,0.000709640905,1.5,473.0,550.0,523.7567,1.0400809,597.5926,490.8371,-32.919617,1.0001653,-0.03991556,642.173,44.580383
1.5-473-550,0.2361445783,0.4722891566,0.9956514833048237,-0.0008952795992,1.5,473.0,550.0,1248.2161,0.11159485,41.10089,1315.947,67.73096,-0.58278567,-0.6943805,39.79312,-1.3077698
1.5-473-550,0.2060240963,0.4120481926,0.9337895728803226,0.000839654004,1.5,473.0,550.0,914.611,1.2166482,62.532715,821.69006,-92.92096,0.79075927,-0.42588896,174.75616,112.22345
1.5-473-550,0.4428571429,0.8857142858,0.6600967573005477,0.0005935522321,1.5,473.0,550.0,660.0204,1.8369303,349.04514,665.4143,5.393921,2.0822973,0.24536705,348.5742,-0.47094727
1.5-473-550,0.3361445784,0.6722891568,0.9973789933391554,-0.0008968329585,1.5,473.0,550.0,1144.6348,0.095659964,45.623505,1241.4368,96.802,-0.7776602,-0.87332016,48.967712,3.3442078
1.5-473-550,0.2662650602,0.5325301204,0.9956514833048237,-0.0008952795992,1.5,473.0,550.0,1195.7476,0.12474763,43.249756,1330.8419,135.09436,-0.59182495,-0.7165726,51.288177,8.038422
1.5-473-550,0.3385542169,0.6771084338,0.9915009044774012,-0.0008915474413,1.5,473.0,550.0,1114.173,0.31938314,47.190674,1225.4202,111.24719,-0.70705706,-1.0264401,51.84201,4.6513367
1.5-473-550,0.3108433735,0.621686747,0.7525573838264147,0.0006766918789,1.5,473.0,550.0,643.9965,1.7699152,408.00977,625.09753,-18.898987,1.8112608,0.041345596,440.809,32.799225
1.5-473-550,0.3457831326,0.6915662652,0.22784103833049427,-0.0002048723242,1.5,473.0,550.0,579.683,1.7573284,522.35864,574.3372,-5.345764,1.8027568,0.045428395,529.784,7.425354
1.5-473-550,0.1903614457,0.3807228914,0.8475322498919685,0.0007620923041,1.5,473.0,550.0,568.5736,1.1335487,541.3204,529.3152,-39.258423,0.97336286,-0.16018587,623.98096,82.66058
1.5-473-550,0.4714285714,0.9428571428,0.9973789933391554,0.0008968329585,1.5,473.0,550.0,658.93274,0.13945496,355.87866,592.5863,-66.346436,-0.26090163,-0.4003566,417.8446,61.965942
1.5-473-550,0.3771084338,0.7542168676,0.8705746216627653,0.0007828117684,1.5,473.0,550.0,777.3356,2.13763,85.708664,727.5981,-49.737488,2.0851538,-0.052476168,219.11351,133.40485
1.5-473-550,0.004081632618,0.008163265236,0.993141646395439,0.0008930227796,1.5,473.0,550.0,473.00003,0.07573616,649.85333,455.41998,-17.580048,-0.02248246,-0.09821862,654.5545,4.701172
1.5-473-550,0.0387755102,0.0775510204,0.7892004020960466,-0.000709640905,1.5,473.0,550.0,473.00003,0.89376444,649.85333,452.9685,-20.031525,0.8910259,-0.0027385354,639.1015,-10.751831
1.5-473-550,0.03265306121,0.06530612242,0.9772248215579286,-0.000878710534,1.5,473.0,550.0,473.00003,0.2232846,649.85333,455.00253,-17.997498,0.09977221,-0.123512395,657.64417,7.7908325
1.5-473-550,0.2253012048,0.4506024096,0.9915009044774012,-0.0008915474413,1.5,473.0,550.0,1260.6237,0.20767397,40.63797,1292.1897,31.56604,-0.5395226,-0.74719656,36.153442,-4.4845276
1.5-473-550,0.01224489793,0.02448979586,0.9844268823757469,-0.0008851865532,1.5,473.0,550.0,473.00003,0.14378172,649.85333,453.66702,-19.333008,0.04760587,-0.09617585,657.5595,7.7061768
1.5-473-550,0.4551020408,0.9102040816,0.3542741437603377,0.0003185596755,1.5,473.0,550.0,652.6325,1.9684364,381.31268,644.56976,-8.062744,2.1829474,0.21451104,393.28018,11.967499
1.5-473-550,0.3819277109,0.7638554218,0.9931416465066502,-0.0008930227797,1.5,473.0,550.0,1081.3685,0.32755852,49.031097,1031.5099,-49.858643,-0.91758925,-1.2451477,75.955215,26.924118
1.5-473-550,0.1674698795,0.334939759,0.6600967573005477,0.0005935522321,1.5,473.0,550.0,510.0695,1.0825022,612.71643,487.17276,-22.896729,1.0591333,-0.023368955,639.7867,27.070251
1.5-473-550,0.4244897959,0.8489795918,0.22784103821928303,0.0002048723241,1.5,473.0,550.0,639.4939,2.1973593,420.59253,622.38477,-17.10913,2.1357188,-0.0616405,432.89487,12.302338
1.5-473-550,0.2903614458,0.5807228916,0.8705746216627653,0.0007828117684,1.5,473.0,550.0,741.83264,1.7313405,100.3488,717.1717,-24.66095,1.6789795,-0.05236101,267.1376,166.7888
1.5-473-550,0.3156626506,0.6313253012,0.6600967573005477,-0.0005935522321,1.5,473.0,550.0,622.8309,1.7474989,454.94727,599.1185,-23.712341,1.788322,0.040823102,492.86032,37.913055
1.5-473-550,0.0612244898,0.1224489796,0.8206166047262803,-0.0007378900321,1.5,473.0,550.0,473.00003,0.8728921,649.85333,453.46124,-19.538788,0.86688787,-0.0060042143,641.3277,-8.525635
1.5-473-550,0.4836734694,0.9673469388,0.9973789933391554,0.0008968329585,1.5,473.0,550.0,657.8787,0.13964063,360.13354,578.40027,-79.478455,-0.17742616,-0.3170668,436.38022,76.24667
1.5-473-550,0.3132530121,0.6265060242,0.960723235489121,0.0008638724771,1.5,473.0,550.0,986.5605,1.1674101,55.562347,1209.1506,222.59015,0.0064082094,-1.1610019,84.01976,28.457413
1.5-473-550,0.1987951807,0.3975903614,0.7892004020960466,0.000709640905,1.5,473.0,550.0,553.8656,1.20706,562.18787,520.9215,-32.94409,1.0436703,-0.16338968,628.6137,66.42584
1.5-473-550,0.243373494,0.486746988,0.9337895728803226,0.000839654004,1.5,473.0,550.0,934.50354,1.3289804,60.28177,1034.0669,99.563354,0.7252935,-0.6036869,124.061935,63.780167
1.5-473-550,0.1795180723,0.3590361446,0.998978267368595,0.0008982710093,1.5,473.0,550.0,1006.29205,0.023315663,53.99472,1157.4762,151.18414,-0.6363663,-0.659682,-19.90274,-73.89746
1.5-473-550,0.08571428574,0.17142857148,0.9872047710533666,0.0008876844022,1.5,473.0,550.0,473.00003,0.1320554,649.85333,504.68387,31.683838,-0.113507695,-0.24556309,570.1045,-79.74884
1.5-473-550,0.3060240964,0.6120481928,0.29146971579860803,-0.0002620865782,1.5,473.0,550.0,549.45105,1.5745674,567.98834,552.30426,2.8532104,1.5811911,0.0066236258,576.9309,8.942566
1.5-473-550,0.4510204082,0.9020408164,0.7892004020960466,0.000709640905,1.5,473.0,550.0,661.1116,1.625671,341.0088,664.91125,3.7996826,1.8590658,0.23339474,334.03934,-6.969452
1.5-473-550,0.2445783133,0.4891566266,0.9998257452316341,-0.0008990330527,1.5,473.0,550.0,1243.443,0.0026541299,41.289886,1330.0787,86.63574,-0.6256998,-0.62835395,40.72455,-0.56533813
1.5-473-550,0.3746987952,0.7493975904,0.7098470004029654,0.0006382871403,1.5,473.0,550.0,654.8682,2.0980656,372.28687,659.92737,5.059143,2.0982466,0.0001809597,366.08383,-6.2030334
1.5-473-550,0.3783132531,0.7566265062,0.9999999997775775,0.0008991897406,1.5,473.0,550.0,1118.6594,-5.322157e-09,46.97574,1075.1129,-43.54651,-0.9973658,-0.9973658,63.396423,16.420685
1.5-473-550,0.3831325302,0.7662650604,0.9442484491033019,-0.0008490585182,1.5,473.0,550.0,892.2668,1.7620089,64.84946,772.51105,-119.75574,1.1696836,-0.5923253,215.46507,150.61562
1.5-473-550,0.2240963855,0.448192771,0.3542741437603377,0.0003185596755,1.5,473.0,550.0,517.9639,1.3308698,604.0341,509.61313,-8.3508,1.1766541,-0.1542157,637.89386,33.85974
1.5-473-550,0.02653061223,0.05306122446,0.9999999997775775,-0.0008991897406,1.5,473.0,550.0,473.00003,-5.322157e-09,649.85333,465.23886,-7.7611694,-0.12456185,-0.124561846,638.1438,-11.709534
1.5-473-550,0.256626506,0.513253012,0.9671530515086588,-0.0008696541017,1.5,473.0,550.0,1065.4923,0.8726812,49.983154,1268.018,202.52563,-0.17429215,-1.0469733,79.323685,29.34053
1.5-473-550,0.4040816326,0.8081632652,0.9872047710533666,-0.0008876844022,1.5,473.0,550.0,840.9669,0.8096306,72.18027,831.7221,-9.244812,-0.7516735,-1.5613041,181.66617,109.4859
1.5-473-550,0.3530120482,0.7060240964,0.7525573838264147,-0.0006766918789,1.5,473.0,550.0,656.7854,1.9806263,362.6376,660.3802,3.5947876,2.0590336,0.07840729,362.3305,-0.3070984
1.5-473-550,0.1867469879,0.3734939758,0.3542741437603377,0.0003185596755,1.5,473.0,550.0,505.48105,1.182807,617.4632,494.86264,-10.618408,1.1031525,-0.079654455,642.0377,24.574524
1.5-473-550,0.4979591837,0.9959183674,0.7525573838264147,0.0006766918789,1.5,473.0,550.0,657.2822,1.6737493,362.5416,636.6235,-20.658752,1.712426,0.03867662,365.81458,3.2729797
1.5-473-550,0.3277108434,0.6554216868,0.9965972946963587,0.0008961300631,1.5,473.0,550.0,1148.1088,0.120706074,45.45224,1261.5938,113.484985,-0.7353148,-0.85602087,50.422455,4.970215
1.5-473-550,0.3614457832,0.7228915664,0.9895407848051817,-0.0008897849218,1.5,473.0,550.0,1082.0575,0.44018498,48.99106,1135.3618,53.30432,-0.77851456,-1.2186996,54.808502,5.817444
1.5-473-550,0.4081632653,0.8163265306,0.9993254186825348,-0.0008985831642,1.5,473.0,550.0,790.2188,0.04129755,82.13385,866.14636,75.92755,-0.9882708,-1.0295683,158.26662,76.13277
1.5-473-550,0.2493975904,0.4987951808,0.9985491866279087,-0.0008978851843,1.5,473.0,550.0,1226.902,0.038437124,41.945465,1331.2054,104.30347,-0.61398727,-0.6524244,43.73587,1.7904053
1.5-473-550,0.4102040816,0.8204081632,0.22784103833049427,-0.0002048723242,1.5,473.0,550.0,631.7923,2.1998127,437.74005,614.77795,-17.014343,2.0931716,-0.106641054,447.92648,10.186432
1.5-473-550,0.4346938775,0.869387755,0.03282169735804886,2.951293354e-05,1.5,473.0,550.0,641.3054,2.084096,415.95438,612.46,-28.845398,2.1600084,0.075912476,439.8845,23.930115
1.5-473-550,0.1855421686,0.3710843372,0.993141646395439,0.0008930227796,1.5,473.0,550.0,1026.9111,0.16446072,52.51999,1165.1353,138.22412,-0.5717277,-0.7361884,-8.386443,-60.906433
1.5-473-550,0.243373494,0.486746988,0.998978267368595,-0.0008982710093,1.5,473.0,550.0,1242.7865,0.02559268,41.315887,1327.9865,85.19995,-0.61709017,-0.64268285,40.837128,-0.47875977
1.5-473-550,0.3469879518,0.6939759036,0.6600967573005477,-0.0005935522321,1.5,473.0,550.0,636.81793,1.9032325,426.2836,625.892,-10.925903,1.9716759,0.06844342,434.42764,8.144043
1.5-473-550,0.113253012,0.226506024,0.7892004020960466,0.000709640905,1.5,473.0,550.0,482.4394,0.91989726,640.7813,466.2222,-16.217194,0.9627304,0.04283315,637.86365,-2.9176636
1.5-473-550,0.3325301205,0.665060241,0.9980223152919674,0.000897411427,1.5,473.0,550.0,1150.7334,0.07029521,45.322845,1251.844,101.110596,-0.77145046,-0.8417457,49.033752,3.710907
1.5-473-550,0.2108433735,0.421686747,0.3542741439827602,-0.0003185596757,1.5,473.0,550.0,514.1488,1.2907935,608.27655,503.86917,-10.279633,1.1423724,-0.14842117,640.6509,32.37433
1.5-473-550,0.07755102043,0.15510204086,0.7525573838264147,0.0006766918789,1.5,473.0,550.0,473.00003,0.9544049,649.85333,460.53394,-12.466095,0.96918535,0.014780462,633.58246,-16.270874
1.5-473-550,0.1156626505,0.231325301,0.22784103833049427,-0.0002048723242,1.5,473.0,550.0,474.16876,1.116004,648.7508,479.11935,4.950592,1.0920643,-0.023939729,639.69904,-9.051758
1.5-473-550,0.213253012,0.426506024,0.998978267368595,0.0008982710093,1.5,473.0,550.0,1291.3573,0.024099821,39.923004,1283.0367,-8.320557,-0.6216273,-0.6457271,20.768494,-19.15451
1.5-473-550,0.1060240963,0.2120481926,0.9671530515086588,0.0008696541017,1.5,473.0,550.0,514.65924,0.50095856,607.67285,497.99286,-16.666382,0.16036856,-0.34059,611.4382,3.7653198
1.5-473-550,0.3313253012,0.6626506024,0.9337895728803226,-0.000839654004,1.5,473.0,550.0,892.36285,1.5933485,64.86972,955.76434,63.40149,1.2742425,-0.31910598,86.48418,21.614456
1.5-473-550,0.2686746988,0.5373493976,0.9915009044774012,-0.0008915474413,1.5,473.0,550.0,1174.3258,0.24671108,44.210815,1324.699,150.37317,-0.54560894,-0.79232,55.458405,11.247589
1.5-473-550,0.2192771084,0.4385542168,0.9215172744995802,-0.0008286188792,1.5,473.0,550.0,910.89514,1.362197,62.97867,796.02655,-114.86859,1.0443048,-0.3178922,223.11986,160.14119
1.5-473-550,0.4326530612,0.8653061224,0.9915009044774012,-0.0008915474413,1.5,473.0,550.0,679.14294,0.5407384,179.29494,673.81244,-5.3305054,-0.5227341,-1.0634725,320.94128,141.64635
1.5-473-550,0.0897959184,0.1795918368,0.9931416465066502,-0.0008930227797,1.5,473.0,550.0,473.00003,0.07028239,649.85333,529.2932,56.293182,-0.23531467,-0.30559707,500.90714,-148.9462
1.5-473-550,0.3277108434,0.6554216868,0.9872047710533666,0.0008876844022,1.5,473.0,550.0,1102.4075,0.45744878,47.819366,1247.262,144.85449,-0.6011414,-1.0585902,56.465668,8.646301
1.5-473-550,0.1951807228,0.3903614456,0.9965972946963587,0.0008961300631,1.5,473.0,550.0,1152.6333,0.08246981,45.229187,1221.1614,68.528076,-0.6051871,-0.68765694,2.6698923,-42.559296
1.5-473-550,0.3975903615,0.795180723,0.9726063657286781,0.0008745576659,1.5,473.0,550.0,960.6571,1.3312863,57.73874,795.25116,-165.40594,-0.31523412,-1.6465204,209.84488,152.10614
1.5-473-550,0.08571428574,0.17142857148,0.47796385156444166,0.0004297801918,1.5,473.0,550.0,473.00003,1.1138593,649.85333,471.16165,-1.8383789,1.0763968,-0.037462473,629.68195,-20.171387
1.5-473-550,0.1036144578,0.2072289156,0.9671530515086588,-0.0008696541017,1.5,473.0,550.0,504.69257,0.47085553,618.2611,494.01328,-10.679291,0.16271412,-0.3081414,618.1919,-0.06921387
1.5-473-550,0.1156626505,0.231325301,0.7525573838264147,0.0006766918789,1.5,473.0,550.0,482.4631,0.950194,640.7574,468.4532,-14.009918,0.9952059,0.045011878,635.3757,-5.381714
1.5-473-550,0.3132530121,0.6265060242,0.7525573838264147,-0.0006766918789,1.5,473.0,550.0,644.8684,1.7804768,405.83005,627.2408,-17.627625,1.8293732,0.048896432,435.5803,29.750244
1.5-473-550,0.2554216867,0.5108433734,0.9985491866279087,0.0008978851843,1.5,473.0,550.0,1218.1567,0.03897607,42.297363,1333.6213,115.4646,-0.616211,-0.6551871,45.901154,3.6037903
1.5-473-550,0.4836734694,0.9673469388,0.2914697156873968,0.0002620865781,1.5,473.0,550.0,656.57684,1.9345493,365.38928,645.9636,-10.61322,2.2049072,0.27035785,384.2001,18.810822
1.5-473-550,0.3192771085,0.638554217,0.9337895728803226,0.000839654004,1.5,473.0,550.0,896.5126,1.5511457,64.37866,997.76904,101.25647,1.1216903,-0.4294554,91.37219,26.99353
1.5-473-550,0.2602409639,0.5204819278,0.9965972946963587,0.0008961300631,1.5,473.0,550.0,1205.689,0.09545051,42.82721,1331.9851,126.29614,-0.59814245,-0.69359297,48.972595,6.1453857
1.5-473-550,0.3903614458,0.7807228916,0.9071317792997667,-0.0008156835895,1.5,473.0,550.0,826.3176,2.1260922,74.637054,728.70776,-97.60986,1.8213645,-0.30472767,229.7594,155.12234
1.5-473-550,0.3963855422,0.7927710844,0.8475322498919685,0.0007620923041,1.5,473.0,550.0,752.12103,2.3732407,94.10988,707.5651,-44.55591,2.03216,-0.34108067,264.87054,170.76067
1.5-473-550,0.1662650602,0.3325301204,0.960723235489121,-0.0008638724771,1.5,473.0,550.0,652.62445,0.83443046,376.77414,751.5882,98.963745,0.116556816,-0.71787363,105.63954,-271.13458
1.5-473-550,0.4122448979,0.8244897958,0.960723235489121,0.0008638724771,1.5,473.0,550.0,751.42224,1.5536643,93.87251,666.715,-84.707214,0.36565733,-1.188007,338.79614,244.92363
1.5-473-550,0.4306122449,0.8612244898,0.9442484491033019,0.0008490585182,1.5,473.0,550.0,681.2063,1.3613904,167.80591,634.03687,-47.169434,0.85643035,-0.50496,395.17502,227.36911
1.5-473-550,0.1156626505,0.231325301,0.9956514833048237,0.0008952795992,1.5,473.0,550.0,662.87695,0.22963738,324.2359,650.8444,-12.032532,-0.44993204,-0.6795694,167.80678,-156.42912
1.5-473-550,0.2108433735,0.421686747,0.16340484119544796,0.0001469319568,1.5,473.0,550.0,510.34692,1.2940366,612.49927,503.62167,-6.7252502,1.1611996,-0.13283706,640.48914,27.989868
1.5-473-550,0.3240963856,0.6481927712,0.9973789934503665,-0.0008968329586,1.5,473.0,550.0,1154.6045,0.09100496,45.13199,1270.7141,116.10962,-0.7323087,-0.82331365,50.447754,5.3157654
1.5-473-550,0.3072289157,0.6144578314,0.3542741437603377,0.0003185596755,1.5,473.0,550.0,557.41486,1.592765,557.6179,556.2335,-1.1813354,1.603005,0.010240078,571.3359,13.717957
1.5-473-550,0.3698795181,0.7397590362,0.9811301446957078,-0.0008822221605,1.5,473.0,550.0,1031.253,0.81063056,52.215454,1064.957,33.70398,-0.65727526,-1.4679058,68.437195,16.22174
1.5-473-550,0.2313253012,0.4626506024,0.9895407849163931,0.0008897849219,1.5,473.0,550.0,1237.7617,0.25946772,41.515045,1298.0819,60.32019,-0.5155726,-0.7750403,42.02466,0.50961304
1.5-473-550,0.2445783133,0.4891566266,0.9872047710533666,-0.0008876844022,1.5,473.0,550.0,1189.1753,0.3412227,43.532715,1309.1656,119.99036,-0.4856972,-0.8269199,51.63321,8.100494
1.5-473-550,0.3204819277,0.6409638554,0.09831793590232207,-8.84064793e-05,1.5,473.0,550.0,547.9458,1.6090505,569.96204,553.42084,5.4750366,1.6420498,0.032999277,567.7934,-2.1686401
1.5-473-550,0.3686746988,0.7373493976,0.7525573838264147,-0.0006766918789,1.5,473.0,550.0,661.5266,2.0799294,328.19998,670.9908,9.464172,2.106243,0.026313543,342.60657,14.406586
1.5-473-550,0.3674698796,0.7349397592,0.9215172744995802,-0.0008286188792,1.5,473.0,550.0,854.03174,1.8602493,70.01511,781.58887,-72.44287,1.8546705,-0.0055787563,143.20634,73.19124
1.5-473-550,0.3939759037,0.7879518074,0.9531521909241071,0.0008570646715,1.5,473.0,550.0,904.2143,1.7488409,63.42221,733.01746,-171.19684,0.68417865,-1.0646622,267.1025,203.6803
1.5-473-550,0.1855421686,0.3710843372,0.9772248215579286,0.000878710534,1.5,473.0,550.0,931.81476,0.51590246,60.474274,1081.8604,150.0456,-0.34889132,-0.8647938,4.9234934,-55.55078
1.5-473-550,0.05102040816,0.10204081632,0.4163512323516047,-0.0003743787567,1.5,473.0,550.0,473.00003,1.1444768,649.85333,467.60046,-5.3995667,1.0922155,-0.052261233,631.746,-18.10736
1.5-473-550,0.04693877551,0.09387755102,0.999825745120423,0.0008990330526,1.5,473.0,550.0,473.00003,0.0009723253,649.85333,476.7764,3.7763672,-0.17217821,-0.17315054,617.1284,-32.724915
1.5-473-550,0.3819277109,0.7638554218,0.9215172744995802,-0.0008286188792,1.5,473.0,550.0,850.6303,1.9585764,70.52316,750.73285,-99.89746,1.7568644,-0.20171201,198.92598,128.40282
1.5-473-550,0.3638554217,0.7277108434,0.6600967573005477,0.0005935522321,1.5,473.0,550.0,643.4395,2.0028138,409.80142,638.97955,-4.459961,2.0426676,0.03985381,407.74588,-2.055542
1.5-473-550,0.3903614458,0.7807228916,0.47796385156444166,-0.0004297801918,1.5,473.0,550.0,633.9932,2.1276867,432.86505,626.3193,-7.67395,2.0679169,-0.05976987,432.3531,-0.5119629
1.5-473-550,0.3722891567,0.7445783134,0.9895407848051817,0.0008897849218,1.5,473.0,550.0,1072.3163,0.46777642,49.557343,1078.7808,6.4644775,-0.8268687,-1.2946451,63.586487,14.029144
1.5-473-550,0.3132530121,0.6265060242,0.09831793590232207,-8.84064793e-05,1.5,473.0,550.0,542.18,1.578642,576.90533,549.49536,7.3153687,1.601261,0.022619009,575.72107,-1.1842651
1.5-473-550,0.2421686747,0.4843373494,0.47796385156444166,0.0004297801918,1.5,473.0,550.0,529.12146,1.3827422,591.62695,521.57416,-7.5473022,1.2422422,-0.14049995,630.08936,38.462402
1.5-473-550,0.178313253,0.356626506,0.993141646395439,0.0008930227796,1.5,473.0,550.0,969.73987,0.16291064,56.937347,1124.6919,154.95203,-0.57371813,-0.7366288,-18.817017,-75.754364
1.5-473-550,0.0,0.0,0.9872127395606514,-0.0008876915674,1.5,473.0,550.0,473.00003,0.90842825,649.85333,452.74356,-20.25647,0.03265327,-0.875775,658.51605,8.66272
1.5-473-550,0.1674698795,0.334939759,0.9671530515086588,-0.0008696541017,1.5,473.0,550.0,692.0576,0.7704922,164.86406,832.0832,140.02557,-0.077011235,-0.8475034,35.70468,-129.15938
1.5-473-550,0.3927710844,0.7855421688,0.8206166047262803,-0.0007378900321,1.5,473.0,550.0,717.9154,2.3430285,112.7086,701.9103,-16.005127,2.0922272,-0.25080132,278.98007,166.27147
1.5-473-550,0.4469387755,0.893877551,0.7525573838264147,-0.0006766918789,1.5,473.0,550.0,661.56177,1.6892729,336.7318,668.00446,6.442688,1.9580688,0.26879597,332.88043,-3.8513794
1.5-473-550,0.4102040816,0.8204081632,0.9956514833048237,-0.0008952795992,1.5,473.0,550.0,771.84894,0.30330318,87.05443,831.0395,59.19055,-0.9013216,-1.2046248,182.34311,95.28868
1.5-473-550,0.01428571426,0.02857142852,0.7525573838264147,-0.0006766918789,1.5,473.0,550.0,473.00003,0.98068786,649.85333,452.57214,-20.427887,0.9149589,-0.06572896,638.7868,-11.066528
1.5-473-550,0.3096385542,0.6192771084,0.960723235489121,0.0008638724771,1.5,473.0,550.0,988.79694,1.1554394,55.38385,1215.8666,227.06964,0.002434904,-1.1530045,85.220215,29.836365
1.5-473-550,0.3602409639,0.7204819278,0.9071317792997667,-0.0008156835895,1.5,473.0,550.0,830.0414,1.9064634,74.02988,769.00543,-61.03595,2.00994,0.103476524,140.98065,66.950775
1.5-473-550,0.0897959184,0.1795918368,0.8902853188558087,-0.0008005354251,1.5,473.0,550.0,473.00003,0.74054754,649.85333,453.47562,-19.524414,0.73289275,-0.007654786,655.95105,6.0977173
1.5-473-550,0.1385542168,0.2771084336,0.8705746216627653,0.0007828117684,1.5,473.0,550.0,514.2606,0.9087307,608.1522,474.89423,-39.366394,0.86413974,-0.04459095,650.7303,42.578064
1.5-473-550,0.3156626506,0.6313253012,0.6600967573005477,0.0005935522321,1.5,473.0,550.0,622.8309,1.7474989,454.94727,599.1185,-23.712341,1.788322,0.040823102,492.86032,37.913055
1.5-473-550,0.09387755105,0.1877551021,0.8475322498919685,-0.0007620923041,1.5,473.0,550.0,473.00003,0.8327212,649.85333,457.35184,-15.648193,0.8574563,0.024735153,645.23535,-4.617981
1.5-473-550,0.4408163265,0.881632653,0.7098470004029654,-0.0006382871403,1.5,473.0,550.0,662.0159,1.8047245,332.41656,669.088,7.0720825,2.0425394,0.2378149,337.91962,5.5030518
1.5-473-550,0.4979591837,0.9959183674,0.9985491867391199,-0.0008978851844,1.5,473.0,550.0,657.4045,0.075040035,362.04813,566.40985,-90.99463,-0.12079925,-0.19583929,450.79553,88.747406
1.5-473-550,0.169879518,0.339759036,0.9442484491033019,-0.0008490585182,1.5,473.0,550.0,622.6992,0.90948766,454.7941,631.18134,8.482117,0.55270064,-0.35678703,349.4417,-105.35239
1.5-473-550,0.1036144578,0.2072289156,0.9931416465066502,-0.0008930227797,1.5,473.0,550.0,603.5334,0.16311455,487.71555,576.5945,-26.938904,-0.31814748,-0.48126203,368.98465,-118.730896
1.5-473-550,0.06326530613,0.12653061226,0.9945113832197316,-0.0008942544329,1.5,473.0,550.0,473.00003,0.056220766,649.85333,485.32172,12.321686,-0.14995939,-0.20618016,603.7361,-46.11725
1.5-473-550,0.2397590361,0.4795180722,0.03282169734692774,-2.951293353e-05,1.5,473.0,550.0,516.815,1.3681982,605.3117,514.5404,-2.2745972,1.2602432,-0.10795498,631.04175,25.730042
1.5-473-550,0.05306122449,0.10612244898,0.9531521909241071,0.0008570646715,1.5,473.0,550.0,473.00003,0.45940542,649.85333,451.20895,-21.791077,0.3148759,-0.14452952,664.79944,14.946106
1.5-473-550,0.2554216867,0.5108433734,0.9956514833048237,0.0008952795992,1.5,473.0,550.0,1205.7026,0.12130212,42.82666,1329.603,123.90039,-0.5855791,-0.7068812,48.29712,5.470459
1.5-473-550,0.3614457832,0.7228915664,0.9531521909241071,0.0008570646715,1.5,473.0,550.0,926.1411,1.5021577,61.061523,968.94415,42.80304,0.5274599,-0.97469777,101.551575,40.49005
1.5-473-550,0.234939759,0.469879518,0.9872047710533666,0.0008876844022,1.5,473.0,550.0,1216.3223,0.3237825,42.375305,1298.3788,82.05652,-0.4867739,-0.8105564,46.433014,4.0577087
1.5-473-550,0.265060241,0.530120482,0.8705746216627653,-0.0007828117684,1.5,473.0,550.0,729.4735,1.6317719,109.7003,701.0224,-28.45111,1.4678804,-0.16389155,331.4979,221.79759
1.5-473-550,0.2951807229,0.5903614458,0.9895407848051817,-0.0008897849218,1.5,473.0,550.0,1138.5873,0.33487898,45.92163,1306.0468,167.45947,-0.55329925,-0.8881782,59.215942,13.294312
1.5-473-550,0.2903614458,0.5807228916,0.22784103821928303,0.0002048723241,1.5,473.0,550.0,534.42126,1.5081317,585.7336,540.82654,6.4052734,1.4795706,-0.028561115,596.44037,10.706787
1.5-473-550,0.126506024,0.253012048,0.9998257452316341,-0.0008990330527,1.5,473.0,550.0,741.1386,0.005026097,97.94655,755.3742,14.235596,-0.58374184,-0.58876795,4.167207,-93.77934
1.5-473-550,0.3036144579,0.6072289158,0.9671530515086588,0.0008696541017,1.5,473.0,550.0,1019.124,1.0057678,53.083984,1248.1686,229.04456,-0.1652953,-1.1710632,80.55553,27.471542
1.5-473-550,0.4142857143,0.8285714286,0.47796385156444166,-0.0004297801918,1.5,473.0,550.0,645.5342,2.259393,404.27463,639.91425,-5.619934,2.126404,-0.13298893,406.12735,1.8527222
1.5-473-550,0.1373493975,0.274698795,0.9531521909241071,0.0008570646715,1.5,473.0,550.0,556.60583,0.75708187,558.63885,531.80774,-24.798096,0.37022293,-0.38685894,565.80054,7.161682
1.5-473-550,0.1843373494,0.3686746988,0.999825745120423,-0.0008990330526,1.5,473.0,550.0,1055.4895,0.002354378,50.615845,1185.061,129.57153,-0.64258224,-0.6449366,-13.366637,-63.982483
1.5-473-550,0.1084337349,0.2168674698,0.8475322498919685,-0.0007620923041,1.5,473.0,550.0,481.39026,0.849323,641.83734,461.49127,-19.898987,0.87609845,0.02677548,645.46844,3.6311035
1.5-473-550,0.4428571429,0.8857142858,0.9337895728803226,0.000839654004,1.5,473.0,550.0,666.5666,1.3212725,289.1806,628.16364,-38.402954,0.98418206,-0.33709043,407.65146,118.470856
1.5-473-550,0.4897959184,0.9795918368,0.29146971579860803,-0.0002620865782,1.5,473.0,550.0,656.8457,1.9299276,364.30392,646.41425,-10.4314575,2.203366,0.27343845,381.6869,17.382965
1.5-473-550,0.1602409638,0.3204819276,0.9915009044774012,0.0008915474413,1.5,473.0,550.0,837.72174,0.23845214,72.581635,984.22906,146.50732,-0.5480494,-0.7865015,-40.029846,-112.61148
1.5-473-550,0.1626506024,0.3253012048,0.8705746216627653,0.0007828117684,1.5,473.0,550.0,540.5246,0.98176384,578.7472,496.38315,-44.14145,0.8931877,-0.08857614,646.02264,67.27545
1.5-473-550,0.2036144577,0.4072289154,0.9973789933391554,-0.0008968329585,1.5,473.0,550.0,1226.6283,0.06565761,41.9563,1252.98,26.351685,-0.60953397,-0.6751916,12.141633,-29.814667
1.5-473-550,0.2879518072,0.5759036144,0.8206166047262803,-0.0007378900321,1.5,473.0,550.0,662.80304,1.704902,308.8469,648.43994,-14.363098,1.6539819,-0.05092013,399.87726,91.030365
1.5-473-550,0.05714285715,0.1142857143,0.8705746216627653,0.0007828117684,1.5,473.0,550.0,473.00003,0.78432024,649.85333,449.10336,-23.896667,0.74664015,-0.03768009,650.63495,0.7816162
1.5-473-550,0.4448979592,0.8897959184,0.4163512323516047,-0.0003743787567,1.5,473.0,550.0,651.0303,1.9995186,387.5645,646.2963,-4.7339478,2.1666021,0.1670835,391.9552,4.390686
1.5-473-550,0.1542168674,0.3084337348,0.8206166047262803,-0.0007378900321,1.5,473.0,550.0,518.9553,0.9885707,602.9317,484.63034,-34.32498,0.96009314,-0.02847755,643.8191,40.88739
1.5-473-550,0.3578313254,0.7156626508,0.9965972946963587,0.0008961300631,1.5,473.0,550.0,1120.9608,0.13899767,46.827972,1166.8785,45.917725,-0.86336476,-1.0023625,50.013763,3.185791
1.5-473-550,0.2759036145,0.551807229,0.9999999997775775,0.0008991897406,1.5,473.0,550.0,1203.3553,-5.322157e-09,42.94403,1333.8198,130.46448,-0.6485911,-0.6485911,49.4942,6.550171
1.5-473-550,0.2710843374,0.5421686748,0.9895407848051817,0.0008897849218,1.5,473.0,550.0,1162.2236,0.30577505,44.764313,1321.301,159.0774,-0.52327377,-0.8290488,57.723907,12.959595
1.5-473-550,0.1144578313,0.2289156626,0.9931416465066502,-0.0008930227797,1.5,473.0,550.0,640.209,0.2787068,418.55386,629.233,-10.976013,-0.3907767,-0.6694835,223.6854,-194.86847
1.5-473-550,0.1542168674,0.3084337348,0.16340484119544796,0.0001469319568,1.5,473.0,550.0,489.21707,1.1116607,633.9223,487.03406,-2.183014,1.0975703,-0.014090419,643.93243,10.010132
1.5-473-550,0.1578313253,0.3156626506,0.9071317792997667,0.0008156835895,1.5,473.0,550.0,551.353,0.926664,565.466,497.16684,-54.186188,0.78549683,-0.14116716,649.5847,84.11871
1.5-473-550,0.1325301204,0.2650602408,0.22784103833049427,-0.0002048723242,1.5,473.0,550.0,480.32703,1.0946103,642.91626,482.05264,1.7256165,1.0895339,-0.0050764084,640.7934,-2.1228638
1.5-473-550,0.2228915662,0.4457831324,0.9215172744995802,-0.0008286188792,1.5,473.0,550.0,917.8102,1.3608736,62.183807,817.299,-100.51117,1.0523831,-0.3084905,208.72078,146.53697
1.5-473-550,0.008163265274,0.016326530548,0.9931416465066502,-0.0008930227797,1.5,473.0,550.0,473.00003,0.06373262,649.85333,456.2021,-16.797943,-0.027103132,-0.09083575,653.4288,3.5754395
1.5-473-550,0.4387755102,0.8775510204,0.22784103833049427,-0.0002048723242,1.5,473.0,550.0,644.1118,2.0549536,408.2031,629.058,-15.053833,2.1697168,0.11476326,419.56445,11.361359
1.5-473-550,0.4693877551,0.9387755102,0.4163512323516047,-0.0003743787567,1.5,473.0,550.0,655.92755,1.9030719,368.01053,651.1873,-4.7402344,2.1692207,0.2661488,378.58783,10.577301
1.5-473-550,0.1120481927,0.2240963854,0.7098470004029654,-0.0006382871403,1.5,473.0,550.0,478.2151,0.9730531,644.9338,469.20712,-9.007965,1.0185424,0.04548931,632.83716,-12.096619
1.5-473-550,0.3746987952,0.7493975904,0.9671530515086588,-0.0008696541017,1.5,473.0,550.0,963.09845,1.2980888,57.526215,962.30316,-0.7952881,-0.21844834,-1.5165372,106.112366,48.58615
1.5-473-550,0.2578313253,0.5156626506,0.9442484491033019,-0.0008490585182,1.5,473.0,550.0,961.7281,1.2593166,57.687958,1153.2941,191.56598,0.38917786,-0.8701387,108.094025,50.406067
1.5-473-550,0.1168674698,0.2337349396,0.9844268823757469,-0.0008851865532,1.5,473.0,550.0,593.3967,0.43692672,502.88815,594.21375,0.8170166,-0.21468991,-0.65161663,335.6029,-167.28525
1.5-473-550,0.3602409639,0.7204819278,0.29146971579860803,-0.0002620865782,1.5,473.0,550.0,597.8524,1.8597051,496.41437,588.06665,-9.785767,1.8942454,0.034540296,503.92517,7.510803
1.5-473-550,0.3144578314,0.6289156628,0.16340484119544796,0.0001469319568,1.5,473.0,550.0,546.1416,1.5894556,572.1355,552.263,6.121399,1.6126215,0.023165941,572.5708,0.43530273
1.5-473-550,0.321686747,0.643373494,0.9772248215579286,-0.000878710534,1.5,473.0,550.0,1056.039,0.77949446,50.582733,1241.7921,185.75317,-0.4048925,-1.184387,66.01016,15.427429
1.5-473-550,0.3638554217,0.7277108434,0.9872047710533666,0.0008876844022,1.5,473.0,550.0,1067.9003,0.5433829,49.825684,1117.5732,49.672974,-0.75075346,-1.2941363,57.556885,7.731201
1.5-473-550,0.2144578313,0.4289156626,0.9872047710533666,-0.0008876844022,1.5,473.0,550.0,1241.7485,0.31550884,41.357025,1257.2659,15.517334,-0.49215013,-0.807659,30.570892,-10.786133
1.5-473-550,0.3036144579,0.6072289158,0.9996041060258503,-0.000898833757,1.5,473.0,550.0,1178.3145,0.010568077,44.02841,1308.9175,130.60303,-0.6969076,-0.70747566,50.976196,6.9477844
1.5-473-550,0.4775510204,0.9551020408,0.9993254186825348,0.0008985831642,1.5,473.0,550.0,658.30316,0.032521006,358.42014,586.8189,-71.48425,-0.25342935,-0.28595036,424.7266,66.30646
1.5-473-550,0.2277108434,0.4554216868,0.3542741439827602,-0.0003185596757,1.5,473.0,550.0,518.9021,1.3394797,602.9909,511.27356,-7.62854,1.1878154,-0.15166426,636.842,33.851074
1.5-473-550,0.3228915663,0.6457831326,0.9980223152919674,-0.000897411427,1.5,473.0,550.0,1158.4742,0.067609064,44.941223,1274.1001,115.625854,-0.7360967,-0.80370575,50.221222,5.279999
1.5-473-550,0.2457831325,0.491566265,0.9071317792997667,-0.0008156835895,1.5,473.0,550.0,827.21136,1.5055798,74.95314,803.5837,-23.627686,1.2878553,-0.21772456,225.19472,150.24158
1.5-473-550,0.1759036144,0.3518072288,0.03282169735804886,2.951293354e-05,1.5,473.0,550.0,497.4574,1.1563095,625.5831,493.2864,-4.17099,1.1272734,-0.029036045,646.42255,20.839417
1.5-473-550,0.2385542169,0.4771084338,0.9671530515086588,-0.0008696541017,1.5,473.0,550.0,1106.1567,0.8101113,47.635162,1247.38,141.22327,-0.17954844,-0.9896597,71.204956,23.569794
1.5-473-550,0.3180722892,0.6361445784,0.9996041061370615,-0.0008988337571,1.5,473.0,550.0,1169.2788,0.0110862795,44.44165,1285.6312,116.35242,-0.738964,-0.7500503,49.83374,5.39209
1.5-473-550,0.2927710844,0.5855421688,0.8206166047262803,-0.0007378900321,1.5,473.0,550.0,665.25256,1.728402,290.55734,652.2096,-13.042969,1.6984402,-0.029961824,388.26636,97.709015
1.5-473-550,0.08775510207,0.17551020414,0.9442484491033019,0.0008490585182,1.5,473.0,550.0,473.00003,0.52276057,649.85333,458.5589,-14.441132,0.41679657,-0.105964005,666.9227,17.069397
1.5-473-550,0.365060241,0.730120482,0.9872047710533666,0.0008876844022,1.5,473.0,550.0,1066.8489,0.5467925,49.89261,1111.4244,44.57556,-0.7561931,-1.3029857,58.367584,8.474976
1.5-473-550,0.0244897959,0.0489795918,0.9945113832197316,-0.0008942544329,1.5,473.0,550.0,473.00003,0.05136841,649.85333,461.10287,-11.897156,-0.062816866,-0.11418527,646.15717,-3.696167
1.5-473-550,0.4387755102,0.8775510204,0.9071317792997667,-0.0008156835895,1.5,473.0,550.0,668.9192,1.4413639,266.8288,654.766,-14.153198,1.3554437,-0.085920215,369.6406,102.8118
1.5-473-550,0.2891566265,0.578313253,0.2914697156873968,0.0002620865781,1.5,473.0,550.0,537.8549,1.5110037,581.9026,542.1887,4.3338013,1.4795233,-0.03148043,595.95935,14.056763
1.5-473-550,0.2361445783,0.4722891566,0.9442484491033019,-0.0008490585182,1.5,473.0,550.0,999.34644,1.1836647,54.589752,1108.9603,109.61389,0.38866985,-0.79499483,103.6042,49.01445
1.5-473-550,0.2710843374,0.5421686748,0.6021818746711394,-0.0005414757638,1.5,473.0,550.0,572.2339,1.5154858,534.5614,550.9446,-21.289307,1.4350126,-0.080473185,592.2289,57.66748
1.5-473-550,0.4510204082,0.9020408164,0.9811301446957078,-0.0008822221605,1.5,473.0,550.0,663.2861,0.83313906,320.34875,604.10864,-59.17743,-0.049787287,-0.88292634,408.84213,88.49338
1.5-473-550,0.2530120482,0.5060240964,0.03282169734692774,-2.951293353e-05,1.5,473.0,550.0,519.6773,1.4022876,602.12885,519.90765,0.23034668,1.3083234,-0.09396422,624.5709,22.442078
1.5-473-550,0.1060240963,0.2120481926,0.9973789934503665,-0.0008968329586,1.5,473.0,550.0,645.60693,0.08554631,404.0736,607.8822,-37.72473,-0.42164582,-0.50719213,273.60776,-130.46585
1.5-473-550,0.08163265309,0.16326530618,0.9215172744995802,-0.0008286188792,1.5,473.0,550.0,473.00003,0.6375438,649.85333,451.74948,-21.25055,0.57254153,-0.06500226,664.5904,14.737061
1.5-473-550,0.2072289156,0.4144578312,0.9811301448069191,-0.0008822221606,1.5,473.0,550.0,1189.6929,0.4377229,43.51886,1214.3871,24.694214,-0.41354674,-0.8512696,28.458862,-15.059998
1.5-473-550,0.3265060241,0.6530120482,0.9071317792997667,0.0008156835895,1.5,473.0,550.0,835.359,1.7517802,73.15617,805.9364,-29.422607,1.8300939,0.07831371,120.92189,47.765717
1.5-473-550,0.373493976,0.746987952,0.9973789933391554,0.0008968329585,1.5,473.0,550.0,1110.8429,0.115861766,47.36862,1094.5554,-16.287476,-0.94530123,-1.061163,59.289093,11.920471
1.5-473-550,0.234939759,0.469879518,0.2914697156873968,0.0002620865781,1.5,473.0,550.0,518.9453,1.3569646,602.9429,513.9528,-4.9924927,1.2155409,-0.1414237,634.1353,31.192444
1.5-473-550,0.3048192771,0.6096385542,0.960723235489121,0.0008638724771,1.5,473.0,550.0,990.6717,1.144542,55.23459,1223.7811,233.10944,-0.0027957612,-1.1473378,86.67734,31.442749
1.5-473-550,0.1216867469,0.2433734938,0.9215172744995802,0.0008286188792,1.5,473.0,550.0,510.01907,0.77989316,612.7633,467.5352,-42.483887,0.63801104,-0.14188212,666.44434,53.68103
1.5-473-550,0.4816326531,0.9632653062,0.9071317792997667,0.0008156835895,1.5,473.0,550.0,657.84534,1.3946478,360.26855,607.02924,-50.8161,1.0744534,-0.32019448,429.9786,69.71005
1.5-473-550,0.2337349397,0.4674698794,0.9671530515086588,0.0008696541017,1.5,473.0,550.0,1122.8639,0.7891186,46.72928,1238.2283,115.36438,-0.18035966,-0.96947825,68.18796,21.45868
1.5-473-550,0.03061224488,0.06122448976,0.8206166047262803,0.0007378900321,1.5,473.0,550.0,473.00003,0.84667885,649.85333,449.97595,-23.024078,0.8288909,-0.017787933,643.72125,-6.13208
1.5-473-550,0.4102040816,0.8204081632,0.9844268823757469,-0.0008851865532,1.5,473.0,550.0,770.96375,0.9785388,87.31601,767.8127,-3.151062,-0.60521895,-1.5837578,231.79509,144.47908
1.5-473-550,0.3048192771,0.6096385542,0.47796385156444166,-0.0004297801918,1.5,473.0,550.0,575.0069,1.6196216,531.0697,563.3393,-11.667603,1.6273689,0.0077472925,561.5673,30.49762
1.5-473-550,0.07142857145,0.1428571429,0.9337895728803226,-0.000839654004,1.5,473.0,550.0,473.00003,0.58223295,649.85333,450.90634,-22.093689,0.47952235,-0.102710605,665.9774,16.124084
1.5-473-550,0.3530120482,0.7060240964,0.7892004020960466,-0.000709640905,1.5,473.0,550.0,669.33057,2.0039937,265.2651,677.1738,7.8432617,2.086878,0.08288431,325.00342,59.73831
1.5-473-550,0.3578313254,0.7156626508,0.999825745120423,-0.0008990330526,1.5,473.0,550.0,1136.349,0.00404268,46.031982,1173.099,36.75,-0.90380365,-0.90784633,48.678925,2.6469421
1.5-473-550,0.2542168675,0.508433735,0.9872047710533666,0.0008876844022,1.5,473.0,550.0,1168.9182,0.35504693,44.45816,1315.5435,146.62524,-0.48631424,-0.84136117,55.607483,11.1493225
1.5-473-550,0.01836734691,0.03673469382,0.03282169734692774,-2.951293353e-05,1.5,473.0,550.0,473.00003,1.1712677,649.85333,470.5845,-2.4155273,1.1550152,-0.016252518,653.5794,3.7260742
1.5-473-550,0.4020408163,0.8040816326,0.9215172746107915,0.0008286188793,1.5,473.0,550.0,827.2814,2.1003025,74.501465,707.76245,-119.51892,1.542666,-0.5576365,283.64072,209.13925
1.5-473-550,0.2253012048,0.4506024096,0.9772248215579286,0.000878710534,1.5,473.0,550.0,1198.0918,0.5420722,43.15268,1255.0299,56.93811,-0.35273248,-0.89480466,49.785217,6.632538
1.5-473-550,0.3554216868,0.7108433736,0.7098470004029654,0.0006382871403,1.5,473.0,550.0,648.8414,1.9737351,393.34085,646.5989,-2.2424927,2.0390525,0.06531739,391.77908,-1.5617676
1.5-473-550,0.3819277109,0.7638554218,0.8475322498919685,0.0007620923041,1.5,473.0,550.0,746.40894,2.2166436,96.66345,715.14484,-31.2641,2.102426,-0.11421752,248.6652,152.00175
1.5-473-550,0.4979591837,0.9959183674,0.9915009045886125,0.0008915474414,1.5,473.0,550.0,657.4029,0.45540538,362.05466,563.5414,-93.86151,-0.011515623,-0.466921,457.1,95.04535
1.5-473-550,0.286746988,0.573493976,0.16340484119544796,0.0001469319568,1.5,473.0,550.0,530.0914,1.4918683,590.5484,537.24664,7.1552734,1.4563131,-0.035555124,600.84973,10.301331
1.5-473-550,0.1156626505,0.231325301,0.9965972946963587,0.0008961300631,1.5,473.0,550.0,670.66907,0.19537562,251.19713,656.58185,-14.087219,-0.46862167,-0.6639973,153.80353,-97.3936
1.5-473-550,0.3987951808,0.7975903616,0.752557383937626,-0.000676691879,1.5,473.0,550.0,675.55927,2.3590338,218.64087,681.59247,6.033203,2.1169903,-0.2420435,323.07016,104.42929
1.5-473-550,0.06734693879,0.13469387758,0.9945113832197316,0.0008942544329,1.5,473.0,550.0,473.00003,0.056239363,649.85333,490.10678,17.10675,-0.16316885,-0.21940821,593.7886,-56.06476
1.5-473-550,0.1614457831,0.3228915662,0.9931416465066502,-0.0008930227797,1.5,473.0,550.0,856.6615,0.1902892,69.58243,1005.58594,148.92444,-0.57104236,-0.76133156,-40.809692,-110.39212
1.5-473-550,0.07346938777,0.14693877554,0.9844268823757469,0.0008851865532,1.5,473.0,550.0,473.00003,0.16121143,649.85333,482.44666,9.446625,-0.036042396,-0.19725382,618.09534,-31.757996
1.5-473-550,0.243373494,0.486746988,0.9844268823757469,0.0008851865532,1.5,473.0,550.0,1179.5349,0.40968698,43.972595,1302.4231,122.88818,-0.45028836,-0.85997534,53.79532,9.822723
1.5-473-550,0.2108433734,0.4216867468,0.9726063657286781,-0.0008745576659,1.5,473.0,550.0,1176.0635,0.63636893,44.134186,1192.9901,16.926636,-0.278881,-0.91524994,41.525055,-2.6091309
1.5-473-550,0.3939759037,0.7879518074,0.6021818746711394,0.0005414757638,1.5,473.0,550.0,648.0623,2.2089775,396.59433,646.4135,-1.6488037,2.1042495,-0.10472798,393.86487,-2.7294617
1.5-473-550,0.4877551021,0.9755102042,0.7892004020960466,-0.000709640905,1.5,473.0,550.0,657.43884,1.6281606,361.9094,638.6004,-18.83844,1.6594827,0.03132212,366.1585,4.249115
1.5-473-550,0.1759036144,0.3518072288,0.9071317792997667,-0.0008156835895,1.5,473.0,550.0,584.7687,1.0030663,515.9084,532.3786,-52.390076,0.842267,-0.16079932,613.92926,98.020874
1.5-473-550,0.1445783132,0.2891566264,0.9993254186825348,0.0008985831642,1.5,473.0,550.0,811.35394,0.021670813,77.49806,907.06616,95.71222,-0.6306427,-0.65231353,-54.497894,-131.99596
1.5-473-550,0.2313253012,0.4626506024,0.9999999998887887,0.0008991897407,1.5,473.0,550.0,1279.6167,-5.322157e-09,39.966187,1317.3094,37.69275,-0.6270878,-0.6270878,33.645447,-6.3207397
1.5-473-550,0.0612244898,0.1224489796,0.9985491866279087,-0.0008978851843,1.5,473.0,550.0,473.00003,0.014145846,649.85333,488.82306,15.823029,-0.20029598,-0.21444184,593.0617,-56.791626
1.5-473-550,0.4061224489,0.8122448978,0.998978267368595,0.0008982710093,1.5,473.0,550.0,812.3797,0.06397133,77.29535,880.10767,67.72797,-0.99346405,-1.0574354,149.24387,71.94852
1.5-473-550,0.4122448979,0.8244897958,0.9985491866279087,0.0008978851843,1.5,473.0,550.0,756.2264,0.09837865,92.09561,830.98016,74.753784,-0.94447166,-1.0428503,182.48114,90.38553
1.5-473-550,0.4020408163,0.8040816326,0.09831793589120096,8.840647929e-05,1.5,473.0,550.0,623.5172,2.1571162,454.0273,600.8425,-22.674683,2.052459,-0.10465717,468.9511,14.923798
1.5-473-550,0.4326530612,0.8653061224,0.5396442233296441,-0.0004852425493,1.5,473.0,550.0,652.6539,2.1206865,381.22644,653.7414,1.0875244,2.1423023,0.021615744,378.67474,-2.5516968
1.5-473-550,0.3831325302,0.7662650604,0.47796385156444166,0.0004297801918,1.5,473.0,550.0,629.86426,2.0668972,441.52838,621.60876,-8.255493,2.044182,-0.022715092,441.5366,0.0082092285
1.5-473-550,0.4285714286,0.8571428572,0.9998257452316341,-0.0008990330527,1.5,473.0,550.0,687.8073,0.0063803145,147.20575,727.9459,40.13861,-0.7942894,-0.8006697,266.724,119.51825
1.5-473-550,0.2530120482,0.5060240964,0.09831793590232207,-8.84064793e-05,1.5,473.0,550.0,520.0227,1.402603,601.74475,520.3495,0.32678223,1.2998186,-0.102784395,624.88184,23.137085
1.5-473-550,0.2385542169,0.4771084338,0.9996041060258503,0.000898833757,1.5,473.0,550.0,1257.2827,0.008396203,40.76126,1324.7871,67.504395,-0.6229176,-0.6313138,38.00711,-2.7541504
1.5-473-550,0.4285714286,0.8571428572,0.03282169735804886,2.951293354e-05,1.5,473.0,550.0,638.8619,2.1583343,422.08102,609.7386,-29.123291,2.1419516,-0.016382694,445.6933,23.612274
1.5-473-550,0.3265060241,0.6530120482,0.03282169735804886,2.951293354e-05,1.5,473.0,550.0,551.6995,1.6331499,565.2194,554.54364,2.8441162,1.6733031,0.040153265,562.78766,-2.4317627
1.5-473-550,0.1313253012,0.2626506024,0.7098470004029654,-0.0006382871403,1.5,473.0,550.0,490.90704,0.99371445,632.2121,474.11264,-16.794403,1.0268278,0.03311336,635.3819,3.1697998
1.5-473-550,0.3228915663,0.6457831326,0.16340484097302546,-0.0001469319566,1.5,473.0,550.0,553.2743,1.6265204,563.1156,557.1242,3.8499146,1.661468,0.034947634,562.7603,-0.35528564
1.5-473-550,0.3710843374,0.7421686748,0.9996041060258503,0.000898833757,1.5,473.0,550.0,1123.7925,0.014201814,46.676697,1112.7885,-11.004028,-0.9624111,-0.9766129,55.68634,9.009644
1.5-473-550,0.4224489796,0.8448979592,0.09831793590232207,-8.84064793e-05,1.5,473.0,550.0,636.2769,2.1955717,427.80658,611.61536,-24.66156,2.1245046,-0.071067095,446.83295,19.026367
1.5-473-550,0.05102040816,0.10204081632,0.9772248215579286,0.000878710534,1.5,473.0,550.0,473.00003,0.23504192,649.85333,460.70038,-12.299652,0.086133294,-0.14890862,652.7616,2.9082642
1.5-473-550,0.4734693878,0.9469387756,0.47796385156444166,-0.0004297801918,1.5,473.0,550.0,656.5582,1.8698765,365.4645,654.12006,-2.4381714,2.1398594,0.26998293,370.29514,4.8306274
1.5-473-550,0.1927710843,0.3855421686,0.22784103821928303,0.0002048723241,1.5,473.0,550.0,505.25702,1.2152689,617.68994,497.2379,-8.019104,1.1219047,-0.09336412,642.65125,24.961304
1.5-473-550,0.2626506024,0.5253012048,0.22784103821928303,0.0002048723241,1.5,473.0,550.0,524.28705,1.4279608,597.0028,526.3446,2.0575562,1.333405,-0.094555736,619.41595,22.413147
1.5-473-550,0.2180722891,0.4361445782,0.03282169734692774,-2.951293353e-05,1.5,473.0,550.0,511.52573,1.3180076,611.1934,506.3951,-5.130615,1.1973721,-0.12063551,638.8721,27.67865
1.5-473-550,0.3096385542,0.6192771084,0.47796385156444166,0.0004297801918,1.5,473.0,550.0,579.1251,1.6413757,524.5462,566.9313,-12.193848,1.6594477,0.01807201,554.11346,29.56726
1.5-473-550,0.1626506024,0.3253012048,0.22784103821928303,0.0002048723241,1.5,473.0,550.0,493.3736,1.1228111,629.71594,488.56866,-4.8049316,1.0950104,-0.02780068,642.71954,13.003601
1.5-473-550,0.04693877551,0.09387755102,0.960723235489121,0.0008638724771,1.5,473.0,550.0,473.00003,0.39372742,649.85333,452.15778,-20.842255,0.24801826,-0.14570916,663.231,13.377686
1.5-473-550,0.1024096385,0.204819277,0.998978267368595,0.0008982710093,1.5,473.0,550.0,629.2929,0.024338061,441.80524,598.3846,-30.908325,-0.42913526,-0.45347333,297.44867,-144.35657
1.5-473-550,0.1530120482,0.3060240964,0.6021818746711394,-0.0005414757638,1.5,473.0,550.0,498.31772,1.0615132,624.71246,482.39294,-15.924774,1.0623252,0.0008120537,636.7584,12.045959
1.5-473-550,0.1144578313,0.2289156626,0.9915009044774012,0.0008915474413,1.5,473.0,550.0,628.864,0.3102727,443.7787,620.0294,-8.834595,-0.3559559,-0.6662286,250.4371,-193.34158
1.5-473-550,0.4204081632,0.8408163264,0.09831793590232207,-8.84064793e-05,1.5,473.0,550.0,635.1577,2.1998172,430.2856,610.59814,-24.55957,2.117998,-0.081819296,448.92465,18.639038
1.5-473-550,0.2807228916,0.5614457832,0.9671530515086588,0.0008696541017,1.5,473.0,550.0,1039.018,0.93617886,51.692963,1269.4697,230.45178,-0.16703433,-1.1032132,83.144424,31.451462
1.5-473-550,0.2409638554,0.4819277108,0.9915009044774012,0.0008915474413,1.5,473.0,550.0,1217.3175,0.22365135,42.333008,1313.8077,96.490234,-0.5370415,-0.76069283,45.879852,3.5468445
1.5-473-550,0.09795918371,0.19591836742,0.47796385156444166,-0.0004297801918,1.5,473.0,550.0,473.00003,1.1144058,649.85333,473.01172,0.011688232,1.0747552,-0.03965056,630.25616,-19.597168
1.5-473-550,0.4408163265,0.881632653,0.9215172744995802,-0.0008286188792,1.5,473.0,550.0,667.6785,1.3806432,278.61615,642.0534,-25.625122,1.175844,-0.2047993,390.64938,112.03323
1.5-473-550,0.3240963856,0.6481927712,0.993141646395439,0.0008930227796,1.5,473.0,550.0,1134.578,0.24243242,46.119293,1264.9117,130.33374,-0.6768616,-0.919294,53.074493,6.9552
1.5-473-550,0.2120481927,0.4240963854,0.9215172744995802,-0.0008286188792,1.5,473.0,550.0,889.5048,1.3389764,65.68494,750.692,-138.8128,1.0215487,-0.31742764,260.7206,195.03568
1.5-473-550,0.1891566265,0.378313253,0.6600967573005477,-0.0005935522321,1.5,473.0,550.0,522.9434,1.1655377,598.49695,497.8428,-25.100616,1.0784851,-0.08705258,641.0012,42.504272
1.5-473-550,0.1060240963,0.2120481926,0.9215172744995802,0.0008286188792,1.5,473.0,550.0,487.1722,0.7027508,635.99176,459.52914,-27.643066,0.6111294,-0.0916214,666.56006,30.568298
1.5-473-550,0.4775510204,0.9551020408,0.7098470004029654,-0.0006382871403,1.5,473.0,550.0,657.5177,1.710975,361.5911,652.9351,-4.5825806,1.899291,0.18831599,350.01828,-11.572815
1.5-473-550,0.3253012049,0.6506024098,0.993141646395439,0.0008930227796,1.5,473.0,550.0,1133.6333,0.24358255,46.165863,1262.2416,128.60828,-0.68095714,-0.9245397,52.881226,6.7153625
1.5-473-550,0.2108433734,0.4216867468,0.9872047710533666,-0.0008876844022,1.5,473.0,550.0,1243.4894,0.30845958,41.288055,1246.8721,3.3826904,-0.49326783,-0.8017274,26.99762,-14.290436
1.5-473-550,0.1253012048,0.2506024096,0.998978267368595,0.0008982710093,1.5,473.0,550.0,729.41095,0.05010402,103.6933,739.5677,10.156738,-0.56434363,-0.61444765,20.310547,-83.38275
1.5-473-550,0.1,0.2,0.7893346586322618,-0.0007097616271,1.5,473.0,550.0,473.0139,0.9123703,649.8402,462.73843,-10.275452,0.95159,0.039219677,637.0641,-12.776123
1.5-473-550,0.3156626506,0.6313253012,0.9671530515086588,-0.0008696541017,1.5,473.0,550.0,1012.0382,1.0383774,53.59021,1227.7032,215.66504,-0.16849345,-1.2068708,77.306595,23.716385
1.5-473-550,0.3325301205,0.665060241,0.8902853188558087,-0.0008005354251,1.5,473.0,550.0,802.90216,1.8416858,79.48642,754.6486,-48.25354,1.979421,0.13773525,159.11702,79.6306
1.5-473-550,0.3060240964,0.6120481928,0.9671530515086588,0.0008696541017,1.5,473.0,550.0,1018.1378,1.0097742,53.154327,1244.6268,226.48901,-0.1656428,-1.175417,79.99135,26.83702
1.5-473-550,0.2662650602,0.5325301204,0.9531521908128958,-0.0008570646714,1.5,473.0,550.0,991.9973,1.1540788,55.140656,1214.3503,222.35303,0.14552271,-1.0085561,98.79468,43.654022
1.5-473-550,0.2012048193,0.4024096386,0.5396442234408553,0.0004852425494,1.5,473.0,550.0,519.02,1.2405787,602.85974,501.22086,-17.799164,1.1106769,-0.12990177,641.33026,38.47052
1.5-473-550,0.2734939759,0.5469879518,0.9772248215579286,-0.000878710534,1.5,473.0,550.0,1098.2306,0.6596045,48.052094,1298.0116,199.781,-0.3491171,-1.0087216,70.88568,22.833588
1.5-473-550,0.3530120482,0.7060240964,0.9872047710533666,0.0008876844022,1.5,473.0,550.0,1079.0355,0.51419586,49.166748,1166.7874,87.75183,-0.70123845,-1.2154343,53.785034,4.618286
1.5-473-550,0.365060241,0.730120482,0.8902853187445975,0.000800535425,1.5,473.0,550.0,804.22284,2.0013845,79.10518,746.3798,-57.843018,2.0793326,0.07794809,174.99954,95.89436
1.5-473-550,0.4469387755,0.893877551,0.16340484119544796,0.0001469319568,1.5,473.0,550.0,645.39185,2.035868,404.66776,627.48584,-17.906006,2.1881196,0.15225172,418.6998,14.032043
1.5-473-550,0.08163265309,0.16326530618,0.29146971579860803,-0.0002620865782,1.5,473.0,550.0,473.00003,1.16255,649.85333,473.42712,0.4270935,1.0980409,-0.064509034,635.72894,-14.12439
1.5-473-550,0.1891566265,0.378313253,0.6600967573005477,0.0005935522321,1.5,473.0,550.0,522.9434,1.1655377,598.49695,497.8428,-25.100616,1.0784851,-0.08705258,641.0012,42.504272
1.5-473-550,0.1867469879,0.3734939758,0.9895407848051817,-0.0008897849218,1.5,473.0,550.0,1019.6906,0.24623019,53.026367,1155.9506,136.25995,-0.5289009,-0.7751311,-4.4842825,-57.51065
1.5-473-550,0.4673469388,0.9346938776,0.9915009044774012,-0.0008915474413,1.5,473.0,550.0,659.47076,0.4550069,353.70648,591.8079,-67.66284,-0.17067426,-0.62568116,421.05563,67.34915
1.5-473-550,0.2265060241,0.4530120482,0.09831793590232207,-8.84064793e-05,1.5,473.0,550.0,514.02124,1.3372422,608.4184,509.4856,-4.5356445,1.2090777,-0.12816453,636.3124,27.893982
1.5-473-550,0.4591836735,0.918367347,0.3542741437603377,0.0003185596755,1.5,473.0,550.0,653.6778,1.9531219,377.09283,645.6252,-8.052612,2.1853263,0.23220444,390.76456,13.671722
1.5-473-550,0.2518072289,0.5036144578,0.7892004020960466,0.000709640905,1.5,473.0,550.0,628.2565,1.524108,443.82312,587.5567,-40.699768,1.3174212,-0.20668685,537.63025,93.80713
1.5-473-550,0.1457831325,0.291566265,0.8705746216627653,-0.0007828117684,1.5,473.0,550.0,521.63135,0.92856336,599.956,480.17615,-41.4552,0.872791,-0.055772364,650.19244,50.23645
1.5-473-550,0.386746988,0.773493976,0.7892004020960466,0.000709640905,1.5,473.0,550.0,686.04724,2.255607,173.03725,691.9184,5.871155,2.1250362,-0.13057065,301.4408,128.40355
1.5-473-550,0.365060241,0.730120482,0.7525573838264147,-0.0006766918789,1.5,473.0,550.0,660.27966,2.055883,337.4531,668.76514,8.485474,2.0977945,0.041911602,346.60406,9.15097
1.5-473-550,0.04081632652,0.08163265304,0.9915009044774012,0.0008915474413,1.5,473.0,550.0,473.00003,0.083934836,649.85333,465.69833,-7.301697,-0.05816764,-0.14210248,640.37366,-9.479675
1.5-473-550,0.3325301205,0.665060241,0.47796385156444166,-0.0004297801918,1.5,473.0,550.0,597.3698,1.753471,496.99005,584.38947,-12.980347,1.8037215,0.05025053,517.41547,20.425415
1.5-473-550,0.1180722891,0.2361445782,0.9671530515086588,-0.0008696541017,1.5,473.0,550.0,540.42224,0.59553087,578.8959,524.4951,-15.927124,0.14436758,-0.4511633,558.2049,-20.690979
1.5-473-550,0.3915662651,0.7831325302,0.9999999997775775,0.0008991897406,1.5,473.0,550.0,1103.6387,-5.322157e-09,47.77884,992.1593,-111.47937,-1.0335253,-1.0335253,90.5116,42.732758
1.5-473-550,0.4693877551,0.9387755102,0.03282169734692774,-2.951293353e-05,1.5,473.0,550.0,653.7423,2.0162723,376.83228,624.85596,-28.886353,2.236753,0.22048068,412.06454,35.23227
1.5-473-550,0.2409638554,0.4819277108,0.22784103833049427,-0.0002048723242,1.5,473.0,550.0,519.01337,1.3721049,602.8672,516.09143,-2.921936,1.2414234,-0.13068151,631.39734,28.530151
1.5-473-550,0.1975903614,0.3951807228,0.9772248215579286,-0.000878710534,1.5,473.0,550.0,1076.2534,0.52493167,49.3385,1154.6523,78.398926,-0.35425574,-0.8791874,20.69928,-28.639221
1.5-473-550,0.3337349398,0.6674698796,0.9945113832197316,0.0008942544329,1.5,473.0,550.0,1133.0896,0.20149857,46.192688,1243.6849,110.59534,-0.7304955,-0.9319941,50.781403,4.5887146
1.5-473-550,0.3674698796,0.7349397592,0.03282169734692774,-2.951293353e-05,1.5,473.0,550.0,594.2706,1.8795182,501.6219,577.24066,-17.029968,1.8918902,0.012372017,514.4648,12.8428955
1.5-473-550,0.365060241,0.730120482,0.9811301446957078,-0.0008822221605,1.5,473.0,550.0,1035.6685,0.7895576,51.90576,1093.077,57.40857,-0.63858515,-1.4281428,63.101746,11.195984
1.5-473-550,0.1626506024,0.3253012048,0.9772248215579286,0.000878710534,1.5,473.0,550.0,747.38574,0.58633304,95.860825,886.7635,139.37775,-0.30493432,-0.89126736,-7.5006704,-103.361496
1.5-473-550,0.3843373495,0.768674699,0.3542741437603377,0.0003185596755,1.5,473.0,550.0,620.9444,2.0444086,458.80508,609.4627,-11.481689,2.0188603,-0.02554822,462.92072,4.115631
1.5-473-550,0.2253012048,0.4506024096,0.09831793590232207,-8.84064793e-05,1.5,473.0,550.0,513.71893,1.3346217,608.7546,509.02322,-4.695709,1.2057024,-0.12891924,636.7015,27.9469
1.5-473-550,0.2144578313,0.4289156626,0.7525573838264147,-0.0006766918789,1.5,473.0,550.0,556.8795,1.3084493,558.3386,528.88965,-27.989868,1.1048205,-0.20362878,622.02655,63.687927
1.5-473-550,0.2662650602,0.5325301204,0.9973789933391554,0.0008968329585,1.5,473.0,550.0,1203.3174,0.07431745,42.92801,1333.1251,129.80774,-0.61071974,-0.6850372,49.839478,6.9114685
1.5-473-550,0.4346938775,0.869387755,0.8475322498919685,-0.0007620923041,1.5,473.0,550.0,670.68384,1.6583607,250.6656,674.62805,3.9442139,1.7723264,0.11396563,321.97864,71.313034
1.5-473-550,0.4469387755,0.893877551,0.9215172744995802,-0.0008286188792,1.5,473.0,550.0,664.2622,1.356466,311.0748,634.0996,-30.162598,1.1316447,-0.22482133,401.09045,90.015656
1.5-473-550,0.002040816295,0.00408163259,0.7098470004029654,0.0006382871403,1.5,473.0,550.0,473.00003,0.98854274,649.85333,453.35083,-19.6492,0.95096487,-0.037577868,638.01416,-11.839172
1.5-473-550,0.4387755102,0.8775510204,0.09831793589120096,8.840647929e-05,1.5,473.0,550.0,642.855,2.0526679,411.6745,619.16833,-23.686646,2.1708694,0.118201494,431.1794,19.504913
1.5-473-550,0.1710843373,0.3421686746,0.9993254186825348,0.0008985831642,1.5,473.0,550.0,958.92896,0.015009278,57.8808,1110.098,151.16907,-0.64305407,-0.65806335,-32.381012,-90.26181
1.5-473-550,0.3313253012,0.6626506024,0.8705746216627653,-0.0007828117684,1.5,473.0,550.0,764.82886,1.8876592,89.95189,723.7288,-41.100037,2.0112388,0.12357962,208.6825,118.730606
1.5-473-550,0.3614457832,0.7228915664,0.9872047710533666,-0.0008876844022,1.5,473.0,550.0,1070.0009,0.5369796,49.69339,1129.4425,59.44165,-0.7397569,-1.2767365,56.210846,6.517456
1.5-473-550,0.3939759037,0.7879518074,0.993141646395439,0.0008930227796,1.5,473.0,550.0,1066.0803,0.36561924,49.94156,945.7885,-120.29181,-0.93033737,-1.2959566,111.52017,61.578613
1.5-473-550,0.3746987952,0.7493975904,0.8206166047262803,-0.0007378900321,1.5,473.0,550.0,707.921,2.1709616,123.51216,703.484,-4.4370117,2.1344259,-0.03653574,273.89496,150.3828
1.5-473-550,0.2855421687,0.5710843374,0.7098470004029654,0.0006382871403,1.5,473.0,550.0,619.2169,1.6322094,461.35403,585.64545,-33.571472,1.5849993,-0.047210097,529.1145,67.76047
1.5-473-550,0.1518072289,0.3036144578,0.998978267368595,-0.0008982710093,1.5,473.0,550.0,844.73517,0.030197615,71.46323,966.4365,121.701355,-0.6357983,-0.6659959,-54.066498,-125.529724
1.5-473-550,0.386746988,0.773493976,0.7525573838264147,-0.0006766918789,1.5,473.0,550.0,668.4156,2.2229698,272.96234,679.28265,10.867065,2.1254666,-0.097503185,327.93967,54.977325
1.5-473-550,0.4775510204,0.9551020408,0.9895407848051817,-0.0008897849218,1.5,473.0,550.0,658.29016,0.5471288,358.4727,579.1914,-79.098755,-0.06890357,-0.61603236,438.70148,80.22879
1.5-473-550,0.0897959184,0.1795918368,0.9999999997775775,0.0008991897406,1.5,473.0,550.0,473.00003,-5.322157e-09,649.85333,552.06757,79.067535,-0.36424774,-0.36424774,427.84167,-222.01166
1.5-473-550,0.3939759037,0.7879518074,0.9671530515086588,0.0008696541017,1.5,473.0,550.0,944.1716,1.4622393,59.23642,791.5294,-152.64215,-0.096595354,-1.5588347,213.41467,154.17825
1.5-473-550,0.09795918369,0.19591836738,0.9772248216691397,-0.0008787105341,1.5,473.0,550.0,473.00165,0.23724598,649.8518,505.4229,32.421265,0.014410073,-0.2228359,582.683,-67.16882
1.5-473-550,0.2192771084,0.4385542168,0.9999999998887887,0.0008991897407,1.5,473.0,550.0,1297.7024,-5.322157e-09,39.923004,1297.9932,0.29077148,-0.62955934,-0.62955934,25.2117,-14.711304
1.5-473-550,0.2493975904,0.4987951808,0.8206166047262803,0.0007378900321,1.5,473.0,550.0,643.92865,1.5317904,406.7174,608.19806,-35.73059,1.3028133,-0.22897708,503.5756,96.858185
1.5-473-550,0.1144578313,0.2289156626,0.9442484491033019,-0.0008490585182,1.5,473.0,550.0,510.64822,0.68109673,612.07654,475.07178,-35.576447,0.44640824,-0.23468849,661.20856,49.13202
1.5-473-550,0.1036144578,0.2072289156,0.7525573838264147,0.0006766918789,1.5,473.0,550.0,473.58325,0.9394422,649.30316,465.5091,-8.074158,0.987662,0.0482198,634.31805,-14.985107
1.5-473-550,0.330120482,0.660240964,0.9772248215579286,0.000878710534,1.5,473.0,550.0,1048.8806,0.8043196,51.041687,1221.1705,172.28992,-0.42557138,-1.2298911,63.699768,12.658081
1.5-473-550,0.2807228916,0.5614457832,0.9985491866279087,-0.0008978851843,1.5,473.0,550.0,1192.815,0.042223867,43.37436,1329.6831,136.86816,-0.6395481,-0.681772,51.224,7.84964
1.5-473-550,0.07959183676,0.15918367352,0.998978267368595,-0.0008982710093,1.5,473.0,550.0,473.00003,0.009697134,649.85333,520.3233,47.323273,-0.28598994,-0.29568708,516.3536,-133.49976
1.5-473-550,0.0755102041,0.1510204082,0.9872047710533666,0.0008876844022,1.5,473.0,550.0,473.00003,0.13230926,649.85333,488.91885,15.918823,-0.08116246,-0.21347171,603.3571,-46.496216
1.5-473-550,0.0612244898,0.1224489796,0.22784103821928303,0.0002048723241,1.5,473.0,550.0,473.00003,1.1811188,649.85333,471.67502,-1.3250122,1.1122997,-0.068819165,638.9288,-10.924561
1.5-473-550,0.1951807228,0.3903614456,0.9671530515086588,-0.0008696541017,1.5,473.0,550.0,993.76807,0.7193528,54.997772,1078.2495,84.481445,-0.16132623,-0.880679,31.291473,-23.706299
1.5-473-550,0.156626506,0.313253012,0.9945113832197316,0.0008942544329,1.5,473.0,550.0,838.2721,0.16185403,72.4939,975.43097,137.15887,-0.5846798,-0.7465338,-46.15332,-118.64722
1.5-473-550,0.3831325302,0.7662650604,0.09831793590232207,-8.84064793e-05,1.5,473.0,550.0,609.27563,1.99941,478.7454,589.977,-19.298645,1.9724342,-0.02697587,491.38736,12.641968
1.5-473-550,0.05918367348,0.11836734696,0.9999999997775775,0.0008991897406,1.5,473.0,550.0,473.00003,-5.322157e-09,649.85333,488.58273,15.582703,-0.21362728,-0.21362728,592.438,-57.415344
1.5-473-550,0.4673469388,0.9346938776,0.9980223152919674,0.000897411427,1.5,473.0,550.0,659.48517,0.10401433,353.64825,599.2303,-60.254883,-0.30692285,-0.4109372,408.92023,55.271973
1.5-473-550,0.4244897959,0.8489795918,0.999825745120423,0.0008990330526,1.5,473.0,550.0,698.50977,0.0067314454,128.96494,752.2461,53.73633,-0.8451018,-0.8518332,244.98022,116.01529
1.5-473-550,0.3578313253,0.7156626506,0.8705746216627653,-0.0007828117684,1.5,473.0,550.0,770.9247,2.0189195,87.74043,730.8069,-40.117798,2.121526,0.102606535,201.18004,113.439606
1.5-473-550,0.191566265,0.38313253,0.993141646395439,0.0008930227796,1.5,473.0,550.0,1091.133,0.16534674,48.463623,1194.2533,103.12024,-0.5695942,-0.73494095,-0.065825514,-48.52945
1.5-473-550,0.3048192771,0.6096385542,0.9442484491033019,-0.0008490585182,1.5,473.0,550.0,931.0621,1.3977277,60.576447,1129.2383,198.17621,0.5455107,-0.852217,97.34032,36.76387
1.5-473-550,0.4367346939,0.8734693878,0.9993254186825348,-0.0008985831642,1.5,473.0,550.0,673.06494,0.038557347,229.58864,684.8978,11.832886,-0.6755175,-0.71407485,308.64102,79.05238
1.5-473-550,0.06326530613,0.12653061226,0.9772248215579286,-0.000878710534,1.5,473.0,550.0,473.00003,0.23855823,649.85333,466.67596,-6.324066,0.0736677,-0.16489053,646.6081,-3.2452393
1.5-473-550,0.06734693879,0.13469387758,0.993141646395439,0.0008930227796,1.5,473.0,550.0,473.00003,0.070544235,649.85333,488.00244,15.002411,-0.14328748,-0.21383172,599.4395,-50.41382
1.5-473-550,0.2457831325,0.491566265,0.7525573838264147,0.0006766918789,1.5,473.0,550.0,602.4778,1.4700065,488.80103,562.7264,-39.751404,1.2704318,-0.19957471,579.0705,90.26947
1.5-473-550,0.2180722891,0.4361445782,0.5396442234408553,-0.0004852425494,1.5,473.0,550.0,525.2139,1.3136376,595.9721,509.95895,-15.254974,1.1500386,-0.16359901,638.68756,42.715454
1.5-473-550,0.4918367347,0.9836734694,0.7525573838264147,-0.0006766918789,1.5,473.0,550.0,657.3347,1.6728219,362.32977,640.6835,-16.651245,1.7420367,0.06921482,361.5296,-0.8001709
1.5-473-550,0.4734693878,0.9469387756,0.03282169734692774,-2.951293353e-05,1.5,473.0,550.0,654.8952,1.9996629,372.17807,625.9389,-28.956299,2.2429538,0.2432909,409.36935,37.191284
1.5-473-550,0.3072289157,0.6144578314,0.9337895728803226,-0.000839654004,1.5,473.0,550.0,900.3505,1.5108516,63.92447,1031.3833,131.03278,0.9918331,-0.51901853,98.664,34.739532
1.5-473-550,0.06734693879,0.13469387758,0.8705746216627653,-0.0007828117684,1.5,473.0,550.0,473.00003,0.7883516,649.85333,450.46307,-22.536957,0.7621112,-0.026240408,650.43634,0.5830078
1.5-473-550,0.3602409639,0.7204819278,0.993141646395439,0.0008930227796,1.5,473.0,550.0,1101.4379,0.28695977,47.871155,1149.305,47.867188,-0.8274042,-1.1143639,52.38208,4.5109253
1.5-473-550,0.1060240963,0.2120481926,0.9337895728803226,0.000839654004,1.5,473.0,550.0,490.63766,0.6655585,632.4847,462.85406,-27.7836,0.5259798,-0.1395787,668.0502,35.56549
1.5-473-550,0.3337349398,0.6674698796,0.9215172744995802,-0.0008286188792,1.5,473.0,550.0,863.62866,1.6981297,68.678986,858.9124,-4.7162476,1.6884117,-0.009717941,95.39159,26.7126
1.5-473-550,0.2831325301,0.5662650602,0.16340484119544796,0.0001469319568,1.5,473.0,550.0,528.7595,1.4808748,592.0294,535.3976,6.6380615,1.4370108,-0.04386401,604.0119,11.982483
1.5-473-550,0.1168674698,0.2337349396,0.6600967573005477,-0.0005935522321,1.5,473.0,550.0,479.83612,1.0014423,643.38464,471.93735,-7.898773,1.040124,0.038681746,631.8208,-11.563843
1.5-473-550,0.2674698795,0.534939759,0.9442484491033019,0.0008490585182,1.5,473.0,550.0,954.9438,1.2795763,58.299194,1159.8003,204.8565,0.40313363,-0.8764427,108.2437,49.944504
1.5-473-550,0.2072289156,0.4144578312,0.16340484097302546,-0.0001469319566,1.5,473.0,550.0,509.25073,1.2808301,613.64825,502.32407,-6.9266663,1.153718,-0.12711215,641.1684,27.520142
1.5-473-550,0.07755102043,0.15510204086,0.3542741437603377,0.0003185596755,1.5,473.0,550.0,473.00003,1.1494406,649.85333,472.03818,-0.961853,1.0933952,-0.056045413,633.181,-16.672302
1.5-473-550,0.1433734939,0.2867469878,0.9895407848051817,0.0008897849218,1.5,473.0,550.0,727.9243,0.3787135,104.49844,816.68256,88.75824,-0.47677034,-0.85548383,-18.533081,-123.031525
1.5-473-550,0.0897959184,0.1795918368,0.9671530515086588,0.0008696541017,1.5,473.0,550.0,473.00003,0.34258676,649.85333,476.89108,3.8910522,0.17340052,-0.16918623,642.6295,-7.223816
1.5-473-550,0.06938775512,0.13877551024,0.9956514833048237,-0.0008952795992,1.5,473.0,550.0,473.00003,0.044328567,649.85333,494.701,21.700958,-0.1872744,-0.23160297,582.6976,-67.15576
1.5-473-550,0.3674698796,0.7349397592,0.9996041061370615,-0.0008988337571,1.5,473.0,550.0,1126.932,0.013893897,46.50891,1130.5082,3.5761719,-0.9460774,-0.9599713,52.97946,6.4705505
1.5-473-550,0.1626506024,0.3253012048,0.9215172744995802,0.0008286188792,1.5,473.0,550.0,570.96844,0.9246541,537.5311,517.31104,-53.65741,0.7399033,-0.18475085,624.388,86.85687
1.5-473-550,0.004081632618,0.008163265236,0.8902853188558087,-0.0008005354251,1.5,473.0,550.0,473.00003,0.8438583,649.85333,444.23862,-28.761414,0.60274106,-0.24111724,657.5033,7.6499634
1.5-473-550,0.3602409639,0.7204819278,0.9895407848051817,-0.0008897849218,1.5,473.0,550.0,1083.1648,0.43771127,48.926697,1140.9568,57.791992,-0.7729117,-1.210623,54.29065,5.3639526
1.5-473-550,0.02040816324,0.04081632648,0.7098470004029654,0.0006382871403,1.5,473.0,550.0,473.00003,0.9985409,649.85333,455.3843,-17.615723,0.964689,-0.033851862,635.2914,-14.561951
1.5-473-550,0.08367346941,0.16734693882,0.9872047710533666,0.0008876844022,1.5,473.0,550.0,473.00003,0.13210744,649.85333,501.04156,28.041534,-0.106396385,-0.23850381,578.18774,-71.66559
1.5-473-550,0.4469387755,0.893877551,0.993141646395439,0.0008930227796,1.5,473.0,550.0,665.1689,0.3970818,302.4602,631.3707,-33.798157,-0.39294285,-0.79002464,369.33942,66.87921
1.5-473-550,0.3060240964,0.6120481928,0.9215172744995802,-0.0008286188792,1.5,473.0,550.0,868.7297,1.6032159,67.977905,923.17084,54.441162,1.3953867,-0.20782924,108.97241,40.994507
1.5-473-550,0.2638554217,0.5277108434,0.09831793590232207,-8.84064793e-05,1.5,473.0,550.0,522.4491,1.4281265,599.0467,525.1446,2.6954956,1.345723,-0.08240342,618.4726,19.425903
1.5-473-550,0.3722891567,0.7445783134,0.960723235489121,-0.0008638724771,1.5,473.0,550.0,942.5418,1.4280868,59.397614,939.9758,-2.565979,0.10832553,-1.3197613,117.30893,57.911316
1.5-473-550,0.1506024096,0.3012048192,0.999825745120423,0.0008990330526,1.5,473.0,550.0,842.91754,0.0031983799,71.75308,962.25226,119.33472,-0.64475757,-0.64795595,-55.589905,-127.34299
1.5-473-550,0.3807228916,0.7614457832,0.03282169734692774,-2.951293353e-05,1.5,473.0,550.0,606.39197,1.9774607,483.2846,584.7563,-21.635681,1.9559133,-0.021547437,498.45837,15.173767
1.5-473-550,0.321686747,0.643373494,0.9442484491033019,0.0008490585182,1.5,473.0,550.0,924.50964,1.4505085,61.24707,1087.032,162.52234,0.66986436,-0.7806441,88.52803,27.28096
1.5-473-550,0.1361445783,0.2722891566,0.8206166047262803,0.0007378900321,1.5,473.0,550.0,503.63757,0.94389826,619.3288,473.9776,-29.659973,0.94614106,0.0022428036,642.9629,23.634094
1.5-473-550,0.1831325301,0.3662650602,0.9945113832197316,-0.0008942544329,1.5,473.0,550.0,1017.7369,0.1281088,53.16339,1158.2332,140.49628,-0.58785516,-0.71596396,-12.571898,-65.73529
1.5-473-550,0.2686746988,0.5373493976,0.9215172744995802,0.0008286188792,1.5,473.0,550.0,877.5135,1.4850645,66.78903,955.13495,77.62146,1.1425302,-0.3425343,137.16386,70.37483
1.5-473-550,0.1060240963,0.2120481926,0.7892004020960466,0.000709640905,1.5,473.0,550.0,475.8386,0.9056554,647.1756,464.23587,-11.602722,0.95686275,0.051207364,637.35736,-9.818237
1.5-473-550,0.008163265274,0.016326530548,0.9895407848051817,-0.0008897849218,1.5,473.0,550.0,473.00003,0.09759324,649.85333,454.80255,-18.19748,0.0055407234,-0.09205252,655.671,5.817688
1.5-473-550,0.1228915662,0.2457831324,0.8206166047262803,-0.0007378900321,1.5,473.0,550.0,492.78983,0.9141512,630.3067,468.11343,-24.676392,0.93480307,0.020651877,641.9208,11.614075
1.5-473-550,0.3385542169,0.6771084338,0.9726063657286781,-0.0008745576659,1.5,473.0,550.0,1018.3068,0.9753685,53.135315,1183.8143,165.5075,-0.340766,-1.3161345,65.38327,12.247955
1.5-473-550,0.3771084338,0.7542168676,0.8902853188558087,0.0008005354251,1.5,473.0,550.0,805.17145,2.078282,78.86746,737.98254,-67.1889,2.0275612,-0.05072093,198.40851,119.541046
1.5-473-550,0.01632653059,0.03265306118,0.9999999997775775,0.0008991897406,1.5,473.0,550.0,473.00003,-5.322157e-09,649.85333,461.52936,-11.470673,-0.10501725,-0.105017245,644.34406,-5.5092773
1.5-473-550,0.2084337349,0.4168674698,0.4163512326852384,0.000374378757,1.5,473.0,550.0,515.5002,1.2797241,606.7738,503.19043,-12.309753,1.1328626,-0.14686155,641.02527,34.251465
1.5-473-550,0.4020408163,0.8040816326,0.9531521910353185,0.0008570646716,1.5,473.0,550.0,859.22687,1.774426,69.37552,695.71436,-163.51251,0.6821475,-1.0922785,308.3765,239.00098
1.5-473-550,0.286746988,0.573493976,0.9915009044774012,-0.0008915474413,1.5,473.0,550.0,1155.3081,0.2643103,45.09732,1316.521,161.21289,-0.56531626,-0.82962656,57.513977,12.4166565
1.5-473-550,0.4571428571,0.9142857142,0.9996041061370615,-0.0008988337571,1.5,473.0,550.0,661.4975,0.01754349,337.34198,620.6668,-40.83069,-0.43759865,-0.45514214,381.17773,43.835754
1.5-473-550,0.3,0.6,0.9996041060258503,0.000898833757,1.5,473.0,550.0,1180.9823,0.01046055,43.906403,1313.5623,132.57996,-0.6879794,-0.69843996,51.106873,7.20047
1.5-473-550,0.134939759,0.269879518,0.998978267368595,-0.0008982710093,1.5,473.0,550.0,768.7081,0.04076248,87.89551,819.5606,50.852478,-0.6021562,-0.6429187,-34.78769,-122.6832
1.5-473-550,0.06734693879,0.13469387758,0.29146971579860803,-0.0002620865782,1.5,473.0,550.0,473.00003,1.1649005,649.85333,471.56934,-1.4306946,1.1034253,-0.061475277,635.7936,-14.059753
1.5-473-550,0.178313253,0.356626506,0.9973789933391554,0.0008968329585,1.5,473.0,550.0,994.27527,0.06174582,54.93042,1144.1428,149.86755,-0.62042135,-0.6821672,-20.962738,-75.89316
1.5-473-550,0.4612244898,0.9224489796,0.993141646395439,0.0008930227796,1.5,473.0,550.0,660.54395,0.3730855,346.40198,602.3552,-58.18872,-0.2536357,-0.6267212,406.3739,59.971924
1.5-473-550,0.3542168675,0.708433735,0.8902853188558087,0.0008005354251,1.5,473.0,550.0,803.16406,1.9437115,79.37019,749.97723,-53.18683,2.0828233,0.13911176,162.46573,83.095535
1.5-473-550,0.3397590362,0.6795180724,0.8206166047262803,-0.0007378900321,1.5,473.0,550.0,687.6178,1.9498575,180.3902,685.63873,-1.979065,2.0541067,0.10424924,299.1838,118.79361
1.5-473-550,0.1722891566,0.3445783132,0.6021818746711394,-0.0005414757638,1.5,473.0,550.0,508.8357,1.1071732,614.03906,489.046,-19.789703,1.0716418,-0.0355314,639.8737,25.834656
1.5-473-550,0.2337349397,0.4674698794,0.9973789933391554,0.0008968329585,1.5,473.0,550.0,1262.6968,0.06555664,40.561493,1316.02,53.323242,-0.6008466,-0.66640323,37.048584,-3.512909
1.5-473-550,0.1662650602,0.3325301204,0.9985491866279087,-0.0008978851843,1.5,473.0,550.0,920.5554,0.03667211,61.5773,1074.4299,153.87451,-0.63589877,-0.6725709,-38.85025,-100.42755
1.5-473-550,0.3698795181,0.7397590362,0.9915009044774012,-0.0008915474413,1.5,473.0,550.0,1084.6997,0.37482214,48.837463,1097.9817,13.281982,-0.8475347,-1.2223568,59.47348,10.636017
1.5-473-550,0.3783132531,0.7566265062,0.9915009044774012,0.0008915474413,1.5,473.0,550.0,1076.5938,0.39532977,49.308685,1048.8937,-27.700073,-0.8810045,-1.2763343,70.78134,21.472656
1.5-473-550,0.1987951807,0.3975903614,0.9980223152919674,0.000897411427,1.5,473.0,550.0,1195.729,0.046059605,43.255585,1238.7727,43.0437,-0.6180549,-0.66411453,6.289277,-36.96631
1.5-473-550,0.004081632618,0.008163265236,0.9999999997775775,-0.0008991897406,1.5,473.0,550.0,473.00003,-5.322157e-09,649.85333,458.24536,-14.754669,-0.0851369,-0.08513689,649.73175,-0.12158203
1.5-473-550,0.09387755105,0.1877551021,0.9337895728803226,0.000839654004,1.5,473.0,550.0,473.00003,0.5808786,649.85333,457.4269,-15.57312,0.508749,-0.07212961,667.7996,17.94629
1.5-473-550,0.2795180723,0.5590361446,0.7892004020960466,0.000709640905,1.5,473.0,550.0,644.1233,1.6459668,407.33063,616.68976,-27.433533,1.5632458,-0.082720995,471.8281,64.49747
1.5-473-550,0.0244897959,0.0489795918,0.9999999997775775,0.0008991897406,1.5,473.0,550.0,473.00003,-5.322157e-09,649.85333,464.40967,-8.590363,-0.12040729,-0.12040728,639.5497,-10.30365
1.5-473-550,0.3156626506,0.6313253012,0.29146971579860803,-0.0002620865782,1.5,473.0,550.0,557.28815,1.61494,557.7668,558.35974,1.0715942,1.6400628,0.025122762,564.88794,7.121155
1.5-473-550,0.1445783132,0.2891566264,0.7892004020960466,0.000709640905,1.5,473.0,550.0,506.53964,0.98175853,616.3919,478.13184,-28.407806,0.9848362,0.0030776858,641.2465,24.854614
1.5-473-550,0.2457831325,0.491566265,0.9996041061370615,-0.0008988337571,1.5,473.0,550.0,1239.8451,0.00872522,41.432465,1330.5767,90.73157,-0.6237305,-0.6324557,41.421936,-0.010528564
1.5-473-550,0.2192771084,0.4385542168,0.9998257452316341,0.0008990330527,1.5,473.0,550.0,1297.3317,0.0024145192,39.923004,1297.6611,0.32946777,-0.6278849,-0.63029945,25.327911,-14.595093
1.5-473-550,0.2361445783,0.4722891566,0.4163512326852384,0.000374378757,1.5,473.0,550.0,523.4825,1.3620932,597.8975,516.42847,-7.054016,1.2157451,-0.14634812,633.7481,35.850586
1.5-473-550,0.2253012048,0.4506024096,0.9993254186825348,0.0008985831642,1.5,473.0,550.0,1291.4263,0.014910812,39.923004,1307.4434,16.01709,-0.62152463,-0.63643545,30.179016,-9.743988
1.5-473-550,0.2963855422,0.5927710844,0.999825745120423,0.0008990330526,1.5,473.0,550.0,1185.0266,0.0031613058,43.721466,1318.0099,132.98328,-0.68215996,-0.6853213,51.00241,7.280945
1.5-473-550,0.2963855422,0.5927710844,0.9993254186825348,-0.0008985831642,1.5,473.0,550.0,1182.8345,0.019395405,43.821716,1317.4413,134.60681,-0.6765644,-0.6959598,51.36331,7.5415955
1.5-473-550,0.09795918369,0.19591836738,0.9973789935615778,0.0008968329587,1.5,473.0,550.0,473.0041,0.026132042,649.8495,571.8157,98.811584,-0.3668875,-0.39301956,375.4976,-274.3519
1.5-473-550,0.1951807228,0.3903614456,0.9726063657286781,-0.0008745576659,1.5,473.0,550.0,1026.7009,0.61654496,52.544434,1115.1699,88.468994,-0.27254242,-0.8890874,23.095001,-29.449432
1.5-473-550,0.4632653061,0.9265306122,0.9811301446957078,-0.0008822221605,1.5,473.0,550.0,660.09106,0.81581104,350.45425,588.76154,-71.32953,0.024662847,-0.7911482,430.02728,79.57303
1.5-473-550,0.3036144579,0.6072289158,0.9895407848051817,-0.0008897849218,1.5,473.0,550.0,1131.3961,0.34429663,46.276154,1295.8611,164.46497,-0.56998056,-0.9142772,58.625824,12.34967
1.5-473-550,0.3132530121,0.6265060242,0.8705746216627653,-0.0007828117684,1.5,473.0,550.0,758.0872,1.8151795,92.60271,720.8948,-37.192444,1.8732523,0.058072805,228.47304,135.87033
1.5-473-550,0.3987951807,0.7975903614,0.9985491868503311,0.0008978851845,1.5,473.0,550.0,1089.6318,0.076271646,48.55072,934.0924,-155.53943,-1.0115782,-1.0878499,117.817825,69.267105
1.5-473-550,0.03469387754,0.06938775508,0.7098470004029654,-0.0006382871403,1.5,473.0,550.0,473.00003,0.9752267,649.85333,457.0394,-15.960632,0.9747682,-0.00045847893,633.5825,-16.270813
1.5-473-550,0.4877551021,0.9755102042,0.16340484097302546,-0.0001469319566,1.5,473.0,550.0,656.66736,1.9566419,365.02396,638.6908,-17.976562,2.237446,0.28080416,391.93494,26.91098
1.5-473-550,0.3746987952,0.7493975904,0.960723235489121,0.0008638724771,1.5,473.0,550.0,940.7903,1.4434072,59.57083,919.0641,-21.726196,0.1203463,-1.3230609,127.79625,68.22542
1.5-473-550,0.3361445784,0.6722891568,0.9915009044774012,0.0008915474413,1.5,473.0,550.0,1116.3074,0.31612456,47.07666,1232.3746,116.06726,-0.6974867,-1.0136113,52.169098,5.0924377
1.5-473-550,0.006122448946,0.012244897892,0.9071317792997667,-0.0008156835895,1.5,473.0,550.0,473.00003,0.725313,649.85333,443.96088,-29.039154,0.53806823,-0.18724477,660.10144,10.248108
1.5-473-550,0.1843373494,0.3686746988,0.2914697156873968,0.0002620865781,1.5,473.0,550.0,503.15527,1.1758709,619.8169,494.30228,-8.852997,1.1055977,-0.07027316,642.4501,22.633179
1.5-473-550,0.2686746988,0.5373493976,0.993141646395439,-0.0008930227796,1.5,473.0,550.0,1181.7953,0.19914722,43.869232,1327.0863,145.29102,-0.56508726,-0.7642345,53.979187,10.109955
1.5-473-550,0.4489795918,0.8979591836,0.7525573838264147,-0.0006766918789,1.5,473.0,550.0,661.0541,1.6793755,341.55545,666.92236,5.868286,1.948762,0.26938653,333.96317,-7.592285
1.5-473-550,0.1156626505,0.231325301,0.960723235489121,-0.0008638724771,1.5,473.0,550.0,526.4863,0.61604667,594.55725,501.4114,-25.07492,0.25023896,-0.3658077,614.2665,19.709229
1.5-473-550,0.01428571426,0.02857142852,0.8902853187445975,0.000800535425,1.5,473.0,550.0,473.00003,0.7132847,649.85333,444.66702,-28.333008,0.61687165,-0.09641302,656.68616,6.8328247
1.5-473-550,0.3879518073,0.7759036146,0.16340484097302546,-0.0001469319566,1.5,473.0,550.0,614.71155,2.0448918,469.65277,597.0151,-17.696472,2.0011277,-0.043764114,480.39307,10.740295
1.5-473-550,0.3445783133,0.6891566266,0.9844268823757469,-0.0008851865532,1.5,473.0,550.0,1073.1471,0.5961173,49.509064,1192.5519,119.404785,-0.6162854,-1.2124027,55.43039,5.9213257
1.5-473-550,0.1819277108,0.3638554216,0.29146971579860803,-0.0002620865782,1.5,473.0,550.0,502.20605,1.1672876,620.7775,493.5516,-8.654449,1.1031578,-0.06412983,642.4265,21.648987
1.5-473-550,0.2554216867,0.5108433734,0.09831793589120096,8.840647929e-05,1.5,473.0,550.0,520.5528,1.4084314,601.15533,521.39813,0.8453369,1.3096017,-0.098829746,623.54944,22.394104
1.5-473-550,0.4938775511,0.9877551022,0.9999999997775775,0.0008991897406,1.5,473.0,550.0,657.493,-5.322157e-09,361.6908,570.6159,-86.877075,-0.16434544,-0.16434544,445.1273,83.43649
1.5-473-550,0.06938775512,0.13877551024,0.9915009044774012,-0.0008915474413,1.5,473.0,550.0,473.00003,0.08766132,649.85333,487.97787,14.977844,-0.12593752,-0.21359885,600.9997,-48.853638
1.5-473-550,0.4244897959,0.8489795918,0.8902853187445975,0.000800535425,1.5,473.0,550.0,690.317,1.7915484,141.90697,680.09045,-10.2265625,1.6218706,-0.16967773,321.69476,179.7878
1.5-473-550,0.1927710843,0.3855421686,0.9996041060258503,0.000898833757,1.5,473.0,550.0,1140.8176,0.007703299,45.811707,1220.9958,80.17822,-0.6363917,-0.644095,-1.9377127,-47.74942
1.5-473-550,0.1759036144,0.3518072288,0.9337895728803226,0.000839654004,1.5,473.0,550.0,621.60406,0.9642175,456.75732,601.07104,-20.53302,0.7278041,-0.23641336,445.1036,-11.653717
1.5-473-550,0.3192771085,0.638554217,0.960723235489121,-0.0008638724771,1.5,473.0,550.0,982.21265,1.1894541,55.909454,1196.3604,214.1477,0.0130618755,-1.1763922,81.86856,25.959106
1.5-473-550,0.2855421687,0.5710843374,0.9071317792997667,-0.0008156835895,1.5,473.0,550.0,832.75165,1.6171836,73.68787,846.2741,13.522461,1.4956677,-0.12151587,156.05103,82.36316
1.5-473-550,0.1674698795,0.334939759,0.29146971579860803,-0.0002620865782,1.5,473.0,550.0,496.26688,1.1282449,626.78796,489.38937,-6.8775024,1.0922532,-0.03599167,641.8148,15.026855
1.5-473-550,0.1831325301,0.3662650602,0.7098470004029654,0.0006382871403,1.5,473.0,550.0,524.82965,1.126834,596.3994,496.46326,-28.366394,1.0589353,-0.06789875,640.92737,44.527954
1.5-473-550,0.1722891566,0.3445783132,0.9993254186825348,-0.0008985831642,1.5,473.0,550.0,963.7203,0.015050286,57.462677,1117.5598,153.83954,-0.64267653,-0.6577268,-30.626709,-88.089386
1.5-473-550,0.3240963856,0.6481927712,0.9956514833048237,0.0008952795992,1.5,473.0,550.0,1146.527,0.1529069,45.530212,1268.4182,121.891235,-0.7103346,-0.8632415,51.487915,5.9577026
1.5-473-550,0.0244897959,0.0489795918,0.9973789933391554,0.0008968329585,1.5,473.0,550.0,473.00003,0.02404576,649.85333,462.77396,-10.226074,-0.092648275,-0.11669403,642.88995,-6.963379
1.5-473-550,0.2445783133,0.4891566266,0.8705746216627653,-0.0007828117684,1.5,473.0,550.0,701.1892,1.5464495,164.43095,670.9063,-30.282898,1.2984678,-0.24798179,405.61755,241.1866
1.5-473-550,0.05306122449,0.10612244898,0.7098470004029654,0.0006382871403,1.5,473.0,550.0,473.00003,0.9841809,649.85333,459.31476,-13.685272,0.986884,0.0027030706,631.98505,-17.868286
1.5-473-550,0.4408163265,0.881632653,0.47796385156444166,0.0004297801918,1.5,473.0,550.0,652.05524,2.01255,383.64307,650.20966,-1.845581,2.154998,0.14244795,385.0818,1.4387207
1.5-473-550,0.3445783133,0.6891566266,0.7098470004029654,-0.0006382871403,1.5,473.0,550.0,645.189,1.9121857,405.22034,637.99835,-7.190674,1.9912273,0.0790416,409.39557,4.175232
1.5-473-550,0.2445783133,0.4891566266,0.9956514833048237,-0.0008952795992,1.5,473.0,550.0,1226.1549,0.1166315,41.975067,1323.8721,97.71716,-0.5829057,-0.6995372,44.060913,2.085846
1.5-473-550,0.3987951808,0.7975903616,0.8902853188558087,0.0008005354251,1.5,473.0,550.0,805.3398,2.2891984,78.794266,713.5087,-91.831055,1.8560034,-0.433195,255.26195,176.46768
1.5-473-550,0.2819277109,0.5638554218,0.998978267368595,-0.0008982710093,1.5,473.0,550.0,1193.5836,0.029130334,43.341705,1329.4661,135.88245,-0.64600426,-0.6751346,51.006317,7.664612
1.5-473-550,0.07142857145,0.1428571429,0.09831793589120096,8.840647929e-05,1.5,473.0,550.0,473.00003,1.1877404,649.85333,474.61832,1.6182861,1.1196201,-0.06812036,645.57745,-4.275879
1.5-473-550,0.1204819277,0.2409638554,0.8902853188558087,-0.0008005354251,1.5,473.0,550.0,500.1589,0.83154535,622.84924,464.16013,-35.99878,0.78232956,-0.049215794,656.76263,33.91339
1.5-473-550,0.3409638555,0.681927711,0.9772248215579286,-0.000878710534,1.5,473.0,550.0,1038.9908,0.8404197,51.675934,1188.2338,149.24292,-0.45809537,-1.2985151,61.095306,9.419373
1.5-473-550,0.1445783132,0.2891566264,0.9996041060258503,0.000898833757,1.5,473.0,550.0,813.3742,0.0115507785,77.0988,909.1536,95.77942,-0.63423103,-0.6457818,-55.052612,-132.15141
1.5-473-550,0.2481927711,0.4963855422,0.3542741439827602,-0.0003185596757,1.5,473.0,550.0,524.3465,1.3947747,596.93677,521.3808,-2.9656982,1.2664058,-0.12836885,628.0457,31.108948
1.5-473-550,0.234939759,0.469879518,0.9895407848051817,-0.0008897849218,1.5,473.0,550.0,1226.4084,0.26596934,41.965027,1303.2009,76.79248,-0.51491636,-0.7808857,44.28955,2.324524
1.5-473-550,0.4265306122,0.8530612244,0.9895407848051817,-0.0008897849218,1.5,473.0,550.0,692.6432,0.6774919,137.21007,693.9683,1.3251343,-0.5477323,-1.2252243,300.0543,162.84422
1.5-473-550,0.02040816324,0.04081632648,0.9980223152919674,-0.000897411427,1.5,473.0,550.0,473.00003,0.017738516,649.85333,461.73868,-11.261353,-0.09207518,-0.10981369,644.38525,-5.4680786
1.5-473-550,0.1542168674,0.3084337348,0.9671530515086588,0.0008696541017,1.5,473.0,550.0,632.2689,0.75859076,435.7457,709.15576,76.88684,-0.0060573868,-0.76464814,126.91167,-308.83405
1.5-473-550,0.1337349397,0.2674698794,0.9973789934503665,-0.0008968329586,1.5,473.0,550.0,750.6978,0.112608366,94.03633,796.44653,45.74872,-0.57326275,-0.6858711,-21.615875,-115.65221
1.5-473-550,0.3337349398,0.6674698796,0.9965972946963587,0.0008961300631,1.5,473.0,550.0,1143.0262,0.1238442,45.70279,1246.7449,103.71863,-0.758074,-0.8819182,49.64267,3.9398804
1.5-473-550,0.2361445783,0.4722891566,0.998978267368595,-0.0008982710093,1.5,473.0,550.0,1261.6317,0.024667496,40.6008,1321.3761,59.744385,-0.61674505,-0.64141256,37.196533,-3.4042664
1.5-473-550,0.1361445783,0.2722891566,0.9985491866279087,0.0008978851843,1.5,473.0,550.0,770.3015,0.05795526,87.41385,826.68567,56.384155,-0.599562,-0.65751725,-36.973297,-124.387146
1.5-473-550,0.1096385542,0.2192771084,0.03282169735804886,2.951293354e-05,1.5,473.0,550.0,473.08966,1.1486346,649.76874,480.23172,7.1420593,1.1107423,-0.037892222,648.4832,-1.2855225
1.5-473-550,0.1795180723,0.3590361446,0.9965972946963587,-0.0008961300631,1.5,473.0,550.0,992.92316,0.08197265,55.035736,1147.4845,154.56134,-0.6117305,-0.6937032,-18.843536,-73.87927
1.5-473-550,0.343373494,0.686746988,0.999825745120423,-0.0008990330526,1.5,473.0,550.0,1149.974,0.0037599152,45.36029,1224.057,74.08301,-0.8382556,-0.8420155,47.33496,1.9746704
1.5-473-550,0.2385542169,0.4771084338,0.09831793590232207,-8.84064793e-05,1.5,473.0,550.0,516.855,1.3652775,605.2673,514.2649,-2.590088,1.2464228,-0.11885476,631.822,26.554749
1.5-473-550,0.1289156626,0.2578313252,0.960723235489121,-0.0008638724771,1.5,473.0,550.0,551.0843,0.69118786,565.8386,533.7755,-17.308777,0.24474621,-0.44644165,548.75226,-17.086365
1.5-473-550,0.1180722891,0.2361445782,0.9945113832197316,-0.0008942544329,1.5,473.0,550.0,662.05493,0.2807274,331.85913,658.4963,-3.5586548,-0.44208223,-0.7228096,152.55913,-179.3
1.5-473-550,0.1759036144,0.3518072288,0.8902853188558087,-0.0008005354251,1.5,473.0,550.0,570.3199,1.0196716,538.5193,521.0565,-49.263367,0.8782596,-0.14141196,631.1715,92.65222
1.5-473-550,0.1,0.2,0.953181878206767,-0.000857091366,1.5,473.0,550.0,475.11288,0.48286694,647.86017,471.1335,-3.97937,0.33970696,-0.14315999,658.8827,11.022522
1.5-473-550,0.05714285715,0.1142857143,0.9956514833048237,-0.0008952795992,1.5,473.0,550.0,473.00003,0.04414111,649.85333,480.65,7.6499634,-0.1472004,-0.19134152,612.1718,-37.68152
1.5-473-550,0.3349397591,0.6698795182,0.9895407848051817,0.0008897849218,1.5,473.0,550.0,1107.6609,0.38674337,47.538666,1232.4581,124.79724,-0.6634597,-1.0502031,53.54306,6.0043945
1.5-473-550,0.3397590362,0.6795180724,0.9531521909241071,0.0008570646715,1.5,473.0,550.0,941.5551,1.3972375,59.49521,1090.3064,148.75128,0.37303233,-1.0242052,80.43263,20.937424
1.5-473-550,0.07755102043,0.15510204086,0.9956514833048237,0.0008952795992,1.5,473.0,550.0,473.00003,0.044259664,649.85333,508.05783,35.0578,-0.22016269,-0.26442236,551.49316,-98.36017
1.5-473-550,0.4081632653,0.8163265306,0.9980223152919674,0.000897411427,1.5,473.0,550.0,790.2167,0.13212538,82.13432,859.4427,69.22601,-0.9642773,-1.0964026,162.65866,80.52434
1.5-473-550,0.0,0.0,0.539871667873015,0.0004854470651,1.5,473.0,550.0,473.00003,0.90842825,649.85333,458.67004,-14.329987,1.0590283,0.15060002,635.0803,-14.77301
1.5-473-550,0.104819277,0.209638554,0.5396442233296441,0.0004852425493,1.5,473.0,550.0,473.12283,1.0673482,649.7374,472.86862,-0.25421143,1.0655413,-0.0018069744,629.8498,-19.887634
1.5-473-550,0.1530120482,0.3060240964,0.9844268823757469,-0.0008851865532,1.5,473.0,550.0,739.89246,0.47068757,98.527115,861.11035,121.217896,-0.41743475,-0.8881223,-21.247345,-119.77446
1.5-473-550,0.265060241,0.530120482,0.9071317792997667,0.0008156835895,1.5,473.0,550.0,836.8857,1.5504609,73.02205,839.23004,2.3443604,1.3784355,-0.17202544,184.41632,111.39427
1.5-473-550,0.1421686747,0.2843373494,0.8902853187445975,0.000800535425,1.5,473.0,550.0,523.40985,0.897527,597.9783,477.77097,-45.638885,0.8156531,-0.081873894,655.3109,57.33264
1.5-473-550,0.2542168675,0.508433735,0.9895407848051817,-0.0008897849218,1.5,473.0,550.0,1179.6655,0.29131973,43.966644,1319.6239,139.95837,-0.5152014,-0.8065211,53.35785,9.391205
1.5-473-550,0.2987951807,0.5975903614,0.9531521908128958,-0.0008570646714,1.5,473.0,550.0,964.3409,1.2609274,57.43219,1197.0225,232.68158,0.20702589,-1.0539016,94.93831,37.50612
1.5-473-550,0.278313253,0.556626506,0.9993254186825348,0.0008985831642,1.5,473.0,550.0,1198.449,0.018148476,43.13492,1331.9076,133.45862,-0.64458615,-0.6627346,50.34189,7.20697
1.5-473-550,0.3060240964,0.6120481928,0.9993254186825348,0.0008985831642,1.5,473.0,550.0,1175.988,0.019915694,44.134827,1305.2467,129.25867,-0.7000117,-0.7199274,51.038025,6.9031982
1.5-473-550,0.3807228916,0.7614457832,0.6021818746711394,-0.0005414757638,1.5,473.0,550.0,642.41864,2.0941496,412.48514,638.42255,-3.9960938,2.0727887,-0.021360874,409.2542,-3.2309265
1.5-473-550,0.4040816326,0.8081632652,0.9442484491033019,-0.0008490585182,1.5,473.0,550.0,822.34375,1.8577368,75.429016,689.07263,-133.27112,1.0242946,-0.8334422,319.5049,244.0759
1.5-473-550,0.1301204819,0.2602409638,0.7892004020960466,0.000709640905,1.5,473.0,550.0,495.57535,0.9514368,627.4878,471.87338,-23.701965,0.9751912,0.023754358,639.56036,12.072571
1.5-473-550,0.4183673469,0.8367346938,0.9071317792997667,-0.0008156835895,1.5,473.0,550.0,710.31415,1.8709075,116.72035,683.9661,-26.348022,1.5379035,-0.333004,321.00455,204.2842
1.5-473-550,0.4183673469,0.8367346938,0.9844268823757469,0.0008851865532,1.5,473.0,550.0,720.56555,0.9649783,109.10962,714.8715,-5.694031,-0.49940342,-1.4643817,279.75735,170.64774
1.5-473-550,0.265060241,0.530120482,0.9772248215579286,0.000878710534,1.5,473.0,550.0,1108.9955,0.64069355,47.471222,1298.5072,189.51172,-0.34729928,-0.9879928,69.40802,21.936798
1.5-473-550,0.1710843373,0.3421686746,0.6600967573005477,-0.0005935522321,1.5,473.0,550.0,512.2112,1.0929271,610.421,488.73102,-23.480164,1.0615104,-0.031416655,640.22546,29.804443
1.5-473-550,0.1506024096,0.3012048192,0.4163512323516047,-0.0003743787567,1.5,473.0,550.0,491.06503,1.0877162,632.0522,484.06177,-7.0032654,1.0779235,-0.0097926855,637.77075,5.718567
1.5-473-550,0.1987951807,0.3975903614,0.9071317792997667,-0.0008156835895,1.5,473.0,550.0,689.08624,1.220591,217.74925,612.067,-77.019226,0.9770839,-0.24350703,491.57074,273.82147
1.5-473-550,0.3253012049,0.6506024098,0.9337895728803226,-0.000839654004,1.5,473.0,550.0,894.6602,1.5713909,64.59747,977.70856,83.04834,1.1957672,-0.3756237,88.42308,23.825607
1.5-473-550,0.2072289156,0.4144578312,0.9671530515086588,0.0008696541017,1.5,473.0,550.0,1118.6448,0.73628664,46.961487,1148.779,30.134277,-0.17424446,-0.9105311,44.73123,-2.2302551
1.5-473-550,0.395180723,0.790361446,0.998978267368595,0.0008982710093,1.5,473.0,550.0,1094.3477,0.05122405,48.27661,962.63135,-131.71631,-1.0214834,-1.0727074,103.53224,55.25563
1.5-473-550,0.04897959184,0.09795918368,0.9811301446957078,-0.0008822221605,1.5,473.0,550.0,473.00003,0.19149548,649.85333,462.28458,-10.715454,0.045715448,-0.14578003,649.38696,-0.46636963
1.5-473-550,0.1421686747,0.2843373494,0.9895407848051817,0.0008897849218,1.5,473.0,550.0,722.7627,0.38478094,107.51288,805.78845,83.02576,-0.47195596,-0.8567369,-13.761718,-121.2746
1.5-473-550,0.04489795918,0.08979591836,0.9337895728803226,0.000839654004,1.5,473.0,550.0,473.00003,0.56754327,649.85333,446.84332,-26.156708,0.44797656,-0.11956671,664.07855,14.22522
1.5-473-550,0.3710843374,0.7421686748,0.8206166047262803,0.0007378900321,1.5,473.0,550.0,705.7284,2.1441948,126.83743,702.718,-3.010376,2.1361678,-0.008027077,274.33743,147.5
1.5-473-550,0.1722891566,0.3445783132,0.9956514833048237,0.0008952795992,1.5,473.0,550.0,941.7731,0.107485704,59.473633,1099.4944,157.72131,-0.6034066,-0.7108923,-28.907288,-88.38092
1.5-473-550,0.4673469388,0.9346938776,0.7892004020960466,0.000709640905,1.5,473.0,550.0,658.5121,1.6159961,357.57678,653.4195,-5.0925903,1.7694279,0.15343177,348.27084,-9.305939
1.5-473-550,0.1771084337,0.3542168674,0.7892004020960466,0.000709640905,1.5,473.0,550.0,533.03827,1.0795171,587.27155,499.16443,-33.87384,1.0102816,-0.06923556,640.5208,53.249268
1.5-473-550,0.3927710844,0.7855421688,0.9071317792997667,-0.0008156835895,1.5,473.0,550.0,825.63226,2.153648,74.7525,724.8563,-100.77594,1.7975225,-0.35612535,238.28798,163.53548
1.5-473-550,0.1590361445,0.318072289,0.9973789933391554,0.0008968329585,1.5,473.0,550.0,873.61884,0.07315152,67.217224,1014.2866,140.66779,-0.6217602,-0.6949117,-46.94055,-114.157776
1.5-473-550,0.2228915662,0.4457831324,0.8705746216627653,-0.0007828117684,1.5,473.0,550.0,685.7287,1.4446741,225.2843,621.3452,-64.383484,1.1230781,-0.32159603,501.5593,276.275
1.5-473-550,0.01836734691,0.03673469382,0.998978267368595,-0.0008982710093,1.5,473.0,550.0,473.00003,0.008732671,649.85333,461.61172,-11.388306,-0.09826512,-0.10699779,644.39667,-5.456665
1.5-473-550,0.002040816307,0.004081632614,0.9607232356003321,-0.0008638724772,1.5,473.0,550.0,473.00003,0.5272079,649.85333,446.93768,-26.062347,0.23585123,-0.29135668,664.4622,14.608887
1.5-473-550,0.213253012,0.426506024,0.9531521909241071,0.0008570646715,1.5,473.0,550.0,1073.4066,1.0165129,49.540527,1081.8179,8.411255,0.16116738,-0.8553455,74.90286,25.362335
1.5-473-550,0.1397590361,0.2795180722,0.22784103833049427,-0.0002048723242,1.5,473.0,550.0,483.45996,1.0955067,639.74854,483.45026,-0.00970459,1.0894765,-0.006030202,641.3041,1.555542
1.5-473-550,0.3795180723,0.7590361446,0.7098470004029654,0.0006382871403,1.5,473.0,550.0,656.4208,2.133613,366.01923,662.7093,6.288513,2.1076164,-0.025996685,360.90417,-5.1150513
1.5-473-550,0.2602409639,0.5204819278,0.9531521908128958,-0.0008570646714,1.5,473.0,550.0,997.4869,1.1397167,54.700745,1211.4207,213.93378,0.13943928,-1.0002775,97.97354,43.272797
1.5-473-550,0.06326530613,0.12653061226,0.9531521908128958,-0.0008570646714,1.5,473.0,550.0,473.00003,0.46373558,649.85333,453.58255,-19.41748,0.32033968,-0.1433959,664.91797,15.064636
1.5-473-550,0.4448979592,0.8897959184,0.9915009044774012,0.0008915474413,1.5,473.0,550.0,666.2402,0.49461648,292.2821,632.9672,-33.27295,-0.3734179,-0.86803436,367.74377,75.46167
1.5-473-550,0.1036144578,0.2072289156,0.7098470004029654,0.0006382871403,1.5,473.0,550.0,473.337,0.9746813,649.5354,467.4037,-5.933319,1.0147009,0.04001957,632.06024,-17.475159
1.5-473-550,0.4040816326,0.8081632652,0.16340484119544796,0.0001469319568,1.5,473.0,550.0,626.15485,2.1711001,449.01575,606.5122,-19.64264,2.0657432,-0.10535693,461.1897,12.17395
1.5-473-550,0.156626506,0.313253012,0.9965972946963587,0.0008961300631,1.5,473.0,550.0,852.9161,0.099771254,70.15866,989.88983,136.97375,-0.6110118,-0.71078306,-48.437103,-118.595764
1.5-473-550,0.1831325301,0.3662650602,0.9999999997775775,-0.0008991897406,1.5,473.0,550.0,1046.9093,-5.322157e-09,51.195007,1179.8922,132.98291,-0.6448596,-0.6448596,-15.138091,-66.3331
1.5-473-550,0.4693877551,0.9387755102,0.47796385156444166,0.0004297801918,1.5,473.0,550.0,656.376,1.8712511,366.20013,654.1867,-2.18927,2.144544,0.27329278,371.5332,5.333069
1.5-473-550,0.2277108433,0.4554216866,0.7525573838264147,0.0006766918789,1.5,473.0,550.0,575.8472,1.3777301,529.5054,543.264,-32.583252,1.1593825,-0.21834767,606.4771,76.97174
1.5-473-550,0.3771084338,0.7542168676,0.9215172744995802,0.0008286188792,1.5,473.0,550.0,851.8099,1.922228,70.33505,761.126,-90.6839,1.7983489,-0.123879075,178.7425,108.40744
1.5-473-550,0.1096385542,0.2192771084,0.9965972946963587,0.0008961300631,1.5,473.0,550.0,651.6798,0.14098078,385.13257,622.30646,-29.373352,-0.4300639,-0.5710447,236.17744,-148.95512
1.5-473-550,0.3168674699,0.6337349398,0.8902853187445975,0.000800535425,1.5,473.0,550.0,800.5413,1.7823572,80.085175,761.36865,-39.17267,1.8570582,0.07470095,168.71027,88.62509
1.5-473-550,0.4714285714,0.9428571428,0.9726063657286781,-0.0008745576659,1.5,473.0,550.0,658.8587,0.9791682,356.1775,579.3683,-79.49042,0.22615528,-0.7530129,447.3183,91.14081
1.5-473-550,0.3722891567,0.7445783134,0.9442484491033019,0.0008490585182,1.5,473.0,550.0,897.7762,1.6839294,64.196594,832.0485,-65.72766,1.1882807,-0.49564874,157.03392,92.837326
1.5-473-550,0.4448979592,0.8897959184,0.7525573838264147,0.0006766918789,1.5,473.0,550.0,662.1301,1.7022048,331.33173,669.0621,6.931946,1.9672661,0.26506126,331.83224,0.5005188
1.5-473-550,0.2,0.4,0.9985491866279087,0.0008978851843,1.5,473.0,550.0,1214.0121,0.033141132,42.47513,1244.3691,30.357056,-0.62275416,-0.6558953,7.403474,-35.071655
1.5-473-550,0.2373493976,0.4746987952,0.8902853188558087,-0.0008005354251,1.5,473.0,550.0,760.10175,1.5086429,94.313095,705.4029,-54.698853,1.2673346,-0.24130833,351.59836,257.28528
1.5-473-550,0.008163265274,0.016326530548,0.9915009044774012,0.0008915474413,1.5,473.0,550.0,473.00003,0.07917445,649.85333,455.5493,-17.450745,-0.01213265,-0.0913071,654.4933,4.6399536
1.5-473-550,0.1108433734,0.2216867468,0.9071317792997667,0.0008156835895,1.5,473.0,550.0,492.33264,0.76458496,630.7694,460.03583,-32.296814,0.69753325,-0.06705171,662.3986,31.629211
1.5-473-550,0.1325301204,0.2650602408,0.03282169734692774,-2.951293353e-05,1.5,473.0,550.0,479.5285,1.103321,643.6948,483.84534,4.3168335,1.1078836,0.0045626163,648.22375,4.5289307
1.5-473-550,0.1771084337,0.3542168674,0.09831793590232207,-8.84064793e-05,1.5,473.0,550.0,498.14767,1.1585935,624.8846,493.17032,-4.977356,1.1191217,-0.039471865,645.1011,20.216492
1.5-473-550,0.1759036144,0.3518072288,0.9442484491033019,0.0008490585182,1.5,473.0,550.0,643.042,0.9403808,408.30252,672.83215,29.790161,0.5533201,-0.3870607,272.62576,-135.67676
1.5-473-550,0.373493976,0.746987952,0.960723235489121,0.0008638724771,1.5,473.0,550.0,941.66736,1.4356445,59.48407,929.5959,-12.071472,0.114155464,-1.3214891,122.383224,62.899155
1.5-473-550,0.4510204082,0.9020408164,0.9956514833048237,0.0008952795992,1.5,473.0,550.0,663.414,0.2443695,319.13373,626.6899,-36.72412,-0.41039735,-0.65476686,374.5543,55.420563
1.5-473-550,0.04693877551,0.09387755102,0.9531521908128958,-0.0008570646714,1.5,473.0,550.0,473.00003,0.45347837,649.85333,450.08536,-22.914673,0.31155127,-0.1419271,664.67737,14.824036
1.5-473-550,0.2337349397,0.4674698794,0.9772248215579286,-0.000878710534,1.5,473.0,550.0,1174.1135,0.5620154,44.222015,1271.9364,97.822876,-0.35081476,-0.9128302,55.92383,11.701813
1.5-473-550,0.02653061223,0.05306122446,0.4163512326852384,0.000374378757,1.5,473.0,550.0,473.00003,1.1717925,649.85333,464.55215,-8.447876,1.0966467,-0.07514584,633.7236,-16.12976
1.5-473-550,0.4346938775,0.869387755,0.7098470004029654,0.0006382871403,1.5,473.0,550.0,663.5138,1.9365883,318.18512,670.7883,7.274536,2.0617938,0.12520552,337.21655,19.031433
1.5-473-550,0.05102040816,0.10204081632,0.8475322498919685,-0.0007620923041,1.5,473.0,550.0,473.00003,0.8225992,649.85333,450.10083,-22.8992,0.79869837,-0.023900807,646.2864,-3.5669556
1.5-473-550,0.3638554217,0.7277108434,0.8705746216627653,-0.0007828117684,1.5,473.0,550.0,773.4989,2.0523357,86.92351,731.17535,-42.323547,2.1215475,0.06921172,204.49101,117.567505
1.5-473-550,0.2807228916,0.5614457832,0.9980223152919674,0.000897411427,1.5,473.0,550.0,1190.4979,0.058479365,43.47296,1329.052,138.55408,-0.63375777,-0.69223714,51.641388,8.1684265
1.5-473-550,0.2843373494,0.5686746988,0.9985491866279087,0.0008978851843,1.5,473.0,550.0,1189.5472,0.042815086,43.514862,1327.3704,137.82312,-0.6450471,-0.6878622,51.54477,8.029907
1.5-473-550,0.2915662651,0.5831325302,0.47796385156444166,0.0004297801918,1.5,473.0,550.0,563.3182,1.5604255,549.94006,553.70593,-9.612244,1.5379502,-0.022475362,581.01074,31.070679
1.5-473-550,0.373493976,0.746987952,0.09831793589120096,8.840647929e-05,1.5,473.0,550.0,600.93506,1.9256725,491.8418,584.2654,-16.669678,1.9271762,0.001503706,503.2827,11.440918
1.5-473-550,0.06938775512,0.13877551024,0.7098470004029654,-0.0006382871403,1.5,473.0,550.0,473.00003,0.9901198,649.85333,461.55252,-11.44751,0.9967907,0.0066708922,631.2184,-18.634949
1.5-473-550,0.104819277,0.209638554,0.3542741439827602,-0.0003185596757,1.5,473.0,550.0,473.01926,1.1264834,649.8352,475.98355,2.9642944,1.0854894,-0.040994048,634.21234,-15.622864
1.5-473-550,0.1301204819,0.2602409638,0.998978267368595,0.0008982710093,1.5,473.0,550.0,748.8872,0.04498368,94.731094,778.4207,29.533508,-0.5849412,-0.6299249,-12.717803,-107.4489
1.5-473-550,0.2313253012,0.4626506024,0.6600967573005477,-0.0005935522321,1.5,473.0,550.0,547.14166,1.3657061,570.7438,527.2666,-19.875061,1.1925008,-0.17320526,625.4421,54.698303
1.5-473-550,0.2795180723,0.5590361446,0.998978267368595,0.0008982710093,1.5,473.0,550.0,1195.8116,0.02886253,43.24701,1330.8683,135.05664,-0.64250606,-0.6713686,50.756348,7.5093384
1.5-473-550,0.4489795918,0.8979591836,0.4163512323516047,-0.0003743787567,1.5,473.0,550.0,652.5446,1.9691675,381.6674,647.4714,-5.073242,2.169038,0.19987059,389.2946,7.6271973
1.5-473-550,0.2192771084,0.4385542168,0.9945113832197316,0.0008942544329,1.5,473.0,550.0,1276.7166,0.13324422,40.04416,1286.8594,10.142822,-0.57416886,-0.7074131,29.07721,-10.966949
1.5-473-550,0.4959183674,0.9918367348,0.3542741437603377,0.0003185596755,1.5,473.0,550.0,657.0318,1.9104269,363.5527,648.94244,-8.089355,2.1741533,0.26372647,375.04388,11.49118
1.5-473-550,0.2457831325,0.491566265,0.9993254186825348,-0.0008985831642,1.5,473.0,550.0,1238.7128,0.016368741,41.477356,1330.1838,91.47107,-0.62095445,-0.6373232,41.63852,0.16116333
1.5-473-550,0.2951807229,0.5903614458,0.8475322498919685,0.0007620923041,1.5,473.0,550.0,698.009,1.757946,155.84216,681.6663,-16.342651,1.7274133,-0.030532718,322.84808,167.00592
1.5-473-550,0.169879518,0.339759036,0.7892004020960466,-0.000709640905,1.5,473.0,550.0,526.8233,1.0523447,594.18256,493.444,-33.379303,1.0032442,-0.04910052,641.8488,47.66626
1.5-473-550,0.07959183676,0.15918367352,0.03282169734692774,-2.951293353e-05,1.5,473.0,550.0,473.00003,1.1884646,649.85333,476.4529,3.4528809,1.1220384,-0.06642628,649.1715,-0.68182373
1.5-473-550,0.4836734694,0.9673469388,0.8705746216627653,-0.0007828117684,1.5,473.0,550.0,657.6847,1.4910929,360.91678,622.6606,-35.02411,1.3291903,-0.16190267,402.24664,41.329865
1.5-473-550,0.08163265309,0.16326530618,0.47796385156444166,-0.0004297801918,1.5,473.0,550.0,473.00003,1.1136918,649.85333,470.572,-2.4280396,1.07695,-0.036741853,629.5821,-20.27124
1.5-473-550,0.1313253012,0.2626506024,0.7098470004029654,0.0006382871403,1.5,473.0,550.0,490.90704,0.99371445,632.2121,474.11264,-16.794403,1.0268278,0.03311336,635.3819,3.1697998
1.5-473-550,0.2771084337,0.5542168674,0.999825745120423,-0.0008990330526,1.5,473.0,550.0,1201.7467,0.0029454774,42.99475,1333.0781,131.33142,-0.6483081,-0.6512536,49.796783,6.8020325
1.5-473-550,0.2204819277,0.4409638554,0.5396442233296441,-0.0004852425493,1.5,473.0,550.0,525.9703,1.3210783,595.13104,511.30975,-14.660522,1.1573571,-0.1637212,638.02435,42.89331
1.5-473-550,0.1385542168,0.2771084336,0.16340484097302546,-0.0001469319566,1.5,473.0,550.0,482.4841,1.0989281,640.73615,483.76138,1.2772827,1.094726,-0.0042021275,643.34686,2.6107178
1.5-473-550,0.2457831325,0.491566265,0.9215172744995802,-0.0008286188792,1.5,473.0,550.0,881.7783,1.4340286,66.35156,917.0468,35.268494,1.0837833,-0.35024536,158.8096,92.45804
1.5-473-550,0.2265060241,0.4530120482,0.998978267368595,0.0008982710093,1.5,473.0,550.0,1287.7365,0.023603791,39.923004,1308.7404,21.003906,-0.6178846,-0.6414884,31.26181,-8.661194
1.5-473-550,0.1277108433,0.2554216866,0.8705746216627653,-0.0007828117684,1.5,473.0,550.0,503.66602,0.87902725,619.3,468.3936,-35.27243,0.85045755,-0.028569698,650.9608,31.660828
1.5-473-550,0.2987951807,0.5975903614,0.6021818746711394,-0.0005414757638,1.5,473.0,550.0,597.55066,1.6424328,496.529,573.3211,-24.229553,1.638976,-0.003456831,546.55457,50.025574
1.5-473-550,0.2253012048,0.4506024096,0.9956514833048237,0.0008952795992,1.5,473.0,550.0,1277.1764,0.106379025,40.02719,1300.6375,23.46106,-0.5845131,-0.69089216,32.87027,-7.1569214
1.5-473-550,0.3843373495,0.768674699,0.29146971579860803,-0.0002620865782,1.5,473.0,550.0,617.2795,2.0322838,465.31036,604.10376,-13.17572,2.0060365,-0.026247263,471.5807,6.2703247
1.5-473-550,0.3409638555,0.681927711,0.9071317792997667,-0.0008156835895,1.5,473.0,550.0,833.96136,1.8090659,73.376816,788.3904,-45.570984,1.9455925,0.13652658,120.494125,47.11731
1.5-473-550,0.1939759036,0.3879518072,0.9996041061370615,-0.0008988337571,1.5,473.0,550.0,1157.1951,0.0076999017,45.011017,1225.6869,68.49182,-0.635824,-0.64352393,-0.41165072,-45.42267
1.5-473-550,0.243373494,0.486746988,0.09831793590232207,-8.84064793e-05,1.5,473.0,550.0,517.9203,1.377591,604.08264,516.25244,-1.6678467,1.263193,-0.114398,629.70465,25.62201
1.5-473-550,0.256626506,0.513253012,0.9071317792997667,-0.0008156835895,1.5,473.0,550.0,834.905,1.5369849,73.39427,827.5371,-7.36792,1.3379792,-0.19900572,199.71535,126.321075
1.5-473-550,0.0387755102,0.0775510204,0.9215172744995802,0.0008286188792,1.5,473.0,550.0,473.00003,0.6151077,649.85333,445.6462,-27.35382,0.51181406,-0.10329366,661.9116,12.058289
1.5-473-550,0.0,0.0,0.29159210164778604,-0.0002621966263,1.5,473.0,550.0,473.00003,0.90842825,649.85333,463.63446,-9.36557,1.126656,0.2182278,641.4103,-8.443054
1.5-473-550,0.169879518,0.339759036,0.2914697156873968,0.0002620865781,1.5,473.0,550.0,497.28336,1.1337359,625.7593,490.04327,-7.240082,1.0936649,-0.04007101,641.96405,16.204773
1.5-473-550,0.1542168674,0.3084337348,0.2914697156873968,0.0002620865781,1.5,473.0,550.0,490.5268,1.1045893,632.5969,486.0579,-4.4689026,1.0869102,-0.017679095,640.7659,8.169006
1.5-473-550,0.4367346939,0.8734693878,0.9215172744995802,0.0008286188792,1.5,473.0,550.0,671.17773,1.403583,246.20749,647.68567,-23.492065,1.2073278,-0.1962552,382.91678,136.70929
1.5-473-550,0.234939759,0.469879518,0.9071317792997667,-0.0008156835895,1.5,473.0,550.0,834.11774,1.4605002,73.84651,769.2378,-64.879944,1.2339497,-0.22655058,261.178,187.3315
1.5-473-550,0.386746988,0.773493976,0.9337895728803226,0.000839654004,1.5,473.0,550.0,869.3478,1.905929,67.82172,745.8598,-123.487976,1.4911726,-0.41475642,229.25641,161.4347
1.5-473-550,0.1746987951,0.3493975902,0.7525573838264147,0.0006766918789,1.5,473.0,550.0,524.6833,1.0821618,596.56226,493.72586,-30.957428,1.0322405,-0.049921274,641.31445,44.752197
1.5-473-550,0.07142857145,0.1428571429,0.9531521908128958,-0.0008570646714,1.5,473.0,550.0,473.00003,0.4637449,649.85333,456.04715,-16.95288,0.32464194,-0.13910297,664.808,14.954651
1.5-473-550,0.3397590362,0.6795180724,0.7892004020960466,0.000709640905,1.5,473.0,550.0,664.4857,1.9283947,301.8951,667.3976,2.9118652,2.0290616,0.10066688,343.74988,41.854767
1.5-473-550,0.4795918368,0.9591836736,0.22784103821928303,0.0002048723241,1.5,473.0,550.0,656.1625,1.9556731,367.06198,641.6141,-14.548401,2.220343,0.26467,391.2641,24.202118
1.5-473-550,0.01224489793,0.02448979586,0.29146971579860803,-0.0002620865782,1.5,473.0,550.0,473.00003,1.1212513,649.85333,465.03152,-7.968506,1.1231261,0.0018748045,639.8254,-10.027954
1.5-473-550,0.2734939759,0.5469879518,0.9996041060258503,-0.000898833757,1.5,473.0,550.0,1204.5723,0.009499067,42.874664,1334.2878,129.71558,-0.6415039,-0.65100294,49.43518,6.5605164
1.5-473-550,0.256626506,0.513253012,0.9993254186825348,-0.0008985831642,1.5,473.0,550.0,1220.3088,0.016945655,42.207092,1334.9614,114.65259,-0.62475175,-0.6416974,45.66696,3.4598694
1.5-473-550,0.2024096385,0.404819277,0.9931416465066502,-0.0008930227797,1.5,473.0,550.0,1206.1521,0.1698829,42.807526,1237.2035,31.051392,-0.5654234,-0.7353063,13.449922,-29.357605
1.5-473-550,0.1626506024,0.3253012048,0.9956514833048237,0.0008952795992,1.5,473.0,550.0,884.5702,0.11712133,65.765564,1031.3424,146.77222,-0.60281724,-0.7199386,-41.68387,-107.44943
1.5-473-550,0.09999999702,0.19999999404,0.6024353944675255,0.0005417037262,1.5,473.0,550.0,473.0005,1.0565512,649.85284,470.4565,-2.5439758,1.052794,-0.0037572384,629.35297,-20.499878
1.5-473-550,0.03469387754,0.06938775508,0.47796385156444166,0.0004297801918,1.5,473.0,550.0,473.00003,1.1371539,649.85333,464.3746,-8.625427,1.0817366,-0.0554173,631.4547,-18.39862
1.5-473-550,0.1963855422,0.3927710844,0.9945113832197316,0.0008942544329,1.5,473.0,550.0,1149.9622,0.13562953,45.36084,1219.253,69.29089,-0.58270806,-0.7183376,5.370393,-39.990448
1.5-473-550,0.4897959184,0.9795918368,0.3542741437603377,0.0003185596755,1.5,473.0,550.0,656.9013,1.9122702,364.0794,649.17676,-7.7245483,2.179865,0.2675947,376.8479,12.768494
1.5-473-550,0.2156626506,0.4313253012,0.8206166047262803,-0.0007378900321,1.5,473.0,550.0,599.04987,1.3413504,493.71143,557.4351,-41.614746,1.0784038,-0.2629466,591.32263,97.611206
1.5-473-550,0.5,1.0,0.9671738090853449,0.0008696727667,1.5,473.0,550.0,657.3674,1.0758765,362.198,561.54803,-95.819336,0.3442183,-0.73165816,468.6898,106.49179
1.5-473-550,0.4387755102,0.8775510204,0.9844268823757469,0.0008851865532,1.5,473.0,550.0,670.65314,0.81164294,250.924,633.3566,-37.29651,-0.24642092,-1.0580639,369.08148,118.157486
1.5-473-550,0.2060240964,0.4120481928,0.8705746216627653,-0.0007828117684,1.5,473.0,550.0,631.0558,1.2883588,434.38077,577.35046,-53.705322,1.013445,-0.2749138,570.0895,135.70871
1.5-473-550,0.3108433735,0.621686747,0.6021818746711394,-0.0005414757638,1.5,473.0,550.0,606.3416,1.6983615,483.11298,583.4341,-22.907532,1.7242084,0.025846839,524.3942,41.28125
1.5-473-550,0.2626506024,0.5253012048,0.4163512326852384,0.000374378757,1.5,473.0,550.0,533.4462,1.4400598,586.8178,531.2687,-2.1775513,1.3426019,-0.097457886,617.27216,30.454346
1.5-473-550,0.0102040816,0.0204081632,0.9945113832197316,-0.0008942544329,1.5,473.0,550.0,473.00003,0.05002212,649.85333,457.21054,-15.78949,-0.0423047,-0.09232682,651.83344,1.9801025
1.5-473-550,0.343373494,0.686746988,0.8705746216627653,-0.0007828117684,1.5,473.0,550.0,768.4728,1.9415839,88.66145,727.08734,-41.385437,2.080431,0.13884711,201.38477,112.72331
1.5-473-550,0.256626506,0.513253012,0.9996041061370615,-0.0008988337571,1.5,473.0,550.0,1221.4722,0.009031946,42.160645,1335.3236,113.85144,-0.62758416,-0.6366161,45.445923,3.2852783
1.5-473-550,0.4102040816,0.8204081632,0.9726063657286781,0.0008745576659,1.5,473.0,550.0,768.9292,1.3560029,87.925186,708.13824,-60.790955,-0.16648346,-1.5224864,288.26846,200.34328
1.5-473-550,0.1759036144,0.3518072288,0.9956514833048237,-0.0008952795992,1.5,473.0,550.0,968.4653,0.10448717,57.048584,1122.1962,153.7309,-0.602642,-0.7071292,-23.666931,-80.715515
1.5-473-550,0.04693877551,0.09387755102,0.9999999997775775,0.0008991897406,1.5,473.0,550.0,473.00003,-5.322157e-09,649.85333,476.9609,3.9608765,-0.17438585,-0.17438585,616.6716,-33.181763
1.5-473-550,0.01836734691,0.03673469382,0.9531521909241071,0.0008570646715,1.5,473.0,550.0,473.00003,0.42382088,649.85333,446.84268,-26.157349,0.29579186,-0.12802902,664.402,14.548645
1.5-473-550,0.05714285715,0.1142857143,0.9531521909241071,0.0008570646715,1.5,473.0,550.0,473.00003,0.46206552,649.85333,452.07614,-20.92389,0.31707388,-0.14499164,664.86664,15.013306
1.5-473-550,0.1662650602,0.3325301204,0.7525573838264147,-0.0006766918789,1.5,473.0,550.0,518.375,1.0537459,603.5771,488.5248,-29.85019,1.0252404,-0.028505445,641.45874,37.881653
1.5-473-550,0.1144578313,0.2289156626,0.9772248215579286,0.000878710534,1.5,473.0,550.0,557.3905,0.49042773,557.577,550.34784,-7.0426636,-0.041661922,-0.53208965,474.1916,-83.38544
1.5-473-550,0.1650602409,0.3301204818,0.09831793589120096,8.840647929e-05,1.5,473.0,550.0,493.3558,1.1312753,629.73395,490.05737,-3.2984314,1.109748,-0.02152729,645.6062,15.872253
1.5-473-550,0.4244897959,0.8489795918,0.9872047710533666,-0.0008876844022,1.5,473.0,550.0,698.2108,0.8056949,129.3283,694.43915,-3.7716675,-0.5050053,-1.3107002,299.80258,170.47429
1.5-473-550,0.09183673473,0.18367346946,0.03282169734692774,-2.951293353e-05,1.5,473.0,550.0,473.00003,1.188328,649.85333,477.8871,4.8870544,1.1166873,-0.07164073,648.8039,-1.0494385
1.5-473-550,0.2518072289,0.5036144578,0.9726063657286781,0.0008745576659,1.5,473.0,550.0,1098.6698,0.7382182,48.033936,1281.1713,182.50146,-0.27320057,-1.0114188,70.80603,22.772095
1.5-473-550,0.2036144577,0.4072289154,0.9985491866279087,0.0008978851843,1.5,473.0,550.0,1231.519,0.03548115,41.76245,1256.002,24.48291,-0.6211931,-0.65667427,11.450471,-30.311981
1.5-473-550,0.2168674699,0.4337349398,0.6600967573005477,0.0005935522321,1.5,473.0,550.0,537.27484,1.3111933,582.5195,516.11,-21.164856,1.1358505,-0.1753428,634.19855,51.679077
1.5-473-550,0.3843373495,0.768674699,0.5396442233296441,0.0004852425493,1.5,473.0,550.0,636.85944,2.097892,426.44745,630.5994,-6.26001,2.0647745,-0.033117533,424.4854,-1.9620361
1.5-473-550,0.3325301205,0.665060241,0.9895407848051817,-0.0008897849218,1.5,473.0,550.0,1109.8273,0.38266402,47.422913,1238.9974,129.17017,-0.65446526,-1.0371293,53.956177,6.533264
1.5-473-550,0.08571428574,0.17142857148,0.9985491866279087,0.0008978851843,1.5,473.0,550.0,473.00003,0.014116162,649.85333,534.6488,61.648773,-0.31212097,-0.32623714,478.54413,-171.3092
1.5-473-550,0.213253012,0.426506024,0.6021818746711394,-0.0005414757638,1.5,473.0,550.0,528.7791,1.2949865,592.0076,509.63483,-19.144287,1.1321455,-0.16284096,638.50696,46.49933
1.5-473-550,0.08163265309,0.16326530618,0.9895407848051817,-0.0008897849218,1.5,473.0,550.0,473.00003,0.107857816,649.85333,502.3396,29.33957,-0.1369192,-0.24477702,572.37195,-77.481384
1.5-473-550,0.3361445784,0.6722891568,0.16340484097302546,-0.0001469319566,1.5,473.0,550.0,565.9715,1.6927549,546.46857,565.0055,-0.9660034,1.7375532,0.044798374,546.53845,0.069885254
1.5-473-550,0.3361445784,0.6722891568,0.9945113832197316,0.0008942544329,1.5,473.0,550.0,1130.9855,0.20360297,46.296417,1237.1661,106.180664,-0.73996395,-0.9435669,50.46939,4.1729736
1.5-473-550,0.2614457831,0.5228915662,0.3542741439827602,-0.0003185596757,1.5,473.0,550.0,528.7088,1.4310976,592.0859,528.4926,-0.21618652,1.3305532,-0.10054445,619.4468,27.3609
